  0
SECTION
  2
HEADER
  9
$ACADVER
  1
AC1024
  9
$ACADMAINTVER
 70
     6
  9
$DWGCODEPAGE
  3
MAC-ROMAN
  9
$INSBASE
 10
0.0
 20
0.0
 30
0.0
  9
$EXTMIN
 10
1.000000000000000E+20
 20
1.000000000000000E+20
 30
1.000000000000000E+20
  9
$EXTMAX
 10
-1.000000000000000E+20
 20
-1.000000000000000E+20
 30
-1.000000000000000E+20
  9
$LIMMIN
 10
0.0
 20
0.0
  9
$LIMMAX
 10
420.0
 20
297.0
  9
$ORTHOMODE
 70
     0
  9
$REGENMODE
 70
     1
  9
$FILLMODE
 70
     1
  9
$QTEXTMODE
 70
     0
  9
$MIRRTEXT
 70
     1
  9
$LTSCALE
 40
1.0
  9
$ATTMODE
 70
     1
  9
$TEXTSIZE
 40
2.5
  9
$TRACEWID
 40
1.0
  9
$TEXTSTYLE
  7
Standard
  9
$CLAYER
  8
0
  9
$CELTYPE
  6
ByLayer
  9
$CECOLOR
 62
   256
  9
$CELTSCALE
 40
1.0
  9
$DISPSILH
 70
     0
  9
$DIMSCALE
 40
1.0
  9
$DIMASZ
 40
2.5
  9
$DIMEXO
 40
0.625
  9
$DIMDLI
 40
3.75
  9
$DIMRND
 40
0.01
  9
$DIMDLE
 40
0.0
  9
$DIMEXE
 40
1.25
  9
$DIMTP
 40
0.0
  9
$DIMTM
 40
0.0
  9
$DIMTXT
 40
2.5
  9
$DIMCEN
 40
2.5
  9
$DIMTSZ
 40
0.0
  9
$DIMTOL
 70
     0
  9
$DIMLIM
 70
     0
  9
$DIMTIH
 70
     0
  9
$DIMTOH
 70
     0
  9
$DIMSE1
 70
     0
  9
$DIMSE2
 70
     0
  9
$DIMTAD
 70
     1
  9
$DIMZIN
 70
     8
  9
$DIMBLK
  1

  9
$DIMASO
 70
     1
  9
$DIMSHO
 70
     1
  9
$DIMPOST
  1

  9
$DIMAPOST
  1

  9
$DIMALT
 70
     0
  9
$DIMALTD
 70
     3
  9
$DIMALTF
 40
0.0393700787401575
  9
$DIMLFAC
 40
1.0
  9
$DIMTOFL
 70
     1
  9
$DIMTVP
 40
0.0
  9
$DIMTIX
 70
     0
  9
$DIMSOXD
 70
     0
  9
$DIMSAH
 70
     0
  9
$DIMBLK1
  1

  9
$DIMBLK2
  1

  9
$DIMSTYLE
  2
ISO-25
  9
$DIMCLRD
 70
     0
  9
$DIMCLRE
 70
     0
  9
$DIMCLRT
 70
     0
  9
$DIMTFAC
 40
1.0
  9
$DIMGAP
 40
0.7
  9
$DIMJUST
 70
     0
  9
$DIMSD1
 70
     0
  9
$DIMSD2
 70
     0
  9
$DIMTOLJ
 70
     0
  9
$DIMTZIN
 70
     8
  9
$DIMALTZ
 70
     0
  9
$DIMALTTZ
 70
     0
  9
$DIMUPT
 70
     0
  9
$DIMDEC
 70
     2
  9
$DIMTDEC
 70
     2
  9
$DIMALTU
 70
     2
  9
$DIMALTTD
 70
     3
  9
$DIMTXSTY
  7
Standard
  9
$DIMAUNIT
 70
     0
  9
$DIMADEC
 70
     2
  9
$DIMALTRND
 40
0.0
  9
$DIMAZIN
 70
     0
  9
$DIMDSEP
 70
    44
  9
$DIMATFIT
 70
     3
  9
$DIMFRAC
 70
     2
  9
$DIMLDRBLK
  1

  9
$DIMLUNIT
 70
     2
  9
$DIMLWD
 70
    15
  9
$DIMLWE
 70
    15
  9
$DIMTMOVE
 70
     0
  9
$DIMFXL
 40
1.0
  9
$DIMFXLON
 70
     0
  9
$DIMJOGANG
 40
0.7853981633974483
  9
$DIMTFILL
 70
     0
  9
$DIMTFILLCLR
 70
     0
  9
$DIMARCSYM
 70
     0
  9
$DIMLTYPE
  6

  9
$DIMLTEX1
  6

  9
$DIMLTEX2
  6

  9
$DIMTXTDIRECTION
 70
     0
  9
$LUNITS
 70
     2
  9
$LUPREC
 70
     4
  9
$SKETCHINC
 40
1.0
  9
$FILLETRAD
 40
0.0
  9
$AUNITS
 70
     0
  9
$AUPREC
 70
     0
  9
$MENU
  1
.
  9
$ELEVATION
 40
0.0
  9
$PELEVATION
 40
0.0
  9
$THICKNESS
 40
0.0
  9
$LIMCHECK
 70
     0
  9
$CHAMFERA
 40
0.0
  9
$CHAMFERB
 40
0.0
  9
$CHAMFERC
 40
0.0
  9
$CHAMFERD
 40
0.0
  9
$SKPOLY
 70
     0
  9
$TDCREATE
 40
2461283.575932848
  9
$TDUCREATE
 40
2461283.909266181
  9
$TDUPDATE
 40
2461283.575933113
  9
$TDUUPDATE
 40
2461283.909266447
  9
$TDINDWG
 40
0.0000000116
  9
$TDUSRTIMER
 40
0.0000000116
  9
$USRTIMER
 70
     1
  9
$ANGBASE
 50
0.0
  9
$ANGDIR
 70
     0
  9
$PDMODE
 70
     0
  9
$PDSIZE
 40
0.0
  9
$PLINEWID
 40
0.0
  9
$SPLFRAME
 70
     0
  9
$SPLINETYPE
 70
     6
  9
$SPLINESEGS
 70
     8
  9
$HANDSEED
  5
4A2
  9
$SURFTAB1
 70
     6
  9
$SURFTAB2
 70
     6
  9
$SURFTYPE
 70
     6
  9
$SURFU
 70
     6
  9
$SURFV
 70
     6
  9
$UCSBASE
  2

  9
$UCSNAME
  2

  9
$UCSORG
 10
0.0
 20
0.0
 30
0.0
  9
$UCSXDIR
 10
1.0
 20
0.0
 30
0.0
  9
$UCSYDIR
 10
0.0
 20
1.0
 30
0.0
  9
$UCSORTHOREF
  2

  9
$UCSORTHOVIEW
 70
     0
  9
$UCSORGTOP
 10
0.0
 20
0.0
 30
0.0
  9
$UCSORGBOTTOM
 10
0.0
 20
0.0
 30
0.0
  9
$UCSORGLEFT
 10
0.0
 20
0.0
 30
0.0
  9
$UCSORGRIGHT
 10
0.0
 20
0.0
 30
0.0
  9
$UCSORGFRONT
 10
0.0
 20
0.0
 30
0.0
  9
$UCSORGBACK
 10
0.0
 20
0.0
 30
0.0
  9
$PUCSBASE
  2

  9
$PUCSNAME
  2

  9
$PUCSORG
 10
0.0
 20
0.0
 30
0.0
  9
$PUCSXDIR
 10
1.0
 20
0.0
 30
0.0
  9
$PUCSYDIR
 10
0.0
 20
1.0
 30
0.0
  9
$PUCSORTHOREF
  2

  9
$PUCSORTHOVIEW
 70
     0
  9
$PUCSORGTOP
 10
0.0
 20
0.0
 30
0.0
  9
$PUCSORGBOTTOM
 10
0.0
 20
0.0
 30
0.0
  9
$PUCSORGLEFT
 10
0.0
 20
0.0
 30
0.0
  9
$PUCSORGRIGHT
 10
0.0
 20
0.0
 30
0.0
  9
$PUCSORGFRONT
 10
0.0
 20
0.0
 30
0.0
  9
$PUCSORGBACK
 10
0.0
 20
0.0
 30
0.0
  9
$USERI1
 70
     0
  9
$USERI2
 70
     0
  9
$USERI3
 70
     0
  9
$USERI4
 70
     0
  9
$USERI5
 70
     0
  9
$USERR1
 40
0.0
  9
$USERR2
 40
0.0
  9
$USERR3
 40
0.0
  9
$USERR4
 40
0.0
  9
$USERR5
 40
0.0
  9
$WORLDVIEW
 70
     1
  9
$SHADEDGE
 70
     3
  9
$SHADEDIF
 70
    70
  9
$TILEMODE
 70
     0
  9
$MAXACTVP
 70
    64
  9
$PINSBASE
 10
0.0
 20
0.0
 30
0.0
  9
$PLIMCHECK
 70
     0
  9
$PEXTMIN
 10
0.0
 20
0.0
 30
0.0
  9
$PEXTMAX
 10
0.0
 20
0.0
 30
0.0
  9
$PLIMMIN
 10
-20.0
 20
-7.5
  9
$PLIMMAX
 10
277.0
 20
202.5
  9
$UNITMODE
 70
     0
  9
$VISRETAIN
 70
     1
  9
$PLINEGEN
 70
     0
  9
$PSLTSCALE
 70
     1
  9
$TREEDEPTH
 70
  3020
  9
$CMLSTYLE
  2
Standard
  9
$CMLJUST
 70
     0
  9
$CMLSCALE
 40
20.0
  9
$PROXYGRAPHICS
 70
     1
  9
$MEASUREMENT
 70
     1
  9
$CELWEIGHT
370
    -1
  9
$ENDCAPS
280
     0
  9
$JOINSTYLE
280
     0
  9
$LWDISPLAY
290
     0
  9
$INSUNITS
 70
     4
  9
$HYPERLINKBASE
  1

  9
$STYLESHEET
  1

  9
$XEDIT
290
     1
  9
$CEPSNTYPE
380
     0
  9
$PSTYLEMODE
290
     1
  9
$FINGERPRINTGUID
  2
{706b7aaf-718a-ad44-8342-4fcce0bbd1ec}
  9
$VERSIONGUID
  2
{FAEB1C32-E019-11D5-929B-00C0DF256EC4}
  9
$EXTNAMES
290
     1
  9
$PSVPSCALE
 40
0.0
  9
$OLESTARTUP
290
     0
  9
$SORTENTS
280
   127
  9
$INDEXCTL
280
     0
  9
$HIDETEXT
280
     1
  9
$XCLIPFRAME
280
     2
  9
$HALOGAP
280
     0
  9
$OBSCOLOR
 70
   257
  9
$OBSLTYPE
280
     0
  9
$INTERSECTIONDISPLAY
280
     0
  9
$INTERSECTIONCOLOR
 70
   257
  9
$DIMASSOC
280
     2
  9
$PROJECTNAME
  1

  9
$CAMERADISPLAY
290
     0
  9
$LENSLENGTH
 40
50.0
  9
$CAMERAHEIGHT
 40
0.0
  9
$STEPSPERSEC
 40
2.0
  9
$STEPSIZE
 40
6.0
  9
$3DDWFPREC
 40
2.0
  9
$PSOLWIDTH
 40
5.0
  9
$PSOLHEIGHT
 40
80.0
  9
$LOFTANG1
 40
1.570796326794897
  9
$LOFTANG2
 40
1.570796326794897
  9
$LOFTMAG1
 40
0.0
  9
$LOFTMAG2
 40
0.0
  9
$LOFTPARAM
 70
     7
  9
$LOFTNORMALS
280
     1
  9
$LATITUDE
 40
37.795
  9
$LONGITUDE
 40
-122.394
  9
$NORTHDIRECTION
 40
0.0
  9
$TIMEZONE
 70
 -8000
  9
$LIGHTGLYPHDISPLAY
280
     1
  9
$TILEMODELIGHTSYNCH
280
     1
  9
$CMATERIAL
347
44
  9
$SOLIDHIST
280
     0
  9
$SHOWHIST
280
     1
  9
$DWFFRAME
280
     2
  9
$DGNFRAME
280
     2
  9
$REALWORLDSCALE
290
     1
  9
$INTERFERECOLOR
 62
   256
  9
$CSHADOW
280
     0
  9
$SHADOWPLANELOCATION
 40
0.0
  0
ENDSEC
  0
SECTION
  2
CLASSES
  0
CLASS
  1
ACDBDICTIONARYWDFLT
  2
AcDbDictionaryWithDefault
  3
ObjectDBX Classes
 90
        0
 91
        3
280
     0
281
     0
  0
CLASS
  1
VISUALSTYLE
  2
AcDbVisualStyle
  3
ObjectDBX Classes
 90
     4095
 91
        3
280
     0
281
     0
  0
CLASS
  1
MATERIAL
  2
AcDbMaterial
  3
ObjectDBX Classes
 90
     1153
 91
        3
280
     0
281
     0
  0
CLASS
  1
SCALE
  2
AcDbScale
  3
ObjectDBX Classes
 90
     1153
 91
        3
280
     0
281
     0
  0
CLASS
  1
TABLESTYLE
  2
AcDbTableStyle
  3
ObjectDBX Classes
 90
     4095
 91
        3
280
     0
281
     0
  0
CLASS
  1
MLEADERSTYLE
  2
AcDbMLeaderStyle
  3
ACDB_MLEADERSTYLE_CLASS
 90
     4095
 91
        3
280
     0
281
     0
  0
CLASS
  1
SUN
  2
AcDbSun
  3
SCENEOE
 90
     1153
 91
        3
280
     0
281
     0
  0
CLASS
  1
DICTIONARYVAR
  2
AcDbDictionaryVar
  3
ObjectDBX Classes
 90
        0
 91
        3
280
     0
281
     0
  0
CLASS
  1
CELLSTYLEMAP
  2
AcDbCellStyleMap
  3
ObjectDBX Classes
 90
     1152
 91
        3
280
     0
281
     0
  0
ENDSEC
  0
SECTION
  2
TABLES
  0
TABLE
  2
VPORT
  5
8
330
0
100
AcDbSymbolTable
 70
     1
  0
VPORT
  5
29
330
8
100
AcDbSymbolTableRecord
100
AcDbViewportTableRecord
  2
*Active
 70
     0
 10
0.0
 20
0.0
 11
1.0
 21
1.0
 12
210.0
 22
148.5
 13
0.0
 23
0.0
 14
10.0
 24
10.0
 15
10.0
 25
10.0
 16
0.0
 26
0.0
 36
1.0
 17
0.0
 27
0.0
 37
0.0
 40
297.0
 41
1.414141414141414
 42
50.0
 43
0.0
 44
0.0
 50
0.0
 51
0.0
 71
     0
 72
   100
 73
     1
 74
     3
 75
     0
 76
     0
 77
     0
 78
     0
281
     0
 65
     1
110
0.0
120
0.0
130
0.0
111
1.0
121
0.0
131
0.0
112
0.0
122
1.0
132
0.0
 79
     0
146
0.0
348
2F
 60
     3
 61
     5
292
     1
282
     1
141
0.0
142
0.0
 63
   250
361
5D
  0
ENDTAB
  0
TABLE
  2
LTYPE
  5
5
330
0
100
AcDbSymbolTable
 70
     6
  0
LTYPE
  5
14
330
5
100
AcDbSymbolTableRecord
100
AcDbLinetypeTableRecord
  2
ByBlock
 70
     0
  3

 72
    65
 73
     0
 40
0.0
  0
LTYPE
  5
15
330
5
100
AcDbSymbolTableRecord
100
AcDbLinetypeTableRecord
  2
ByLayer
 70
     0
  3

 72
    65
 73
     0
 40
0.0
  0
LTYPE
  5
16
330
5
100
AcDbSymbolTableRecord
100
AcDbLinetypeTableRecord
  2
Continuous
 70
     0
  3
Solid line
 72
    65
 73
     0
 40
0.0
  0
LTYPE
  5
61
330
5
100
AcDbSymbolTableRecord
100
AcDbLinetypeTableRecord
  2
CenterLine
 70
     0
  3

 72
    65
 73
     4
 40
8.0
 49
5.0
 74
     0
 49
-1.0
 74
     0
 49
1.0
 74
     0
 49
-1.0
 74
     0
  0
LTYPE
  5
62
330
5
100
AcDbSymbolTableRecord
100
AcDbLinetypeTableRecord
  2
DraftedLine
 70
     0
  3

 72
    65
 73
     2
 40
3.0
 49
2.0
 74
     0
 49
-1.0
 74
     0
  0
LTYPE
  5
63
330
5
100
AcDbSymbolTableRecord
100
AcDbLinetypeTableRecord
  2
SectionLineISO
 70
     0
  3

 72
    65
 73
     5
 40
13.75833333333342
 49
4.23333333333336
 74
     0
 49
-2.11666666666668
 74
     0
 49
1.05833333333334
 74
     0
 49
-2.11666666666668
 74
     0
 49
4.23333333333336
 74
     0
  0
LTYPE
  5
64
330
5
100
AcDbSymbolTableRecord
100
AcDbLinetypeTableRecord
  2
SectionLineANSI
 70
     0
  3

 72
    65
 73
     7
 40
11.99444444444452
 49
4.23333333333336
 74
     0
 49
-1.05833333333334
 74
     0
 49
0.17638888888889
 74
     0
 49
-1.05833333333334
 74
     0
 49
0.17638888888889
 74
     0
 49
-1.05833333333334
 74
     0
 49
4.23333333333336
 74
     0
  0
LTYPE
  5
65
330
5
100
AcDbSymbolTableRecord
100
AcDbLinetypeTableRecord
  2
DetailCircleISO
 70
     0
  3

 72
    65
 73
     5
 40
13.75833333333342
 49
4.23333333333336
 74
     0
 49
-2.11666666666668
 74
     0
 49
1.05833333333334
 74
     0
 49
-2.11666666666668
 74
     0
 49
4.23333333333336
 74
     0
  0
ENDTAB
  0
TABLE
  2
LAYER
  5
2
330
0
100
AcDbSymbolTable
 70
     5
  0
LAYER
  5
10
330
2
100
AcDbSymbolTableRecord
100
AcDbLayerTableRecord
  2
0
 70
     0
 62
     7
  6
Continuous
370
    -3
390
F
347
46
  0
LAYER
  5
5E
330
2
100
AcDbSymbolTableRecord
100
AcDbLayerTableRecord
  2
Geometries
 70
     0
 62
     7
  6
Continuous
370
    -3
390
F
347
46
  0
LAYER
  5
5F
330
2
100
AcDbSymbolTableRecord
100
AcDbLayerTableRecord
  2
Annotations
 70
     0
 62
     7
  6
Continuous
370
    -3
390
F
347
46
  0
LAYER
  5
60
330
2
100
AcDbSymbolTableRecord
100
AcDbLayerTableRecord
  2
Border
 70
     0
 62
     7
  6
Continuous
370
    -3
390
F
347
46
  0
LAYER
  5
28E
330
2
100
AcDbSymbolTableRecord
100
AcDbLayerTableRecord
  2
Defpoints
 70
     0
 62
     7
  6
Continuous
290
     0
370
    -3
390
F
347
46
  0
ENDTAB
  0
TABLE
  2
STYLE
  5
3
330
0
100
AcDbSymbolTable
 70
    73
  0
STYLE
  5
11
330
3
100
AcDbSymbolTableRecord
100
AcDbTextStyleTableRecord
  2
Standard
 70
     0
 40
0.0
 41
1.0
 50
0.0
 71
     0
 42
2.5
  3
txt
  4

  0
STYLE
  5
66
330
3
100
AcDbSymbolTableRecord
100
AcDbTextStyleTableRecord
  2
Shapr0
 70
     0
 40
3.3495
 41
1.0
 50
0.0
 71
     0
 42
2.5
  3

  4

  0
STYLE
  5
67
330
3
100
AcDbSymbolTableRecord
100
AcDbTextStyleTableRecord
  2
Shapr1
 70
     0
 40
3.3495
 41
1.0
 50
0.0
 71
     0
 42
2.5
  3

  4

  0
STYLE
  5
68
330
3
100
AcDbSymbolTableRecord
100
AcDbTextStyleTableRecord
  2
Shapr2
 70
     0
 40
3.3495
 41
1.0
 50
0.0
 71
     0
 42
2.5
  3

  4

  0
STYLE
  5
69
330
3
100
AcDbSymbolTableRecord
100
AcDbTextStyleTableRecord
  2
Shapr3
 70
     0
 40
3.3495
 41
1.0
 50
0.0
 71
     0
 42
2.5
  3

  4

  0
STYLE
  5
6A
330
3
100
AcDbSymbolTableRecord
100
AcDbTextStyleTableRecord
  2
Shapr4
 70
     0
 40
3.3495
 41
1.0
 50
0.0
 71
     0
 42
2.5
  3

  4

  0
STYLE
  5
6B
330
3
100
AcDbSymbolTableRecord
100
AcDbTextStyleTableRecord
  2
Shapr5
 70
     0
 40
3.3495
 41
1.0
 50
0.0
 71
     0
 42
2.5
  3

  4

  0
STYLE
  5
6C
330
3
100
AcDbSymbolTableRecord
100
AcDbTextStyleTableRecord
  2
Shapr6
 70
     0
 40
3.3495
 41
1.0
 50
0.0
 71
     0
 42
2.5
  3

  4

  0
STYLE
  5
6D
330
3
100
AcDbSymbolTableRecord
100
AcDbTextStyleTableRecord
  2
Shapr7
 70
     0
 40
3.3495
 41
1.0
 50
0.0
 71
     0
 42
2.5
  3

  4

  0
STYLE
  5
6E
330
3
100
AcDbSymbolTableRecord
100
AcDbTextStyleTableRecord
  2
Shapr8
 70
     0
 40
3.3495
 41
1.0
 50
0.0
 71
     0
 42
2.5
  3

  4

  0
STYLE
  5
6F
330
3
100
AcDbSymbolTableRecord
100
AcDbTextStyleTableRecord
  2
Shapr9
 70
     0
 40
3.3495
 41
1.0
 50
0.0
 71
     0
 42
2.5
  3

  4

  0
STYLE
  5
70
330
3
100
AcDbSymbolTableRecord
100
AcDbTextStyleTableRecord
  2
Shapr10
 70
     0
 40
3.3495
 41
1.0
 50
0.0
 71
     0
 42
2.5
  3

  4

  0
STYLE
  5
71
330
3
100
AcDbSymbolTableRecord
100
AcDbTextStyleTableRecord
  2
Shapr11
 70
     0
 40
3.3495
 41
1.0
 50
0.0
 71
     0
 42
2.5
  3

  4

  0
STYLE
  5
72
330
3
100
AcDbSymbolTableRecord
100
AcDbTextStyleTableRecord
  2
Shapr12
 70
     0
 40
3.3495
 41
1.0
 50
0.0
 71
     0
 42
2.5
  3

  4

  0
STYLE
  5
73
330
3
100
AcDbSymbolTableRecord
100
AcDbTextStyleTableRecord
  2
Shapr13
 70
     0
 40
3.3495
 41
1.0
 50
0.0
 71
     0
 42
2.5
  3

  4

  0
STYLE
  5
74
330
3
100
AcDbSymbolTableRecord
100
AcDbTextStyleTableRecord
  2
Shapr14
 70
     0
 40
3.3495
 41
1.0
 50
0.0
 71
     0
 42
2.5
  3

  4

  0
STYLE
  5
75
330
3
100
AcDbSymbolTableRecord
100
AcDbTextStyleTableRecord
  2
Shapr15
 70
     0
 40
3.3495
 41
1.0
 50
0.0
 71
     0
 42
2.5
  3

  4

  0
STYLE
  5
76
330
3
100
AcDbSymbolTableRecord
100
AcDbTextStyleTableRecord
  2
Shapr16
 70
     0
 40
3.3495
 41
1.0
 50
0.0
 71
     0
 42
2.5
  3

  4

  0
STYLE
  5
77
330
3
100
AcDbSymbolTableRecord
100
AcDbTextStyleTableRecord
  2
Shapr17
 70
     0
 40
3.3495
 41
1.0
 50
0.0
 71
     0
 42
2.5
  3

  4

  0
STYLE
  5
78
330
3
100
AcDbSymbolTableRecord
100
AcDbTextStyleTableRecord
  2
Shapr18
 70
     0
 40
3.3495
 41
1.0
 50
0.0
 71
     0
 42
2.5
  3

  4

  0
STYLE
  5
79
330
3
100
AcDbSymbolTableRecord
100
AcDbTextStyleTableRecord
  2
Shapr19
 70
     0
 40
3.3495
 41
1.0
 50
0.0
 71
     0
 42
2.5
  3

  4

  0
STYLE
  5
7A
330
3
100
AcDbSymbolTableRecord
100
AcDbTextStyleTableRecord
  2
Shapr20
 70
     0
 40
3.3495
 41
1.0
 50
0.0
 71
     0
 42
2.5
  3

  4

  0
STYLE
  5
7B
330
3
100
AcDbSymbolTableRecord
100
AcDbTextStyleTableRecord
  2
Shapr21
 70
     0
 40
3.3495
 41
1.0
 50
0.0
 71
     0
 42
2.5
  3

  4

  0
STYLE
  5
7C
330
3
100
AcDbSymbolTableRecord
100
AcDbTextStyleTableRecord
  2
Shapr22
 70
     0
 40
3.3495
 41
1.0
 50
0.0
 71
     0
 42
2.5
  3

  4

  0
STYLE
  5
7D
330
3
100
AcDbSymbolTableRecord
100
AcDbTextStyleTableRecord
  2
Shapr23
 70
     0
 40
3.3495
 41
1.0
 50
0.0
 71
     0
 42
2.5
  3

  4

  0
STYLE
  5
7E
330
3
100
AcDbSymbolTableRecord
100
AcDbTextStyleTableRecord
  2
Shapr24
 70
     0
 40
3.3495
 41
1.0
 50
0.0
 71
     0
 42
2.5
  3

  4

  0
STYLE
  5
7F
330
3
100
AcDbSymbolTableRecord
100
AcDbTextStyleTableRecord
  2
Shapr25
 70
     0
 40
3.3495
 41
1.0
 50
0.0
 71
     0
 42
2.5
  3

  4

  0
STYLE
  5
80
330
3
100
AcDbSymbolTableRecord
100
AcDbTextStyleTableRecord
  2
Shapr26
 70
     0
 40
3.3495
 41
1.0
 50
0.0
 71
     0
 42
2.5
  3

  4

  0
STYLE
  5
81
330
3
100
AcDbSymbolTableRecord
100
AcDbTextStyleTableRecord
  2
Shapr27
 70
     0
 40
3.3495
 41
1.0
 50
0.0
 71
     0
 42
2.5
  3

  4

  0
STYLE
  5
82
330
3
100
AcDbSymbolTableRecord
100
AcDbTextStyleTableRecord
  2
Shapr28
 70
     0
 40
3.3495
 41
1.0
 50
0.0
 71
     0
 42
2.5
  3

  4

  0
STYLE
  5
83
330
3
100
AcDbSymbolTableRecord
100
AcDbTextStyleTableRecord
  2
Shapr29
 70
     0
 40
3.3495
 41
1.0
 50
0.0
 71
     0
 42
2.5
  3

  4

  0
STYLE
  5
84
330
3
100
AcDbSymbolTableRecord
100
AcDbTextStyleTableRecord
  2
Shapr30
 70
     0
 40
3.3495
 41
1.0
 50
0.0
 71
     0
 42
2.5
  3

  4

  0
STYLE
  5
85
330
3
100
AcDbSymbolTableRecord
100
AcDbTextStyleTableRecord
  2
Shapr31
 70
     0
 40
3.3495
 41
1.0
 50
0.0
 71
     0
 42
2.5
  3

  4

  0
STYLE
  5
86
330
3
100
AcDbSymbolTableRecord
100
AcDbTextStyleTableRecord
  2
Shapr32
 70
     0
 40
3.3495
 41
1.0
 50
0.0
 71
     0
 42
2.5
  3

  4

  0
STYLE
  5
87
330
3
100
AcDbSymbolTableRecord
100
AcDbTextStyleTableRecord
  2
Shapr33
 70
     0
 40
3.3495
 41
1.0
 50
0.0
 71
     0
 42
2.5
  3

  4

  0
STYLE
  5
88
330
3
100
AcDbSymbolTableRecord
100
AcDbTextStyleTableRecord
  2
Shapr34
 70
     0
 40
3.3495
 41
1.0
 50
0.0
 71
     0
 42
2.5
  3

  4

  0
STYLE
  5
89
330
3
100
AcDbSymbolTableRecord
100
AcDbTextStyleTableRecord
  2
Shapr35
 70
     0
 40
3.3495
 41
1.0
 50
0.0
 71
     0
 42
2.5
  3

  4

  0
STYLE
  5
8A
330
3
100
AcDbSymbolTableRecord
100
AcDbTextStyleTableRecord
  2
Shapr36
 70
     0
 40
3.3495
 41
1.0
 50
0.0
 71
     0
 42
2.5
  3

  4

  0
STYLE
  5
8B
330
3
100
AcDbSymbolTableRecord
100
AcDbTextStyleTableRecord
  2
Shapr37
 70
     0
 40
3.3495
 41
1.0
 50
0.0
 71
     0
 42
2.5
  3

  4

  0
STYLE
  5
8C
330
3
100
AcDbSymbolTableRecord
100
AcDbTextStyleTableRecord
  2
Shapr38
 70
     0
 40
3.3495
 41
1.0
 50
0.0
 71
     0
 42
2.5
  3

  4

  0
STYLE
  5
8D
330
3
100
AcDbSymbolTableRecord
100
AcDbTextStyleTableRecord
  2
Shapr39
 70
     0
 40
3.3495
 41
1.0
 50
0.0
 71
     0
 42
2.5
  3

  4

  0
STYLE
  5
8E
330
3
100
AcDbSymbolTableRecord
100
AcDbTextStyleTableRecord
  2
Shapr40
 70
     0
 40
3.3495
 41
1.0
 50
0.0
 71
     0
 42
2.5
  3

  4

  0
STYLE
  5
8F
330
3
100
AcDbSymbolTableRecord
100
AcDbTextStyleTableRecord
  2
Shapr41
 70
     0
 40
3.3495
 41
1.0
 50
0.0
 71
     0
 42
2.5
  3

  4

  0
STYLE
  5
90
330
3
100
AcDbSymbolTableRecord
100
AcDbTextStyleTableRecord
  2
Shapr42
 70
     0
 40
3.3495
 41
1.0
 50
0.0
 71
     0
 42
2.5
  3

  4

  0
STYLE
  5
91
330
3
100
AcDbSymbolTableRecord
100
AcDbTextStyleTableRecord
  2
Shapr43
 70
     0
 40
3.3495
 41
1.0
 50
0.0
 71
     0
 42
2.5
  3

  4

  0
STYLE
  5
92
330
3
100
AcDbSymbolTableRecord
100
AcDbTextStyleTableRecord
  2
Shapr44
 70
     0
 40
3.3495
 41
1.0
 50
0.0
 71
     0
 42
2.5
  3

  4

  0
STYLE
  5
93
330
3
100
AcDbSymbolTableRecord
100
AcDbTextStyleTableRecord
  2
Shapr45
 70
     0
 40
3.3495
 41
1.0
 50
0.0
 71
     0
 42
2.5
  3

  4

  0
STYLE
  5
94
330
3
100
AcDbSymbolTableRecord
100
AcDbTextStyleTableRecord
  2
Shapr46
 70
     0
 40
3.3495
 41
1.0
 50
0.0
 71
     0
 42
2.5
  3

  4

  0
STYLE
  5
95
330
3
100
AcDbSymbolTableRecord
100
AcDbTextStyleTableRecord
  2
Shapr47
 70
     0
 40
3.3495
 41
1.0
 50
0.0
 71
     0
 42
2.5
  3

  4

  0
STYLE
  5
96
330
3
100
AcDbSymbolTableRecord
100
AcDbTextStyleTableRecord
  2
Shapr48
 70
     0
 40
3.3495
 41
1.0
 50
0.0
 71
     0
 42
2.5
  3

  4

  0
STYLE
  5
97
330
3
100
AcDbSymbolTableRecord
100
AcDbTextStyleTableRecord
  2
Shapr49
 70
     0
 40
3.3495
 41
1.0
 50
0.0
 71
     0
 42
2.5
  3

  4

  0
STYLE
  5
98
330
3
100
AcDbSymbolTableRecord
100
AcDbTextStyleTableRecord
  2
Shapr50
 70
     0
 40
3.3495
 41
1.0
 50
0.0
 71
     0
 42
2.5
  3

  4

  0
STYLE
  5
99
330
3
100
AcDbSymbolTableRecord
100
AcDbTextStyleTableRecord
  2
Shapr51
 70
     0
 40
3.3495
 41
1.0
 50
0.0
 71
     0
 42
2.5
  3

  4

  0
STYLE
  5
9A
330
3
100
AcDbSymbolTableRecord
100
AcDbTextStyleTableRecord
  2
Shapr52
 70
     0
 40
3.3495
 41
1.0
 50
0.0
 71
     0
 42
2.5
  3

  4

  0
STYLE
  5
9B
330
3
100
AcDbSymbolTableRecord
100
AcDbTextStyleTableRecord
  2
Shapr53
 70
     0
 40
3.3495
 41
1.0
 50
0.0
 71
     0
 42
2.5
  3

  4

  0
STYLE
  5
9C
330
3
100
AcDbSymbolTableRecord
100
AcDbTextStyleTableRecord
  2
Shapr54
 70
     0
 40
3.3495
 41
1.0
 50
0.0
 71
     0
 42
2.5
  3

  4

  0
STYLE
  5
9D
330
3
100
AcDbSymbolTableRecord
100
AcDbTextStyleTableRecord
  2
Shapr55
 70
     0
 40
3.3495
 41
1.0
 50
0.0
 71
     0
 42
2.5
  3

  4

  0
STYLE
  5
9E
330
3
100
AcDbSymbolTableRecord
100
AcDbTextStyleTableRecord
  2
Shapr56
 70
     0
 40
3.3495
 41
1.0
 50
0.0
 71
     0
 42
2.5
  3

  4

  0
STYLE
  5
9F
330
3
100
AcDbSymbolTableRecord
100
AcDbTextStyleTableRecord
  2
Shapr57
 70
     0
 40
3.3495
 41
1.0
 50
0.0
 71
     0
 42
2.5
  3

  4

  0
STYLE
  5
A0
330
3
100
AcDbSymbolTableRecord
100
AcDbTextStyleTableRecord
  2
Shapr58
 70
     0
 40
3.3495
 41
1.0
 50
0.0
 71
     0
 42
2.5
  3

  4

  0
STYLE
  5
A1
330
3
100
AcDbSymbolTableRecord
100
AcDbTextStyleTableRecord
  2
Shapr59
 70
     0
 40
3.3495
 41
1.0
 50
0.0
 71
     0
 42
2.5
  3

  4

  0
STYLE
  5
A2
330
3
100
AcDbSymbolTableRecord
100
AcDbTextStyleTableRecord
  2
Shapr60
 70
     0
 40
3.3495
 41
1.0
 50
0.0
 71
     0
 42
2.5
  3

  4

  0
STYLE
  5
A3
330
3
100
AcDbSymbolTableRecord
100
AcDbTextStyleTableRecord
  2
Shapr61
 70
     0
 40
3.3495
 41
1.0
 50
0.0
 71
     0
 42
2.5
  3

  4

  0
STYLE
  5
A4
330
3
100
AcDbSymbolTableRecord
100
AcDbTextStyleTableRecord
  2
Shapr62
 70
     0
 40
3.3495
 41
1.0
 50
0.0
 71
     0
 42
2.5
  3

  4

  0
STYLE
  5
A5
330
3
100
AcDbSymbolTableRecord
100
AcDbTextStyleTableRecord
  2
Shapr63
 70
     0
 40
3.3495
 41
1.0
 50
0.0
 71
     0
 42
2.5
  3

  4

  0
STYLE
  5
A6
330
3
100
AcDbSymbolTableRecord
100
AcDbTextStyleTableRecord
  2
Shapr64
 70
     0
 40
3.3495
 41
1.0
 50
0.0
 71
     0
 42
2.5
  3

  4

  0
STYLE
  5
A7
330
3
100
AcDbSymbolTableRecord
100
AcDbTextStyleTableRecord
  2
Shapr65
 70
     0
 40
3.3495
 41
1.0
 50
0.0
 71
     0
 42
2.5
  3

  4

  0
STYLE
  5
A8
330
3
100
AcDbSymbolTableRecord
100
AcDbTextStyleTableRecord
  2
Shapr66
 70
     0
 40
3.3495
 41
1.0
 50
0.0
 71
     0
 42
2.5
  3

  4

  0
STYLE
  5
A9
330
3
100
AcDbSymbolTableRecord
100
AcDbTextStyleTableRecord
  2
Shapr67
 70
     0
 40
3.3495
 41
1.0
 50
0.0
 71
     0
 42
2.5
  3

  4

  0
STYLE
  5
AA
330
3
100
AcDbSymbolTableRecord
100
AcDbTextStyleTableRecord
  2
Shapr68
 70
     0
 40
3.3495
 41
1.0
 50
0.0
 71
     0
 42
2.5
  3

  4

  0
STYLE
  5
AB
330
3
100
AcDbSymbolTableRecord
100
AcDbTextStyleTableRecord
  2
Shapr69
 70
     0
 40
3.3495
 41
1.0
 50
0.0
 71
     0
 42
2.5
  3

  4

  0
STYLE
  5
AC
330
3
100
AcDbSymbolTableRecord
100
AcDbTextStyleTableRecord
  2
Shapr70
 70
     0
 40
3.3495
 41
1.0
 50
0.0
 71
     0
 42
2.5
  3

  4

  0
STYLE
  5
AD
330
3
100
AcDbSymbolTableRecord
100
AcDbTextStyleTableRecord
  2
Shapr71
 70
     0
 40
3.3495
 41
1.0
 50
0.0
 71
     0
 42
2.5
  3

  4

  0
ENDTAB
  0
TABLE
  2
VIEW
  5
6
330
0
100
AcDbSymbolTable
 70
     0
  0
ENDTAB
  0
TABLE
  2
UCS
  5
7
330
0
100
AcDbSymbolTable
 70
     0
  0
ENDTAB
  0
TABLE
  2
APPID
  5
9
330
0
100
AcDbSymbolTable
 70
     2
  0
APPID
  5
12
330
9
100
AcDbSymbolTableRecord
100
AcDbRegAppTableRecord
  2
ACAD
 70
     0
  0
APPID
  5
3E0
330
9
100
AcDbSymbolTableRecord
100
AcDbRegAppTableRecord
  2
ACAD_DSTYLE_DIMRADIAL_EXTENSION
 70
     0
  0
ENDTAB
  0
TABLE
  2
DIMSTYLE
  5
A
330
0
100
AcDbSymbolTable
 70
     1
100
AcDbDimStyleTable
  0
DIMSTYLE
105
27
102
{ACAD_REACTORS
330
28F
330
29C
330
2A9
330
2B6
330
2C3
330
2D0
330
2DD
330
2EA
330
2FA
330
307
330
314
330
321
330
32E
330
33B
330
348
330
358
330
365
330
372
330
382
330
38F
330
39F
330
3AC
330
3B9
330
3C6
330
3D3
330
3E1
330
3EA
330
3F7
102
}
330
A
100
AcDbSymbolTableRecord
100
AcDbDimStyleTableRecord
  2
ISO-25
 70
     0
 41
2.5
 42
0.625
 43
3.75
 44
1.25
 73
     0
 74
     0
 77
     1
 78
     8
140
2.5
141
2.5
143
0.0393700787401575
147
0.625
171
     3
172
     1
178
     0
271
     2
272
     2
274
     3
278
    44
283
     0
284
     8
340
11
  0
ENDTAB
  0
TABLE
  2
BLOCK_RECORD
  5
1
330
0
100
AcDbSymbolTable
 70
    31
  0
BLOCK_RECORD
  5
1F
330
1
100
AcDbSymbolTableRecord
100
AcDbBlockTableRecord
  2
*Model_Space
340
22
 70
     4
280
     1
281
     0
  0
BLOCK_RECORD
  5
AE
330
1
100
AcDbSymbolTableRecord
100
AcDbBlockTableRecord
  2
*Paper_Space
340
AF
 70
     0
280
     1
281
     0
  0
BLOCK_RECORD
  5
23
330
1
100
AcDbSymbolTableRecord
100
AcDbBlockTableRecord
  2
*Paper_Space0
340
26
 70
     0
280
     1
281
     0
  0
BLOCK_RECORD
  5
1B
330
1
100
AcDbSymbolTableRecord
100
AcDbBlockTableRecord
  2
*Paper_Space1
340
1E
 70
     4
280
     1
281
     0
  0
BLOCK_RECORD
  5
290
330
1
100
AcDbSymbolTableRecord
100
AcDbBlockTableRecord
  2
*D2
340
0
 70
     0
280
     1
281
     0
  0
BLOCK_RECORD
  5
29D
330
1
100
AcDbSymbolTableRecord
100
AcDbBlockTableRecord
  2
*D3
340
0
 70
     0
280
     1
281
     0
  0
BLOCK_RECORD
  5
2AA
330
1
100
AcDbSymbolTableRecord
100
AcDbBlockTableRecord
  2
*D4
340
0
 70
     0
280
     1
281
     0
  0
BLOCK_RECORD
  5
2B7
330
1
100
AcDbSymbolTableRecord
100
AcDbBlockTableRecord
  2
*D5
340
0
 70
     0
280
     1
281
     0
  0
BLOCK_RECORD
  5
2C4
330
1
100
AcDbSymbolTableRecord
100
AcDbBlockTableRecord
  2
*D6
340
0
 70
     0
280
     1
281
     0
  0
BLOCK_RECORD
  5
2D1
330
1
100
AcDbSymbolTableRecord
100
AcDbBlockTableRecord
  2
*D7
340
0
 70
     0
280
     1
281
     0
  0
BLOCK_RECORD
  5
2DE
330
1
100
AcDbSymbolTableRecord
100
AcDbBlockTableRecord
  2
*D8
340
0
 70
     0
280
     1
281
     0
  0
BLOCK_RECORD
  5
2EB
330
1
100
AcDbSymbolTableRecord
100
AcDbBlockTableRecord
  2
*D9
340
0
 70
     0
280
     1
281
     0
  0
BLOCK_RECORD
  5
2FB
330
1
100
AcDbSymbolTableRecord
100
AcDbBlockTableRecord
  2
*D10
340
0
 70
     0
280
     1
281
     0
  0
BLOCK_RECORD
  5
308
330
1
100
AcDbSymbolTableRecord
100
AcDbBlockTableRecord
  2
*D11
340
0
 70
     0
280
     1
281
     0
  0
BLOCK_RECORD
  5
315
330
1
100
AcDbSymbolTableRecord
100
AcDbBlockTableRecord
  2
*D12
340
0
 70
     0
280
     1
281
     0
  0
BLOCK_RECORD
  5
322
330
1
100
AcDbSymbolTableRecord
100
AcDbBlockTableRecord
  2
*D13
340
0
 70
     0
280
     1
281
     0
  0
BLOCK_RECORD
  5
32F
330
1
100
AcDbSymbolTableRecord
100
AcDbBlockTableRecord
  2
*D14
340
0
 70
     0
280
     1
281
     0
  0
BLOCK_RECORD
  5
33C
330
1
100
AcDbSymbolTableRecord
100
AcDbBlockTableRecord
  2
*D15
340
0
 70
     0
280
     1
281
     0
  0
BLOCK_RECORD
  5
349
330
1
100
AcDbSymbolTableRecord
100
AcDbBlockTableRecord
  2
*D16
340
0
 70
     0
280
     1
281
     0
  0
BLOCK_RECORD
  5
359
330
1
100
AcDbSymbolTableRecord
100
AcDbBlockTableRecord
  2
*D17
340
0
 70
     0
280
     1
281
     0
  0
BLOCK_RECORD
  5
366
330
1
100
AcDbSymbolTableRecord
100
AcDbBlockTableRecord
  2
*D18
340
0
 70
     0
280
     1
281
     0
  0
BLOCK_RECORD
  5
373
330
1
100
AcDbSymbolTableRecord
100
AcDbBlockTableRecord
  2
*D19
340
0
 70
     0
280
     1
281
     0
  0
BLOCK_RECORD
  5
383
330
1
100
AcDbSymbolTableRecord
100
AcDbBlockTableRecord
  2
*D20
340
0
 70
     0
280
     1
281
     0
  0
BLOCK_RECORD
  5
390
330
1
100
AcDbSymbolTableRecord
100
AcDbBlockTableRecord
  2
*D21
340
0
 70
     0
280
     1
281
     0
  0
BLOCK_RECORD
  5
3A0
330
1
100
AcDbSymbolTableRecord
100
AcDbBlockTableRecord
  2
*D22
340
0
 70
     0
280
     1
281
     0
  0
BLOCK_RECORD
  5
3AD
330
1
100
AcDbSymbolTableRecord
100
AcDbBlockTableRecord
  2
*D23
340
0
 70
     0
280
     1
281
     0
  0
BLOCK_RECORD
  5
3BA
330
1
100
AcDbSymbolTableRecord
100
AcDbBlockTableRecord
  2
*D24
340
0
 70
     0
280
     1
281
     0
  0
BLOCK_RECORD
  5
3C7
330
1
100
AcDbSymbolTableRecord
100
AcDbBlockTableRecord
  2
*D25
340
0
 70
     0
280
     1
281
     0
  0
BLOCK_RECORD
  5
3D4
330
1
100
AcDbSymbolTableRecord
100
AcDbBlockTableRecord
  2
*D26
340
0
 70
     0
280
     1
281
     0
  0
BLOCK_RECORD
  5
3E2
330
1
100
AcDbSymbolTableRecord
100
AcDbBlockTableRecord
  2
*D27
340
0
 70
     0
280
     1
281
     0
  0
BLOCK_RECORD
  5
3EB
330
1
100
AcDbSymbolTableRecord
100
AcDbBlockTableRecord
  2
*D28
340
0
 70
     0
280
     1
281
     0
  0
BLOCK_RECORD
  5
3F8
330
1
100
AcDbSymbolTableRecord
100
AcDbBlockTableRecord
  2
*D29
340
0
 70
     0
280
     1
281
     0
  0
BLOCK_RECORD
  5
43F
330
1
100
AcDbSymbolTableRecord
100
AcDbBlockTableRecord
  2
*U30
340
0
102
{BLKREFS
331
459
102
}
 70
     0
280
     1
281
     0
  0
ENDTAB
  0
ENDSEC
  0
SECTION
  2
BLOCKS
  0
BLOCK
  5
20
330
1F
100
AcDbEntity
  8
0
100
AcDbBlockBegin
  2
*Model_Space
 70
     0
 10
0.0
 20
0.0
 30
0.0
  3
*Model_Space
  1

  0
ENDBLK
  5
21
330
1F
100
AcDbEntity
  8
0
100
AcDbBlockEnd
  0
BLOCK
  5
B0
330
AE
100
AcDbEntity
 67
     1
  8
0
100
AcDbBlockBegin
  2
*Paper_Space
 70
     0
 10
0.0
 20
0.0
 30
0.0
  3
*Paper_Space
  1

  0
ENDBLK
  5
B1
330
AE
100
AcDbEntity
 67
     1
  8
0
100
AcDbBlockEnd
  0
BLOCK
  5
24
330
23
100
AcDbEntity
  8
0
100
AcDbBlockBegin
  2
*Paper_Space0
 70
     0
 10
0.0
 20
0.0
 30
0.0
  3
*Paper_Space0
  1

  0
ENDBLK
  5
25
330
23
100
AcDbEntity
  8
0
100
AcDbBlockEnd
  0
BLOCK
  5
1C
330
1B
100
AcDbEntity
  8
0
100
AcDbBlockBegin
  2
*Paper_Space1
 70
     0
 10
0.0
 20
0.0
 30
0.0
  3
*Paper_Space1
  1

  0
ENDBLK
  5
1D
330
1B
100
AcDbEntity
  8
0
100
AcDbBlockEnd
  0
BLOCK
  5
291
330
290
100
AcDbEntity
  8
0
100
AcDbBlockBegin
  2
*D2
 70
     1
 10
0.0
 20
0.0
 30
0.0
  3
*D2
  1

  0
LINE
  5
293
330
290
100
AcDbEntity
  8
Annotations
  6
Continuous
 62
     0
370
    15
100
AcDbLine
 10
285.375
 20
208.0440059890645
 30
0.0
 11
256.75
 21
208.0440059890645
 31
0.0
  0
LINE
  5
294
330
290
100
AcDbEntity
  8
Annotations
  6
Continuous
 62
     0
370
    15
100
AcDbLine
 10
285.375
 20
158.0440059890645
 30
0.0
 11
256.75
 21
158.0440059890645
 31
0.0
  0
LINE
  5
295
330
290
100
AcDbEntity
  8
Annotations
  6
Continuous
 62
     0
370
    15
100
AcDbLine
 10
258.0
 20
205.5440059890645
 30
0.0
 11
258.0
 21
160.5440059890645
 31
0.0
  0
SOLID
  5
296
330
290
100
AcDbEntity
  8
Annotations
 62
     0
100
AcDbTrace
 10
258.4166666666667
 20
205.5440059890645
 30
0.0
 11
257.5833333333333
 21
205.5440059890645
 31
0.0
 12
258.0
 22
208.0440059890645
 32
0.0
 13
258.0
 23
208.0440059890645
 33
0.0
  0
SOLID
  5
297
330
290
100
AcDbEntity
  8
Annotations
 62
     0
100
AcDbTrace
 10
257.5833333333333
 20
160.5440059890645
 30
0.0
 11
258.4166666666667
 21
160.5440059890645
 31
0.0
 12
258.0
 22
158.0440059890645
 32
0.0
 13
258.0
 23
158.0440059890645
 33
0.0
  0
MTEXT
  5
298
330
290
100
AcDbEntity
  8
Annotations
 62
     0
370
    15
100
AcDbMText
 10
255.62525
 20
183.0440059890645
 30
0.0
 40
3.3495
 41
0.0
 46
0.0
 71
     5
 72
     1
  1
\A1;50
  7
Shapr17
 11
0.0
 21
1.0
 31
0.0
 73
     1
 44
1.0
  0
POINT
  5
299
330
290
100
AcDbEntity
  8
Defpoints
 62
     0
100
AcDbPoint
 10
286.0
 20
208.0440059890645
 30
0.0
  0
POINT
  5
29A
330
290
100
AcDbEntity
  8
Defpoints
 62
     0
100
AcDbPoint
 10
286.0
 20
158.0440059890645
 30
0.0
  0
POINT
  5
29B
330
290
100
AcDbEntity
  8
Defpoints
 62
     0
100
AcDbPoint
 10
258.0
 20
158.0440059890645
 30
0.0
  0
ENDBLK
  5
292
330
290
100
AcDbEntity
  8
0
100
AcDbBlockEnd
  0
BLOCK
  5
29E
330
29D
100
AcDbEntity
  8
0
100
AcDbBlockBegin
  2
*D3
 70
     1
 10
0.0
 20
0.0
 30
0.0
  3
*D3
  1

  0
LINE
  5
2A0
330
29D
100
AcDbEntity
  8
Annotations
  6
Continuous
 62
     0
370
    15
100
AcDbLine
 10
286.0
 20
157.4190059890645
 30
0.0
 11
286.0
 21
136.7940059890645
 31
0.0
  0
LINE
  5
2A1
330
29D
100
AcDbEntity
  8
Annotations
  6
Continuous
 62
     0
370
    15
100
AcDbLine
 10
339.0
 20
157.4190059890645
 30
0.0
 11
339.0
 21
136.7940059890645
 31
0.0
  0
LINE
  5
2A2
330
29D
100
AcDbEntity
  8
Annotations
  6
Continuous
 62
     0
370
    15
100
AcDbLine
 10
288.5
 20
138.0440059890645
 30
0.0
 11
336.5
 21
138.0440059890645
 31
0.0
  0
SOLID
  5
2A3
330
29D
100
AcDbEntity
  8
Annotations
 62
     0
100
AcDbTrace
 10
288.5
 20
138.4606726557311
 30
0.0
 11
288.5
 21
137.6273393223978
 31
0.0
 12
286.0
 22
138.0440059890645
 32
0.0
 13
286.0
 23
138.0440059890645
 33
0.0
  0
SOLID
  5
2A4
330
29D
100
AcDbEntity
  8
Annotations
 62
     0
100
AcDbTrace
 10
336.5
 20
137.6273393223978
 30
0.0
 11
336.5
 21
138.4606726557311
 31
0.0
 12
339.0
 22
138.0440059890645
 32
0.0
 13
339.0
 23
138.0440059890645
 33
0.0
  0
MTEXT
  5
2A5
330
29D
100
AcDbEntity
  8
Annotations
 62
     0
370
    15
100
AcDbMText
 10
312.5
 20
140.4187559890644
 30
0.0
 40
3.3495
 41
0.0
 46
0.0
 71
     5
 72
     1
  1
\A1;53
  7
Shapr17
 73
     1
 44
1.0
  0
POINT
  5
2A6
330
29D
100
AcDbEntity
  8
Defpoints
 62
     0
100
AcDbPoint
 10
286.0
 20
158.0440059890645
 30
0.0
  0
POINT
  5
2A7
330
29D
100
AcDbEntity
  8
Defpoints
 62
     0
100
AcDbPoint
 10
339.0
 20
158.0440059890645
 30
0.0
  0
POINT
  5
2A8
330
29D
100
AcDbEntity
  8
Defpoints
 62
     0
100
AcDbPoint
 10
339.0
 20
138.0440059890645
 30
0.0
  0
ENDBLK
  5
29F
330
29D
100
AcDbEntity
  8
0
100
AcDbBlockEnd
  0
BLOCK
  5
2AB
330
2AA
100
AcDbEntity
  8
0
100
AcDbBlockBegin
  2
*D4
 70
     1
 10
0.0
 20
0.0
 30
0.0
  3
*D4
  1

  0
LINE
  5
2AD
330
2AA
100
AcDbEntity
  8
Annotations
  6
Continuous
 62
     0
370
    15
100
AcDbLine
 10
306.375
 20
198.0440059890645
 30
0.0
 11
272.75
 21
198.0440059890645
 31
0.0
  0
LINE
  5
2AE
330
2AA
100
AcDbEntity
  8
Annotations
  6
Continuous
 62
     0
370
    15
100
AcDbLine
 10
306.375
 20
168.0440059890645
 30
0.0
 11
272.75
 21
168.0440059890645
 31
0.0
  0
LINE
  5
2AF
330
2AA
100
AcDbEntity
  8
Annotations
  6
Continuous
 62
     0
370
    15
100
AcDbLine
 10
274.0
 20
195.5440059890645
 30
0.0
 11
274.0
 21
170.5440059890645
 31
0.0
  0
SOLID
  5
2B0
330
2AA
100
AcDbEntity
  8
Annotations
 62
     0
100
AcDbTrace
 10
274.4166666666667
 20
195.5440059890645
 30
0.0
 11
273.5833333333333
 21
195.5440059890645
 31
0.0
 12
274.0
 22
198.0440059890645
 32
0.0
 13
274.0
 23
198.0440059890645
 33
0.0
  0
SOLID
  5
2B1
330
2AA
100
AcDbEntity
  8
Annotations
 62
     0
100
AcDbTrace
 10
273.5833333333333
 20
170.5440059890645
 30
0.0
 11
274.4166666666667
 21
170.5440059890645
 31
0.0
 12
274.0
 22
168.0440059890645
 32
0.0
 13
274.0
 23
168.0440059890645
 33
0.0
  0
MTEXT
  5
2B2
330
2AA
100
AcDbEntity
  8
Annotations
 62
     0
370
    15
100
AcDbMText
 10
271.62525
 20
183.0440059890645
 30
0.0
 40
3.3495
 41
0.0
 46
0.0
 71
     5
 72
     1
  1
\A1;30
  7
Shapr17
 11
0.0
 21
1.0
 31
0.0
 73
     1
 44
1.0
  0
POINT
  5
2B3
330
2AA
100
AcDbEntity
  8
Defpoints
 62
     0
100
AcDbPoint
 10
307.0
 20
198.0440059890645
 30
0.0
  0
POINT
  5
2B4
330
2AA
100
AcDbEntity
  8
Defpoints
 62
     0
100
AcDbPoint
 10
307.0
 20
168.0440059890645
 30
0.0
  0
POINT
  5
2B5
330
2AA
100
AcDbEntity
  8
Defpoints
 62
     0
100
AcDbPoint
 10
274.0
 20
168.0440059890645
 30
0.0
  0
ENDBLK
  5
2AC
330
2AA
100
AcDbEntity
  8
0
100
AcDbBlockEnd
  0
BLOCK
  5
2B8
330
2B7
100
AcDbEntity
  8
0
100
AcDbBlockBegin
  2
*D5
 70
     1
 10
0.0
 20
0.0
 30
0.0
  3
*D5
  1

  0
LINE
  5
2BA
330
2B7
100
AcDbEntity
  8
Annotations
  6
Continuous
 62
     0
370
    15
100
AcDbLine
 10
292.0
 20
167.4190059890645
 30
0.0
 11
292.0
 21
144.7940059890645
 31
0.0
  0
LINE
  5
2BB
330
2B7
100
AcDbEntity
  8
Annotations
  6
Continuous
 62
     0
370
    15
100
AcDbLine
 10
307.0
 20
167.4190059890645
 30
0.0
 11
307.0
 21
144.7940059890645
 31
0.0
  0
LINE
  5
2BC
330
2B7
100
AcDbEntity
  8
Annotations
  6
Continuous
 62
     0
370
    15
100
AcDbLine
 10
294.5
 20
146.0440059890645
 30
0.0
 11
304.5
 21
146.0440059890645
 31
0.0
  0
SOLID
  5
2BD
330
2B7
100
AcDbEntity
  8
Annotations
 62
     0
100
AcDbTrace
 10
294.5
 20
146.4606726557311
 30
0.0
 11
294.5
 21
145.6273393223978
 31
0.0
 12
292.0
 22
146.0440059890645
 32
0.0
 13
292.0
 23
146.0440059890645
 33
0.0
  0
SOLID
  5
2BE
330
2B7
100
AcDbEntity
  8
Annotations
 62
     0
100
AcDbTrace
 10
304.5
 20
145.6273393223978
 30
0.0
 11
304.5
 21
146.4606726557311
 31
0.0
 12
307.0
 22
146.0440059890645
 32
0.0
 13
307.0
 23
146.0440059890645
 33
0.0
  0
MTEXT
  5
2BF
330
2B7
100
AcDbEntity
  8
Annotations
 62
     0
370
    15
100
AcDbMText
 10
299.5
 20
148.4187559890644
 30
0.0
 40
3.3495
 41
0.0
 46
0.0
 71
     5
 72
     1
  1
\A1;15
  7
Shapr17
 73
     1
 44
1.0
  0
POINT
  5
2C0
330
2B7
100
AcDbEntity
  8
Defpoints
 62
     0
100
AcDbPoint
 10
292.0
 20
168.0440059890645
 30
0.0
  0
POINT
  5
2C1
330
2B7
100
AcDbEntity
  8
Defpoints
 62
     0
100
AcDbPoint
 10
307.0
 20
168.0440059890645
 30
0.0
  0
POINT
  5
2C2
330
2B7
100
AcDbEntity
  8
Defpoints
 62
     0
100
AcDbPoint
 10
307.0
 20
146.0440059890645
 30
0.0
  0
ENDBLK
  5
2B9
330
2B7
100
AcDbEntity
  8
0
100
AcDbBlockEnd
  0
BLOCK
  5
2C5
330
2C4
100
AcDbEntity
  8
0
100
AcDbBlockBegin
  2
*D6
 70
     1
 10
0.0
 20
0.0
 30
0.0
  3
*D6
  1

  0
LINE
  5
2C7
330
2C4
100
AcDbEntity
  8
Annotations
  6
Continuous
 62
     0
370
    15
100
AcDbLine
 10
307.0
 20
167.4190059890645
 30
0.0
 11
307.0
 21
144.7940059890645
 31
0.0
  0
LINE
  5
2C8
330
2C4
100
AcDbEntity
  8
Annotations
  6
Continuous
 62
     0
370
    15
100
AcDbLine
 10
318.0
 20
167.4190059890645
 30
0.0
 11
318.0
 21
144.7940059890645
 31
0.0
  0
LINE
  5
2C9
330
2C4
100
AcDbEntity
  8
Annotations
  6
Continuous
 62
     0
370
    15
100
AcDbLine
 10
309.5
 20
146.0440059890645
 30
0.0
 11
315.5
 21
146.0440059890645
 31
0.0
  0
SOLID
  5
2CA
330
2C4
100
AcDbEntity
  8
Annotations
 62
     0
100
AcDbTrace
 10
309.5
 20
146.4606726557311
 30
0.0
 11
309.5
 21
145.6273393223978
 31
0.0
 12
307.0
 22
146.0440059890645
 32
0.0
 13
307.0
 23
146.0440059890645
 33
0.0
  0
SOLID
  5
2CB
330
2C4
100
AcDbEntity
  8
Annotations
 62
     0
100
AcDbTrace
 10
315.5
 20
145.6273393223978
 30
0.0
 11
315.5
 21
146.4606726557311
 31
0.0
 12
318.0
 22
146.0440059890645
 32
0.0
 13
318.0
 23
146.0440059890645
 33
0.0
  0
MTEXT
  5
2CC
330
2C4
100
AcDbEntity
  8
Annotations
 62
     0
370
    15
100
AcDbMText
 10
312.5
 20
148.4187559890644
 30
0.0
 40
3.3495
 41
0.0
 46
0.0
 71
     5
 72
     1
  1
\A1;11
  7
Shapr17
 73
     1
 44
1.0
  0
POINT
  5
2CD
330
2C4
100
AcDbEntity
  8
Defpoints
 62
     0
100
AcDbPoint
 10
307.0
 20
168.0440059890645
 30
0.0
  0
POINT
  5
2CE
330
2C4
100
AcDbEntity
  8
Defpoints
 62
     0
100
AcDbPoint
 10
318.0
 20
168.0440059890645
 30
0.0
  0
POINT
  5
2CF
330
2C4
100
AcDbEntity
  8
Defpoints
 62
     0
100
AcDbPoint
 10
318.0
 20
146.0440059890645
 30
0.0
  0
ENDBLK
  5
2C6
330
2C4
100
AcDbEntity
  8
0
100
AcDbBlockEnd
  0
BLOCK
  5
2D2
330
2D1
100
AcDbEntity
  8
0
100
AcDbBlockBegin
  2
*D7
 70
     1
 10
0.0
 20
0.0
 30
0.0
  3
*D7
  1

  0
LINE
  5
2D4
330
2D1
100
AcDbEntity
  8
Annotations
  6
Continuous
 62
     0
370
    15
100
AcDbLine
 10
318.0
 20
167.4190059890645
 30
0.0
 11
318.0
 21
144.7940059890645
 31
0.0
  0
LINE
  5
2D5
330
2D1
100
AcDbEntity
  8
Annotations
  6
Continuous
 62
     0
370
    15
100
AcDbLine
 10
333.0
 20
167.4190059890645
 30
0.0
 11
333.0
 21
144.7940059890645
 31
0.0
  0
LINE
  5
2D6
330
2D1
100
AcDbEntity
  8
Annotations
  6
Continuous
 62
     0
370
    15
100
AcDbLine
 10
320.5
 20
146.0440059890645
 30
0.0
 11
330.5
 21
146.0440059890645
 31
0.0
  0
SOLID
  5
2D7
330
2D1
100
AcDbEntity
  8
Annotations
 62
     0
100
AcDbTrace
 10
320.5
 20
146.4606726557311
 30
0.0
 11
320.5
 21
145.6273393223978
 31
0.0
 12
318.0
 22
146.0440059890645
 32
0.0
 13
318.0
 23
146.0440059890645
 33
0.0
  0
SOLID
  5
2D8
330
2D1
100
AcDbEntity
  8
Annotations
 62
     0
100
AcDbTrace
 10
330.5
 20
145.6273393223978
 30
0.0
 11
330.5
 21
146.4606726557311
 31
0.0
 12
333.0
 22
146.0440059890645
 32
0.0
 13
333.0
 23
146.0440059890645
 33
0.0
  0
MTEXT
  5
2D9
330
2D1
100
AcDbEntity
  8
Annotations
 62
     0
370
    15
100
AcDbMText
 10
325.5
 20
148.4187559890644
 30
0.0
 40
3.3495
 41
0.0
 46
0.0
 71
     5
 72
     1
  1
\A1;15
  7
Shapr17
 73
     1
 44
1.0
  0
POINT
  5
2DA
330
2D1
100
AcDbEntity
  8
Defpoints
 62
     0
100
AcDbPoint
 10
318.0
 20
168.0440059890645
 30
0.0
  0
POINT
  5
2DB
330
2D1
100
AcDbEntity
  8
Defpoints
 62
     0
100
AcDbPoint
 10
333.0
 20
168.0440059890645
 30
0.0
  0
POINT
  5
2DC
330
2D1
100
AcDbEntity
  8
Defpoints
 62
     0
100
AcDbPoint
 10
333.0
 20
146.0440059890645
 30
0.0
  0
ENDBLK
  5
2D3
330
2D1
100
AcDbEntity
  8
0
100
AcDbBlockEnd
  0
BLOCK
  5
2DF
330
2DE
100
AcDbEntity
  8
0
100
AcDbBlockBegin
  2
*D8
 70
     1
 10
0.0
 20
0.0
 30
0.0
  3
*D8
  1

  0
LINE
  5
2E1
330
2DE
100
AcDbEntity
  8
Annotations
  6
Continuous
 62
     0
370
    15
100
AcDbLine
 10
291.375
 20
168.0440059890645
 30
0.0
 11
272.75
 21
168.0440059890645
 31
0.0
  0
LINE
  5
2E2
330
2DE
100
AcDbEntity
  8
Annotations
  6
Continuous
 62
     0
370
    15
100
AcDbLine
 10
285.375
 20
158.0440059890645
 30
0.0
 11
272.75
 21
158.0440059890645
 31
0.0
  0
LINE
  5
2E3
330
2DE
100
AcDbEntity
  8
Annotations
  6
Continuous
 62
     0
370
    15
100
AcDbLine
 10
274.0
 20
165.5440059890645
 30
0.0
 11
274.0
 21
160.5440059890645
 31
0.0
  0
SOLID
  5
2E4
330
2DE
100
AcDbEntity
  8
Annotations
 62
     0
100
AcDbTrace
 10
274.4166666666667
 20
165.5440059890645
 30
0.0
 11
273.5833333333333
 21
165.5440059890645
 31
0.0
 12
274.0
 22
168.0440059890645
 32
0.0
 13
274.0
 23
168.0440059890645
 33
0.0
  0
SOLID
  5
2E5
330
2DE
100
AcDbEntity
  8
Annotations
 62
     0
100
AcDbTrace
 10
273.5833333333333
 20
160.5440059890645
 30
0.0
 11
274.4166666666667
 21
160.5440059890645
 31
0.0
 12
274.0
 22
158.0440059890645
 32
0.0
 13
274.0
 23
158.0440059890645
 33
0.0
  0
MTEXT
  5
2E6
330
2DE
100
AcDbEntity
  8
Annotations
 62
     0
370
    15
100
AcDbMText
 10
271.62525
 20
163.0440059890645
 30
0.0
 40
3.3495
 41
0.0
 46
0.0
 71
     5
 72
     1
  1
\A1;10
  7
Shapr17
 11
0.0
 21
1.0
 31
0.0
 73
     1
 44
1.0
  0
POINT
  5
2E7
330
2DE
100
AcDbEntity
  8
Defpoints
 62
     0
100
AcDbPoint
 10
292.0
 20
168.0440059890645
 30
0.0
  0
POINT
  5
2E8
330
2DE
100
AcDbEntity
  8
Defpoints
 62
     0
100
AcDbPoint
 10
286.0
 20
158.0440059890645
 30
0.0
  0
POINT
  5
2E9
330
2DE
100
AcDbEntity
  8
Defpoints
 62
     0
100
AcDbPoint
 10
274.0
 20
158.0440059890645
 30
0.0
  0
ENDBLK
  5
2E0
330
2DE
100
AcDbEntity
  8
0
100
AcDbBlockEnd
  0
BLOCK
  5
2EC
330
2EB
100
AcDbEntity
  8
0
100
AcDbBlockBegin
  2
*D9
 70
     1
 10
0.0
 20
0.0
 30
0.0
  3
*D9
  1

  0
LINE
  5
2EE
330
2EB
100
AcDbEntity
  8
Annotations
  6
Continuous
 62
     0
370
    15
100
AcDbLine
 10
312.0
 20
244.6867316670291
 30
0.0
 11
312.0
 21
257.3117316670291
 31
0.0
  0
LINE
  5
2EF
330
2EB
100
AcDbEntity
  8
Annotations
  6
Continuous
 62
     0
370
    15
100
AcDbLine
 10
313.0
 20
244.6867316658555
 30
0.0
 11
313.0
 21
257.3117316670291
 31
0.0
  0
LINE
  5
2F0
330
2EB
100
AcDbEntity
  8
Annotations
  6
Continuous
 62
     0
370
    15
100
AcDbLine
 10
312.0
 20
256.0617316670291
 30
0.0
 11
313.0
 21
256.0617316670291
 31
0.0
  0
LINE
  5
2F1
330
2EB
100
AcDbEntity
  8
Annotations
  6
Continuous
 62
     0
370
    15
100
AcDbLine
 10
309.5
 20
256.0617316670291
 30
0.0
 11
307.0
 21
256.0617316670291
 31
0.0
  0
LINE
  5
2F2
330
2EB
100
AcDbEntity
  8
Annotations
  6
Continuous
 62
     0
370
    15
100
AcDbLine
 10
315.5
 20
256.0617316670291
 30
0.0
 11
318.0
 21
256.0617316670291
 31
0.0
  0
LINE
  5
2F3
330
2EB
100
AcDbEntity
  8
Annotations
  6
Continuous
 62
     0
370
    15
100
AcDbLine
 10
312.0
 20
256.0617316670291
 30
0.0
 11
313.0
 21
256.0617316670291
 31
0.0
  0
SOLID
  5
2F4
330
2EB
100
AcDbEntity
  8
Annotations
 62
     0
100
AcDbTrace
 10
309.5
 20
255.6450650003624
 30
0.0
 11
309.5
 21
256.4783983336957
 31
0.0
 12
312.0
 22
256.0617316670291
 32
0.0
 13
312.0
 23
256.0617316670291
 33
0.0
  0
SOLID
  5
2F5
330
2EB
100
AcDbEntity
  8
Annotations
 62
     0
100
AcDbTrace
 10
315.5
 20
256.4783983336957
 30
0.0
 11
315.5
 21
255.6450650003624
 31
0.0
 12
313.0
 22
256.0617316670291
 32
0.0
 13
313.0
 23
256.0617316670291
 33
0.0
  0
MTEXT
  5
2F6
330
2EB
100
AcDbEntity
  8
Annotations
 62
     0
370
    15
100
AcDbMText
 10
312.5
 20
258.4364816670291
 30
0.0
 40
3.3495
 41
0.0
 46
0.0
 71
     5
 72
     1
  1
\A1;1
  7
Shapr17
 73
     1
 44
1.0
  0
POINT
  5
2F7
330
2EB
100
AcDbEntity
  8
Defpoints
 62
     0
100
AcDbPoint
 10
312.0
 20
244.0617316670291
 30
0.0
  0
POINT
  5
2F8
330
2EB
100
AcDbEntity
  8
Defpoints
 62
     0
100
AcDbPoint
 10
313.0
 20
244.0617316658555
 30
0.0
  0
POINT
  5
2F9
330
2EB
100
AcDbEntity
  8
Defpoints
 62
     0
100
AcDbPoint
 10
313.0
 20
256.0617316670291
 30
0.0
  0
ENDBLK
  5
2ED
330
2EB
100
AcDbEntity
  8
0
100
AcDbBlockEnd
  0
BLOCK
  5
2FC
330
2FB
100
AcDbEntity
  8
0
100
AcDbBlockBegin
  2
*D10
 70
     1
 10
0.0
 20
0.0
 30
0.0
  3
*D10
  1

  0
LINE
  5
2FE
330
2FB
100
AcDbEntity
  8
Annotations
  6
Continuous
 62
     0
370
    15
100
AcDbLine
 10
311.375
 20
244.0617316670291
 30
0.0
 11
256.75
 21
244.0617316670291
 31
0.0
  0
LINE
  5
2FF
330
2FB
100
AcDbEntity
  8
Annotations
  6
Continuous
 62
     0
370
    15
100
AcDbLine
 10
311.375
 20
208.0440059890645
 30
0.0
 11
256.75
 21
208.0440059890645
 31
0.0
  0
LINE
  5
300
330
2FB
100
AcDbEntity
  8
Annotations
  6
Continuous
 62
     0
370
    15
100
AcDbLine
 10
258.0
 20
241.5617316670291
 30
0.0
 11
258.0
 21
210.5440059890645
 31
0.0
  0
SOLID
  5
301
330
2FB
100
AcDbEntity
  8
Annotations
 62
     0
100
AcDbTrace
 10
258.4166666666667
 20
241.5617316670291
 30
0.0
 11
257.5833333333333
 21
241.5617316670291
 31
0.0
 12
258.0
 22
244.0617316670291
 32
0.0
 13
258.0
 23
244.0617316670291
 33
0.0
  0
SOLID
  5
302
330
2FB
100
AcDbEntity
  8
Annotations
 62
     0
100
AcDbTrace
 10
257.5833333333333
 20
210.5440059890645
 30
0.0
 11
258.4166666666667
 21
210.5440059890645
 31
0.0
 12
258.0
 22
208.0440059890645
 32
0.0
 13
258.0
 23
208.0440059890645
 33
0.0
  0
MTEXT
  5
303
330
2FB
100
AcDbEntity
  8
Annotations
 62
     0
370
    15
100
AcDbMText
 10
255.30625
 20
226.0528688280468
 30
0.0
 40
3.3495
 41
0.0
 46
0.0
 71
     5
 72
     1
  1
\A1;36,02
  7
Shapr17
 11
0.0
 21
1.0
 31
0.0
 73
     1
 44
1.0
  0
POINT
  5
304
330
2FB
100
AcDbEntity
  8
Defpoints
 62
     0
100
AcDbPoint
 10
312.0
 20
244.0617316670291
 30
0.0
  0
POINT
  5
305
330
2FB
100
AcDbEntity
  8
Defpoints
 62
     0
100
AcDbPoint
 10
312.0
 20
208.0440059890645
 30
0.0
  0
POINT
  5
306
330
2FB
100
AcDbEntity
  8
Defpoints
 62
     0
100
AcDbPoint
 10
258.0
 20
208.0440059890645
 30
0.0
  0
ENDBLK
  5
2FD
330
2FB
100
AcDbEntity
  8
0
100
AcDbBlockEnd
  0
BLOCK
  5
309
330
308
100
AcDbEntity
  8
0
100
AcDbBlockBegin
  2
*D11
 70
     1
 10
0.0
 20
0.0
 30
0.0
  3
*D11
  1

  0
LINE
  5
30B
330
308
100
AcDbEntity
  8
Annotations
  6
Continuous
 62
     0
370
    15
100
AcDbLine
 10
339.625
 20
158.0440059890645
 30
0.0
 11
352.25
 21
158.0440059890645
 31
0.0
  0
LINE
  5
30C
330
308
100
AcDbEntity
  8
Annotations
  6
Continuous
 62
     0
370
    15
100
AcDbLine
 10
313.625
 20
244.0617316658555
 30
0.0
 11
352.25
 21
244.0617316658555
 31
0.0
  0
LINE
  5
30D
330
308
100
AcDbEntity
  8
Annotations
  6
Continuous
 62
     0
370
    15
100
AcDbLine
 10
351.0
 20
160.5440059890645
 30
0.0
 11
351.0
 21
241.5617316658555
 31
0.0
  0
SOLID
  5
30E
330
308
100
AcDbEntity
  8
Annotations
 62
     0
100
AcDbTrace
 10
350.5833333333333
 20
160.5440059890645
 30
0.0
 11
351.4166666666667
 21
160.5440059890645
 31
0.0
 12
351.0
 22
158.0440059890645
 32
0.0
 13
351.0
 23
158.0440059890645
 33
0.0
  0
SOLID
  5
30F
330
308
100
AcDbEntity
  8
Annotations
 62
     0
100
AcDbTrace
 10
351.4166666666667
 20
241.5617316658555
 30
0.0
 11
350.5833333333333
 21
241.5617316658555
 31
0.0
 12
351.0
 22
244.0617316658555
 32
0.0
 13
351.0
 23
244.0617316658555
 33
0.0
  0
MTEXT
  5
310
330
308
100
AcDbEntity
  8
Annotations
 62
     0
370
    15
100
AcDbMText
 10
348.30625
 20
201.05286882746
 30
0.0
 40
3.3495
 41
0.0
 46
0.0
 71
     5
 72
     1
  1
\A1;86,02
  7
Shapr17
 11
0.0
 21
1.0
 31
0.0
 73
     1
 44
1.0
  0
POINT
  5
311
330
308
100
AcDbEntity
  8
Defpoints
 62
     0
100
AcDbPoint
 10
339.0
 20
158.0440059890645
 30
0.0
  0
POINT
  5
312
330
308
100
AcDbEntity
  8
Defpoints
 62
     0
100
AcDbPoint
 10
313.0
 20
244.0617316658555
 30
0.0
  0
POINT
  5
313
330
308
100
AcDbEntity
  8
Defpoints
 62
     0
100
AcDbPoint
 10
351.0
 20
244.0617316658555
 30
0.0
  0
ENDBLK
  5
30A
330
308
100
AcDbEntity
  8
0
100
AcDbBlockEnd
  0
BLOCK
  5
316
330
315
100
AcDbEntity
  8
0
100
AcDbBlockBegin
  2
*D12
 70
     1
 10
0.0
 20
0.0
 30
0.0
  3
*D12
  1

  0
LINE
  5
318
330
315
100
AcDbEntity
  8
Annotations
  6
Continuous
 62
     0
370
    15
100
AcDbLine
 10
286.0
 20
208.6690059890645
 30
0.0
 11
286.0
 21
257.3117316670291
 31
0.0
  0
LINE
  5
319
330
315
100
AcDbEntity
  8
Annotations
  6
Continuous
 62
     0
370
    15
100
AcDbLine
 10
312.0
 20
208.6690059890645
 30
0.0
 11
312.0
 21
257.3117316670291
 31
0.0
  0
LINE
  5
31A
330
315
100
AcDbEntity
  8
Annotations
  6
Continuous
 62
     0
370
    15
100
AcDbLine
 10
288.5
 20
256.0617316670291
 30
0.0
 11
309.5
 21
256.0617316670291
 31
0.0
  0
SOLID
  5
31B
330
315
100
AcDbEntity
  8
Annotations
 62
     0
100
AcDbTrace
 10
288.5
 20
256.4783983336957
 30
0.0
 11
288.5
 21
255.6450650003624
 31
0.0
 12
286.0
 22
256.0617316670291
 32
0.0
 13
286.0
 23
256.0617316670291
 33
0.0
  0
SOLID
  5
31C
330
315
100
AcDbEntity
  8
Annotations
 62
     0
100
AcDbTrace
 10
309.5
 20
255.6450650003624
 30
0.0
 11
309.5
 21
256.4783983336957
 31
0.0
 12
312.0
 22
256.0617316670291
 32
0.0
 13
312.0
 23
256.0617316670291
 33
0.0
  0
MTEXT
  5
31D
330
315
100
AcDbEntity
  8
Annotations
 62
     0
370
    15
100
AcDbMText
 10
299.0
 20
258.4364816670291
 30
0.0
 40
3.3495
 41
0.0
 46
0.0
 71
     5
 72
     1
  1
\A1;26
  7
Shapr17
 73
     1
 44
1.0
  0
POINT
  5
31E
330
315
100
AcDbEntity
  8
Defpoints
 62
     0
100
AcDbPoint
 10
286.0
 20
208.0440059890645
 30
0.0
  0
POINT
  5
31F
330
315
100
AcDbEntity
  8
Defpoints
 62
     0
100
AcDbPoint
 10
312.0
 20
208.0440059890645
 30
0.0
  0
POINT
  5
320
330
315
100
AcDbEntity
  8
Defpoints
 62
     0
100
AcDbPoint
 10
312.0
 20
256.0617316670291
 30
0.0
  0
ENDBLK
  5
317
330
315
100
AcDbEntity
  8
0
100
AcDbBlockEnd
  0
BLOCK
  5
323
330
322
100
AcDbEntity
  8
0
100
AcDbBlockBegin
  2
*D13
 70
     1
 10
0.0
 20
0.0
 30
0.0
  3
*D13
  1

  0
LINE
  5
325
330
322
100
AcDbEntity
  8
Annotations
  6
Continuous
 62
     0
370
    15
100
AcDbLine
 10
313.0
 20
208.6690059890645
 30
0.0
 11
313.0
 21
257.3117316670291
 31
0.0
  0
LINE
  5
326
330
322
100
AcDbEntity
  8
Annotations
  6
Continuous
 62
     0
370
    15
100
AcDbLine
 10
339.0
 20
208.6690059890645
 30
0.0
 11
339.0
 21
257.3117316670291
 31
0.0
  0
LINE
  5
327
330
322
100
AcDbEntity
  8
Annotations
  6
Continuous
 62
     0
370
    15
100
AcDbLine
 10
315.5
 20
256.0617316670291
 30
0.0
 11
336.5
 21
256.0617316670291
 31
0.0
  0
SOLID
  5
328
330
322
100
AcDbEntity
  8
Annotations
 62
     0
100
AcDbTrace
 10
315.5
 20
256.4783983336957
 30
0.0
 11
315.5
 21
255.6450650003624
 31
0.0
 12
313.0
 22
256.0617316670291
 32
0.0
 13
313.0
 23
256.0617316670291
 33
0.0
  0
SOLID
  5
329
330
322
100
AcDbEntity
  8
Annotations
 62
     0
100
AcDbTrace
 10
336.5
 20
255.6450650003624
 30
0.0
 11
336.5
 21
256.4783983336957
 31
0.0
 12
339.0
 22
256.0617316670291
 32
0.0
 13
339.0
 23
256.0617316670291
 33
0.0
  0
MTEXT
  5
32A
330
322
100
AcDbEntity
  8
Annotations
 62
     0
370
    15
100
AcDbMText
 10
326.0
 20
258.4364816670291
 30
0.0
 40
3.3495
 41
0.0
 46
0.0
 71
     5
 72
     1
  1
\A1;26
  7
Shapr17
 73
     1
 44
1.0
  0
POINT
  5
32B
330
322
100
AcDbEntity
  8
Defpoints
 62
     0
100
AcDbPoint
 10
313.0
 20
208.0440059890645
 30
0.0
  0
POINT
  5
32C
330
322
100
AcDbEntity
  8
Defpoints
 62
     0
100
AcDbPoint
 10
339.0
 20
208.0440059890645
 30
0.0
  0
POINT
  5
32D
330
322
100
AcDbEntity
  8
Defpoints
 62
     0
100
AcDbPoint
 10
339.0
 20
256.0617316670291
 30
0.0
  0
ENDBLK
  5
324
330
322
100
AcDbEntity
  8
0
100
AcDbBlockEnd
  0
BLOCK
  5
330
330
32F
100
AcDbEntity
  8
0
100
AcDbBlockBegin
  2
*D14
 70
     1
 10
0.0
 20
0.0
 30
0.0
  3
*D14
  1

  0
LINE
  5
332
330
32F
100
AcDbEntity
  8
Annotations
  6
Continuous
 62
     0
370
    15
100
AcDbLine
 10
78.0
 20
104.646728515625
 30
0.0
 11
78.0
 21
130.2298967838287
 31
0.0
  0
LINE
  5
333
330
32F
100
AcDbEntity
  8
Annotations
  6
Continuous
 62
     0
370
    15
100
AcDbLine
 10
157.0
 20
104.646728515625
 30
0.0
 11
157.0
 21
130.2298967838287
 31
0.0
  0
LINE
  5
334
330
32F
100
AcDbEntity
  8
Annotations
  6
Continuous
 62
     0
370
    15
100
AcDbLine
 10
80.5
 20
128.9798967838287
 30
0.0
 11
154.5
 21
128.9798967838287
 31
0.0
  0
SOLID
  5
335
330
32F
100
AcDbEntity
  8
Annotations
 62
     0
100
AcDbTrace
 10
80.5
 20
129.3965634504954
 30
0.0
 11
80.5
 21
128.5632301171621
 31
0.0
 12
78.0
 22
128.9798967838287
 32
0.0
 13
78.0
 23
128.9798967838287
 33
0.0
  0
SOLID
  5
336
330
32F
100
AcDbEntity
  8
Annotations
 62
     0
100
AcDbTrace
 10
154.5
 20
128.5632301171621
 30
0.0
 11
154.5
 21
129.3965634504954
 31
0.0
 12
157.0
 22
128.9798967838287
 32
0.0
 13
157.0
 23
128.9798967838287
 33
0.0
  0
MTEXT
  5
337
330
32F
100
AcDbEntity
  8
Annotations
 62
     0
370
    15
100
AcDbMText
 10
117.5
 20
131.3546467838287
 30
0.0
 40
3.3495
 41
0.0
 46
0.0
 71
     5
 72
     1
  1
\A1;79
  7
Shapr16
 73
     1
 44
1.0
  0
POINT
  5
338
330
32F
100
AcDbEntity
  8
Defpoints
 62
     0
100
AcDbPoint
 10
78.0
 20
104.021728515625
 30
0.0
  0
POINT
  5
339
330
32F
100
AcDbEntity
  8
Defpoints
 62
     0
100
AcDbPoint
 10
157.0
 20
104.021728515625
 30
0.0
  0
POINT
  5
33A
330
32F
100
AcDbEntity
  8
Defpoints
 62
     0
100
AcDbPoint
 10
157.0
 20
128.9798967838287
 30
0.0
  0
ENDBLK
  5
331
330
32F
100
AcDbEntity
  8
0
100
AcDbBlockEnd
  0
BLOCK
  5
33D
330
33C
100
AcDbEntity
  8
0
100
AcDbBlockBegin
  2
*D15
 70
     1
 10
0.0
 20
0.0
 30
0.0
  3
*D15
  1

  0
LINE
  5
33F
330
33C
100
AcDbEntity
  8
Annotations
  6
Continuous
 62
     0
370
    15
100
AcDbLine
 10
79.0
 20
103.646728515625
 30
0.0
 11
79.0
 21
117.271728515625
 31
0.0
  0
LINE
  5
340
330
33C
100
AcDbEntity
  8
Annotations
  6
Continuous
 62
     0
370
    15
100
AcDbLine
 10
104.0
 20
103.646728515625
 30
0.0
 11
104.0
 21
117.271728515625
 31
0.0
  0
LINE
  5
341
330
33C
100
AcDbEntity
  8
Annotations
  6
Continuous
 62
     0
370
    15
100
AcDbLine
 10
81.5
 20
116.021728515625
 30
0.0
 11
101.5
 21
116.021728515625
 31
0.0
  0
SOLID
  5
342
330
33C
100
AcDbEntity
  8
Annotations
 62
     0
100
AcDbTrace
 10
81.5
 20
116.4383951822917
 30
0.0
 11
81.5
 21
115.6050618489583
 31
0.0
 12
79.0
 22
116.021728515625
 32
0.0
 13
79.0
 23
116.021728515625
 33
0.0
  0
SOLID
  5
343
330
33C
100
AcDbEntity
  8
Annotations
 62
     0
100
AcDbTrace
 10
101.5
 20
115.6050618489583
 30
0.0
 11
101.5
 21
116.4383951822917
 31
0.0
 12
104.0
 22
116.021728515625
 32
0.0
 13
104.0
 23
116.021728515625
 33
0.0
  0
MTEXT
  5
344
330
33C
100
AcDbEntity
  8
Annotations
 62
     0
370
    15
100
AcDbMText
 10
91.5
 20
118.396478515625
 30
0.0
 40
3.3495
 41
0.0
 46
0.0
 71
     5
 72
     1
  1
\A1;25
  7
Shapr16
 73
     1
 44
1.0
  0
POINT
  5
345
330
33C
100
AcDbEntity
  8
Defpoints
 62
     0
100
AcDbPoint
 10
79.0
 20
103.021728515625
 30
0.0
  0
POINT
  5
346
330
33C
100
AcDbEntity
  8
Defpoints
 62
     0
100
AcDbPoint
 10
104.0
 20
103.021728515625
 30
0.0
  0
POINT
  5
347
330
33C
100
AcDbEntity
  8
Defpoints
 62
     0
100
AcDbPoint
 10
104.0
 20
116.021728515625
 30
0.0
  0
ENDBLK
  5
33E
330
33C
100
AcDbEntity
  8
0
100
AcDbBlockEnd
  0
BLOCK
  5
34A
330
349
100
AcDbEntity
  8
0
100
AcDbBlockBegin
  2
*D16
 70
     1
 10
0.0
 20
0.0
 30
0.0
  3
*D16
  1

  0
LINE
  5
34C
330
349
100
AcDbEntity
  8
Annotations
  6
Continuous
 62
     0
370
    15
100
AcDbLine
 10
104.0
 20
103.646728515625
 30
0.0
 11
104.0
 21
117.271728515625
 31
0.0
  0
LINE
  5
34D
330
349
100
AcDbEntity
  8
Annotations
  6
Continuous
 62
     0
370
    15
100
AcDbLine
 10
105.0
 20
103.646728515625
 30
0.0
 11
105.0
 21
117.271728515625
 31
0.0
  0
LINE
  5
34E
330
349
100
AcDbEntity
  8
Annotations
  6
Continuous
 62
     0
370
    15
100
AcDbLine
 10
104.0
 20
116.021728515625
 30
0.0
 11
105.0
 21
116.021728515625
 31
0.0
  0
LINE
  5
34F
330
349
100
AcDbEntity
  8
Annotations
  6
Continuous
 62
     0
370
    15
100
AcDbLine
 10
101.5
 20
116.021728515625
 30
0.0
 11
99.0
 21
116.021728515625
 31
0.0
  0
LINE
  5
350
330
349
100
AcDbEntity
  8
Annotations
  6
Continuous
 62
     0
370
    15
100
AcDbLine
 10
107.5
 20
116.021728515625
 30
0.0
 11
110.0
 21
116.021728515625
 31
0.0
  0
LINE
  5
351
330
349
100
AcDbEntity
  8
Annotations
  6
Continuous
 62
     0
370
    15
100
AcDbLine
 10
104.0
 20
116.021728515625
 30
0.0
 11
105.0
 21
116.021728515625
 31
0.0
  0
SOLID
  5
352
330
349
100
AcDbEntity
  8
Annotations
 62
     0
100
AcDbTrace
 10
101.5
 20
115.6050618489583
 30
0.0
 11
101.5
 21
116.4383951822917
 31
0.0
 12
104.0
 22
116.021728515625
 32
0.0
 13
104.0
 23
116.021728515625
 33
0.0
  0
SOLID
  5
353
330
349
100
AcDbEntity
  8
Annotations
 62
     0
100
AcDbTrace
 10
107.5
 20
116.4383951822917
 30
0.0
 11
107.5
 21
115.6050618489583
 31
0.0
 12
105.0
 22
116.021728515625
 32
0.0
 13
105.0
 23
116.021728515625
 33
0.0
  0
MTEXT
  5
354
330
349
100
AcDbEntity
  8
Annotations
 62
     0
370
    15
100
AcDbMText
 10
104.5
 20
118.396478515625
 30
0.0
 40
3.3495
 41
0.0
 46
0.0
 71
     5
 72
     1
  1
\A1;1
  7
Shapr16
 73
     1
 44
1.0
  0
POINT
  5
355
330
349
100
AcDbEntity
  8
Defpoints
 62
     0
100
AcDbPoint
 10
104.0
 20
103.021728515625
 30
0.0
  0
POINT
  5
356
330
349
100
AcDbEntity
  8
Defpoints
 62
     0
100
AcDbPoint
 10
105.0
 20
103.021728515625
 30
0.0
  0
POINT
  5
357
330
349
100
AcDbEntity
  8
Defpoints
 62
     0
100
AcDbPoint
 10
105.0
 20
116.021728515625
 30
0.0
  0
ENDBLK
  5
34B
330
349
100
AcDbEntity
  8
0
100
AcDbBlockEnd
  0
BLOCK
  5
35A
330
359
100
AcDbEntity
  8
0
100
AcDbBlockBegin
  2
*D17
 70
     1
 10
0.0
 20
0.0
 30
0.0
  3
*D17
  1

  0
LINE
  5
35C
330
359
100
AcDbEntity
  8
Annotations
  6
Continuous
 62
     0
370
    15
100
AcDbLine
 10
105.0
 20
103.646728515625
 30
0.0
 11
105.0
 21
117.271728515625
 31
0.0
  0
LINE
  5
35D
330
359
100
AcDbEntity
  8
Annotations
  6
Continuous
 62
     0
370
    15
100
AcDbLine
 10
130.0
 20
103.646728515625
 30
0.0
 11
130.0
 21
117.271728515625
 31
0.0
  0
LINE
  5
35E
330
359
100
AcDbEntity
  8
Annotations
  6
Continuous
 62
     0
370
    15
100
AcDbLine
 10
107.5
 20
116.021728515625
 30
0.0
 11
127.5
 21
116.021728515625
 31
0.0
  0
SOLID
  5
35F
330
359
100
AcDbEntity
  8
Annotations
 62
     0
100
AcDbTrace
 10
107.5
 20
116.4383951822917
 30
0.0
 11
107.5
 21
115.6050618489583
 31
0.0
 12
105.0
 22
116.021728515625
 32
0.0
 13
105.0
 23
116.021728515625
 33
0.0
  0
SOLID
  5
360
330
359
100
AcDbEntity
  8
Annotations
 62
     0
100
AcDbTrace
 10
127.5
 20
115.6050618489583
 30
0.0
 11
127.5
 21
116.4383951822917
 31
0.0
 12
130.0
 22
116.021728515625
 32
0.0
 13
130.0
 23
116.021728515625
 33
0.0
  0
MTEXT
  5
361
330
359
100
AcDbEntity
  8
Annotations
 62
     0
370
    15
100
AcDbMText
 10
117.5
 20
118.396478515625
 30
0.0
 40
3.3495
 41
0.0
 46
0.0
 71
     5
 72
     1
  1
\A1;25
  7
Shapr16
 73
     1
 44
1.0
  0
POINT
  5
362
330
359
100
AcDbEntity
  8
Defpoints
 62
     0
100
AcDbPoint
 10
105.0
 20
103.021728515625
 30
0.0
  0
POINT
  5
363
330
359
100
AcDbEntity
  8
Defpoints
 62
     0
100
AcDbPoint
 10
130.0
 20
103.021728515625
 30
0.0
  0
POINT
  5
364
330
359
100
AcDbEntity
  8
Defpoints
 62
     0
100
AcDbPoint
 10
130.0
 20
116.021728515625
 30
0.0
  0
ENDBLK
  5
35B
330
359
100
AcDbEntity
  8
0
100
AcDbBlockEnd
  0
BLOCK
  5
367
330
366
100
AcDbEntity
  8
0
100
AcDbBlockBegin
  2
*D18
 70
     1
 10
0.0
 20
0.0
 30
0.0
  3
*D18
  1

  0
LINE
  5
369
330
366
100
AcDbEntity
  8
Annotations
  6
Continuous
 62
     0
370
    15
100
AcDbLine
 10
156.0
 20
103.646728515625
 30
0.0
 11
156.0
 21
117.271728515625
 31
0.0
  0
LINE
  5
36A
330
366
100
AcDbEntity
  8
Annotations
  6
Continuous
 62
     0
370
    15
100
AcDbLine
 10
131.0
 20
103.646728515625
 30
0.0
 11
131.0
 21
117.271728515625
 31
0.0
  0
LINE
  5
36B
330
366
100
AcDbEntity
  8
Annotations
  6
Continuous
 62
     0
370
    15
100
AcDbLine
 10
153.5
 20
116.021728515625
 30
0.0
 11
133.5
 21
116.021728515625
 31
0.0
  0
SOLID
  5
36C
330
366
100
AcDbEntity
  8
Annotations
 62
     0
100
AcDbTrace
 10
153.5
 20
115.6050618489583
 30
0.0
 11
153.5
 21
116.4383951822917
 31
0.0
 12
156.0
 22
116.021728515625
 32
0.0
 13
156.0
 23
116.021728515625
 33
0.0
  0
SOLID
  5
36D
330
366
100
AcDbEntity
  8
Annotations
 62
     0
100
AcDbTrace
 10
133.5
 20
116.4383951822917
 30
0.0
 11
133.5
 21
115.6050618489583
 31
0.0
 12
131.0
 22
116.021728515625
 32
0.0
 13
131.0
 23
116.021728515625
 33
0.0
  0
MTEXT
  5
36E
330
366
100
AcDbEntity
  8
Annotations
 62
     0
370
    15
100
AcDbMText
 10
143.5
 20
118.396478515625
 30
0.0
 40
3.3495
 41
0.0
 46
0.0
 71
     5
 72
     1
  1
\A1;25
  7
Shapr16
 73
     1
 44
1.0
  0
POINT
  5
36F
330
366
100
AcDbEntity
  8
Defpoints
 62
     0
100
AcDbPoint
 10
156.0
 20
103.021728515625
 30
0.0
  0
POINT
  5
370
330
366
100
AcDbEntity
  8
Defpoints
 62
     0
100
AcDbPoint
 10
131.0
 20
103.021728515625
 30
0.0
  0
POINT
  5
371
330
366
100
AcDbEntity
  8
Defpoints
 62
     0
100
AcDbPoint
 10
131.0
 20
116.021728515625
 30
0.0
  0
ENDBLK
  5
368
330
366
100
AcDbEntity
  8
0
100
AcDbBlockEnd
  0
BLOCK
  5
374
330
373
100
AcDbEntity
  8
0
100
AcDbBlockBegin
  2
*D19
 70
     1
 10
0.0
 20
0.0
 30
0.0
  3
*D19
  1

  0
LINE
  5
376
330
373
100
AcDbEntity
  8
Annotations
  6
Continuous
 62
     0
370
    15
100
AcDbLine
 10
131.0
 20
103.646728515625
 30
0.0
 11
131.0
 21
117.271728515625
 31
0.0
  0
LINE
  5
377
330
373
100
AcDbEntity
  8
Annotations
  6
Continuous
 62
     0
370
    15
100
AcDbLine
 10
130.0
 20
103.646728515625
 30
0.0
 11
130.0
 21
117.271728515625
 31
0.0
  0
LINE
  5
378
330
373
100
AcDbEntity
  8
Annotations
  6
Continuous
 62
     0
370
    15
100
AcDbLine
 10
131.0
 20
116.021728515625
 30
0.0
 11
130.0
 21
116.021728515625
 31
0.0
  0
LINE
  5
379
330
373
100
AcDbEntity
  8
Annotations
  6
Continuous
 62
     0
370
    15
100
AcDbLine
 10
133.5
 20
116.021728515625
 30
0.0
 11
136.0
 21
116.021728515625
 31
0.0
  0
LINE
  5
37A
330
373
100
AcDbEntity
  8
Annotations
  6
Continuous
 62
     0
370
    15
100
AcDbLine
 10
127.5
 20
116.021728515625
 30
0.0
 11
125.0
 21
116.021728515625
 31
0.0
  0
LINE
  5
37B
330
373
100
AcDbEntity
  8
Annotations
  6
Continuous
 62
     0
370
    15
100
AcDbLine
 10
131.0
 20
116.021728515625
 30
0.0
 11
130.0
 21
116.021728515625
 31
0.0
  0
SOLID
  5
37C
330
373
100
AcDbEntity
  8
Annotations
 62
     0
100
AcDbTrace
 10
133.5
 20
116.4383951822917
 30
0.0
 11
133.5
 21
115.6050618489583
 31
0.0
 12
131.0
 22
116.021728515625
 32
0.0
 13
131.0
 23
116.021728515625
 33
0.0
  0
SOLID
  5
37D
330
373
100
AcDbEntity
  8
Annotations
 62
     0
100
AcDbTrace
 10
127.5
 20
115.6050618489583
 30
0.0
 11
127.5
 21
116.4383951822917
 31
0.0
 12
130.0
 22
116.021728515625
 32
0.0
 13
130.0
 23
116.021728515625
 33
0.0
  0
MTEXT
  5
37E
330
373
100
AcDbEntity
  8
Annotations
 62
     0
370
    15
100
AcDbMText
 10
130.5
 20
118.396478515625
 30
0.0
 40
3.3495
 41
0.0
 46
0.0
 71
     5
 72
     1
  1
\A1;1
  7
Shapr16
 73
     1
 44
1.0
  0
POINT
  5
37F
330
373
100
AcDbEntity
  8
Defpoints
 62
     0
100
AcDbPoint
 10
131.0
 20
103.021728515625
 30
0.0
  0
POINT
  5
380
330
373
100
AcDbEntity
  8
Defpoints
 62
     0
100
AcDbPoint
 10
130.0
 20
103.021728515625
 30
0.0
  0
POINT
  5
381
330
373
100
AcDbEntity
  8
Defpoints
 62
     0
100
AcDbPoint
 10
130.0
 20
116.021728515625
 30
0.0
  0
ENDBLK
  5
375
330
373
100
AcDbEntity
  8
0
100
AcDbBlockEnd
  0
BLOCK
  5
384
330
383
100
AcDbEntity
  8
0
100
AcDbBlockBegin
  2
*D20
 70
     1
 10
0.0
 20
0.0
 30
0.0
  3
*D20
  1

  0
LINE
  5
386
330
383
100
AcDbEntity
  8
Annotations
  6
Continuous
 62
     0
370
    15
100
AcDbLine
 10
78.375
 20
103.021728515625
 30
0.0
 11
64.75
 21
103.021728515625
 31
0.0
  0
LINE
  5
387
330
383
100
AcDbEntity
  8
Annotations
  6
Continuous
 62
     0
370
    15
100
AcDbLine
 10
78.375
 20
78.021728515625
 30
0.0
 11
64.75
 21
78.021728515625
 31
0.0
  0
LINE
  5
388
330
383
100
AcDbEntity
  8
Annotations
  6
Continuous
 62
     0
370
    15
100
AcDbLine
 10
66.0
 20
100.521728515625
 30
0.0
 11
66.0
 21
80.521728515625
 31
0.0
  0
SOLID
  5
389
330
383
100
AcDbEntity
  8
Annotations
 62
     0
100
AcDbTrace
 10
66.41666666666667
 20
100.521728515625
 30
0.0
 11
65.58333333333333
 21
100.521728515625
 31
0.0
 12
66.0
 22
103.021728515625
 32
0.0
 13
66.0
 23
103.021728515625
 33
0.0
  0
SOLID
  5
38A
330
383
100
AcDbEntity
  8
Annotations
 62
     0
100
AcDbTrace
 10
65.58333333333333
 20
80.521728515625
 30
0.0
 11
66.41666666666667
 21
80.521728515625
 31
0.0
 12
66.0
 22
78.021728515625
 32
0.0
 13
66.0
 23
78.021728515625
 33
0.0
  0
MTEXT
  5
38B
330
383
100
AcDbEntity
  8
Annotations
 62
     0
370
    15
100
AcDbMText
 10
63.62524999999999
 20
90.521728515625
 30
0.0
 40
3.3495
 41
0.0
 46
0.0
 71
     5
 72
     1
  1
\A1;25
  7
Shapr16
 11
0.0
 21
1.0
 31
0.0
 73
     1
 44
1.0
  0
POINT
  5
38C
330
383
100
AcDbEntity
  8
Defpoints
 62
     0
100
AcDbPoint
 10
79.0
 20
103.021728515625
 30
0.0
  0
POINT
  5
38D
330
383
100
AcDbEntity
  8
Defpoints
 62
     0
100
AcDbPoint
 10
79.0
 20
78.021728515625
 30
0.0
  0
POINT
  5
38E
330
383
100
AcDbEntity
  8
Defpoints
 62
     0
100
AcDbPoint
 10
66.0
 20
78.021728515625
 30
0.0
  0
ENDBLK
  5
385
330
383
100
AcDbEntity
  8
0
100
AcDbBlockEnd
  0
BLOCK
  5
391
330
390
100
AcDbEntity
  8
0
100
AcDbBlockBegin
  2
*D21
 70
     1
 10
0.0
 20
0.0
 30
0.0
  3
*D21
  1

  0
LINE
  5
393
330
390
100
AcDbEntity
  8
Annotations
  6
Continuous
 62
     0
370
    15
100
AcDbLine
 10
78.375
 20
77.021728515625
 30
0.0
 11
64.75
 21
77.021728515625
 31
0.0
  0
LINE
  5
394
330
390
100
AcDbEntity
  8
Annotations
  6
Continuous
 62
     0
370
    15
100
AcDbLine
 10
78.375
 20
78.021728515625
 30
0.0
 11
64.75
 21
78.021728515625
 31
0.0
  0
LINE
  5
395
330
390
100
AcDbEntity
  8
Annotations
  6
Continuous
 62
     0
370
    15
100
AcDbLine
 10
66.0
 20
77.021728515625
 30
0.0
 11
66.0
 21
78.021728515625
 31
0.0
  0
LINE
  5
396
330
390
100
AcDbEntity
  8
Annotations
  6
Continuous
 62
     0
370
    15
100
AcDbLine
 10
66.0
 20
74.521728515625
 30
0.0
 11
66.0
 21
72.021728515625
 31
0.0
  0
LINE
  5
397
330
390
100
AcDbEntity
  8
Annotations
  6
Continuous
 62
     0
370
    15
100
AcDbLine
 10
66.0
 20
80.521728515625
 30
0.0
 11
66.0
 21
83.021728515625
 31
0.0
  0
LINE
  5
398
330
390
100
AcDbEntity
  8
Annotations
  6
Continuous
 62
     0
370
    15
100
AcDbLine
 10
66.0
 20
77.021728515625
 30
0.0
 11
66.0
 21
78.021728515625
 31
0.0
  0
SOLID
  5
399
330
390
100
AcDbEntity
  8
Annotations
 62
     0
100
AcDbTrace
 10
66.41666666666667
 20
74.521728515625
 30
0.0
 11
65.58333333333333
 21
74.521728515625
 31
0.0
 12
66.0
 22
77.021728515625
 32
0.0
 13
66.0
 23
77.021728515625
 33
0.0
  0
SOLID
  5
39A
330
390
100
AcDbEntity
  8
Annotations
 62
     0
100
AcDbTrace
 10
65.58333333333333
 20
80.521728515625
 30
0.0
 11
66.41666666666667
 21
80.521728515625
 31
0.0
 12
66.0
 22
78.021728515625
 32
0.0
 13
66.0
 23
78.021728515625
 33
0.0
  0
MTEXT
  5
39B
330
390
100
AcDbEntity
  8
Annotations
 62
     0
370
    15
100
AcDbMText
 10
63.62524999999999
 20
77.521728515625
 30
0.0
 40
3.3495
 41
0.0
 46
0.0
 71
     5
 72
     1
  1
\A1;1
  7
Shapr16
 11
0.0
 21
1.0
 31
0.0
 73
     1
 44
1.0
  0
POINT
  5
39C
330
390
100
AcDbEntity
  8
Defpoints
 62
     0
100
AcDbPoint
 10
79.0
 20
77.021728515625
 30
0.0
  0
POINT
  5
39D
330
390
100
AcDbEntity
  8
Defpoints
 62
     0
100
AcDbPoint
 10
79.0
 20
78.021728515625
 30
0.0
  0
POINT
  5
39E
330
390
100
AcDbEntity
  8
Defpoints
 62
     0
100
AcDbPoint
 10
66.0
 20
78.021728515625
 30
0.0
  0
ENDBLK
  5
392
330
390
100
AcDbEntity
  8
0
100
AcDbBlockEnd
  0
BLOCK
  5
3A1
330
3A0
100
AcDbEntity
  8
0
100
AcDbBlockBegin
  2
*D22
 70
     1
 10
0.0
 20
0.0
 30
0.0
  3
*D22
  1

  0
LINE
  5
3A3
330
3A0
100
AcDbEntity
  8
Annotations
  6
Continuous
 62
     0
370
    15
100
AcDbLine
 10
78.375
 20
77.021728515625
 30
0.0
 11
64.75
 21
77.021728515625
 31
0.0
  0
LINE
  5
3A4
330
3A0
100
AcDbEntity
  8
Annotations
  6
Continuous
 62
     0
370
    15
100
AcDbLine
 10
78.375
 20
52.021728515625
 30
0.0
 11
64.75
 21
52.021728515625
 31
0.0
  0
LINE
  5
3A5
330
3A0
100
AcDbEntity
  8
Annotations
  6
Continuous
 62
     0
370
    15
100
AcDbLine
 10
66.0
 20
74.521728515625
 30
0.0
 11
66.0
 21
54.521728515625
 31
0.0
  0
SOLID
  5
3A6
330
3A0
100
AcDbEntity
  8
Annotations
 62
     0
100
AcDbTrace
 10
66.41666666666667
 20
74.521728515625
 30
0.0
 11
65.58333333333333
 21
74.521728515625
 31
0.0
 12
66.0
 22
77.021728515625
 32
0.0
 13
66.0
 23
77.021728515625
 33
0.0
  0
SOLID
  5
3A7
330
3A0
100
AcDbEntity
  8
Annotations
 62
     0
100
AcDbTrace
 10
65.58333333333333
 20
54.521728515625
 30
0.0
 11
66.41666666666667
 21
54.521728515625
 31
0.0
 12
66.0
 22
52.021728515625
 32
0.0
 13
66.0
 23
52.021728515625
 33
0.0
  0
MTEXT
  5
3A8
330
3A0
100
AcDbEntity
  8
Annotations
 62
     0
370
    15
100
AcDbMText
 10
63.62524999999999
 20
64.521728515625
 30
0.0
 40
3.3495
 41
0.0
 46
0.0
 71
     5
 72
     1
  1
\A1;25
  7
Shapr16
 11
0.0
 21
1.0
 31
0.0
 73
     1
 44
1.0
  0
POINT
  5
3A9
330
3A0
100
AcDbEntity
  8
Defpoints
 62
     0
100
AcDbPoint
 10
79.0
 20
77.021728515625
 30
0.0
  0
POINT
  5
3AA
330
3A0
100
AcDbEntity
  8
Defpoints
 62
     0
100
AcDbPoint
 10
79.0
 20
52.021728515625
 30
0.0
  0
POINT
  5
3AB
330
3A0
100
AcDbEntity
  8
Defpoints
 62
     0
100
AcDbPoint
 10
66.0
 20
52.021728515625
 30
0.0
  0
ENDBLK
  5
3A2
330
3A0
100
AcDbEntity
  8
0
100
AcDbBlockEnd
  0
BLOCK
  5
3AE
330
3AD
100
AcDbEntity
  8
0
100
AcDbBlockBegin
  2
*D23
 70
     1
 10
0.0
 20
0.0
 30
0.0
  3
*D23
  1

  0
LINE
  5
3B0
330
3AD
100
AcDbEntity
  8
Annotations
  6
Continuous
 62
     0
370
    15
100
AcDbLine
 10
77.375
 20
104.021728515625
 30
0.0
 11
53.11211776733397
 21
104.021728515625
 31
0.0
  0
LINE
  5
3B1
330
3AD
100
AcDbEntity
  8
Annotations
  6
Continuous
 62
     0
370
    15
100
AcDbLine
 10
77.375
 20
51.021728515625
 30
0.0
 11
53.11211776733397
 21
51.021728515625
 31
0.0
  0
LINE
  5
3B2
330
3AD
100
AcDbEntity
  8
Annotations
  6
Continuous
 62
     0
370
    15
100
AcDbLine
 10
54.36211776733397
 20
101.521728515625
 30
0.0
 11
54.36211776733397
 21
53.521728515625
 31
0.0
  0
SOLID
  5
3B3
330
3AD
100
AcDbEntity
  8
Annotations
 62
     0
100
AcDbTrace
 10
54.77878443400063
 20
101.521728515625
 30
0.0
 11
53.94545110066731
 21
101.521728515625
 31
0.0
 12
54.36211776733397
 22
104.021728515625
 32
0.0
 13
54.36211776733397
 23
104.021728515625
 33
0.0
  0
SOLID
  5
3B4
330
3AD
100
AcDbEntity
  8
Annotations
 62
     0
100
AcDbTrace
 10
53.94545110066731
 20
53.521728515625
 30
0.0
 11
54.77878443400063
 21
53.521728515625
 31
0.0
 12
54.36211776733397
 22
51.021728515625
 32
0.0
 13
54.36211776733397
 23
51.021728515625
 33
0.0
  0
MTEXT
  5
3B5
330
3AD
100
AcDbEntity
  8
Annotations
 62
     0
370
    15
100
AcDbMText
 10
51.98736776733396
 20
77.521728515625
 30
0.0
 40
3.3495
 41
0.0
 46
0.0
 71
     5
 72
     1
  1
\A1;53
  7
Shapr16
 11
0.0
 21
1.0
 31
0.0
 73
     1
 44
1.0
  0
POINT
  5
3B6
330
3AD
100
AcDbEntity
  8
Defpoints
 62
     0
100
AcDbPoint
 10
78.0
 20
104.021728515625
 30
0.0
  0
POINT
  5
3B7
330
3AD
100
AcDbEntity
  8
Defpoints
 62
     0
100
AcDbPoint
 10
78.0
 20
51.021728515625
 30
0.0
  0
POINT
  5
3B8
330
3AD
100
AcDbEntity
  8
Defpoints
 62
     0
100
AcDbPoint
 10
54.36211776733397
 20
51.021728515625
 30
0.0
  0
ENDBLK
  5
3AF
330
3AD
100
AcDbEntity
  8
0
100
AcDbBlockEnd
  0
BLOCK
  5
3BB
330
3BA
100
AcDbEntity
  8
0
100
AcDbBlockBegin
  2
*D24
 70
     1
 10
0.0
 20
0.0
 30
0.0
  3
*D24
  1

  0
LINE
  5
3BD
330
3BA
100
AcDbEntity
  8
Annotations
  6
Continuous
 62
     0
370
    15
100
AcDbLine
 10
92.5
 20
208.6690059890645
 30
0.0
 11
92.5
 21
277.6160669630677
 31
0.0
  0
LINE
  5
3BE
330
3BA
100
AcDbEntity
  8
Annotations
  6
Continuous
 62
     0
370
    15
100
AcDbLine
 10
142.5
 20
208.6690059890645
 30
0.0
 11
142.5
 21
277.6160669630677
 31
0.0
  0
LINE
  5
3BF
330
3BA
100
AcDbEntity
  8
Annotations
  6
Continuous
 62
     0
370
    15
100
AcDbLine
 10
95.0
 20
276.3660669630677
 30
0.0
 11
140.0
 21
276.3660669630677
 31
0.0
  0
SOLID
  5
3C0
330
3BA
100
AcDbEntity
  8
Annotations
 62
     0
100
AcDbTrace
 10
95.0
 20
276.7827336297344
 30
0.0
 11
95.0
 21
275.949400296401
 31
0.0
 12
92.5
 22
276.3660669630677
 32
0.0
 13
92.5
 23
276.3660669630677
 33
0.0
  0
SOLID
  5
3C1
330
3BA
100
AcDbEntity
  8
Annotations
 62
     0
100
AcDbTrace
 10
140.0
 20
275.949400296401
 30
0.0
 11
140.0
 21
276.7827336297344
 31
0.0
 12
142.5
 22
276.3660669630677
 32
0.0
 13
142.5
 23
276.3660669630677
 33
0.0
  0
MTEXT
  5
3C2
330
3BA
100
AcDbEntity
  8
Annotations
 62
     0
370
    15
100
AcDbMText
 10
117.5
 20
278.7408169630677
 30
0.0
 40
3.3495
 41
0.0
 46
0.0
 71
     5
 72
     1
  1
\A1;50
  7
Shapr15
 73
     1
 44
1.0
  0
POINT
  5
3C3
330
3BA
100
AcDbEntity
  8
Defpoints
 62
     0
100
AcDbPoint
 10
92.5
 20
208.0440059890645
 30
0.0
  0
POINT
  5
3C4
330
3BA
100
AcDbEntity
  8
Defpoints
 62
     0
100
AcDbPoint
 10
142.5
 20
208.0440059890645
 30
0.0
  0
POINT
  5
3C5
330
3BA
100
AcDbEntity
  8
Defpoints
 62
     0
100
AcDbPoint
 10
142.5
 20
276.3660669630677
 30
0.0
  0
ENDBLK
  5
3BC
330
3BA
100
AcDbEntity
  8
0
100
AcDbBlockEnd
  0
BLOCK
  5
3C8
330
3C7
100
AcDbEntity
  8
0
100
AcDbBlockBegin
  2
*D25
 70
     1
 10
0.0
 20
0.0
 30
0.0
  3
*D25
  1

  0
LINE
  5
3CA
330
3C7
100
AcDbEntity
  8
Annotations
  6
Continuous
 62
     0
370
    15
100
AcDbLine
 10
101.4420485266941
 20
222.5386428962719
 30
0.0
 11
101.4420485266941
 21
265.311694175592
 31
0.0
  0
LINE
  5
3CB
330
3C7
100
AcDbEntity
  8
Annotations
  6
Continuous
 62
     0
370
    15
100
AcDbLine
 10
134.5720200280387
 20
221.8888367860993
 30
0.0
 11
134.5720200280387
 21
265.311694175592
 31
0.0
  0
LINE
  5
3CC
330
3C7
100
AcDbEntity
  8
Annotations
  6
Continuous
 62
     0
370
    15
100
AcDbLine
 10
103.9420485266941
 20
264.061694175592
 30
0.0
 11
132.0720200280387
 21
264.061694175592
 31
0.0
  0
SOLID
  5
3CD
330
3C7
100
AcDbEntity
  8
Annotations
 62
     0
100
AcDbTrace
 10
103.9420485266941
 20
264.4783608422587
 30
0.0
 11
103.9420485266941
 21
263.6450275089254
 31
0.0
 12
101.4420485266941
 22
264.061694175592
 32
0.0
 13
101.4420485266941
 23
264.061694175592
 33
0.0
  0
SOLID
  5
3CE
330
3C7
100
AcDbEntity
  8
Annotations
 62
     0
100
AcDbTrace
 10
132.0720200280387
 20
263.6450275089254
 30
0.0
 11
132.0720200280387
 21
264.4783608422587
 31
0.0
 12
134.5720200280387
 22
264.061694175592
 32
0.0
 13
134.5720200280387
 23
264.061694175592
 33
0.0
  0
MTEXT
  5
3CF
330
3C7
100
AcDbEntity
  8
Annotations
 62
     0
370
    15
100
AcDbMText
 10
118.0070342773663
 20
266.755444175592
 30
0.0
 40
3.3495
 41
0.0
 46
0.0
 71
     5
 72
     1
  1
\A1;33,13
  7
Shapr15
 73
     1
 44
1.0
  0
POINT
  5
3D0
330
3C7
100
AcDbEntity
  8
Defpoints
 62
     0
100
AcDbPoint
 10
101.4420485266941
 20
221.9136428962719
 30
0.0
  0
POINT
  5
3D1
330
3C7
100
AcDbEntity
  8
Defpoints
 62
     0
100
AcDbPoint
 10
134.5720200280387
 20
221.2638367860993
 30
0.0
  0
POINT
  5
3D2
330
3C7
100
AcDbEntity
  8
Defpoints
 62
     0
100
AcDbPoint
 10
134.5720200280387
 20
264.061694175592
 30
0.0
  0
ENDBLK
  5
3C9
330
3C7
100
AcDbEntity
  8
0
100
AcDbBlockEnd
  0
BLOCK
  5
3D5
330
3D4
100
AcDbEntity
  8
0
100
AcDbBlockBegin
  2
*D26
 70
     1
 10
0.0
 20
0.0
 30
0.0
  3
*D26
  1

  0
LINE
  5
3D7
330
3D4
100
AcDbEntity
  8
Annotations
  6
Continuous
 62
     0
370
    15
100
AcDbLine
 10
103.1572531246199
 20
228.5499935720493
 30
0.0
 11
103.1572531246199
 21
257.311694175592
 31
0.0
  0
LINE
  5
3D8
330
3D4
100
AcDbEntity
  8
Annotations
  6
Continuous
 62
     0
370
    15
100
AcDbLine
 10
131.997123165786
 20
228.38096685506
 30
0.0
 11
131.997123165786
 21
257.311694175592
 31
0.0
  0
LINE
  5
3D9
330
3D4
100
AcDbEntity
  8
Annotations
  6
Continuous
 62
     0
370
    15
100
AcDbLine
 10
105.6572531246199
 20
256.061694175592
 30
0.0
 11
129.497123165786
 21
256.061694175592
 31
0.0
  0
SOLID
  5
3DA
330
3D4
100
AcDbEntity
  8
Annotations
 62
     0
100
AcDbTrace
 10
105.6572531246199
 20
256.4783608422587
 30
0.0
 11
105.6572531246199
 21
255.6450275089254
 31
0.0
 12
103.1572531246199
 22
256.061694175592
 32
0.0
 13
103.1572531246199
 23
256.061694175592
 33
0.0
  0
SOLID
  5
3DB
330
3D4
100
AcDbEntity
  8
Annotations
 62
     0
100
AcDbTrace
 10
129.497123165786
 20
255.6450275089254
 30
0.0
 11
129.497123165786
 21
256.4783608422587
 31
0.0
 12
131.997123165786
 22
256.061694175592
 32
0.0
 13
131.997123165786
 23
256.061694175592
 33
0.0
  0
MTEXT
  5
3DC
330
3D4
100
AcDbEntity
  8
Annotations
 62
     0
370
    15
100
AcDbMText
 10
117.577188145203
 20
258.755444175592
 30
0.0
 40
3.3495
 41
0.0
 46
0.0
 71
     5
 72
     1
  1
\A1;28,84
  7
Shapr15
 73
     1
 44
1.0
  0
POINT
  5
3DD
330
3D4
100
AcDbEntity
  8
Defpoints
 62
     0
100
AcDbPoint
 10
103.1572531246199
 20
227.9249935720493
 30
0.0
  0
POINT
  5
3DE
330
3D4
100
AcDbEntity
  8
Defpoints
 62
     0
100
AcDbPoint
 10
131.997123165786
 20
227.75596685506
 30
0.0
  0
POINT
  5
3DF
330
3D4
100
AcDbEntity
  8
Defpoints
 62
     0
100
AcDbPoint
 10
131.997123165786
 20
256.061694175592
 30
0.0
  0
ENDBLK
  5
3D6
330
3D4
100
AcDbEntity
  8
0
100
AcDbBlockEnd
  0
BLOCK
  5
3E3
330
3E2
100
AcDbEntity
  8
0
100
AcDbBlockBegin
  2
*D27
 70
     1
 10
0.0
 20
0.0
 30
0.0
  3
*D27
  1

  0
LINE
  5
3E5
330
3E2
100
AcDbEntity
  8
Annotations
  6
Continuous
 62
     0
370
    15
100
AcDbLine
 10
100.3773969539738
 20
225.4677904256727
 30
0.0
 11
92.19291378923238
 21
227.8030498229289
 31
0.0
  0
MTEXT
  5
3E6
330
3E2
100
AcDbEntity
  8
Annotations
 62
     0
370
    15
100
AcDbMText
 10
97.65885248889082
 20
228.7129915485774
 30
0.0
 40
3.3495
 41
0.0
 46
0.0
 71
     5
 72
     1
  1
\A1;R10
  7
Shapr15
 11
0.961622095314036
 21
-0.2743773784477199
 31
0.0
 73
     1
 44
1.0
  0
SOLID
  5
3E7
330
3E2
100
AcDbEntity
  8
Annotations
 62
     0
100
AcDbTrace
 10
100.2630730462872
 20
225.0671145526252
 30
0.0
 11
100.4917208616603
 21
225.8684662987203
 31
0.0
 12
102.7814521922589
 22
224.7818469795534
 32
0.0
 13
102.7814521922589
 23
224.7818469795534
 33
0.0
  0
POINT
  5
3E8
330
3E2
100
AcDbEntity
  8
Defpoints
 62
     0
100
AcDbPoint
 10
102.7814521922589
 20
224.7818469795534
 30
0.0
  0
POINT
  5
3E9
330
3E2
100
AcDbEntity
  8
Defpoints
 62
     0
100
AcDbPoint
 10
93.16523123900001
 20
227.5256207640645
 30
0.0
  0
ENDBLK
  5
3E4
330
3E2
100
AcDbEntity
  8
0
100
AcDbBlockEnd
  0
BLOCK
  5
3EC
330
3EB
100
AcDbEntity
  8
0
100
AcDbBlockBegin
  2
*D28
 70
     1
 10
0.0
 20
0.0
 30
0.0
  3
*D28
  1

  0
LINE
  5
3EE
330
3EB
100
AcDbEntity
  8
Annotations
  6
Continuous
 62
     0
370
    15
100
AcDbLine
 10
91.875
 20
208.0440059890645
 30
0.0
 11
64.75
 21
208.0440059890645
 31
0.0
  0
LINE
  5
3EF
330
3EB
100
AcDbEntity
  8
Annotations
  6
Continuous
 62
     0
370
    15
100
AcDbLine
 10
100.8170485266941
 20
221.9136428962719
 30
0.0
 11
64.75
 21
221.9136428962719
 31
0.0
  0
LINE
  5
3F0
330
3EB
100
AcDbEntity
  8
Annotations
  6
Continuous
 62
     0
370
    15
100
AcDbLine
 10
66.0
 20
210.5440059890645
 30
0.0
 11
66.0
 21
219.4136428962719
 31
0.0
  0
SOLID
  5
3F1
330
3EB
100
AcDbEntity
  8
Annotations
 62
     0
100
AcDbTrace
 10
65.58333333333333
 20
210.5440059890645
 30
0.0
 11
66.41666666666667
 21
210.5440059890645
 31
0.0
 12
66.0
 22
208.0440059890645
 32
0.0
 13
66.0
 23
208.0440059890645
 33
0.0
  0
SOLID
  5
3F2
330
3EB
100
AcDbEntity
  8
Annotations
 62
     0
100
AcDbTrace
 10
66.41666666666667
 20
219.4136428962719
 30
0.0
 11
65.58333333333333
 21
219.4136428962719
 31
0.0
 12
66.0
 22
221.9136428962719
 32
0.0
 13
66.0
 23
221.9136428962719
 33
0.0
  0
MTEXT
  5
3F3
330
3EB
100
AcDbEntity
  8
Annotations
 62
     0
370
    15
100
AcDbMText
 10
63.30624999999999
 20
214.9788244426682
 30
0.0
 40
3.3495
 41
0.0
 46
0.0
 71
     5
 72
     1
  1
\A1;13,87
  7
Shapr15
 11
0.0
 21
1.0
 31
0.0
 73
     1
 44
1.0
  0
POINT
  5
3F4
330
3EB
100
AcDbEntity
  8
Defpoints
 62
     0
100
AcDbPoint
 10
92.5
 20
208.0440059890645
 30
0.0
  0
POINT
  5
3F5
330
3EB
100
AcDbEntity
  8
Defpoints
 62
     0
100
AcDbPoint
 10
101.4420485266941
 20
221.9136428962719
 30
0.0
  0
POINT
  5
3F6
330
3EB
100
AcDbEntity
  8
Defpoints
 62
     0
100
AcDbPoint
 10
66.0
 20
221.9136428962719
 30
0.0
  0
ENDBLK
  5
3ED
330
3EB
100
AcDbEntity
  8
0
100
AcDbBlockEnd
  0
BLOCK
  5
3F9
330
3F8
100
AcDbEntity
  8
0
100
AcDbBlockBegin
  2
*D29
 70
     1
 10
0.0
 20
0.0
 30
0.0
  3
*D29
  1

  0
LINE
  5
3FB
330
3F8
100
AcDbEntity
  8
Annotations
  6
Continuous
 62
     0
370
    15
100
AcDbLine
 10
100.8170485266941
 20
221.9136428962719
 30
0.0
 11
75.42048645019531
 21
221.9136428962719
 31
0.0
  0
LINE
  5
3FC
330
3F8
100
AcDbEntity
  8
Annotations
  6
Continuous
 62
     0
370
    15
100
AcDbLine
 10
102.5322531246199
 20
227.9249935720493
 30
0.0
 11
75.42048645019531
 21
227.9249935720493
 31
0.0
  0
LINE
  5
3FD
330
3F8
100
AcDbEntity
  8
Annotations
  6
Continuous
 62
     0
370
    15
100
AcDbLine
 10
76.67048645019531
 20
221.9136428962719
 30
0.0
 11
76.67048645019531
 21
227.9249935720493
 31
0.0
  0
LINE
  5
3FE
330
3F8
100
AcDbEntity
  8
Annotations
  6
Continuous
 62
     0
370
    15
100
AcDbLine
 10
76.67048645019531
 20
219.4136428962719
 30
0.0
 11
76.67048645019531
 21
216.9136428962719
 31
0.0
  0
LINE
  5
3FF
330
3F8
100
AcDbEntity
  8
Annotations
  6
Continuous
 62
     0
370
    15
100
AcDbLine
 10
76.67048645019531
 20
230.4249935720493
 30
0.0
 11
76.67048645019531
 21
232.9249935720493
 31
0.0
  0
LINE
  5
400
330
3F8
100
AcDbEntity
  8
Annotations
  6
Continuous
 62
     0
370
    15
100
AcDbLine
 10
76.67048645019531
 20
221.9136428962719
 30
0.0
 11
76.67048645019531
 21
227.9249935720493
 31
0.0
  0
SOLID
  5
401
330
3F8
100
AcDbEntity
  8
Annotations
 62
     0
100
AcDbTrace
 10
77.08715311686198
 20
219.4136428962719
 30
0.0
 11
76.25381978352864
 21
219.4136428962719
 31
0.0
 12
76.67048645019531
 22
221.9136428962719
 32
0.0
 13
76.67048645019531
 23
221.9136428962719
 33
0.0
  0
SOLID
  5
402
330
3F8
100
AcDbEntity
  8
Annotations
 62
     0
100
AcDbTrace
 10
76.25381978352864
 20
230.4249935720493
 30
0.0
 11
77.08715311686198
 21
230.4249935720493
 31
0.0
 12
76.67048645019531
 22
227.9249935720493
 32
0.0
 13
76.67048645019531
 23
227.9249935720493
 33
0.0
  0
MTEXT
  5
403
330
3F8
100
AcDbEntity
  8
Annotations
 62
     0
370
    15
100
AcDbMText
 10
73.9767364501953
 20
224.9193182341606
 30
0.0
 40
3.3495
 41
0.0
 46
0.0
 71
     5
 72
     1
  1
\A1;6,01
  7
Shapr15
 11
0.0
 21
1.0
 31
0.0
 73
     1
 44
1.0
  0
POINT
  5
404
330
3F8
100
AcDbEntity
  8
Defpoints
 62
     0
100
AcDbPoint
 10
101.4420485266941
 20
221.9136428962719
 30
0.0
  0
POINT
  5
405
330
3F8
100
AcDbEntity
  8
Defpoints
 62
     0
100
AcDbPoint
 10
103.1572531246199
 20
227.9249935720493
 30
0.0
  0
POINT
  5
406
330
3F8
100
AcDbEntity
  8
Defpoints
 62
     0
100
AcDbPoint
 10
76.67048645019531
 20
227.9249935720493
 30
0.0
  0
ENDBLK
  5
3FA
330
3F8
100
AcDbEntity
  8
0
100
AcDbBlockEnd
  0
BLOCK
  5
457
330
43F
100
AcDbEntity
  8
0
100
AcDbBlockBegin
  2
*U30
 70
     1
 10
0.0
 20
0.0
 30
0.0
  3
*U30
  1

  0
LINE
  5
440
330
43F
100
AcDbEntity
  8
Border
  6
Continuous
370
    15
100
AcDbLine
 10
410.0
 20
10.0
 30
0.0
 11
338.0
 21
10.0
 31
0.0
  0
LINE
  5
441
330
43F
100
AcDbEntity
  8
Border
  6
Continuous
370
    15
100
AcDbLine
 10
410.0
 20
22.0
 30
0.0
 11
338.0
 21
22.0
 31
0.0
  0
LINE
  5
442
330
43F
100
AcDbEntity
  8
Border
  6
Continuous
370
    15
100
AcDbLine
 10
410.0
 20
34.0
 30
0.0
 11
338.0
 21
34.0
 31
0.0
  0
LINE
  5
443
330
43F
100
AcDbEntity
  8
Border
  6
Continuous
370
    15
100
AcDbLine
 10
410.0
 20
46.0
 30
0.0
 11
338.0
 21
46.0
 31
0.0
  0
LINE
  5
444
330
43F
100
AcDbEntity
  8
Border
  6
Continuous
370
    15
100
AcDbLine
 10
410.0
 20
10.0
 30
0.0
 11
410.0
 21
46.0
 31
0.0
  0
LINE
  5
445
330
43F
100
AcDbEntity
  8
Border
  6
Continuous
370
    15
100
AcDbLine
 10
390.0
 20
10.0
 30
0.0
 11
390.0
 21
34.0
 31
0.0
  0
LINE
  5
446
330
43F
100
AcDbEntity
  8
Border
  6
Continuous
370
    15
100
AcDbLine
 10
358.0
 20
10.0
 30
0.0
 11
358.0
 21
34.0
 31
0.0
  0
LINE
  5
447
330
43F
100
AcDbEntity
  8
Border
  6
Continuous
370
    15
100
AcDbLine
 10
338.0
 20
10.0
 30
0.0
 11
338.0
 21
46.0
 31
0.0
  0
CIRCLE
  5
448
330
43F
100
AcDbEntity
  8
Border
  6
Continuous
370
    40
100
AcDbCircle
 10
369.5333333333333
 20
26.23333333333333
 30
0.0
 40
1.083333333333333
  0
CIRCLE
  5
449
330
43F
100
AcDbEntity
  8
Border
  6
Continuous
370
    40
100
AcDbCircle
 10
369.5333333333333
 20
26.23333333333333
 30
0.0
 40
2.166666666666667
  0
LINE
  5
44A
330
43F
100
AcDbEntity
  8
Border
  6
Continuous
370
    15
100
AcDbLine
 10
369.3166666666667
 20
26.23333333333333
 30
0.0
 11
369.7499999999999
 21
26.23333333333333
 31
0.0
  0
LINE
  5
44B
330
43F
100
AcDbEntity
  8
Border
  6
Continuous
370
    15
100
AcDbLine
 10
368.8833333333333
 20
26.23333333333333
 30
0.0
 11
366.9333333333333
 21
26.23333333333333
 31
0.0
  0
LINE
  5
44C
330
43F
100
AcDbEntity
  8
Border
  6
Continuous
370
    15
100
AcDbLine
 10
370.1833333333333
 20
26.23333333333333
 30
0.0
 11
372.1333333333333
 21
26.23333333333333
 31
0.0
  0
LINE
  5
44D
330
43F
100
AcDbEntity
  8
Border
  6
Continuous
370
    15
100
AcDbLine
 10
369.5333333333333
 20
26.01666666666667
 30
0.0
 11
369.5333333333333
 21
26.45
 31
0.0
  0
LINE
  5
44E
330
43F
100
AcDbEntity
  8
Border
  6
Continuous
370
    15
100
AcDbLine
 10
369.5333333333333
 20
25.58333333333333
 30
0.0
 11
369.5333333333333
 21
23.63333333333333
 31
0.0
  0
LINE
  5
44F
330
43F
100
AcDbEntity
  8
Border
  6
Continuous
370
    15
100
AcDbLine
 10
369.5333333333333
 20
26.88333333333333
 30
0.0
 11
369.5333333333333
 21
28.83333333333333
 31
0.0
  0
LINE
  5
450
330
43F
100
AcDbEntity
  8
Border
  6
Continuous
370
    40
100
AcDbLine
 10
360.4333333333333
 20
27.31666666666666
 30
0.0
 11
360.4333333333333
 21
25.15
 31
0.0
  0
LINE
  5
451
330
43F
100
AcDbEntity
  8
Border
  6
Continuous
370
    40
100
AcDbLine
 10
360.4333333333333
 20
27.31666666666666
 30
0.0
 11
365.6333333333333
 21
28.4
 31
0.0
  0
LINE
  5
452
330
43F
100
AcDbEntity
  8
Border
  6
Continuous
370
    40
100
AcDbLine
 10
360.4333333333333
 20
25.15
 30
0.0
 11
365.6333333333333
 21
24.06666666666666
 31
0.0
  0
LINE
  5
453
330
43F
100
AcDbEntity
  8
Border
  6
Continuous
370
    40
100
AcDbLine
 10
365.6333333333333
 20
28.4
 30
0.0
 11
365.6333333333333
 21
24.06666666666666
 31
0.0
  0
LINE
  5
454
330
43F
100
AcDbEntity
  8
Border
  6
Continuous
370
    15
100
AcDbLine
 10
360.0
 20
26.23333333333333
 30
0.0
 11
362.3833333333333
 21
26.23333333333333
 31
0.0
  0
LINE
  5
455
330
43F
100
AcDbEntity
  8
Border
  6
Continuous
370
    15
100
AcDbLine
 10
362.8166666666667
 20
26.23333333333333
 30
0.0
 11
363.25
 21
26.23333333333333
 31
0.0
  0
LINE
  5
456
330
43F
100
AcDbEntity
  8
Border
  6
Continuous
370
    15
100
AcDbLine
 10
366.0666666666667
 20
26.23333333333333
 30
0.0
 11
363.6833333333333
 21
26.23333333333333
 31
0.0
  0
ENDBLK
  5
458
330
43F
100
AcDbEntity
  8
0
100
AcDbBlockEnd
  0
ENDSEC
  0
SECTION
  2
ENTITIES
  0
LWPOLYLINE
  5
B6
330
1F
100
AcDbEntity
  8
Geometries
  6
Continuous
370
    40
100
AcDbPolyline
 90
      176
 70
   128
 43
0.0
 10
142.5
 20
208.0440059890645
 10
142.4997536157215
 20
208.1243471994773
 10
142.4990100875164
 20
208.2050434986784
 10
142.4977628090177
 20
208.2860948227834
 10
142.4960051161338
 20
208.3675010642175
 10
142.493730287092
 20
208.4492620707583
 10
142.4909315425012
 20
208.5313776445672
 10
142.4878067202469
 20
208.6091254355347
 10
142.4842042929982
 20
208.6871879690505
 10
142.4801184381081
 20
208.7655649631458
 10
142.4755432877364
 20
208.8442560967341
 10
142.4704729289691
 20
208.9232610088454
 10
142.4649014039554
 20
209.0025792978517
 10
142.4588227100579
 20
209.0822105206834
 10
142.4522308000222
 20
209.162154192039
 10
142.4451195821604
 20
209.2424097835843
 10
142.4374829205534
 20
209.3229767231458
 10
142.4294651953811
 20
209.4024074286999
 10
142.4209287678515
 20
209.4821372400464
 10
142.4118677016247
 20
209.5621654870415
 10
142.4022760201143
 20
209.6424914556968
 10
142.3919585507814
 20
209.7245830027037
 10
142.3810783651698
 20
209.8069815603392
 10
142.3696290279332
 20
209.8896862298414
 10
142.3576040617507
 20
209.972696061924
 10
142.3449969477028
 20
210.0560100558996
 10
142.3320419659892
 20
210.1381313445713
 10
142.318512860738
 20
210.2205439661652
 10
142.304403341178
 20
210.3032468228977
 10
142.2897070794138
 20
210.3862387658599
 10
142.2740994624947
 20
210.4712211713764
 10
142.2578674820871
 20
210.5565019998193
 10
142.2410042983543
 20
210.6420798604436
 10
142.2235030333024
 20
210.7279533033942
 10
142.2053567713704
 20
210.8141208187615
 10
142.1865585600478
 20
210.9005808356315
 10
142.1671014105185
 20
210.9873317211301
 10
142.148875832782
 20
211.0662742687454
 10
142.1300970041626
 20
211.1454534500492
 10
142.1107596334579
 20
211.2248679099997
 10
142.0908584067187
 20
211.3045162491075
 10
142.0703879877275
 20
211.3843970228356
 10
142.0493430184932
 20
211.4645087409975
 10
142.0277181197633
 20
211.5448498671537
 10
142.0032544671042
 20
211.6334881810798
 10
141.9780753497907
 20
211.7223999881361
 10
141.952173523623
 20
211.8115830441014
 10
141.9255417166974
 20
211.9010350332995
 10
141.8981726303786
 20
211.9907535676152
 10
141.8747965754953
 20
212.0657208500837
 10
141.8508991833317
 20
212.1408700613132
 10
141.8264761906357
 20
212.2161997010942
 10
141.8015233231201
 20
212.2917082325416
 10
141.776036295917
 20
212.3673940816984
 10
141.7500108140416
 20
212.4432556371401
 10
141.7249754545675
 20
212.514941697821
 10
141.699453977713
 20
212.5867810783923
 10
141.6734427611018
 20
212.6587723347832
 10
141.6469381758781
 20
212.7309139921009
 10
141.6199365870978
 20
212.8032045443388
 10
141.5907513811757
 20
212.8800373319668
 10
141.5609986579701
 20
212.957034006307
 10
141.5306740613829
 20
213.0341926536634
 10
141.4997732297629
 20
213.1115113194549
 10
141.468291796491
 20
213.1889880078297
 10
141.4362253905781
 20
213.2666206812806
 10
141.4054516329828
 20
213.3399582036893
 10
141.3741502882147
 20
213.4134307677606
 10
141.3423176848742
 20
213.4870365621283
 10
141.3099501500431
 20
213.5607737413434
 10
141.2770440097783
 20
213.6346404255964
 10
141.2435955896163
 20
213.7086347004413
 10
141.2096012150846
 20
213.7827546165224
 10
141.1750572122253
 20
213.8569981893024
 10
141.1399599081278
 20
213.9313633987945
 10
141.1043056314703
 20
214.0058481892949
 10
141.0687423456335
 20
214.0791172675478
 10
141.0326347886196
 20
214.1524976610025
 10
140.9959794898941
 20
214.2259873200593
 10
140.9587729824919
 20
214.2995841609289
 10
140.9198397683578
 20
214.375558016986
 10
140.8803133966717
 20
214.4516411503035
 10
140.8401900857161
 20
214.5278311629207
 10
140.7994660603468
 20
214.6041256172435
 10
140.7581375526655
 20
214.6805220357924
 10
140.7162008027026
 20
214.7570179009543
 10
140.673652059112
 20
214.8336106547392
 10
140.6304875798763
 20
214.9102976985412
 10
140.5846031682019
 20
214.990734761808
 10
140.5380346092019
 20
215.0712693285968
 10
140.4907776385846
 20
215.1518982660232
 10
140.4428280069134
 20
215.2326183911657
 10
140.3941814805687
 20
215.3134264707984
 10
140.3448338427234
 20
215.3943192211311
 10
140.2947808943343
 20
215.4752933075573
 10
140.2440184551467
 20
215.5563453444104
 10
140.1925423647144
 20
215.6374718947283
 10
140.1403484834342
 20
215.7186694700272
 10
140.0874326935941
 20
215.7999345300837
 10
140.0337909004368
 20
215.8812634827269
 10
139.9825457350758
 20
215.9580003133944
 10
139.9306481570103
 20
216.0347876067692
 10
139.8780947953446
 20
216.1116222241532
 10
139.824882300695
 20
216.1885009852296
 10
139.7710073460322
 20
216.2654206679441
 10
139.713139659545
 20
216.3470432271767
 10
139.6545191534068
 20
216.4287042009478
 10
139.5951419472085
 20
216.5103995904469
 10
139.5350041933543
 20
216.5921253435393
 10
139.4741020782597
 20
216.6738773546639
 10
139.412431823561
 20
216.7556514647424
 10
139.3535786677553
 20
216.8327692250877
 10
139.2940362189696
 20
216.9098993117435
 10
139.2338014021634
 20
216.9870381075957
 10
139.1728711739458
 20
217.0641819530579
 10
139.1112425235229
 20
217.1413271460522
 10
139.0489124736543
 20
217.2184699420008
 10
138.9858780816174
 20
217.2956065538274
 10
138.9221364401805
 20
217.372733151969
 10
138.8576846785828
 20
217.4498458643984
 10
138.7925199635236
 20
217.5269407766577
 10
138.7278222295187
 20
217.6026378394576
 10
138.6624314705591
 20
217.6783101270832
 10
138.596345113544
 20
217.7539538118296
 10
138.5295606239408
 20
217.8295650267378
 10
138.467256124291
 20
217.8993673431016
 10
138.4043520274495
 20
217.969135522685
 10
138.3408464283562
 20
218.0388664299986
 10
138.2767374526576
 20
218.1085569012624
 10
138.2120232573506
 20
218.1782037444898
 10
138.1478738153756
 20
218.2465613121183
 10
138.0831371437239
 20
218.314870612929
 10
138.0178115883019
 20
218.383128543981
 10
137.9518955265855
 20
218.4513319764624
 10
137.8840238827822
 20
218.5208678634301
 10
137.815534074093
 20
218.5903403407575
 10
137.7464244821774
 20
218.6597460015747
 10
137.6766935255673
 20
218.7290814114889
 10
137.6063396603394
 20
218.7983431087368
 10
137.5353613807904
 20
218.8675276043452
 10
137.4637572201147
 20
218.9366313822988
 10
137.3915257510811
 20
219.0056508997178
 10
137.3186655867135
 20
219.0745825870421
 10
137.2451753809713
 20
219.1434228482256
 10
137.1710538294308
 20
219.2121680609372
 10
137.0962996699674
 20
219.2808145767723
 10
137.020911683439
 20
219.3493587214714
 10
136.9448886943688
 20
219.4177967951479
 10
136.8605286297936
 20
219.492951717292
 10
136.7753974018812
 20
219.5679687919157
 10
136.6894936351128
 20
219.6428429891499
 10
136.6028160221001
 20
219.7175692431491
 10
136.5153633246821
 20
219.7921424525342
 10
136.4351872945141
 20
219.859799150417
 10
136.3543689064825
 20
219.9273212366354
 10
136.2729073838125
 20
219.9947048039393
 10
136.1908019998615
 20
220.0619459220657
 10
136.1080520787935
 20
220.1290406380624
 10
136.0246569962494
 20
220.195984976621
 10
135.9406161800171
 20
220.2627749404195
 10
135.8630110614773
 20
220.3238600278492
 10
135.7848625496157
 20
220.3848089093995
 10
135.7061703220023
 20
220.4456184588965
 10
135.6269340948174
 20
220.5062855356126
 10
135.5471536232757
 20
220.5668069845186
 10
135.4668287020463
 20
220.6271796365401
 10
135.3859591656714
 20
220.687400308821
 10
135.3045448889822
 20
220.7474658049923
 10
135.2225857875109
 20
220.8073729154463
 10
135.1400818179022
 20
220.8671184176171
 10
135.0570329783189
 20
220.9266990762667
 10
134.9734393088461
 20
220.9861116437766
 10
134.8742188599105
 20
221.0559133681438
 10
134.7742419531191
 20
221.1254717230967
 10
134.6735088829367
 20
221.1947813292929
 10
134.5720200280387
 20
221.2638367860993
  0
ARC
  5
B7
330
1F
100
AcDbEntity
  8
Geometries
  6
Continuous
370
    40
100
AcDbCircle
 10
141.994946644
 20
227.9645949860645
 30
0.0
 40
9.999999999928646
100
AcDbArc
 50
181.1954378705756
 51
222.0729168952191
  0
LINE
  5
B8
330
1F
100
AcDbEntity
  8
Geometries
  6
Continuous
370
    40
100
AcDbLine
 10
110.0
 20
198.0440059890645
 30
0.0
 11
110.0
 21
168.0440059890645
 31
0.0
  0
LINE
  5
B9
330
1F
100
AcDbEntity
  8
Geometries
  6
Continuous
370
    40
100
AcDbLine
 10
120.1748488306836
 20
221.1282759331021
 30
0.0
 11
118.8871394276904
 21
218.7147080884459
 31
0.0
  0
LINE
  5
BA
330
1F
100
AcDbEntity
  8
Geometries
  6
Continuous
370
    40
100
AcDbLine
 10
116.322236608729
 20
228.6808591981929
 30
0.0
 11
114.1067094789377
 21
233.1543175907314
 31
0.0
  0
LINE
  5
BB
330
1F
100
AcDbEntity
  8
Geometries
  6
Continuous
370
    40
100
AcDbLine
 10
84.0
 20
198.0440059890645
 30
0.0
 11
84.0
 21
168.0440059890645
 31
0.0
  0
LINE
  5
BC
330
1F
100
AcDbEntity
  8
Geometries
  6
Continuous
370
    40
100
AcDbLine
 10
136.0
 20
168.0440059890645
 30
0.0
 11
151.0
 21
168.0440059890645
 31
0.0
  0
LINE
  5
BD
330
1F
100
AcDbEntity
  8
Geometries
  6
Continuous
370
    40
100
AcDbLine
 10
78.0
 20
208.0440059890645
 30
0.0
 11
78.0
 21
158.0440059890645
 31
0.0
  0
LINE
  5
BE
330
1F
100
AcDbEntity
  8
Geometries
  6
Continuous
370
    40
100
AcDbLine
 10
125.0
 20
168.0440059890645
 30
0.0
 11
125.0
 21
198.0440059890645
 31
0.0
  0
LINE
  5
BF
330
1F
100
AcDbEntity
  8
Geometries
  6
Continuous
370
    40
100
AcDbLine
 10
123.1712346258221
 20
214.9592488930504
 30
0.0
 11
120.1748488306836
 21
221.1282759331021
 31
0.0
  0
LINE
  5
C0
330
1F
100
AcDbEntity
  8
Geometries
  6
Continuous
370
    40
100
AcDbLine
 10
112.056730439672
 20
214.7181637049928
 30
0.0
 11
113.2870212966978
 21
212.0923167030008
 31
0.0
  0
LINE
  5
C1
330
1F
100
AcDbEntity
  8
Geometries
  6
Continuous
370
    40
100
AcDbLine
 10
151.0
 20
198.0440059890645
 30
0.0
 11
136.0
 21
198.0440059890645
 31
0.0
  0
LWPOLYLINE
  5
C2
330
1F
100
AcDbEntity
  8
Geometries
  6
Continuous
370
    40
100
AcDbPolyline
 90
      184
 70
   128
 43
0.0
 10
101.4420485266941
 20
221.9136428962719
 10
101.3364868277451
 20
221.849246460787
 10
101.2316298524924
 20
221.7845604948077
 10
101.1274787310307
 20
221.7195900921429
 10
101.0240345115253
 20
221.6543403346298
 10
100.9212981609667
 20
221.588816291317
 10
100.8210862672156
 20
221.5242002293006
 10
100.7215588073016
 20
221.4593292426952
 10
100.6227164724437
 20
221.3942080937259
 10
100.5245598808494
 20
221.3288415300744
 10
100.4251075378329
 20
221.2618928879107
 10
100.3263702843052
 20
221.1946986507797
 10
100.2283485462709
 20
221.1272638121646
 10
100.1310426734893
 20
221.0595933471142
 10
100.0344529402351
 20
220.9916922116013
 10
99.9385795460669
 20
220.9235653418948
 10
99.84342261660579
 20
220.8552176539444
 10
99.74898220432229
 20
220.7866540427788
 10
99.65525828933052
 20
220.7178793819168
 10
99.56225078019094
 20
220.6488985227915
 10
99.46995951471969
 20
220.5797162941883
 10
99.37838426080482
 20
220.5103375016949
 10
99.287524717229
 20
220.4407669271654
 10
99.19738051449869
 20
220.3710093281976
 10
99.1153763637395
 20
220.3069046093205
 10
99.03397254585354
 20
220.2426503419902
 10
98.9531686286209
 20
220.1782501349062
 10
98.87296413389222
 20
220.1137075783105
 10
98.79335853814027
 20
220.0490262436895
 10
98.71435127301385
 20
219.9842096834834
 10
98.62884320181416
 20
219.9133506355741
 10
98.5440456089799
 20
219.8423394226807
 10
98.45995757883406
 20
219.7711805769383
 10
98.37657813552754
 20
219.6998786019025
 10
98.29390624390928
 20
219.6284379721621
 10
98.21194081039815
 20
219.5568631329633
 10
98.1306806838569
 20
219.4851584998467
 10
98.05681079654303
 20
219.419318978523
 10
97.9835315771754
 20
219.3533774351333
 10
97.91084201537072
 20
219.2873372035191
 10
97.83874106247868
 20
219.221201595645
 10
97.76722763214894
 20
219.1549739014021
 10
97.69630060089908
 20
219.0886573884172
 10
97.62595880868167
 20
219.0222553018701
 10
97.55620105945147
 20
218.9557708643172
 10
97.48702612173136
 20
218.8892072755223
 10
97.41843272917833
 20
218.8225677122938
 10
97.35041958114803
 20
218.7558553283292
 10
97.2829853432587
 20
218.6890732540658
 10
97.21993349653117
 20
218.6260462595934
 10
97.15739390081528
 20
218.5629626592458
 10
97.09536535792694
 20
218.4998250194181
 10
97.03384664474173
 20
218.4366358877147
 10
96.97283651360998
 20
218.3733977928613
 10
96.90303114622245
 20
218.3003317749729
 10
96.83389996097648
 20
218.2272076704576
 10
96.7654409203944
 20
218.1540292757908
 10
96.69765194657855
 20
218.0808003533275
 10
96.63053092204734
 20
218.0075246311708
 10
96.56525656535891
 20
217.935515424587
 10
96.50062235742547
 20
217.863468104873
 10
96.4366261853253
 20
217.7913861068291
 10
96.37326590235047
 20
217.7192728329862
 10
96.30926577752895
 20
217.64565911746
 10
96.24592314098311
 20
217.5720198915457
 10
96.18323560789717
 20
217.498358666001
 10
96.1212007600567
 20
217.4246789163132
 10
96.05981614665161
 20
217.3509840826497
 10
95.9990792850738
 20
217.2772775698164
 10
95.93898766170877
 20
217.2035627472252
 10
95.879538732722
 20
217.1298429488699
 10
95.82072992483884
 20
217.0561214733096
 10
95.76255863611878
 20
216.9824015836612
 10
95.70502223672307
 20
216.9086865075987
 10
95.64811806967653
 20
216.8349794373613
 10
95.59184345162254
 20
216.7612835297686
 10
95.53619567357165
 20
216.687601906243
 10
95.47570385430849
 20
216.6065723006156
 10
95.41596353044017
 20
216.5255677702569
 10
95.35697099526989
 20
216.4445923216813
 10
95.29872250906763
 20
216.3636499098331
 10
95.24121430021665
 20
216.2827444381827
 10
95.18957330077298
 20
216.2092293073733
 10
95.13853808063556
 20
216.1357507472078
 10
95.08810574219811
 20
216.0623115801486
 10
95.03827336898925
 20
215.9889145938217
 10
94.98903802634722
 20
215.9155625411088
 10
94.9403967620872
 20
215.8422581402458
 10
94.89234660716087
 20
215.769004074926
 10
94.84017060464713
 20
215.6884859014939
 10
94.78870223684208
 20
215.6080353171592
 10
94.73793748688796
 20
215.5276557500817
 10
94.68787231717218
 20
215.4473505785717
 10
94.63850267032504
 20
215.3671231313009
 10
94.58982447020432
 20
215.2869766875224
 10
94.5418336228656
 20
215.2069144772979
 10
94.49452601751884
 20
215.1269396817342
 10
94.44789752747184
 20
215.0470554332259
 10
94.40194401105904
 20
214.9672648157069
 10
94.35746407381686
 20
214.8889931061077
 10
94.31362726124081
 20
214.8108174727842
 10
94.27042961249231
 20
214.7327407023574
 10
94.22786715610128
 20
214.6547655373462
 10
94.18465424306848
 20
214.574497634303
 10
94.14210765674231
 20
214.4943434673962
 10
94.10022301700562
 20
214.4143058951069
 10
94.05899593525633
 20
214.3343877273512
 10
94.01842201526429
 20
214.2545917258066
 10
93.97849685401245
 20
214.1749206042436
 10
93.9392160425241
 20
214.0953770288627
 10
93.90057516667522
 20
214.0159636186364
 10
93.86077580563708
 20
213.9329110296052
 10
93.8216688438628
 20
213.8500070225841
 10
93.78324919362906
 20
213.7672544445211
 10
93.74551176483638
 20
213.6846560872214
 10
93.7084514659401
 20
213.6022146878066
 10
93.67206320486348
 20
213.519932929179
 10
93.63634188989127
 20
213.4378134404908
 10
93.60128243054537
 20
213.3558587976165
 10
93.56687973844204
 20
213.2740715236307
 10
93.53312872813015
 20
213.1924540892884
 10
93.50002431791175
 20
213.1110089135094
 10
93.46756143064503
 20
213.0297383638659
 10
93.43753659121242
 20
212.9532738710676
 10
93.40807329768157
 20
212.8769685780728
 10
93.37916730930641
 20
212.800824346255
 10
93.35081439127286
 20
212.7248429979256
 10
93.32301031523318
 20
212.6490263167065
 10
93.29411618243432
 20
212.5687965694386
 10
93.2658296583246
 20
212.4887560522229
 10
93.23814572596274
 20
212.4089067531836
 10
93.2110593792174
 20
212.3292506134445
 10
93.1845656234025
 20
212.2497895276354
 10
93.15865947589717
 20
212.1705253443987
 10
93.13476741538821
 20
212.0959725104149
 10
93.11138915344095
 20
212.0215977968931
 10
93.08852054602033
 20
211.9474026434201
 10
93.06615746040966
 20
211.8733884548003
 10
93.044295775616
 20
211.7995566014346
 10
93.02048361047927
 20
211.7173719266679
 10
92.99728518645863
 20
211.6354178436264
 10
92.97469482987599
 20
211.5536961091254
 10
92.95270688772094
 20
211.4722084290832
 10
92.93131572825757
 20
211.3909564591723
 10
92.91051574161196
 20
211.3099418054711
 10
92.89030134034016
 20
211.229166025112
 10
92.87066695997841
 20
211.1486306269294
 10
92.85091852698255
 20
211.0653953814993
 10
92.83178136150309
 20
210.9824216279312
 10
92.81324934558171
 20
210.899710887374
 10
92.79531639017468
 20
210.8172646282084
 10
92.77797643570322
 20
210.7350842668074
 10
92.76122345258304
 20
210.6531711682933
 10
92.7450514417328
 20
210.5715266472909
 10
92.7279261307909
 20
210.4820293893787
 10
92.71148867604589
 20
210.3928602548381
 10
92.69573122475262
 20
210.304020788236
 10
92.68064597163706
 20
210.2155124647722
 10
92.66622515955169
 20
210.1273366914564
 10
92.65246108009826
 20
210.0394948082763
 10
92.63934607421928
 20
209.9519880893577
 10
92.62687253275882
 20
209.8648177441152
 10
92.61503289699168
 20
209.7779849183933
 10
92.60381965912464
 20
209.6914906955988
 10
92.59340916202903
 20
209.6068715889056
 10
92.5835886832538
 20
209.5225809980096
 10
92.57435125606534
 20
209.4386197796749
 10
92.56568996270741
 20
209.354988736655
 10
92.55745603364869
 20
209.2701771386132
 10
92.54980506178802
 20
209.1857093444396
 10
92.54272990367625
 20
209.1015860352156
 10
92.536223469793
 20
209.0178078382029
 10
92.53027872481178
 20
208.9343753278831
 10
92.52498011440446
 20
208.8527696721657
 10
92.52021001549822
 20
208.7714984193715
 10
92.5159619168897
 20
208.6905619707936
 10
92.51222935857108
 20
208.6099606823479
 10
92.50894540423192
 20
208.5280602825693
 10
92.50618482076595
 20
208.4465094707655
 10
92.50394091022068
 20
208.3653084847726
 10
92.50220703065128
 20
208.2844575171008
 10
92.50097659619998
 20
208.2039567158831
 10
92.50024307715644
 20
208.123806185812
 10
92.5
 20
208.0440059890645
  0
LINE
  5
C3
330
1F
100
AcDbEntity
  8
Geometries
  6
Continuous
370
    40
100
AcDbLine
 10
120.5890861260144
 20
239.7903931485387
 30
0.0
 11
119.1272426820017
 21
242.4101285835717
 31
0.0
  0
LINE
  5
C4
330
1F
100
AcDbEntity
  8
Geometries
  6
Continuous
370
    40
100
AcDbLine
 10
78.0
 20
158.0440059890645
 30
0.0
 11
157.0
 21
158.0440059890645
 31
0.0
  0
LINE
  5
C5
330
1F
100
AcDbEntity
  8
Geometries
  6
Continuous
370
    40
100
AcDbLine
 10
114.2702080589733
 20
214.3423457104933
 30
0.0
 11
123.0646440601018
 21
233.0557579331842
 31
0.0
  0
LINE
  5
C6
330
1F
100
AcDbEntity
  8
Geometries
  6
Continuous
370
    40
100
AcDbLine
 10
110.0
 20
168.0440059890645
 30
0.0
 11
125.0
 21
168.0440059890645
 31
0.0
  0
ARC
  5
C7
330
1F
100
AcDbEntity
  8
Geometries
  6
Continuous
370
    40
100
AcDbCircle
 10
93.16523123900001
 20
227.5256207640645
 30
0.0
 40
10.00000000012322
100
AcDbArc
 50
325.8613267854955
 51
2.288846356611639
  0
LINE
  5
C8
330
1F
100
AcDbEntity
  8
Geometries
  6
Continuous
370
    40
100
AcDbLine
 10
122.1745006118277
 20
212.275943246961
 30
0.0
 11
123.1712346258221
 21
214.9592488930504
 31
0.0
  0
LINE
  5
C9
330
1F
100
AcDbEntity
  8
Geometries
  6
Continuous
370
    40
100
AcDbLine
 10
142.5
 20
208.0440059890645
 30
0.0
 11
157.0
 21
208.0440059890645
 31
0.0
  0
LINE
  5
CA
330
1F
100
AcDbEntity
  8
Geometries
  6
Continuous
370
    40
100
AcDbLine
 10
118.8871394276904
 20
218.7147080884459
 30
0.0
 11
121.0813181315591
 21
214.3423457100645
 31
0.0
  0
LINE
  5
CB
330
1F
100
AcDbEntity
  8
Geometries
  6
Continuous
370
    40
100
AcDbLine
 10
116.0515712519943
 20
237.2584060305718
 30
0.0
 11
119.0512504113243
 21
237.2145318732701
 31
0.0
  0
LINE
  5
CC
330
1F
100
AcDbEntity
  8
Geometries
  6
Continuous
370
    40
100
AcDbLine
 10
157.0
 20
208.0440059890645
 30
0.0
 11
157.0
 21
158.0440059890645
 31
0.0
  0
LINE
  5
CD
330
1F
100
AcDbEntity
  8
Geometries
  6
Continuous
370
    40
100
AcDbLine
 10
121.0813181315591
 20
214.3423457100645
 30
0.0
 11
114.2702080589733
 21
214.3423457104933
 31
0.0
  0
LINE
  5
CE
330
1F
100
AcDbEntity
  8
Geometries
  6
Continuous
370
    40
100
AcDbLine
 10
115.1585431145658
 20
226.182932609444
 30
0.0
 11
116.322236608729
 21
228.6808591981929
 31
0.0
  0
LWPOLYLINE
  5
CF
330
1F
100
AcDbEntity
  8
Geometries
  6
Continuous
370
    40
100
AcDbPolyline
 90
      489
 70
   128
 43
0.0
 10
131.997123165786
 20
227.75596685506
 10
131.9879704820123
 20
227.8736409241128
 10
131.9782112420221
 20
227.9910608519345
 10
131.967848840011
 20
228.1082198326096
 10
131.9568867311498
 20
228.2251111366421
 10
131.9453284304132
 20
228.341728111891
 10
131.933177511331
 20
228.4580641844687
 10
131.9211814019288
 20
228.5674893611595
 10
131.9086647831209
 20
228.6766536680185
 10
131.8956307871802
 20
228.7855517901059
 10
131.8820825887588
 20
228.8941784768249
 10
131.8680234039334
 20
229.0025285424658
 10
131.853456489245
 20
229.110596866726
 10
131.8383851407367
 20
229.2183783952057
 10
131.8228126929888
 20
229.3258681398789
 10
131.8067425181514
 20
229.4330611795411
 10
131.7901780249762
 20
229.539952660232
 10
131.773431502405
 20
229.6446372034666
 10
131.7562147761533
 20
229.7490217738403
 10
131.7385311732724
 20
229.8531019643679
 10
131.7203840512886
 20
229.9568734319755
 10
131.7014342457613
 20
230.0622100372464
 10
131.6820110299604
 20
230.1672177076675
 10
131.6621180395686
 20
230.2718920648684
 10
131.6417589391778
 20
230.376228800242
 10
131.6209374213221
 20
230.4802236751581
 10
131.6000412100883
 20
230.5820247071266
 10
131.5787060848583
 20
230.6834880747366
 10
131.5569356171931
 20
230.7846099604954
 10
131.5347334011148
 20
230.8853866126071
 10
131.5077442691532
 20
231.0049035761191
 10
131.480154512387
 20
231.1239199450028
 10
131.4519703087313
 20
231.2424297544525
 10
131.423197873622
 20
231.360427172172
 10
131.3938434579799
 20
231.4779064984003
 10
131.3639133461895
 20
231.5948621658864
 10
131.3378629591625
 20
231.694471589637
 10
131.3114000433623
 20
231.7936906604486
 10
131.2845285821793
 20
231.8925161256735
 10
131.257252572967
 20
231.9909448032831
 10
131.2295760261511
 20
232.0889735817511
 10
131.2020077227575
 20
232.1848596521334
 10
131.1740607607232
 20
232.2803542290469
 10
131.1457389713507
 20
232.375454562463
 10
131.1170461948869
 20
232.470157967357
 10
131.0824097511954
 20
232.5823789498381
 10
131.0472594931103
 20
232.6940293802289
 10
131.0116019401545
 20
232.8051050863825
 10
130.9754436230703
 20
232.9156020248488
 10
130.9387910820374
 20
233.0255162802712
 10
130.9016508649153
 20
233.1348440647456
 10
130.8640295255096
 20
233.24358171714
 10
130.8259336218618
 20
233.3517257023783
 10
130.7873697145646
 20
233.4592726106872
 10
130.7483443651031
 20
233.5662191568092
 10
130.7088641342203
 20
233.6725621791807
 10
130.6689355803094
 20
233.7782986390785
 10
130.6308839198237
 20
233.8774348316506
 10
130.5924450255369
 20
233.9760268624137
 10
130.5536243813677
 20
234.0740724801128
 10
130.5144274646404
 20
234.1715695277187
 10
130.4748597449847
 20
234.2685159416837
 10
130.4364473978895
 20
234.3612649512552
 10
130.3977017427867
 20
234.4535007921613
 10
130.3586276247555
 20
234.5452218678026
 10
130.3192298787452
 20
234.6364266590179
 10
130.2795133287484
 20
234.7271137234013
 10
130.2394827869893
 20
234.8172816946054
 10
130.2014564264681
 20
234.9018206024503
 10
130.163159212725
 20
234.9858958774653
 10
130.1245951467818
 20
235.0695065567835
 10
130.0857682179885
 20
235.152651735424
 10
130.046682403476
 20
235.2353305657342
 10
130.0027590010957
 20
235.3270543935834
 10
129.958523556102
 20
235.4181953301592
 10
129.9139815386905
 20
235.5087524447643
 10
129.8691383967024
 20
235.5987248918794
 10
129.8239995547813
 20
235.6881119101438
 10
129.7785704135509
 20
235.7769128213256
 10
129.7328563488152
 20
235.8651270292833
 10
129.6868627107793
 20
235.9527540189198
 10
129.6405948232915
 20
236.0397933551278
 10
129.5940579831083
 20
236.1262446817287
 10
129.5472574591789
 20
236.2121077204053
 10
129.5001984919512
 20
236.2973822696283
 10
129.4528862926993
 20
236.3820682035781
 10
129.405326042872
 20
236.4661654710612
 10
129.3575228934611
 20
236.5496740944233
 10
129.3094819643906
 20
236.6325941684587
 10
129.2589038822115
 20
236.7188317435422
 10
129.2080762319948
 20
236.8044238390858
 10
129.1570047866007
 20
236.8893708120382
 10
129.105695278711
 20
236.973673101203
 10
129.0541534001862
 20
237.0573312258503
 10
129.0023848014514
 20
237.1403457843271
 10
128.9527629775877
 20
237.2189872225681
 10
128.9029445280943
 20
237.2970435392875
 10
128.8529342588457
 20
237.3745154495872
 10
128.8027369395192
 20
237.4514037297182
 10
128.752357303202
 20
237.5277092159848
 10
128.7018000460188
 20
237.6034328036519
 10
128.6510698267759
 20
237.6785754458546
 10
128.6001712666237
 20
237.7531381525114
 10
128.54667340266
 20
237.8306306090051
 10
128.4930010378274
 20
237.9074890424372
 10
128.4391593501722
 20
237.983714806721
 10
128.3851534709324
 20
238.0593093188529
 10
128.3309884842195
 20
238.134274057569
 10
128.2766694267227
 20
238.2086105620076
 10
128.2222012874344
 20
238.28232043038
 10
128.167589007395
 20
238.3554053186482
 10
128.1128374794581
 20
238.427866939212
 10
128.0579515480765
 20
238.499707059604
 10
128.002936009107
 20
238.5709275011937
 10
127.947795609634
 20
238.6415301379013
 10
127.8956959498937
 20
238.7075342084751
 10
127.8434933666337
 20
238.7729924285717
 10
127.7911917189374
 20
238.8379064911823
 10
127.7387948269407
 20
238.9022781269529
 10
127.6863064717661
 20
238.9661091032629
 10
127.625599786192
 20
239.0391319388067
 10
127.5647818716586
 20
239.1114393822214
 10
127.5038583520615
 20
239.1830343262234
 10
127.4428347817176
 20
239.2539197218997
 10
127.3817166453546
 20
239.3240985769091
 10
127.3216030960991
 20
239.3923394728949
 10
127.2614086166229
 20
239.4599047415289
 10
127.2011382071976
 20
239.5267973816871
 10
127.1407968035291
 20
239.5930204384383
 10
127.0791558155105
 20
239.6599079726828
 10
127.0174510843509
 20
239.7261048610007
 10
126.9556876469666
 20
239.7916144774952
 10
126.8938704708277
 20
239.8564402396999
 10
126.8318126244243
 20
239.9207833767024
 10
126.7692254742562
 20
239.9849398084014
 10
126.7061042589816
 20
240.0489059129146
 10
126.6424471733983
 20
240.1126749567531
 10
126.5782524598896
 20
240.1762401291179
 10
126.5135184097708
 20
240.2395945420009
 10
126.448243364649
 20
240.3027312303153
 10
126.3824257177971
 20
240.3656431520572
 10
126.3160639155406
 20
240.428323188498
 10
126.2491564586584
 20
240.4907641444093
 10
126.1749263040542
 20
240.5591643771321
 10
126.100032321173
 20
240.6272567378766
 10
126.0244727552806
 20
240.6950313315228
 10
125.9482459401795
 20
240.7624781528704
 10
125.8713503005669
 20
240.829587087293
 10
125.8008635398312
 20
240.890293401246
 10
125.7298217606587
 20
240.9507042636951
 10
125.6582239849433
 20
241.010811843091
 10
125.5860693029206
 20
241.0706082352688
 10
125.5133568746842
 20
241.1300854640563
 10
125.4400859317061
 20
241.1892354819228
 10
125.3662557783676
 20
241.24805017067
 10
125.2980863551669
 20
241.3016620660316
 10
125.2294460947003
 20
241.3549789542307
 10
125.1603346292028
 20
241.4079944289425
 10
125.0907516465678
 20
241.4607020360957
 10
125.0206968913544
 20
241.5130952744547
 10
124.9501701657957
 20
241.5651675962292
 10
124.8791713308098
 20
241.616912407711
 10
124.8077003070117
 20
241.6683230699388
 10
124.7357570757262
 20
241.7193928993907
 10
124.6633416800004
 20
241.7701151687058
 10
124.5904542256174
 20
241.8204831074341
 10
124.5170948821078
 20
241.870489902816
 10
124.4474954988277
 20
241.9173022313697
 10
124.3774770733875
 20
241.9637816396566
 10
124.3070399084196
 20
242.0099223179494
 10
124.2361843600319
 20
242.0557184256993
 10
124.1649108385557
 20
242.1011640922257
 10
124.0910048224385
 20
242.1476366237398
 10
124.0166557525388
 20
242.1937240280334
 10
123.9418642642187
 20
242.2394197793944
 10
123.8666310574506
 20
242.2847173215054
 10
123.7909568976684
 20
242.3296100683753
 10
123.7162056545751
 20
242.3733007418644
 10
123.6410307192964
 20
242.4165882748281
 10
123.5654330060772
 20
242.459466349711
 10
123.4894134931527
 20
242.5019286250325
 10
123.4114088445961
 20
242.5448222573598
 10
123.3329672689862
 20
242.5872695329579
 10
123.2540900165553
 20
242.6292636435151
 10
123.1747784101397
 20
242.6707977592152
 10
123.0950338459722
 20
242.7118650299267
 10
123.0148577944646
 20
242.7524585864202
 10
122.9342518009789
 20
242.7925715416135
 10
122.853217486588
 20
242.832196991845
 10
122.7717565488229
 20
242.8713280181752
 10
122.6898707624095
 20
242.9099576877161
 10
122.6075619799898
 20
242.948079054989
 10
122.5248321328311
 20
242.9856851633094
 10
122.4416832315203
 20
243.0227690462005
 10
122.3581173666427
 20
243.0593237288342
 10
122.2811508858806
 20
243.092361337419
 10
122.2038375958538
 20
243.1249430225524
 10
122.1261792867942
 20
243.1570633996969
 10
122.0481778071499
 20
243.188717082497
 10
121.9698350639727
 20
243.2198986837965
 10
121.8911530232952
 20
243.2506028166713
 10
121.8051220342794
 20
243.2834761067923
 10
121.7186941069685
 20
243.315770322337
 10
121.6318720184391
 20
243.3474785251079
 10
121.5446586306008
 20
243.3785937835271
 10
121.4570568906739
 20
243.4091091743375
 10
121.3706443900972
 20
243.4384890629531
 10
121.2838631630204
 20
243.4672771095958
 10
121.1967162443427
 20
243.4954667884872
 10
121.1092067498961
 20
243.5230515880862
 10
121.0195409153489
 20
243.5505690795097
 10
120.9295043686358
 20
243.577443104732
 10
120.83910068292
 20
243.6036668020797
 10
120.7483335204038
 20
243.6292333327274
 10
120.6572066325889
 20
243.6541358826238
 10
120.5657238605083
 20
243.6783676644367
 10
120.4738891349305
 20
243.7019219195201
 10
120.3817064765334
 20
243.7247919198983
 10
120.2891799960484
 20
243.7469709702701
 10
120.1963138943745
 20
243.7684524100305
 10
120.1031124626609
 20
243.789229615309
 10
120.0095800823578
 20
243.8092960010252
 10
119.9157212252349
 20
243.8286450229595
 10
119.8215404533681
 20
243.8472701798383
 10
119.734929257811
 20
243.8637018300643
 10
119.6480551227422
 20
243.8795148688247
 10
119.5609217618089
 20
243.8947043925981
 10
119.4735329521617
 20
243.9092655339171
 10
119.3858925343378
 20
243.9231934627568
 10
119.298004412125
 20
243.9364833879284
 10
119.2180695082658
 20
243.9479829372342
 10
119.1379370514129
 20
243.9589500827539
 10
119.0576100897332
 20
243.969381336987
 10
118.9770917137308
 20
243.9792732423574
 10
118.8963850560997
 20
243.9886223720824
 10
118.8154932915615
 20
243.9974253310423
 10
118.7390572602226
 20
244.0052219943247
 10
118.6624622617561
 20
244.0125273421256
 10
118.5857110589502
 20
244.0193386102223
 10
118.5088064472197
 20
244.0256530620937
 10
118.4317512544379
 20
244.0314679895703
 10
118.3455778519215
 20
244.0373647188558
 10
118.2592244701764
 20
244.0426322154916
 10
118.1726951820471
 20
244.04726684571
 10
118.0859941094907
 20
244.0512650239955
 10
117.9991254232042
 20
244.0546232142046
 10
117.9120933422336
 20
244.057337930683
 10
117.8249021335648
 20
244.0594057393795
 10
117.7375561116964
 20
244.0608232589558
 10
117.6500596381943
 20
244.0615871618928
 10
117.5624171212275
 20
244.0616941755921
 10
117.4746330150858
 20
244.061141083471
 10
117.3867118196794
 20
244.0599247260538
 10
117.2986580800195
 20
244.0580420020552
 10
117.2104763856813
 20
244.0554898694576
 10
117.122171370248
 20
244.0522653465808
 10
117.0337477107369
 20
244.0483655131444
 10
116.940991290848
 20
244.043552547637
 10
116.8481153152962
 20
244.0379920779847
 10
116.7551253105919
 20
244.0316809709155
 10
116.6620268525015
 20
244.0246161722416
 10
116.5688255652057
 20
244.0167947081375
 10
116.4755271204341
 20
244.0082136864046
 10
116.3908161605901
 20
243.9997704225108
 10
116.3060342609379
 20
243.99069781152
 10
116.221185752721
 20
243.9809938740506
 10
116.1362749969972
 20
243.970656689154
 10
116.051306384039
 20
243.9596843950416
 10
115.9662843327225
 20
243.9480751898022
 10
115.8860757341873
 20
243.9365444437994
 10
115.8058273325252
 20
243.9244445386237
 10
115.7255428984061
 20
243.9117741135414
 10
115.6452262231323
 20
243.8985318572558
 10
115.5648811181386
 20
243.8847165083995
 10
115.4845114144836
 20
243.8703268560173
 10
115.4041209623329
 20
243.8553617400406
 10
115.3237136304349
 20
243.8398200517522
 10
115.2432933055871
 20
243.8237007342411
 10
115.1628638920963
 20
243.8070027828486
 10
115.0838656655541
 20
243.7900388608058
 10
115.0048661848278
 20
243.7725150154233
 10
114.9258691950037
 20
243.7544304444859
 10
114.8468784553967
 20
243.735784395946
 10
114.7664618423316
 20
243.7162217200091
 10
114.686059616937
 20
243.6960755500979
 10
114.6056757893747
 20
243.6753452549721
 10
114.5253143827687
 20
243.6540302588018
 10
114.4449794326021
 20
243.6321300415153
 10
114.3661087030903
 20
243.6100508115023
 10
114.2872712422481
 20
243.5874062402074
 10
114.2084709045848
 20
243.5641959938202
 10
114.1297115538239
 20
243.5404197915848
 10
114.0493911384179
 20
243.5155747260874
 10
113.9691215549244
 20
243.4901399480119
 10
113.8889069343694
 20
243.4641153315502
 10
113.8087514151988
 20
243.4375008094874
 10
113.7286591426182
 20
243.4102963734398
 10
113.6486342679254
 20
243.3825020740794
 10
113.5686809478402
 20
243.3541180213442
 10
113.4841495412526
 20
243.3234372719255
 10
113.3997078727398
 20
243.2920964732952
 10
113.3153608838869
 20
243.2600959740397
 10
113.2311135195624
 20
243.2274361979873
 10
113.1469707270006
 20
243.1941176443907
 10
113.062937454881
 20
243.1601408880884
 10
112.9838108425302
 20
243.1275033843124
 10
112.904790139368
 20
243.0942819365271
 10
112.8258794923866
 20
243.0604772117961
 10
112.7470830468627
 20
243.0260899372589
 10
112.6684049456583
 20
242.9911209001758
 10
112.58984932852
 20
242.9555709479581
 10
112.5114203313776
 20
242.9194409881824
 10
112.4331220856399
 20
242.8827319885913
 10
112.3549587174914
 20
242.845444977077
 10
112.2769343471866
 20
242.8075810416516
 10
112.200442546344
 20
242.7698327959595
 10
112.1240926817696
 20
242.7315302981125
 10
112.0478886362611
 20
242.6926747479016
 10
111.971834284496
 20
242.6532674008044
 10
111.8945549233948
 20
242.612577974854
 10
111.8174388272861
 20
242.5713193065953
 10
111.7404900559704
 20
242.5294928984964
 10
111.6637126577328
 20
242.4871003123621
 10
111.5871106686434
 20
242.4441431691667
 10
111.5120512036552
 20
242.4014052180478
 10
111.4371686186128
 20
242.3581259596887
 10
111.3624666989004
 20
242.3143070953586
 10
111.2879492159716
 20
242.2699503806262
 10
111.2121049882484
 20
242.2241358779977
 10
111.1364606892287
 20
242.1777652128405
 10
111.061020277082
 20
242.1308404237606
 10
110.9857876921344
 20
242.0833636071735
 10
110.9107668561864
 20
242.0353369169995
 10
110.8359616718328
 20
241.9867625643437
 10
110.7613760217887
 20
241.937642817161
 10
110.6826860149677
 20
241.885068353529
 10
110.6042507597326
 20
241.8318884853963
 10
110.5260747803917
 20
241.7781061062395
 10
110.4481625728962
 20
241.7237241789236
 10
110.3705186039773
 20
241.6687457351586
 10
110.2931473102935
 20
241.6131738749367
 10
110.220450940489
 20
241.5602368737728
 10
110.1480045572496
 20
241.5067778626965
 10
110.0758118018351
 20
241.4527996040178
 10
110.003876289184
 20
241.3983049121356
 10
109.9322016073103
 20
241.343296653049
 10
109.8607913167078
 20
241.2877777438558
 10
109.7896489497609
 20
241.2317511522386
 10
109.7187780101635
 20
241.175219895938
 10
109.6481819723452
 20
241.1181870422135
 10
109.5778642809056
 20
241.0606557072929
 10
109.5090765012337
 20
241.0036695709679
 10
109.4405637147194
 20
240.9462086928973
 10
109.3723290975923
 20
240.8882761600719
 10
109.3043757963139
 20
240.829875102906
 10
109.2354792360427
 20
240.7699341089272
 10
109.1668808013248
 20
240.7095140829204
 10
109.0985837152161
 20
240.648618464309
 10
109.0305911667551
 20
240.5872507367116
 10
108.9629063104752
 20
240.5254144272933
 10
108.8967326303937
 20
240.4642296865807
 10
108.8308616829514
 20
240.4025998150987
 10
108.7652963568576
 20
240.3405282733488
 10
108.7000395070059
 20
240.278018559867
 10
108.6227588982232
 20
240.2030358274452
 10
108.5459241631504
 20
240.1274431499715
 10
108.4695399263379
 20
240.0512466332867
 10
108.3936107410242
 20
239.9744524539205
 10
108.3181410882777
 20
239.8970668574935
 10
108.2431353761653
 20
239.8190961571012
 10
108.1674121166721
 20
239.7392883998699
 10
108.0921766650794
 20
239.6588900541831
 10
108.0174334074041
 20
239.5779079437244
 10
107.9431866486216
 20
239.4963489569377
 10
107.8694406119201
 20
239.4142200451903
 10
107.796199437988
 20
239.3315282209206
 10
107.72760953371
 20
239.2530524147692
 10
107.6594753825419
 20
239.1740884509866
 10
107.5918002504548
 20
239.094642347507
 10
107.5245873362716
 20
239.0147201647446
 10
107.4578397712536
 20
238.9343280041716
 10
107.3915606187088
 20
238.8534720068882
 10
107.3257528736242
 20
238.7721583521882
 10
107.2604194623192
 20
238.6903932561186
 10
107.1955632421257
 20
238.6081829700355
 10
107.1311870010873
 20
238.5255337791565
 10
107.0684301655278
 20
238.4439393609638
 10
107.0061414524055
 20
238.3619336813828
 10
106.9443233064311
 20
238.2795227821564
 10
106.8829781069547
 20
238.1967127311713
 10
106.821005854833
 20
238.1119932371246
 10
106.7595286745047
 20
238.0268727172032
 10
106.698548867622
 20
237.9413576512917
 10
106.6380686649941
 20
237.8554545416005
 10
106.5780902264919
 20
237.7691699112129
 10
106.5196732569967
 20
237.6840610458942
 10
106.4617442188324
 20
237.5985966899688
 10
106.4043049580797
 20
237.5127830739725
 10
106.347357254669
 20
237.4266264425347
 10
106.2897558388933
 20
237.3383644193608
 10
106.2326697829068
 20
237.249758413413
 10
106.176100765031
 20
237.1608150963944
 10
106.1200503920609
 20
237.0715411495839
 10
106.0645201993657
 20
236.9819432624118
 10
106.0095116510123
 20
236.8920281310446
 10
105.9550261399085
 20
236.8018024569766
 10
105.9011821496893
 20
236.7114707904394
 10
105.8478614760496
 20
236.6208432751667
 10
105.7950652920056
 20
236.5299265764652
 10
105.7427947008039
 20
236.4387273594422
 10
105.6910507361635
 20
236.3472522876621
 10
105.6407443088313
 20
236.2571486343002
 10
105.590947647334
 20
236.1667916213898
 10
105.5416615366777
 20
236.0761875501057
 10
105.4928866982384
 20
235.9853427153394
 10
105.4354889474688
 20
235.8768888997323
 10
105.3788177122322
 20
235.7681133683111
 10
105.3228738606698
 20
235.6590266929618
 10
105.2676581360299
 20
235.5496394228184
 10
105.2131711575591
 20
235.4399620815951
 10
105.1594134214346
 20
235.3300051649559
 10
105.1063853017363
 20
235.2197791379249
 10
105.0540870514587
 20
235.1092944323357
 10
105.0025188035589
 20
234.9985614443237
 10
104.9516805720436
 20
234.8875905318598
 10
104.9015722530899
 20
234.776392012328
 10
104.8521936262021
 20
234.6649761601458
 10
104.8063046731045
 20
234.5597370603057
 10
104.761063728948
 20
234.4543223851968
 10
104.7164703296915
 20
234.3487406306913
 10
104.6725239228822
 20
234.2430002517408
 10
104.629223868631
 20
234.1371096607705
 10
104.5881749746
 20
234.0351000771054
 10
104.5477229544316
 20
233.9329666147055
 10
104.5078670143313
 20
233.830716645457
 10
104.4686062890282
 20
233.7283574996921
 10
104.4299398426522
 20
233.6258964650026
 10
104.3918666696243
 20
233.5233407850818
 10
104.3565115320077
 20
233.4265652108117
 10
104.3216818919087
 20
233.3297178949529
 10
104.287376740528
 20
233.2328047964915
 10
104.253595016796
 20
233.1358318363739
 10
104.2203356080754
 20
233.0388048967442
 10
104.1838310756687
 20
232.9304593249701
 10
104.1479740051764
 20
232.8220618551613
 10
104.1127626288713
 20
232.7136204867024
 10
104.0781951037387
 20
232.6051431541153
 10
104.0442695127458
 20
232.4966377259221
 10
104.0109838661214
 20
232.3881120035467
 10
103.9783361026433
 20
232.2795737202541
 10
103.9463240909326
 20
232.1710305401286
 10
103.9149456307553
 20
232.0624900570903
 10
103.8841984543299
 20
231.9539597939481
 10
103.8540802276396
 20
231.8454472014929
 10
103.8245885517492
 20
231.7369596576261
 10
103.7957209641265
 20
231.628504466527
 10
103.767474939965
 20
231.5200888578572
 10
103.739847893511
 20
231.4117199860016
 10
103.7128371793912
 20
231.3034049293465
 10
103.6851983490315
 20
231.1899973609722
 10
103.6582298035074
 20
231.0766644980854
 10
103.631928300284
 20
230.9634142060462
 10
103.6062905315685
 20
230.8502542555658
 10
103.5813131259837
 20
230.7371923220279
 10
103.5569926502386
 20
230.6242359848543
 10
103.5312063412448
 20
230.5011401121786
 10
103.5061930593759
 20
230.3781883942977
 10
103.4819481092465
 20
230.2553902759213
 10
103.4584667176099
 20
230.1327550627863
 10
103.4357440358967
 20
230.010291921035
 10
103.4137751427407
 20
229.888009876665
 10
103.3925550464907
 20
229.7659178150495
 10
103.3737567689309
 20
229.6541744572674
 10
103.3555794928245
 20
229.5426047180421
 10
103.338019228312
 20
229.4312151283853
 10
103.3210719425984
 20
229.3200121191633
 10
103.3047335615254
 20
229.2090020209929
 10
103.2889999711305
 20
229.0981910641759
 10
103.2738670191933
 20
228.9875853786693
 10
103.2593305167689
 20
228.8771909940927
 10
103.2453862397079
 20
228.7670138397696
 10
103.2320299301612
 20
228.6570597448042
 10
103.2192572980715
 20
228.5473344381921
 10
103.2070640226483
 20
228.4378435489631
 10
103.196094241183
 20
228.3348289583105
 10
103.1856319602518
 20
228.2320322295421
 10
103.1756734900962
 20
228.1294578375495
 10
103.1662151210839
 20
228.0271101788999
 10
103.1572531246226
 20
227.9249935720494
  0
LINE
  5
D0
330
1F
100
AcDbEntity
  8
Geometries
  6
Continuous
370
    40
100
AcDbLine
 10
99.0
 20
168.0440059890645
 30
0.0
 11
99.0
 21
198.0440059890645
 31
0.0
  0
LINE
  5
D1
330
1F
100
AcDbEntity
  8
Geometries
  6
Continuous
370
    40
100
AcDbLine
 10
120.8340331259275
 20
233.1725335616858
 30
0.0
 11
112.056730439672
 21
214.7181637049928
 31
0.0
  0
LINE
  5
D2
330
1F
100
AcDbEntity
  8
Geometries
  6
Continuous
370
    40
100
AcDbLine
 10
115.1585431145658
 20
226.182932609444
 30
0.0
 11
111.9684190558361
 21
232.9744849059128
 31
0.0
  0
LINE
  5
D3
330
1F
100
AcDbEntity
  8
Geometries
  6
Continuous
370
    40
100
AcDbLine
 10
119.1272426820017
 20
242.4101285835717
 30
0.0
 11
116.1275635235443
 21
242.4540027406387
 31
0.0
  0
LINE
  5
D4
330
1F
100
AcDbEntity
  8
Geometries
  6
Continuous
370
    40
100
AcDbLine
 10
78.0
 20
208.0440059890645
 30
0.0
 11
92.5
 21
208.0440059890645
 31
0.0
  0
LINE
  5
D5
330
1F
100
AcDbEntity
  8
Geometries
  6
Continuous
370
    40
100
AcDbLine
 10
111.9684190558361
 20
232.9744849059128
 30
0.0
 11
113.0461056667348
 21
235.4635710301212
 31
0.0
  0
LINE
  5
D6
330
1F
100
AcDbEntity
  8
Geometries
  6
Continuous
370
    40
100
AcDbLine
 10
116.1275635235443
 20
242.4540027406387
 30
0.0
 11
114.5897278082272
 21
239.8781414651574
 31
0.0
  0
LINE
  5
D7
330
1F
100
AcDbEntity
  8
Geometries
  6
Continuous
370
    40
100
AcDbLine
 10
99.0
 20
198.0440059890645
 30
0.0
 11
84.0
 21
198.0440059890645
 31
0.0
  0
LINE
  5
D8
330
1F
100
AcDbEntity
  8
Geometries
  6
Continuous
370
    40
100
AcDbLine
 10
92.5
 20
208.0440059890645
 30
0.0
 11
142.5
 21
208.0440059890645
 31
0.0
  0
LINE
  5
D9
330
1F
100
AcDbEntity
  8
Geometries
  6
Continuous
370
    40
100
AcDbLine
 10
123.0646440601018
 20
233.0557579331842
 30
0.0
 11
121.9234772798842
 21
235.5160270748189
 31
0.0
  0
LINE
  5
DA
330
1F
100
AcDbEntity
  8
Geometries
  6
Continuous
370
    40
100
AcDbLine
 10
151.0
 20
168.0440059890645
 30
0.0
 11
151.0
 21
198.0440059890645
 31
0.0
  0
LINE
  5
DB
330
1F
100
AcDbEntity
  8
Geometries
  6
Continuous
370
    40
100
AcDbLine
 10
114.1067094789377
 20
233.1543175907314
 30
0.0
 11
120.8340331259275
 21
233.1725335616858
 31
0.0
  0
LINE
  5
DC
330
1F
100
AcDbEntity
  8
Geometries
  6
Continuous
370
    40
100
AcDbLine
 10
136.0
 20
198.0440059890645
 30
0.0
 11
136.0
 21
168.0440059890645
 31
0.0
  0
LINE
  5
DD
330
1F
100
AcDbEntity
  8
Geometries
  6
Continuous
370
    40
100
AcDbLine
 10
114.5897278082272
 20
239.8781414651574
 30
0.0
 11
116.0515712519943
 21
237.2584060305718
 31
0.0
  0
LINE
  5
DE
330
1F
100
AcDbEntity
  8
Geometries
  6
Continuous
370
    40
100
AcDbLine
 10
125.0
 20
198.0440059890645
 30
0.0
 11
110.0
 21
198.0440059890645
 31
0.0
  0
LINE
  5
DF
330
1F
100
AcDbEntity
  8
Geometries
  6
Continuous
370
    40
100
AcDbLine
 10
113.0461056667348
 20
235.4635710301212
 30
0.0
 11
121.9234772798842
 21
235.5160270748189
 31
0.0
  0
LINE
  5
E0
330
1F
100
AcDbEntity
  8
Geometries
  6
Continuous
370
    40
100
AcDbLine
 10
113.2870212966978
 20
212.0923167030008
 30
0.0
 11
122.1745006118277
 21
212.275943246961
 31
0.0
  0
LINE
  5
E1
330
1F
100
AcDbEntity
  8
Geometries
  6
Continuous
370
    40
100
AcDbLine
 10
84.0
 20
168.0440059890645
 30
0.0
 11
99.0
 21
168.0440059890645
 31
0.0
  0
LINE
  5
E2
330
1F
100
AcDbEntity
  8
Geometries
  6
Continuous
370
    40
100
AcDbLine
 10
119.0512504113243
 20
237.2145318732701
 30
0.0
 11
120.5890861260144
 21
239.7903931485387
 31
0.0
  0
LINE
  5
E3
330
1F
100
AcDbEntity
  8
Geometries
  6
Continuous
370
    40
100
AcDbLine
 10
130.0
 20
103.021728515625
 30
0.0
 11
105.0
 21
103.021728515625
 31
0.0
  0
LINE
  5
E4
330
1F
100
AcDbEntity
  8
Geometries
  6
Continuous
370
    40
100
AcDbLine
 10
79.0
 20
52.021728515625
 30
0.0
 11
104.0
 21
52.021728515625
 31
0.0
  0
LINE
  5
E5
330
1F
100
AcDbEntity
  8
Geometries
  6
Continuous
370
    40
100
AcDbLine
 10
103.1572531244968
 20
78.021728515625
 30
0.0
 11
103.1572531246226
 21
77.021728515625
 31
0.0
  0
LINE
  5
E6
330
1F
100
AcDbEntity
  8
Geometries
  6
Continuous
370
    40
100
AcDbLine
 10
104.0
 20
103.021728515625
 30
0.0
 11
79.0
 21
103.021728515625
 31
0.0
  0
LINE
  5
E7
330
1F
100
AcDbEntity
  8
Geometries
  6
Continuous
370
    40
100
AcDbLine
 10
79.0
 20
77.021728515625
 30
0.0
 11
79.0
 21
52.021728515625
 31
0.0
  0
LINE
  5
E8
330
1F
100
AcDbEntity
  8
Geometries
  6
Continuous
370
    40
100
AcDbLine
 10
131.997123165786
 20
78.021728515625
 30
0.0
 11
131.0000542473528
 21
78.021728515625
 31
0.0
  0
LINE
  5
E9
330
1F
100
AcDbEntity
  8
Geometries
  6
Continuous
370
    40
100
AcDbLine
 10
130.0
 20
77.021728515625
 30
0.0
 11
130.0
 21
52.021728515625
 31
0.0
  0
LINE
  5
EA
330
1F
100
AcDbEntity
  8
Geometries
  6
Continuous
370
    40
100
AcDbLine
 10
156.0
 20
103.021728515625
 30
0.0
 11
131.0
 21
103.021728515625
 31
0.0
  0
LINE
  5
EB
330
1F
100
AcDbEntity
  8
Geometries
  6
Continuous
370
    40
100
AcDbLine
 10
101.4420485266941
 20
78.021728515625
 30
0.0
 11
101.4420485266941
 21
77.021728515625
 31
0.0
  0
LINE
  5
EC
330
1F
100
AcDbEntity
  8
Geometries
  6
Continuous
370
    40
100
AcDbLine
 10
142.5
 20
78.021728515625
 30
0.0
 11
156.0
 21
78.021728515625
 31
0.0
  0
LINE
  5
ED
330
1F
100
AcDbEntity
  8
Geometries
  6
Continuous
370
    40
100
AcDbLine
 10
131.997123165786
 20
77.021728515625
 30
0.0
 11
131.0000542473527
 21
77.021728515625
 31
0.0
  0
LINE
  5
EE
330
1F
100
AcDbEntity
  8
Geometries
  6
Continuous
370
    40
100
AcDbLine
 10
131.0000542473527
 20
77.021728515625
 30
0.0
 11
130.0000090674839
 21
77.021728515625
 31
0.0
  0
LINE
  5
EF
330
1F
100
AcDbEntity
  8
Geometries
  6
Continuous
370
    40
100
AcDbLine
 10
79.0
 20
78.021728515625
 30
0.0
 11
92.5
 21
78.021728515625
 31
0.0
  0
LINE
  5
F0
330
1F
100
AcDbEntity
  8
Geometries
  6
Continuous
370
    40
100
AcDbLine
 10
103.9999289019086
 20
77.021728515625
 30
0.0
 11
103.1572531246226
 21
77.021728515625
 31
0.0
  0
LINE
  5
F1
330
1F
100
AcDbEntity
  8
Geometries
  6
Continuous
370
    40
100
AcDbLine
 10
92.5
 20
78.021728515625
 30
0.0
 11
92.5
 21
77.021728515625
 31
0.0
  0
LINE
  5
F2
330
1F
100
AcDbEntity
  8
Geometries
  6
Continuous
370
    40
100
AcDbLine
 10
101.4420485266941
 20
78.021728515625
 30
0.0
 11
92.5
 21
78.021728515625
 31
0.0
  0
LINE
  5
F3
330
1F
100
AcDbEntity
  8
Geometries
  6
Continuous
370
    40
100
AcDbLine
 10
79.0
 20
77.021728515625
 30
0.0
 11
92.5
 21
77.021728515625
 31
0.0
  0
LINE
  5
F4
330
1F
100
AcDbEntity
  8
Geometries
  6
Continuous
370
    40
100
AcDbLine
 10
142.5
 20
78.021728515625
 30
0.0
 11
142.5
 21
77.021728515625
 31
0.0
  0
LINE
  5
F5
330
1F
100
AcDbEntity
  8
Geometries
  6
Continuous
370
    40
100
AcDbLine
 10
104.9999828118899
 20
78.021728515625
 30
0.0
 11
103.9999289019087
 21
78.021728515625
 31
0.0
  0
LINE
  5
F6
330
1F
100
AcDbEntity
  8
Geometries
  6
Continuous
370
    40
100
AcDbLine
 10
131.0
 20
52.021728515625
 30
0.0
 11
156.0
 21
52.021728515625
 31
0.0
  0
LINE
  5
F7
330
1F
100
AcDbEntity
  8
Geometries
  6
Continuous
370
    40
100
AcDbLine
 10
131.0000542473528
 20
78.021728515625
 30
0.0
 11
130.0000090674839
 21
78.021728515625
 31
0.0
  0
LINE
  5
F8
330
1F
100
AcDbEntity
  8
Geometries
  6
Continuous
370
    40
100
AcDbLine
 10
156.0
 20
52.021728515625
 30
0.0
 11
156.0
 21
77.021728515625
 31
0.0
  0
LINE
  5
F9
330
1F
100
AcDbEntity
  8
Geometries
  6
Continuous
370
    40
100
AcDbLine
 10
130.0
 20
103.021728515625
 30
0.0
 11
130.0
 21
78.021728515625
 31
0.0
  0
LINE
  5
FA
330
1F
100
AcDbEntity
  8
Geometries
  6
Continuous
370
    40
100
AcDbLine
 10
103.9999289019087
 20
78.021728515625
 30
0.0
 11
103.1572531244968
 21
78.021728515625
 31
0.0
  0
LINE
  5
FB
330
1F
100
AcDbEntity
  8
Geometries
  6
Continuous
370
    40
100
AcDbLine
 10
105.0
 20
78.021728515625
 30
0.0
 11
105.0
 21
103.021728515625
 31
0.0
  0
LINE
  5
FC
330
1F
100
AcDbEntity
  8
Geometries
  6
Continuous
370
    40
100
AcDbLine
 10
104.9999828118899
 20
77.021728515625
 30
0.0
 11
103.9999289019086
 21
77.021728515625
 31
0.0
  0
LINE
  5
FD
330
1F
100
AcDbEntity
  8
Geometries
  6
Continuous
370
    40
100
AcDbLine
 10
142.5
 20
77.021728515625
 30
0.0
 11
156.0
 21
77.021728515625
 31
0.0
  0
LINE
  5
FE
330
1F
100
AcDbEntity
  8
Geometries
  6
Continuous
370
    40
100
AcDbLine
 10
131.997123165786
 20
78.021728515625
 30
0.0
 11
134.5720200280387
 21
78.021728515625
 31
0.0
  0
LINE
  5
FF
330
1F
100
AcDbEntity
  8
Geometries
  6
Continuous
370
    40
100
AcDbLine
 10
157.0
 20
51.021728515625
 30
0.0
 11
157.0
 21
104.021728515625
 31
0.0
  0
LINE
  5
100
330
1F
100
AcDbEntity
  8
Geometries
  6
Continuous
370
    40
100
AcDbLine
 10
131.997123165786
 20
77.021728515625
 30
0.0
 11
134.5720200280387
 21
77.021728515625
 31
0.0
  0
LINE
  5
101
330
1F
100
AcDbEntity
  8
Geometries
  6
Continuous
370
    40
100
AcDbLine
 10
105.0
 20
52.021728515625
 30
0.0
 11
105.0
 21
77.021728515625
 31
0.0
  0
LINE
  5
102
330
1F
100
AcDbEntity
  8
Geometries
  6
Continuous
370
    40
100
AcDbLine
 10
130.0000090674839
 20
77.021728515625
 30
0.0
 11
104.9999828118899
 21
77.021728515625
 31
0.0
  0
LINE
  5
103
330
1F
100
AcDbEntity
  8
Geometries
  6
Continuous
370
    40
100
AcDbLine
 10
104.0
 20
78.021728515625
 30
0.0
 11
104.0
 21
103.021728515625
 31
0.0
  0
LINE
  5
104
330
1F
100
AcDbEntity
  8
Geometries
  6
Continuous
370
    40
100
AcDbLine
 10
101.4420485266941
 20
77.021728515625
 30
0.0
 11
103.1570795370366
 21
77.021728515625
 31
0.0
  0
LINE
  5
105
330
1F
100
AcDbEntity
  8
Geometries
  6
Continuous
370
    40
100
AcDbLine
 10
105.0
 20
52.021728515625
 30
0.0
 11
130.0
 21
52.021728515625
 31
0.0
  0
LINE
  5
106
330
1F
100
AcDbEntity
  8
Geometries
  6
Continuous
370
    40
100
AcDbLine
 10
79.0
 20
103.021728515625
 30
0.0
 11
79.0
 21
78.021728515625
 31
0.0
  0
LINE
  5
107
330
1F
100
AcDbEntity
  8
Geometries
  6
Continuous
370
    40
100
AcDbLine
 10
131.0
 20
103.021728515625
 30
0.0
 11
131.0
 21
78.021728515625
 31
0.0
  0
LINE
  5
108
330
1F
100
AcDbEntity
  8
Geometries
  6
Continuous
370
    40
100
AcDbLine
 10
104.0
 20
52.021728515625
 30
0.0
 11
104.0
 21
77.021728515625
 31
0.0
  0
LINE
  5
109
330
1F
100
AcDbEntity
  8
Geometries
  6
Continuous
370
    40
100
AcDbLine
 10
130.0000090674839
 20
78.021728515625
 30
0.0
 11
104.9999828118899
 21
78.021728515625
 31
0.0
  0
LINE
  5
10A
330
1F
100
AcDbEntity
  8
Geometries
  6
Continuous
370
    40
100
AcDbLine
 10
156.0
 20
78.021728515625
 30
0.0
 11
156.0
 21
103.021728515625
 31
0.0
  0
LINE
  5
10B
330
1F
100
AcDbEntity
  8
Geometries
  6
Continuous
370
    40
100
AcDbLine
 10
78.0
 20
104.021728515625
 30
0.0
 11
78.0
 21
51.021728515625
 31
0.0
  0
LINE
  5
10C
330
1F
100
AcDbEntity
  8
Geometries
  6
Continuous
370
    40
100
AcDbLine
 10
101.4420485266941
 20
77.021728515625
 30
0.0
 11
92.5
 21
77.021728515625
 31
0.0
  0
LINE
  5
10D
330
1F
100
AcDbEntity
  8
Geometries
  6
Continuous
370
    40
100
AcDbLine
 10
101.4420485266941
 20
78.021728515625
 30
0.0
 11
103.1570795368986
 21
78.021728515625
 31
0.0
  0
LINE
  5
10E
330
1F
100
AcDbEntity
  8
Geometries
  6
Continuous
370
    40
100
AcDbLine
 10
142.5
 20
78.021728515625
 30
0.0
 11
134.5720200280387
 21
78.021728515625
 31
0.0
  0
LINE
  5
10F
330
1F
100
AcDbEntity
  8
Geometries
  6
Continuous
370
    40
100
AcDbLine
 10
157.0
 20
104.021728515625
 30
0.0
 11
78.0
 21
104.021728515625
 31
0.0
  0
LINE
  5
110
330
1F
100
AcDbEntity
  8
Geometries
  6
Continuous
370
    40
100
AcDbLine
 10
78.0
 20
51.021728515625
 30
0.0
 11
157.0
 21
51.021728515625
 31
0.0
  0
LINE
  5
111
330
1F
100
AcDbEntity
  8
Geometries
  6
Continuous
370
    40
100
AcDbLine
 10
142.5
 20
77.021728515625
 30
0.0
 11
134.5720200280387
 21
77.021728515625
 31
0.0
  0
LINE
  5
112
330
1F
100
AcDbEntity
  8
Geometries
  6
Continuous
370
    40
100
AcDbLine
 10
131.997123165786
 20
78.021728515625
 30
0.0
 11
131.997123165786
 21
77.021728515625
 31
0.0
  0
LINE
  5
113
330
1F
100
AcDbEntity
  8
Geometries
  6
Continuous
370
    40
100
AcDbLine
 10
131.0
 20
77.021728515625
 30
0.0
 11
131.0
 21
52.021728515625
 31
0.0
  0
LINE
  5
114
330
1F
100
AcDbEntity
  8
Geometries
  6
Continuous
370
    40
100
AcDbLine
 10
134.5720200280387
 20
78.021728515625
 30
0.0
 11
134.5720200280387
 21
77.021728515625
 31
0.0
  0
LINE
  5
115
330
1F
100
AcDbEntity
  8
Geometries
  6
Continuous
370
    40
100
AcDbLine
 10
312.0
 20
208.0440059890645
 30
0.0
 11
313.0
 21
208.0440059890645
 31
0.0
  0
LINE
  5
116
330
1F
100
AcDbEntity
  8
Geometries
  6
Continuous
370
    40
100
AcDbLine
 10
333.0
 20
168.0440059890645
 30
0.0
 11
333.0
 21
198.0440059890645
 31
0.0
  0
LINE
  5
117
330
1F
100
AcDbEntity
  8
Geometries
  6
Continuous
370
    40
100
AcDbLine
 10
333.0
 20
198.0440059890645
 30
0.0
 11
318.0
 21
198.0440059890645
 31
0.0
  0
LINE
  5
118
330
1F
100
AcDbEntity
  8
Geometries
  6
Continuous
370
    40
100
AcDbLine
 10
318.0
 20
198.0440059890645
 30
0.0
 11
318.0
 21
168.0440059890645
 31
0.0
  0
LINE
  5
119
330
1F
100
AcDbEntity
  8
Geometries
  6
Continuous
370
    40
100
AcDbLine
 10
286.0
 20
208.0440059890645
 30
0.0
 11
286.0
 21
158.0440059890645
 31
0.0
  0
LINE
  5
11A
330
1F
100
AcDbEntity
  8
Geometries
  6
Continuous
370
    40
100
AcDbLine
 10
339.0
 20
208.0440059890645
 30
0.0
 11
339.0
 21
158.0440059890645
 31
0.0
  0
LINE
  5
11B
330
1F
100
AcDbEntity
  8
Geometries
  6
Continuous
370
    40
100
AcDbLine
 10
312.0
 20
221.9136428962719
 30
0.0
 11
313.0
 21
221.9136428962719
 31
0.0
  0
LINE
  5
11C
330
1F
100
AcDbEntity
  8
Geometries
  6
Continuous
370
    40
100
AcDbLine
 10
313.0
 20
208.0440059890645
 30
0.0
 11
339.0
 21
208.0440059890645
 31
0.0
  0
LINE
  5
11D
330
1F
100
AcDbEntity
  8
Geometries
  6
Continuous
370
    40
100
AcDbLine
 10
318.0
 20
168.0440059890645
 30
0.0
 11
333.0
 21
168.0440059890645
 31
0.0
  0
LINE
  5
11E
330
1F
100
AcDbEntity
  8
Geometries
  6
Continuous
370
    40
100
AcDbLine
 10
312.0
 20
221.9136428962719
 30
0.0
 11
312.0
 21
208.0440059890645
 31
0.0
  0
LINE
  5
11F
330
1F
100
AcDbEntity
  8
Geometries
  6
Continuous
370
    40
100
AcDbLine
 10
286.0
 20
158.0440059890645
 30
0.0
 11
339.0
 21
158.0440059890645
 31
0.0
  0
LINE
  5
120
330
1F
100
AcDbEntity
  8
Geometries
  6
Continuous
370
    40
100
AcDbLine
 10
307.0
 20
168.0440059890645
 30
0.0
 11
307.0
 21
198.0440059890645
 31
0.0
  0
LINE
  5
121
330
1F
100
AcDbEntity
  8
Geometries
  6
Continuous
370
    40
100
AcDbLine
 10
313.0
 20
244.0617316658555
 30
0.0
 11
313.0
 21
227.9249935720494
 31
0.0
  0
LINE
  5
122
330
1F
100
AcDbEntity
  8
Geometries
  6
Continuous
370
    40
100
AcDbLine
 10
307.0
 20
198.0440059890645
 30
0.0
 11
292.0
 21
198.0440059890645
 31
0.0
  0
LINE
  5
123
330
1F
100
AcDbEntity
  8
Geometries
  6
Continuous
370
    40
100
AcDbLine
 10
313.0
 20
244.0617316670291
 30
0.0
 11
312.0
 21
244.0617316670291
 31
0.0
  0
LINE
  5
124
330
1F
100
AcDbEntity
  8
Geometries
  6
Continuous
370
    40
100
AcDbLine
 10
313.0
 20
221.9136428962719
 30
0.0
 11
313.0
 21
208.0440059890645
 31
0.0
  0
LINE
  5
125
330
1F
100
AcDbEntity
  8
Geometries
  6
Continuous
370
    40
100
AcDbLine
 10
312.0
 20
227.9249935720443
 30
0.0
 11
313.0
 21
227.9249935720494
 31
0.0
  0
LINE
  5
126
330
1F
100
AcDbEntity
  8
Geometries
  6
Continuous
370
    40
100
AcDbLine
 10
286.0
 20
208.0440059890645
 30
0.0
 11
312.0
 21
208.0440059890645
 31
0.0
  0
LINE
  5
127
330
1F
100
AcDbEntity
  8
Geometries
  6
Continuous
370
    40
100
AcDbLine
 10
292.0
 20
198.0440059890645
 30
0.0
 11
292.0
 21
168.0440059890645
 31
0.0
  0
LINE
  5
128
330
1F
100
AcDbEntity
  8
Geometries
  6
Continuous
370
    40
100
AcDbLine
 10
312.0
 20
221.9136428962719
 30
0.0
 11
312.0
 21
227.9249935720443
 31
0.0
  0
LINE
  5
129
330
1F
100
AcDbEntity
  8
Geometries
  6
Continuous
370
    40
100
AcDbLine
 10
292.0
 20
168.0440059890645
 30
0.0
 11
307.0
 21
168.0440059890645
 31
0.0
  0
LINE
  5
12A
330
1F
100
AcDbEntity
  8
Geometries
  6
Continuous
370
    40
100
AcDbLine
 10
312.0
 20
244.0617316658555
 30
0.0
 11
312.0
 21
227.9249935720443
 31
0.0
  0
LINE
  5
12B
330
1F
100
AcDbEntity
  8
Geometries
  6
Continuous
370
    40
100
AcDbLine
 10
313.0
 20
221.9136428962719
 30
0.0
 11
313.0
 21
227.9249935720494
 31
0.0
  0
LWPOLYLINE
  5
12C
330
1F
100
AcDbEntity
  8
Geometries
  6
Continuous
370
    40
100
AcDbPolyline
 90
       33
 70
   128
 43
0.0
 10
326.8112481895013
 20
117.2532963221011
 10
326.7630889464694
 20
117.2770466469246
 10
326.7102297733909
 20
117.3025780345907
 10
326.6569224168967
 20
117.3277670777583
 10
326.6031660457991
 20
117.3526102755966
 10
326.5435144720767
 20
117.3795341604209
 10
326.483317603529
 20
117.4060306671021
 10
326.4225744675176
 20
117.4320951272159
 10
326.3612841395793
 20
117.4577228707778
 10
326.2994457442019
 20
117.4829092270521
 10
326.2427527295816
 20
117.5054189622981
 10
326.1856054993598
 20
117.5275565460806
 10
326.1280035042741
 20
117.5493184710263
 10
326.0699462305104
 20
117.5707012314384
 10
326.0114332001806
 20
117.591701323836
 10
325.952463971796
 20
117.6123152474998
 10
325.8930381407417
 20
117.6325395050256
 10
325.8381630351674
 20
117.6507331130825
 10
325.7829036924905
 20
117.6685936701099
 10
325.7272598847184
 20
117.686118491966
 10
325.6712314111603
 20
117.7033048983886
 10
325.6148180987269
 20
117.7201502133737
 10
325.5580198022273
 20
117.7366517655573
 10
325.5008364046652
 20
117.7528068886002
 10
325.4432678175328
 20
117.768612921578
 10
325.3853139811026
 20
117.7840672093734
 10
325.3269748647174
 20
117.7991671030724
 10
325.2682504670784
 20
117.8139099603643
 10
325.2091408165299
 20
117.8282931459444
 10
325.1389813642552
 20
117.844779436576
 10
325.0682870155009
 20
117.8607581942866
 10
324.9970579784852
 20
117.8762251470761
 10
324.9252945209719
 20
117.8911760399398
  0
LWPOLYLINE
  5
12D
330
1F
100
AcDbEntity
  8
Geometries
  6
Continuous
370
    40
100
AcDbPolyline
 90
       37
 70
   128
 43
0.0
 10
326.4663077858652
 20
117.4671321898641
 10
326.4628306555357
 20
117.4691383000568
 10
326.413523423258
 20
117.4972828813605
 10
326.3637757280727
 20
117.5251129751459
 10
326.3135865052868
 20
117.5526251179774
 10
326.2629547177118
 20
117.5798158402198
 10
326.211879356143
 20
117.6066816664589
 10
326.1603594398402
 20
117.6332191159309
 10
326.1083940170092
 20
117.6594247029573
 10
326.0559821652828
 20
117.6852949373885
 10
326.0031229922045
 20
117.7108263250545
 10
325.9498156357102
 20
117.7360153682222
 10
325.8960592646125
 20
117.7608585660604
 10
325.8364076908901
 20
117.7877824508848
 10
325.7762108223424
 20
117.8142789575659
 10
325.7154676863311
 20
117.8403434176797
 10
325.6541773583928
 20
117.8659711612417
 10
325.5923389630154
 20
117.891157517516
 10
325.5356459483951
 20
117.913667252762
 10
325.4784987181733
 20
117.9358048365444
 10
325.4208967230875
 20
117.9575667614901
 10
325.3628394493239
 20
117.9789495219023
 10
325.304326418994
 20
117.9999496142999
 10
325.2453571906095
 20
118.0205635379637
 10
325.1859313595551
 20
118.0407877954894
 10
325.1310562539809
 20
118.0589814035463
 10
325.0757969113039
 20
118.0768419605737
 10
325.0201531035318
 20
118.0943667824298
 10
324.9641246299738
 20
118.1115531888524
 10
324.9077113175404
 20
118.1283985038376
 10
324.8509130210408
 20
118.1449000560211
 10
324.7937296234787
 20
118.161055179064
 10
324.7361610363463
 20
118.1768612120418
 10
324.6782071999161
 20
118.1923154998373
 10
324.619868083531
 20
118.2074153935364
 10
324.5611436858919
 20
118.2221582508282
 10
324.5103997946144
 20
118.2345333701733
  0
LWPOLYLINE
  5
12E
330
1F
100
AcDbEntity
  8
Geometries
  6
Continuous
370
    40
100
AcDbPolyline
 90
      346
 70
   128
 43
0.0
 10
318.9741772295891
 20
130.2240839044361
 10
318.9346945633182
 20
130.2426677274748
 10
318.8812658818921
 20
130.2671583878569
 10
318.8273653840259
 20
130.2911090199292
 10
318.7729919558122
 20
130.314510722019
 10
318.7231502893121
 20
130.3353011202316
 10
318.6729161655117
 20
130.3556236979735
 10
318.6222888927854
 20
130.3754716615013
 10
318.5712678278329
 20
130.3948381856816
 10
318.5198523767503
 20
130.4137164151066
 10
318.4680419961066
 20
130.4320994652449
 10
318.4158361940249
 20
130.4499804236303
 10
318.3676331326101
 20
130.4659243024064
 10
318.3190971389717
 20
130.4814350903342
 10
318.2702279530607
 20
130.4965074065319
 10
318.2210253541843
 20
130.5111358538552
 10
318.1714891617186
 20
130.5253150197843
 10
318.1216192358211
 20
130.5390394773328
 10
318.0714154781463
 20
130.5523037859806
 10
318.0208778325602
 20
130.5651024926295
 10
317.9700062858578
 20
130.5774301325828
 10
317.9188008684778
 20
130.5892812305472
 10
317.8672616552201
 20
130.6006503016591
 10
317.8153887659611
 20
130.6115318525342
 10
317.7661745700773
 20
130.6213401295021
 10
317.7166640666406
 20
130.630705504965
 10
317.6668574696442
 20
130.6396233588494
 10
317.6167550308946
 20
130.6480890677479
 10
317.5663570405397
 20
130.6560980057867
 10
317.5140975953728
 20
130.6638706641401
 10
317.4615248638718
 20
130.6711479914856
 10
317.4086392953055
 20
130.6779249189868
 10
317.3554413846294
 20
130.6841963791957
 10
317.3019316730869
 20
130.6899573071601
 10
317.2490745621935
 20
130.6951135254794
 10
317.1959178556827
 20
130.6997676093279
 10
317.1424622000231
 20
130.7039147736818
 10
317.0887082869317
 20
130.7075502401069
 10
317.0335506709733
 20
130.7107274798242
 10
316.9780841009326
 20
130.7133618960758
 10
316.9223094608574
 20
130.7154484403034
 10
316.8662276861341
 20
130.7169820760313
 10
316.8098397640485
 20
130.7179577801601
 10
316.7531467343387
 20
130.7183705442806
 10
316.6961496897407
 20
130.7182153760052
 10
316.6388497765261
 20
130.7174873003179
 10
316.5812481950306
 20
130.7161813609425
 10
316.5233462001748
 20
130.7142926217285
 10
316.4651451019747
 20
130.7118161680541
 10
316.4066462660422
 20
130.7087471082468
 10
316.3478511140771
 20
130.7050805750208
 10
316.2887611243465
 20
130.7008117269307
 10
316.2343376038755
 20
130.6963653871881
 10
316.1796688522218
 20
130.6914052032168
 10
316.1247561352702
 20
130.6859275094195
 10
316.0696007600711
 20
130.6799286624812
 10
316.0142040751138
 20
130.6734050423577
 10
315.9585674705931
 20
130.6663530532735
 10
315.8977343748679
 20
130.6580719780686
 10
315.8366206013824
 20
130.6491560410715
 10
315.7752281138265
 20
130.6396007110046
 10
315.7135589358758
 20
130.6294014966281
 10
315.6516151515297
 20
130.6185539483236
 10
315.5905122863927
 20
130.6072647712912
 10
315.529148692247
 20
130.595341825348
 10
315.4675265150905
 20
130.582781021211
 10
315.4056479581491
 20
130.5695783142619
 10
315.3422446385
 20
130.5554403282581
 10
315.2785791857646
 20
130.540625611693
 10
315.2146541265506
 20
130.5251300207715
 10
315.1504720504263
 20
130.5089494667041
 10
315.086035610104
 20
130.4920799173851
 10
315.0213475216041
 20
130.4745173990763
 10
314.9564105643996
 20
130.4562579980959
 10
314.8912275815392
 20
130.4372978625094
 10
314.8258014797489
 20
130.4176332038256
 10
314.760135229513
 20
130.3972602986929
 10
314.694231865132
 20
130.3761754905982
 10
314.6280944847592
 20
130.3543751915653
 10
314.5617262504131
 20
130.3318558838536
 10
314.4951303879687
 20
130.3086141216553
 10
314.4338870242636
 20
130.2866716353626
 10
314.3724577342468
 20
130.2641167103172
 10
314.3108451438633
 20
130.2409468589007
 10
314.2490519239619
 20
130.2171596488579
 10
314.1870807902126
 20
130.1927527043827
 10
314.1249345030102
 20
130.1677237072007
 10
314.0684119904378
 20
130.1444797620422
 10
314.011749786804
 20
130.1207204603407
 10
313.9549500474882
 20
130.0964441989729
 10
313.8980149578068
 20
130.0716494165328
 10
313.8409467329089
 20
130.0463345939809
 10
313.7837476176618
 20
130.0204982552885
 10
313.7296991815751
 20
129.9956593250773
 10
313.6755383387544
 20
129.9703543393971
 10
313.6212670427862
 20
129.9445821691733
 10
313.566887270327
 20
129.9183417212689
 10
313.5124010209854
 20
129.8916319389474
 10
313.4514672237082
 20
129.8612664539869
 10
313.3904061618978
 20
129.8303137265069
 10
313.3292207154903
 20
129.7987724522802
 10
313.2679137991495
 20
129.7666413865277
 10
313.2064883620036
 20
129.7339193446803
 10
313.1449473873685
 20
129.7006052031313
 10
313.0832938924589
 20
129.6666978999795
 10
313.0215309280861
 20
129.6321964357603
 10
312.9596615783429
 20
129.5970998741678
 10
312.8976889602754
 20
129.5614073427637
 10
312.8356162235422
 20
129.5251180336756
 10
312.7734465500603
 20
129.4882312042831
 10
312.7111831536379
 20
129.4507461778903
 10
312.6488292795948
 20
129.4126623443864
 10
312.5863882043692
 20
129.3739791608924
 10
312.5238632351116
 20
129.3346961523935
 10
312.4582745416096
 20
129.2928987326634
 10
312.3926013094875
 20
129.2504421699597
 10
312.3268474465785
 20
129.2073261621651
 10
312.2610168955449
 20
129.1635504918427
 10
312.1951136332827
 20
129.1191150269362
 10
312.1291416703105
 20
129.0740197214496
 10
312.069241976164
 20
129.0325427208086
 10
312.0092921199981
 20
128.9905228993592
 10
311.9492951644643
 20
128.9479604091659
 10
311.8892541932963
 20
128.9048554621752
 10
311.8291723108856
 20
128.8612083305643
 10
311.7690526418493
 20
128.8170193470772
 10
311.7123365979156
 20
128.774859509158
 10
311.6555924089209
 20
128.7322187051614
 10
311.5988227411316
 20
128.6890973634228
 10
311.5420302754031
 20
128.6454959610656
 10
311.485217706827
 20
128.6014150241993
 10
311.4283877443705
 20
128.5568551281062
 10
311.3715431105122
 20
128.511816897418
 10
311.3146865408699
 20
128.4663010062804
 10
311.2578207838248
 20
128.4203081785081
 10
311.2009486001386
 20
128.373839187727
 10
311.1450884184489
 20
128.3277373124444
 10
311.0892273499172
 20
128.2811777496509
 10
311.0333680427192
 20
128.2341613732655
 10
310.9775131550921
 20
128.1866891039778
 10
310.9206500226737
 20
128.1378863011527
 10
310.8637970638748
 20
128.0886129512347
 10
310.8069571143077
 20
128.0388701759596
 10
310.7501330187509
 20
127.9886591475978
 10
310.6933276307218
 20
127.9379810889918
 10
310.637557603047
 20
127.8877546326859
 10
310.5818110998739
 20
127.8370801590337
 10
310.5260908467524
 20
127.785958969077
 10
310.4703995757475
 20
127.7343924109382
 10
310.4136044653462
 20
127.6813158276278
 10
310.3568452985349
 20
127.627778498055
 10
310.3001249963901
 20
127.5737820059823
 10
310.2434464852352
 20
127.5193279860424
 10
310.1868126961727
 20
127.4644181236631
 10
310.1302265646138
 20
127.4090541549781
 10
310.0736910298032
 20
127.3532378667252
 10
310.0139182989819
 20
127.2936773374947
 10
309.9542090225618
 20
127.2336145157552
 10
309.8945666947712
 20
127.1730517035201
 10
309.8349948121603
 20
127.111991265578
 10
309.7754968729519
 20
127.0504356292666
 10
309.7160763763908
 20
126.9883872842299
 10
309.6601254122252
 20
126.9294355697643
 10
309.6042493371651
 20
126.870050304257
 10
309.5484510835768
 20
126.8102337253654
 10
309.4927335826134
 20
126.7499881190985
 10
309.4370997637209
 20
126.6893158195682
 10
309.3815525541421
 20
126.6282192087272
 10
309.326094878421
 20
126.5667007160952
 10
309.2707296579049
 20
126.504762818471
 10
309.2154598102467
 20
126.4424080396331
 10
309.1602882489063
 20
126.3796389500263
 10
309.1062003778254
 20
126.3175899895542
 10
309.0522128708422
 20
126.2551464293315
 10
308.9983284735092
 20
126.1923108341289
 10
308.9445499256374
 20
126.1290858108702
 10
308.889905165357
 20
126.0643138666441
 10
308.8353758508599
 20
125.9991437906736
 10
308.7809648528586
 20
125.9335784671254
 10
308.7266750339229
 20
125.8676208239133
 10
308.6725092479854
 20
125.801273832276
 10
308.6194341913001
 20
125.735735543047
 10
308.5664842076238
 20
125.6698274892426
 10
308.5136619736275
 20
125.60355260532
 10
308.4609701561316
 20
125.5369138643844
 10
308.4073401883946
 20
125.4685432033218
 10
308.3538515915997
 20
125.3998000580075
 10
308.3005071645953
 20
125.3306877088722
 10
308.2473096936126
 20
125.2612094762635
 10
308.1942619517835
 20
125.1913687199182
 10
308.1413666986592
 20
125.1211688384238
 10
308.0886266797338
 20
125.0506132686694
 10
308.0329844422991
 20
124.9755613381085
 10
307.9775223414382
 20
124.9001190987422
 10
307.9222435763204
 20
124.8242907601252
 10
307.867151326063
 20
124.7480805768912
 10
307.8122487491223
 20
124.6714928479564
 10
307.7575389826893
 20
124.5945319157121
 10
307.7061348866329
 20
124.5216308665616
 10
307.6549075577719
 20
124.4484056546902
 10
307.6038595708657
 20
124.3748600220528
 10
307.552993482062
 20
124.3009977423888
 10
307.5023118284697
 20
124.2268226205773
 10
307.4518171277382
 20
124.1523384919843
 10
307.4015118776404
 20
124.0775492218021
 10
307.3513985556619
 20
124.0024587043829
 10
307.3014796185958
 20
123.9270708625635
 10
307.2517575021414
 20
123.851389646985
 10
307.2031171966727
 20
123.7767781680595
 10
307.1546713407304
 20
123.7018913296083
 10
307.1064221802482
 20
123.6267329488394
 10
307.0583719401102
 20
123.5513068662625
 10
307.009654715142
 20
123.4742383466719
 10
306.9611482967742
 20
123.3969004083157
 10
306.9128549640515
 20
123.3192971752784
 10
306.8647769719646
 20
123.2414327938424
 10
306.8169165511054
 20
123.1633114317586
 10
306.7701246931837
 20
123.0863390083948
 10
306.723546899564
 20
123.0091267273622
 10
306.6771852128724
 20
122.931678593459
 10
306.6310416518234
 20
122.8539986287333
 10
306.5763960092989
 20
122.7612258076608
 10
306.5220656470983
 20
122.6681369957186
 10
306.4680538352724
 20
122.5747390662697
 10
306.4143637934471
 20
122.4810389212815
 10
306.3609986902163
 20
122.3870434896702
 10
306.3079616425539
 20
122.2927597256424
 10
306.2544172122727
 20
122.1966830734951
 10
306.2012177142659
 20
122.1003233546346
 10
306.1483662499157
 20
122.0036879311591
 10
306.0958658632995
 20
121.9067841849584
 10
306.0437195406622
 20
121.8096195159094
 10
305.9919302099127
 20
121.7122013400732
 10
305.9434298234768
 20
121.6201244015004
 10
305.8952517031555
 20
121.5278349443189
 10
305.847398158339
 20
121.4353392154783
 10
305.7998714509367
 20
121.3426434692001
 10
305.7526737950848
 20
121.2497539656476
 10
305.7058073568691
 20
121.1566769695985
 10
305.6592742540652
 20
121.0634187491231
 10
305.6130765558934
 20
120.9699855742676
 10
305.5672162827925
 20
120.8763837157437
 10
305.5216954062068
 20
120.7826194436241
 10
305.477319622217
 20
120.690377509315
 10
305.4332748507767
 20
120.597990891673
 10
305.3895628205579
 20
120.5054655218098
 10
305.346185214015
 20
120.4128073254996
 10
305.3023642142942
 20
120.3183340822877
 10
305.2588932831958
 20
120.2237355150335
 10
305.2157740482336
 20
120.1290178541862
 10
305.173008086828
 20
120.0341873195025
 10
305.130596926238
 20
119.9392501188212
 10
305.0892898909717
 20
119.8459103933514
 10
305.0483278752581
 20
119.7524796081483
 10
305.0077121844735
 20
119.6589636040825
 10
304.9674440772187
 20
119.565368206526
 10
304.9267137255178
 20
119.4697868868601
 10
304.8863477882185
 20
119.3741351011882
 10
304.8463474520735
 20
119.2784189821051
 10
304.8067138532583
 20
119.1826446408235
 10
304.767448077443
 20
119.0868181660523
 10
304.7285511598791
 20
118.990945622891
 10
304.6900240855011
 20
118.8950330517394
 10
304.651950634891
 20
118.7992958379037
 10
304.614247224983
 20
118.7035307076857
 10
304.5769146852246
 20
118.6077435821677
 10
304.5399537957293
 20
118.5119403537855
 10
304.5033652874466
 20
118.4161268853306
 10
304.4677932715427
 20
118.3220200474738
 10
304.4325817145175
 20
118.2279144534426
 10
304.3977311714542
 20
118.1338155686019
 10
304.3632421524424
 20
118.0397288272098
 10
304.3226558136484
 20
117.9277441239498
 10
304.2825831989144
 20
117.8157933395521
 10
304.2430249221089
 20
117.7038854603423
 10
304.2039815087879
 20
117.5920294030822
 10
304.1654533968248
 20
117.4802340131549
 10
304.12744093707
 20
117.3685080627976
 10
304.0899443940378
 20
117.2568602493842
 10
304.0529639466222
 20
117.1452991937557
 10
304.0164996888385
 20
117.0338334386007
 10
303.9805516305904
 20
116.9224714468852
 10
303.9451196984644
 20
116.8112216003323
 10
303.9102037365464
 20
116.7000921979521
 10
303.8777553466294
 20
116.5954307460995
 10
303.8457651682291
 20
116.4908904861826
 10
303.8142328732187
 20
116.386478165608
 10
303.7831580709551
 20
116.282200462277
 10
303.7525403089683
 20
116.1780639836723
 10
303.7235143576388
 20
116.0780153665743
 10
303.694910459865
 20
115.9781092756469
 10
303.6667280543495
 20
115.8783514059448
 10
303.6389665292534
 20
115.7787473894137
 10
303.6116252228165
 20
115.67930279428
 10
303.5847034239872
 20
115.5800231244688
 10
303.5597035664288
 20
115.4865725244689
 10
303.5350752917284
 20
115.3932778811702
 10
303.5108178865575
 20
115.3001436482242
 10
303.4869306006265
 20
115.2071742268832
 10
303.4634126471818
 20
115.1143739656656
 10
303.437600044773
 20
115.0110072638042
 10
303.4122452670744
 20
114.9078625125945
 10
303.3873470641142
 20
114.8049455218353
 10
303.3629041326841
 20
114.7022620176288
 10
303.3389151172373
 20
114.5998176419712
 10
303.315378610793
 20
114.4976179523776
 10
303.292293155847
 20
114.3956684215419
 10
303.269657245287
 20
114.2939744370313
 10
303.2474693233124
 20
114.1925413010134
 10
303.2257277863596
 20
114.0913742300185
 10
303.2044309840296
 20
113.990478354733
 10
303.183577220019
 20
113.8898587198274
 10
303.1631647530545
 20
113.7895202838143
 10
303.1431917978283
 20
113.6894679189398
 10
303.1236565259366
 20
113.5897064111054
 10
303.1045570668178
 20
113.4902404598199
 10
303.0850134624463
 20
113.3863600627461
 10
303.0659438210275
 20
113.2828143050859
 10
303.0473458497428
 20
113.1796082851192
 10
303.0292172096296
 20
113.0767469972046
 10
303.0115555167641
 20
112.9742353319076
 10
302.9943583434431
 20
112.872078076165
 10
302.9761246694918
 20
112.7610435004349
 10
302.9584376082626
 20
112.6504422136041
 10
302.9412938396166
 20
112.5402800103627
 10
302.9246899883586
 20
112.4305625401433
 10
302.9086226260325
 20
112.3212953076495
 10
302.8930882727067
 20
112.2124836734383
 10
302.8780833987508
 20
112.1041328545532
 10
302.8647910092137
 20
112.0052204203053
 10
302.8519377340155
 20
111.9067032677971
 10
302.8395207518992
 20
111.8085851007241
 10
302.8275372112483
 20
111.7108695234848
 10
302.8159842311981
 20
111.6135600417383
 10
302.8048589027374
 20
111.5166600629863
 10
302.7941582898032
 20
111.4201728971809
 10
302.7838794303642
 20
111.3241017573565
 10
302.7740193374956
 20
111.2284497602833
 10
302.7645750004436
 20
111.1332199271458
 10
302.7555433856793
 20
111.0384151842404
 10
302.7469214379427
 20
110.9440383636955
 10
302.7391646310805
 20
110.8554489081121
 10
302.7317666812873
 20
110.7672445222376
 10
302.7247249795101
 20
110.6794273534682
 10
302.7180369026424
 20
110.5919994771349
 10
302.7116998141718
 20
110.5049628970511
  0
LWPOLYLINE
  5
12F
330
1F
100
AcDbEntity
  8
Geometries
  6
Continuous
370
    40
100
AcDbPolyline
 90
       71
 70
   128
 43
0.0
 10
321.8689519373236
 20
127.1742429372965
 10
321.8617280580827
 20
127.1887665454978
 10
321.8348393606943
 20
127.2422680780332
 10
321.807759141156
 20
127.2952804805834
 10
321.7804902286174
 20
127.347804600381
 10
321.7530354439751
 20
127.3998413271578
 10
321.7253975994851
 20
127.4513915924651
 10
321.6943390638092
 20
127.5083521303604
 10
321.6630598806854
 20
127.5647093486606
 10
321.6315639181259
 20
127.6204647206522
 10
321.5998550283364
 20
127.6756197800438
 10
321.5679370471191
 20
127.7301761197882
 10
321.5358137932916
 20
127.7841353909068
 10
321.5034890681214
 20
127.8374993013151
 10
321.4709666547748
 20
127.8902696146499
 10
321.438250317781
 20
127.9424481490996
 10
321.4053438025124
 20
127.9940367762375
 10
321.3722508346789
 20
128.045037419858
 10
321.3389751198365
 20
128.0954520548171
 10
321.3055203429126
 20
128.1452827058771
 10
321.2718901677449
 20
128.1945314465564
 10
321.2380882366343
 20
128.2432003979837
 10
321.2041181699141
 20
128.2912917277586
 10
321.1683540650259
 20
128.3410559973773
 10
321.1324134888858
 20
128.3901913494337
 10
321.0963005235227
 20
128.4387004321359
 10
321.0600192225545
 20
128.4865859441228
 10
321.0235736107345
 20
128.5338506330691
 10
320.9869676835166
 20
128.5804972942994
 10
320.9518797553677
 20
128.6244497349803
 10
320.9166527919027
 20
128.6678441538623
 10
320.8812901913882
 20
128.7106830968137
 10
320.845795326495
 20
128.7529691448531
 10
320.8101715440214
 20
128.7947049130951
 10
320.7744221646289
 20
128.8358930497053
 10
320.7385504825912
 20
128.8765362348649
 10
320.702559765555
 20
128.9166371797457
 10
320.6647310631672
 20
128.9580690940138
 10
320.6267789700318
 20
128.9989120909385
 10
320.5887071475803
 20
129.0391693899139
 10
320.5505192241459
 20
129.0788442427319
 10
320.5122187947383
 20
129.1179399323552
 10
320.4738094208346
 20
129.1564597717048
 10
320.4352946301853
 20
129.1944071024622
 10
320.3966779166333
 20
129.2317852938863
 10
320.3579627399488
 20
129.2685977416446
 10
320.3191525256772
 20
129.304847866661
 10
320.2802506650012
 20
129.3405391139779
 10
320.2412605146165
 20
129.3756749516338
 10
320.2044204919167
 20
129.408297452562
 10
320.1675076912981
 20
129.4404322500907
 10
320.1305248415447
 20
129.472082302006
 10
320.0934746439008
 20
129.5032505809381
 10
320.0563597720235
 20
129.5339400735833
 10
320.0134336629907
 20
129.568779568529
 10
319.9704289032065
 20
129.6029895392149
 10
319.9273494693657
 20
129.6365746434797
 10
319.8841992889633
 20
129.6695395584162
 10
319.8409822402875
 20
129.7018889788983
 10
319.7984755419677
 20
129.7330661834328
 10
319.7559116173401
 20
129.7636587009205
 10
319.7132940021306
 20
129.7936710212854
 10
319.6706261864103
 20
129.8231076458095
 10
319.6270394257833
 20
129.8525562608457
 10
319.583407591949
 20
129.8814149428159
 10
319.5397342465453
 20
129.9096885029763
 10
319.4960229021036
 20
129.9373817596924
 10
319.452141378086
 20
129.964582701357
 10
319.4078855797869
 20
129.9914151114226
 10
319.3632521404296
 20
130.0178740888251
 10
319.3339508249711
 20
130.0349191406915
  0
LWPOLYLINE
  5
130
330
1F
100
AcDbEntity
  8
Geometries
  6
Continuous
370
    40
100
AcDbPolyline
 90
      184
 70
   128
 43
0.0
 10
301.4988670118541
 20
104.8964862786212
 10
301.4242236186938
 20
104.8008114260894
 10
301.3500785404378
 20
104.7051878751432
 10
301.2764325761841
 20
104.6096202462193
 10
301.2032864670973
 20
104.514113116532
 10
301.1306408969429
 20
104.4186710197145
 10
301.059780387316
 20
104.325000891697
 10
300.9894038454965
 20
104.2314020375683
 10
300.9195117602501
 20
104.1378786278575
 10
300.8501045687157
 20
104.044434791413
 10
300.7797811425639
 20
103.9491702049695
 10
300.7099633610387
 20
103.8539970251362
 10
300.6406515253709
 20
103.7589195029907
 10
300.5718458828778
 20
103.6639418434321
 10
300.5035466275007
 20
103.5690682049673
 10
300.435753900349
 20
103.4743026995125
 10
300.3684677902502
 20
103.3796493922084
 10
300.3016883343065
 20
103.2851123012502
 10
300.2354155184564
 20
103.1906953977309
 10
300.1696492780426
 20
103.0964026054992
 10
300.1043894983836
 20
103.0022378010303
 10
300.0396360153515
 20
102.9082048133109
 10
299.9753886159535
 20
102.8143074237373
 10
299.9116470389183
 20
102.7205493660265
 10
299.853661347831
 20
102.6347300278836
 10
299.7961001561894
 20
102.5490336688092
 10
299.7389631583677
 20
102.4634630588411
 10
299.6822500162634
 20
102.3780209341959
 10
299.6259603596868
 20
102.2927099972509
 10
299.5700937867529
 20
102.207532916533
 10
299.5096304497615
 20
102.1147682222991
 10
299.44966949684
 20
102.0221693374542
 10
299.3902102805073
 20
101.9297395886472
 10
299.3312521107337
 20
101.8374822546273
 10
299.2727942555569
 20
101.7454005662824
 10
299.2148359416983
 20
101.6534977066881
 10
299.1573763551809
 20
101.5617768111684
 10
299.1051424569358
 20
101.477861811905
 10
299.0533262240008
 20
101.3941046511529
 10
299.0019269419273
 20
101.3105076384948
 10
298.9509438692073
 20
101.2270730500291
 10
298.9003762376752
 20
101.1438031284397
 10
298.8502232529091
 20
101.060700083073
 10
298.8004840946313
 20
100.97776609002
 10
298.7511579171103
 20
100.8950032922033
 10
298.7022438495603
 20
100.8124137994708
 10
298.6537409965414
 20
100.7299996886933
 10
298.6056484383594
 20
100.6477630038682
 10
298.5579652314637
 20
100.5657057562278
 10
298.5133808430763
 20
100.4885036220979
 10
298.4691586708529
 20
100.4114643950642
 10
298.4252978675495
 20
100.3345896814229
 10
298.3817975682863
 20
100.2578810619458
 10
298.338656890842
 20
100.1813400919782
 10
298.2892970421991
 20
100.0931840162891
 10
298.2404139123202
 20
100.0052557467746
 10
298.1920060604911
 20
99.91755755144686
 10
298.1440720174162
 20
99.83009165395794
 10
298.09661028581
 20
99.74286023383294
 10
298.050454345558
 20
99.65741681833278
 10
298.0047510588316
 20
99.57220362322704
 10
297.9594989315696
 20
99.48722259042155
 10
297.9146964458203
 20
99.4024756216816
 10
297.8694415235622
 20
99.31624233309715
 10
297.8246515157223
 20
99.23025663383268
 10
297.7803247359814
 20
99.14452041681274
 10
297.7364594744035
 20
99.05903553252902
 10
297.6930539980043
 20
98.9738037893273
 10
297.6501065513147
 20
98.8888269536995
 10
297.6076153569407
 20
98.80410675058015
 10
297.5655786161199
 20
98.7196448636476
 10
297.5239945092723
 20
98.6354429356292
 10
297.4828611965479
 20
98.55150256861083
 10
297.4421768183702
 20
98.46782532435023
 10
297.4019394959737
 20
98.3844127245942
 10
297.3621473319391
 20
98.30126625139931
 10
297.3227984107214
 20
98.21838734745609
 10
297.2800242351141
 20
98.12753126970614
 10
297.2377814469965
 20
98.03700246253763
 10
297.1960674253382
 20
97.94680268400316
 10
297.1548795257507
 20
97.85693363656287
 10
297.1142150812983
 20
97.76739696763089
 10
297.0776993804045
 20
97.68628976493788
 10
297.0416120301659
 20
97.60545973041671
 10
297.0059509816657
 20
97.52490798565549
 10
296.9707141726471
 20
97.44463561609689
 10
296.9358995279909
 20
97.36464367138882
 10
296.9015049601871
 20
97.28493316573704
 10
296.8675283698017
 20
97.20550507825912
 10
296.830634364609
 20
97.11846150111985
 10
296.7942407327174
 20
97.03176200090755
 10
296.7583446337796
 20
96.9454077368277
 10
296.7229432127723
 20
96.85939981891069
 10
296.6880336007019
 20
96.77373930859139
 10
296.6536129153006
 20
96.68842721929056
 10
296.6196782617125
 20
96.60346451699684
 10
296.5862267331701
 20
96.51885212084991
 10
296.5532554116614
 20
96.43459090372434
 10
296.5207613685866
 20
96.35068169281365
 10
296.4893093033359
 20
96.26861425120345
 10
296.4583119958978
 20
96.18688781008939
 10
296.4277666455364
 20
96.1055030277324
 10
296.3976704439983
 20
96.02446052204388
 10
296.367114300158
 20
95.94128045577926
 10
296.3370293204504
 20
95.85846528142002
 10
296.307412407665
 20
95.77601554473084
 10
296.2782604585916
 20
95.69393174835938
 10
296.2495703646259
 20
95.61221435245234
 10
296.2213390123648
 20
95.53086377526992
 10
296.1935632841908
 20
95.44988039379851
 10
296.1662400588471
 20
95.36926454436157
 10
296.1380976607701
 20
95.28520436827503
 10
296.110444862908
 20
95.20154817970752
 10
296.0832780676968
 20
95.11829622612798
 10
296.056593675893
 20
95.0354487090114
 10
296.0303880872307
 20
94.95300578459381
 10
296.0046577010678
 20
94.87096756462421
 10
295.979398917018
 20
94.7893341171122
 10
295.9546081355698
 20
94.70810546707166
 10
295.9302817586925
 20
94.6272815972603
 10
295.906416190429
 20
94.54686244891442
 10
295.8830078374764
 20
94.46684792247935
 10
295.8600531097533
 20
94.38723787833521
 10
295.8388223421864
 20
94.31254729203322
 10
295.8179886475347
 20
94.23821594198088
 10
295.7975490271377
 20
94.16424361670592
 10
295.7775004865297
 20
94.09063007526385
 10
295.7578400358174
 20
94.01737504775998
 10
295.7374087985789
 20
93.94007175310752
 10
295.7174072055647
 20
93.86317101935424
 10
295.6978317092617
 20
93.78667242163915
 10
295.6786787698005
 20
93.71057550113859
 10
295.6599448554047
 20
93.63487976573917
 10
295.6416264428292
 20
93.55958469070484
 10
295.6247322048268
 20
93.4889586638002
 10
295.6082012772716
 20
93.41868782902819
 10
295.5920307298882
 20
93.34877167001129
 10
295.5762176404046
 20
93.27920964659302
 10
295.5607590948388
 20
93.21000119531269
 10
295.543921351396
 20
93.13317641365173
 10
295.5275175884581
 20
93.0567904681074
 10
295.5115437941291
 20
92.98084247684406
 10
295.4959959711269
 20
92.90533152490617
 10
295.4808701372129
 20
92.83025666499834
 10
295.4661623256072
 20
92.7556169182565
 10
295.4518685853903
 20
92.68141127500962
 10
295.4379849818921
 20
92.60763869553287
 10
295.4240207310029
 20
92.5316151382166
 10
295.4104887115197
 20
92.45605463703015
 10
295.3973845973927
 20
92.38095593634047
 10
295.3847040830176
 20
92.30631774923363
 10
295.3724428836254
 20
92.23213875836062
 10
295.360596735656
 20
92.15841761677164
 10
295.3491613971184
 20
92.08515294873872
 10
295.3370519736214
 20
92.0050873647353
 10
295.3254289379058
 20
91.9255705084594
 10
295.3142867372421
 20
91.84660043517482
 10
295.3036198524682
 20
91.76817516288737
 10
295.2934227984524
 20
91.69029267357337
 10
295.2836901245341
 20
91.61295091438788
 10
295.2744164149418
 20
91.53614779885314
 10
295.2655962891897
 20
91.45988120802706
 10
295.2572244024519
 20
91.38414899165119
 10
295.2492954459171
 20
91.30894896927973
 10
295.2419341128253
 20
91.23560769034144
 10
295.2349899856888
 20
91.16277551739891
 10
295.2284581382831
 20
91.09045030584008
 10
295.2223336790159
 20
91.01862988694835
 10
295.2165114119426
 20
90.9460200196622
 10
295.2111013578573
 20
90.87392885833845
 10
295.2060984655785
 20
90.80235404277683
 10
295.2014977220583
 20
90.73129319084981
 10
295.1972941525697
 20
90.66074389945965
 10
295.1935474692198
 20
90.59195001194145
 10
295.1901744999362
 20
90.52364492718344
 10
295.187170640603
 20
90.45582631465247
 10
295.1845313233048
 20
90.38849182766555
 10
295.1822092169224
 20
90.32027976252478
 10
295.1802571896336
 20
90.25256680003449
 10
295.1786705052706
 20
90.18535039995926
 10
295.1774444672694
 20
90.11862800792045
 10
295.1765744187251
 20
90.05239705620298
 10
295.1760557424353
 20
89.98665496454484
 10
295.1758838609296
 20
89.92139914090954
  0
LWPOLYLINE
  5
131
330
1F
100
AcDbEntity
  8
Geometries
  6
Continuous
370
    40
100
AcDbPolyline
 90
       86
 70
   128
 43
0.0
 10
330.0545102648673
 20
113.4667855688111
 10
330.0373253255345
 20
113.5168961134357
 10
330.019303275767
 20
113.5682883152122
 10
330.0009004810492
 20
113.6196041573701
 10
329.9831978085956
 20
113.6679149381097
 10
329.9651513992459
 20
113.7161524474262
 10
329.9467586915932
 20
113.7643140274116
 10
329.928017119649
 20
113.8123969923469
 10
329.9089241131196
 20
113.8603986286232
 10
329.8882870561018
 20
113.9112175266002
 10
329.8672487037644
 20
113.9619385495564
 10
329.8458059758808
 20
114.0125583565961
 10
329.823955788298
 20
114.063073571174
 10
329.8016950533499
 20
114.113480781019
 10
329.7790206802807
 20
114.1637765380647
 10
329.7572603476025
 20
114.2110930404357
 10
329.7351269544567
 20
114.2583044173011
 10
329.7126179047718
 20
114.305407690844
 10
329.6897306014023
 20
114.3523998547991
 10
329.6664624464785
 20
114.3992778744273
 10
329.642810841762
 20
114.4460386864965
 10
329.6187731890084
 20
114.4926791992673
 10
329.5943468903372
 20
114.5391962924851
 10
329.5695293486085
 20
114.5855868173776
 10
329.5443179678057
 20
114.6318475966592
 10
329.5191709272293
 20
114.6771528978942
 10
329.4936390288127
 20
114.7223268898334
 10
329.4677198185174
 20
114.7673664821457
 10
329.441410844829
 20
114.8122685580416
 10
329.4138809051015
 20
114.8584065336398
 10
329.3859315396465
 20
114.9043915781906
 10
329.3575600743862
 20
114.950220189888
 10
329.3287638398903
 20
114.9958888372485
 10
329.2995401718525
 20
115.0413939591805
 10
329.2698864115729
 20
115.0867319650604
 10
329.239799906449
 20
115.1318992348173
 10
329.209278010475
 20
115.1768921190264
 10
329.1768328318293
 20
115.2238364735385
 10
329.1439038879703
 20
115.270581137367
 10
329.1104881635885
 20
115.3171218116324
 10
329.0765826538783
 20
115.3634541626652
 10
329.0421843652189
 20
115.4095738221794
 10
329.0072903158629
 20
115.4554763874592
 10
328.9718975366386
 20
115.5011574215574
 10
328.9360030716595
 20
115.5466124535071
 10
328.8996039790458
 20
115.5918369785454
 10
328.8626973316561
 20
115.6368264583512
 10
328.8252802178284
 20
115.6815763212954
 10
328.7873497421318
 20
115.7260819627051
 10
328.751113938202
 20
115.7678165714232
 10
328.7144168088248
 20
115.809326036398
 10
328.6772559704168
 20
115.8506064187308
 10
328.6396290546062
 20
115.8916537543236
 10
328.6015337088281
 20
115.9324640541261
 10
328.5606150753014
 20
115.9754842105846
 10
328.5191641178945
 20
116.0182283950469
 10
328.4771780927438
 20
116.0606917583275
 10
328.4346542791881
 20
116.1028694210979
 10
328.3915899806161
 20
116.1447564742921
 10
328.3479825253212
 20
116.1863479795264
 10
328.3063670597567
 20
116.225287666931
 10
328.2642641904519
 20
116.2639560160453
 10
328.2216717430247
 20
116.3023488181281
 10
328.1785875654728
 20
116.3404618426801
 10
328.1350095288435
 20
116.3782908378162
 10
328.0909355279096
 20
116.415831530648
 10
328.0463634818524
 20
116.4530796276793
 10
328.0012913349483
 20
116.4900308152125
 10
327.9557170572632
 20
116.5266807597676
 10
327.9096386453508
 20
116.5630251085128
 10
327.8638904389085
 20
116.5984187621708
 10
327.8176521898212
 20
116.6335092607306
 10
327.7709220786319
 20
116.6682924284205
 10
327.7236983131554
 20
116.7027640731628
 10
327.6796423789546
 20
116.7343217203444
 10
327.6351624655135
 20
116.7656067104331
 10
327.5902572257514
 20
116.7966157055749
 10
327.5449253342999
 20
116.8273453573527
 10
327.4991654879594
 20
116.8577923071175
 10
327.4538049825295
 20
116.8874171273462
 10
327.4080292430132
 20
116.9167628023716
 10
327.3618370997895
 20
116.945826123372
 10
327.3152274055607
 20
116.9746038732908
 10
327.2672349059771
 20
117.003671204698
 10
327.2188052978108
 20
117.0324343975929
 10
327.1734145670517
 20
117.0588838994002
  0
ARC
  5
132
330
1F
100
AcDbEntity
  8
Geometries
  6
Continuous
370
    40
100
AcDbCircle
 10
307.879847041892
 20
90.31252999104225
 30
0.0
 40
13.41108088620819
100
AcDbArc
 50
174.8226687792207
 51
179.926869626568
  0
ARC
  5
133
330
1F
100
AcDbEntity
  8
Geometries
  6
Continuous
370
    40
100
AcDbCircle
 10
323.6699117575276
 20
85.83302435676832
 30
0.0
 40
29.92669312418807
100
AcDbArc
 50
153.5778888348187
 51
154.9354688373483
  0
ARC
  5
134
330
1F
100
AcDbEntity
  8
Geometries
  6
Continuous
370
    40
100
AcDbCircle
 10
330.9190312155067
 20
81.63682774298279
 30
0.0
 40
38.31073950364627
100
AcDbArc
 50
144.3910607410833
 51
146.2497200369097
  0
ARC
  5
135
330
1F
100
AcDbEntity
  8
Geometries
  6
Continuous
370
    40
100
AcDbCircle
 10
332.2066165197776
 20
80.71265457216315
 30
0.0
 40
39.89565883953345
100
AcDbArc
 50
141.9455606068328
 51
144.3886686353568
  0
ARC
  5
136
330
1F
100
AcDbEntity
  8
Geometries
  6
Continuous
370
    40
100
AcDbCircle
 10
312.7758066045691
 20
122.6825048918122
 30
0.0
 40
10.14204134836006
100
AcDbArc
 50
19.65103681603909
 51
26.28797525506974
  0
ARC
  5
137
330
1F
100
AcDbEntity
  8
Geometries
  6
Continuous
370
    40
100
AcDbCircle
 10
318.8751516243983
 20
110.3416010196757
 30
0.0
 40
11.65607389720259
100
AcDbArc
 50
359.9617210181548
 51
3.901439388139646
  0
LINE
  5
138
330
1F
100
AcDbEntity
  8
Geometries
  6
Continuous
370
    40
100
AcDbLine
 10
299.7720779386422
 20
76.24508141037012
 30
0.0
 11
299.7720779386422
 21
84.41004721964738
 31
0.0
  0
LINE
  5
139
330
1F
100
AcDbEntity
  8
Geometries
  6
Continuous
370
    40
100
AcDbLine
 10
299.7720779386422
 20
84.41004721964738
 30
0.0
 11
299.0649711574556
 21
84.00179892918351
 31
0.0
  0
LINE
  5
13A
330
1F
100
AcDbEntity
  8
Geometries
  6
Continuous
370
    40
100
AcDbLine
 10
299.0649711574556
 20
84.00179892918351
 30
0.0
 11
292.7010101267767
 21
80.32756431500876
 31
0.0
  0
LINE
  5
13B
330
1F
100
AcDbEntity
  8
Geometries
  6
Continuous
370
    40
100
AcDbLine
 10
311.0857864376269
 20
78.6945711531533
 30
0.0
 11
311.7928932188134
 21
79.10281944361716
 31
0.0
  0
LINE
  5
13C
330
1F
100
AcDbEntity
  8
Geometries
  6
Continuous
370
    40
100
AcDbLine
 10
314.6213203435596
 20
69.30486047248444
 30
0.0
 11
312.5
 21
70.52960534387603
 31
0.0
  0
LINE
  5
13D
330
1F
100
AcDbEntity
  8
Geometries
  6
Continuous
370
    40
100
AcDbLine
 10
289.1654762208439
 20
53.79142543485765
 30
0.0
 11
299.0649711574556
 21
59.50690150135173
 31
0.0
  0
LINE
  5
13E
330
1F
100
AcDbEntity
  8
Geometries
  6
Continuous
370
    40
100
AcDbLine
 10
318.1568542494924
 20
86.85953696243055
 30
0.0
 11
318.1568542494924
 21
95.02450277170782
 31
0.0
  0
LINE
  5
13F
330
1F
100
AcDbEntity
  8
Geometries
  6
Continuous
370
    40
100
AcDbLine
 10
318.1568542494924
 20
95.02450277170782
 30
0.0
 11
317.4497474683058
 21
94.61625448124394
 31
0.0
  0
LINE
  5
140
330
1F
100
AcDbEntity
  8
Geometries
  6
Continuous
370
    40
100
AcDbLine
 10
307.5502525316942
 20
64.40588098691809
 30
0.0
 11
317.4497474683058
 21
70.12135705341217
 31
0.0
  0
LINE
  5
141
330
1F
100
AcDbEntity
  8
Geometries
  6
Continuous
370
    40
100
AcDbLine
 10
311.1978933490468
 20
113.9820821990715
 30
0.0
 11
310.6774964224107
 21
114.9609107693436
 31
0.0
  0
LINE
  5
142
330
1F
100
AcDbEntity
  8
Geometries
  6
Continuous
370
    40
100
AcDbLine
 10
336.5416305603426
 20
105.6389583237683
 30
0.0
 11
335.834523779156
 21
105.2307100333044
 31
0.0
  0
LINE
  5
143
330
1F
100
AcDbEntity
  8
Geometries
  6
Continuous
370
    40
100
AcDbLine
 10
335.834523779156
 20
105.2307100333044
 30
0.0
 11
329.4705627484772
 21
101.5564754191296
 31
0.0
  0
LINE
  5
144
330
1F
100
AcDbEntity
  8
Geometries
  6
Continuous
370
    40
100
AcDbLine
 10
325.9350288425444
 20
75.02033653897853
 30
0.0
 11
335.8345237791561
 21
80.7358126054726
 31
0.0
  0
LINE
  5
145
330
1F
100
AcDbEntity
  8
Geometries
  6
Continuous
370
    40
100
AcDbLine
 10
288.4583694396574
 20
95.02450277170782
 30
0.0
 11
288.4583694396574
 21
86.85953696243057
 31
0.0
  0
LINE
  5
146
330
1F
100
AcDbEntity
  8
Geometries
  6
Continuous
370
    40
100
AcDbLine
 10
330.5312229202569
 20
110.3338136641027
 30
0.0
 11
340.0771644662753
 21
115.8451655853648
 31
0.0
  0
LINE
  5
147
330
1F
100
AcDbEntity
  8
Geometries
  6
Continuous
370
    40
100
AcDbLine
 10
280.6801948466053
 20
70.12135705341217
 30
0.0
 11
280.6801948466053
 21
70.93785363433992
 31
0.0
  0
LINE
  5
148
330
1F
100
AcDbEntity
  8
Geometries
  6
Continuous
370
    40
100
AcDbLine
 10
316.1589244718774
 20
105.4913255878303
 30
0.0
 11
316.8637218522121
 21
108.0891504307067
 31
0.0
  0
LINE
  5
149
330
1F
100
AcDbEntity
  8
Geometries
  6
Continuous
370
    40
100
AcDbLine
 10
321.6923881554251
 20
105.2307100333044
 30
0.0
 11
322.3994949366116
 21
105.6389583237683
 31
0.0
  0
LINE
  5
14A
330
1F
100
AcDbEntity
  8
Geometries
  6
Continuous
370
    40
100
AcDbLine
 10
333.0060966544099
 20
79.91931602454488
 30
0.0
 11
325.9350288425444
 21
75.83683311990625
 31
0.0
  0
LINE
  5
14B
330
1F
100
AcDbEntity
  8
Geometries
  6
Continuous
370
    40
100
AcDbLine
 10
321.6923881554251
 20
105.2307100333044
 30
0.0
 11
321.6923881554251
 21
84.81829551011124
 31
0.0
  0
LINE
  5
14C
330
1F
100
AcDbEntity
  8
Geometries
  6
Continuous
370
    40
100
AcDbLine
 10
317.4497474683058
 20
62.77288782506264
 30
0.0
 11
310.3786796564403
 21
58.690404920424
 31
0.0
  0
LINE
  5
14D
330
1F
100
AcDbEntity
  8
Geometries
  6
Continuous
370
    40
100
AcDbLine
 10
303.3076118445749
 20
94.61625448124396
 30
0.0
 11
304.0147186257614
 21
95.02450277170782
 31
0.0
  0
LINE
  5
14E
330
1F
100
AcDbEntity
  8
Geometries
  6
Continuous
370
    40
100
AcDbLine
 10
303.3076118445749
 20
94.61625448124396
 30
0.0
 11
303.3076118445749
 21
74.2038399580508
 31
0.0
  0
LINE
  5
14F
330
1F
100
AcDbEntity
  8
Geometries
  6
Continuous
370
    40
100
AcDbLine
 10
281.3873016277919
 20
95.02450277170782
 30
0.0
 11
280.6801948466054
 21
94.61625448124394
 31
0.0
  0
LINE
  5
150
330
1F
100
AcDbEntity
  8
Geometries
  6
Continuous
370
    40
100
AcDbLine
 10
316.8637218522121
 20
108.0891504307067
 30
0.0
 11
314.7449571374186
 21
111.9028705381241
 31
0.0
  0
LINE
  5
151
330
1F
100
AcDbEntity
  8
Geometries
  6
Continuous
370
    40
100
AcDbLine
 10
335.8345237791561
 20
84.00179892918352
 30
0.0
 11
335.8345237791561
 21
81.55230918640032
 31
0.0
  0
LINE
  5
152
330
1F
100
AcDbEntity
  8
Geometries
  6
Continuous
370
    40
100
AcDbLine
 10
312.5
 20
70.52960534387603
 30
0.0
 11
307.5502525316942
 21
67.671867310629
 31
0.0
  0
LINE
  5
153
330
1F
100
AcDbEntity
  8
Geometries
  6
Continuous
370
    40
100
AcDbLine
 10
314.5545998376603
 20
111.3809835117592
 30
0.0
 11
314.1891932592252
 21
110.3791782073353
 31
0.0
  0
LINE
  5
154
330
1F
100
AcDbEntity
  8
Geometries
  6
Continuous
370
    40
100
AcDbLine
 10
319.3339373705501
 20
130.034926908632
 30
0.0
 11
318.6268305893636
 21
130.4431751990958
 31
0.0
  0
LINE
  5
155
330
1F
100
AcDbEntity
  8
Geometries
  6
Continuous
370
    40
100
AcDbLine
 10
313.9431841142382
 20
109.704715072489
 30
0.0
 11
313.8344090863644
 21
109.4064954827389
 31
0.0
  0
LINE
  5
156
330
1F
100
AcDbEntity
  8
Geometries
  6
Continuous
370
    40
100
AcDbLine
 10
313.8344090863644
 20
109.4064954827389
 30
0.0
 11
315.3859277270051
 21
106.7322462550401
 31
0.0
  0
LINE
  5
157
330
1F
100
AcDbEntity
  8
Geometries
  6
Continuous
370
    40
100
AcDbLine
 10
315.3859277270051
 20
106.7322462550401
 30
0.0
 11
310.5697456072717
 21
103.951622212096
 31
0.0
  0
LINE
  5
158
330
1F
100
AcDbEntity
  8
Geometries
  6
Continuous
370
    40
100
AcDbLine
 10
310.5697456072717
 20
103.951622212096
 30
0.0
 11
316.7883509403807
 21
122.8213727724687
 31
0.0
  0
LINE
  5
159
330
1F
100
AcDbEntity
  8
Geometries
  6
Continuous
370
    40
100
AcDbLine
 10
284.9228355337247
 20
84.81829551011126
 30
0.0
 11
288.4583694396574
 21
86.85953696243057
 31
0.0
  0
LINE
  5
15A
330
1F
100
AcDbEntity
  8
Geometries
  6
Continuous
370
    40
100
AcDbLine
 10
335.8345237791561
 20
60.32339808227946
 30
0.0
 11
333.0060966544099
 21
58.690404920424
 31
0.0
  0
LINE
  5
15B
330
1F
100
AcDbEntity
  8
Geometries
  6
Continuous
370
    40
100
AcDbLine
 10
344.3198051533946
 20
97.88224080495486
 30
0.0
 11
350.6837661840735
 21
101.5564754191296
 31
0.0
  0
LINE
  5
15C
330
1F
100
AcDbEntity
  8
Geometries
  6
Continuous
370
    40
100
AcDbLine
 10
308.9421349942927
 20
118.2249987349862
 30
0.0
 11
309.2695713633328
 21
119.2873045184174
 31
0.0
  0
LINE
  5
15D
330
1F
100
AcDbEntity
  8
Geometries
  6
Continuous
370
    40
100
AcDbLine
 10
309.5757236909478
 20
120.2805582281066
 30
0.0
 11
309.7041745048531
 21
120.6972927615921
 31
0.0
  0
LINE
  5
15E
330
1F
100
AcDbEntity
  8
Geometries
  6
Continuous
370
    40
100
AcDbLine
 10
307.5502525316942
 20
43.17696988279722
 30
0.0
 11
318.1568542494924
 21
49.30069423975516
 31
0.0
  0
LINE
  5
15F
330
1F
100
AcDbEntity
  8
Geometries
  6
Continuous
370
    40
100
AcDbLine
 10
312.0207489099923
 20
116.4967065978095
 30
0.0
 11
310.4541346526141
 21
119.2447849170261
 31
0.0
  0
LINE
  5
160
330
1F
100
AcDbEntity
  8
Geometries
  6
Continuous
370
    40
100
AcDbLine
 10
294.1152236891498
 20
70.52960534387604
 30
0.0
 11
289.1654762208439
 21
73.38734337712309
 31
0.0
  0
LINE
  5
161
330
1F
100
AcDbEntity
  8
Geometries
  6
Continuous
370
    40
100
AcDbLine
 10
315.2110708226372
 20
122.0060765733093
 30
0.0
 11
312.1410056935597
 21
112.780162092657
 31
0.0
  0
LINE
  5
162
330
1F
100
AcDbEntity
  8
Geometries
  6
Continuous
370
    40
100
AcDbLine
 10
309.8626388268729
 20
104.3598705028396
 30
0.0
 11
311.9947750296348
 21
110.8296295819763
 31
0.0
  0
LINE
  5
163
330
1F
100
AcDbEntity
  8
Geometries
  6
Continuous
370
    40
100
AcDbLine
 10
309.2938294344752
 20
104.224055439131
 30
0.0
 11
309.004580572659
 21
103.3548278655961
 31
0.0
  0
LINE
  5
164
330
1F
100
AcDbEntity
  8
Geometries
  6
Continuous
370
    40
100
AcDbLine
 10
311.8008878107863
 20
111.7580670008986
 30
0.0
 11
311.5729734129398
 21
111.0731568589198
 31
0.0
  0
LINE
  5
165
330
1F
100
AcDbEntity
  8
Geometries
  6
Continuous
370
    40
100
AcDbLine
 10
332.2989898732233
 20
112.17093097119
 30
0.0
 11
330.0545054524735
 21
113.4667846557019
 31
0.0
  0
LINE
  5
166
330
1F
100
AcDbEntity
  8
Geometries
  6
Continuous
370
    40
100
AcDbLine
 10
317.4497474683058
 20
94.61625448124394
 30
0.0
 11
317.4497474683058
 21
92.16676473846077
 31
0.0
  0
LINE
  5
167
330
1F
100
AcDbEntity
  8
Geometries
  6
Continuous
370
    40
100
AcDbLine
 10
309.8745275804937
 20
101.7130969055844
 30
0.0
 11
316.1589244718774
 21
105.4913255878303
 31
0.0
  0
LINE
  5
168
330
1F
100
AcDbEntity
  8
Geometries
  6
Continuous
370
    40
100
AcDbLine
 10
315.0378671379673
 20
127.3095371050657
 30
0.0
 11
314.0041877256728
 21
128.8517470437614
 31
0.0
  0
LINE
  5
169
330
1F
100
AcDbEntity
  8
Geometries
  6
Continuous
370
    40
100
AcDbLine
 10
314.0041877256728
 20
128.8517470437614
 30
0.0
 11
313.6890831449446
 21
128.6751431233211
 31
0.0
  0
LINE
  5
16A
330
1F
100
AcDbEntity
  8
Geometries
  6
Continuous
370
    40
100
AcDbLine
 10
313.6890831449446
 20
128.6751431233211
 30
0.0
 11
311.8830942513437
 21
127.6629562546174
 31
0.0
  0
LINE
  5
16B
330
1F
100
AcDbEntity
  8
Geometries
  6
Continuous
370
    40
100
AcDbLine
 10
354.2193000900063
 20
94.61625448124394
 30
0.0
 11
344.3198051533946
 21
88.90077841474987
 31
0.0
  0
LINE
  5
16C
330
1F
100
AcDbEntity
  8
Geometries
  6
Continuous
370
    40
100
AcDbLine
 10
311.8830942513437
 20
127.6629562546174
 30
0.0
 11
310.7956801886921
 21
124.9319555284502
 31
0.0
  0
LINE
  5
16D
330
1F
100
AcDbEntity
  8
Geometries
  6
Continuous
370
    40
100
AcDbLine
 10
321.6923881554251
 20
105.2307100333044
 30
0.0
 11
339.3700576850888
 21
95.02450277170782
 31
0.0
  0
LINE
  5
16E
330
1F
100
AcDbEntity
  8
Geometries
  6
Continuous
370
    40
100
AcDbLine
 10
318.1568542494924
 20
73.79559166758695
 30
0.0
 11
317.4497474683058
 21
73.38734337712307
 31
0.0
  0
LINE
  5
16F
330
1F
100
AcDbEntity
  8
Geometries
  6
Continuous
370
    40
100
AcDbLine
 10
307.5502525316942
 20
52.1584322730022
 30
0.0
 11
307.5502525316942
 21
43.99346646372495
 31
0.0
  0
LINE
  5
170
330
1F
100
AcDbEntity
  8
Geometries
  6
Continuous
370
    40
100
AcDbLine
 10
351.3908729652601
 20
69.30486047248444
 30
0.0
 11
344.3198051533946
 21
73.38734337712307
 31
0.0
  0
LINE
  5
171
330
1F
100
AcDbEntity
  8
Geometries
  6
Continuous
370
    40
100
AcDbLine
 10
321.6923881554251
 20
84.81829551011126
 30
0.0
 11
318.1568542494924
 21
86.85953696243055
 31
0.0
  0
LINE
  5
172
330
1F
100
AcDbEntity
  8
Geometries
  6
Continuous
370
    40
100
AcDbLine
 10
315.4518176903735
 20
105.8995738781409
 30
0.0
 11
316.1400529844325
 21
108.436352238908
 31
0.0
  0
LINE
  5
173
330
1F
100
AcDbEntity
  8
Geometries
  6
Continuous
370
    40
100
AcDbLine
 10
302.0045930328962
 20
110.9132111874595
 30
0.0
 11
302.7116998141718
 21
110.5049628970511
 31
0.0
  0
LINE
  5
174
330
1F
100
AcDbEntity
  8
Geometries
  6
Continuous
370
    40
100
AcDbLine
 10
299.0649711574556
 20
105.2307100333044
 30
0.0
 11
292.7010101267767
 21
101.5564754191296
 31
0.0
  0
LINE
  5
175
330
1F
100
AcDbEntity
  8
Geometries
  6
Continuous
370
    40
100
AcDbLine
 10
313.9142135623731
 20
89.30902670521372
 30
0.0
 11
313.2071067811866
 21
89.71727499567758
 31
0.0
  0
LINE
  5
176
330
1F
100
AcDbEntity
  8
Geometries
  6
Continuous
370
    40
100
AcDbLine
 10
332.2989898732233
 20
90.94201986706919
 30
0.0
 11
339.3700576850888
 21
95.02450277170782
 31
0.0
  0
LINE
  5
177
330
1F
100
AcDbEntity
  8
Geometries
  6
Continuous
370
    40
100
AcDbLine
 10
321.6923881554251
 20
84.81829551011126
 30
0.0
 11
325.2279220613578
 21
86.85953696243055
 31
0.0
  0
LINE
  5
178
330
1F
100
AcDbEntity
  8
Geometries
  6
Continuous
370
    40
100
AcDbLine
 10
325.2279220613578
 20
86.85953696243055
 30
0.0
 11
325.9350288425444
 21
87.26778525289441
 31
0.0
  0
LINE
  5
179
330
1F
100
AcDbEntity
  8
Geometries
  6
Continuous
370
    40
100
AcDbLine
 10
317.4497474683058
 20
91.35026815753304
 30
0.0
 11
317.4497474683058
 21
87.26778525289441
 31
0.0
  0
LINE
  5
17A
330
1F
100
AcDbEntity
  8
Geometries
  6
Continuous
370
    40
100
AcDbLine
 10
330.8847763108502
 20
81.14406089593646
 30
0.0
 11
325.9350288425444
 21
78.28632286268943
 31
0.0
  0
LINE
  5
17B
330
1F
100
AcDbEntity
  8
Geometries
  6
Continuous
370
    40
100
AcDbLine
 10
289.1654762208439
 20
70.12135705341217
 30
0.0
 11
299.0649711574556
 21
64.40588098691809
 31
0.0
  0
LINE
  5
17C
330
1F
100
AcDbEntity
  8
Geometries
  6
Continuous
370
    40
100
AcDbLine
 10
330.1776695296637
 20
89.7172749956776
 30
0.0
 11
332.2989898732233
 21
90.94201986706919
 31
0.0
  0
LINE
  5
17D
330
1F
100
AcDbEntity
  8
Geometries
  6
Continuous
370
    40
100
AcDbLine
 10
311.7928932188134
 20
79.10281944361716
 30
0.0
 11
310.3786796564403
 21
79.91931602454487
 31
0.0
  0
LINE
  5
17E
330
1F
100
AcDbEntity
  8
Geometries
  6
Continuous
370
    40
100
AcDbLine
 10
336.5416305603426
 20
97.47399251449099
 30
0.0
 11
340.0771644662753
 21
95.43275106217169
 31
0.0
  0
LINE
  5
17F
330
1F
100
AcDbEntity
  8
Geometries
  6
Continuous
370
    40
100
AcDbLine
 10
322.3994949366116
 20
105.6389583237683
 30
0.0
 11
329.4705627484772
 21
101.5564754191296
 31
0.0
  0
LINE
  5
180
330
1F
100
AcDbEntity
  8
Geometries
  6
Continuous
370
    40
100
AcDbLine
 10
329.4705627484772
 20
101.5564754191296
 30
0.0
 11
335.834523779156
 21
97.88224080495486
 31
0.0
  0
LINE
  5
181
330
1F
100
AcDbEntity
  8
Geometries
  6
Continuous
370
    40
100
AcDbLine
 10
309.7470278714243
 20
119.6530332071892
 30
0.0
 11
310.4541346526141
 21
119.2447849170261
 31
0.0
  0
LINE
  5
182
330
1F
100
AcDbEntity
  8
Geometries
  6
Continuous
370
    40
100
AcDbLine
 10
350.6837661840735
 20
101.5564754191296
 30
0.0
 11
357.754833995939
 21
105.6389583237683
 31
0.0
  0
LINE
  5
183
330
1F
100
AcDbEntity
  8
Geometries
  6
Continuous
370
    40
100
AcDbLine
 10
340.0771644662753
 20
95.43275106217169
 30
0.0
 11
343.6126983722081
 21
97.47399251449099
 31
0.0
  0
LINE
  5
184
330
1F
100
AcDbEntity
  8
Geometries
  6
Continuous
370
    40
100
AcDbLine
 10
343.6126983722081
 20
97.47399251449099
 30
0.0
 11
344.3198051533946
 21
97.88224080495486
 31
0.0
  0
LINE
  5
185
330
1F
100
AcDbEntity
  8
Geometries
  6
Continuous
370
    40
100
AcDbLine
 10
357.754833995939
 20
105.6389583237683
 30
0.0
 11
340.0771644662753
 21
115.8451655853648
 31
0.0
  0
LINE
  5
186
330
1F
100
AcDbEntity
  8
Geometries
  6
Continuous
370
    40
100
AcDbLine
 10
309.7856592192859
 20
119.5852679809774
 30
0.0
 11
309.2695713633328
 21
119.2873045184174
 31
0.0
  0
LINE
  5
187
330
1F
100
AcDbEntity
  8
Geometries
  6
Continuous
370
    40
100
AcDbLine
 10
273.6091270347399
 20
58.69040492042401
 30
0.0
 11
270.7806999099937
 21
60.32339808227946
 31
0.0
  0
LINE
  5
188
330
1F
100
AcDbEntity
  8
Geometries
  6
Continuous
370
    40
100
AcDbLine
 10
317.4497474683058
 20
49.70894253021903
 30
0.0
 11
318.1568542494924
 21
49.30069423975516
 31
0.0
  0
LINE
  5
189
330
1F
100
AcDbEntity
  8
Geometries
  6
Continuous
370
    40
100
AcDbLine
 10
307.5502525316942
 20
43.99346646372495
 30
0.0
 11
307.5502525316942
 21
43.17696988279722
 31
0.0
  0
LINE
  5
18A
330
1F
100
AcDbEntity
  8
Geometries
  6
Continuous
370
    40
100
AcDbLine
 10
302.7575665369751
 20
115.5275967789556
 30
0.0
 11
285.6299423149112
 21
105.6389583237683
 31
0.0
  0
LINE
  5
18B
330
1F
100
AcDbEntity
  8
Geometries
  6
Continuous
370
    40
100
AcDbLine
 10
325.9350288425444
 20
94.61625448124394
 30
0.0
 11
325.2279220613578
 21
95.02450277170782
 31
0.0
  0
LINE
  5
18C
330
1F
100
AcDbEntity
  8
Geometries
  6
Continuous
370
    40
100
AcDbLine
 10
296.8694015259229
 20
99.1498535227448
 30
0.0
 11
292.7010101267767
 21
101.5564754191296
 31
0.0
  0
LINE
  5
18D
330
1F
100
AcDbEntity
  8
Geometries
  6
Continuous
370
    40
100
AcDbLine
 10
325.9350288425444
 20
91.35026815753302
 30
0.0
 11
329.4705627484771
 21
89.30902670521372
 31
0.0
  0
LINE
  5
18E
330
1F
100
AcDbEntity
  8
Geometries
  6
Continuous
370
    40
100
AcDbLine
 10
292.7010101267767
 20
101.5564754191296
 30
0.0
 11
285.6299423149112
 21
105.6389583237683
 31
0.0
  0
LINE
  5
18F
330
1F
100
AcDbEntity
  8
Geometries
  6
Continuous
370
    40
100
AcDbLine
 10
288.4583694396574
 20
86.85953696243057
 30
0.0
 11
289.1654762208439
 21
87.26778525289443
 31
0.0
  0
LINE
  5
190
330
1F
100
AcDbEntity
  8
Geometries
  6
Continuous
370
    40
100
AcDbLine
 10
354.2193000900063
 20
75.02033653897851
 30
0.0
 11
354.2193000900063
 21
70.93785363433989
 31
0.0
  0
LINE
  5
191
330
1F
100
AcDbEntity
  8
Geometries
  6
Continuous
370
    40
100
AcDbLine
 10
296.5614311476145
 20
98.51116372263589
 30
0.0
 11
284.9228355337247
 21
105.2307100333044
 31
0.0
  0
LINE
  5
192
330
1F
100
AcDbEntity
  8
Geometries
  6
Continuous
370
    40
100
AcDbLine
 10
344.3198051533946
 20
105.2307100333044
 30
0.0
 11
343.6126983722081
 21
105.6389583237682
 31
0.0
  0
LINE
  5
193
330
1F
100
AcDbEntity
  8
Geometries
  6
Continuous
370
    40
100
AcDbLine
 10
307.5502525316942
 20
65.22237756784581
 30
0.0
 11
307.5502525316942
 21
64.40588098691809
 31
0.0
  0
LINE
  5
194
330
1F
100
AcDbEntity
  8
Geometries
  6
Continuous
370
    40
100
AcDbLine
 10
299.0649711574556
 20
84.00179892918351
 30
0.0
 11
299.0649711574556
 21
81.55230918640034
 31
0.0
  0
LINE
  5
195
330
1F
100
AcDbEntity
  8
Geometries
  6
Continuous
370
    40
100
AcDbLine
 10
281.3873016277919
 20
86.85953696243057
 30
0.0
 11
284.9228355337247
 21
84.81829551011126
 31
0.0
  0
LINE
  5
196
330
1F
100
AcDbEntity
  8
Geometries
  6
Continuous
370
    40
100
AcDbLine
 10
267.2451660040609
 20
95.02450277170783
 30
0.0
 11
274.3162338159265
 21
90.94201986706918
 31
0.0
  0
LINE
  5
197
330
1F
100
AcDbEntity
  8
Geometries
  6
Continuous
370
    40
100
AcDbLine
 10
311.437357400235
 20
123.9745978009944
 30
0.0
 11
313.243346294396
 21
124.9867846695037
 31
0.0
  0
LINE
  5
198
330
1F
100
AcDbEntity
  8
Geometries
  6
Continuous
370
    40
100
AcDbLine
 10
325.9350288425444
 20
92.16676473846077
 30
0.0
 11
330.1776695296637
 21
89.7172749956776
 31
0.0
  0
LINE
  5
199
330
1F
100
AcDbEntity
  8
Geometries
  6
Continuous
370
    40
100
AcDbLine
 10
280.6801948466054
 20
87.26778525289443
 30
0.0
 11
281.3873016277919
 21
86.85953696243057
 31
0.0
  0
LINE
  5
19A
330
1F
100
AcDbEntity
  8
Geometries
  6
Continuous
370
    40
100
AcDbLine
 10
316.0812441590616
 20
123.2296210635115
 30
0.0
 11
316.7883509403807
 21
122.8213727724687
 31
0.0
  0
LINE
  5
19B
330
1F
100
AcDbEntity
  8
Geometries
  6
Continuous
370
    40
100
AcDbLine
 10
294.4687770797431
 20
90.3296474313734
 30
0.0
 11
295.1758838609296
 21
89.92139914090954
 31
0.0
  0
LINE
  5
19C
330
1F
100
AcDbEntity
  8
Geometries
  6
Continuous
370
    40
100
AcDbLine
 10
285.6299423149112
 20
84.41004721964738
 30
0.0
 11
292.7010101267767
 21
80.32756431500876
 31
0.0
  0
LINE
  5
19D
330
1F
100
AcDbEntity
  8
Geometries
  6
Continuous
370
    40
100
AcDbLine
 10
294.8223304703363
 20
79.10281944361716
 30
0.0
 11
295.5294372515229
 21
78.69457115315329
 31
0.0
  0
LINE
  5
19E
330
1F
100
AcDbEntity
  8
Geometries
  6
Continuous
370
    40
100
AcDbLine
 10
289.1654762208439
 20
73.38734337712309
 30
0.0
 11
288.4583694396574
 21
73.79559166758695
 31
0.0
  0
LINE
  5
19F
330
1F
100
AcDbEntity
  8
Geometries
  6
Continuous
370
    40
100
AcDbLine
 10
299.0649711574556
 20
102.9213053436532
 30
0.0
 11
299.0649711574556
 21
105.2307100333044
 31
0.0
  0
LINE
  5
1A0
330
1F
100
AcDbEntity
  8
Geometries
  6
Continuous
370
    40
100
AcDbLine
 10
306.8431457505076
 20
76.24508141037013
 30
0.0
 11
307.5502525316942
 21
76.65332970083399
 31
0.0
  0
LINE
  5
1A1
330
1F
100
AcDbEntity
  8
Geometries
  6
Continuous
370
    40
100
AcDbLine
 10
307.5502525316942
 20
76.65332970083399
 30
0.0
 11
311.0857864376269
 21
78.6945711531533
 31
0.0
  0
LINE
  5
1A2
330
1F
100
AcDbEntity
  8
Geometries
  6
Continuous
370
    40
100
AcDbLine
 10
265.8309524416878
 20
95.02450277170783
 30
0.0
 11
303.3076118445749
 21
73.38734337712309
 31
0.0
  0
LINE
  5
1A3
330
1F
100
AcDbEntity
  8
Geometries
  6
Continuous
370
    40
100
AcDbLine
 10
330.5041683602612
 20
111.1346902875341
 30
0.0
 11
332.2989898732233
 21
112.17093097119
 31
0.0
  0
LINE
  5
1A4
330
1F
100
AcDbEntity
  8
Geometries
  6
Continuous
370
    40
100
AcDbLine
 10
336.5416305603426
 20
59.91514979181559
 30
0.0
 11
336.5416305603426
 21
84.41004721964738
 31
0.0
  0
LINE
  5
1A5
330
1F
100
AcDbEntity
  8
Geometries
  6
Continuous
370
    40
100
AcDbLine
 10
344.3198051533946
 20
88.90077841474987
 30
0.0
 11
344.3198051533946
 21
81.55230918640034
 31
0.0
  0
LINE
  5
1A6
330
1F
100
AcDbEntity
  8
Geometries
  6
Continuous
370
    40
100
AcDbLine
 10
325.9350288425444
 20
53.79142543485766
 30
0.0
 11
336.5416305603426
 21
59.91514979181559
 31
0.0
  0
LINE
  5
1A7
330
1F
100
AcDbEntity
  8
Geometries
  6
Continuous
370
    40
100
AcDbLine
 10
325.9350288425444
 20
54.60792201578539
 30
0.0
 11
325.9350288425444
 21
53.79142543485766
 31
0.0
  0
LINE
  5
1A8
330
1F
100
AcDbEntity
  8
Geometries
  6
Continuous
370
    40
100
AcDbLine
 10
307.5502525316942
 20
64.40588098691809
 30
0.0
 11
307.5502525316942
 21
60.32339808227946
 31
0.0
  0
LINE
  5
1A9
330
1F
100
AcDbEntity
  8
Geometries
  6
Continuous
370
    40
100
AcDbLine
 10
303.3076118445749
 20
32.56251433073679
 30
0.0
 11
359.1690475583121
 21
64.81412927738195
 31
0.0
  0
LINE
  5
1AA
330
1F
100
AcDbEntity
  8
Geometries
  6
Continuous
370
    40
100
AcDbLine
 10
303.3076118445749
 20
73.38734337712309
 30
0.0
 11
303.3076118445749
 21
32.56251433073679
 31
0.0
  0
LINE
  5
1AB
330
1F
100
AcDbEntity
  8
Geometries
  6
Continuous
370
    40
100
AcDbLine
 10
354.9264068711929
 20
70.52960534387603
 30
0.0
 11
354.9264068711929
 21
95.02450277170782
 31
0.0
  0
LINE
  5
1AC
330
1F
100
AcDbEntity
  8
Geometries
  6
Continuous
370
    40
100
AcDbLine
 10
354.9264068711929
 20
95.02450277170782
 30
0.0
 11
354.2193000900063
 21
94.61625448124394
 31
0.0
  0
LINE
  5
1AD
330
1F
100
AcDbEntity
  8
Geometries
  6
Continuous
370
    40
100
AcDbLine
 10
344.3198051533946
 20
81.55230918640034
 30
0.0
 11
344.3198051533946
 21
80.73581260547259
 31
0.0
  0
LINE
  5
1AE
330
1F
100
AcDbEntity
  8
Geometries
  6
Continuous
370
    40
100
AcDbLine
 10
344.3198051533946
 20
80.73581260547259
 30
0.0
 11
344.3198051533946
 21
73.38734337712307
 31
0.0
  0
LINE
  5
1AF
330
1F
100
AcDbEntity
  8
Geometries
  6
Continuous
370
    40
100
AcDbLine
 10
344.3198051533946
 20
65.22237756784581
 30
0.0
 11
344.3198051533946
 21
64.40588098691809
 31
0.0
  0
LINE
  5
1B0
330
1F
100
AcDbEntity
  8
Geometries
  6
Continuous
370
    40
100
AcDbLine
 10
299.0649711574556
 20
43.17696988279722
 30
0.0
 11
299.0649711574556
 21
43.99346646372494
 31
0.0
  0
LINE
  5
1B1
330
1F
100
AcDbEntity
  8
Geometries
  6
Continuous
370
    40
100
AcDbLine
 10
299.0649711574556
 20
43.99346646372494
 30
0.0
 11
299.0649711574556
 21
52.15843227300221
 31
0.0
  0
LINE
  5
1B2
330
1F
100
AcDbEntity
  8
Geometries
  6
Continuous
370
    40
100
AcDbLine
 10
299.0649711574556
 20
60.32339808227947
 30
0.0
 11
299.0649711574556
 21
64.40588098691808
 31
0.0
  0
LINE
  5
1B3
330
1F
100
AcDbEntity
  8
Geometries
  6
Continuous
370
    40
100
AcDbLine
 10
299.0649711574556
 20
64.40588098691808
 30
0.0
 11
299.0649711574556
 21
65.22237756784581
 31
0.0
  0
LINE
  5
1B4
330
1F
100
AcDbEntity
  8
Geometries
  6
Continuous
370
    40
100
AcDbLine
 10
299.0649711574556
 20
65.22237756784581
 30
0.0
 11
299.0649711574556
 21
67.671867310629
 31
0.0
  0
LINE
  5
1B5
330
1F
100
AcDbEntity
  8
Geometries
  6
Continuous
370
    40
100
AcDbLine
 10
288.4583694396574
 20
73.79559166758695
 30
0.0
 11
288.4583694396574
 21
49.30069423975517
 31
0.0
  0
LINE
  5
1B6
330
1F
100
AcDbEntity
  8
Geometries
  6
Continuous
370
    40
100
AcDbLine
 10
307.5502525316942
 20
80.7358126054726
 30
0.0
 11
307.5502525316942
 21
76.65332970083399
 31
0.0
  0
LINE
  5
1B7
330
1F
100
AcDbEntity
  8
Geometries
  6
Continuous
370
    40
100
AcDbLine
 10
280.6801948466053
 20
62.77288782506264
 30
0.0
 11
280.6801948466053
 21
70.12135705341217
 31
0.0
  0
LINE
  5
1B8
330
1F
100
AcDbEntity
  8
Geometries
  6
Continuous
370
    40
100
AcDbLine
 10
280.6801948466053
 20
70.93785363433992
 30
0.0
 11
280.6801948466053
 21
78.28632286268945
 31
0.0
  0
LINE
  5
1B9
330
1F
100
AcDbEntity
  8
Geometries
  6
Continuous
370
    40
100
AcDbLine
 10
280.6801948466053
 20
78.28632286268945
 30
0.0
 11
270.7806999099937
 21
84.00179892918352
 31
0.0
  0
LINE
  5
1BA
330
1F
100
AcDbEntity
  8
Geometries
  6
Continuous
370
    40
100
AcDbLine
 10
270.0735931288071
 20
59.9151497918156
 30
0.0
 11
280.6801948466053
 21
53.79142543485766
 31
0.0
  0
LINE
  5
1BB
330
1F
100
AcDbEntity
  8
Geometries
  6
Continuous
370
    40
100
AcDbLine
 10
312.7542649163145
 20
113.1342274699974
 30
0.0
 11
316.0773389008176
 21
123.2177709387646
 31
0.0
  0
LWPOLYLINE
  5
1BC
330
1F
100
AcDbEntity
  8
Geometries
  6
Continuous
370
    40
100
AcDbPolyline
 90
       52
 70
   128
 43
0.0
 10
323.1045674888172
 20
122.1407808020488
 10
323.0980955640547
 20
122.2331247095905
 10
323.0911947392784
 20
122.3250134861475
 10
323.083867414547
 20
122.4164429603875
 10
323.0761160330351
 20
122.5074090482678
 10
323.0679430802052
 20
122.5979077533203
 10
323.0593510829246
 20
122.6879351668756
 10
323.0508685526185
 20
122.7723830583554
 10
323.0420179665819
 20
122.8564054534345
 10
323.0328015396662
 20
122.9399992912276
 10
323.0232215166896
 20
123.0231615806867
 10
323.0132801717616
 20
123.1058894006555
 10
323.0029798076044
 20
123.1881798999017
 10
322.9923227548726
 20
123.2700302971291
 10
322.9813113714704
 20
123.3514378809681
 10
322.9699480418681
 20
123.4324000099467
 10
322.9582351764169
 20
123.5129141124399
 10
322.9463935967456
 20
123.5915519448561
 10
322.9342195328631
 20
123.6697528906082
 10
322.9217153373502
 20
123.7475147096708
 10
322.9088833843365
 20
123.8248352266436
 10
322.895483848346
 20
123.9031059789828
 10
322.8817495607407
 20
123.9809148882066
 10
322.8676830923366
 20
124.0582598636524
 10
322.8532870343914
 20
124.1351388834201
 10
322.838563997921
 20
124.2115499941536
 10
322.8237881452565
 20
124.2861393461775
 10
322.8087019335289
 20
124.3602738105185
 10
322.7933078882132
 20
124.4339517282906
 10
322.7776085506669
 20
124.5071715034186
 10
322.7585243524385
 20
124.5937384285047
 10
322.7390154483378
 20
124.6796514157385
 10
322.7190862068106
 20
124.7649081170001
 10
322.6987410228335
 20
124.8495063076805
 10
322.6779843164752
 20
124.9334438858721
 10
322.6568205314665
 20
125.0167188715228
 10
322.6384001261472
 20
125.0874145994737
 10
322.6196880189349
 20
125.1576231914181
 10
322.6006870265121
 20
125.2273436177926
 10
322.5813999754343
 20
125.2965749123944
 10
322.561829701501
 20
125.3653161719226
 10
322.5423359672255
 20
125.4323521078168
 10
322.5225744808575
 20
125.4989138038898
 10
322.5025479515369
 20
125.5650005788749
 10
322.4822590947282
 20
125.630611808233
 10
322.4577674305178
 20
125.7080995878124
 10
322.4329124446654
 20
125.784911749713
 10
322.4076987471698
 20
125.8610475489752
 10
322.3821309559632
 20
125.9365063503002
 10
322.3562136956512
 20
126.01128762683
 10
322.3299515962694
 20
126.0853909589062
 10
322.3271579402249
 20
126.0931779008695
  0
LINE
  5
1BD
330
1F
100
AcDbEntity
  8
Geometries
  6
Continuous
370
    40
100
AcDbLine
 10
312.5
 20
81.14406089593648
 30
0.0
 11
307.5502525316942
 21
84.00179892918351
 31
0.0
  0
LINE
  5
1BE
330
1F
100
AcDbEntity
  8
Geometries
  6
Continuous
370
    40
100
AcDbLine
 10
354.2193000900063
 20
70.93785363433989
 30
0.0
 11
351.3908729652601
 21
69.30486047248444
 31
0.0
  0
LWPOLYLINE
  5
1BF
330
1F
100
AcDbEntity
  8
Geometries
  6
Continuous
370
    40
100
AcDbPolyline
 90
       41
 70
   128
 43
0.0
 10
330.5042133843625
 20
111.1346844200733
 10
330.502106179308
 20
111.1646935562485
 10
330.4974449950208
 20
111.2272761545741
 10
330.4924166046482
 20
111.289901428136
 10
330.4870166694403
 20
111.3525664047778
 10
330.4813472816013
 20
111.4141480816885
 10
330.475311115808
 20
111.4757622181052
 10
330.4689039744342
 20
111.5374058433574
 10
330.4621216313952
 20
111.599075934545
 10
330.4548260788653
 20
111.6618913127821
 10
330.4471326258388
 20
111.724727636189
 10
330.4390367218386
 20
111.7875815437105
 10
330.4305337867075
 20
111.8504496159025
 10
330.421619210873
 20
111.9133283743693
 10
330.4124586554532
 20
111.9750912766534
 10
330.4028921333867
 20
112.0368576663199
 10
330.3929151964265
 20
112.0986240788353
 10
330.3825233700749
 20
112.160386992767
 10
330.3714871183133
 20
112.2234030533848
 10
330.360009374895
 20
112.2864078799749
 10
330.3480853033251
 20
112.349397544647
 10
330.3357100401275
 20
112.4123680556703
 10
330.3228786952623
 20
112.4753153569427
 10
330.3095863525619
 20
112.5382353274678
 10
330.2958280701871
 20
112.6011237808372
 10
330.2829406405787
 20
112.6581395401012
 10
330.2696620035191
 20
112.7151226462356
 10
330.2559884175635
 20
112.7720698327292
 10
330.2419161251823
 20
112.8289777874928
 10
330.2274413530999
 20
112.8858431525654
 10
330.2125603126445
 20
112.9426625238241
 10
330.19726920011
 20
112.9994324507006
 10
330.1799707854222
 20
113.0618180865839
 10
330.1621664608255
 20
113.1241349414508
 10
330.1438511038972
 20
113.1863782254703
 10
330.1250195726249
 20
113.2485430791584
 10
330.105666706094
 20
113.3106245729718
 10
330.0891373391686
 20
113.3622918683449
 10
330.0722393311171
 20
113.4138948728759
 10
330.0549696673648
 20
113.4654306211834
 10
330.0545102648673
 20
113.4667855688111
  0
LINE
  5
1C0
330
1F
100
AcDbEntity
  8
Geometries
  6
Continuous
370
    40
100
AcDbLine
 10
306.8431457505076
 20
84.41004721964738
 30
0.0
 11
306.8431457505076
 21
76.24508141037013
 31
0.0
  0
ELLIPSE
  5
1C1
330
1F
100
AcDbEntity
  8
Geometries
  6
Continuous
370
    40
100
AcDbEllipse
 10
330.1740962673683
 20
126.3927193010396
 30
0.0
 11
5.0
 21
8.660254037844389
 31
0.0
210
0.0
220
0.0
230
1.0
 40
0.577350269189626
 41
2.998062503821362
 42
3.090505415931867
  0
LINE
  5
1C2
330
1F
100
AcDbEntity
  8
Geometries
  6
Continuous
370
    40
100
AcDbLine
 10
289.1654762208439
 20
62.77288782506264
 30
0.0
 11
289.1654762208439
 21
70.12135705341217
 31
0.0
  0
LINE
  5
1C3
330
1F
100
AcDbEntity
  8
Geometries
  6
Continuous
370
    40
100
AcDbLine
 10
317.4497474683058
 20
70.9378536343399
 30
0.0
 11
317.4497474683058
 21
70.12135705341217
 31
0.0
  0
LINE
  5
1C4
330
1F
100
AcDbEntity
  8
Geometries
  6
Continuous
370
    40
100
AcDbLine
 10
311.8008878107863
 20
111.7580670008986
 30
0.0
 11
312.2208416154926
 21
111.5156065587042
 31
0.0
  0
LINE
  5
1C5
330
1F
100
AcDbEntity
  8
Geometries
  6
Continuous
370
    40
100
AcDbLine
 10
314.3307603567139
 20
127.717785395859
 30
0.0
 11
313.6890831449446
 21
128.6751431233211
 31
0.0
  0
LINE
  5
1C6
330
1F
100
AcDbEntity
  8
Geometries
  6
Continuous
370
    40
100
AcDbLine
 10
313.9431841142382
 20
109.704715072489
 30
0.0
 11
316.1400529844325
 21
108.436352238908
 31
0.0
  0
ARC
  5
1C7
330
1F
100
AcDbEntity
  8
Geometries
  6
Continuous
370
    40
100
AcDbCircle
 10
331.1941869457801
 20
108.3637254154049
 30
0.0
 40
29.32512408737695
100
AcDbArc
 50
163.9020727321642
 51
165.8600558123964
  0
LINE
  5
1C8
330
1F
100
AcDbEntity
  8
Geometries
  6
Continuous
370
    40
100
AcDbLine
 10
316.1566150715526
 20
108.4973987219611
 30
0.0
 11
316.8637218522121
 21
108.0891504307067
 31
0.0
  0
LINE
  5
1C9
330
1F
100
AcDbEntity
  8
Geometries
  6
Continuous
370
    40
100
AcDbLine
 10
311.5729734129398
 20
111.0731568589197
 30
0.0
 11
311.9947750296348
 21
110.8296295819763
 31
0.0
  0
LINE
  5
1CA
330
1F
100
AcDbEntity
  8
Geometries
  6
Continuous
370
    40
100
AcDbLine
 10
313.243346294396
 20
124.9867846695037
 30
0.0
 11
313.9504530757591
 21
124.5785363793282
 31
0.0
  0
LINE
  5
1CB
330
1F
100
AcDbEntity
  8
Geometries
  6
Continuous
370
    40
100
AcDbLine
 10
317.4497474683058
 20
70.93785363433989
 30
0.0
 11
314.6213203435596
 21
69.30486047248444
 31
0.0
  0
LINE
  5
1CC
330
1F
100
AcDbEntity
  8
Geometries
  6
Continuous
370
    40
100
AcDbLine
 10
309.7856592192859
 20
119.5852679809774
 30
0.0
 11
309.7470278714243
 21
119.6530332071892
 31
0.0
  0
LINE
  5
1CD
330
1F
100
AcDbEntity
  8
Geometries
  6
Continuous
370
    40
100
AcDbLine
 10
314.594846760061
 20
122.3618537022273
 30
0.0
 11
315.2110708226372
 21
122.0060765733093
 31
0.0
  0
LINE
  5
1CE
330
1F
100
AcDbEntity
  8
Geometries
  6
Continuous
370
    40
100
AcDbLine
 10
325.9350288425444
 20
70.12135705341217
 30
0.0
 11
325.9350288425444
 21
62.77288782506263
 31
0.0
  0
LINE
  5
1CF
330
1F
100
AcDbEntity
  8
Geometries
  6
Continuous
370
    40
100
AcDbLine
 10
309.7470278714243
 20
119.6530332071892
 30
0.0
 11
314.5039640422338
 21
122.4143248639044
 31
0.0
  0
LINE
  5
1D0
330
1F
100
AcDbEntity
  8
Geometries
  6
Continuous
370
    40
100
AcDbLine
 10
317.4497474683058
 20
94.61625448124394
 30
0.0
 11
311.0857864376269
 21
90.94201986706918
 31
0.0
  0
LINE
  5
1D1
330
1F
100
AcDbEntity
  8
Geometries
  6
Continuous
370
    40
100
AcDbLine
 10
316.0773389008176
 20
123.2177709387646
 30
0.0
 11
316.0812441590616
 21
123.2296210635115
 31
0.0
  0
LINE
  5
1D2
330
1F
100
AcDbEntity
  8
Geometries
  6
Continuous
370
    40
100
AcDbLine
 10
280.6801948466053
 20
54.60792201578538
 30
0.0
 11
280.6801948466053
 21
62.77288782506264
 31
0.0
  0
LINE
  5
1D3
330
1F
100
AcDbEntity
  8
Geometries
  6
Continuous
370
    40
100
AcDbLine
 10
336.5416305603426
 20
97.47399251449099
 30
0.0
 11
336.5416305603426
 21
105.6389583237683
 31
0.0
  0
LINE
  5
1D4
330
1F
100
AcDbEntity
  8
Geometries
  6
Continuous
370
    40
100
AcDbLine
 10
311.9947750296348
 20
110.8296295819763
 30
0.0
 11
312.2208416154926
 21
111.5156065587042
 31
0.0
  0
LINE
  5
1D5
330
1F
100
AcDbEntity
  8
Geometries
  6
Continuous
370
    40
100
AcDbLine
 10
325.9350288425444
 20
78.28632286268943
 30
0.0
 11
325.9350288425444
 21
75.83683311990625
 31
0.0
  0
LINE
  5
1D6
330
1F
100
AcDbEntity
  8
Geometries
  6
Continuous
370
    40
100
AcDbLine
 10
315.7571154703963
 20
123.8493864359377
 30
0.0
 11
315.6033367806842
 21
124.1434261498954
 31
0.0
  0
LINE
  5
1D7
330
1F
100
AcDbEntity
  8
Geometries
  6
Continuous
370
    40
100
AcDbLine
 10
325.9350288425444
 20
92.16676473846076
 30
0.0
 11
325.9350288425444
 21
94.61625448124394
 31
0.0
  0
LINE
  5
1D8
330
1F
100
AcDbEntity
  8
Geometries
  6
Continuous
370
    40
100
AcDbLine
 10
291.9939033455901
 20
48.07594936836357
 30
0.0
 11
289.1654762208439
 21
49.70894253021903
 31
0.0
  0
LINE
  5
1D9
330
1F
100
AcDbEntity
  8
Geometries
  6
Continuous
370
    40
100
AcDbLine
 10
289.1654762208439
 20
49.70894253021903
 30
0.0
 11
288.4583694396574
 21
49.30069423975517
 31
0.0
  0
LINE
  5
1DA
330
1F
100
AcDbEntity
  8
Geometries
  6
Continuous
370
    40
100
AcDbLine
 10
284.9228355337247
 20
105.2307100333044
 30
0.0
 11
284.9228355337247
 21
84.81829551011124
 31
0.0
  0
LINE
  5
1DB
330
1F
100
AcDbEntity
  8
Geometries
  6
Continuous
370
    40
100
AcDbLine
 10
299.7720779386422
 20
76.24508141037013
 30
0.0
 11
303.3076118445749
 21
74.20383995805082
 31
0.0
  0
LINE
  5
1DC
330
1F
100
AcDbEntity
  8
Geometries
  6
Continuous
370
    40
100
AcDbLine
 10
335.8345237791561
 20
65.22237756784581
 30
0.0
 11
328.7634559672906
 21
69.30486047248444
 31
0.0
  0
LINE
  5
1DD
330
1F
100
AcDbEntity
  8
Geometries
  6
Continuous
370
    40
100
AcDbLine
 10
280.6801948466054
 20
62.77288782506264
 30
0.0
 11
273.6091270347399
 21
58.690404920424
 31
0.0
  0
LINE
  5
1DE
330
1F
100
AcDbEntity
  8
Geometries
  6
Continuous
370
    40
100
AcDbLine
 10
307.5502525316942
 20
59.50690150135173
 30
0.0
 11
307.5502525316942
 21
52.1584322730022
 31
0.0
  0
LINE
  5
1DF
330
1F
100
AcDbEntity
  8
Geometries
  6
Continuous
370
    40
100
AcDbLine
 10
299.0649711574556
 20
52.15843227300221
 30
0.0
 11
291.9939033455901
 21
48.07594936836357
 31
0.0
  0
LINE
  5
1E0
330
1F
100
AcDbEntity
  8
Geometries
  6
Continuous
370
    40
100
AcDbLine
 10
314.6213203435596
 20
69.30486047248444
 30
0.0
 11
307.5502525316942
 21
65.22237756784581
 31
0.0
  0
LINE
  5
1E1
330
1F
100
AcDbEntity
  8
Geometries
  6
Continuous
370
    40
100
AcDbLine
 10
295.5294372515229
 20
78.69457115315329
 30
0.0
 11
299.0649711574556
 21
76.65332970083399
 31
0.0
  0
LINE
  5
1E2
330
1F
100
AcDbEntity
  8
Geometries
  6
Continuous
370
    40
100
AcDbLine
 10
289.1654762208439
 20
87.26778525289443
 30
0.0
 11
294.4687770797431
 21
90.3296474313734
 31
0.0
  0
LINE
  5
1E3
330
1F
100
AcDbEntity
  8
Geometries
  6
Continuous
370
    40
100
AcDbLine
 10
333.0060966544099
 20
58.69040492042401
 30
0.0
 11
325.9350288425444
 21
62.77288782506263
 31
0.0
  0
LINE
  5
1E4
330
1F
100
AcDbEntity
  8
Geometries
  6
Continuous
370
    40
100
AcDbLine
 10
300.7917602306676
 20
105.304734569085
 30
0.0
 11
301.4988670118541
 21
104.8964862786212
 31
0.0
  0
LINE
  5
1E5
330
1F
100
AcDbEntity
  8
Geometries
  6
Continuous
370
    40
100
AcDbLine
 10
314.7449571374186
 20
111.9028705381241
 30
0.0
 11
314.5545998376603
 21
111.3809835117592
 31
0.0
  0
LINE
  5
1E6
330
1F
100
AcDbEntity
  8
Geometries
  6
Continuous
370
    40
100
AcDbLine
 10
332.2989898732233
 20
90.94201986706918
 30
0.0
 11
325.9350288425444
 21
94.61625448124394
 31
0.0
  0
LINE
  5
1E7
330
1F
100
AcDbEntity
  8
Geometries
  6
Continuous
370
    40
100
AcDbLine
 10
354.2193000900063
 20
70.93785363433989
 30
0.0
 11
354.9264068711929
 21
70.52960534387603
 31
0.0
  0
LWPOLYLINE
  5
1E8
330
1F
100
AcDbEntity
  8
Geometries
  6
Continuous
370
    40
100
AcDbPolyline
 90
       90
 70
   128
 43
0.0
 10
296.5613786562755
 20
98.51113125202853
 10
296.5306746658099
 20
98.44525075300149
 10
296.4889606441517
 20
98.35505097446705
 10
296.4477727445641
 20
98.26518192702672
 10
296.4071083001118
 20
98.17564525809479
 10
296.3705925992178
 20
98.09453805540174
 10
296.3345052489793
 20
98.01370802088056
 10
296.2988442004792
 20
97.93315627611936
 10
296.2636073914605
 20
97.85288390656076
 10
296.2287927468043
 20
97.7728919618527
 10
296.1943981790006
 20
97.69318145620092
 10
296.1604215886152
 20
97.61375336872301
 10
296.1235275834224
 20
97.5267097915837
 10
296.0871339515309
 20
97.4400102913714
 10
296.0512378525931
 20
97.35365602729158
 10
296.0158364315858
 20
97.26764810937456
 10
295.9809268195154
 20
97.18198759905528
 10
295.9465061341141
 20
97.09667550975443
 10
295.912571480526
 20
97.01171280746071
 10
295.8791199519836
 20
96.92710041131379
 10
295.8461486304749
 20
96.84283919418824
 10
295.8136545874
 20
96.7589299832775
 10
295.7822025221492
 20
96.67686254166728
 10
295.7512052147112
 20
96.59513610055325
 10
295.7206598643498
 20
96.51375131819623
 10
295.6905636628118
 20
96.43270881250774
 10
295.6600075189714
 20
96.34952874624312
 10
295.6299225392639
 20
96.26671357188388
 10
295.6003056264785
 20
96.18426383519471
 10
295.5711536774051
 20
96.10218003882324
 10
295.5424635834394
 20
96.02046264291621
 10
295.5142322311782
 20
95.9391120657338
 10
295.4864565030043
 20
95.85812868426237
 10
295.4591332776606
 20
95.77751283482544
 10
295.4309908795836
 20
95.6934526587389
 10
295.4033380817214
 20
95.60979647017136
 10
295.3761712865103
 20
95.52654451659187
 10
295.3494868947064
 20
95.44369699947528
 10
295.3232813060441
 20
95.3612540750577
 10
295.2975509198812
 20
95.27921585508807
 10
295.2722921358314
 20
95.19758240757605
 10
295.2475013543832
 20
95.11635375753552
 10
295.2231749775059
 20
95.03552988772418
 10
295.1993094092425
 20
94.9551107393783
 10
295.1759010562899
 20
94.87509621294322
 10
295.1529463285667
 20
94.79548616879906
 10
295.1317155609999
 20
94.72079558249709
 10
295.1108818663481
 20
94.64646423244473
 10
295.0904422459511
 20
94.57249190716978
 10
295.0703937053432
 20
94.49887836572773
 10
295.0507332546308
 20
94.42562333822382
 10
295.0303020173923
 20
94.34832004357138
 10
295.0103004243781
 20
94.2714193098181
 10
294.9907249280752
 20
94.19492071210306
 10
294.971571988614
 20
94.11882379160247
 10
294.9528380742182
 20
94.04312805620305
 10
294.9345196616426
 20
93.96783298116867
 10
294.9176254236403
 20
93.89720695426405
 10
294.9010944960851
 20
93.82693611949207
 10
294.8849239487016
 20
93.75701996047513
 10
294.869110859218
 20
93.68745793705689
 10
294.8536523136523
 20
93.61824948577654
 10
294.8368145702094
 20
93.5414247041156
 10
294.8204108072716
 20
93.46503875857127
 10
294.8044370129426
 20
93.38909076730796
 10
294.7888891899404
 20
93.31357981537003
 10
294.7737633560263
 20
93.2385049554622
 10
294.7590555444207
 20
93.16386520872037
 10
294.7447618042038
 20
93.08965956547353
 10
294.7308782007055
 20
93.01588698599673
 10
294.7169139498164
 20
92.93986342868047
 10
294.7033819303332
 20
92.86430292749404
 10
294.6902778162061
 20
92.78920422680434
 10
294.6775973018311
 20
92.71456603969752
 10
294.6653361024389
 20
92.64038704882451
 10
294.6534899544694
 20
92.56666590723552
 10
294.6420546159318
 20
92.4934012392026
 10
294.6299451924348
 20
92.41333565519915
 10
294.6183221567192
 20
92.33381879892326
 10
294.6071799560555
 20
92.25484872563868
 10
294.5965130712816
 20
92.17642345335123
 10
294.5863160172659
 20
92.09854096403724
 10
294.5765833433475
 20
92.02119920485174
 10
294.5673096337552
 20
91.94439608931702
 10
294.5584895080031
 20
91.86812949849092
 10
294.5501176212654
 20
91.79239728211502
 10
294.5421886647306
 20
91.71719725974361
 10
294.5348273316388
 20
91.64385598080533
 10
294.5278832045022
 20
91.57102380786276
 10
294.5234809653581
 20
91.52272657260727
  0
LINE
  5
1E9
330
1F
100
AcDbEntity
  8
Geometries
  6
Continuous
370
    40
100
AcDbLine
 10
307.5502525316942
 20
59.50690150135173
 30
0.0
 11
317.4497474683058
 21
53.79142543485765
 31
0.0
  0
LINE
  5
1EA
330
1F
100
AcDbEntity
  8
Geometries
  6
Continuous
370
    40
100
AcDbLine
 10
313.9142135623731
 20
80.32756431500876
 30
0.0
 11
320.9852813742386
 21
84.41004721964738
 31
0.0
  0
LINE
  5
1EB
330
1F
100
AcDbEntity
  8
Geometries
  6
Continuous
370
    40
100
AcDbLine
 10
354.2193000900063
 20
94.61625448124396
 30
0.0
 11
354.2193000900063
 21
75.83683311990625
 31
0.0
  0
LWPOLYLINE
  5
1EC
330
1F
100
AcDbEntity
  8
Geometries
  6
Continuous
370
    40
100
AcDbPolyline
 90
       48
 70
   128
 43
0.0
 10
302.7575571820262
 20
115.5275924171886
 10
302.7563058659953
 20
115.5226222561294
 10
302.7304932635865
 20
115.4192555542681
 10
302.7051384858879
 20
115.3161108030584
 10
302.6802402829276
 20
115.2131938122992
 10
302.6557973514975
 20
115.1105103080927
 10
302.6318083360507
 20
115.008065932435
 10
302.6082718296065
 20
114.9058662428414
 10
302.5851863746605
 20
114.8039167120058
 10
302.5625504641004
 20
114.7022227274952
 10
302.5403625421259
 20
114.6007895914773
 10
302.5186210051731
 20
114.4996225204823
 10
302.4973242028431
 20
114.3987266451969
 10
302.4764704388325
 20
114.2981070102912
 10
302.4560579718679
 20
114.1977685742781
 10
302.4360850166418
 20
114.0977162094037
 10
302.41654974475
 20
113.9979547015693
 10
302.3974502856312
 20
113.8984887502837
 10
302.3779066812598
 20
113.79460835321
 10
302.3588370398409
 20
113.6910625955497
 10
302.3402390685563
 20
113.587856575583
 10
302.3221104284431
 20
113.4849952876685
 10
302.3044487355776
 20
113.3824836223714
 10
302.2872515622565
 20
113.2803263666288
 10
302.2690178883053
 20
113.1692917908988
 10
302.2513308270761
 20
113.058690504068
 10
302.2341870584301
 20
112.9485283008266
 10
302.217583207172
 20
112.8388108306071
 10
302.2015158448459
 20
112.7295435981133
 10
302.1859814915202
 20
112.6207319639021
 10
302.1709766175643
 20
112.5123811450171
 10
302.1576842280272
 20
112.4134687107692
 10
302.144830952829
 20
112.314951558261
 10
302.1324139707126
 20
112.2168333911879
 10
302.1204304300619
 20
112.1191178139487
 10
302.1088774500116
 20
112.0218083322022
 10
302.0977521215509
 20
111.9249083534501
 10
302.0870515086167
 20
111.8284211876448
 10
302.0767726491777
 20
111.7323500478203
 10
302.0669125563091
 20
111.6366980507472
 10
302.057468219257
 20
111.5414682176096
 10
302.0484366044928
 20
111.4466634747042
 10
302.0398146567562
 20
111.3522866541594
 10
302.0320578498939
 20
111.2636971985759
 10
302.0246599001007
 20
111.1754928127014
 10
302.0176181983235
 20
111.0876756439321
 10
302.0109301214559
 20
111.0002477675988
 10
302.0045930328962
 20
110.9132111874595
  0
LINE
  5
1ED
330
1F
100
AcDbEntity
  8
Geometries
  6
Continuous
370
    40
100
AcDbLine
 10
313.9142135623731
 20
80.32756431500874
 30
0.0
 11
312.5
 21
81.14406089593648
 31
0.0
  0
LINE
  5
1EE
330
1F
100
AcDbEntity
  8
Geometries
  6
Continuous
370
    40
100
AcDbLine
 10
303.3076118445749
 20
74.20383995805082
 30
0.0
 11
306.8431457505076
 21
76.24508141037013
 31
0.0
  0
LINE
  5
1EF
330
1F
100
AcDbEntity
  8
Geometries
  6
Continuous
370
    40
100
AcDbLine
 10
314.1891932592252
 20
110.3791782073353
 30
0.0
 11
313.9431841142382
 21
109.704715072489
 31
0.0
  0
LINE
  5
1F0
330
1F
100
AcDbEntity
  8
Geometries
  6
Continuous
370
    40
100
AcDbLine
 10
325.9350288425444
 20
70.12135705341217
 30
0.0
 11
335.834523779156
 21
64.40588098691809
 31
0.0
  0
LINE
  5
1F1
330
1F
100
AcDbEntity
  8
Geometries
  6
Continuous
370
    40
100
AcDbLine
 10
299.0649711574556
 20
80.7358126054726
 30
0.0
 11
299.0649711574556
 21
76.65332970083399
 31
0.0
  0
LINE
  5
1F2
330
1F
100
AcDbEntity
  8
Geometries
  6
Continuous
370
    40
100
AcDbLine
 10
296.2365440327094
 20
58.690404920424
 30
0.0
 11
289.1654762208439
 21
62.77288782506263
 31
0.0
  0
LINE
  5
1F3
330
1F
100
AcDbEntity
  8
Geometries
  6
Continuous
370
    40
100
AcDbLine
 10
317.4497474683058
 20
53.79142543485765
 30
0.0
 11
317.4497474683058
 21
49.70894253021903
 31
0.0
  0
LINE
  5
1F4
330
1F
100
AcDbEntity
  8
Geometries
  6
Continuous
370
    40
100
AcDbLine
 10
294.5235264485715
 20
91.52278273993389
 30
0.0
 11
289.1654762208439
 21
94.61625448124396
 31
0.0
  0
ELLIPSE
  5
1F5
330
1F
100
AcDbEntity
  8
Geometries
  6
Continuous
370
    40
100
AcDbEllipse
 10
294.9391665998971
 20
106.5078988021969
 30
0.0
 11
5.0
 21
8.660254037844389
 31
0.0
210
0.0
220
0.0
230
1.0
 40
0.577350269189626
 41
4.901954893926639
 42
5.537735048777285
  0
LINE
  5
1F6
330
1F
100
AcDbEntity
  8
Geometries
  6
Continuous
370
    40
100
AcDbLine
 10
289.1654762208439
 20
53.79142543485765
 30
0.0
 11
289.1654762208439
 21
54.60792201578538
 31
0.0
  0
LINE
  5
1F7
330
1F
100
AcDbEntity
  8
Geometries
  6
Continuous
370
    40
100
AcDbLine
 10
311.7928932188134
 20
79.10281944361716
 30
0.0
 11
313.9142135623731
 21
80.32756431500876
 31
0.0
  0
LINE
  5
1F8
330
1F
100
AcDbEntity
  8
Geometries
  6
Continuous
370
    40
100
AcDbLine
 10
316.7883509403807
 20
122.8213727724687
 30
0.0
 11
315.981424171624
 21
124.3642947276175
 31
0.0
  0
LINE
  5
1F9
330
1F
100
AcDbEntity
  8
Geometries
  6
Continuous
370
    40
100
AcDbLine
 10
280.6801948466054
 20
87.26778525289443
 30
0.0
 11
280.6801948466054
 21
94.61625448124394
 31
0.0
  0
ELLIPSE
  5
1FA
330
1F
100
AcDbEntity
  8
Geometries
  6
Continuous
370
    40
100
AcDbEllipse
 10
295.6462733810836
 20
106.099650511733
 30
0.0
 11
5.0
 21
8.660254037844389
 31
0.0
210
0.0
220
0.0
230
1.0
 40
0.577350269189626
 41
4.901954893926639
 42
5.537735048777285
  0
LINE
  5
1FB
330
1F
100
AcDbEntity
  8
Geometries
  6
Continuous
370
    40
100
AcDbLine
 10
289.1654762208439
 20
70.9378536343399
 30
0.0
 11
289.1654762208439
 21
73.38734337712309
 31
0.0
  0
LINE
  5
1FC
330
1F
100
AcDbEntity
  8
Geometries
  6
Continuous
370
    40
100
AcDbLine
 10
312.5
 20
81.14406089593646
 30
0.0
 11
310.3786796564403
 21
79.91931602454487
 31
0.0
  0
LINE
  5
1FD
330
1F
100
AcDbEntity
  8
Geometries
  6
Continuous
370
    40
100
AcDbLine
 10
307.5502525316942
 20
81.55230918640034
 30
0.0
 11
307.5502525316942
 21
80.7358126054726
 31
0.0
  0
LINE
  5
1FE
330
1F
100
AcDbEntity
  8
Geometries
  6
Continuous
370
    40
100
AcDbLine
 10
314.5039640422338
 20
122.4143248639044
 30
0.0
 11
314.594846760061
 21
122.3618537022273
 31
0.0
  0
ARC
  5
1FF
330
1F
100
AcDbEntity
  8
Geometries
  6
Continuous
370
    40
100
AcDbCircle
 10
323.8328174666377
 20
111.2703051783837
 30
0.0
 40
6.683354890823836
100
AcDbArc
 50
60.01069391054036
 51
63.53512805968065
  0
LINE
  5
200
330
1F
100
AcDbEntity
  8
Geometries
  6
Continuous
370
    40
100
AcDbLine
 10
317.4497474683058
 20
73.38734337712307
 30
0.0
 11
317.4497474683058
 21
70.9378536343399
 31
0.0
  0
LINE
  5
201
330
1F
100
AcDbEntity
  8
Geometries
  6
Continuous
370
    40
100
AcDbLine
 10
359.1690475583121
 20
105.6389583237683
 30
0.0
 11
321.8689310639702
 21
127.174190622581
 31
0.0
  0
LINE
  5
202
330
1F
100
AcDbEntity
  8
Geometries
  6
Continuous
370
    40
100
AcDbLine
 10
309.2695713633328
 20
119.2873045184174
 30
0.0
 11
309.5757236909478
 21
120.2805582281066
 31
0.0
  0
LINE
  5
203
330
1F
100
AcDbEntity
  8
Geometries
  6
Continuous
370
    40
100
AcDbLine
 10
270.7806999099937
 20
60.32339808227946
 30
0.0
 11
270.0735931288071
 21
59.9151497918156
 31
0.0
  0
LINE
  5
204
330
1F
100
AcDbEntity
  8
Geometries
  6
Continuous
370
    40
100
AcDbLine
 10
336.5416305603426
 20
84.41004721964738
 30
0.0
 11
335.8345237791561
 21
84.00179892918352
 31
0.0
  0
LINE
  5
205
330
1F
100
AcDbEntity
  8
Geometries
  6
Continuous
370
    40
100
AcDbLine
 10
270.7806999099937
 20
60.32339808227946
 30
0.0
 11
270.7806999099937
 21
64.40588098691808
 31
0.0
  0
LINE
  5
206
330
1F
100
AcDbEntity
  8
Geometries
  6
Continuous
370
    40
100
AcDbLine
 10
317.4497474683058
 20
70.12135705341217
 30
0.0
 11
317.4497474683058
 21
62.77288782506263
 31
0.0
  0
LINE
  5
207
330
1F
100
AcDbEntity
  8
Geometries
  6
Continuous
370
    40
100
AcDbLine
 10
310.6774964224107
 20
114.9609107693436
 30
0.0
 11
308.9421349942927
 21
118.2249987349862
 31
0.0
  0
LINE
  5
208
330
1F
100
AcDbEntity
  8
Geometries
  6
Continuous
370
    40
100
AcDbLine
 10
335.8345237791561
 20
81.55230918640032
 30
0.0
 11
335.8345237791561
 21
80.7358126054726
 31
0.0
  0
LINE
  5
209
330
1F
100
AcDbEntity
  8
Geometries
  6
Continuous
370
    40
100
AcDbLine
 10
325.9350288425444
 20
75.83683311990625
 30
0.0
 11
325.9350288425444
 21
75.02033653897851
 31
0.0
  0
LINE
  5
20A
330
1F
100
AcDbEntity
  8
Geometries
  6
Continuous
370
    40
100
AcDbLine
 10
311.1978933490468
 20
113.9820821990715
 30
0.0
 11
312.0207489099923
 21
116.4967065978095
 31
0.0
  0
LINE
  5
20B
330
1F
100
AcDbEntity
  8
Geometries
  6
Continuous
370
    40
100
AcDbLine
 10
335.834523779156
 20
73.38734337712306
 30
0.0
 11
335.8345237791561
 21
65.22237756784581
 31
0.0
  0
LINE
  5
20C
330
1F
100
AcDbEntity
  8
Geometries
  6
Continuous
370
    40
100
AcDbLine
 10
289.1654762208439
 20
94.61625448124396
 30
0.0
 11
289.1654762208439
 21
87.26778525289443
 31
0.0
  0
ARC
  5
20D
330
1F
100
AcDbEntity
  8
Geometries
  6
Continuous
370
    40
100
AcDbCircle
 10
316.7728139411679
 20
125.6005877437767
 30
0.0
 40
5.120812149966206
100
AcDbArc
 50
59.99055770424188
 51
64.53970117566786
  0
LINE
  5
20E
330
1F
100
AcDbEntity
  8
Geometries
  6
Continuous
370
    40
100
AcDbLine
 10
289.1654762208439
 20
94.61625448124396
 30
0.0
 11
288.4583694396574
 21
95.02450277170782
 31
0.0
  0
LINE
  5
20F
330
1F
100
AcDbEntity
  8
Geometries
  6
Continuous
370
    40
100
AcDbLine
 10
325.9350288425444
 20
62.77288782506263
 30
0.0
 11
325.9350288425444
 21
54.60792201578539
 31
0.0
  0
LINE
  5
210
330
1F
100
AcDbEntity
  8
Geometries
  6
Continuous
370
    40
100
AcDbLine
 10
265.8309524416878
 20
95.02450277170783
 30
0.0
 11
265.8309524416879
 21
54.19967372532152
 31
0.0
  0
LINE
  5
211
330
1F
100
AcDbEntity
  8
Geometries
  6
Continuous
370
    40
100
AcDbLine
 10
335.834523779156
 20
64.40588098691809
 30
0.0
 11
335.8345237791561
 21
60.32339808227946
 31
0.0
  0
LINE
  5
212
330
1F
100
AcDbEntity
  8
Geometries
  6
Continuous
370
    40
100
AcDbLine
 10
312.1410056935597
 20
112.780162092657
 30
0.0
 11
311.8008878107863
 21
111.7580670008986
 31
0.0
  0
LINE
  5
213
330
1F
100
AcDbEntity
  8
Geometries
  6
Continuous
370
    40
100
AcDbLine
 10
310.3786796564403
 20
79.91931602454487
 30
0.0
 11
307.5502525316942
 21
81.55230918640032
 31
0.0
  0
LINE
  5
214
330
1F
100
AcDbEntity
  8
Geometries
  6
Continuous
370
    40
100
AcDbLine
 10
313.243346294396
 20
124.9867846695037
 30
0.0
 11
314.3307603567139
 21
127.717785395859
 31
0.0
  0
LINE
  5
215
330
1F
100
AcDbEntity
  8
Geometries
  6
Continuous
370
    40
100
AcDbLine
 10
318.1568542494924
 20
49.30069423975516
 30
0.0
 11
318.1568542494924
 21
73.79559166758695
 31
0.0
  0
LINE
  5
216
330
1F
100
AcDbEntity
  8
Geometries
  6
Continuous
370
    40
100
AcDbLine
 10
281.3873016277919
 20
86.85953696243055
 30
0.0
 11
281.3873016277919
 21
95.02450277170782
 31
0.0
  0
LINE
  5
217
330
1F
100
AcDbEntity
  8
Geometries
  6
Continuous
370
    40
100
AcDbLine
 10
309.5396230143816
 20
102.3451160859298
 30
0.0
 11
311.0134836155554
 21
103.2312126347712
 31
0.0
  0
LINE
  5
218
330
1F
100
AcDbEntity
  8
Geometries
  6
Continuous
370
    40
100
AcDbLine
 10
307.5502525316942
 20
67.671867310629
 30
0.0
 11
307.5502525316942
 21
65.22237756784581
 31
0.0
  0
LINE
  5
219
330
1F
100
AcDbEntity
  8
Geometries
  6
Continuous
370
    40
100
AcDbLine
 10
309.004580572659
 20
103.3548278655961
 30
0.0
 11
309.5396230143816
 21
102.3451160859298
 31
0.0
  0
LINE
  5
21A
330
1F
100
AcDbEntity
  8
Geometries
  6
Continuous
370
    40
100
AcDbLine
 10
311.0134836155554
 20
103.2312126347712
 30
0.0
 11
315.4518176903735
 21
105.8995738781409
 31
0.0
  0
LINE
  5
21B
330
1F
100
AcDbEntity
  8
Geometries
  6
Continuous
370
    40
100
AcDbLine
 10
307.5502525316942
 20
60.32339808227946
 30
0.0
 11
307.5502525316942
 21
59.50690150135173
 31
0.0
  0
LINE
  5
21C
330
1F
100
AcDbEntity
  8
Geometries
  6
Continuous
370
    40
100
AcDbLine
 10
309.5396230143816
 20
102.3451160859298
 30
0.0
 11
309.8745275804937
 21
101.7130969055844
 31
0.0
  0
LINE
  5
21D
330
1F
100
AcDbEntity
  8
Geometries
  6
Continuous
370
    40
100
AcDbLine
 10
316.1400529844325
 20
108.436352238908
 30
0.0
 11
316.1566150715526
 21
108.4973987219611
 31
0.0
  0
LINE
  5
21E
330
1F
100
AcDbEntity
  8
Geometries
  6
Continuous
370
    40
100
AcDbLine
 10
310.7956801886921
 20
124.9319555284502
 30
0.0
 11
311.437357400235
 21
123.9745978009944
 31
0.0
  0
LINE
  5
21F
330
1F
100
AcDbEntity
  8
Geometries
  6
Continuous
370
    40
100
AcDbLine
 10
311.3136421285403
 20
116.9049548874701
 30
0.0
 11
312.0207489099923
 21
116.4967065978095
 31
0.0
  0
LINE
  5
220
330
1F
100
AcDbEntity
  8
Geometries
  6
Continuous
370
    40
100
AcDbLine
 10
327.1734081622541
 20
117.0588875971972
 30
0.0
 11
326.4663013810676
 21
117.4671358876611
 31
0.0
  0
LINE
  5
221
330
1F
100
AcDbEntity
  8
Geometries
  6
Continuous
370
    40
100
AcDbLine
 10
303.0189416772473
 20
116.494998367479
 30
0.0
 11
265.8309524416879
 21
95.02450277170783
 31
0.0
  0
LINE
  5
222
330
1F
100
AcDbEntity
  8
Geometries
  6
Continuous
370
    40
100
AcDbLine
 10
315.6033367806842
 20
124.1434261498954
 30
0.0
 11
315.981424171624
 21
124.3642947276175
 31
0.0
  0
LINE
  5
223
330
1F
100
AcDbEntity
  8
Geometries
  6
Continuous
370
    40
100
AcDbLine
 10
299.0649711574556
 20
81.55230918640034
 30
0.0
 11
299.0649711574556
 21
80.7358126054726
 31
0.0
  0
LINE
  5
224
330
1F
100
AcDbEntity
  8
Geometries
  6
Continuous
370
    40
100
AcDbLine
 10
284.9228355337247
 20
105.2307100333044
 30
0.0
 11
267.2451660040609
 21
95.02450277170783
 31
0.0
  0
LINE
  5
225
330
1F
100
AcDbEntity
  8
Geometries
  6
Continuous
370
    40
100
AcDbLine
 10
312.2208416154926
 20
111.5156065587042
 30
0.0
 11
312.7542649163145
 21
113.1342274699974
 31
0.0
  0
LINE
  5
226
330
1F
100
AcDbEntity
  8
Geometries
  6
Continuous
370
    40
100
AcDbLine
 10
344.3198051533946
 20
64.40588098691809
 30
0.0
 11
354.9264068711929
 21
70.52960534387603
 31
0.0
  0
LINE
  5
227
330
1F
100
AcDbEntity
  8
Geometries
  6
Continuous
370
    40
100
AcDbLine
 10
280.6801948466053
 20
54.60792201578538
 30
0.0
 11
273.6091270347399
 21
58.69040492042401
 31
0.0
  0
ELLIPSE
  5
228
330
1F
100
AcDbEntity
  8
Geometries
  6
Continuous
370
    40
100
AcDbEllipse
 10
330.1740962673683
 20
126.3927193010396
 30
0.0
 11
5.0
 21
8.660254037844389
 31
0.0
210
0.0
220
0.0
230
1.0
 40
0.577350269189626
 41
2.37705881703692
 42
2.998062503821363
  0
LINE
  5
229
330
1F
100
AcDbEntity
  8
Geometries
  6
Continuous
370
    40
100
AcDbLine
 10
289.1654762208439
 20
70.12135705341217
 30
0.0
 11
289.1654762208439
 21
70.9378536343399
 31
0.0
  0
LINE
  5
22A
330
1F
100
AcDbEntity
  8
Geometries
  6
Continuous
370
    40
100
AcDbLine
 10
291.9939033455901
 20
69.30486047248444
 30
0.0
 11
299.0649711574556
 21
65.22237756784581
 31
0.0
  0
LINE
  5
22B
330
1F
100
AcDbEntity
  8
Geometries
  6
Continuous
370
    40
100
AcDbLine
 10
359.1690475583121
 20
105.6389583237683
 30
0.0
 11
359.1690475583121
 21
64.81412927738195
 31
0.0
  0
LINE
  5
22C
330
1F
100
AcDbEntity
  8
Geometries
  6
Continuous
370
    40
100
AcDbLine
 10
310.3786796564403
 20
58.690404920424
 30
0.0
 11
317.4497474683058
 21
54.60792201578538
 31
0.0
  0
LINE
  5
22D
330
1F
100
AcDbEntity
  8
Geometries
  6
Continuous
370
    40
100
AcDbLine
 10
317.4497474683058
 20
49.70894253021903
 30
0.0
 11
314.6213203435597
 21
48.07594936836357
 31
0.0
  0
LINE
  5
22E
330
1F
100
AcDbEntity
  8
Geometries
  6
Continuous
370
    40
100
AcDbLine
 10
299.0649711574556
 20
59.50690150135173
 30
0.0
 11
299.0649711574556
 21
60.32339808227947
 31
0.0
  0
LINE
  5
22F
330
1F
100
AcDbEntity
  8
Geometries
  6
Continuous
370
    40
100
AcDbLine
 10
314.3307603567139
 20
127.717785395859
 30
0.0
 11
315.0378671379673
 21
127.3095371050657
 31
0.0
  0
LINE
  5
230
330
1F
100
AcDbEntity
  8
Geometries
  6
Continuous
370
    40
100
AcDbLine
 10
294.8223304703363
 20
79.10281944361716
 30
0.0
 11
299.0649711574556
 21
81.55230918640032
 31
0.0
  0
LINE
  5
231
330
1F
100
AcDbEntity
  8
Geometries
  6
Continuous
370
    40
100
AcDbLine
 10
274.3162338159265
 20
90.94201986706918
 30
0.0
 11
280.6801948466054
 21
87.26778525289443
 31
0.0
  0
LINE
  5
232
330
1F
100
AcDbEntity
  8
Geometries
  6
Continuous
370
    40
100
AcDbLine
 10
335.834523779156
 20
73.38734337712306
 30
0.0
 11
328.7634559672906
 21
69.30486047248444
 31
0.0
  0
LINE
  5
233
330
1F
100
AcDbEntity
  8
Geometries
  6
Continuous
370
    40
100
AcDbLine
 10
299.0649711574556
 20
43.99346646372494
 30
0.0
 11
291.9939033455901
 21
48.07594936836357
 31
0.0
  0
LINE
  5
234
330
1F
100
AcDbEntity
  8
Geometries
  6
Continuous
370
    40
100
AcDbLine
 10
311.0857864376269
 20
90.94201986706918
 30
0.0
 11
304.0147186257614
 21
95.02450277170782
 31
0.0
  0
LINE
  5
235
330
1F
100
AcDbEntity
  8
Geometries
  6
Continuous
370
    40
100
AcDbLine
 10
344.3198051533946
 20
81.55230918640032
 30
0.0
 11
354.2193000900063
 21
75.83683311990626
 31
0.0
  0
LINE
  5
236
330
1F
100
AcDbEntity
  8
Geometries
  6
Continuous
370
    40
100
AcDbLine
 10
314.1891932592252
 20
110.3791782073353
 30
0.0
 11
315.5465432020416
 21
109.5955118524658
 31
0.0
  0
LINE
  5
237
330
1F
100
AcDbEntity
  8
Geometries
  6
Continuous
370
    40
100
AcDbLine
 10
317.4497474683058
 20
54.60792201578538
 30
0.0
 11
317.4497474683058
 21
53.79142543485765
 31
0.0
  0
LINE
  5
238
330
1F
100
AcDbEntity
  8
Geometries
  6
Continuous
370
    40
100
AcDbLine
 10
316.0773389008176
 20
123.2177709387646
 30
0.0
 11
314.594846760061
 21
122.3618537022273
 31
0.0
  0
ARC
  5
239
330
1F
100
AcDbEntity
  8
Geometries
  6
Continuous
370
    40
100
AcDbCircle
 10
327.5135105676502
 20
83.83509653708097
 30
0.0
 40
34.25792039456981
100
AcDbArc
 50
146.1422930622286
 51
153.4459352442325
  0
LINE
  5
23A
330
1F
100
AcDbEntity
  8
Geometries
  6
Continuous
370
    40
100
AcDbLine
 10
317.4497474683058
 20
62.77288782506263
 30
0.0
 11
317.4497474683058
 21
54.60792201578538
 31
0.0
  0
LINE
  5
23B
330
1F
100
AcDbEntity
  8
Geometries
  6
Continuous
370
    40
100
AcDbLine
 10
339.3700576850888
 20
116.2534138758287
 30
0.0
 11
322.3271419527601
 21
126.0931458616648
 31
0.0
  0
LINE
  5
23C
330
1F
100
AcDbEntity
  8
Geometries
  6
Continuous
370
    40
100
AcDbLine
 10
313.2071067811866
 20
89.7172749956776
 30
0.0
 11
317.4497474683058
 21
92.16676473846077
 31
0.0
  0
LINE
  5
23D
330
1F
100
AcDbEntity
  8
Geometries
  6
Continuous
370
    40
100
AcDbLine
 10
288.4583694396574
 20
49.30069423975517
 30
0.0
 11
299.0649711574556
 21
43.17696988279722
 31
0.0
  0
LINE
  5
23E
330
1F
100
AcDbEntity
  8
Geometries
  6
Continuous
370
    40
100
AcDbLine
 10
299.7720779386422
 20
103.9432616846663
 30
0.0
 11
299.7720779386422
 21
105.6389583237683
 31
0.0
  0
LINE
  5
23F
330
1F
100
AcDbEntity
  8
Geometries
  6
Continuous
370
    40
100
AcDbLine
 10
280.6801948466053
 20
53.79142543485766
 30
0.0
 11
280.6801948466053
 21
54.60792201578538
 31
0.0
  0
LINE
  5
240
330
1F
100
AcDbEntity
  8
Geometries
  6
Continuous
370
    40
100
AcDbLine
 10
317.4497474683058
 20
87.26778525289443
 30
0.0
 11
313.9142135623731
 21
89.30902670521372
 31
0.0
  0
LINE
  5
241
330
1F
100
AcDbEntity
  8
Geometries
  6
Continuous
370
    40
100
AcDbLine
 10
335.8345237791561
 20
105.2307100333044
 30
0.0
 11
335.8345237791561
 21
97.88224080495486
 31
0.0
  0
LINE
  5
242
330
1F
100
AcDbEntity
  8
Geometries
  6
Continuous
370
    40
100
AcDbLine
 10
311.5729734129398
 20
111.0731568589198
 30
0.0
 11
309.2938294344752
 21
104.224055439131
 31
0.0
  0
LINE
  5
243
330
1F
100
AcDbEntity
  8
Geometries
  6
Continuous
370
    40
100
AcDbLine
 10
315.4518176903735
 20
105.8995738781409
 30
0.0
 11
316.1589244718774
 21
105.4913255878303
 31
0.0
  0
LINE
  5
244
330
1F
100
AcDbEntity
  8
Geometries
  6
Continuous
370
    40
100
AcDbLine
 10
292.7010101267767
 20
80.32756431500876
 30
0.0
 11
294.8223304703363
 21
79.10281944361716
 31
0.0
  0
LINE
  5
245
330
1F
100
AcDbEntity
  8
Geometries
  6
Continuous
370
    40
100
AcDbLine
 10
285.6299423149112
 20
84.41004721964738
 30
0.0
 11
295.1758838609296
 21
89.92139914090954
 31
0.0
  0
LINE
  5
246
330
1F
100
AcDbEntity
  8
Geometries
  6
Continuous
370
    40
100
AcDbLine
 10
280.6801948466054
 20
94.61625448124394
 30
0.0
 11
274.3162338159265
 21
90.94201986706919
 31
0.0
  0
LINE
  5
247
330
1F
100
AcDbEntity
  8
Geometries
  6
Continuous
370
    40
100
AcDbLine
 10
313.2071067811866
 20
89.71727499567758
 30
0.0
 11
311.0857864376269
 21
90.94201986706918
 31
0.0
  0
LINE
  5
248
330
1F
100
AcDbEntity
  8
Geometries
  6
Continuous
370
    40
100
AcDbLine
 10
299.7720779386422
 20
105.6389583237683
 30
0.0
 11
299.0649711574556
 21
105.2307100333044
 31
0.0
  0
LINE
  5
249
330
1F
100
AcDbEntity
  8
Geometries
  6
Continuous
370
    40
100
AcDbLine
 10
270.7806999099937
 20
64.40588098691809
 30
0.0
 11
280.6801948466053
 21
70.12135705341217
 31
0.0
  0
LINE
  5
24A
330
1F
100
AcDbEntity
  8
Geometries
  6
Continuous
370
    40
100
AcDbLine
 10
270.0735931288071
 20
84.41004721964738
 30
0.0
 11
270.0735931288071
 21
59.9151497918156
 31
0.0
  0
LINE
  5
24B
330
1F
100
AcDbEntity
  8
Geometries
  6
Continuous
370
    40
100
AcDbLine
 10
312.7542649163145
 20
113.1342274699974
 30
0.0
 11
312.1410056935597
 21
112.780162092657
 31
0.0
  0
LINE
  5
24C
330
1F
100
AcDbEntity
  8
Geometries
  6
Continuous
370
    40
100
AcDbLine
 10
332.2989898732233
 20
112.17093097119
 30
0.0
 11
339.3700576850888
 21
116.2534138758287
 31
0.0
  0
LINE
  5
24D
330
1F
100
AcDbEntity
  8
Geometries
  6
Continuous
370
    40
100
AcDbLine
 10
270.7806999099937
 20
65.22237756784581
 30
0.0
 11
270.7806999099937
 21
84.00179892918352
 31
0.0
  0
LINE
  5
24E
330
1F
100
AcDbEntity
  8
Geometries
  6
Continuous
370
    40
100
AcDbLine
 10
335.8345237791561
 20
81.55230918640032
 30
0.0
 11
333.0060966544099
 21
79.91931602454488
 31
0.0
  0
LINE
  5
24F
330
1F
100
AcDbEntity
  8
Geometries
  6
Continuous
370
    40
100
AcDbLine
 10
340.0771644662753
 20
115.8451655853648
 30
0.0
 11
340.0771644662753
 21
95.43275106217168
 31
0.0
  0
LINE
  5
250
330
1F
100
AcDbEntity
  8
Geometries
  6
Continuous
370
    40
100
AcDbLine
 10
314.6213203435597
 20
48.07594936836357
 30
0.0
 11
307.5502525316942
 21
43.99346646372494
 31
0.0
  0
LINE
  5
251
330
1F
100
AcDbEntity
  8
Geometries
  6
Continuous
370
    40
100
AcDbLine
 10
313.9504530757591
 20
124.5785363793282
 30
0.0
 11
315.0378671379673
 21
127.3095371050657
 31
0.0
  0
LINE
  5
252
330
1F
100
AcDbEntity
  8
Geometries
  6
Continuous
370
    40
100
AcDbLine
 10
343.6126983722081
 20
105.6389583237682
 30
0.0
 11
343.6126983722081
 21
97.47399251449099
 31
0.0
  0
LINE
  5
253
330
1F
100
AcDbEntity
  8
Geometries
  6
Continuous
370
    40
100
AcDbLine
 10
329.4705627484771
 20
89.30902670521372
 30
0.0
 11
330.1776695296637
 21
89.7172749956776
 31
0.0
  0
LINE
  5
254
330
1F
100
AcDbEntity
  8
Geometries
  6
Continuous
370
    40
100
AcDbLine
 10
325.9350288425444
 20
91.35026815753304
 30
0.0
 11
325.9350288425444
 21
92.16676473846076
 31
0.0
  0
LINE
  5
255
330
1F
100
AcDbEntity
  8
Geometries
  6
Continuous
370
    40
100
AcDbLine
 10
314.6213203435597
 20
48.07594936836357
 30
0.0
 11
307.5502525316942
 21
52.1584322730022
 31
0.0
  0
LINE
  5
256
330
1F
100
AcDbEntity
  8
Geometries
  6
Continuous
370
    40
100
AcDbLine
 10
299.0649711574556
 20
76.65332970083399
 30
0.0
 11
299.7720779386422
 21
76.24508141037013
 31
0.0
  0
LINE
  5
257
330
1F
100
AcDbEntity
  8
Geometries
  6
Continuous
370
    40
100
AcDbLine
 10
335.834523779156
 20
97.88224080495486
 30
0.0
 11
336.5416305603426
 21
97.47399251449099
 31
0.0
  0
LINE
  5
258
330
1F
100
AcDbEntity
  8
Geometries
  6
Continuous
370
    40
100
AcDbLine
 10
325.2279220613578
 20
95.02450277170782
 30
0.0
 11
325.2279220613578
 21
86.85953696243055
 31
0.0
  0
LINE
  5
259
330
1F
100
AcDbEntity
  8
Geometries
  6
Continuous
370
    40
100
AcDbLine
 10
265.8309524416879
 20
54.19967372532152
 30
0.0
 11
303.3076118445749
 21
32.56251433073679
 31
0.0
  0
LINE
  5
25A
330
1F
100
AcDbEntity
  8
Geometries
  6
Continuous
370
    40
100
AcDbLine
 10
325.9350288425444
 20
87.26778525289441
 30
0.0
 11
329.4705627484771
 21
89.30902670521372
 31
0.0
  0
LINE
  5
25B
330
1F
100
AcDbEntity
  8
Geometries
  6
Continuous
370
    40
100
AcDbLine
 10
317.4497474683058
 20
92.16676473846077
 30
0.0
 11
317.4497474683058
 21
91.35026815753304
 31
0.0
  0
LINE
  5
25C
330
1F
100
AcDbEntity
  8
Geometries
  6
Continuous
370
    40
100
AcDbLine
 10
270.7806999099937
 20
84.00179892918352
 30
0.0
 11
270.0735931288071
 21
84.41004721964738
 31
0.0
  0
LINE
  5
25D
330
1F
100
AcDbEntity
  8
Geometries
  6
Continuous
370
    40
100
AcDbLine
 10
311.0134836155554
 20
103.2312126347712
 30
0.0
 11
309.2938294344752
 21
104.224055439131
 31
0.0
  0
LINE
  5
25E
330
1F
100
AcDbEntity
  8
Geometries
  6
Continuous
370
    40
100
AcDbLine
 10
311.8293596008129
 20
123.3897455900197
 30
0.0
 11
313.9504530757591
 21
124.5785363793282
 31
0.0
  0
LINE
  5
25F
330
1F
100
AcDbEntity
  8
Geometries
  6
Continuous
370
    40
100
AcDbLine
 10
350.6837661840735
 20
101.5564754191296
 30
0.0
 11
344.3198051533946
 21
105.2307100333044
 31
0.0
  0
LINE
  5
260
330
1F
100
AcDbEntity
  8
Geometries
  6
Continuous
370
    40
100
AcDbLine
 10
328.7634559672906
 20
69.30486047248444
 30
0.0
 11
325.9350288425444
 21
70.93785363433989
 31
0.0
  0
LINE
  5
261
330
1F
100
AcDbEntity
  8
Geometries
  6
Continuous
370
    40
100
AcDbLine
 10
289.1654762208439
 20
70.9378536343399
 30
0.0
 11
291.9939033455901
 21
69.30486047248444
 31
0.0
  0
LINE
  5
262
330
1F
100
AcDbEntity
  8
Geometries
  6
Continuous
370
    40
100
AcDbLine
 10
333.0060966544099
 20
79.91931602454487
 30
0.0
 11
330.8847763108502
 21
81.14406089593646
 31
0.0
  0
LINE
  5
263
330
1F
100
AcDbEntity
  8
Geometries
  6
Continuous
370
    40
100
AcDbLine
 10
307.5502525316942
 20
80.7358126054726
 30
0.0
 11
311.0857864376269
 21
78.6945711531533
 31
0.0
  0
LINE
  5
264
330
1F
100
AcDbEntity
  8
Geometries
  6
Continuous
370
    40
100
AcDbLine
 10
313.9142135623731
 20
89.30902670521372
 30
0.0
 11
317.4497474683058
 21
91.35026815753302
 31
0.0
  0
LINE
  5
265
330
1F
100
AcDbEntity
  8
Geometries
  6
Continuous
370
    40
100
AcDbLine
 10
289.1654762208439
 20
54.60792201578538
 30
0.0
 11
289.1654762208439
 21
62.77288782506264
 31
0.0
  0
LINE
  5
266
330
1F
100
AcDbEntity
  8
Geometries
  6
Continuous
370
    40
100
AcDbLine
 10
320.9852813742386
 20
84.41004721964738
 30
0.0
 11
303.3076118445749
 21
94.61625448124396
 31
0.0
  0
LINE
  5
267
330
1F
100
AcDbEntity
  8
Geometries
  6
Continuous
370
    40
100
AcDbLine
 10
351.3908729652601
 20
69.30486047248444
 30
0.0
 11
344.3198051533946
 21
65.22237756784581
 31
0.0
  0
LINE
  5
268
330
1F
100
AcDbEntity
  8
Geometries
  6
Continuous
370
    40
100
AcDbLine
 10
315.5465432020416
 20
109.5955118524658
 30
0.0
 11
314.5545998376602
 21
111.3809835117592
 31
0.0
  0
LINE
  5
269
330
1F
100
AcDbEntity
  8
Geometries
  6
Continuous
370
    40
100
AcDbLine
 10
303.3076118445749
 20
73.38734337712309
 30
0.0
 11
359.1690475583121
 21
105.6389583237683
 31
0.0
  0
LINE
  5
26A
330
1F
100
AcDbEntity
  8
Geometries
  6
Continuous
370
    40
100
AcDbLine
 10
309.7041745048531
 20
120.6972927615921
 30
0.0
 11
315.6033367806842
 21
124.1434261498954
 31
0.0
  0
LINE
  5
26B
330
1F
100
AcDbEntity
  8
Geometries
  6
Continuous
370
    40
100
AcDbLine
 10
316.1566150715526
 20
108.4973987219611
 30
0.0
 11
315.5465432020416
 21
109.5955118524658
 31
0.0
  0
LINE
  5
26C
330
1F
100
AcDbEntity
  8
Geometries
  6
Continuous
370
    40
100
AcDbLine
 10
325.9350288425444
 20
87.26778525289441
 30
0.0
 11
325.9350288425444
 21
91.35026815753304
 31
0.0
  0
LINE
  5
26D
330
1F
100
AcDbEntity
  8
Geometries
  6
Continuous
370
    40
100
AcDbLine
 10
311.3136421285403
 20
116.9049548874701
 30
0.0
 11
309.7856592192859
 21
119.5852679809774
 31
0.0
  0
LINE
  5
26E
330
1F
100
AcDbEntity
  8
Geometries
  6
Continuous
370
    40
100
AcDbLine
 10
307.5502525316942
 20
60.32339808227946
 30
0.0
 11
310.3786796564403
 21
58.690404920424
 31
0.0
  0
LINE
  5
26F
330
1F
100
AcDbEntity
  8
Geometries
  6
Continuous
370
    40
100
AcDbLine
 10
299.0649711574556
 20
60.32339808227946
 30
0.0
 11
296.2365440327094
 21
58.690404920424
 31
0.0
  0
LINE
  5
270
330
1F
100
AcDbEntity
  8
Geometries
  6
Continuous
370
    40
100
AcDbLine
 10
354.2193000900063
 20
75.83683311990625
 30
0.0
 11
354.2193000900063
 21
75.02033653897851
 31
0.0
  0
LWPOLYLINE
  5
271
330
1F
100
AcDbEntity
  8
Geometries
  6
Continuous
370
    40
100
AcDbPolyline
 90
      298
 70
   128
 43
0.0
 10
318.6268440437846
 20
130.4431674311554
 10
318.6111330023564
 20
130.4522016891868
 10
318.565740485118
 20
130.477895053042
 10
318.5199665993054
 20
130.5031961492518
 10
318.4738101722576
 20
130.5280986138108
 10
318.4272700678468
 20
130.552596041003
 10
318.3803451874595
 20
130.576681984126
 10
318.3330344709861
 20
130.6003499562459
 10
318.2805458252969
 20
130.6258941786807
 10
318.2275877821316
 20
130.6509160179387
 10
318.1741591007057
 20
130.6754066783208
 10
318.1202586028394
 20
130.6993573103931
 10
318.0658851746256
 20
130.7227590124828
 10
318.0160435081255
 20
130.7435494106954
 10
317.9658093843252
 20
130.7638719884374
 10
317.9151821115988
 20
130.7837199519651
 10
317.8641610466463
 20
130.8030864761454
 10
317.8127455955637
 20
130.8219647055705
 10
317.7609352149201
 20
130.8403477557088
 10
317.7087294128383
 20
130.8582287140941
 10
317.6605263514236
 20
130.8741725928703
 10
317.6119903577852
 20
130.889683380798
 10
317.5631211718741
 20
130.9047556969957
 10
317.5139185729978
 20
130.9193841443191
 10
317.4643823805321
 20
130.9335633102482
 10
317.4145124546346
 20
130.9472877677967
 10
317.3643086969597
 20
130.9605520764445
 10
317.3137710513737
 20
130.9733507830934
 10
317.2628995046712
 20
130.9856784230466
 10
317.2116940872912
 20
130.997529521011
 10
317.1601548740336
 20
131.008898592123
 10
317.1082819847746
 20
131.0197801429981
 10
317.0590677888908
 20
131.029588419966
 10
317.0095572854542
 20
131.0389537954289
 10
316.9597506884576
 20
131.0478716493133
 10
316.909648249708
 20
131.0563373582117
 10
316.8592502593532
 20
131.0643462962506
 10
316.8069908141862
 20
131.072118954604
 10
316.7544180826853
 20
131.0793962819494
 10
316.701532514119
 20
131.0861732094507
 10
316.6483346034429
 20
131.0924446696596
 10
316.5948248919004
 20
131.098205597624
 10
316.5419677810069
 20
131.1033618159433
 10
316.4888110744961
 20
131.1080158997917
 10
316.4353554188366
 20
131.1121630641456
 10
316.3816015057452
 20
131.1157985305707
 10
316.3264438897868
 20
131.1189757702881
 10
316.270977319746
 20
131.1216101865396
 10
316.2152026796708
 20
131.1236967307673
 10
316.1591209049475
 20
131.1252303664951
 10
316.1027329828619
 20
131.1262060706239
 10
316.0460399531521
 20
131.1266188347444
 10
315.9890429085542
 20
131.126463666469
 10
315.9317429953394
 20
131.1257355907817
 10
315.8741414138441
 20
131.1244296514064
 10
315.8162394189883
 20
131.1225409121924
 10
315.758038320788
 20
131.1200644585179
 10
315.6995394848557
 20
131.1169953987107
 10
315.6407443328906
 20
131.1133288654847
 10
315.5816543431599
 20
131.1090600173945
 10
315.527230822689
 20
131.104613677652
 10
315.4725620710352
 20
131.0996534936807
 10
315.4176493540836
 20
131.0941757998834
 10
315.3624939788845
 20
131.088176952945
 10
315.3070972939273
 20
131.0816533328216
 10
315.2514606894065
 20
131.0746013437373
 10
315.1906275936813
 20
131.0663202685324
 10
315.1295138201959
 20
131.0574043315354
 10
315.06812133264
 20
131.0478490014685
 10
315.0064521546892
 20
131.0376497870919
 10
314.9445083703432
 20
131.0268022387875
 10
314.8834055052062
 20
131.015513061755
 10
314.8220419110604
 20
131.0035901158119
 10
314.7604197339039
 20
130.9910293116749
 10
314.6985411769625
 20
130.9778266047258
 10
314.6351378573135
 20
130.963688618722
 10
314.571472404578
 20
130.9488739021568
 10
314.5075473453641
 20
130.9333783112353
 10
314.4433652692398
 20
130.9171977571679
 10
314.3789288289175
 20
130.9003282078489
 10
314.3142407404175
 20
130.8827656895402
 10
314.2493037832131
 20
130.8645062885597
 10
314.1841208003527
 20
130.8455461529733
 10
314.1186946985624
 20
130.8258814942895
 10
314.0530284483265
 20
130.8055085891568
 10
313.9871250839454
 20
130.7844237810621
 10
313.9209877035726
 20
130.7626234820292
 10
313.8546194692266
 20
130.7401041743175
 10
313.7880236067821
 20
130.7168624121191
 10
313.7267802430771
 20
130.6949199258265
 10
313.6653509530602
 20
130.672365000781
 10
313.6037383626768
 20
130.6491951493646
 10
313.5419451427753
 20
130.6254079393217
 10
313.479974009026
 20
130.6010009948466
 10
313.4178277218236
 20
130.5759719976646
 10
313.3613052092513
 20
130.552728052506
 10
313.3046430056175
 20
130.5289687508046
 10
313.2478432663016
 20
130.5046924894368
 10
313.1909081766202
 20
130.4798977069967
 10
313.1338399517223
 20
130.4545828844448
 10
313.0766408364753
 20
130.4287465457523
 10
313.0225924003886
 20
130.4039076155411
 10
312.9684315575678
 20
130.3786026298609
 10
312.9141602615996
 20
130.3528304596372
 10
312.8597804891405
 20
130.3265900117328
 10
312.8052942397989
 20
130.2998802294113
 10
312.7443604425216
 20
130.2695147444508
 10
312.6832993807112
 20
130.2385620169707
 10
312.6221139343037
 20
130.2070207427441
 10
312.560807017963
 20
130.1748896769916
 10
312.499381580817
 20
130.1421676351442
 10
312.4378406061819
 20
130.1088534935952
 10
312.3761871112724
 20
130.0749461904433
 10
312.3144241468996
 20
130.0404447262242
 10
312.2525547971563
 20
130.0053481646316
 10
312.1905821790888
 20
129.9696556332275
 10
312.1285094423556
 20
129.9333663241395
 10
312.0663397688737
 20
129.896479494747
 10
312.0040763724514
 20
129.8589944683542
 10
311.9417224984083
 20
129.8209106348503
 10
311.8792814231826
 20
129.7822274513563
 10
311.816756453925
 20
129.7429444428574
 10
311.751167760423
 20
129.7011470231272
 10
311.685494528301
 20
129.6586904604235
 10
311.619740665392
 20
129.6155744526289
 10
311.5539101143583
 20
129.5717987823066
 10
311.4880068520961
 20
129.5273633174001
 10
311.4220348891239
 20
129.4822680119135
 10
311.3621351949774
 20
129.4407910112724
 10
311.3021853388115
 20
129.398771189823
 10
311.2421883832778
 20
129.3562086996298
 10
311.1821474121098
 20
129.3131037526391
 10
311.1220655296991
 20
129.2694566210281
 10
311.0619458606628
 20
129.2252676375411
 10
311.005229816729
 20
129.1831077996218
 10
310.9484856277344
 20
129.1404669956253
 10
310.891715959945
 20
129.0973456538866
 10
310.8349234942166
 20
129.0537442515295
 10
310.7781109256404
 20
129.0096633146632
 10
310.721280963184
 20
128.9651034185701
 10
310.6644363293256
 20
128.9200651878818
 10
310.6075797596833
 20
128.8745492967443
 10
310.5507140026382
 20
128.828556468972
 10
310.493841818952
 20
128.7820874781909
 10
310.4379816372623
 20
128.7359856029082
 10
310.3821205687306
 20
128.6894260401147
 10
310.3262612615327
 20
128.6424096637294
 10
310.2704063739056
 20
128.5949373944417
 10
310.2135432414872
 20
128.5461345916166
 10
310.1566902826883
 20
128.4968612416986
 10
310.0998503331212
 20
128.4471184664235
 10
310.0430262375644
 20
128.3969074380617
 10
309.9862208495352
 20
128.3462293794557
 10
309.9304508218604
 20
128.2960029231498
 10
309.8747043186873
 20
128.2453284494976
 10
309.8189840655658
 20
128.1942072595409
 10
309.763292794561
 20
128.1426407014021
 10
309.7064976841596
 20
128.0895641180916
 10
309.6497385173484
 20
128.0360267885189
 10
309.5930182152036
 20
127.9820302964462
 10
309.5363397040485
 20
127.9275762765062
 10
309.4797059149861
 20
127.8726664141269
 10
309.4231197834272
 20
127.8173024454419
 10
309.3665842486166
 20
127.7614861571891
 10
309.3068115177953
 20
127.7019256279585
 10
309.2471022413752
 20
127.6418628062191
 10
309.1874599135847
 20
127.581299993984
 10
309.1278880309737
 20
127.5202395560418
 10
309.0683900917653
 20
127.4586839197305
 10
309.0089695952043
 20
127.3966355746937
 10
308.9530186310387
 20
127.3376838602282
 10
308.8971425559786
 20
127.2782985947209
 10
308.8413443023902
 20
127.2184820158292
 10
308.7856268014269
 20
127.1582364095624
 10
308.7299929825343
 20
127.0975641100321
 10
308.6744457729556
 20
127.0364674991911
 10
308.6189880972345
 20
126.9749490065591
 10
308.5636228767183
 20
126.9130111089349
 10
308.5083530290602
 20
126.8506563300969
 10
308.4531814677198
 20
126.7878872404902
 10
308.3990935966389
 20
126.7258382800181
 10
308.3451060896557
 20
126.6633947197954
 10
308.2912216923227
 20
126.6005591245928
 10
308.2374431444509
 20
126.5373341013341
 10
308.1827983841704
 20
126.4725621571079
 10
308.1282690696734
 20
126.4073920811375
 10
308.073858071672
 20
126.3418267575892
 10
308.0195682527364
 20
126.2758691143772
 10
307.9654024667989
 20
126.2095221227399
 10
307.9123274101134
 20
126.1439838335108
 10
307.8593774264373
 20
126.0780757797065
 10
307.806555192441
 20
126.0118008957839
 10
307.753863374945
 20
125.9451621548483
 10
307.700233407208
 20
125.8767914937856
 10
307.6467448104132
 20
125.8080483484714
 10
307.5934003834087
 20
125.7389359993361
 10
307.5402029124261
 20
125.6694577667273
 10
307.487155170597
 20
125.599617010382
 10
307.4342599174726
 20
125.5294171288876
 10
307.3815198985473
 20
125.4588615591333
 10
307.3258776611125
 20
125.3838096285724
 10
307.2704155602516
 20
125.308367389206
 10
307.2151367951338
 20
125.2325390505891
 10
307.1600445448765
 20
125.156328867355
 10
307.1051419679357
 20
125.0797411384202
 10
307.0504322015028
 20
125.0027802061759
 10
306.9990281054463
 20
124.9298791570254
 10
306.9478007765853
 20
124.856653945154
 10
306.8967527896792
 20
124.7831083125166
 10
306.8458867008755
 20
124.7092460328527
 10
306.7952050472832
 20
124.6350709110412
 10
306.7447103465517
 20
124.5605867824481
 10
306.6944050964539
 20
124.485797512266
 10
306.6442917744754
 20
124.4107069948467
 10
306.5943728374093
 20
124.3353191530273
 10
306.5446507209549
 20
124.2596379374488
 10
306.4960104154862
 20
124.1850264585234
 10
306.4475645595439
 20
124.1101396200722
 10
306.3993153990616
 20
124.0349812393032
 10
306.3512651589237
 20
123.9595551567264
 10
306.3025479339555
 20
123.8824866371357
 10
306.2540415155877
 20
123.8051486987796
 10
306.205748182865
 20
123.7275454657423
 10
306.157670190778
 20
123.6496810843063
 10
306.1098097699189
 20
123.5715597222225
 10
306.0630179119972
 20
123.4945872988587
 10
306.0164401183775
 20
123.4173750178261
 10
305.9700784316859
 20
123.3399268839229
 10
305.9239348706368
 20
123.2622469191971
 10
305.8692892281123
 20
123.1694740981246
 10
305.8149588659118
 20
123.0763852861825
 10
305.7609470540859
 20
122.9829873567336
 10
305.7072570122606
 20
122.8892872117453
 10
305.6538919090298
 20
122.795291780134
 10
305.6008548613674
 20
122.7010080161062
 10
305.5473104310861
 20
122.6049313639589
 10
305.4941109330794
 20
122.5085716450984
 10
305.4412594687292
 20
122.411936221623
 10
305.3887590821129
 20
122.3150324754222
 10
305.3366127594757
 20
122.2178678063733
 10
305.2848234287262
 20
122.1204496305371
 10
305.2363230422902
 20
122.0283726919643
 10
305.1881449219689
 20
121.9360832347828
 10
305.1402913771524
 20
121.8435875059421
 10
305.0927646697502
 20
121.750891759664
 10
305.0455670138983
 20
121.6580022561115
 10
304.9987005756826
 20
121.5649252600624
 10
304.9521674728786
 20
121.4716670395869
 10
304.9059697747069
 20
121.3782338647314
 10
304.8601095016059
 20
121.2846320062076
 10
304.8145886250203
 20
121.190867734088
 10
304.7702128410305
 20
121.0986257997788
 10
304.7261680695902
 20
121.0062391821368
 10
304.6824560393713
 20
120.9137138122736
 10
304.6390784328284
 20
120.8210556159634
 10
304.5952574331078
 20
120.7265823727516
 10
304.5517865020093
 20
120.6319838054973
 10
304.5086672670471
 20
120.5372661446501
 10
304.4659013056414
 20
120.4424356099663
 10
304.4234901450515
 20
120.3474984092851
 10
304.3821831097851
 20
120.2541586838153
 10
304.3412210940716
 20
120.1607278986122
 10
304.3006054032869
 20
120.0672118945463
 10
304.2603372960322
 20
119.9736164969898
 10
304.2196069443312
 20
119.878035177324
 10
304.179241007032
 20
119.782383391652
 10
304.139240670887
 20
119.6866672725691
 10
304.0996070720718
 20
119.5908929312874
 10
304.0603412962565
 20
119.4950664565162
 10
304.0214443786925
 20
119.3991939133549
 10
303.9829173043145
 20
119.3032813422033
 10
303.9448438537045
 20
119.2075441283675
 10
303.9071404437964
 20
119.1117789981496
 10
303.8698079040381
 20
119.0159918726316
 10
303.8328470145427
 20
118.9201886442494
 10
303.7962585062601
 20
118.8243751757945
 10
303.7606864903562
 20
118.7302683379377
 10
303.725474933331
 20
118.6361627439065
 10
303.6906243902676
 20
118.5420638590658
 10
303.6561353712559
 20
118.4479771176736
 10
303.6155490324618
 20
118.3359924144137
 10
303.5754764177278
 20
118.2240416300159
 10
303.5359181409223
 20
118.1121337508061
 10
303.4968747276013
 20
118.0002776935461
 10
303.4583466156383
 20
117.8884823036187
 10
303.4203341558834
 20
117.7767563532615
 10
303.3828376128512
 20
117.6651085398481
 10
303.3458571654357
 20
117.5535474842195
 10
303.3093929076518
 20
117.4420817290645
 10
303.2734448494038
 20
117.330719737349
 10
303.2380129172778
 20
117.2194698907962
 10
303.2030969553598
 20
117.108340488416
 10
303.1706485654429
 20
117.0036790365633
 10
303.1386583870426
 20
116.8991387766464
 10
303.1071260920322
 20
116.7947264560719
 10
303.0760512897685
 20
116.6904487527409
 10
303.0454335277818
 20
116.5863122741362
 10
303.0189248543729
 20
116.4949927717626
  0
LINE
  5
272
330
1F
100
AcDbEntity
  8
Geometries
  6
Continuous
370
    40
100
AcDbLine
 10
270.7806999099937
 20
64.40588098691808
 30
0.0
 11
270.7806999099937
 21
65.22237756784581
 31
0.0
  0
LINE
  5
273
330
1F
100
AcDbEntity
  8
Geometries
  6
Continuous
370
    40
100
AcDbLine
 10
315.7571154703963
 20
123.8493864359377
 30
0.0
 11
309.5757236909478
 21
120.2805582281066
 31
0.0
  0
LINE
  5
274
330
1F
100
AcDbEntity
  8
Geometries
  6
Continuous
370
    40
100
AcDbLine
 10
299.0649711574556
 20
52.15843227300221
 30
0.0
 11
299.0649711574556
 21
59.50690150135173
 31
0.0
  0
LINE
  5
275
330
1F
100
AcDbEntity
  8
Geometries
  6
Continuous
370
    40
100
AcDbLine
 10
307.5502525316942
 20
84.00179892918351
 30
0.0
 11
307.5502525316942
 21
81.55230918640034
 31
0.0
  0
LINE
  5
276
330
1F
100
AcDbEntity
  8
Geometries
  6
Continuous
370
    40
100
AcDbLine
 10
335.8345237791561
 20
60.32339808227946
 30
0.0
 11
336.5416305603426
 21
59.91514979181559
 31
0.0
  0
LINE
  5
277
330
1F
100
AcDbEntity
  8
Geometries
  6
Continuous
370
    40
100
AcDbLine
 10
316.0812441590616
 20
123.2296210635115
 30
0.0
 11
315.7571154703963
 21
123.8493864359377
 31
0.0
  0
LINE
  5
278
330
1F
100
AcDbEntity
  8
Geometries
  6
Continuous
370
    40
100
AcDbLine
 10
310.6774964224107
 20
114.9609107693436
 30
0.0
 11
311.3136421285403
 21
116.9049548874701
 31
0.0
  0
LINE
  5
279
330
1F
100
AcDbEntity
  8
Geometries
  6
Continuous
370
    40
100
AcDbLine
 10
311.437357400235
 20
123.9745978009944
 30
0.0
 11
311.8293596008129
 21
123.3897455900197
 31
0.0
  0
LINE
  5
27A
330
1F
100
AcDbEntity
  8
Geometries
  6
Continuous
370
    40
100
AcDbLine
 10
344.3198051533946
 20
80.73581260547259
 30
0.0
 11
354.2193000900063
 21
75.02033653897851
 31
0.0
  0
LINE
  5
27B
330
1F
100
AcDbEntity
  8
Geometries
  6
Continuous
370
    40
100
AcDbLine
 10
307.5502525316942
 20
84.00179892918351
 30
0.0
 11
306.8431457505076
 21
84.41004721964738
 31
0.0
  0
LINE
  5
27C
330
1F
100
AcDbEntity
  8
Geometries
  6
Continuous
370
    40
100
AcDbLine
 10
344.3198051533946
 20
73.38734337712307
 30
0.0
 11
344.3198051533946
 21
65.22237756784581
 31
0.0
  0
LINE
  5
27D
330
1F
100
AcDbEntity
  8
Geometries
  6
Continuous
370
    40
100
AcDbLine
 10
294.1152236891498
 20
70.52960534387604
 30
0.0
 11
291.9939033455901
 21
69.30486047248445
 31
0.0
  0
LINE
  5
27E
330
1F
100
AcDbEntity
  8
Geometries
  6
Continuous
370
    40
100
AcDbLine
 10
344.3198051533946
 20
105.2307100333044
 30
0.0
 11
344.3198051533946
 21
97.88224080495485
 31
0.0
  0
LINE
  5
27F
330
1F
100
AcDbEntity
  8
Geometries
  6
Continuous
370
    40
100
AcDbLine
 10
335.8345237791561
 20
84.00179892918352
 30
0.0
 11
330.8847763108502
 21
81.14406089593646
 31
0.0
  0
LINE
  5
280
330
1F
100
AcDbEntity
  8
Geometries
  6
Continuous
370
    40
100
AcDbLine
 10
335.8345237791561
 20
80.7358126054726
 30
0.0
 11
335.834523779156
 21
73.38734337712306
 31
0.0
  0
LINE
  5
281
330
1F
100
AcDbEntity
  8
Geometries
  6
Continuous
370
    40
100
AcDbLine
 10
325.9350288425444
 20
75.02033653897851
 30
0.0
 11
325.9350288425444
 21
70.93785363433989
 31
0.0
  0
LINE
  5
282
330
1F
100
AcDbEntity
  8
Geometries
  6
Continuous
370
    40
100
AcDbLine
 10
309.8626388268729
 20
104.3598705028396
 30
0.0
 11
310.5697456072717
 21
103.951622212096
 31
0.0
  0
LINE
  5
283
330
1F
100
AcDbEntity
  8
Geometries
  6
Continuous
370
    40
100
AcDbLine
 10
299.0649711574556
 20
67.671867310629
 30
0.0
 11
294.1152236891498
 21
70.52960534387604
 31
0.0
  0
LINE
  5
284
330
1F
100
AcDbEntity
  8
Geometries
  6
Continuous
370
    40
100
AcDbLine
 10
317.4497474683058
 20
73.38734337712307
 30
0.0
 11
312.5
 21
70.52960534387603
 31
0.0
  0
LINE
  5
285
330
1F
100
AcDbEntity
  8
Geometries
  6
Continuous
370
    40
100
AcDbLine
 10
296.2365440327094
 20
58.690404920424
 30
0.0
 11
289.1654762208439
 21
54.60792201578538
 31
0.0
  0
LINE
  5
286
330
1F
100
AcDbEntity
  8
Geometries
  6
Continuous
370
    40
100
AcDbLine
 10
325.9350288425444
 20
70.93785363433989
 30
0.0
 11
325.9350288425444
 21
70.12135705341217
 31
0.0
  0
LINE
  5
287
330
1F
100
AcDbEntity
  8
Geometries
  6
Continuous
370
    40
100
AcDbLine
 10
310.4541346526141
 20
119.2447849170261
 30
0.0
 11
315.2110708226372
 21
122.0060765733093
 31
0.0
  0
LINE
  5
288
330
1F
100
AcDbEntity
  8
Geometries
  6
Continuous
370
    40
100
AcDbLine
 10
335.8345237791561
 20
65.22237756784581
 30
0.0
 11
335.834523779156
 21
64.40588098691809
 31
0.0
  0
LINE
  5
289
330
1F
100
AcDbEntity
  8
Geometries
  6
Continuous
370
    40
100
AcDbLine
 10
318.1568542494924
 20
86.85953696243055
 30
0.0
 11
317.4497474683058
 21
87.26778525289443
 31
0.0
  0
LINE
  5
28A
330
1F
100
AcDbEntity
  8
Geometries
  6
Continuous
370
    40
100
AcDbLine
 10
295.5294372515229
 20
78.69457115315329
 30
0.0
 11
299.0649711574556
 21
80.7358126054726
 31
0.0
  0
LINE
  5
28B
330
1F
100
AcDbEntity
  8
Geometries
  6
Continuous
370
    40
100
AcDbLine
 10
289.1654762208439
 20
49.70894253021903
 30
0.0
 11
289.1654762208439
 21
53.79142543485765
 31
0.0
  0
LINE
  5
28C
330
1F
100
AcDbEntity
  8
Geometries
  6
Continuous
370
    40
100
AcDbLine
 10
333.0060966544099
 20
58.690404920424
 30
0.0
 11
325.9350288425444
 21
54.60792201578538
 31
0.0
  0
LINE
  5
28D
330
1F
100
AcDbEntity
  8
Geometries
  6
Continuous
370
    40
100
AcDbLine
 10
270.7806999099937
 20
65.22237756784581
 30
0.0
 11
280.6801948466054
 21
70.9378536343399
 31
0.0
  0
DIMENSION
  5
28F
330
1F
100
AcDbEntity
  8
Annotations
  6
Continuous
370
    15
100
AcDbDimension
280
     0
  2
*D2
 10
258.0
 20
158.0440059890645
 30
0.0
 11
258.0
 21
183.0440059890645
 31
0.0
 70
   160
 71
     5
 42
50.0
 73
     0
 74
     0
 75
     0
  3
ISO-25
100
AcDbAlignedDimension
 13
286.0
 23
208.0440059890645
 33
0.0
 14
286.0
 24
158.0440059890645
 34
0.0
 50
90.0
100
AcDbRotatedDimension
1001
ACAD
1000
DSTYLE
1002
{
1070
   144
1040
1.0
1070
    76
1070
     0
1070
    75
1070
     0
1070
   278
1070
    44
1070
    78
1070
     8
1070
   271
1070
     2
1070
   340
1005
77
1070
   283
1070
     1
1070
   146
1040
0.6
1070
   272
1070
     8
1070
   274
1070
     8
1070
    48
1040
0.0
1070
    47
1040
0.0
1070
    72
1070
     0
1070
    71
1070
     0
1070
    40
1040
1.0
1070
   179
1070
     2
1070
   276
1070
     2
1070
   147
1040
0.7
1070
   371
1070
    15
1070
   372
1070
    15
1070
    45
1040
0.01
1002
}
  0
DIMENSION
  5
29C
330
1F
100
AcDbEntity
  8
Annotations
  6
Continuous
370
    15
100
AcDbDimension
280
     0
  2
*D3
 10
339.0
 20
138.0440059890645
 30
0.0
 11
312.5
 21
138.0440059890645
 31
0.0
 70
   160
 71
     5
 42
53.0
 73
     0
 74
     0
 75
     0
  3
ISO-25
100
AcDbAlignedDimension
 13
286.0
 23
158.0440059890645
 33
0.0
 14
339.0
 24
158.0440059890645
 34
0.0
100
AcDbRotatedDimension
1001
ACAD
1000
DSTYLE
1002
{
1070
   144
1040
1.0
1070
    76
1070
     0
1070
    75
1070
     0
1070
   278
1070
    44
1070
    78
1070
     8
1070
   271
1070
     2
1070
   340
1005
77
1070
   283
1070
     1
1070
   146
1040
0.6
1070
   272
1070
     8
1070
   274
1070
     8
1070
    48
1040
0.0
1070
    47
1040
0.0
1070
    72
1070
     0
1070
    71
1070
     0
1070
    40
1040
1.0
1070
   179
1070
     2
1070
   276
1070
     2
1070
   147
1040
0.7
1070
   371
1070
    15
1070
   372
1070
    15
1070
    45
1040
0.01
1002
}
  0
DIMENSION
  5
2A9
330
1F
100
AcDbEntity
  8
Annotations
  6
Continuous
370
    15
100
AcDbDimension
280
     0
  2
*D4
 10
274.0
 20
168.0440059890645
 30
0.0
 11
274.0
 21
183.0440059890645
 31
0.0
 70
   160
 71
     5
 42
29.99999999999997
 73
     0
 74
     0
 75
     0
  3
ISO-25
100
AcDbAlignedDimension
 13
307.0
 23
198.0440059890645
 33
0.0
 14
307.0
 24
168.0440059890645
 34
0.0
 50
90.0
100
AcDbRotatedDimension
1001
ACAD
1000
DSTYLE
1002
{
1070
   144
1040
1.0
1070
    76
1070
     0
1070
    75
1070
     0
1070
   278
1070
    44
1070
    78
1070
     8
1070
   271
1070
     2
1070
   340
1005
77
1070
   283
1070
     1
1070
   146
1040
0.6
1070
   272
1070
     8
1070
   274
1070
     8
1070
    48
1040
0.0
1070
    47
1040
0.0
1070
    72
1070
     0
1070
    71
1070
     0
1070
    40
1040
1.0
1070
   179
1070
     2
1070
   276
1070
     2
1070
   147
1040
0.7
1070
   371
1070
    15
1070
   372
1070
    15
1070
    45
1040
0.01
1002
}
  0
DIMENSION
  5
2B6
330
1F
100
AcDbEntity
  8
Annotations
  6
Continuous
370
    15
100
AcDbDimension
280
     0
  2
*D5
 10
307.0
 20
146.0440059890645
 30
0.0
 11
299.5
 21
146.0440059890645
 31
0.0
 70
   160
 71
     5
 42
15.0
 73
     0
 74
     0
 75
     0
  3
ISO-25
100
AcDbAlignedDimension
 13
292.0
 23
168.0440059890645
 33
0.0
 14
307.0
 24
168.0440059890645
 34
0.0
100
AcDbRotatedDimension
1001
ACAD
1000
DSTYLE
1002
{
1070
   144
1040
1.0
1070
    76
1070
     0
1070
    75
1070
     0
1070
   278
1070
    44
1070
    78
1070
     8
1070
   271
1070
     2
1070
   340
1005
77
1070
   283
1070
     1
1070
   146
1040
0.6
1070
   272
1070
     8
1070
   274
1070
     8
1070
    48
1040
0.0
1070
    47
1040
0.0
1070
    72
1070
     0
1070
    71
1070
     0
1070
    40
1040
1.0
1070
   179
1070
     2
1070
   276
1070
     2
1070
   147
1040
0.7
1070
   371
1070
    15
1070
   372
1070
    15
1070
    45
1040
0.01
1002
}
  0
DIMENSION
  5
2C3
330
1F
100
AcDbEntity
  8
Annotations
  6
Continuous
370
    15
100
AcDbDimension
280
     0
  2
*D6
 10
318.0
 20
146.0440059890645
 30
0.0
 11
312.5
 21
146.0440059890645
 31
0.0
 70
   160
 71
     5
 42
11.0
 73
     0
 74
     0
 75
     0
  3
ISO-25
100
AcDbAlignedDimension
 13
307.0
 23
168.0440059890645
 33
0.0
 14
318.0
 24
168.0440059890645
 34
0.0
100
AcDbRotatedDimension
1001
ACAD
1000
DSTYLE
1002
{
1070
   144
1040
1.0
1070
    76
1070
     0
1070
    75
1070
     0
1070
   278
1070
    44
1070
    78
1070
     8
1070
   271
1070
     2
1070
   340
1005
77
1070
   283
1070
     1
1070
   146
1040
0.6
1070
   272
1070
     8
1070
   274
1070
     8
1070
    48
1040
0.0
1070
    47
1040
0.0
1070
    72
1070
     0
1070
    71
1070
     0
1070
    40
1040
1.0
1070
   179
1070
     2
1070
   276
1070
     2
1070
   147
1040
0.7
1070
   371
1070
    15
1070
   372
1070
    15
1070
    45
1040
0.01
1002
}
  0
DIMENSION
  5
2D0
330
1F
100
AcDbEntity
  8
Annotations
  6
Continuous
370
    15
100
AcDbDimension
280
     0
  2
*D7
 10
333.0
 20
146.0440059890645
 30
0.0
 11
325.5
 21
146.0440059890645
 31
0.0
 70
   160
 71
     5
 42
15.0
 73
     0
 74
     0
 75
     0
  3
ISO-25
100
AcDbAlignedDimension
 13
318.0
 23
168.0440059890645
 33
0.0
 14
333.0
 24
168.0440059890645
 34
0.0
100
AcDbRotatedDimension
1001
ACAD
1000
DSTYLE
1002
{
1070
   144
1040
1.0
1070
    76
1070
     0
1070
    75
1070
     0
1070
   278
1070
    44
1070
    78
1070
     8
1070
   271
1070
     2
1070
   340
1005
77
1070
   283
1070
     1
1070
   146
1040
0.6
1070
   272
1070
     8
1070
   274
1070
     8
1070
    48
1040
0.0
1070
    47
1040
0.0
1070
    72
1070
     0
1070
    71
1070
     0
1070
    40
1040
1.0
1070
   179
1070
     2
1070
   276
1070
     2
1070
   147
1040
0.7
1070
   371
1070
    15
1070
   372
1070
    15
1070
    45
1040
0.01
1002
}
  0
DIMENSION
  5
2DD
330
1F
100
AcDbEntity
  8
Annotations
  6
Continuous
370
    15
100
AcDbDimension
280
     0
  2
*D8
 10
274.0
 20
158.0440059890645
 30
0.0
 11
274.0
 21
163.0440059890645
 31
0.0
 70
   160
 71
     5
 42
10.00000000000003
 73
     0
 74
     0
 75
     0
  3
ISO-25
100
AcDbAlignedDimension
 13
292.0
 23
168.0440059890645
 33
0.0
 14
286.0
 24
158.0440059890645
 34
0.0
 50
90.0
100
AcDbRotatedDimension
1001
ACAD
1000
DSTYLE
1002
{
1070
   144
1040
1.0
1070
    76
1070
     0
1070
    75
1070
     0
1070
   278
1070
    44
1070
    78
1070
     8
1070
   271
1070
     2
1070
   340
1005
77
1070
   283
1070
     1
1070
   146
1040
0.6
1070
   272
1070
     8
1070
   274
1070
     8
1070
    48
1040
0.0
1070
    47
1040
0.0
1070
    72
1070
     0
1070
    71
1070
     0
1070
    40
1040
1.0
1070
   179
1070
     2
1070
   276
1070
     2
1070
   147
1040
0.7
1070
   371
1070
    15
1070
   372
1070
    15
1070
    45
1040
0.01
1002
}
  0
DIMENSION
  5
2EA
330
1F
100
AcDbEntity
  8
Annotations
  6
Continuous
370
    15
100
AcDbDimension
280
     0
  2
*D9
 10
313.0
 20
256.0617316670291
 30
0.0
 11
312.5
 21
256.0617316670291
 31
0.0
 70
   160
 71
     5
 42
1.0
 73
     0
 74
     0
 75
     0
  3
ISO-25
100
AcDbAlignedDimension
 13
312.0
 23
244.0617316670291
 33
0.0
 14
313.0
 24
244.0617316658555
 34
0.0
100
AcDbRotatedDimension
1001
ACAD
1000
DSTYLE
1002
{
1070
   144
1040
1.0
1070
    76
1070
     0
1070
    75
1070
     0
1070
   278
1070
    44
1070
    78
1070
     8
1070
   271
1070
     2
1070
   340
1005
77
1070
   283
1070
     1
1070
   146
1040
0.6
1070
   272
1070
     8
1070
   274
1070
     8
1070
    48
1040
0.0
1070
    47
1040
0.0
1070
    72
1070
     0
1070
    71
1070
     0
1070
    40
1040
1.0
1070
   179
1070
     2
1070
   276
1070
     2
1070
   147
1040
0.7
1070
   371
1070
    15
1070
   372
1070
    15
1070
    45
1040
0.01
1002
}
  0
DIMENSION
  5
2FA
330
1F
100
AcDbEntity
  8
Annotations
  6
Continuous
370
    15
100
AcDbDimension
280
     0
  2
*D10
 10
258.0
 20
208.0440059890645
 30
0.0
 11
258.0
 21
226.0528688280468
 31
0.0
 70
   160
 71
     5
 42
36.01772567796459
 73
     0
 74
     0
 75
     0
  3
ISO-25
100
AcDbAlignedDimension
 13
312.0
 23
244.0617316670291
 33
0.0
 14
312.0
 24
208.0440059890645
 34
0.0
 50
90.0
100
AcDbRotatedDimension
1001
ACAD
1000
DSTYLE
1002
{
1070
   144
1040
1.0
1070
    76
1070
     0
1070
    75
1070
     0
1070
   278
1070
    44
1070
    78
1070
     8
1070
   271
1070
     2
1070
   340
1005
77
1070
   283
1070
     1
1070
   146
1040
0.6
1070
   272
1070
     8
1070
   274
1070
     8
1070
    48
1040
0.0
1070
    47
1040
0.0
1070
    72
1070
     0
1070
    71
1070
     0
1070
    40
1040
1.0
1070
   179
1070
     2
1070
   276
1070
     2
1070
   147
1040
0.7
1070
   371
1070
    15
1070
   372
1070
    15
1070
    45
1040
0.01
1002
}
  0
DIMENSION
  5
307
330
1F
100
AcDbEntity
  8
Annotations
  6
Continuous
370
    15
100
AcDbDimension
280
     0
  2
*D11
 10
351.0
 20
244.0617316658555
 30
0.0
 11
351.0
 21
201.05286882746
 31
0.0
 70
   160
 71
     5
 42
86.017725676791
 73
     0
 74
     0
 75
     0
  3
ISO-25
100
AcDbAlignedDimension
 13
339.0
 23
158.0440059890645
 33
0.0
 14
313.0
 24
244.0617316658555
 34
0.0
 50
90.0
100
AcDbRotatedDimension
1001
ACAD
1000
DSTYLE
1002
{
1070
   144
1040
1.0
1070
    76
1070
     0
1070
    75
1070
     0
1070
   278
1070
    44
1070
    78
1070
     8
1070
   271
1070
     2
1070
   340
1005
77
1070
   283
1070
     1
1070
   146
1040
0.6
1070
   272
1070
     8
1070
   274
1070
     8
1070
    48
1040
0.0
1070
    47
1040
0.0
1070
    72
1070
     0
1070
    71
1070
     0
1070
    40
1040
1.0
1070
   179
1070
     2
1070
   276
1070
     2
1070
   147
1040
0.7
1070
   371
1070
    15
1070
   372
1070
    15
1070
    45
1040
0.01
1002
}
  0
DIMENSION
  5
314
330
1F
100
AcDbEntity
  8
Annotations
  6
Continuous
370
    15
100
AcDbDimension
280
     0
  2
*D12
 10
312.0
 20
256.0617316670291
 30
0.0
 11
299.0
 21
256.0617316670291
 31
0.0
 70
   160
 71
     5
 42
26.0
 73
     0
 74
     0
 75
     0
  3
ISO-25
100
AcDbAlignedDimension
 13
286.0
 23
208.0440059890645
 33
0.0
 14
312.0
 24
208.0440059890645
 34
0.0
100
AcDbRotatedDimension
1001
ACAD
1000
DSTYLE
1002
{
1070
   144
1040
1.0
1070
    76
1070
     0
1070
    75
1070
     0
1070
   278
1070
    44
1070
    78
1070
     8
1070
   271
1070
     2
1070
   340
1005
77
1070
   283
1070
     1
1070
   146
1040
0.6
1070
   272
1070
     8
1070
   274
1070
     8
1070
    48
1040
0.0
1070
    47
1040
0.0
1070
    72
1070
     0
1070
    71
1070
     0
1070
    40
1040
1.0
1070
   179
1070
     2
1070
   276
1070
     2
1070
   147
1040
0.7
1070
   371
1070
    15
1070
   372
1070
    15
1070
    45
1040
0.01
1002
}
  0
DIMENSION
  5
321
330
1F
100
AcDbEntity
  8
Annotations
  6
Continuous
370
    15
100
AcDbDimension
280
     0
  2
*D13
 10
339.0
 20
256.0617316670291
 30
0.0
 11
326.0
 21
256.0617316670291
 31
0.0
 70
   160
 71
     5
 42
26.0
 73
     0
 74
     0
 75
     0
  3
ISO-25
100
AcDbAlignedDimension
 13
313.0
 23
208.0440059890645
 33
0.0
 14
339.0
 24
208.0440059890645
 34
0.0
100
AcDbRotatedDimension
1001
ACAD
1000
DSTYLE
1002
{
1070
   144
1040
1.0
1070
    76
1070
     0
1070
    75
1070
     0
1070
   278
1070
    44
1070
    78
1070
     8
1070
   271
1070
     2
1070
   340
1005
77
1070
   283
1070
     1
1070
   146
1040
0.6
1070
   272
1070
     8
1070
   274
1070
     8
1070
    48
1040
0.0
1070
    47
1040
0.0
1070
    72
1070
     0
1070
    71
1070
     0
1070
    40
1040
1.0
1070
   179
1070
     2
1070
   276
1070
     2
1070
   147
1040
0.7
1070
   371
1070
    15
1070
   372
1070
    15
1070
    45
1040
0.01
1002
}
  0
DIMENSION
  5
32E
330
1F
100
AcDbEntity
  8
Annotations
  6
Continuous
370
    15
100
AcDbDimension
280
     0
  2
*D14
 10
157.0
 20
128.9798967838287
 30
0.0
 11
117.5
 21
128.9798967838287
 31
0.0
 70
   160
 71
     5
 42
79.0
 73
     0
 74
     0
 75
     0
  3
ISO-25
100
AcDbAlignedDimension
 13
78.0
 23
104.021728515625
 33
0.0
 14
157.0
 24
104.021728515625
 34
0.0
100
AcDbRotatedDimension
1001
ACAD
1000
DSTYLE
1002
{
1070
   144
1040
1.0
1070
    76
1070
     0
1070
    75
1070
     0
1070
   278
1070
    44
1070
    78
1070
     8
1070
   271
1070
     2
1070
   340
1005
76
1070
   283
1070
     1
1070
   146
1040
0.6
1070
   272
1070
     8
1070
   274
1070
     8
1070
    48
1040
0.0
1070
    47
1040
0.0
1070
    72
1070
     0
1070
    71
1070
     0
1070
    40
1040
1.0
1070
   179
1070
     2
1070
   276
1070
     2
1070
   147
1040
0.7
1070
   371
1070
    15
1070
   372
1070
    15
1070
    45
1040
0.01
1002
}
  0
DIMENSION
  5
33B
330
1F
100
AcDbEntity
  8
Annotations
  6
Continuous
370
    15
100
AcDbDimension
280
     0
  2
*D15
 10
104.0
 20
116.021728515625
 30
0.0
 11
91.5
 21
116.021728515625
 31
0.0
 70
   160
 71
     5
 42
25.0
 73
     0
 74
     0
 75
     0
  3
ISO-25
100
AcDbAlignedDimension
 13
79.0
 23
103.021728515625
 33
0.0
 14
104.0
 24
103.021728515625
 34
0.0
100
AcDbRotatedDimension
1001
ACAD
1000
DSTYLE
1002
{
1070
   144
1040
1.0
1070
    76
1070
     0
1070
    75
1070
     0
1070
   278
1070
    44
1070
    78
1070
     8
1070
   271
1070
     2
1070
   340
1005
76
1070
   283
1070
     1
1070
   146
1040
0.6
1070
   272
1070
     8
1070
   274
1070
     8
1070
    48
1040
0.0
1070
    47
1040
0.0
1070
    72
1070
     0
1070
    71
1070
     0
1070
    40
1040
1.0
1070
   179
1070
     2
1070
   276
1070
     2
1070
   147
1040
0.7
1070
   371
1070
    15
1070
   372
1070
    15
1070
    45
1040
0.01
1002
}
  0
DIMENSION
  5
348
330
1F
100
AcDbEntity
  8
Annotations
  6
Continuous
370
    15
100
AcDbDimension
280
     0
  2
*D16
 10
105.0
 20
116.021728515625
 30
0.0
 11
104.5
 21
116.021728515625
 31
0.0
 70
   160
 71
     5
 42
1.0
 73
     0
 74
     0
 75
     0
  3
ISO-25
100
AcDbAlignedDimension
 13
104.0
 23
103.021728515625
 33
0.0
 14
105.0
 24
103.021728515625
 34
0.0
100
AcDbRotatedDimension
1001
ACAD
1000
DSTYLE
1002
{
1070
   144
1040
1.0
1070
    76
1070
     0
1070
    75
1070
     0
1070
   278
1070
    44
1070
    78
1070
     8
1070
   271
1070
     2
1070
   340
1005
76
1070
   283
1070
     1
1070
   146
1040
0.6
1070
   272
1070
     8
1070
   274
1070
     8
1070
    48
1040
0.0
1070
    47
1040
0.0
1070
    72
1070
     0
1070
    71
1070
     0
1070
    40
1040
1.0
1070
   179
1070
     2
1070
   276
1070
     2
1070
   147
1040
0.7
1070
   371
1070
    15
1070
   372
1070
    15
1070
    45
1040
0.01
1002
}
  0
DIMENSION
  5
358
330
1F
100
AcDbEntity
  8
Annotations
  6
Continuous
370
    15
100
AcDbDimension
280
     0
  2
*D17
 10
130.0
 20
116.021728515625
 30
0.0
 11
117.5
 21
116.021728515625
 31
0.0
 70
   160
 71
     5
 42
25.0
 73
     0
 74
     0
 75
     0
  3
ISO-25
100
AcDbAlignedDimension
 13
105.0
 23
103.021728515625
 33
0.0
 14
130.0
 24
103.021728515625
 34
0.0
100
AcDbRotatedDimension
1001
ACAD
1000
DSTYLE
1002
{
1070
   144
1040
1.0
1070
    76
1070
     0
1070
    75
1070
     0
1070
   278
1070
    44
1070
    78
1070
     8
1070
   271
1070
     2
1070
   340
1005
76
1070
   283
1070
     1
1070
   146
1040
0.6
1070
   272
1070
     8
1070
   274
1070
     8
1070
    48
1040
0.0
1070
    47
1040
0.0
1070
    72
1070
     0
1070
    71
1070
     0
1070
    40
1040
1.0
1070
   179
1070
     2
1070
   276
1070
     2
1070
   147
1040
0.7
1070
   371
1070
    15
1070
   372
1070
    15
1070
    45
1040
0.01
1002
}
  0
DIMENSION
  5
365
330
1F
100
AcDbEntity
  8
Annotations
  6
Continuous
370
    15
100
AcDbDimension
280
     0
  2
*D18
 10
131.0
 20
116.021728515625
 30
0.0
 11
143.5
 21
116.021728515625
 31
0.0
 70
   160
 71
     5
 42
25.0
 73
     0
 74
     0
 75
     0
  3
ISO-25
100
AcDbAlignedDimension
 13
156.0
 23
103.021728515625
 33
0.0
 14
131.0
 24
103.021728515625
 34
0.0
100
AcDbRotatedDimension
1001
ACAD
1000
DSTYLE
1002
{
1070
   144
1040
1.0
1070
    76
1070
     0
1070
    75
1070
     0
1070
   278
1070
    44
1070
    78
1070
     8
1070
   271
1070
     2
1070
   340
1005
76
1070
   283
1070
     1
1070
   146
1040
0.6
1070
   272
1070
     8
1070
   274
1070
     8
1070
    48
1040
0.0
1070
    47
1040
0.0
1070
    72
1070
     0
1070
    71
1070
     0
1070
    40
1040
1.0
1070
   179
1070
     2
1070
   276
1070
     2
1070
   147
1040
0.7
1070
   371
1070
    15
1070
   372
1070
    15
1070
    45
1040
0.01
1002
}
  0
DIMENSION
  5
372
330
1F
100
AcDbEntity
  8
Annotations
  6
Continuous
370
    15
100
AcDbDimension
280
     0
  2
*D19
 10
130.0
 20
116.021728515625
 30
0.0
 11
130.5
 21
116.021728515625
 31
0.0
 70
   160
 71
     5
 42
1.0
 73
     0
 74
     0
 75
     0
  3
ISO-25
100
AcDbAlignedDimension
 13
131.0
 23
103.021728515625
 33
0.0
 14
130.0
 24
103.021728515625
 34
0.0
100
AcDbRotatedDimension
1001
ACAD
1000
DSTYLE
1002
{
1070
   144
1040
1.0
1070
    76
1070
     0
1070
    75
1070
     0
1070
   278
1070
    44
1070
    78
1070
     8
1070
   271
1070
     2
1070
   340
1005
76
1070
   283
1070
     1
1070
   146
1040
0.6
1070
   272
1070
     8
1070
   274
1070
     8
1070
    48
1040
0.0
1070
    47
1040
0.0
1070
    72
1070
     0
1070
    71
1070
     0
1070
    40
1040
1.0
1070
   179
1070
     2
1070
   276
1070
     2
1070
   147
1040
0.7
1070
   371
1070
    15
1070
   372
1070
    15
1070
    45
1040
0.01
1002
}
  0
DIMENSION
  5
382
330
1F
100
AcDbEntity
  8
Annotations
  6
Continuous
370
    15
100
AcDbDimension
280
     0
  2
*D20
 10
66.0
 20
78.021728515625
 30
0.0
 11
66.0
 21
90.521728515625
 31
0.0
 70
   160
 71
     5
 42
25.0
 73
     0
 74
     0
 75
     0
  3
ISO-25
100
AcDbAlignedDimension
 13
79.0
 23
103.021728515625
 33
0.0
 14
79.0
 24
78.021728515625
 34
0.0
 50
90.0
100
AcDbRotatedDimension
1001
ACAD
1000
DSTYLE
1002
{
1070
   144
1040
1.0
1070
    76
1070
     0
1070
    75
1070
     0
1070
   278
1070
    44
1070
    78
1070
     8
1070
   271
1070
     2
1070
   340
1005
76
1070
   283
1070
     1
1070
   146
1040
0.6
1070
   272
1070
     8
1070
   274
1070
     8
1070
    48
1040
0.0
1070
    47
1040
0.0
1070
    72
1070
     0
1070
    71
1070
     0
1070
    40
1040
1.0
1070
   179
1070
     2
1070
   276
1070
     2
1070
   147
1040
0.7
1070
   371
1070
    15
1070
   372
1070
    15
1070
    45
1040
0.01
1002
}
  0
DIMENSION
  5
38F
330
1F
100
AcDbEntity
  8
Annotations
  6
Continuous
370
    15
100
AcDbDimension
280
     0
  2
*D21
 10
66.0
 20
78.021728515625
 30
0.0
 11
66.0
 21
77.521728515625
 31
0.0
 70
   160
 71
     5
 42
1.0
 73
     0
 74
     0
 75
     0
  3
ISO-25
100
AcDbAlignedDimension
 13
79.0
 23
77.021728515625
 33
0.0
 14
79.0
 24
78.021728515625
 34
0.0
 50
90.0
100
AcDbRotatedDimension
1001
ACAD
1000
DSTYLE
1002
{
1070
   144
1040
1.0
1070
    76
1070
     0
1070
    75
1070
     0
1070
   278
1070
    44
1070
    78
1070
     8
1070
   271
1070
     2
1070
   340
1005
76
1070
   283
1070
     1
1070
   146
1040
0.6
1070
   272
1070
     8
1070
   274
1070
     8
1070
    48
1040
0.0
1070
    47
1040
0.0
1070
    72
1070
     0
1070
    71
1070
     0
1070
    40
1040
1.0
1070
   179
1070
     2
1070
   276
1070
     2
1070
   147
1040
0.7
1070
   371
1070
    15
1070
   372
1070
    15
1070
    45
1040
0.01
1002
}
  0
DIMENSION
  5
39F
330
1F
100
AcDbEntity
  8
Annotations
  6
Continuous
370
    15
100
AcDbDimension
280
     0
  2
*D22
 10
66.0
 20
52.021728515625
 30
0.0
 11
66.0
 21
64.521728515625
 31
0.0
 70
   160
 71
     5
 42
25.0
 73
     0
 74
     0
 75
     0
  3
ISO-25
100
AcDbAlignedDimension
 13
79.0
 23
77.021728515625
 33
0.0
 14
79.0
 24
52.021728515625
 34
0.0
 50
90.0
100
AcDbRotatedDimension
1001
ACAD
1000
DSTYLE
1002
{
1070
   144
1040
1.0
1070
    76
1070
     0
1070
    75
1070
     0
1070
   278
1070
    44
1070
    78
1070
     8
1070
   271
1070
     2
1070
   340
1005
76
1070
   283
1070
     1
1070
   146
1040
0.6
1070
   272
1070
     8
1070
   274
1070
     8
1070
    48
1040
0.0
1070
    47
1040
0.0
1070
    72
1070
     0
1070
    71
1070
     0
1070
    40
1040
1.0
1070
   179
1070
     2
1070
   276
1070
     2
1070
   147
1040
0.7
1070
   371
1070
    15
1070
   372
1070
    15
1070
    45
1040
0.01
1002
}
  0
DIMENSION
  5
3AC
330
1F
100
AcDbEntity
  8
Annotations
  6
Continuous
370
    15
100
AcDbDimension
280
     0
  2
*D23
 10
54.36211776733397
 20
51.021728515625
 30
0.0
 11
54.36211776733397
 21
77.521728515625
 31
0.0
 70
   160
 71
     5
 42
53.0
 73
     0
 74
     0
 75
     0
  3
ISO-25
100
AcDbAlignedDimension
 13
78.0
 23
104.021728515625
 33
0.0
 14
78.0
 24
51.021728515625
 34
0.0
 50
90.0
100
AcDbRotatedDimension
1001
ACAD
1000
DSTYLE
1002
{
1070
   144
1040
1.0
1070
    76
1070
     0
1070
    75
1070
     0
1070
   278
1070
    44
1070
    78
1070
     8
1070
   271
1070
     2
1070
   340
1005
76
1070
   283
1070
     1
1070
   146
1040
0.6
1070
   272
1070
     8
1070
   274
1070
     8
1070
    48
1040
0.0
1070
    47
1040
0.0
1070
    72
1070
     0
1070
    71
1070
     0
1070
    40
1040
1.0
1070
   179
1070
     2
1070
   276
1070
     2
1070
   147
1040
0.7
1070
   371
1070
    15
1070
   372
1070
    15
1070
    45
1040
0.01
1002
}
  0
DIMENSION
  5
3B9
330
1F
100
AcDbEntity
  8
Annotations
  6
Continuous
370
    15
100
AcDbDimension
280
     0
  2
*D24
 10
142.5
 20
276.3660669630677
 30
0.0
 11
117.5
 21
276.3660669630677
 31
0.0
 70
   160
 71
     5
 42
50.0
 73
     0
 74
     0
 75
     0
  3
ISO-25
100
AcDbAlignedDimension
 13
92.5
 23
208.0440059890645
 33
0.0
 14
142.5
 24
208.0440059890645
 34
0.0
100
AcDbRotatedDimension
1001
ACAD
1000
DSTYLE
1002
{
1070
   144
1040
1.0
1070
    76
1070
     0
1070
    75
1070
     0
1070
   278
1070
    44
1070
    78
1070
     8
1070
   271
1070
     2
1070
   340
1005
75
1070
   283
1070
     1
1070
   146
1040
0.6
1070
   272
1070
     8
1070
   274
1070
     8
1070
    48
1040
0.0
1070
    47
1040
0.0
1070
    72
1070
     0
1070
    71
1070
     0
1070
    40
1040
1.0
1070
   179
1070
     2
1070
   276
1070
     2
1070
   147
1040
0.7
1070
   371
1070
    15
1070
   372
1070
    15
1070
    45
1040
0.01
1002
}
  0
DIMENSION
  5
3C6
330
1F
100
AcDbEntity
  8
Annotations
  6
Continuous
370
    15
100
AcDbDimension
280
     0
  2
*D25
 10
134.5720200280387
 20
264.061694175592
 30
0.0
 11
118.0070342773663
 21
264.061694175592
 31
0.0
 70
   160
 71
     5
 42
33.1299715013446
 73
     0
 74
     0
 75
     0
  3
ISO-25
100
AcDbAlignedDimension
 13
101.4420485266941
 23
221.9136428962719
 33
0.0
 14
134.5720200280387
 24
221.2638367860993
 34
0.0
100
AcDbRotatedDimension
1001
ACAD
1000
DSTYLE
1002
{
1070
   144
1040
1.0
1070
    76
1070
     0
1070
    75
1070
     0
1070
   278
1070
    44
1070
    78
1070
     8
1070
   271
1070
     2
1070
   340
1005
75
1070
   283
1070
     1
1070
   146
1040
0.6
1070
   272
1070
     8
1070
   274
1070
     8
1070
    48
1040
0.0
1070
    47
1040
0.0
1070
    72
1070
     0
1070
    71
1070
     0
1070
    40
1040
1.0
1070
   179
1070
     2
1070
   276
1070
     2
1070
   147
1040
0.7
1070
   371
1070
    15
1070
   372
1070
    15
1070
    45
1040
0.01
1002
}
  0
DIMENSION
  5
3D3
330
1F
100
AcDbEntity
  8
Annotations
  6
Continuous
370
    15
100
AcDbDimension
280
     0
  2
*D26
 10
131.997123165786
 20
256.061694175592
 30
0.0
 11
117.577188145203
 21
256.061694175592
 31
0.0
 70
   160
 71
     5
 42
28.83987004116615
 73
     0
 74
     0
 75
     0
  3
ISO-25
100
AcDbAlignedDimension
 13
103.1572531246199
 23
227.9249935720493
 33
0.0
 14
131.997123165786
 24
227.75596685506
 34
0.0
100
AcDbRotatedDimension
1001
ACAD
1000
DSTYLE
1002
{
1070
   144
1040
1.0
1070
    76
1070
     0
1070
    75
1070
     0
1070
   278
1070
    44
1070
    78
1070
     8
1070
   271
1070
     2
1070
   340
1005
75
1070
   283
1070
     1
1070
   146
1040
0.6
1070
   272
1070
     8
1070
   274
1070
     8
1070
    48
1040
0.0
1070
    47
1040
0.0
1070
    72
1070
     0
1070
    71
1070
     0
1070
    40
1040
1.0
1070
   179
1070
     2
1070
   276
1070
     2
1070
   147
1040
0.7
1070
   371
1070
    15
1070
   372
1070
    15
1070
    45
1040
0.01
1002
}
  0
DIMENSION
  5
3E1
330
1F
100
AcDbEntity
  8
Annotations
  6
Continuous
370
    15
100
AcDbDimension
280
     0
  2
*D27
 10
93.16523123900001
 20
227.5256207640645
 30
0.0
 11
97.0072748094221
 21
226.4293794777304
 31
0.0
 70
   164
 71
     5
 42
10.00000000012322
 73
     0
 74
     0
 75
     0
  3
ISO-25
100
AcDbRadialDimension
 15
102.7814521922589
 25
224.7818469795534
 35
0.0
 40
0.0
1001
ACAD
1000
DSTYLE
1002
{
1070
   144
1040
1.0
1070
   141
1040
0.0
1070
   172
1070
     0
1070
   278
1070
    44
1070
    78
1070
     8
1070
   271
1070
     2
1070
   340
1005
75
1070
   283
1070
     1
1070
   146
1040
0.6
1070
   272
1070
     8
1070
   274
1070
     8
1070
    48
1040
0.0
1070
    47
1040
0.0
1070
    72
1070
     0
1070
    71
1070
     0
1070
    40
1040
1.0
1070
   179
1070
     2
1070
   276
1070
     2
1070
   147
1040
0.7
1070
   371
1070
    15
1070
   372
1070
    15
1070
    45
1040
0.01
1002
}
1001
ACAD_DSTYLE_DIMRADIAL_EXTENSION
1070
   387
1070
     1
1070
   388
1040
5.687353057324088
1070
   390
1040
0.0399479049951474
  0
DIMENSION
  5
3EA
330
1F
100
AcDbEntity
  8
Annotations
  6
Continuous
370
    15
100
AcDbDimension
280
     0
  2
*D28
 10
66.0
 20
221.9136428962719
 30
0.0
 11
66.0
 21
214.9788244426682
 31
0.0
 70
   160
 71
     5
 42
13.86963690720748
 73
     0
 74
     0
 75
     0
  3
ISO-25
100
AcDbAlignedDimension
 13
92.5
 23
208.0440059890645
 33
0.0
 14
101.4420485266941
 24
221.9136428962719
 34
0.0
 50
90.0
100
AcDbRotatedDimension
1001
ACAD
1000
DSTYLE
1002
{
1070
   144
1040
1.0
1070
    76
1070
     0
1070
    75
1070
     0
1070
   278
1070
    44
1070
    78
1070
     8
1070
   271
1070
     2
1070
   340
1005
75
1070
   283
1070
     1
1070
   146
1040
0.6
1070
   272
1070
     8
1070
   274
1070
     8
1070
    48
1040
0.0
1070
    47
1040
0.0
1070
    72
1070
     0
1070
    71
1070
     0
1070
    40
1040
1.0
1070
   179
1070
     2
1070
   276
1070
     2
1070
   147
1040
0.7
1070
   371
1070
    15
1070
   372
1070
    15
1070
    45
1040
0.01
1002
}
  0
DIMENSION
  5
3F7
330
1F
100
AcDbEntity
  8
Annotations
  6
Continuous
370
    15
100
AcDbDimension
280
     0
  2
*D29
 10
76.67048645019531
 20
227.9249935720493
 30
0.0
 11
76.67048645019531
 21
224.9193182341606
 31
0.0
 70
   160
 71
     5
 42
6.011350675777351
 73
     0
 74
     0
 75
     0
  3
ISO-25
100
AcDbAlignedDimension
 13
101.4420485266941
 23
221.9136428962719
 33
0.0
 14
103.1572531246199
 24
227.9249935720493
 34
0.0
 50
90.0
100
AcDbRotatedDimension
1001
ACAD
1000
DSTYLE
1002
{
1070
   144
1040
1.0
1070
    76
1070
     0
1070
    75
1070
     0
1070
   278
1070
    44
1070
    78
1070
     8
1070
   271
1070
     2
1070
   340
1005
75
1070
   283
1070
     1
1070
   146
1040
0.6
1070
   272
1070
     8
1070
   274
1070
     8
1070
    48
1040
0.0
1070
    47
1040
0.0
1070
    72
1070
     0
1070
    71
1070
     0
1070
    40
1040
1.0
1070
   179
1070
     2
1070
   276
1070
     2
1070
   147
1040
0.7
1070
   371
1070
    15
1070
   372
1070
    15
1070
    45
1040
0.01
1002
}
  0
LINE
  5
407
330
1F
100
AcDbEntity
  8
Border
  6
Continuous
370
    15
100
AcDbLine
 10
20.0
 20
10.0
 30
0.0
 11
410.0
 21
10.0
 31
0.0
  0
LINE
  5
408
330
1F
100
AcDbEntity
  8
Border
  6
Continuous
370
    15
100
AcDbLine
 10
410.0
 20
10.0
 30
0.0
 11
410.0
 21
287.0
 31
0.0
  0
LINE
  5
409
330
1F
100
AcDbEntity
  8
Border
  6
Continuous
370
    15
100
AcDbLine
 10
410.0
 20
287.0
 30
0.0
 11
20.0
 21
287.0
 31
0.0
  0
LINE
  5
40A
330
1F
100
AcDbEntity
  8
Border
  6
Continuous
370
    15
100
AcDbLine
 10
20.0
 20
287.0
 30
0.0
 11
20.0
 21
10.0
 31
0.0
  0
LINE
  5
40B
330
1F
100
AcDbEntity
  8
Border
  6
Continuous
370
    15
100
AcDbLine
 10
215.0
 20
15.0
 30
0.0
 11
215.0
 21
5.0
 31
0.0
  0
LINE
  5
40C
330
1F
100
AcDbEntity
  8
Border
  6
Continuous
370
    15
100
AcDbLine
 10
265.0
 20
10.0
 30
0.0
 11
265.0
 21
5.0
 31
0.0
  0
LINE
  5
40D
330
1F
100
AcDbEntity
  8
Border
  6
Continuous
370
    15
100
AcDbLine
 10
165.0
 20
10.0
 30
0.0
 11
165.0
 21
5.0
 31
0.0
  0
LINE
  5
40E
330
1F
100
AcDbEntity
  8
Border
  6
Continuous
370
    15
100
AcDbLine
 10
315.0
 20
10.0
 30
0.0
 11
315.0
 21
5.0
 31
0.0
  0
LINE
  5
40F
330
1F
100
AcDbEntity
  8
Border
  6
Continuous
370
    15
100
AcDbLine
 10
115.0
 20
10.0
 30
0.0
 11
115.0
 21
5.0
 31
0.0
  0
LINE
  5
410
330
1F
100
AcDbEntity
  8
Border
  6
Continuous
370
    15
100
AcDbLine
 10
365.0
 20
10.0
 30
0.0
 11
365.0
 21
5.0
 31
0.0
  0
LINE
  5
411
330
1F
100
AcDbEntity
  8
Border
  6
Continuous
370
    15
100
AcDbLine
 10
65.0
 20
10.0
 30
0.0
 11
65.0
 21
5.0
 31
0.0
  0
MTEXT
  5
412
330
1F
100
AcDbEntity
  8
Border
  6
Continuous
370
    15
100
AcDbMText
 10
42.5
 20
9.17475
 30
0.0
 40
3.3495
 41
3.3495
 46
3.3495
 71
     2
 72
     1
  1
1
  7
Shapr0
 73
     1
 44
1.0
1001
ACAD
1000
ACAD_MTEXT_DEFINED_HEIGHT_BEGIN
1070
    46
1040
3.3495
1000
ACAD_MTEXT_DEFINED_HEIGHT_END
  0
MTEXT
  5
413
330
1F
100
AcDbEntity
  8
Border
  6
Continuous
370
    15
100
AcDbMText
 10
90.0
 20
9.17475
 30
0.0
 40
3.3495
 41
3.3495
 46
3.3495
 71
     2
 72
     1
  1
2
  7
Shapr0
 73
     1
 44
1.0
1001
ACAD
1000
ACAD_MTEXT_DEFINED_HEIGHT_BEGIN
1070
    46
1040
3.3495
1000
ACAD_MTEXT_DEFINED_HEIGHT_END
  0
MTEXT
  5
414
330
1F
100
AcDbEntity
  8
Border
  6
Continuous
370
    15
100
AcDbMText
 10
140.0
 20
9.17475
 30
0.0
 40
3.3495
 41
3.3495
 46
3.3495
 71
     2
 72
     1
  1
3
  7
Shapr0
 73
     1
 44
1.0
1001
ACAD
1000
ACAD_MTEXT_DEFINED_HEIGHT_BEGIN
1070
    46
1040
3.3495
1000
ACAD_MTEXT_DEFINED_HEIGHT_END
  0
MTEXT
  5
415
330
1F
100
AcDbEntity
  8
Border
  6
Continuous
370
    15
100
AcDbMText
 10
190.0
 20
9.17475
 30
0.0
 40
3.3495
 41
3.3495
 46
3.3495
 71
     2
 72
     1
  1
4
  7
Shapr0
 73
     1
 44
1.0
1001
ACAD
1000
ACAD_MTEXT_DEFINED_HEIGHT_BEGIN
1070
    46
1040
3.3495
1000
ACAD_MTEXT_DEFINED_HEIGHT_END
  0
MTEXT
  5
416
330
1F
100
AcDbEntity
  8
Border
  6
Continuous
370
    15
100
AcDbMText
 10
240.0
 20
9.17475
 30
0.0
 40
3.3495
 41
3.3495
 46
3.3495
 71
     2
 72
     1
  1
5
  7
Shapr0
 73
     1
 44
1.0
1001
ACAD
1000
ACAD_MTEXT_DEFINED_HEIGHT_BEGIN
1070
    46
1040
3.3495
1000
ACAD_MTEXT_DEFINED_HEIGHT_END
  0
MTEXT
  5
417
330
1F
100
AcDbEntity
  8
Border
  6
Continuous
370
    15
100
AcDbMText
 10
290.0
 20
9.17475
 30
0.0
 40
3.3495
 41
3.3495
 46
3.3495
 71
     2
 72
     1
  1
6
  7
Shapr0
 73
     1
 44
1.0
1001
ACAD
1000
ACAD_MTEXT_DEFINED_HEIGHT_BEGIN
1070
    46
1040
3.3495
1000
ACAD_MTEXT_DEFINED_HEIGHT_END
  0
MTEXT
  5
418
330
1F
100
AcDbEntity
  8
Border
  6
Continuous
370
    15
100
AcDbMText
 10
340.0
 20
9.17475
 30
0.0
 40
3.3495
 41
3.3495
 46
3.3495
 71
     2
 72
     1
  1
7
  7
Shapr0
 73
     1
 44
1.0
1001
ACAD
1000
ACAD_MTEXT_DEFINED_HEIGHT_BEGIN
1070
    46
1040
3.3495
1000
ACAD_MTEXT_DEFINED_HEIGHT_END
  0
MTEXT
  5
419
330
1F
100
AcDbEntity
  8
Border
  6
Continuous
370
    15
100
AcDbMText
 10
387.5
 20
9.17475
 30
0.0
 40
3.3495
 41
3.3495
 46
3.3495
 71
     2
 72
     1
  1
8
  7
Shapr0
 73
     1
 44
1.0
1001
ACAD
1000
ACAD_MTEXT_DEFINED_HEIGHT_BEGIN
1070
    46
1040
3.3495
1000
ACAD_MTEXT_DEFINED_HEIGHT_END
  0
LINE
  5
41A
330
1F
100
AcDbEntity
  8
Border
  6
Continuous
370
    15
100
AcDbLine
 10
405.0
 20
148.5
 30
0.0
 11
415.0
 21
148.5
 31
0.0
  0
LINE
  5
41B
330
1F
100
AcDbEntity
  8
Border
  6
Continuous
370
    15
100
AcDbLine
 10
410.0
 20
198.5
 30
0.0
 11
415.0
 21
198.5
 31
0.0
  0
LINE
  5
41C
330
1F
100
AcDbEntity
  8
Border
  6
Continuous
370
    15
100
AcDbLine
 10
410.0
 20
98.5
 30
0.0
 11
415.0
 21
98.5
 31
0.0
  0
LINE
  5
41D
330
1F
100
AcDbEntity
  8
Border
  6
Continuous
370
    15
100
AcDbLine
 10
410.0
 20
248.5
 30
0.0
 11
415.0
 21
248.5
 31
0.0
  0
LINE
  5
41E
330
1F
100
AcDbEntity
  8
Border
  6
Continuous
370
    15
100
AcDbLine
 10
410.0
 20
48.5
 30
0.0
 11
415.0
 21
48.5
 31
0.0
  0
MTEXT
  5
41F
330
1F
100
AcDbEntity
  8
Border
  6
Continuous
370
    15
100
AcDbMText
 10
410.82525
 20
29.25
 30
0.0
 40
3.3495
 41
3.3495
 46
3.3495
 71
     4
 72
     1
  1
F
  7
Shapr0
 73
     1
 44
1.0
1001
ACAD
1000
ACAD_MTEXT_DEFINED_HEIGHT_BEGIN
1070
    46
1040
3.3495
1000
ACAD_MTEXT_DEFINED_HEIGHT_END
  0
MTEXT
  5
420
330
1F
100
AcDbEntity
  8
Border
  6
Continuous
370
    15
100
AcDbMText
 10
410.82525
 20
73.5
 30
0.0
 40
3.3495
 41
3.3495
 46
3.3495
 71
     4
 72
     1
  1
E
  7
Shapr0
 73
     1
 44
1.0
1001
ACAD
1000
ACAD_MTEXT_DEFINED_HEIGHT_BEGIN
1070
    46
1040
3.3495
1000
ACAD_MTEXT_DEFINED_HEIGHT_END
  0
MTEXT
  5
421
330
1F
100
AcDbEntity
  8
Border
  6
Continuous
370
    15
100
AcDbMText
 10
410.82525
 20
123.5
 30
0.0
 40
3.3495
 41
3.3495
 46
3.3495
 71
     4
 72
     1
  1
D
  7
Shapr0
 73
     1
 44
1.0
1001
ACAD
1000
ACAD_MTEXT_DEFINED_HEIGHT_BEGIN
1070
    46
1040
3.3495
1000
ACAD_MTEXT_DEFINED_HEIGHT_END
  0
MTEXT
  5
422
330
1F
100
AcDbEntity
  8
Border
  6
Continuous
370
    15
100
AcDbMText
 10
410.82525
 20
173.5
 30
0.0
 40
3.3495
 41
3.3495
 46
3.3495
 71
     4
 72
     1
  1
C
  7
Shapr0
 73
     1
 44
1.0
1001
ACAD
1000
ACAD_MTEXT_DEFINED_HEIGHT_BEGIN
1070
    46
1040
3.3495
1000
ACAD_MTEXT_DEFINED_HEIGHT_END
  0
MTEXT
  5
423
330
1F
100
AcDbEntity
  8
Border
  6
Continuous
370
    15
100
AcDbMText
 10
410.82525
 20
223.5
 30
0.0
 40
3.3495
 41
3.3495
 46
3.3495
 71
     4
 72
     1
  1
B
  7
Shapr0
 73
     1
 44
1.0
1001
ACAD
1000
ACAD_MTEXT_DEFINED_HEIGHT_BEGIN
1070
    46
1040
3.3495
1000
ACAD_MTEXT_DEFINED_HEIGHT_END
  0
MTEXT
  5
424
330
1F
100
AcDbEntity
  8
Border
  6
Continuous
370
    15
100
AcDbMText
 10
410.82525
 20
267.75
 30
0.0
 40
3.3495
 41
3.3495
 46
3.3495
 71
     4
 72
     1
  1
A
  7
Shapr0
 73
     1
 44
1.0
1001
ACAD
1000
ACAD_MTEXT_DEFINED_HEIGHT_BEGIN
1070
    46
1040
3.3495
1000
ACAD_MTEXT_DEFINED_HEIGHT_END
  0
LINE
  5
425
330
1F
100
AcDbEntity
  8
Border
  6
Continuous
370
    15
100
AcDbLine
 10
215.0
 20
282.0
 30
0.0
 11
215.0
 21
292.0
 31
0.0
  0
LINE
  5
426
330
1F
100
AcDbEntity
  8
Border
  6
Continuous
370
    15
100
AcDbLine
 10
165.0
 20
287.0
 30
0.0
 11
165.0
 21
292.0
 31
0.0
  0
LINE
  5
427
330
1F
100
AcDbEntity
  8
Border
  6
Continuous
370
    15
100
AcDbLine
 10
265.0
 20
287.0
 30
0.0
 11
265.0
 21
292.0
 31
0.0
  0
LINE
  5
428
330
1F
100
AcDbEntity
  8
Border
  6
Continuous
370
    15
100
AcDbLine
 10
115.0
 20
287.0
 30
0.0
 11
115.0
 21
292.0
 31
0.0
  0
LINE
  5
429
330
1F
100
AcDbEntity
  8
Border
  6
Continuous
370
    15
100
AcDbLine
 10
315.0
 20
287.0
 30
0.0
 11
315.0
 21
292.0
 31
0.0
  0
LINE
  5
42A
330
1F
100
AcDbEntity
  8
Border
  6
Continuous
370
    15
100
AcDbLine
 10
65.0
 20
287.0
 30
0.0
 11
65.0
 21
292.0
 31
0.0
  0
LINE
  5
42B
330
1F
100
AcDbEntity
  8
Border
  6
Continuous
370
    15
100
AcDbLine
 10
365.0
 20
287.0
 30
0.0
 11
365.0
 21
292.0
 31
0.0
  0
MTEXT
  5
42C
330
1F
100
AcDbEntity
  8
Border
  6
Continuous
370
    15
100
AcDbMText
 10
387.5
 20
287.82525
 30
0.0
 40
3.3495
 41
3.3495
 46
3.3495
 71
     8
 72
     1
  1
8
  7
Shapr0
 73
     1
 44
1.0
1001
ACAD
1000
ACAD_MTEXT_DEFINED_HEIGHT_BEGIN
1070
    46
1040
3.3495
1000
ACAD_MTEXT_DEFINED_HEIGHT_END
  0
MTEXT
  5
42D
330
1F
100
AcDbEntity
  8
Border
  6
Continuous
370
    15
100
AcDbMText
 10
340.0
 20
287.82525
 30
0.0
 40
3.3495
 41
3.3495
 46
3.3495
 71
     8
 72
     1
  1
7
  7
Shapr0
 73
     1
 44
1.0
1001
ACAD
1000
ACAD_MTEXT_DEFINED_HEIGHT_BEGIN
1070
    46
1040
3.3495
1000
ACAD_MTEXT_DEFINED_HEIGHT_END
  0
MTEXT
  5
42E
330
1F
100
AcDbEntity
  8
Border
  6
Continuous
370
    15
100
AcDbMText
 10
290.0
 20
287.82525
 30
0.0
 40
3.3495
 41
3.3495
 46
3.3495
 71
     8
 72
     1
  1
6
  7
Shapr0
 73
     1
 44
1.0
1001
ACAD
1000
ACAD_MTEXT_DEFINED_HEIGHT_BEGIN
1070
    46
1040
3.3495
1000
ACAD_MTEXT_DEFINED_HEIGHT_END
  0
MTEXT
  5
42F
330
1F
100
AcDbEntity
  8
Border
  6
Continuous
370
    15
100
AcDbMText
 10
240.0
 20
287.82525
 30
0.0
 40
3.3495
 41
3.3495
 46
3.3495
 71
     8
 72
     1
  1
5
  7
Shapr0
 73
     1
 44
1.0
1001
ACAD
1000
ACAD_MTEXT_DEFINED_HEIGHT_BEGIN
1070
    46
1040
3.3495
1000
ACAD_MTEXT_DEFINED_HEIGHT_END
  0
MTEXT
  5
430
330
1F
100
AcDbEntity
  8
Border
  6
Continuous
370
    15
100
AcDbMText
 10
190.0
 20
287.82525
 30
0.0
 40
3.3495
 41
3.3495
 46
3.3495
 71
     8
 72
     1
  1
4
  7
Shapr0
 73
     1
 44
1.0
1001
ACAD
1000
ACAD_MTEXT_DEFINED_HEIGHT_BEGIN
1070
    46
1040
3.3495
1000
ACAD_MTEXT_DEFINED_HEIGHT_END
  0
MTEXT
  5
431
330
1F
100
AcDbEntity
  8
Border
  6
Continuous
370
    15
100
AcDbMText
 10
140.0
 20
287.82525
 30
0.0
 40
3.3495
 41
3.3495
 46
3.3495
 71
     8
 72
     1
  1
3
  7
Shapr0
 73
     1
 44
1.0
1001
ACAD
1000
ACAD_MTEXT_DEFINED_HEIGHT_BEGIN
1070
    46
1040
3.3495
1000
ACAD_MTEXT_DEFINED_HEIGHT_END
  0
MTEXT
  5
432
330
1F
100
AcDbEntity
  8
Border
  6
Continuous
370
    15
100
AcDbMText
 10
90.0
 20
287.82525
 30
0.0
 40
3.3495
 41
3.3495
 46
3.3495
 71
     8
 72
     1
  1
2
  7
Shapr0
 73
     1
 44
1.0
1001
ACAD
1000
ACAD_MTEXT_DEFINED_HEIGHT_BEGIN
1070
    46
1040
3.3495
1000
ACAD_MTEXT_DEFINED_HEIGHT_END
  0
MTEXT
  5
433
330
1F
100
AcDbEntity
  8
Border
  6
Continuous
370
    15
100
AcDbMText
 10
42.5
 20
287.82525
 30
0.0
 40
3.3495
 41
3.3495
 46
3.3495
 71
     8
 72
     1
  1
1
  7
Shapr0
 73
     1
 44
1.0
1001
ACAD
1000
ACAD_MTEXT_DEFINED_HEIGHT_BEGIN
1070
    46
1040
3.3495
1000
ACAD_MTEXT_DEFINED_HEIGHT_END
  0
LINE
  5
434
330
1F
100
AcDbEntity
  8
Border
  6
Continuous
370
    15
100
AcDbLine
 10
25.0
 20
148.5
 30
0.0
 11
15.0
 21
148.5
 31
0.0
  0
LINE
  5
435
330
1F
100
AcDbEntity
  8
Border
  6
Continuous
370
    15
100
AcDbLine
 10
20.0
 20
98.5
 30
0.0
 11
15.0
 21
98.5
 31
0.0
  0
LINE
  5
436
330
1F
100
AcDbEntity
  8
Border
  6
Continuous
370
    15
100
AcDbLine
 10
20.0
 20
198.5
 30
0.0
 11
15.0
 21
198.5
 31
0.0
  0
LINE
  5
437
330
1F
100
AcDbEntity
  8
Border
  6
Continuous
370
    15
100
AcDbLine
 10
20.0
 20
48.5
 30
0.0
 11
15.0
 21
48.5
 31
0.0
  0
LINE
  5
438
330
1F
100
AcDbEntity
  8
Border
  6
Continuous
370
    15
100
AcDbLine
 10
20.0
 20
248.5
 30
0.0
 11
15.0
 21
248.5
 31
0.0
  0
MTEXT
  5
439
330
1F
100
AcDbEntity
  8
Border
  6
Continuous
370
    15
100
AcDbMText
 10
19.17475
 20
267.75
 30
0.0
 40
3.3495
 41
3.3495
 46
3.3495
 71
     6
 72
     1
  1
A
  7
Shapr0
 73
     1
 44
1.0
1001
ACAD
1000
ACAD_MTEXT_DEFINED_HEIGHT_BEGIN
1070
    46
1040
3.3495
1000
ACAD_MTEXT_DEFINED_HEIGHT_END
  0
MTEXT
  5
43A
330
1F
100
AcDbEntity
  8
Border
  6
Continuous
370
    15
100
AcDbMText
 10
19.17475
 20
223.5
 30
0.0
 40
3.3495
 41
3.3495
 46
3.3495
 71
     6
 72
     1
  1
B
  7
Shapr0
 73
     1
 44
1.0
1001
ACAD
1000
ACAD_MTEXT_DEFINED_HEIGHT_BEGIN
1070
    46
1040
3.3495
1000
ACAD_MTEXT_DEFINED_HEIGHT_END
  0
MTEXT
  5
43B
330
1F
100
AcDbEntity
  8
Border
  6
Continuous
370
    15
100
AcDbMText
 10
19.17475
 20
173.5
 30
0.0
 40
3.3495
 41
3.3495
 46
3.3495
 71
     6
 72
     1
  1
C
  7
Shapr0
 73
     1
 44
1.0
1001
ACAD
1000
ACAD_MTEXT_DEFINED_HEIGHT_BEGIN
1070
    46
1040
3.3495
1000
ACAD_MTEXT_DEFINED_HEIGHT_END
  0
MTEXT
  5
43C
330
1F
100
AcDbEntity
  8
Border
  6
Continuous
370
    15
100
AcDbMText
 10
19.17475
 20
123.5
 30
0.0
 40
3.3495
 41
3.3495
 46
3.3495
 71
     6
 72
     1
  1
D
  7
Shapr0
 73
     1
 44
1.0
1001
ACAD
1000
ACAD_MTEXT_DEFINED_HEIGHT_BEGIN
1070
    46
1040
3.3495
1000
ACAD_MTEXT_DEFINED_HEIGHT_END
  0
MTEXT
  5
43D
330
1F
100
AcDbEntity
  8
Border
  6
Continuous
370
    15
100
AcDbMText
 10
19.17475
 20
73.5
 30
0.0
 40
3.3495
 41
3.3495
 46
3.3495
 71
     6
 72
     1
  1
E
  7
Shapr0
 73
     1
 44
1.0
1001
ACAD
1000
ACAD_MTEXT_DEFINED_HEIGHT_BEGIN
1070
    46
1040
3.3495
1000
ACAD_MTEXT_DEFINED_HEIGHT_END
  0
MTEXT
  5
43E
330
1F
100
AcDbEntity
  8
Border
  6
Continuous
370
    15
100
AcDbMText
 10
19.17475
 20
29.25
 30
0.0
 40
3.3495
 41
3.3495
 46
3.3495
 71
     6
 72
     1
  1
F
  7
Shapr0
 73
     1
 44
1.0
1001
ACAD
1000
ACAD_MTEXT_DEFINED_HEIGHT_BEGIN
1070
    46
1040
3.3495
1000
ACAD_MTEXT_DEFINED_HEIGHT_END
  0
INSERT
  5
459
330
1F
100
AcDbEntity
  8
0
100
AcDbBlockReference
  2
*U30
 10
0.0
 20
0.0
 30
0.0
  0
MTEXT
  5
45A
330
1F
100
AcDbEntity
  8
Border
  6
Continuous
370
    15
100
AcDbMText
 10
360.0
 20
16.20425531914893
 30
0.0
 40
3.25
 41
0.0
 46
3.25
 71
     1
 72
     1
  1
08/30/26
  7
Shapr71
 73
     1
 44
1.0
1001
ACAD
1000
ACAD_MTEXT_DEFINED_HEIGHT_BEGIN
1070
    46
1040
3.25
1000
ACAD_MTEXT_DEFINED_HEIGHT_END
  0
MTEXT
  5
45B
330
1F
100
AcDbEntity
  8
Border
  6
Continuous
370
    15
100
AcDbMText
 10
340.0
 20
43.75
 30
0.0
 40
1.65
 41
0.0
 46
1.65
 71
     1
 72
     1
  1
TITLE
  7
Shapr2
 73
     1
 44
1.0
1001
ACAD
1000
ACAD_MTEXT_DEFINED_HEIGHT_BEGIN
1070
    46
1040
1.65
1000
ACAD_MTEXT_DEFINED_HEIGHT_END
  0
MTEXT
  5
45C
330
1F
100
AcDbEntity
  8
Border
  6
Continuous
370
    15
100
AcDbMText
 10
340.0
 20
40.05212765957447
 30
0.0
 40
3.25
 41
0.0
 46
3.25
 71
     1
 72
     1
  1
shapr3d_export_2025-10-…
  7
Shapr3
 73
     1
 44
1.0
1001
ACAD
1000
ACAD_MTEXT_DEFINED_HEIGHT_BEGIN
1070
    46
1040
3.25
1000
ACAD_MTEXT_DEFINED_HEIGHT_END
  0
MTEXT
  5
45D
330
1F
100
AcDbEntity
  8
Border
  6
Continuous
370
    15
100
AcDbMText
 10
340.0
 20
31.78276595744681
 30
0.0
 40
1.65
 41
0.0
 46
1.65
 71
     1
 72
     1
  1
UNITS
  7
Shapr4
 73
     1
 44
1.0
1001
ACAD
1000
ACAD_MTEXT_DEFINED_HEIGHT_BEGIN
1070
    46
1040
1.65
1000
ACAD_MTEXT_DEFINED_HEIGHT_END
  0
MTEXT
  5
45E
330
1F
100
AcDbEntity
  8
Border
  6
Continuous
370
    15
100
AcDbMText
 10
340.0
 20
27.9
 30
0.0
 40
3.25
 41
0.0
 46
3.25
 71
     1
 72
     1
  1
mm
  7
Shapr5
 73
     1
 44
1.0
1001
ACAD
1000
ACAD_MTEXT_DEFINED_HEIGHT_BEGIN
1070
    46
1040
3.25
1000
ACAD_MTEXT_DEFINED_HEIGHT_END
  0
MTEXT
  5
45F
330
1F
100
AcDbEntity
  8
Border
  6
Continuous
370
    15
100
AcDbMText
 10
360.0
 20
31.78276595744681
 30
0.0
 40
1.65
 41
0.0
 46
1.65
 71
     1
 72
     1
  1
PROJ. ANG.
  7
Shapr6
 73
     1
 44
1.0
1001
ACAD
1000
ACAD_MTEXT_DEFINED_HEIGHT_BEGIN
1070
    46
1040
1.65
1000
ACAD_MTEXT_DEFINED_HEIGHT_END
  0
MTEXT
  5
460
330
1F
100
AcDbEntity
  8
Border
  6
Continuous
370
    15
100
AcDbMText
 10
392.0
 20
31.78276595744681
 30
0.0
 40
1.65
 41
0.0
 46
1.65
 71
     1
 72
     1
  1
SIZE
  7
Shapr7
 73
     1
 44
1.0
1001
ACAD
1000
ACAD_MTEXT_DEFINED_HEIGHT_BEGIN
1070
    46
1040
1.65
1000
ACAD_MTEXT_DEFINED_HEIGHT_END
  0
MTEXT
  5
461
330
1F
100
AcDbEntity
  8
Border
  6
Continuous
370
    15
100
AcDbMText
 10
392.0
 20
27.9645390070922
 30
0.0
 40
3.25
 41
0.0
 46
3.25
 71
     1
 72
     1
  1
A3
  7
Shapr8
 73
     1
 44
1.0
1001
ACAD
1000
ACAD_MTEXT_DEFINED_HEIGHT_BEGIN
1070
    46
1040
3.25
1000
ACAD_MTEXT_DEFINED_HEIGHT_END
  0
MTEXT
  5
462
330
1F
100
AcDbEntity
  8
Border
  6
Continuous
370
    15
100
AcDbMText
 10
340.0
 20
19.78276595744681
 30
0.0
 40
1.65
 41
0.0
 46
1.65
 71
     1
 72
     1
  1
SCALE
  7
Shapr9
 73
     1
 44
1.0
1001
ACAD
1000
ACAD_MTEXT_DEFINED_HEIGHT_BEGIN
1070
    46
1040
1.65
1000
ACAD_MTEXT_DEFINED_HEIGHT_END
  0
MTEXT
  5
463
330
1F
100
AcDbEntity
  8
Border
  6
Continuous
370
    15
100
AcDbMText
 10
340.0
 20
15.9
 30
0.0
 40
3.25
 41
0.0
 46
3.25
 71
     1
 72
     1
  1
1:1
  7
Shapr10
 73
     1
 44
1.0
1001
ACAD
1000
ACAD_MTEXT_DEFINED_HEIGHT_BEGIN
1070
    46
1040
3.25
1000
ACAD_MTEXT_DEFINED_HEIGHT_END
  0
MTEXT
  5
464
330
1F
100
AcDbEntity
  8
Border
  6
Continuous
370
    15
100
AcDbMText
 10
360.0
 20
19.78276595744681
 30
0.0
 40
1.65
 41
0.0
 46
1.65
 71
     1
 72
     1
  1
LAST UPDATED
  7
Shapr11
 73
     1
 44
1.0
1001
ACAD
1000
ACAD_MTEXT_DEFINED_HEIGHT_BEGIN
1070
    46
1040
1.65
1000
ACAD_MTEXT_DEFINED_HEIGHT_END
  0
MTEXT
  5
465
330
1F
100
AcDbEntity
  8
Border
  6
Continuous
370
    15
100
AcDbMText
 10
392.0
 20
19.78276595744681
 30
0.0
 40
1.65
 41
0.0
 46
1.65
 71
     1
 72
     1
  1
SHEET
  7
Shapr13
 73
     1
 44
1.0
1001
ACAD
1000
ACAD_MTEXT_DEFINED_HEIGHT_BEGIN
1070
    46
1040
1.65
1000
ACAD_MTEXT_DEFINED_HEIGHT_END
  0
MTEXT
  5
466
330
1F
100
AcDbEntity
  8
Border
  6
Continuous
370
    15
100
AcDbMText
 10
392.0
 20
16.20425531914893
 30
0.0
 40
3.25
 41
0.0
 46
3.25
 71
     1
 72
     1
  1
1/1
  7
Shapr14
 73
     1
 44
1.0
1001
ACAD
1000
ACAD_MTEXT_DEFINED_HEIGHT_BEGIN
1070
    46
1040
3.25
1000
ACAD_MTEXT_DEFINED_HEIGHT_END
  0
VIEWPORT
  5
B2
330
AE
100
AcDbEntity
 67
     1
  8
0
100
AcDbViewport
 10
210.0
 20
148.5
 30
0.0
 40
420.0
 41
297.0
 68
     1
 69
     1
 12
210.0
 22
148.5
 13
0.0
 23
0.0
 14
10.0
 24
10.0
 15
10.0
 25
10.0
 16
0.0
 26
0.0
 36
1.0
 17
0.0
 27
0.0
 37
0.0
 42
50.0
 43
0.0
 44
0.0
 45
297.0
 50
0.0
 51
0.0
 72
   100
 90
   557152
  1

281
     0
 71
     1
 74
     0
110
0.0
120
0.0
130
0.0
111
1.0
121
0.0
131
0.0
112
0.0
122
1.0
132
0.0
 79
     0
146
0.0
170
     0
 61
     5
348
2F
292
     1
282
     1
141
0.0
142
0.0
 63
   256
361
B3
  0
VIEWPORT
  5
B4
330
AE
100
AcDbEntity
 67
     1
  8
0
100
AcDbViewport
 10
210.0
 20
148.5
 30
0.0
 40
420.0
 41
297.0
 68
     2
 69
     2
 12
210.0
 22
148.5
 13
0.0
 23
0.0
 14
10.0
 24
10.0
 15
10.0
 25
10.0
 16
0.0
 26
0.0
 36
1.0
 17
0.0
 27
0.0
 37
0.0
 42
50.0
 43
0.0
 44
0.0
 45
297.0
 50
0.0
 51
0.0
 72
   100
 90
   557152
  1

281
     0
 71
     1
 74
     0
110
0.0
120
0.0
130
0.0
111
1.0
121
0.0
131
0.0
112
0.0
122
1.0
132
0.0
 79
     0
146
0.0
170
     0
 61
     5
348
2F
292
     1
282
     1
141
0.0
142
0.0
 63
   256
361
B5
  0
ENDSEC
  0
SECTION
  2
OBJECTS
  0
DICTIONARY
  5
C
330
0
100
AcDbDictionary
281
     1
  3
ACAD_DETAILVIEWSTYLE
350
49E
  3
ACAD_GROUP
350
D
  3
ACAD_LAYOUT
350
1A
  3
ACAD_MATERIAL
350
43
  3
ACAD_MLEADERSTYLE
350
5B
  3
ACAD_MLINESTYLE
350
17
  3
ACAD_PLOTSETTINGS
350
19
  3
ACAD_PLOTSTYLENAME
350
E
  3
ACAD_SCALELIST
350
47
  3
ACAD_SECTIONVIEWSTYLE
350
49F
  3
ACAD_TABLESTYLE
350
59
  3
ACAD_VISUALSTYLE
350
2A
  3
AcDbVariableDictionary
350
467
  3
ACDB_RECOMPOSE_DATA
350
49B
  0
SUN
  5
5D
330
29
100
AcDbSun
 90
        1
290
     0
 63
     7
421
 16777215
 40
1.0
291
     1
 91
  2455826
 92
 54000000
292
     0
 70
     2
 71
   256
280
     1
  0
SUN
  5
B3
330
B2
100
AcDbSun
 90
        1
290
     0
 63
     7
421
 16777215
 40
1.0
291
     1
 91
  2455826
 92
 54000000
292
     0
 70
     2
 71
   256
280
     1
  0
SUN
  5
B5
330
B4
100
AcDbSun
 90
        1
290
     0
 63
     7
421
 16777215
 40
1.0
291
     1
 91
  2455826
 92
 54000000
292
     0
 70
     2
 71
   256
280
     1
  0
DICTIONARY
  5
49E
102
{ACAD_REACTORS
330
C
102
}
330
C
100
AcDbDictionary
281
     1
  0
DICTIONARY
  5
D
102
{ACAD_REACTORS
330
C
102
}
330
C
100
AcDbDictionary
281
     1
  0
DICTIONARY
  5
1A
102
{ACAD_REACTORS
330
C
102
}
330
C
100
AcDbDictionary
281
     1
  3
Layout1
350
1E
  3
Layout2
350
26
  3
Model
350
22
  3
Sheet
350
AF
  0
DICTIONARY
  5
43
102
{ACAD_REACTORS
330
C
102
}
330
C
100
AcDbDictionary
281
     1
  3
ByBlock
350
45
  3
ByLayer
350
44
  3
Global
350
46
  0
DICTIONARY
  5
5B
102
{ACAD_REACTORS
330
C
102
}
330
C
100
AcDbDictionary
281
     1
  3
Standard
350
5C
  0
DICTIONARY
  5
17
102
{ACAD_REACTORS
330
C
102
}
330
C
100
AcDbDictionary
281
     1
  3
Standard
350
18
  0
DICTIONARY
  5
19
102
{ACAD_REACTORS
330
C
102
}
330
C
100
AcDbDictionary
281
     1
  0
ACDBDICTIONARYWDFLT
  5
E
102
{ACAD_REACTORS
330
C
102
}
330
C
100
AcDbDictionary
281
     1
  3
Normal
350
F
100
AcDbDictionaryWithDefault
340
F
  0
DICTIONARY
  5
47
102
{ACAD_REACTORS
330
C
102
}
330
C
100
AcDbDictionary
281
     1
  3
A0
350
48
  3
A1
350
49
  3
A2
350
4A
  3
A3
350
4B
  3
A4
350
4C
  3
A5
350
4D
  3
A6
350
4E
  3
A7
350
4F
  3
A8
350
50
  3
A9
350
51
  3
B0
350
52
  3
B1
350
53
  3
B2
350
54
  3
B3
350
55
  3
B4
350
56
  3
B5
350
57
  3
B6
350
58
  0
DICTIONARY
  5
49F
102
{ACAD_REACTORS
330
C
102
}
330
C
100
AcDbDictionary
281
     1
  0
DICTIONARY
  5
59
102
{ACAD_REACTORS
330
C
102
}
330
C
100
AcDbDictionary
281
     1
  3
Standard
350
5A
  0
DICTIONARY
  5
2A
102
{ACAD_REACTORS
330
C
102
}
330
C
100
AcDbDictionary
281
     1
  3
2dWireframe
350
2F
  3
Basic
350
32
  3
Brighten
350
36
  3
ColorChange
350
3A
  3
Conceptual
350
34
  3
Dim
350
35
  3
EdgeColorOff
350
3D
  3
Facepattern
350
39
  3
Flat
350
2B
  3
FlatWithEdges
350
2C
  3
Gouraud
350
2D
  3
GouraudWithEdges
350
2E
  3
Hidden
350
31
  3
JitterOff
350
3B
  3
Linepattern
350
38
  3
OverhangOff
350
3C
  3
Realistic
350
33
  3
Shaded
350
42
  3
Shaded with edges
350
41
  3
Shades of Gray
350
3E
  3
Sketchy
350
3F
  3
Thicken
350
37
  3
Wireframe
350
30
  3
X-Ray
350
40
  0
DICTIONARY
  5
467
102
{ACAD_REACTORS
330
C
102
}
330
C
100
AcDbDictionary
281
     1
  3
CANNOSCALE
350
468
  3
CENTEREXE
350
4A0
  3
CENTERLTYPEFILE
350
4A1
  3
CMLEADERSTYLE
350
49D
  3
CTABLESTYLE
350
49C
  0
XRECORD
  5
49B
102
{ACAD_REACTORS
330
C
102
}
330
C
100
AcDbXrecord
280
     1
 90
        1
330
5A
  0
LAYOUT
  5
1E
102
{ACAD_REACTORS
330
1A
102
}
330
1A
100
AcDbPlotSettings
  1

  2
none_device
  4

  6

 40
0.0
 41
0.0
 42
0.0
 43
0.0
 44
0.0
 45
0.0
 46
0.0
 47
0.0
 48
0.0
 49
0.0
140
0.0
141
0.0
142
1.0
143
1.0
 70
   688
 72
     1
 73
     0
 74
     5
  7

 75
    16
 76
     0
 77
     2
 78
   300
147
1.0
148
0.0
149
0.0
100
AcDbLayout
  1
Layout1
 70
     1
 71
     1
 10
0.0
 20
0.0
 11
420.0
 21
297.0
 12
0.0
 22
0.0
 32
0.0
 14
1.000000000000000E+20
 24
1.000000000000000E+20
 34
1.000000000000000E+20
 15
-1.000000000000000E+20
 25
-1.000000000000000E+20
 35
-1.000000000000000E+20
146
0.0
 13
0.0
 23
0.0
 33
0.0
 16
1.0
 26
0.0
 36
0.0
 17
0.0
 27
1.0
 37
0.0
 76
     0
330
1B
  0
LAYOUT
  5
26
102
{ACAD_REACTORS
330
1A
102
}
330
1A
100
AcDbPlotSettings
  1

  2
none_device
  4

  6

 40
0.0
 41
0.0
 42
0.0
 43
0.0
 44
0.0
 45
0.0
 46
0.0
 47
0.0
 48
0.0
 49
0.0
140
0.0
141
0.0
142
1.0
143
1.0
 70
   688
 72
     1
 73
     0
 74
     5
  7

 75
    16
 76
     0
 77
     2
 78
   300
147
1.0
148
0.0
149
0.0
100
AcDbLayout
  1
Layout2
 70
     1
 71
     2
 10
0.0
 20
0.0
 11
0.0
 21
0.0
 12
0.0
 22
0.0
 32
0.0
 14
0.0
 24
0.0
 34
0.0
 15
0.0
 25
0.0
 35
0.0
146
0.0
 13
0.0
 23
0.0
 33
0.0
 16
1.0
 26
0.0
 36
0.0
 17
0.0
 27
1.0
 37
0.0
 76
     0
330
23
  0
LAYOUT
  5
22
102
{ACAD_REACTORS
330
1A
102
}
330
1A
100
AcDbPlotSettings
  1

  2
none_device
  4
Letter_(8.50_x_11.00_Inches)
  6

 40
6.35
 41
6.35
 42
6.35000508
 43
6.35000508
 44
215.9
 45
279.4
 46
0.0
 47
0.0
 48
0.0
 49
0.0
140
0.0
141
0.0
142
1.0
143
1.0
 70
  1712
 72
     1
 73
     0
 74
     0
  7

 75
     0
 76
     0
 77
     2
 78
   300
147
1.0
148
0.0
149
0.0
100
AcDbLayout
  1
Model
 70
     1
 71
     0
 10
0.0
 20
0.0
 11
420.0
 21
297.0
 12
0.0
 22
0.0
 32
0.0
 14
1.000000000000000E+20
 24
1.000000000000000E+20
 34
1.000000000000000E+20
 15
-1.000000000000000E+20
 25
-1.000000000000000E+20
 35
-1.000000000000000E+20
146
0.0
 13
0.0
 23
0.0
 33
0.0
 16
1.0
 26
0.0
 36
0.0
 17
0.0
 27
1.0
 37
0.0
 76
     0
330
1F
331
29
  0
LAYOUT
  5
AF
102
{ACAD_REACTORS
330
1A
102
}
330
1A
100
AcDbPlotSettings
  1

  2
Custom Device
  4
CustomPaper_420.000000x297.000000mm
  6

 40
0.0
 41
0.0
 42
0.0
 43
0.0
 44
297.0
 45
420.0
 46
0.0
 47
0.0
 48
0.0
 49
0.0
140
0.0
141
0.0
142
1.0
143
1.0
 70
   672
 72
     1
 73
     1
 74
     5
  7

 75
    16
 76
     0
 77
     2
 78
   300
147
1.0
148
0.0
149
0.0
100
AcDbLayout
  1
Sheet
 70
     1
 71
     3
 10
-20.0
 20
-7.5
 11
277.0
 21
202.5
 12
0.0
 22
0.0
 32
0.0
 14
0.0
 24
0.0
 34
0.0
 15
0.0
 25
0.0
 35
0.0
146
0.0
 13
0.0
 23
0.0
 33
0.0
 16
1.0
 26
0.0
 36
0.0
 17
0.0
 27
1.0
 37
0.0
 76
     0
330
AE
331
B2
  0
MATERIAL
  5
45
102
{ACAD_REACTORS
330
43
102
}
330
43
100
AcDbMaterial
  1
ByBlock
 72
     1
 94
      127
  0
MATERIAL
  5
44
102
{ACAD_REACTORS
330
43
102
}
330
43
100
AcDbMaterial
  1
ByLayer
 72
     1
 94
      127
  0
MATERIAL
  5
46
102
{ACAD_REACTORS
330
43
102
}
330
43
100
AcDbMaterial
  1
Global
 72
     1
 94
      127
  0
MLEADERSTYLE
  5
5C
102
{ACAD_REACTORS
330
5B
102
}
330
5B
100
AcDbMLeaderStyle
179
     2
170
     2
171
     1
172
     0
 90
        2
 40
0.0
 41
0.0
173
     1
 91
-1056964608
340
14
 92
       -2
290
     1
 42
2.0
291
     1
 43
8.0
  3
Standard
341
0
 44
4.0
300

342
11
174
     1
178
     6
175
     1
176
     0
 93
-1056964608
 45
4.0
292
     0
297
     0
 46
4.0
343
0
 94
-1056964608
 47
1.0
 49
1.0
140
1.0
293
     1
141
0.0
294
     1
177
     0
142
1.0
295
     0
296
     0
143
3.75
271
     0
272
     9
273
     9
  0
MLINESTYLE
  5
18
102
{ACAD_REACTORS
330
17
102
}
330
17
100
AcDbMlineStyle
  2
Standard
 70
     0
  3

 62
   256
 51
90.0
 52
90.0
 71
     2
 49
0.5
 62
   256
  6
BYLAYER
 49
-0.5
 62
   256
  6
BYLAYER
  0
ACDBPLACEHOLDER
  5
F
102
{ACAD_REACTORS
330
E
102
}
330
E
  0
SCALE
  5
48
102
{ACAD_REACTORS
330
47
102
}
330
47
100
AcDbScale
 70
     0
300
1:1
140
1.0
141
1.0
290
     1
  0
SCALE
  5
49
102
{ACAD_REACTORS
330
47
102
}
330
47
100
AcDbScale
 70
     0
300
1:2
140
1.0
141
2.0
290
     0
  0
SCALE
  5
4A
102
{ACAD_REACTORS
330
47
102
}
330
47
100
AcDbScale
 70
     0
300
1:4
140
1.0
141
4.0
290
     0
  0
SCALE
  5
4B
102
{ACAD_REACTORS
330
47
102
}
330
47
100
AcDbScale
 70
     0
300
1:5
140
1.0
141
5.0
290
     0
  0
SCALE
  5
4C
102
{ACAD_REACTORS
330
47
102
}
330
47
100
AcDbScale
 70
     0
300
1:8
140
1.0
141
8.0
290
     0
  0
SCALE
  5
4D
102
{ACAD_REACTORS
330
47
102
}
330
47
100
AcDbScale
 70
     0
300
1:10
140
1.0
141
10.0
290
     0
  0
SCALE
  5
4E
102
{ACAD_REACTORS
330
47
102
}
330
47
100
AcDbScale
 70
     0
300
1:16
140
1.0
141
16.0
290
     0
  0
SCALE
  5
4F
102
{ACAD_REACTORS
330
47
102
}
330
47
100
AcDbScale
 70
     0
300
1:20
140
1.0
141
20.0
290
     0
  0
SCALE
  5
50
102
{ACAD_REACTORS
330
47
102
}
330
47
100
AcDbScale
 70
     0
300
1:30
140
1.0
141
30.0
290
     0
  0
SCALE
  5
51
102
{ACAD_REACTORS
330
47
102
}
330
47
100
AcDbScale
 70
     0
300
1:40
140
1.0
141
40.0
290
     0
  0
SCALE
  5
52
102
{ACAD_REACTORS
330
47
102
}
330
47
100
AcDbScale
 70
     0
300
1:50
140
1.0
141
50.0
290
     0
  0
SCALE
  5
53
102
{ACAD_REACTORS
330
47
102
}
330
47
100
AcDbScale
 70
     0
300
1:100
140
1.0
141
100.0
290
     0
  0
SCALE
  5
54
102
{ACAD_REACTORS
330
47
102
}
330
47
100
AcDbScale
 70
     0
300
2:1
140
2.0
141
1.0
290
     0
  0
SCALE
  5
55
102
{ACAD_REACTORS
330
47
102
}
330
47
100
AcDbScale
 70
     0
300
4:1
140
4.0
141
1.0
290
     0
  0
SCALE
  5
56
102
{ACAD_REACTORS
330
47
102
}
330
47
100
AcDbScale
 70
     0
300
8:1
140
8.0
141
1.0
290
     0
  0
SCALE
  5
57
102
{ACAD_REACTORS
330
47
102
}
330
47
100
AcDbScale
 70
     0
300
10:1
140
10.0
141
1.0
290
     0
  0
SCALE
  5
58
102
{ACAD_REACTORS
330
47
102
}
330
47
100
AcDbScale
 70
     0
300
100:1
140
100.0
141
1.0
290
     0
  0
TABLESTYLE
  5
5A
102
{ACAD_REACTORS
330
59
102
}
102
{ACAD_XDICTIONARY
360
499
102
}
330
59
100
AcDbTableStyle
  3
Standard
 70
     0
 71
     0
 40
0.06
 41
0.06
280
     0
281
     0
  7
Standard
140
4.5
170
     2
 62
     0
 63
   257
283
     0
 90
        4
 91
        0
  1

274
    -2
284
     1
 64
     0
275
    -2
285
     1
 65
     0
276
    -2
286
     1
 66
     0
277
    -2
287
     1
 67
     0
278
    -2
288
     1
 68
     0
279
    -2
289
     1
 69
     0
  7
Standard
140
6.0
170
     5
 62
     0
 63
   257
283
     0
 90
        4
 91
        0
  1

274
    -2
284
     1
 64
     0
275
    -2
285
     1
 65
     0
276
    -2
286
     1
 66
     0
277
    -2
287
     1
 67
     0
278
    -2
288
     1
 68
     0
279
    -2
289
     1
 69
     0
  7
Standard
140
4.5
170
     5
 62
     0
 63
   257
283
     0
 90
        4
 91
        0
  1

274
    -2
284
     1
 64
     0
275
    -2
285
     1
 65
     0
276
    -2
286
     1
 66
     0
277
    -2
287
     1
 67
     0
278
    -2
288
     1
 68
     0
279
    -2
289
     1
 69
     0
  0
VISUALSTYLE
  5
2F
102
{ACAD_REACTORS
330
2A
102
}
102
{ACAD_XDICTIONARY
360
471
102
}
330
2A
100
AcDbVisualStyle
  2
2dWireframe
 70
     4
177
     2
291
     0
 71
     0
176
     1
 72
     2
176
     1
 73
     0
176
     1
 90
        0
176
     1
 40
0.6
176
     1
 41
30.0
176
     1
 62
     5
 63
     7
421
 16777215
176
     1
 74
     1
176
     1
 91
        4
176
     1
 64
     7
176
     1
 65
   257
176
     1
 75
     1
176
     1
175
     1
176
     1
 42
1.0
176
     1
 92
        0
176
     1
 66
   257
176
     1
 43
1.0
176
     1
 76
     1
176
     1
 77
     6
176
     1
 78
     2
176
     1
 67
     7
176
     1
 79
     5
176
     1
170
     0
176
     1
171
     0
176
     1
290
     0
176
     1
 93
        1
176
     1
 44
0.0
176
     1
173
     0
176
     1
  0
VISUALSTYLE
  5
32
102
{ACAD_REACTORS
330
2A
102
}
102
{ACAD_XDICTIONARY
360
477
102
}
330
2A
100
AcDbVisualStyle
  2
Basic
 70
     7
177
     2
291
     1
 71
     1
176
     1
 72
     0
176
     1
 73
     1
176
     1
 90
        0
176
     1
 40
0.6
176
     1
 41
30.0
176
     1
 62
     5
 63
     7
421
 16777215
176
     1
 74
     0
176
     1
 91
        4
176
     1
 64
     7
176
     1
 65
   257
176
     1
 75
     1
176
     1
175
     1
176
     1
 42
1.0
176
     1
 92
        8
176
     1
 66
     7
176
     1
 43
1.0
176
     1
 76
     1
176
     1
 77
     6
176
     1
 78
     2
176
     1
 67
     7
176
     1
 79
     5
176
     1
170
     0
176
     1
171
     0
176
     1
290
     0
176
     1
 93
        1
176
     1
 44
0.0
176
     1
173
     0
176
     1
  0
VISUALSTYLE
  5
36
102
{ACAD_REACTORS
330
2A
102
}
102
{ACAD_XDICTIONARY
360
47F
102
}
330
2A
100
AcDbVisualStyle
  2
Brighten
 70
    12
177
     2
291
     1
 71
     2
176
     1
 72
     2
176
     1
 73
     0
176
     1
 90
        0
176
     1
 40
0.6
176
     1
 41
30.0
176
     1
 62
     5
 63
     7
421
 16777215
176
     1
 74
     1
176
     1
 91
        4
176
     1
 64
     7
176
     1
 65
   257
176
     1
 75
     1
176
     1
175
     1
176
     1
 42
1.0
176
     1
 92
        8
176
     1
 66
     7
176
     1
 43
1.0
176
     1
 76
     1
176
     1
 77
     6
176
     1
 78
     2
176
     1
 67
     7
176
     1
 79
     5
176
     1
170
     0
176
     1
171
     0
176
     1
290
     0
176
     1
 93
        1
176
     1
 44
50.0
176
     1
173
     0
176
     1
  0
VISUALSTYLE
  5
3A
102
{ACAD_REACTORS
330
2A
102
}
102
{ACAD_XDICTIONARY
360
487
102
}
330
2A
100
AcDbVisualStyle
  2
ColorChange
 70
    16
177
     2
291
     1
 71
     2
176
     1
 72
     2
176
     1
 73
     3
176
     1
 90
        0
176
     1
 40
0.6
176
     1
 41
30.0
176
     1
 62
     5
 63
     8
421
  8421504
176
     1
 74
     1
176
     1
 91
        4
176
     1
 64
     7
176
     1
 65
   257
176
     1
 75
     1
176
     1
175
     1
176
     1
 42
1.0
176
     1
 92
        8
176
     1
 66
     8
424
  8421504
176
     1
 43
1.0
176
     1
 76
     1
176
     1
 77
     6
176
     1
 78
     2
176
     1
 67
     7
176
     1
 79
     5
176
     1
170
     0
176
     1
171
     0
176
     1
290
     0
176
     1
 93
        1
176
     1
 44
0.0
176
     1
173
     0
176
     1
  0
VISUALSTYLE
  5
34
102
{ACAD_REACTORS
330
2A
102
}
102
{ACAD_XDICTIONARY
360
47B
102
}
330
2A
100
AcDbVisualStyle
  2
Conceptual
 70
     9
177
     2
291
     0
 71
     3
176
     1
 72
     2
176
     1
 73
     0
176
     1
 90
        0
176
     1
 40
0.6
176
     1
 41
30.0
176
     1
 62
     5
 63
     7
421
 16777215
176
     1
 74
     2
176
     1
 91
        2
176
     1
 64
     7
176
     1
 65
   257
176
     1
 75
     1
176
     1
175
     1
176
     1
 42
179.0
176
     1
 92
        8
176
     1
 66
     7
176
     1
 43
1.0
176
     1
 76
     1
176
     1
 77
     6
176
     1
 78
     2
176
     1
 67
     7
176
     1
 79
     3
176
     1
170
     0
176
     1
171
     0
176
     1
290
     0
176
     1
 93
        1
176
     1
 44
0.0
176
     1
173
     0
176
     1
  0
VISUALSTYLE
  5
35
102
{ACAD_REACTORS
330
2A
102
}
102
{ACAD_XDICTIONARY
360
47D
102
}
330
2A
100
AcDbVisualStyle
  2
Dim
 70
    11
177
     2
291
     1
 71
     2
176
     1
 72
     2
176
     1
 73
     0
176
     1
 90
        0
176
     1
 40
0.6
176
     1
 41
30.0
176
     1
 62
     5
 63
     7
421
 16777215
176
     1
 74
     1
176
     1
 91
        4
176
     1
 64
     7
176
     1
 65
   257
176
     1
 75
     1
176
     1
175
     1
176
     1
 42
1.0
176
     1
 92
        8
176
     1
 66
     7
176
     1
 43
1.0
176
     1
 76
     1
176
     1
 77
     6
176
     1
 78
     2
176
     1
 67
     7
176
     1
 79
     5
176
     1
170
     0
176
     1
171
     0
176
     1
290
     0
176
     1
 93
        1
176
     1
 44
-50.0
176
     1
173
     0
176
     1
  0
VISUALSTYLE
  5
3D
102
{ACAD_REACTORS
330
2A
102
}
102
{ACAD_XDICTIONARY
360
48D
102
}
330
2A
100
AcDbVisualStyle
  2
EdgeColorOff
 70
    22
177
     2
291
     1
 71
     2
176
     0
 72
     2
176
     0
 73
     0
176
     0
 90
        0
176
     0
 40
0.6
176
     0
 41
30.0
176
     0
 62
     5
 63
     7
421
 16777215
176
     0
 74
     1
176
     0
 91
        4
176
     0
 64
     7
176
     0
 65
   257
176
     0
 75
     1
176
     0
175
     1
176
     0
 42
1.0
176
     0
 92
        8
176
     2
 66
     7
176
     0
 43
1.0
176
     0
 76
     1
176
     0
 77
     6
176
     0
 78
     2
176
     0
 67
     7
176
     0
 79
     5
176
     0
170
     0
176
     0
171
     0
176
     0
290
     0
176
     0
 93
        1
176
     0
 44
0.0
176
     0
173
     0
176
     0
  0
VISUALSTYLE
  5
39
102
{ACAD_REACTORS
330
2A
102
}
102
{ACAD_XDICTIONARY
360
485
102
}
330
2A
100
AcDbVisualStyle
  2
Facepattern
 70
    15
177
     2
291
     1
 71
     2
176
     1
 72
     2
176
     1
 73
     0
176
     1
 90
        0
176
     1
 40
0.6
176
     1
 41
30.0
176
     1
 62
     5
 63
     7
421
 16777215
176
     1
 74
     1
176
     1
 91
        4
176
     1
 64
     7
176
     1
 65
   257
176
     1
 75
     1
176
     1
175
     1
176
     1
 42
1.0
176
     1
 92
        8
176
     1
 66
     7
176
     1
 43
1.0
176
     1
 76
     1
176
     1
 77
     6
176
     1
 78
     2
176
     1
 67
     7
176
     1
 79
     5
176
     1
170
     0
176
     1
171
     0
176
     1
290
     0
176
     1
 93
        1
176
     1
 44
0.0
176
     1
173
     0
176
     1
  0
VISUALSTYLE
  5
2B
102
{ACAD_REACTORS
330
2A
102
}
102
{ACAD_XDICTIONARY
360
469
102
}
330
2A
100
AcDbVisualStyle
  2
Flat
 70
     0
177
     2
291
     1
 71
     2
176
     1
 72
     1
176
     1
 73
     1
176
     1
 90
        2
176
     1
 40
0.6
176
     1
 41
30.0
176
     1
 62
     5
 63
     7
421
 16777215
176
     1
 74
     0
176
     1
 91
        0
176
     1
 64
     7
176
     1
 65
   257
176
     1
 75
     1
176
     1
175
     1
176
     1
 42
1.0
176
     1
 92
        8
176
     1
 66
     7
176
     1
 43
1.0
176
     1
 76
     1
176
     1
 77
     6
176
     1
 78
     2
176
     1
 67
     7
176
     1
 79
     5
176
     1
170
     0
176
     1
171
     0
176
     1
290
     0
176
     1
 93
       13
176
     1
 44
0.0
176
     1
173
     0
176
     1
  0
VISUALSTYLE
  5
2C
102
{ACAD_REACTORS
330
2A
102
}
102
{ACAD_XDICTIONARY
360
46B
102
}
330
2A
100
AcDbVisualStyle
  2
FlatWithEdges
 70
     1
177
     2
291
     1
 71
     2
176
     1
 72
     1
176
     1
 73
     1
176
     1
 90
        2
176
     1
 40
0.6
176
     1
 41
30.0
176
     1
 62
     5
 63
     7
421
 16777215
176
     1
 74
     1
176
     1
 91
        0
176
     1
 64
     7
176
     1
 65
   257
176
     1
 75
     1
176
     1
175
     1
176
     1
 42
1.0
176
     1
 92
        0
176
     1
 66
   257
176
     1
 43
1.0
176
     1
 76
     1
176
     1
 77
     6
176
     1
 78
     2
176
     1
 67
     7
176
     1
 79
     5
176
     1
170
     0
176
     1
171
     0
176
     1
290
     0
176
     1
 93
       13
176
     1
 44
0.0
176
     1
173
     0
176
     1
  0
VISUALSTYLE
  5
2D
102
{ACAD_REACTORS
330
2A
102
}
102
{ACAD_XDICTIONARY
360
46D
102
}
330
2A
100
AcDbVisualStyle
  2
Gouraud
 70
     2
177
     2
291
     1
 71
     2
176
     1
 72
     2
176
     1
 73
     1
176
     1
 90
        2
176
     1
 40
0.6
176
     1
 41
30.0
176
     1
 62
     5
 63
     7
421
 16777215
176
     1
 74
     0
176
     1
 91
        0
176
     1
 64
     7
176
     1
 65
   257
176
     1
 75
     1
176
     1
175
     1
176
     1
 42
1.0
176
     1
 92
        0
176
     1
 66
     7
176
     1
 43
1.0
176
     1
 76
     1
176
     1
 77
     6
176
     1
 78
     2
176
     1
 67
     7
176
     1
 79
     5
176
     1
170
     0
176
     1
171
     0
176
     1
290
     0
176
     1
 93
       13
176
     1
 44
0.0
176
     1
173
     0
176
     1
  0
VISUALSTYLE
  5
2E
102
{ACAD_REACTORS
330
2A
102
}
102
{ACAD_XDICTIONARY
360
46F
102
}
330
2A
100
AcDbVisualStyle
  2
GouraudWithEdges
 70
     3
177
     2
291
     1
 71
     2
176
     1
 72
     2
176
     1
 73
     1
176
     1
 90
        2
176
     1
 40
0.6
176
     1
 41
30.0
176
     1
 62
     5
 63
     7
421
 16777215
176
     1
 74
     1
176
     1
 91
        0
176
     1
 64
     7
176
     1
 65
   257
176
     1
 75
     1
176
     1
175
     1
176
     1
 42
1.0
176
     1
 92
        0
176
     1
 66
   257
176
     1
 43
1.0
176
     1
 76
     1
176
     1
 77
     6
176
     1
 78
     2
176
     1
 67
     7
176
     1
 79
     5
176
     1
170
     0
176
     1
171
     0
176
     1
290
     0
176
     1
 93
       13
176
     1
 44
0.0
176
     1
173
     0
176
     1
  0
VISUALSTYLE
  5
31
102
{ACAD_REACTORS
330
2A
102
}
102
{ACAD_XDICTIONARY
360
475
102
}
330
2A
100
AcDbVisualStyle
  2
Hidden
 70
     6
177
     2
291
     0
 71
     1
176
     1
 72
     2
176
     1
 73
     2
176
     1
 90
        0
176
     1
 40
0.6
176
     1
 41
30.0
176
     1
 62
     5
 63
     7
421
 16777215
176
     1
 74
     2
176
     1
 91
        2
176
     1
 64
     7
176
     1
 65
   257
176
     1
 75
     2
176
     1
175
     1
176
     1
 42
40.0
176
     1
 92
        0
176
     1
 66
   257
176
     1
 43
1.0
176
     1
 76
     1
176
     1
 77
     6
176
     1
 78
     2
176
     1
 67
     7
176
     1
 79
     3
176
     1
170
     0
176
     1
171
     0
176
     1
290
     0
176
     1
 93
        1
176
     1
 44
0.0
176
     1
173
     0
176
     1
  0
VISUALSTYLE
  5
3B
102
{ACAD_REACTORS
330
2A
102
}
102
{ACAD_XDICTIONARY
360
489
102
}
330
2A
100
AcDbVisualStyle
  2
JitterOff
 70
    20
177
     2
291
     1
 71
     2
176
     0
 72
     2
176
     0
 73
     0
176
     0
 90
        0
176
     0
 40
0.6
176
     0
 41
30.0
176
     0
 62
     5
 63
     7
421
 16777215
176
     0
 74
     1
176
     0
 91
        4
176
     0
 64
     7
176
     0
 65
   257
176
     0
 75
     1
176
     0
175
     1
176
     0
 42
1.0
176
     0
 92
       10
176
     2
 66
     7
176
     0
 43
1.0
176
     0
 76
     1
176
     0
 77
     6
176
     0
 78
     2
176
     0
 67
     7
176
     0
 79
     5
176
     0
170
     0
176
     0
171
     0
176
     0
290
     0
176
     0
 93
        1
176
     0
 44
0.0
176
     0
173
     0
176
     0
  0
VISUALSTYLE
  5
38
102
{ACAD_REACTORS
330
2A
102
}
102
{ACAD_XDICTIONARY
360
483
102
}
330
2A
100
AcDbVisualStyle
  2
Linepattern
 70
    14
177
     2
291
     1
 71
     2
176
     1
 72
     2
176
     1
 73
     0
176
     1
 90
        0
176
     1
 40
0.6
176
     1
 41
30.0
176
     1
 62
     5
 63
     7
421
 16777215
176
     1
 74
     1
176
     1
 91
        4
176
     1
 64
     7
176
     1
 65
   257
176
     1
 75
     7
176
     1
175
     7
176
     1
 42
1.0
176
     1
 92
        8
176
     1
 66
     7
176
     1
 43
1.0
176
     1
 76
     1
176
     1
 77
     6
176
     1
 78
     2
176
     1
 67
     7
176
     1
 79
     5
176
     1
170
     0
176
     1
171
     0
176
     1
290
     0
176
     1
 93
        1
176
     1
 44
0.0
176
     1
173
     0
176
     1
  0
VISUALSTYLE
  5
3C
102
{ACAD_REACTORS
330
2A
102
}
102
{ACAD_XDICTIONARY
360
48B
102
}
330
2A
100
AcDbVisualStyle
  2
OverhangOff
 70
    21
177
     2
291
     1
 71
     2
176
     0
 72
     2
176
     0
 73
     0
176
     0
 90
        0
176
     0
 40
0.6
176
     0
 41
30.0
176
     0
 62
     5
 63
     7
421
 16777215
176
     0
 74
     1
176
     0
 91
        4
176
     0
 64
     7
176
     0
 65
   257
176
     0
 75
     1
176
     0
175
     1
176
     0
 42
1.0
176
     0
 92
        9
176
     2
 66
     7
176
     0
 43
1.0
176
     0
 76
     1
176
     0
 77
     6
176
     0
 78
     2
176
     0
 67
     7
176
     0
 79
     5
176
     0
170
     0
176
     0
171
     0
176
     0
290
     0
176
     0
 93
        1
176
     0
 44
0.0
176
     0
173
     0
176
     0
  0
VISUALSTYLE
  5
33
102
{ACAD_REACTORS
330
2A
102
}
102
{ACAD_XDICTIONARY
360
479
102
}
330
2A
100
AcDbVisualStyle
  2
Realistic
 70
     8
177
     2
291
     0
 71
     2
176
     1
 72
     3
176
     1
 73
     0
176
     1
 90
        2
176
     1
 40
0.6
176
     1
 41
30.0
176
     1
 62
     5
 63
     7
421
 16777215
176
     1
 74
     0
176
     1
 91
        0
176
     1
 64
     7
176
     1
 65
   257
176
     1
 75
     1
176
     1
175
     1
176
     1
 42
1.0
176
     1
 92
        8
176
     1
 66
   257
176
     1
 43
1.0
176
     1
 76
     1
176
     1
 77
     6
176
     1
 78
     2
176
     1
 67
     7
176
     1
 79
     3
176
     1
170
     0
176
     1
171
     0
176
     1
290
     0
176
     1
 93
       13
176
     1
 44
0.0
176
     1
173
     0
176
     1
  0
VISUALSTYLE
  5
42
102
{ACAD_REACTORS
330
2A
102
}
102
{ACAD_XDICTIONARY
360
497
102
}
330
2A
100
AcDbVisualStyle
  2
Shaded
 70
    27
177
     2
291
     0
 71
     2
176
     1
 72
     2
176
     1
 73
     1
176
     1
 90
        2
176
     1
 40
0.6
176
     1
 41
30.0
176
     1
 62
     5
 63
     7
421
 16777215
176
     1
 74
     0
176
     1
 91
        4
176
     1
 64
     7
176
     1
 65
   257
176
     1
 75
     1
176
     1
175
     1
176
     1
 42
1.0
176
     1
 92
        8
176
     1
 66
   257
176
     1
 43
1.0
176
     1
 76
     1
176
     1
 77
     6
176
     1
 78
     2
176
     1
 67
     8
425
  7895160
176
     1
 79
     3
176
     1
170
     0
176
     1
171
     0
176
     1
290
     0
176
     1
 93
        5
176
     1
 44
0.0
176
     1
173
     0
176
     1
  0
VISUALSTYLE
  5
41
102
{ACAD_REACTORS
330
2A
102
}
102
{ACAD_XDICTIONARY
360
495
102
}
330
2A
100
AcDbVisualStyle
  2
Shaded with edges
 70
    26
177
     2
291
     0
 71
     2
176
     1
 72
     2
176
     1
 73
     1
176
     1
 90
        2
176
     1
 40
0.6
176
     1
 41
30.0
176
     1
 62
     5
 63
     7
421
 16777215
176
     1
 74
     1
176
     1
 91
       10
176
     1
 64
     7
176
     1
 65
   257
176
     1
 75
     2
176
     1
175
     1
176
     1
 42
1.0
176
     1
 92
        8
176
     1
 66
   257
176
     1
 43
1.0
176
     1
 76
     1
176
     1
 77
     6
176
     1
 78
     2
176
     1
 67
     7
176
     1
 79
     3
176
     1
170
     0
176
     1
171
     0
176
     1
290
     0
176
     1
 93
        5
176
     1
 44
0.0
176
     1
173
     0
176
     1
  0
VISUALSTYLE
  5
3E
102
{ACAD_REACTORS
330
2A
102
}
102
{ACAD_XDICTIONARY
360
48F
102
}
330
2A
100
AcDbVisualStyle
  2
Shades of Gray
 70
    23
177
     2
291
     0
 71
     2
176
     1
 72
     2
176
     1
 73
     3
176
     1
 90
        0
176
     1
 40
0.6
176
     1
 41
30.0
176
     1
 62
     5
 63
     7
421
 16777215
176
     1
 74
     2
176
     1
 91
        2
176
     1
 64
     7
176
     1
 65
     7
176
     1
 75
     1
176
     1
175
     1
176
     1
 42
40.0
176
     1
 92
        8
176
     1
 66
     7
176
     1
 43
1.0
176
     1
 76
     1
176
     1
 77
     6
176
     1
 78
     2
176
     1
 67
     7
176
     1
 79
     3
176
     1
170
     0
176
     1
171
     0
176
     1
290
     0
176
     1
 93
        1
176
     1
 44
0.0
176
     1
173
     0
176
     1
  0
VISUALSTYLE
  5
3F
102
{ACAD_REACTORS
330
2A
102
}
102
{ACAD_XDICTIONARY
360
491
102
}
330
2A
100
AcDbVisualStyle
  2
Sketchy
 70
    24
177
     2
291
     0
 71
     1
176
     1
 72
     2
176
     1
 73
     2
176
     1
 90
        0
176
     1
 40
0.6
176
     1
 41
30.0
176
     1
 62
     5
 63
     7
421
 16777215
176
     1
 74
     2
176
     1
 91
        2
176
     1
 64
     7
176
     1
 65
     7
176
     1
 75
     1
176
     1
175
     1
176
     1
 42
40.0
176
     1
 92
       11
176
     1
 66
     7
176
     1
 43
1.0
176
     1
 76
     1
176
     1
 77
     6
176
     1
 78
     2
176
     1
 67
     7
176
     1
 79
     6
176
     1
170
     0
176
     1
171
     0
176
     1
290
     0
176
     1
 93
        1
176
     1
 44
0.0
176
     1
173
     0
176
     1
  0
VISUALSTYLE
  5
37
102
{ACAD_REACTORS
330
2A
102
}
102
{ACAD_XDICTIONARY
360
481
102
}
330
2A
100
AcDbVisualStyle
  2
Thicken
 70
    13
177
     2
291
     1
 71
     2
176
     1
 72
     2
176
     1
 73
     0
176
     1
 90
        0
176
     1
 40
0.6
176
     1
 41
30.0
176
     1
 62
     5
 63
     7
421
 16777215
176
     1
 74
     1
176
     1
 91
        4
176
     1
 64
     7
176
     1
 65
   257
176
     1
 75
     1
176
     1
175
     1
176
     1
 42
1.0
176
     1
 92
       12
176
     1
 66
     7
176
     1
 43
1.0
176
     1
 76
     1
176
     1
 77
     6
176
     1
 78
     2
176
     1
 67
     7
176
     1
 79
     5
176
     1
170
     0
176
     1
171
     0
176
     1
290
     0
176
     1
 93
        1
176
     1
 44
0.0
176
     1
173
     0
176
     1
  0
VISUALSTYLE
  5
30
102
{ACAD_REACTORS
330
2A
102
}
102
{ACAD_XDICTIONARY
360
473
102
}
330
2A
100
AcDbVisualStyle
  2
Wireframe
 70
     5
177
     2
291
     0
 71
     0
176
     1
 72
     2
176
     1
 73
     0
176
     1
 90
        0
176
     1
 40
0.6
176
     1
 41
30.0
176
     1
 62
     5
 63
     7
421
 16777215
176
     1
 74
     1
176
     1
 91
        4
176
     1
 64
     7
176
     1
 65
   257
176
     1
 75
     1
176
     1
175
     1
176
     1
 42
1.0
176
     1
 92
        0
176
     1
 66
   257
176
     1
 43
1.0
176
     1
 76
     1
176
     1
 77
     6
176
     1
 78
     2
176
     1
 67
     7
176
     1
 79
     3
176
     1
170
     0
176
     1
171
     0
176
     1
290
     0
176
     1
 93
        1
176
     1
 44
0.0
176
     1
173
     0
176
     1
  0
VISUALSTYLE
  5
40
102
{ACAD_REACTORS
330
2A
102
}
102
{ACAD_XDICTIONARY
360
493
102
}
330
2A
100
AcDbVisualStyle
  2
X-Ray
 70
    25
177
     2
291
     0
 71
     2
176
     1
 72
     2
176
     1
 73
     1
176
     1
 90
        1
176
     1
 40
0.5
176
     1
 41
30.0
176
     1
 62
     5
 63
     7
421
 16777215
176
     1
 74
     1
176
     1
 91
        0
176
     1
 64
     7
176
     1
 65
   257
176
     1
 75
     1
176
     1
175
     1
176
     1
 42
1.0
176
     1
 92
        8
176
     1
 66
     7
176
     1
 43
1.0
176
     1
 76
     1
176
     1
 77
     6
176
     1
 78
     2
176
     1
 67
     7
176
     1
 79
     3
176
     1
170
     0
176
     1
171
     0
176
     1
290
     0
176
     1
 93
       13
176
     1
 44
0.0
176
     1
173
     0
176
     1
  0
DICTIONARYVAR
  5
468
102
{ACAD_REACTORS
330
467
102
}
330
467
100
DictionaryVariables
280
     0
  1
1:1
  0
DICTIONARYVAR
  5
4A0
102
{ACAD_REACTORS
330
467
102
}
330
467
100
DictionaryVariables
280
     0
  1
3.500000
  0
DICTIONARYVAR
  5
4A1
102
{ACAD_REACTORS
330
467
102
}
330
467
100
DictionaryVariables
280
     0
  1
acadiso.lin
  0
DICTIONARYVAR
  5
49D
102
{ACAD_REACTORS
330
467
102
}
330
467
100
DictionaryVariables
280
     0
  1
Standard
  0
DICTIONARYVAR
  5
49C
102
{ACAD_REACTORS
330
467
102
}
330
467
100
DictionaryVariables
280
     0
  1
Standard
  0
DICTIONARY
  5
499
330
5A
100
AcDbDictionary
280
     1
281
     1
  3
ACAD_ROUNDTRIP_2008_TABLESTYLE_CELLSTYLEMAP
360
49A
  0
DICTIONARY
  5
471
330
2F
100
AcDbDictionary
280
     1
281
     1
  3
ACAD_XREC_ROUNDTRIP
360
472
  0
DICTIONARY
  5
477
330
32
100
AcDbDictionary
280
     1
281
     1
  3
ACAD_XREC_ROUNDTRIP
360
478
  0
DICTIONARY
  5
47F
330
36
100
AcDbDictionary
280
     1
281
     1
  3
ACAD_XREC_ROUNDTRIP
360
480
  0
DICTIONARY
  5
487
330
3A
100
AcDbDictionary
280
     1
281
     1
  3
ACAD_XREC_ROUNDTRIP
360
488
  0
DICTIONARY
  5
47B
330
34
100
AcDbDictionary
280
     1
281
     1
  3
ACAD_XREC_ROUNDTRIP
360
47C
  0
DICTIONARY
  5
47D
330
35
100
AcDbDictionary
280
     1
281
     1
  3
ACAD_XREC_ROUNDTRIP
360
47E
  0
DICTIONARY
  5
48D
330
3D
100
AcDbDictionary
280
     1
281
     1
  3
ACAD_XREC_ROUNDTRIP
360
48E
  0
DICTIONARY
  5
485
330
39
100
AcDbDictionary
280
     1
281
     1
  3
ACAD_XREC_ROUNDTRIP
360
486
  0
DICTIONARY
  5
469
330
2B
100
AcDbDictionary
280
     1
281
     1
  3
ACAD_XREC_ROUNDTRIP
360
46A
  0
DICTIONARY
  5
46B
330
2C
100
AcDbDictionary
280
     1
281
     1
  3
ACAD_XREC_ROUNDTRIP
360
46C
  0
DICTIONARY
  5
46D
330
2D
100
AcDbDictionary
280
     1
281
     1
  3
ACAD_XREC_ROUNDTRIP
360
46E
  0
DICTIONARY
  5
46F
330
2E
100
AcDbDictionary
280
     1
281
     1
  3
ACAD_XREC_ROUNDTRIP
360
470
  0
DICTIONARY
  5
475
330
31
100
AcDbDictionary
280
     1
281
     1
  3
ACAD_XREC_ROUNDTRIP
360
476
  0
DICTIONARY
  5
489
330
3B
100
AcDbDictionary
280
     1
281
     1
  3
ACAD_XREC_ROUNDTRIP
360
48A
  0
DICTIONARY
  5
483
330
38
100
AcDbDictionary
280
     1
281
     1
  3
ACAD_XREC_ROUNDTRIP
360
484
  0
DICTIONARY
  5
48B
330
3C
100
AcDbDictionary
280
     1
281
     1
  3
ACAD_XREC_ROUNDTRIP
360
48C
  0
DICTIONARY
  5
479
330
33
100
AcDbDictionary
280
     1
281
     1
  3
ACAD_XREC_ROUNDTRIP
360
47A
  0
DICTIONARY
  5
497
330
42
100
AcDbDictionary
280
     1
281
     1
  3
ACAD_XREC_ROUNDTRIP
360
498
  0
DICTIONARY
  5
495
330
41
100
AcDbDictionary
280
     1
281
     1
  3
ACAD_XREC_ROUNDTRIP
360
496
  0
DICTIONARY
  5
48F
330
3E
100
AcDbDictionary
280
     1
281
     1
  3
ACAD_XREC_ROUNDTRIP
360
490
  0
DICTIONARY
  5
491
330
3F
100
AcDbDictionary
280
     1
281
     1
  3
ACAD_XREC_ROUNDTRIP
360
492
  0
DICTIONARY
  5
481
330
37
100
AcDbDictionary
280
     1
281
     1
  3
ACAD_XREC_ROUNDTRIP
360
482
  0
DICTIONARY
  5
473
330
30
100
AcDbDictionary
280
     1
281
     1
  3
ACAD_XREC_ROUNDTRIP
360
474
  0
DICTIONARY
  5
493
330
40
100
AcDbDictionary
280
     1
281
     1
  3
ACAD_XREC_ROUNDTRIP
360
494
  0
CELLSTYLEMAP
  5
49A
102
{ACAD_REACTORS
330
499
102
}
330
499
100
AcDbCellStyleMap
 90
        3
300
CELLSTYLE
  1
TABLEFORMAT_BEGIN
 90
        5
170
     1
 91
        0
 92
    32768
 62
   257
 93
        1
300
CONTENTFORMAT
  1
CONTENTFORMAT_BEGIN
 90
        0
 91
        0
 92
        4
 93
        0
300

 40
0.0
140
1.0
 94
        5
 62
     0
340
11
144
6.0
309
CONTENTFORMAT_END
171
     1
301
MARGIN
  1
CELLMARGIN_BEGIN
 40
1.5
 40
1.5
 40
1.5
 40
1.5
 40
1.5
 40
1.5
309
CELLMARGIN_END
 94
        6
 95
        1
302
GRIDFORMAT
  1
GRIDFORMAT_BEGIN
 90
        0
 91
        1
 62
     0
 92
       -2
340
14
 93
        0
 40
0.045
309
GRIDFORMAT_END
 95
        2
302
GRIDFORMAT
  1
GRIDFORMAT_BEGIN
 90
        0
 91
        1
 62
     0
 92
       -2
340
14
 93
        0
 40
0.045
309
GRIDFORMAT_END
 95
        4
302
GRIDFORMAT
  1
GRIDFORMAT_BEGIN
 90
        0
 91
        1
 62
     0
 92
       -2
340
14
 93
        0
 40
0.045
309
GRIDFORMAT_END
 95
        8
302
GRIDFORMAT
  1
GRIDFORMAT_BEGIN
 90
        0
 91
        1
 62
     0
 92
       -2
340
14
 93
        0
 40
0.045
309
GRIDFORMAT_END
 95
       16
302
GRIDFORMAT
  1
GRIDFORMAT_BEGIN
 90
        0
 91
        1
 62
     0
 92
       -2
340
14
 93
        0
 40
0.045
309
GRIDFORMAT_END
 95
       32
302
GRIDFORMAT
  1
GRIDFORMAT_BEGIN
 90
        0
 91
        1
 62
     0
 92
       -2
340
14
 93
        0
 40
0.045
309
GRIDFORMAT_END
309
TABLEFORMAT_END
  1
CELLSTYLE_BEGIN
 90
        1
 91
        1
300
_TITLE
309
CELLSTYLE_END
300
CELLSTYLE
  1
TABLEFORMAT_BEGIN
 90
        5
170
     1
 91
        0
 92
        0
 62
   257
 93
        1
300
CONTENTFORMAT
  1
CONTENTFORMAT_BEGIN
 90
        0
 91
        0
 92
        4
 93
        0
300

 40
0.0
140
1.0
 94
        5
 62
     0
340
11
144
4.5
309
CONTENTFORMAT_END
171
     1
301
MARGIN
  1
CELLMARGIN_BEGIN
 40
1.5
 40
1.5
 40
1.5
 40
1.5
 40
1.5
 40
1.5
309
CELLMARGIN_END
 94
        6
 95
        1
302
GRIDFORMAT
  1
GRIDFORMAT_BEGIN
 90
        0
 91
        1
 62
     0
 92
       -2
340
14
 93
        0
 40
0.045
309
GRIDFORMAT_END
 95
        2
302
GRIDFORMAT
  1
GRIDFORMAT_BEGIN
 90
        0
 91
        1
 62
     0
 92
       -2
340
14
 93
        0
 40
0.045
309
GRIDFORMAT_END
 95
        4
302
GRIDFORMAT
  1
GRIDFORMAT_BEGIN
 90
        0
 91
        1
 62
     0
 92
       -2
340
14
 93
        0
 40
0.045
309
GRIDFORMAT_END
 95
        8
302
GRIDFORMAT
  1
GRIDFORMAT_BEGIN
 90
        0
 91
        1
 62
     0
 92
       -2
340
14
 93
        0
 40
0.045
309
GRIDFORMAT_END
 95
       16
302
GRIDFORMAT
  1
GRIDFORMAT_BEGIN
 90
        0
 91
        1
 62
     0
 92
       -2
340
14
 93
        0
 40
0.045
309
GRIDFORMAT_END
 95
       32
302
GRIDFORMAT
  1
GRIDFORMAT_BEGIN
 90
        0
 91
        1
 62
     0
 92
       -2
340
14
 93
        0
 40
0.045
309
GRIDFORMAT_END
309
TABLEFORMAT_END
  1
CELLSTYLE_BEGIN
 90
        2
 91
        1
300
_HEADER
309
CELLSTYLE_END
300
CELLSTYLE
  1
TABLEFORMAT_BEGIN
 90
        5
170
     1
 91
        0
 92
        0
 62
   257
 93
        1
300
CONTENTFORMAT
  1
CONTENTFORMAT_BEGIN
 90
        0
 91
        0
 92
        4
 93
        0
300

 40
0.0
140
1.0
 94
        2
 62
     0
340
11
144
4.5
309
CONTENTFORMAT_END
171
     1
301
MARGIN
  1
CELLMARGIN_BEGIN
 40
1.5
 40
1.5
 40
1.5
 40
1.5
 40
1.5
 40
1.5
309
CELLMARGIN_END
 94
        6
 95
        1
302
GRIDFORMAT
  1
GRIDFORMAT_BEGIN
 90
        0
 91
        1
 62
     0
 92
       -2
340
14
 93
        0
 40
0.045
309
GRIDFORMAT_END
 95
        2
302
GRIDFORMAT
  1
GRIDFORMAT_BEGIN
 90
        0
 91
        1
 62
     0
 92
       -2
340
14
 93
        0
 40
0.045
309
GRIDFORMAT_END
 95
        4
302
GRIDFORMAT
  1
GRIDFORMAT_BEGIN
 90
        0
 91
        1
 62
     0
 92
       -2
340
14
 93
        0
 40
0.045
309
GRIDFORMAT_END
 95
        8
302
GRIDFORMAT
  1
GRIDFORMAT_BEGIN
 90
        0
 91
        1
 62
     0
 92
       -2
340
14
 93
        0
 40
0.045
309
GRIDFORMAT_END
 95
       16
302
GRIDFORMAT
  1
GRIDFORMAT_BEGIN
 90
        0
 91
        1
 62
     0
 92
       -2
340
14
 93
        0
 40
0.045
309
GRIDFORMAT_END
 95
       32
302
GRIDFORMAT
  1
GRIDFORMAT_BEGIN
 90
        0
 91
        1
 62
     0
 92
       -2
340
14
 93
        0
 40
0.045
309
GRIDFORMAT_END
309
TABLEFORMAT_END
  1
CELLSTYLE_BEGIN
 90
        3
 91
        2
300
_DATA
309
CELLSTYLE_END
  0
XRECORD
  5
472
102
{ACAD_REACTORS
330
471
102
}
330
471
100
AcDbXrecord
280
     1
102
RTVSPost2010Prop28
280
     1
102
RTVSPost2010PropOp28
 70
     1
102
RTVSPost2010Prop29
280
     1
102
RTVSPost2010PropOp29
 70
     1
102
RTVSPost2010Prop30
280
     0
102
RTVSPost2010PropOp30
 70
     1
102
RTVSPost2010Prop31
280
     0
102
RTVSPost2010PropOp31
 70
     1
102
RTVSPost2010Prop32
280
     0
102
RTVSPost2010PropOp32
 70
     1
102
RTVSPost2010Prop33
280
     0
102
RTVSPost2010PropOp33
 70
     1
102
RTVSPost2010Prop34
280
     0
102
RTVSPost2010PropOp34
 70
     1
102
RTVSPost2010Prop35
280
     0
102
RTVSPost2010PropOp35
 70
     1
102
RTVSPost2010Prop36
280
     0
102
RTVSPost2010PropOp36
 70
     1
102
RTVSPost2010Prop37
 90
       50
102
RTVSPost2010PropOp37
 70
     1
102
RTVSPost2010Prop38
140
0.0
102
RTVSPost2010PropOp38
 70
     1
102
RTVSPost2010Prop39
140
1.0
102
RTVSPost2010PropOp39
 70
     1
102
RTVSPost2010Prop40
 90
        0
102
RTVSPost2010PropOp40
 70
     1
102
RTVSPost2010Prop41ColorIndex
 90
       18
102
RTVSPost2010Prop41ColorRGB
 90
        0
102
RTVSPost2010PropOp41
 70
     1
102
RTVSPost2010Prop42
 90
       50
102
RTVSPost2010PropOp42
 70
     1
102
RTVSPost2010Prop43
 90
        3
102
RTVSPost2010PropOp43
 70
     1
102
RTVSPost2010Prop44ColorIndex
 90
        5
102
RTVSPost2010Prop44ColorRGB
 90
      255
102
RTVSPost2010PropOp44
 70
     1
102
RTVSPost2010Prop45
280
     0
102
RTVSPost2010PropOp45
 70
     1
102
RTVSPost2010Prop46
 90
       50
102
RTVSPost2010PropOp46
 70
     1
102
RTVSPost2010Prop47
 90
       50
102
RTVSPost2010PropOp47
 70
     1
102
RTVSPost2010Prop48
 90
       50
102
RTVSPost2010PropOp48
 70
     1
102
RTVSPost2010Prop49
280
     0
102
RTVSPost2010PropOp49
 70
     1
102
RTVSPost2010Prop50
 90
       50
102
RTVSPost2010PropOp50
 70
     1
102
RTVSPost2010Prop51ColorIndex
 90
      256
102
RTVSPost2010Prop51ColorRGB
 90
-16777216
102
RTVSPost2010PropOp51
 70
     0
102
RTVSPost2010Prop52
140
1.0
102
RTVSPost2010PropOp52
 70
     0
102
RTVSPost2010Prop53
 90
        2
102
RTVSPost2010PropOp53
 70
     1
102
RTVSPost2010Prop54
  1
strokes_ogs.tif
102
RTVSPost2010PropOp54
 70
     1
102
RTVSPost2010Prop55
280
     0
102
RTVSPost2010PropOp55
 70
     1
102
RTVSPost2010Prop56
140
1.0
102
RTVSPost2010PropOp56
 70
     1
102
RTVSPost2010Prop57
140
1.0
102
RTVSPost2010PropOp57
 70
     1
  0
XRECORD
  5
478
102
{ACAD_REACTORS
330
477
102
}
330
477
100
AcDbXrecord
280
     1
102
RTVSPost2010Prop28
280
     0
102
RTVSPost2010PropOp28
 70
     1
102
RTVSPost2010Prop29
280
     1
102
RTVSPost2010PropOp29
 70
     1
102
RTVSPost2010Prop30
280
     1
102
RTVSPost2010PropOp30
 70
     1
102
RTVSPost2010Prop31
280
     0
102
RTVSPost2010PropOp31
 70
     1
102
RTVSPost2010Prop32
280
     0
102
RTVSPost2010PropOp32
 70
     1
102
RTVSPost2010Prop33
280
     0
102
RTVSPost2010PropOp33
 70
     1
102
RTVSPost2010Prop34
280
     0
102
RTVSPost2010PropOp34
 70
     1
102
RTVSPost2010Prop35
280
     0
102
RTVSPost2010PropOp35
 70
     1
102
RTVSPost2010Prop36
280
     0
102
RTVSPost2010PropOp36
 70
     1
102
RTVSPost2010Prop37
 90
       50
102
RTVSPost2010PropOp37
 70
     1
102
RTVSPost2010Prop38
140
0.0
102
RTVSPost2010PropOp38
 70
     1
102
RTVSPost2010Prop39
140
1.0
102
RTVSPost2010PropOp39
 70
     1
102
RTVSPost2010Prop40
 90
        0
102
RTVSPost2010PropOp40
 70
     1
102
RTVSPost2010Prop41ColorIndex
 90
       18
102
RTVSPost2010Prop41ColorRGB
 90
        0
102
RTVSPost2010PropOp41
 70
     1
102
RTVSPost2010Prop42
 90
       50
102
RTVSPost2010PropOp42
 70
     1
102
RTVSPost2010Prop43
 90
        3
102
RTVSPost2010PropOp43
 70
     1
102
RTVSPost2010Prop44ColorIndex
 90
        5
102
RTVSPost2010Prop44ColorRGB
 90
      255
102
RTVSPost2010PropOp44
 70
     1
102
RTVSPost2010Prop45
280
     0
102
RTVSPost2010PropOp45
 70
     1
102
RTVSPost2010Prop46
 90
       50
102
RTVSPost2010PropOp46
 70
     1
102
RTVSPost2010Prop47
 90
       50
102
RTVSPost2010PropOp47
 70
     1
102
RTVSPost2010Prop48
 90
       50
102
RTVSPost2010PropOp48
 70
     1
102
RTVSPost2010Prop49
280
     0
102
RTVSPost2010PropOp49
 70
     1
102
RTVSPost2010Prop50
 90
       50
102
RTVSPost2010PropOp50
 70
     1
102
RTVSPost2010Prop51ColorIndex
 90
      256
102
RTVSPost2010Prop51ColorRGB
 90
-16777216
102
RTVSPost2010PropOp51
 70
     0
102
RTVSPost2010Prop52
140
1.0
102
RTVSPost2010PropOp52
 70
     0
102
RTVSPost2010Prop53
 90
        2
102
RTVSPost2010PropOp53
 70
     1
102
RTVSPost2010Prop54
  1
strokes_ogs.tif
102
RTVSPost2010PropOp54
 70
     1
102
RTVSPost2010Prop55
280
     0
102
RTVSPost2010PropOp55
 70
     1
102
RTVSPost2010Prop56
140
1.0
102
RTVSPost2010PropOp56
 70
     1
102
RTVSPost2010Prop57
140
1.0
102
RTVSPost2010PropOp57
 70
     1
  0
XRECORD
  5
480
102
{ACAD_REACTORS
330
47F
102
}
330
47F
100
AcDbXrecord
280
     1
102
RTVSPost2010Prop28
280
     0
102
RTVSPost2010PropOp28
 70
     1
102
RTVSPost2010Prop29
280
     1
102
RTVSPost2010PropOp29
 70
     1
102
RTVSPost2010Prop30
280
     1
102
RTVSPost2010PropOp30
 70
     1
102
RTVSPost2010Prop31
280
     0
102
RTVSPost2010PropOp31
 70
     1
102
RTVSPost2010Prop32
280
     0
102
RTVSPost2010PropOp32
 70
     1
102
RTVSPost2010Prop33
280
     0
102
RTVSPost2010PropOp33
 70
     1
102
RTVSPost2010Prop34
280
     0
102
RTVSPost2010PropOp34
 70
     1
102
RTVSPost2010Prop35
280
     0
102
RTVSPost2010PropOp35
 70
     1
102
RTVSPost2010Prop36
280
     0
102
RTVSPost2010PropOp36
 70
     1
102
RTVSPost2010Prop37
 90
       50
102
RTVSPost2010PropOp37
 70
     1
102
RTVSPost2010Prop38
140
0.0
102
RTVSPost2010PropOp38
 70
     1
102
RTVSPost2010Prop39
140
1.0
102
RTVSPost2010PropOp39
 70
     1
102
RTVSPost2010Prop40
 90
        0
102
RTVSPost2010PropOp40
 70
     1
102
RTVSPost2010Prop41ColorIndex
 90
       18
102
RTVSPost2010Prop41ColorRGB
 90
        0
102
RTVSPost2010PropOp41
 70
     1
102
RTVSPost2010Prop42
 90
       50
102
RTVSPost2010PropOp42
 70
     1
102
RTVSPost2010Prop43
 90
        3
102
RTVSPost2010PropOp43
 70
     1
102
RTVSPost2010Prop44ColorIndex
 90
        5
102
RTVSPost2010Prop44ColorRGB
 90
      255
102
RTVSPost2010PropOp44
 70
     1
102
RTVSPost2010Prop45
280
     0
102
RTVSPost2010PropOp45
 70
     1
102
RTVSPost2010Prop46
 90
       50
102
RTVSPost2010PropOp46
 70
     1
102
RTVSPost2010Prop47
 90
       50
102
RTVSPost2010PropOp47
 70
     1
102
RTVSPost2010Prop48
 90
       50
102
RTVSPost2010PropOp48
 70
     1
102
RTVSPost2010Prop49
280
     0
102
RTVSPost2010PropOp49
 70
     1
102
RTVSPost2010Prop50
 90
       50
102
RTVSPost2010PropOp50
 70
     1
102
RTVSPost2010Prop51ColorIndex
 90
      256
102
RTVSPost2010Prop51ColorRGB
 90
-16777216
102
RTVSPost2010PropOp51
 70
     0
102
RTVSPost2010Prop52
140
1.0
102
RTVSPost2010PropOp52
 70
     0
102
RTVSPost2010Prop53
 90
        2
102
RTVSPost2010PropOp53
 70
     1
102
RTVSPost2010Prop54
  1
strokes_ogs.tif
102
RTVSPost2010PropOp54
 70
     1
102
RTVSPost2010Prop55
280
     0
102
RTVSPost2010PropOp55
 70
     1
102
RTVSPost2010Prop56
140
1.0
102
RTVSPost2010PropOp56
 70
     1
102
RTVSPost2010Prop57
140
1.0
102
RTVSPost2010PropOp57
 70
     1
  0
XRECORD
  5
488
102
{ACAD_REACTORS
330
487
102
}
330
487
100
AcDbXrecord
280
     1
102
RTVSPost2010Prop28
280
     0
102
RTVSPost2010PropOp28
 70
     1
102
RTVSPost2010Prop29
280
     1
102
RTVSPost2010PropOp29
 70
     1
102
RTVSPost2010Prop30
280
     1
102
RTVSPost2010PropOp30
 70
     1
102
RTVSPost2010Prop31
280
     0
102
RTVSPost2010PropOp31
 70
     1
102
RTVSPost2010Prop32
280
     0
102
RTVSPost2010PropOp32
 70
     1
102
RTVSPost2010Prop33
280
     0
102
RTVSPost2010PropOp33
 70
     1
102
RTVSPost2010Prop34
280
     0
102
RTVSPost2010PropOp34
 70
     1
102
RTVSPost2010Prop35
280
     0
102
RTVSPost2010PropOp35
 70
     1
102
RTVSPost2010Prop36
280
     0
102
RTVSPost2010PropOp36
 70
     1
102
RTVSPost2010Prop37
 90
       50
102
RTVSPost2010PropOp37
 70
     1
102
RTVSPost2010Prop38
140
0.0
102
RTVSPost2010PropOp38
 70
     1
102
RTVSPost2010Prop39
140
1.0
102
RTVSPost2010PropOp39
 70
     1
102
RTVSPost2010Prop40
 90
        0
102
RTVSPost2010PropOp40
 70
     1
102
RTVSPost2010Prop41ColorIndex
 90
       18
102
RTVSPost2010Prop41ColorRGB
 90
        0
102
RTVSPost2010PropOp41
 70
     1
102
RTVSPost2010Prop42
 90
       50
102
RTVSPost2010PropOp42
 70
     1
102
RTVSPost2010Prop43
 90
        3
102
RTVSPost2010PropOp43
 70
     1
102
RTVSPost2010Prop44ColorIndex
 90
        5
102
RTVSPost2010Prop44ColorRGB
 90
      255
102
RTVSPost2010PropOp44
 70
     1
102
RTVSPost2010Prop45
280
     0
102
RTVSPost2010PropOp45
 70
     1
102
RTVSPost2010Prop46
 90
       50
102
RTVSPost2010PropOp46
 70
     1
102
RTVSPost2010Prop47
 90
       50
102
RTVSPost2010PropOp47
 70
     1
102
RTVSPost2010Prop48
 90
       50
102
RTVSPost2010PropOp48
 70
     1
102
RTVSPost2010Prop49
280
     0
102
RTVSPost2010PropOp49
 70
     1
102
RTVSPost2010Prop50
 90
       50
102
RTVSPost2010PropOp50
 70
     1
102
RTVSPost2010Prop51ColorIndex
 90
      256
102
RTVSPost2010Prop51ColorRGB
 90
-16777216
102
RTVSPost2010PropOp51
 70
     0
102
RTVSPost2010Prop52
140
1.0
102
RTVSPost2010PropOp52
 70
     0
102
RTVSPost2010Prop53
 90
        2
102
RTVSPost2010PropOp53
 70
     1
102
RTVSPost2010Prop54
  1
strokes_ogs.tif
102
RTVSPost2010PropOp54
 70
     1
102
RTVSPost2010Prop55
280
     0
102
RTVSPost2010PropOp55
 70
     1
102
RTVSPost2010Prop56
140
1.0
102
RTVSPost2010PropOp56
 70
     1
102
RTVSPost2010Prop57
140
1.0
102
RTVSPost2010PropOp57
 70
     1
  0
XRECORD
  5
47C
102
{ACAD_REACTORS
330
47B
102
}
330
47B
100
AcDbXrecord
280
     1
102
RTVSPost2010Prop28
280
     0
102
RTVSPost2010PropOp28
 70
     1
102
RTVSPost2010Prop29
280
     1
102
RTVSPost2010PropOp29
 70
     1
102
RTVSPost2010Prop30
280
     1
102
RTVSPost2010PropOp30
 70
     1
102
RTVSPost2010Prop31
280
     0
102
RTVSPost2010PropOp31
 70
     1
102
RTVSPost2010Prop32
280
     0
102
RTVSPost2010PropOp32
 70
     1
102
RTVSPost2010Prop33
280
     0
102
RTVSPost2010PropOp33
 70
     1
102
RTVSPost2010Prop34
280
     0
102
RTVSPost2010PropOp34
 70
     1
102
RTVSPost2010Prop35
280
     0
102
RTVSPost2010PropOp35
 70
     1
102
RTVSPost2010Prop36
280
     0
102
RTVSPost2010PropOp36
 70
     1
102
RTVSPost2010Prop37
 90
       50
102
RTVSPost2010PropOp37
 70
     1
102
RTVSPost2010Prop38
140
0.0
102
RTVSPost2010PropOp38
 70
     1
102
RTVSPost2010Prop39
140
1.0
102
RTVSPost2010PropOp39
 70
     1
102
RTVSPost2010Prop40
 90
        0
102
RTVSPost2010PropOp40
 70
     1
102
RTVSPost2010Prop41ColorIndex
 90
       18
102
RTVSPost2010Prop41ColorRGB
 90
        0
102
RTVSPost2010PropOp41
 70
     1
102
RTVSPost2010Prop42
 90
       50
102
RTVSPost2010PropOp42
 70
     1
102
RTVSPost2010Prop43
 90
        3
102
RTVSPost2010PropOp43
 70
     1
102
RTVSPost2010Prop44ColorIndex
 90
        5
102
RTVSPost2010Prop44ColorRGB
 90
      255
102
RTVSPost2010PropOp44
 70
     1
102
RTVSPost2010Prop45
280
     0
102
RTVSPost2010PropOp45
 70
     1
102
RTVSPost2010Prop46
 90
       50
102
RTVSPost2010PropOp46
 70
     1
102
RTVSPost2010Prop47
 90
       50
102
RTVSPost2010PropOp47
 70
     1
102
RTVSPost2010Prop48
 90
       50
102
RTVSPost2010PropOp48
 70
     1
102
RTVSPost2010Prop49
280
     0
102
RTVSPost2010PropOp49
 70
     1
102
RTVSPost2010Prop50
 90
       50
102
RTVSPost2010PropOp50
 70
     1
102
RTVSPost2010Prop51ColorIndex
 90
      256
102
RTVSPost2010Prop51ColorRGB
 90
-16777216
102
RTVSPost2010PropOp51
 70
     0
102
RTVSPost2010Prop52
140
1.0
102
RTVSPost2010PropOp52
 70
     0
102
RTVSPost2010Prop53
 90
        2
102
RTVSPost2010PropOp53
 70
     1
102
RTVSPost2010Prop54
  1
strokes_ogs.tif
102
RTVSPost2010PropOp54
 70
     1
102
RTVSPost2010Prop55
280
     0
102
RTVSPost2010PropOp55
 70
     1
102
RTVSPost2010Prop56
140
1.0
102
RTVSPost2010PropOp56
 70
     1
102
RTVSPost2010Prop57
140
1.0
102
RTVSPost2010PropOp57
 70
     1
  0
XRECORD
  5
47E
102
{ACAD_REACTORS
330
47D
102
}
330
47D
100
AcDbXrecord
280
     1
102
RTVSPost2010Prop28
280
     0
102
RTVSPost2010PropOp28
 70
     1
102
RTVSPost2010Prop29
280
     1
102
RTVSPost2010PropOp29
 70
     1
102
RTVSPost2010Prop30
280
     1
102
RTVSPost2010PropOp30
 70
     1
102
RTVSPost2010Prop31
280
     0
102
RTVSPost2010PropOp31
 70
     1
102
RTVSPost2010Prop32
280
     0
102
RTVSPost2010PropOp32
 70
     1
102
RTVSPost2010Prop33
280
     0
102
RTVSPost2010PropOp33
 70
     1
102
RTVSPost2010Prop34
280
     0
102
RTVSPost2010PropOp34
 70
     1
102
RTVSPost2010Prop35
280
     0
102
RTVSPost2010PropOp35
 70
     1
102
RTVSPost2010Prop36
280
     0
102
RTVSPost2010PropOp36
 70
     1
102
RTVSPost2010Prop37
 90
       50
102
RTVSPost2010PropOp37
 70
     1
102
RTVSPost2010Prop38
140
0.0
102
RTVSPost2010PropOp38
 70
     1
102
RTVSPost2010Prop39
140
1.0
102
RTVSPost2010PropOp39
 70
     1
102
RTVSPost2010Prop40
 90
        0
102
RTVSPost2010PropOp40
 70
     1
102
RTVSPost2010Prop41ColorIndex
 90
       18
102
RTVSPost2010Prop41ColorRGB
 90
        0
102
RTVSPost2010PropOp41
 70
     1
102
RTVSPost2010Prop42
 90
       50
102
RTVSPost2010PropOp42
 70
     1
102
RTVSPost2010Prop43
 90
        3
102
RTVSPost2010PropOp43
 70
     1
102
RTVSPost2010Prop44ColorIndex
 90
        5
102
RTVSPost2010Prop44ColorRGB
 90
      255
102
RTVSPost2010PropOp44
 70
     1
102
RTVSPost2010Prop45
280
     0
102
RTVSPost2010PropOp45
 70
     1
102
RTVSPost2010Prop46
 90
       50
102
RTVSPost2010PropOp46
 70
     1
102
RTVSPost2010Prop47
 90
       50
102
RTVSPost2010PropOp47
 70
     1
102
RTVSPost2010Prop48
 90
       50
102
RTVSPost2010PropOp48
 70
     1
102
RTVSPost2010Prop49
280
     0
102
RTVSPost2010PropOp49
 70
     1
102
RTVSPost2010Prop50
 90
       50
102
RTVSPost2010PropOp50
 70
     1
102
RTVSPost2010Prop51ColorIndex
 90
      256
102
RTVSPost2010Prop51ColorRGB
 90
-16777216
102
RTVSPost2010PropOp51
 70
     0
102
RTVSPost2010Prop52
140
1.0
102
RTVSPost2010PropOp52
 70
     0
102
RTVSPost2010Prop53
 90
        2
102
RTVSPost2010PropOp53
 70
     1
102
RTVSPost2010Prop54
  1
strokes_ogs.tif
102
RTVSPost2010PropOp54
 70
     1
102
RTVSPost2010Prop55
280
     0
102
RTVSPost2010PropOp55
 70
     1
102
RTVSPost2010Prop56
140
1.0
102
RTVSPost2010PropOp56
 70
     1
102
RTVSPost2010Prop57
140
1.0
102
RTVSPost2010PropOp57
 70
     1
  0
XRECORD
  5
48E
102
{ACAD_REACTORS
330
48D
102
}
330
48D
100
AcDbXrecord
280
     1
102
RTVSPost2010Prop28
280
     0
102
RTVSPost2010PropOp28
 70
     0
102
RTVSPost2010Prop29
280
     1
102
RTVSPost2010PropOp29
 70
     0
102
RTVSPost2010Prop30
280
     1
102
RTVSPost2010PropOp30
 70
     0
102
RTVSPost2010Prop31
280
     0
102
RTVSPost2010PropOp31
 70
     0
102
RTVSPost2010Prop32
280
     0
102
RTVSPost2010PropOp32
 70
     0
102
RTVSPost2010Prop33
280
     0
102
RTVSPost2010PropOp33
 70
     0
102
RTVSPost2010Prop34
280
     0
102
RTVSPost2010PropOp34
 70
     0
102
RTVSPost2010Prop35
280
     0
102
RTVSPost2010PropOp35
 70
     0
102
RTVSPost2010Prop36
280
     0
102
RTVSPost2010PropOp36
 70
     0
102
RTVSPost2010Prop37
 90
       50
102
RTVSPost2010PropOp37
 70
     0
102
RTVSPost2010Prop38
140
0.0
102
RTVSPost2010PropOp38
 70
     0
102
RTVSPost2010Prop39
140
1.0
102
RTVSPost2010PropOp39
 70
     0
102
RTVSPost2010Prop40
 90
        0
102
RTVSPost2010PropOp40
 70
     0
102
RTVSPost2010Prop41ColorIndex
 90
       18
102
RTVSPost2010Prop41ColorRGB
 90
        0
102
RTVSPost2010PropOp41
 70
     0
102
RTVSPost2010Prop42
 90
       50
102
RTVSPost2010PropOp42
 70
     0
102
RTVSPost2010Prop43
 90
        3
102
RTVSPost2010PropOp43
 70
     0
102
RTVSPost2010Prop44ColorIndex
 90
        5
102
RTVSPost2010Prop44ColorRGB
 90
      255
102
RTVSPost2010PropOp44
 70
     0
102
RTVSPost2010Prop45
280
     0
102
RTVSPost2010PropOp45
 70
     0
102
RTVSPost2010Prop46
 90
       50
102
RTVSPost2010PropOp46
 70
     0
102
RTVSPost2010Prop47
 90
       50
102
RTVSPost2010PropOp47
 70
     0
102
RTVSPost2010Prop48
 90
       50
102
RTVSPost2010PropOp48
 70
     0
102
RTVSPost2010Prop49
280
     0
102
RTVSPost2010PropOp49
 70
     0
102
RTVSPost2010Prop50
 90
       50
102
RTVSPost2010PropOp50
 70
     0
102
RTVSPost2010Prop51ColorIndex
 90
      256
102
RTVSPost2010Prop51ColorRGB
 90
-16777216
102
RTVSPost2010PropOp51
 70
     0
102
RTVSPost2010Prop52
140
1.0
102
RTVSPost2010PropOp52
 70
     0
102
RTVSPost2010Prop53
 90
        2
102
RTVSPost2010PropOp53
 70
     0
102
RTVSPost2010Prop54
  1
strokes_ogs.tif
102
RTVSPost2010PropOp54
 70
     0
102
RTVSPost2010Prop55
280
     0
102
RTVSPost2010PropOp55
 70
     0
102
RTVSPost2010Prop56
140
1.0
102
RTVSPost2010PropOp56
 70
     0
102
RTVSPost2010Prop57
140
1.0
102
RTVSPost2010PropOp57
 70
     0
  0
XRECORD
  5
486
102
{ACAD_REACTORS
330
485
102
}
330
485
100
AcDbXrecord
280
     1
102
RTVSPost2010Prop28
280
     0
102
RTVSPost2010PropOp28
 70
     1
102
RTVSPost2010Prop29
280
     1
102
RTVSPost2010PropOp29
 70
     1
102
RTVSPost2010Prop30
280
     1
102
RTVSPost2010PropOp30
 70
     1
102
RTVSPost2010Prop31
280
     0
102
RTVSPost2010PropOp31
 70
     1
102
RTVSPost2010Prop32
280
     0
102
RTVSPost2010PropOp32
 70
     1
102
RTVSPost2010Prop33
280
     0
102
RTVSPost2010PropOp33
 70
     1
102
RTVSPost2010Prop34
280
     0
102
RTVSPost2010PropOp34
 70
     1
102
RTVSPost2010Prop35
280
     0
102
RTVSPost2010PropOp35
 70
     1
102
RTVSPost2010Prop36
280
     0
102
RTVSPost2010PropOp36
 70
     1
102
RTVSPost2010Prop37
 90
       50
102
RTVSPost2010PropOp37
 70
     1
102
RTVSPost2010Prop38
140
0.0
102
RTVSPost2010PropOp38
 70
     1
102
RTVSPost2010Prop39
140
1.0
102
RTVSPost2010PropOp39
 70
     1
102
RTVSPost2010Prop40
 90
        0
102
RTVSPost2010PropOp40
 70
     1
102
RTVSPost2010Prop41ColorIndex
 90
       18
102
RTVSPost2010Prop41ColorRGB
 90
        0
102
RTVSPost2010PropOp41
 70
     1
102
RTVSPost2010Prop42
 90
       50
102
RTVSPost2010PropOp42
 70
     1
102
RTVSPost2010Prop43
 90
        3
102
RTVSPost2010PropOp43
 70
     1
102
RTVSPost2010Prop44ColorIndex
 90
        5
102
RTVSPost2010Prop44ColorRGB
 90
      255
102
RTVSPost2010PropOp44
 70
     1
102
RTVSPost2010Prop45
280
     0
102
RTVSPost2010PropOp45
 70
     1
102
RTVSPost2010Prop46
 90
       50
102
RTVSPost2010PropOp46
 70
     1
102
RTVSPost2010Prop47
 90
       50
102
RTVSPost2010PropOp47
 70
     1
102
RTVSPost2010Prop48
 90
       50
102
RTVSPost2010PropOp48
 70
     1
102
RTVSPost2010Prop49
280
     0
102
RTVSPost2010PropOp49
 70
     1
102
RTVSPost2010Prop50
 90
       50
102
RTVSPost2010PropOp50
 70
     1
102
RTVSPost2010Prop51ColorIndex
 90
      256
102
RTVSPost2010Prop51ColorRGB
 90
-16777216
102
RTVSPost2010PropOp51
 70
     0
102
RTVSPost2010Prop52
140
1.0
102
RTVSPost2010PropOp52
 70
     0
102
RTVSPost2010Prop53
 90
        2
102
RTVSPost2010PropOp53
 70
     1
102
RTVSPost2010Prop54
  1
strokes_ogs.tif
102
RTVSPost2010PropOp54
 70
     1
102
RTVSPost2010Prop55
280
     0
102
RTVSPost2010PropOp55
 70
     1
102
RTVSPost2010Prop56
140
1.0
102
RTVSPost2010PropOp56
 70
     1
102
RTVSPost2010Prop57
140
1.0
102
RTVSPost2010PropOp57
 70
     1
  0
XRECORD
  5
46A
102
{ACAD_REACTORS
330
469
102
}
330
469
100
AcDbXrecord
280
     1
102
RTVSPost2010Prop28
280
     0
102
RTVSPost2010PropOp28
 70
     1
102
RTVSPost2010Prop29
280
     1
102
RTVSPost2010PropOp29
 70
     1
102
RTVSPost2010Prop30
280
     1
102
RTVSPost2010PropOp30
 70
     1
102
RTVSPost2010Prop31
280
     0
102
RTVSPost2010PropOp31
 70
     1
102
RTVSPost2010Prop32
280
     0
102
RTVSPost2010PropOp32
 70
     1
102
RTVSPost2010Prop33
280
     0
102
RTVSPost2010PropOp33
 70
     1
102
RTVSPost2010Prop34
280
     0
102
RTVSPost2010PropOp34
 70
     1
102
RTVSPost2010Prop35
280
     0
102
RTVSPost2010PropOp35
 70
     1
102
RTVSPost2010Prop36
280
     0
102
RTVSPost2010PropOp36
 70
     1
102
RTVSPost2010Prop37
 90
       50
102
RTVSPost2010PropOp37
 70
     1
102
RTVSPost2010Prop38
140
0.0
102
RTVSPost2010PropOp38
 70
     1
102
RTVSPost2010Prop39
140
1.0
102
RTVSPost2010PropOp39
 70
     1
102
RTVSPost2010Prop40
 90
        0
102
RTVSPost2010PropOp40
 70
     1
102
RTVSPost2010Prop41ColorIndex
 90
       18
102
RTVSPost2010Prop41ColorRGB
 90
        0
102
RTVSPost2010PropOp41
 70
     1
102
RTVSPost2010Prop42
 90
       50
102
RTVSPost2010PropOp42
 70
     1
102
RTVSPost2010Prop43
 90
        3
102
RTVSPost2010PropOp43
 70
     1
102
RTVSPost2010Prop44ColorIndex
 90
        5
102
RTVSPost2010Prop44ColorRGB
 90
      255
102
RTVSPost2010PropOp44
 70
     1
102
RTVSPost2010Prop45
280
     0
102
RTVSPost2010PropOp45
 70
     1
102
RTVSPost2010Prop46
 90
       50
102
RTVSPost2010PropOp46
 70
     1
102
RTVSPost2010Prop47
 90
       50
102
RTVSPost2010PropOp47
 70
     1
102
RTVSPost2010Prop48
 90
       50
102
RTVSPost2010PropOp48
 70
     1
102
RTVSPost2010Prop49
280
     0
102
RTVSPost2010PropOp49
 70
     1
102
RTVSPost2010Prop50
 90
       50
102
RTVSPost2010PropOp50
 70
     1
102
RTVSPost2010Prop51ColorIndex
 90
      256
102
RTVSPost2010Prop51ColorRGB
 90
-16777216
102
RTVSPost2010PropOp51
 70
     0
102
RTVSPost2010Prop52
140
1.0
102
RTVSPost2010PropOp52
 70
     0
102
RTVSPost2010Prop53
 90
        2
102
RTVSPost2010PropOp53
 70
     1
102
RTVSPost2010Prop54
  1
strokes_ogs.tif
102
RTVSPost2010PropOp54
 70
     1
102
RTVSPost2010Prop55
280
     0
102
RTVSPost2010PropOp55
 70
     1
102
RTVSPost2010Prop56
140
1.0
102
RTVSPost2010PropOp56
 70
     1
102
RTVSPost2010Prop57
140
1.0
102
RTVSPost2010PropOp57
 70
     1
  0
XRECORD
  5
46C
102
{ACAD_REACTORS
330
46B
102
}
330
46B
100
AcDbXrecord
280
     1
102
RTVSPost2010Prop28
280
     0
102
RTVSPost2010PropOp28
 70
     1
102
RTVSPost2010Prop29
280
     1
102
RTVSPost2010PropOp29
 70
     1
102
RTVSPost2010Prop30
280
     1
102
RTVSPost2010PropOp30
 70
     1
102
RTVSPost2010Prop31
280
     0
102
RTVSPost2010PropOp31
 70
     1
102
RTVSPost2010Prop32
280
     0
102
RTVSPost2010PropOp32
 70
     1
102
RTVSPost2010Prop33
280
     0
102
RTVSPost2010PropOp33
 70
     1
102
RTVSPost2010Prop34
280
     0
102
RTVSPost2010PropOp34
 70
     1
102
RTVSPost2010Prop35
280
     0
102
RTVSPost2010PropOp35
 70
     1
102
RTVSPost2010Prop36
280
     0
102
RTVSPost2010PropOp36
 70
     1
102
RTVSPost2010Prop37
 90
       50
102
RTVSPost2010PropOp37
 70
     1
102
RTVSPost2010Prop38
140
0.0
102
RTVSPost2010PropOp38
 70
     1
102
RTVSPost2010Prop39
140
1.0
102
RTVSPost2010PropOp39
 70
     1
102
RTVSPost2010Prop40
 90
        0
102
RTVSPost2010PropOp40
 70
     1
102
RTVSPost2010Prop41ColorIndex
 90
       18
102
RTVSPost2010Prop41ColorRGB
 90
        0
102
RTVSPost2010PropOp41
 70
     1
102
RTVSPost2010Prop42
 90
       50
102
RTVSPost2010PropOp42
 70
     1
102
RTVSPost2010Prop43
 90
        3
102
RTVSPost2010PropOp43
 70
     1
102
RTVSPost2010Prop44ColorIndex
 90
        5
102
RTVSPost2010Prop44ColorRGB
 90
      255
102
RTVSPost2010PropOp44
 70
     1
102
RTVSPost2010Prop45
280
     0
102
RTVSPost2010PropOp45
 70
     1
102
RTVSPost2010Prop46
 90
       50
102
RTVSPost2010PropOp46
 70
     1
102
RTVSPost2010Prop47
 90
       50
102
RTVSPost2010PropOp47
 70
     1
102
RTVSPost2010Prop48
 90
       50
102
RTVSPost2010PropOp48
 70
     1
102
RTVSPost2010Prop49
280
     0
102
RTVSPost2010PropOp49
 70
     1
102
RTVSPost2010Prop50
 90
       50
102
RTVSPost2010PropOp50
 70
     1
102
RTVSPost2010Prop51ColorIndex
 90
      256
102
RTVSPost2010Prop51ColorRGB
 90
-16777216
102
RTVSPost2010PropOp51
 70
     0
102
RTVSPost2010Prop52
140
1.0
102
RTVSPost2010PropOp52
 70
     0
102
RTVSPost2010Prop53
 90
        2
102
RTVSPost2010PropOp53
 70
     1
102
RTVSPost2010Prop54
  1
strokes_ogs.tif
102
RTVSPost2010PropOp54
 70
     1
102
RTVSPost2010Prop55
280
     0
102
RTVSPost2010PropOp55
 70
     1
102
RTVSPost2010Prop56
140
1.0
102
RTVSPost2010PropOp56
 70
     1
102
RTVSPost2010Prop57
140
1.0
102
RTVSPost2010PropOp57
 70
     1
  0
XRECORD
  5
46E
102
{ACAD_REACTORS
330
46D
102
}
330
46D
100
AcDbXrecord
280
     1
102
RTVSPost2010Prop28
280
     0
102
RTVSPost2010PropOp28
 70
     1
102
RTVSPost2010Prop29
280
     1
102
RTVSPost2010PropOp29
 70
     1
102
RTVSPost2010Prop30
280
     1
102
RTVSPost2010PropOp30
 70
     1
102
RTVSPost2010Prop31
280
     0
102
RTVSPost2010PropOp31
 70
     1
102
RTVSPost2010Prop32
280
     0
102
RTVSPost2010PropOp32
 70
     1
102
RTVSPost2010Prop33
280
     0
102
RTVSPost2010PropOp33
 70
     1
102
RTVSPost2010Prop34
280
     0
102
RTVSPost2010PropOp34
 70
     1
102
RTVSPost2010Prop35
280
     0
102
RTVSPost2010PropOp35
 70
     1
102
RTVSPost2010Prop36
280
     0
102
RTVSPost2010PropOp36
 70
     1
102
RTVSPost2010Prop37
 90
       50
102
RTVSPost2010PropOp37
 70
     1
102
RTVSPost2010Prop38
140
0.0
102
RTVSPost2010PropOp38
 70
     1
102
RTVSPost2010Prop39
140
1.0
102
RTVSPost2010PropOp39
 70
     1
102
RTVSPost2010Prop40
 90
        0
102
RTVSPost2010PropOp40
 70
     1
102
RTVSPost2010Prop41ColorIndex
 90
       18
102
RTVSPost2010Prop41ColorRGB
 90
        0
102
RTVSPost2010PropOp41
 70
     1
102
RTVSPost2010Prop42
 90
       50
102
RTVSPost2010PropOp42
 70
     1
102
RTVSPost2010Prop43
 90
        3
102
RTVSPost2010PropOp43
 70
     1
102
RTVSPost2010Prop44ColorIndex
 90
        5
102
RTVSPost2010Prop44ColorRGB
 90
      255
102
RTVSPost2010PropOp44
 70
     1
102
RTVSPost2010Prop45
280
     0
102
RTVSPost2010PropOp45
 70
     1
102
RTVSPost2010Prop46
 90
       50
102
RTVSPost2010PropOp46
 70
     1
102
RTVSPost2010Prop47
 90
       50
102
RTVSPost2010PropOp47
 70
     1
102
RTVSPost2010Prop48
 90
       50
102
RTVSPost2010PropOp48
 70
     1
102
RTVSPost2010Prop49
280
     0
102
RTVSPost2010PropOp49
 70
     1
102
RTVSPost2010Prop50
 90
       50
102
RTVSPost2010PropOp50
 70
     1
102
RTVSPost2010Prop51ColorIndex
 90
      256
102
RTVSPost2010Prop51ColorRGB
 90
-16777216
102
RTVSPost2010PropOp51
 70
     0
102
RTVSPost2010Prop52
140
1.0
102
RTVSPost2010PropOp52
 70
     0
102
RTVSPost2010Prop53
 90
        2
102
RTVSPost2010PropOp53
 70
     1
102
RTVSPost2010Prop54
  1
strokes_ogs.tif
102
RTVSPost2010PropOp54
 70
     1
102
RTVSPost2010Prop55
280
     0
102
RTVSPost2010PropOp55
 70
     1
102
RTVSPost2010Prop56
140
1.0
102
RTVSPost2010PropOp56
 70
     1
102
RTVSPost2010Prop57
140
1.0
102
RTVSPost2010PropOp57
 70
     1
  0
XRECORD
  5
470
102
{ACAD_REACTORS
330
46F
102
}
330
46F
100
AcDbXrecord
280
     1
102
RTVSPost2010Prop28
280
     0
102
RTVSPost2010PropOp28
 70
     1
102
RTVSPost2010Prop29
280
     1
102
RTVSPost2010PropOp29
 70
     1
102
RTVSPost2010Prop30
280
     1
102
RTVSPost2010PropOp30
 70
     1
102
RTVSPost2010Prop31
280
     0
102
RTVSPost2010PropOp31
 70
     1
102
RTVSPost2010Prop32
280
     0
102
RTVSPost2010PropOp32
 70
     1
102
RTVSPost2010Prop33
280
     0
102
RTVSPost2010PropOp33
 70
     1
102
RTVSPost2010Prop34
280
     0
102
RTVSPost2010PropOp34
 70
     1
102
RTVSPost2010Prop35
280
     0
102
RTVSPost2010PropOp35
 70
     1
102
RTVSPost2010Prop36
280
     0
102
RTVSPost2010PropOp36
 70
     1
102
RTVSPost2010Prop37
 90
       50
102
RTVSPost2010PropOp37
 70
     1
102
RTVSPost2010Prop38
140
0.0
102
RTVSPost2010PropOp38
 70
     1
102
RTVSPost2010Prop39
140
1.0
102
RTVSPost2010PropOp39
 70
     1
102
RTVSPost2010Prop40
 90
        0
102
RTVSPost2010PropOp40
 70
     1
102
RTVSPost2010Prop41ColorIndex
 90
       18
102
RTVSPost2010Prop41ColorRGB
 90
        0
102
RTVSPost2010PropOp41
 70
     1
102
RTVSPost2010Prop42
 90
       50
102
RTVSPost2010PropOp42
 70
     1
102
RTVSPost2010Prop43
 90
        3
102
RTVSPost2010PropOp43
 70
     1
102
RTVSPost2010Prop44ColorIndex
 90
        5
102
RTVSPost2010Prop44ColorRGB
 90
      255
102
RTVSPost2010PropOp44
 70
     1
102
RTVSPost2010Prop45
280
     0
102
RTVSPost2010PropOp45
 70
     1
102
RTVSPost2010Prop46
 90
       50
102
RTVSPost2010PropOp46
 70
     1
102
RTVSPost2010Prop47
 90
       50
102
RTVSPost2010PropOp47
 70
     1
102
RTVSPost2010Prop48
 90
       50
102
RTVSPost2010PropOp48
 70
     1
102
RTVSPost2010Prop49
280
     0
102
RTVSPost2010PropOp49
 70
     1
102
RTVSPost2010Prop50
 90
       50
102
RTVSPost2010PropOp50
 70
     1
102
RTVSPost2010Prop51ColorIndex
 90
      256
102
RTVSPost2010Prop51ColorRGB
 90
-16777216
102
RTVSPost2010PropOp51
 70
     0
102
RTVSPost2010Prop52
140
1.0
102
RTVSPost2010PropOp52
 70
     0
102
RTVSPost2010Prop53
 90
        2
102
RTVSPost2010PropOp53
 70
     1
102
RTVSPost2010Prop54
  1
strokes_ogs.tif
102
RTVSPost2010PropOp54
 70
     1
102
RTVSPost2010Prop55
280
     0
102
RTVSPost2010PropOp55
 70
     1
102
RTVSPost2010Prop56
140
1.0
102
RTVSPost2010PropOp56
 70
     1
102
RTVSPost2010Prop57
140
1.0
102
RTVSPost2010PropOp57
 70
     1
  0
XRECORD
  5
476
102
{ACAD_REACTORS
330
475
102
}
330
475
100
AcDbXrecord
280
     1
102
RTVSPost2010Prop28
280
     0
102
RTVSPost2010PropOp28
 70
     1
102
RTVSPost2010Prop29
280
     1
102
RTVSPost2010PropOp29
 70
     1
102
RTVSPost2010Prop30
280
     1
102
RTVSPost2010PropOp30
 70
     1
102
RTVSPost2010Prop31
280
     0
102
RTVSPost2010PropOp31
 70
     1
102
RTVSPost2010Prop32
280
     0
102
RTVSPost2010PropOp32
 70
     1
102
RTVSPost2010Prop33
280
     0
102
RTVSPost2010PropOp33
 70
     1
102
RTVSPost2010Prop34
280
     0
102
RTVSPost2010PropOp34
 70
     1
102
RTVSPost2010Prop35
280
     0
102
RTVSPost2010PropOp35
 70
     1
102
RTVSPost2010Prop36
280
     0
102
RTVSPost2010PropOp36
 70
     1
102
RTVSPost2010Prop37
 90
       50
102
RTVSPost2010PropOp37
 70
     1
102
RTVSPost2010Prop38
140
0.0
102
RTVSPost2010PropOp38
 70
     1
102
RTVSPost2010Prop39
140
1.0
102
RTVSPost2010PropOp39
 70
     1
102
RTVSPost2010Prop40
 90
        0
102
RTVSPost2010PropOp40
 70
     1
102
RTVSPost2010Prop41ColorIndex
 90
       18
102
RTVSPost2010Prop41ColorRGB
 90
        0
102
RTVSPost2010PropOp41
 70
     1
102
RTVSPost2010Prop42
 90
       50
102
RTVSPost2010PropOp42
 70
     1
102
RTVSPost2010Prop43
 90
        3
102
RTVSPost2010PropOp43
 70
     1
102
RTVSPost2010Prop44ColorIndex
 90
        5
102
RTVSPost2010Prop44ColorRGB
 90
      255
102
RTVSPost2010PropOp44
 70
     1
102
RTVSPost2010Prop45
280
     0
102
RTVSPost2010PropOp45
 70
     1
102
RTVSPost2010Prop46
 90
       50
102
RTVSPost2010PropOp46
 70
     1
102
RTVSPost2010Prop47
 90
       50
102
RTVSPost2010PropOp47
 70
     1
102
RTVSPost2010Prop48
 90
       50
102
RTVSPost2010PropOp48
 70
     1
102
RTVSPost2010Prop49
280
     0
102
RTVSPost2010PropOp49
 70
     1
102
RTVSPost2010Prop50
 90
       50
102
RTVSPost2010PropOp50
 70
     1
102
RTVSPost2010Prop51ColorIndex
 90
      256
102
RTVSPost2010Prop51ColorRGB
 90
-16777216
102
RTVSPost2010PropOp51
 70
     0
102
RTVSPost2010Prop52
140
1.0
102
RTVSPost2010PropOp52
 70
     0
102
RTVSPost2010Prop53
 90
        2
102
RTVSPost2010PropOp53
 70
     1
102
RTVSPost2010Prop54
  1
strokes_ogs.tif
102
RTVSPost2010PropOp54
 70
     1
102
RTVSPost2010Prop55
280
     0
102
RTVSPost2010PropOp55
 70
     1
102
RTVSPost2010Prop56
140
1.0
102
RTVSPost2010PropOp56
 70
     1
102
RTVSPost2010Prop57
140
1.0
102
RTVSPost2010PropOp57
 70
     1
  0
XRECORD
  5
48A
102
{ACAD_REACTORS
330
489
102
}
330
489
100
AcDbXrecord
280
     1
102
RTVSPost2010Prop28
280
     0
102
RTVSPost2010PropOp28
 70
     0
102
RTVSPost2010Prop29
280
     1
102
RTVSPost2010PropOp29
 70
     0
102
RTVSPost2010Prop30
280
     1
102
RTVSPost2010PropOp30
 70
     0
102
RTVSPost2010Prop31
280
     0
102
RTVSPost2010PropOp31
 70
     0
102
RTVSPost2010Prop32
280
     0
102
RTVSPost2010PropOp32
 70
     0
102
RTVSPost2010Prop33
280
     0
102
RTVSPost2010PropOp33
 70
     0
102
RTVSPost2010Prop34
280
     0
102
RTVSPost2010PropOp34
 70
     0
102
RTVSPost2010Prop35
280
     0
102
RTVSPost2010PropOp35
 70
     0
102
RTVSPost2010Prop36
280
     0
102
RTVSPost2010PropOp36
 70
     0
102
RTVSPost2010Prop37
 90
       50
102
RTVSPost2010PropOp37
 70
     0
102
RTVSPost2010Prop38
140
0.0
102
RTVSPost2010PropOp38
 70
     0
102
RTVSPost2010Prop39
140
1.0
102
RTVSPost2010PropOp39
 70
     0
102
RTVSPost2010Prop40
 90
        0
102
RTVSPost2010PropOp40
 70
     0
102
RTVSPost2010Prop41ColorIndex
 90
       18
102
RTVSPost2010Prop41ColorRGB
 90
        0
102
RTVSPost2010PropOp41
 70
     0
102
RTVSPost2010Prop42
 90
       50
102
RTVSPost2010PropOp42
 70
     0
102
RTVSPost2010Prop43
 90
        3
102
RTVSPost2010PropOp43
 70
     0
102
RTVSPost2010Prop44ColorIndex
 90
        5
102
RTVSPost2010Prop44ColorRGB
 90
      255
102
RTVSPost2010PropOp44
 70
     0
102
RTVSPost2010Prop45
280
     0
102
RTVSPost2010PropOp45
 70
     0
102
RTVSPost2010Prop46
 90
       50
102
RTVSPost2010PropOp46
 70
     0
102
RTVSPost2010Prop47
 90
       50
102
RTVSPost2010PropOp47
 70
     0
102
RTVSPost2010Prop48
 90
       50
102
RTVSPost2010PropOp48
 70
     0
102
RTVSPost2010Prop49
280
     0
102
RTVSPost2010PropOp49
 70
     0
102
RTVSPost2010Prop50
 90
       50
102
RTVSPost2010PropOp50
 70
     0
102
RTVSPost2010Prop51ColorIndex
 90
      256
102
RTVSPost2010Prop51ColorRGB
 90
-16777216
102
RTVSPost2010PropOp51
 70
     0
102
RTVSPost2010Prop52
140
1.0
102
RTVSPost2010PropOp52
 70
     0
102
RTVSPost2010Prop53
 90
        2
102
RTVSPost2010PropOp53
 70
     0
102
RTVSPost2010Prop54
  1
strokes_ogs.tif
102
RTVSPost2010PropOp54
 70
     0
102
RTVSPost2010Prop55
280
     0
102
RTVSPost2010PropOp55
 70
     0
102
RTVSPost2010Prop56
140
1.0
102
RTVSPost2010PropOp56
 70
     0
102
RTVSPost2010Prop57
140
1.0
102
RTVSPost2010PropOp57
 70
     0
  0
XRECORD
  5
484
102
{ACAD_REACTORS
330
483
102
}
330
483
100
AcDbXrecord
280
     1
102
RTVSPost2010Prop28
280
     0
102
RTVSPost2010PropOp28
 70
     1
102
RTVSPost2010Prop29
280
     1
102
RTVSPost2010PropOp29
 70
     1
102
RTVSPost2010Prop30
280
     1
102
RTVSPost2010PropOp30
 70
     1
102
RTVSPost2010Prop31
280
     0
102
RTVSPost2010PropOp31
 70
     1
102
RTVSPost2010Prop32
280
     0
102
RTVSPost2010PropOp32
 70
     1
102
RTVSPost2010Prop33
280
     0
102
RTVSPost2010PropOp33
 70
     1
102
RTVSPost2010Prop34
280
     0
102
RTVSPost2010PropOp34
 70
     1
102
RTVSPost2010Prop35
280
     0
102
RTVSPost2010PropOp35
 70
     1
102
RTVSPost2010Prop36
280
     0
102
RTVSPost2010PropOp36
 70
     1
102
RTVSPost2010Prop37
 90
       50
102
RTVSPost2010PropOp37
 70
     1
102
RTVSPost2010Prop38
140
0.0
102
RTVSPost2010PropOp38
 70
     1
102
RTVSPost2010Prop39
140
1.0
102
RTVSPost2010PropOp39
 70
     1
102
RTVSPost2010Prop40
 90
        0
102
RTVSPost2010PropOp40
 70
     1
102
RTVSPost2010Prop41ColorIndex
 90
       18
102
RTVSPost2010Prop41ColorRGB
 90
        0
102
RTVSPost2010PropOp41
 70
     1
102
RTVSPost2010Prop42
 90
       50
102
RTVSPost2010PropOp42
 70
     1
102
RTVSPost2010Prop43
 90
        3
102
RTVSPost2010PropOp43
 70
     1
102
RTVSPost2010Prop44ColorIndex
 90
        5
102
RTVSPost2010Prop44ColorRGB
 90
      255
102
RTVSPost2010PropOp44
 70
     1
102
RTVSPost2010Prop45
280
     0
102
RTVSPost2010PropOp45
 70
     1
102
RTVSPost2010Prop46
 90
       50
102
RTVSPost2010PropOp46
 70
     1
102
RTVSPost2010Prop47
 90
       50
102
RTVSPost2010PropOp47
 70
     1
102
RTVSPost2010Prop48
 90
       50
102
RTVSPost2010PropOp48
 70
     1
102
RTVSPost2010Prop49
280
     0
102
RTVSPost2010PropOp49
 70
     1
102
RTVSPost2010Prop50
 90
       50
102
RTVSPost2010PropOp50
 70
     1
102
RTVSPost2010Prop51ColorIndex
 90
      256
102
RTVSPost2010Prop51ColorRGB
 90
-16777216
102
RTVSPost2010PropOp51
 70
     0
102
RTVSPost2010Prop52
140
1.0
102
RTVSPost2010PropOp52
 70
     0
102
RTVSPost2010Prop53
 90
        2
102
RTVSPost2010PropOp53
 70
     1
102
RTVSPost2010Prop54
  1
strokes_ogs.tif
102
RTVSPost2010PropOp54
 70
     1
102
RTVSPost2010Prop55
280
     0
102
RTVSPost2010PropOp55
 70
     1
102
RTVSPost2010Prop56
140
1.0
102
RTVSPost2010PropOp56
 70
     1
102
RTVSPost2010Prop57
140
1.0
102
RTVSPost2010PropOp57
 70
     1
  0
XRECORD
  5
48C
102
{ACAD_REACTORS
330
48B
102
}
330
48B
100
AcDbXrecord
280
     1
102
RTVSPost2010Prop28
280
     0
102
RTVSPost2010PropOp28
 70
     0
102
RTVSPost2010Prop29
280
     1
102
RTVSPost2010PropOp29
 70
     0
102
RTVSPost2010Prop30
280
     1
102
RTVSPost2010PropOp30
 70
     0
102
RTVSPost2010Prop31
280
     0
102
RTVSPost2010PropOp31
 70
     0
102
RTVSPost2010Prop32
280
     0
102
RTVSPost2010PropOp32
 70
     0
102
RTVSPost2010Prop33
280
     0
102
RTVSPost2010PropOp33
 70
     0
102
RTVSPost2010Prop34
280
     0
102
RTVSPost2010PropOp34
 70
     0
102
RTVSPost2010Prop35
280
     0
102
RTVSPost2010PropOp35
 70
     0
102
RTVSPost2010Prop36
280
     0
102
RTVSPost2010PropOp36
 70
     0
102
RTVSPost2010Prop37
 90
       50
102
RTVSPost2010PropOp37
 70
     0
102
RTVSPost2010Prop38
140
0.0
102
RTVSPost2010PropOp38
 70
     0
102
RTVSPost2010Prop39
140
1.0
102
RTVSPost2010PropOp39
 70
     0
102
RTVSPost2010Prop40
 90
        0
102
RTVSPost2010PropOp40
 70
     0
102
RTVSPost2010Prop41ColorIndex
 90
       18
102
RTVSPost2010Prop41ColorRGB
 90
        0
102
RTVSPost2010PropOp41
 70
     0
102
RTVSPost2010Prop42
 90
       50
102
RTVSPost2010PropOp42
 70
     0
102
RTVSPost2010Prop43
 90
        3
102
RTVSPost2010PropOp43
 70
     0
102
RTVSPost2010Prop44ColorIndex
 90
        5
102
RTVSPost2010Prop44ColorRGB
 90
      255
102
RTVSPost2010PropOp44
 70
     0
102
RTVSPost2010Prop45
280
     0
102
RTVSPost2010PropOp45
 70
     0
102
RTVSPost2010Prop46
 90
       50
102
RTVSPost2010PropOp46
 70
     0
102
RTVSPost2010Prop47
 90
       50
102
RTVSPost2010PropOp47
 70
     0
102
RTVSPost2010Prop48
 90
       50
102
RTVSPost2010PropOp48
 70
     0
102
RTVSPost2010Prop49
280
     0
102
RTVSPost2010PropOp49
 70
     0
102
RTVSPost2010Prop50
 90
       50
102
RTVSPost2010PropOp50
 70
     0
102
RTVSPost2010Prop51ColorIndex
 90
      256
102
RTVSPost2010Prop51ColorRGB
 90
-16777216
102
RTVSPost2010PropOp51
 70
     0
102
RTVSPost2010Prop52
140
1.0
102
RTVSPost2010PropOp52
 70
     0
102
RTVSPost2010Prop53
 90
        2
102
RTVSPost2010PropOp53
 70
     0
102
RTVSPost2010Prop54
  1
strokes_ogs.tif
102
RTVSPost2010PropOp54
 70
     0
102
RTVSPost2010Prop55
280
     0
102
RTVSPost2010PropOp55
 70
     0
102
RTVSPost2010Prop56
140
1.0
102
RTVSPost2010PropOp56
 70
     0
102
RTVSPost2010Prop57
140
1.0
102
RTVSPost2010PropOp57
 70
     0
  0
XRECORD
  5
47A
102
{ACAD_REACTORS
330
479
102
}
330
479
100
AcDbXrecord
280
     1
102
RTVSPost2010Prop28
280
     0
102
RTVSPost2010PropOp28
 70
     1
102
RTVSPost2010Prop29
280
     1
102
RTVSPost2010PropOp29
 70
     1
102
RTVSPost2010Prop30
280
     1
102
RTVSPost2010PropOp30
 70
     1
102
RTVSPost2010Prop31
280
     0
102
RTVSPost2010PropOp31
 70
     1
102
RTVSPost2010Prop32
280
     0
102
RTVSPost2010PropOp32
 70
     1
102
RTVSPost2010Prop33
280
     0
102
RTVSPost2010PropOp33
 70
     1
102
RTVSPost2010Prop34
280
     0
102
RTVSPost2010PropOp34
 70
     1
102
RTVSPost2010Prop35
280
     0
102
RTVSPost2010PropOp35
 70
     1
102
RTVSPost2010Prop36
280
     0
102
RTVSPost2010PropOp36
 70
     1
102
RTVSPost2010Prop37
 90
       50
102
RTVSPost2010PropOp37
 70
     1
102
RTVSPost2010Prop38
140
0.0
102
RTVSPost2010PropOp38
 70
     1
102
RTVSPost2010Prop39
140
1.0
102
RTVSPost2010PropOp39
 70
     1
102
RTVSPost2010Prop40
 90
        0
102
RTVSPost2010PropOp40
 70
     1
102
RTVSPost2010Prop41ColorIndex
 90
       18
102
RTVSPost2010Prop41ColorRGB
 90
        0
102
RTVSPost2010PropOp41
 70
     1
102
RTVSPost2010Prop42
 90
       50
102
RTVSPost2010PropOp42
 70
     1
102
RTVSPost2010Prop43
 90
        3
102
RTVSPost2010PropOp43
 70
     1
102
RTVSPost2010Prop44ColorIndex
 90
        5
102
RTVSPost2010Prop44ColorRGB
 90
      255
102
RTVSPost2010PropOp44
 70
     1
102
RTVSPost2010Prop45
280
     0
102
RTVSPost2010PropOp45
 70
     1
102
RTVSPost2010Prop46
 90
       50
102
RTVSPost2010PropOp46
 70
     1
102
RTVSPost2010Prop47
 90
       50
102
RTVSPost2010PropOp47
 70
     1
102
RTVSPost2010Prop48
 90
       50
102
RTVSPost2010PropOp48
 70
     1
102
RTVSPost2010Prop49
280
     0
102
RTVSPost2010PropOp49
 70
     1
102
RTVSPost2010Prop50
 90
       50
102
RTVSPost2010PropOp50
 70
     1
102
RTVSPost2010Prop51ColorIndex
 90
      256
102
RTVSPost2010Prop51ColorRGB
 90
-16777216
102
RTVSPost2010PropOp51
 70
     0
102
RTVSPost2010Prop52
140
1.0
102
RTVSPost2010PropOp52
 70
     0
102
RTVSPost2010Prop53
 90
        2
102
RTVSPost2010PropOp53
 70
     1
102
RTVSPost2010Prop54
  1
strokes_ogs.tif
102
RTVSPost2010PropOp54
 70
     1
102
RTVSPost2010Prop55
280
     0
102
RTVSPost2010PropOp55
 70
     1
102
RTVSPost2010Prop56
140
1.0
102
RTVSPost2010PropOp56
 70
     1
102
RTVSPost2010Prop57
140
1.0
102
RTVSPost2010PropOp57
 70
     1
  0
XRECORD
  5
498
102
{ACAD_REACTORS
330
497
102
}
330
497
100
AcDbXrecord
280
     1
102
RTVSPost2010Prop28
280
     0
102
RTVSPost2010PropOp28
 70
     1
102
RTVSPost2010Prop29
280
     1
102
RTVSPost2010PropOp29
 70
     1
102
RTVSPost2010Prop30
280
     1
102
RTVSPost2010PropOp30
 70
     1
102
RTVSPost2010Prop31
280
     0
102
RTVSPost2010PropOp31
 70
     1
102
RTVSPost2010Prop32
280
     0
102
RTVSPost2010PropOp32
 70
     1
102
RTVSPost2010Prop33
280
     0
102
RTVSPost2010PropOp33
 70
     1
102
RTVSPost2010Prop34
280
     0
102
RTVSPost2010PropOp34
 70
     1
102
RTVSPost2010Prop35
280
     0
102
RTVSPost2010PropOp35
 70
     1
102
RTVSPost2010Prop36
280
     0
102
RTVSPost2010PropOp36
 70
     1
102
RTVSPost2010Prop37
 90
       50
102
RTVSPost2010PropOp37
 70
     1
102
RTVSPost2010Prop38
140
0.0
102
RTVSPost2010PropOp38
 70
     1
102
RTVSPost2010Prop39
140
1.0
102
RTVSPost2010PropOp39
 70
     1
102
RTVSPost2010Prop40
 90
        0
102
RTVSPost2010PropOp40
 70
     1
102
RTVSPost2010Prop41ColorIndex
 90
       18
102
RTVSPost2010Prop41ColorRGB
 90
        0
102
RTVSPost2010PropOp41
 70
     1
102
RTVSPost2010Prop42
 90
       50
102
RTVSPost2010PropOp42
 70
     1
102
RTVSPost2010Prop43
 90
        3
102
RTVSPost2010PropOp43
 70
     1
102
RTVSPost2010Prop44ColorIndex
 90
        5
102
RTVSPost2010Prop44ColorRGB
 90
      255
102
RTVSPost2010PropOp44
 70
     1
102
RTVSPost2010Prop45
280
     0
102
RTVSPost2010PropOp45
 70
     1
102
RTVSPost2010Prop46
 90
       50
102
RTVSPost2010PropOp46
 70
     1
102
RTVSPost2010Prop47
 90
       50
102
RTVSPost2010PropOp47
 70
     1
102
RTVSPost2010Prop48
 90
       50
102
RTVSPost2010PropOp48
 70
     1
102
RTVSPost2010Prop49
280
     0
102
RTVSPost2010PropOp49
 70
     1
102
RTVSPost2010Prop50
 90
       50
102
RTVSPost2010PropOp50
 70
     1
102
RTVSPost2010Prop51ColorIndex
 90
      256
102
RTVSPost2010Prop51ColorRGB
 90
-16777216
102
RTVSPost2010PropOp51
 70
     0
102
RTVSPost2010Prop52
140
1.0
102
RTVSPost2010PropOp52
 70
     0
102
RTVSPost2010Prop53
 90
        2
102
RTVSPost2010PropOp53
 70
     1
102
RTVSPost2010Prop54
  1
strokes_ogs.tif
102
RTVSPost2010PropOp54
 70
     1
102
RTVSPost2010Prop55
280
     0
102
RTVSPost2010PropOp55
 70
     1
102
RTVSPost2010Prop56
140
1.0
102
RTVSPost2010PropOp56
 70
     1
102
RTVSPost2010Prop57
140
1.0
102
RTVSPost2010PropOp57
 70
     1
  0
XRECORD
  5
496
102
{ACAD_REACTORS
330
495
102
}
330
495
100
AcDbXrecord
280
     1
102
RTVSPost2010Prop28
280
     0
102
RTVSPost2010PropOp28
 70
     1
102
RTVSPost2010Prop29
280
     1
102
RTVSPost2010PropOp29
 70
     1
102
RTVSPost2010Prop30
280
     1
102
RTVSPost2010PropOp30
 70
     1
102
RTVSPost2010Prop31
280
     0
102
RTVSPost2010PropOp31
 70
     1
102
RTVSPost2010Prop32
280
     0
102
RTVSPost2010PropOp32
 70
     1
102
RTVSPost2010Prop33
280
     0
102
RTVSPost2010PropOp33
 70
     1
102
RTVSPost2010Prop34
280
     0
102
RTVSPost2010PropOp34
 70
     1
102
RTVSPost2010Prop35
280
     0
102
RTVSPost2010PropOp35
 70
     1
102
RTVSPost2010Prop36
280
     0
102
RTVSPost2010PropOp36
 70
     1
102
RTVSPost2010Prop37
 90
       50
102
RTVSPost2010PropOp37
 70
     1
102
RTVSPost2010Prop38
140
0.0
102
RTVSPost2010PropOp38
 70
     1
102
RTVSPost2010Prop39
140
1.0
102
RTVSPost2010PropOp39
 70
     1
102
RTVSPost2010Prop40
 90
        0
102
RTVSPost2010PropOp40
 70
     1
102
RTVSPost2010Prop41ColorIndex
 90
       18
102
RTVSPost2010Prop41ColorRGB
 90
        0
102
RTVSPost2010PropOp41
 70
     1
102
RTVSPost2010Prop42
 90
       50
102
RTVSPost2010PropOp42
 70
     1
102
RTVSPost2010Prop43
 90
        3
102
RTVSPost2010PropOp43
 70
     1
102
RTVSPost2010Prop44ColorIndex
 90
        5
102
RTVSPost2010Prop44ColorRGB
 90
      255
102
RTVSPost2010PropOp44
 70
     1
102
RTVSPost2010Prop45
280
     0
102
RTVSPost2010PropOp45
 70
     1
102
RTVSPost2010Prop46
 90
       50
102
RTVSPost2010PropOp46
 70
     1
102
RTVSPost2010Prop47
 90
       50
102
RTVSPost2010PropOp47
 70
     1
102
RTVSPost2010Prop48
 90
       50
102
RTVSPost2010PropOp48
 70
     1
102
RTVSPost2010Prop49
280
     0
102
RTVSPost2010PropOp49
 70
     1
102
RTVSPost2010Prop50
 90
       50
102
RTVSPost2010PropOp50
 70
     1
102
RTVSPost2010Prop51ColorIndex
 90
      256
102
RTVSPost2010Prop51ColorRGB
 90
-16777216
102
RTVSPost2010PropOp51
 70
     0
102
RTVSPost2010Prop52
140
1.0
102
RTVSPost2010PropOp52
 70
     0
102
RTVSPost2010Prop53
 90
        2
102
RTVSPost2010PropOp53
 70
     1
102
RTVSPost2010Prop54
  1
strokes_ogs.tif
102
RTVSPost2010PropOp54
 70
     1
102
RTVSPost2010Prop55
280
     0
102
RTVSPost2010PropOp55
 70
     1
102
RTVSPost2010Prop56
140
1.0
102
RTVSPost2010PropOp56
 70
     1
102
RTVSPost2010Prop57
140
1.0
102
RTVSPost2010PropOp57
 70
     1
  0
XRECORD
  5
490
102
{ACAD_REACTORS
330
48F
102
}
330
48F
100
AcDbXrecord
280
     1
102
RTVSPost2010Prop28
280
     0
102
RTVSPost2010PropOp28
 70
     1
102
RTVSPost2010Prop29
280
     1
102
RTVSPost2010PropOp29
 70
     1
102
RTVSPost2010Prop30
280
     1
102
RTVSPost2010PropOp30
 70
     1
102
RTVSPost2010Prop31
280
     0
102
RTVSPost2010PropOp31
 70
     1
102
RTVSPost2010Prop32
280
     0
102
RTVSPost2010PropOp32
 70
     1
102
RTVSPost2010Prop33
280
     0
102
RTVSPost2010PropOp33
 70
     1
102
RTVSPost2010Prop34
280
     0
102
RTVSPost2010PropOp34
 70
     1
102
RTVSPost2010Prop35
280
     0
102
RTVSPost2010PropOp35
 70
     1
102
RTVSPost2010Prop36
280
     0
102
RTVSPost2010PropOp36
 70
     1
102
RTVSPost2010Prop37
 90
       50
102
RTVSPost2010PropOp37
 70
     1
102
RTVSPost2010Prop38
140
0.0
102
RTVSPost2010PropOp38
 70
     1
102
RTVSPost2010Prop39
140
1.0
102
RTVSPost2010PropOp39
 70
     1
102
RTVSPost2010Prop40
 90
        0
102
RTVSPost2010PropOp40
 70
     1
102
RTVSPost2010Prop41ColorIndex
 90
       18
102
RTVSPost2010Prop41ColorRGB
 90
        0
102
RTVSPost2010PropOp41
 70
     1
102
RTVSPost2010Prop42
 90
       50
102
RTVSPost2010PropOp42
 70
     1
102
RTVSPost2010Prop43
 90
        3
102
RTVSPost2010PropOp43
 70
     1
102
RTVSPost2010Prop44ColorIndex
 90
        5
102
RTVSPost2010Prop44ColorRGB
 90
      255
102
RTVSPost2010PropOp44
 70
     1
102
RTVSPost2010Prop45
280
     0
102
RTVSPost2010PropOp45
 70
     1
102
RTVSPost2010Prop46
 90
       50
102
RTVSPost2010PropOp46
 70
     1
102
RTVSPost2010Prop47
 90
       50
102
RTVSPost2010PropOp47
 70
     1
102
RTVSPost2010Prop48
 90
       50
102
RTVSPost2010PropOp48
 70
     1
102
RTVSPost2010Prop49
280
     0
102
RTVSPost2010PropOp49
 70
     1
102
RTVSPost2010Prop50
 90
       50
102
RTVSPost2010PropOp50
 70
     1
102
RTVSPost2010Prop51ColorIndex
 90
      256
102
RTVSPost2010Prop51ColorRGB
 90
-16777216
102
RTVSPost2010PropOp51
 70
     0
102
RTVSPost2010Prop52
140
1.0
102
RTVSPost2010PropOp52
 70
     0
102
RTVSPost2010Prop53
 90
        2
102
RTVSPost2010PropOp53
 70
     1
102
RTVSPost2010Prop54
  1
strokes_ogs.tif
102
RTVSPost2010PropOp54
 70
     1
102
RTVSPost2010Prop55
280
     0
102
RTVSPost2010PropOp55
 70
     1
102
RTVSPost2010Prop56
140
1.0
102
RTVSPost2010PropOp56
 70
     1
102
RTVSPost2010Prop57
140
1.0
102
RTVSPost2010PropOp57
 70
     1
  0
XRECORD
  5
492
102
{ACAD_REACTORS
330
491
102
}
330
491
100
AcDbXrecord
280
     1
102
RTVSPost2010Prop28
280
     0
102
RTVSPost2010PropOp28
 70
     1
102
RTVSPost2010Prop29
280
     1
102
RTVSPost2010PropOp29
 70
     1
102
RTVSPost2010Prop30
280
     1
102
RTVSPost2010PropOp30
 70
     1
102
RTVSPost2010Prop31
280
     0
102
RTVSPost2010PropOp31
 70
     1
102
RTVSPost2010Prop32
280
     0
102
RTVSPost2010PropOp32
 70
     1
102
RTVSPost2010Prop33
280
     0
102
RTVSPost2010PropOp33
 70
     1
102
RTVSPost2010Prop34
280
     0
102
RTVSPost2010PropOp34
 70
     1
102
RTVSPost2010Prop35
280
     0
102
RTVSPost2010PropOp35
 70
     1
102
RTVSPost2010Prop36
280
     0
102
RTVSPost2010PropOp36
 70
     1
102
RTVSPost2010Prop37
 90
       50
102
RTVSPost2010PropOp37
 70
     1
102
RTVSPost2010Prop38
140
0.0
102
RTVSPost2010PropOp38
 70
     1
102
RTVSPost2010Prop39
140
1.0
102
RTVSPost2010PropOp39
 70
     1
102
RTVSPost2010Prop40
 90
        0
102
RTVSPost2010PropOp40
 70
     1
102
RTVSPost2010Prop41ColorIndex
 90
       18
102
RTVSPost2010Prop41ColorRGB
 90
        0
102
RTVSPost2010PropOp41
 70
     1
102
RTVSPost2010Prop42
 90
       50
102
RTVSPost2010PropOp42
 70
     1
102
RTVSPost2010Prop43
 90
        3
102
RTVSPost2010PropOp43
 70
     1
102
RTVSPost2010Prop44ColorIndex
 90
        5
102
RTVSPost2010Prop44ColorRGB
 90
      255
102
RTVSPost2010PropOp44
 70
     1
102
RTVSPost2010Prop45
280
     0
102
RTVSPost2010PropOp45
 70
     1
102
RTVSPost2010Prop46
 90
       50
102
RTVSPost2010PropOp46
 70
     1
102
RTVSPost2010Prop47
 90
       50
102
RTVSPost2010PropOp47
 70
     1
102
RTVSPost2010Prop48
 90
       50
102
RTVSPost2010PropOp48
 70
     1
102
RTVSPost2010Prop49
280
     0
102
RTVSPost2010PropOp49
 70
     1
102
RTVSPost2010Prop50
 90
       50
102
RTVSPost2010PropOp50
 70
     1
102
RTVSPost2010Prop51ColorIndex
 90
      256
102
RTVSPost2010Prop51ColorRGB
 90
-16777216
102
RTVSPost2010PropOp51
 70
     0
102
RTVSPost2010Prop52
140
1.0
102
RTVSPost2010PropOp52
 70
     0
102
RTVSPost2010Prop53
 90
        2
102
RTVSPost2010PropOp53
 70
     1
102
RTVSPost2010Prop54
  1
strokes_ogs.tif
102
RTVSPost2010PropOp54
 70
     1
102
RTVSPost2010Prop55
280
     0
102
RTVSPost2010PropOp55
 70
     1
102
RTVSPost2010Prop56
140
1.0
102
RTVSPost2010PropOp56
 70
     1
102
RTVSPost2010Prop57
140
1.0
102
RTVSPost2010PropOp57
 70
     1
  0
XRECORD
  5
482
102
{ACAD_REACTORS
330
481
102
}
330
481
100
AcDbXrecord
280
     1
102
RTVSPost2010Prop28
280
     0
102
RTVSPost2010PropOp28
 70
     1
102
RTVSPost2010Prop29
280
     1
102
RTVSPost2010PropOp29
 70
     1
102
RTVSPost2010Prop30
280
     1
102
RTVSPost2010PropOp30
 70
     1
102
RTVSPost2010Prop31
280
     0
102
RTVSPost2010PropOp31
 70
     1
102
RTVSPost2010Prop32
280
     0
102
RTVSPost2010PropOp32
 70
     1
102
RTVSPost2010Prop33
280
     0
102
RTVSPost2010PropOp33
 70
     1
102
RTVSPost2010Prop34
280
     0
102
RTVSPost2010PropOp34
 70
     1
102
RTVSPost2010Prop35
280
     0
102
RTVSPost2010PropOp35
 70
     1
102
RTVSPost2010Prop36
280
     0
102
RTVSPost2010PropOp36
 70
     1
102
RTVSPost2010Prop37
 90
       50
102
RTVSPost2010PropOp37
 70
     1
102
RTVSPost2010Prop38
140
0.0
102
RTVSPost2010PropOp38
 70
     1
102
RTVSPost2010Prop39
140
1.0
102
RTVSPost2010PropOp39
 70
     1
102
RTVSPost2010Prop40
 90
        0
102
RTVSPost2010PropOp40
 70
     1
102
RTVSPost2010Prop41ColorIndex
 90
       18
102
RTVSPost2010Prop41ColorRGB
 90
        0
102
RTVSPost2010PropOp41
 70
     1
102
RTVSPost2010Prop42
 90
       50
102
RTVSPost2010PropOp42
 70
     1
102
RTVSPost2010Prop43
 90
        3
102
RTVSPost2010PropOp43
 70
     1
102
RTVSPost2010Prop44ColorIndex
 90
        5
102
RTVSPost2010Prop44ColorRGB
 90
      255
102
RTVSPost2010PropOp44
 70
     1
102
RTVSPost2010Prop45
280
     0
102
RTVSPost2010PropOp45
 70
     1
102
RTVSPost2010Prop46
 90
       50
102
RTVSPost2010PropOp46
 70
     1
102
RTVSPost2010Prop47
 90
       50
102
RTVSPost2010PropOp47
 70
     1
102
RTVSPost2010Prop48
 90
       50
102
RTVSPost2010PropOp48
 70
     1
102
RTVSPost2010Prop49
280
     0
102
RTVSPost2010PropOp49
 70
     1
102
RTVSPost2010Prop50
 90
       50
102
RTVSPost2010PropOp50
 70
     1
102
RTVSPost2010Prop51ColorIndex
 90
      256
102
RTVSPost2010Prop51ColorRGB
 90
-16777216
102
RTVSPost2010PropOp51
 70
     0
102
RTVSPost2010Prop52
140
1.0
102
RTVSPost2010PropOp52
 70
     0
102
RTVSPost2010Prop53
 90
        2
102
RTVSPost2010PropOp53
 70
     1
102
RTVSPost2010Prop54
  1
strokes_ogs.tif
102
RTVSPost2010PropOp54
 70
     1
102
RTVSPost2010Prop55
280
     0
102
RTVSPost2010PropOp55
 70
     1
102
RTVSPost2010Prop56
140
1.0
102
RTVSPost2010PropOp56
 70
     1
102
RTVSPost2010Prop57
140
1.0
102
RTVSPost2010PropOp57
 70
     1
  0
XRECORD
  5
474
102
{ACAD_REACTORS
330
473
102
}
330
473
100
AcDbXrecord
280
     1
102
RTVSPost2010Prop28
280
     0
102
RTVSPost2010PropOp28
 70
     1
102
RTVSPost2010Prop29
280
     1
102
RTVSPost2010PropOp29
 70
     1
102
RTVSPost2010Prop30
280
     1
102
RTVSPost2010PropOp30
 70
     1
102
RTVSPost2010Prop31
280
     0
102
RTVSPost2010PropOp31
 70
     1
102
RTVSPost2010Prop32
280
     0
102
RTVSPost2010PropOp32
 70
     1
102
RTVSPost2010Prop33
280
     0
102
RTVSPost2010PropOp33
 70
     1
102
RTVSPost2010Prop34
280
     0
102
RTVSPost2010PropOp34
 70
     1
102
RTVSPost2010Prop35
280
     0
102
RTVSPost2010PropOp35
 70
     1
102
RTVSPost2010Prop36
280
     0
102
RTVSPost2010PropOp36
 70
     1
102
RTVSPost2010Prop37
 90
       50
102
RTVSPost2010PropOp37
 70
     1
102
RTVSPost2010Prop38
140
0.0
102
RTVSPost2010PropOp38
 70
     1
102
RTVSPost2010Prop39
140
1.0
102
RTVSPost2010PropOp39
 70
     1
102
RTVSPost2010Prop40
 90
        0
102
RTVSPost2010PropOp40
 70
     1
102
RTVSPost2010Prop41ColorIndex
 90
       18
102
RTVSPost2010Prop41ColorRGB
 90
        0
102
RTVSPost2010PropOp41
 70
     1
102
RTVSPost2010Prop42
 90
       50
102
RTVSPost2010PropOp42
 70
     1
102
RTVSPost2010Prop43
 90
        3
102
RTVSPost2010PropOp43
 70
     1
102
RTVSPost2010Prop44ColorIndex
 90
        5
102
RTVSPost2010Prop44ColorRGB
 90
      255
102
RTVSPost2010PropOp44
 70
     1
102
RTVSPost2010Prop45
280
     0
102
RTVSPost2010PropOp45
 70
     1
102
RTVSPost2010Prop46
 90
       50
102
RTVSPost2010PropOp46
 70
     1
102
RTVSPost2010Prop47
 90
       50
102
RTVSPost2010PropOp47
 70
     1
102
RTVSPost2010Prop48
 90
       50
102
RTVSPost2010PropOp48
 70
     1
102
RTVSPost2010Prop49
280
     0
102
RTVSPost2010PropOp49
 70
     1
102
RTVSPost2010Prop50
 90
       50
102
RTVSPost2010PropOp50
 70
     1
102
RTVSPost2010Prop51ColorIndex
 90
      256
102
RTVSPost2010Prop51ColorRGB
 90
-16777216
102
RTVSPost2010PropOp51
 70
     0
102
RTVSPost2010Prop52
140
1.0
102
RTVSPost2010PropOp52
 70
     0
102
RTVSPost2010Prop53
 90
        2
102
RTVSPost2010PropOp53
 70
     1
102
RTVSPost2010Prop54
  1
strokes_ogs.tif
102
RTVSPost2010PropOp54
 70
     1
102
RTVSPost2010Prop55
280
     0
102
RTVSPost2010PropOp55
 70
     1
102
RTVSPost2010Prop56
140
1.0
102
RTVSPost2010PropOp56
 70
     1
102
RTVSPost2010Prop57
140
1.0
102
RTVSPost2010PropOp57
 70
     1
  0
XRECORD
  5
494
102
{ACAD_REACTORS
330
493
102
}
330
493
100
AcDbXrecord
280
     1
102
RTVSPost2010Prop28
280
     0
102
RTVSPost2010PropOp28
 70
     1
102
RTVSPost2010Prop29
280
     1
102
RTVSPost2010PropOp29
 70
     1
102
RTVSPost2010Prop30
280
     1
102
RTVSPost2010PropOp30
 70
     1
102
RTVSPost2010Prop31
280
     0
102
RTVSPost2010PropOp31
 70
     1
102
RTVSPost2010Prop32
280
     0
102
RTVSPost2010PropOp32
 70
     1
102
RTVSPost2010Prop33
280
     0
102
RTVSPost2010PropOp33
 70
     1
102
RTVSPost2010Prop34
280
     0
102
RTVSPost2010PropOp34
 70
     1
102
RTVSPost2010Prop35
280
     0
102
RTVSPost2010PropOp35
 70
     1
102
RTVSPost2010Prop36
280
     0
102
RTVSPost2010PropOp36
 70
     1
102
RTVSPost2010Prop37
 90
       50
102
RTVSPost2010PropOp37
 70
     1
102
RTVSPost2010Prop38
140
0.0
102
RTVSPost2010PropOp38
 70
     1
102
RTVSPost2010Prop39
140
1.0
102
RTVSPost2010PropOp39
 70
     1
102
RTVSPost2010Prop40
 90
        0
102
RTVSPost2010PropOp40
 70
     1
102
RTVSPost2010Prop41ColorIndex
 90
       18
102
RTVSPost2010Prop41ColorRGB
 90
        0
102
RTVSPost2010PropOp41
 70
     1
102
RTVSPost2010Prop42
 90
       50
102
RTVSPost2010PropOp42
 70
     1
102
RTVSPost2010Prop43
 90
        3
102
RTVSPost2010PropOp43
 70
     1
102
RTVSPost2010Prop44ColorIndex
 90
        5
102
RTVSPost2010Prop44ColorRGB
 90
      255
102
RTVSPost2010PropOp44
 70
     1
102
RTVSPost2010Prop45
280
     0
102
RTVSPost2010PropOp45
 70
     1
102
RTVSPost2010Prop46
 90
       50
102
RTVSPost2010PropOp46
 70
     1
102
RTVSPost2010Prop47
 90
       50
102
RTVSPost2010PropOp47
 70
     1
102
RTVSPost2010Prop48
 90
       50
102
RTVSPost2010PropOp48
 70
     1
102
RTVSPost2010Prop49
280
     0
102
RTVSPost2010PropOp49
 70
     1
102
RTVSPost2010Prop50
 90
       50
102
RTVSPost2010PropOp50
 70
     1
102
RTVSPost2010Prop51ColorIndex
 90
      256
102
RTVSPost2010Prop51ColorRGB
 90
-16777216
102
RTVSPost2010PropOp51
 70
     0
102
RTVSPost2010Prop52
140
1.0
102
RTVSPost2010PropOp52
 70
     0
102
RTVSPost2010Prop53
 90
        2
102
RTVSPost2010PropOp53
 70
     1
102
RTVSPost2010Prop54
  1
strokes_ogs.tif
102
RTVSPost2010PropOp54
 70
     1
102
RTVSPost2010Prop55
280
     0
102
RTVSPost2010PropOp55
 70
     1
102
RTVSPost2010Prop56
140
1.0
102
RTVSPost2010PropOp56
 70
     1
102
RTVSPost2010Prop57
140
1.0
102
RTVSPost2010PropOp57
 70
     1
  0
ENDSEC
  0
EOF
