ISO-10303-21;
HEADER;

/* File generated by Shapr3D Version 26.150.0.11562 */

FILE_DESCRIPTION(('HOOPS Exchange Step'),'2;1');

FILE_NAME('/Users/tdbell11/Library/Containers/com.shapr3d.shapr/Data/tmp/export/temp_export',
'2026-08-29T15:36:40-07:00',
('tysonbell'),
('Shapr3D Limited'),
'HOOPS Exchange 2026.3',
'Shapr3D',
'Authorized');

FILE_SCHEMA( ('AP242_MANAGED_MODEL_BASED_3D_ENGINEERING_MIM_LF {1 0 10303 442 1 1 4}') );

ENDSEC;

DATA;
#3=(NAMED_UNIT(*)PLANE_ANGLE_UNIT()SI_UNIT($,.RADIAN.));
#4=PLANE_ANGLE_MEASURE_WITH_UNIT(PLANE_ANGLE_MEASURE(0.0174532925),#3);
#5=(CONVERSION_BASED_UNIT('DEGREE',#4)NAMED_UNIT(#6)PLANE_ANGLE_UNIT());
#6=DIMENSIONAL_EXPONENTS(0.,0.,0.,0.,0.,0.,0.);
#7=(NAMED_UNIT(*)SI_UNIT($,.STERADIAN.)SOLID_ANGLE_UNIT());
#8=(LENGTH_UNIT()NAMED_UNIT(*)SI_UNIT(.MILLI.,.METRE.));
#9=UNCERTAINTY_MEASURE_WITH_UNIT(LENGTH_MEASURE(1.000000E-03),#8,'DISTANCE_ACCURACY_VALUE','Maximum Tolerance applied to model');
#10=(GEOMETRIC_REPRESENTATION_CONTEXT(3)GLOBAL_UNCERTAINTY_ASSIGNED_CONTEXT((#9))GLOBAL_UNIT_ASSIGNED_CONTEXT((#8,#5,#7))REPRESENTATION_CONTEXT('','root'));
#12=CARTESIAN_POINT('',(0.,0.,0.));
#13=DIRECTION('',(0.,0.,1.));
#14=DIRECTION('',(1.,0.,0.));
#15=AXIS2_PLACEMENT_3D('TS3D_PRODUCT_CSYS',#12,#13,#14);
#26=(NAMED_UNIT(*)PLANE_ANGLE_UNIT()SI_UNIT($,.RADIAN.));
#27=PLANE_ANGLE_MEASURE_WITH_UNIT(PLANE_ANGLE_MEASURE(0.0174532925),#26);
#28=(CONVERSION_BASED_UNIT('DEGREE',#27)NAMED_UNIT(#29)PLANE_ANGLE_UNIT());
#29=DIMENSIONAL_EXPONENTS(0.,0.,0.,0.,0.,0.,0.);
#30=(NAMED_UNIT(*)SI_UNIT($,.STERADIAN.)SOLID_ANGLE_UNIT());
#31=(LENGTH_UNIT()NAMED_UNIT(*)SI_UNIT(.MILLI.,.METRE.));
#32=UNCERTAINTY_MEASURE_WITH_UNIT(LENGTH_MEASURE(1.000000E-05),#31,'DISTANCE_ACCURACY_VALUE','Maximum Tolerance applied to model');
#33=(GEOMETRIC_REPRESENTATION_CONTEXT(3)GLOBAL_UNCERTAINTY_ASSIGNED_CONTEXT((#32))GLOBAL_UNIT_ASSIGNED_CONTEXT((#31,#28,#30))REPRESENTATION_CONTEXT('','shapr3d_export_2025-10-02_16h33m.step'));
#45=CARTESIAN_POINT('',(0.,0.,0.));
#46=DIRECTION('',(0.,0.,1.));
#47=DIRECTION('',(1.,0.,-0.));
#48=AXIS2_PLACEMENT_3D('',#45,#46,#47);
#49=ITEM_DEFINED_TRANSFORMATION('','',#48,#15);
#50=(REPRESENTATION_RELATIONSHIP('','',#35,#16)REPRESENTATION_RELATIONSHIP_WITH_TRANSFORMATION(#49)SHAPE_REPRESENTATION_RELATIONSHIP());
#51=NEXT_ASSEMBLY_USAGE_OCCURRENCE('shapr3d_export_2025-10-02_16h33m.step_1','shapr3d_export_2025-10-02_16h33m.step','shapr3d_export_2025-10-02_16h33m.step',#25,#44,$);
#52=PRODUCT_DEFINITION_SHAPE('','',#51);
#53=CONTEXT_DEPENDENT_SHAPE_REPRESENTATION(#50,#52);
#55=CARTESIAN_POINT('',(63.994946644,27.,69.920588997));
#56=DIRECTION('',(0.,-1.,0.));
#57=DIRECTION('',(0.,0.,-1.));
#58=AXIS2_PLACEMENT_3D('',#55,#56,#57);
#59=CYLINDRICAL_SURFACE('',#58,10.);
#60=CARTESIAN_POINT('',(53.997123166,26.,69.711960866));
#61=VERTEX_POINT('',#60);
#62=CARTESIAN_POINT('',(56.572020028,26.,63.219830797));
#63=VERTEX_POINT('',#62);
#64=CARTESIAN_POINT('',(63.994946644,26.,69.920588997));
#65=DIRECTION('',(0.,-1.,0.));
#66=DIRECTION('',(0.,0.,-1.));
#67=AXIS2_PLACEMENT_3D('',#64,#65,#66);
#68=CIRCLE('',#67,10.);
#69=EDGE_CURVE('',#61,#63,#68,.T.);
#70=ORIENTED_EDGE('',*,*,#69,.T.);
#71=CARTESIAN_POINT('',(56.572020028,27.,63.219830797));
#72=VERTEX_POINT('',#71);
#73=CARTESIAN_POINT('',(56.572020028,27.,63.219830797));
#74=DIRECTION('',(0.,-1.,0.));
#75=VECTOR('',#74,1.);
#76=LINE('',#73,#75);
#77=EDGE_CURVE('',#72,#63,#76,.T.);
#78=ORIENTED_EDGE('',*,*,#77,.F.);
#79=CARTESIAN_POINT('',(53.997123166,27.,69.711960866));
#80=VERTEX_POINT('',#79);
#81=CARTESIAN_POINT('',(63.994946644,27.,69.920588997));
#82=DIRECTION('',(0.,-1.,0.));
#83=DIRECTION('',(0.,0.,-1.));
#84=AXIS2_PLACEMENT_3D('',#81,#82,#83);
#85=CIRCLE('',#84,10.);
#86=EDGE_CURVE('',#80,#72,#85,.T.);
#87=ORIENTED_EDGE('',*,*,#86,.F.);
#88=CARTESIAN_POINT('',(53.997123166,27.,69.711960866));
#89=DIRECTION('',(0.,-1.,0.));
#90=VECTOR('',#89,1.);
#91=LINE('',#88,#90);
#92=EDGE_CURVE('',#80,#61,#91,.T.);
#93=ORIENTED_EDGE('',*,*,#92,.T.);
#94=EDGE_LOOP('',(#70,#78,#87,#93));
#95=FACE_BOUND('',#94,.T.);
#96=ADVANCED_FACE('',(#95),#59,.F.);
#97=CARTESIAN_POINT('',(53.997123166,27.,69.711960866));
#98=CARTESIAN_POINT('',(53.997123166,26.,69.711960866));
#99=CARTESIAN_POINT('',(53.616798357,27.,74.775292469));
#100=CARTESIAN_POINT('',(53.616798357,26.,74.775292469));
#101=CARTESIAN_POINT('',(51.65965613,27.,78.932060045));
#102=CARTESIAN_POINT('',(51.65965613,26.,78.932060045));
#103=CARTESIAN_POINT('',(48.887074632,27.,81.819516068));
#104=CARTESIAN_POINT('',(48.887074632,26.,81.819516068));
#105=CARTESIAN_POINT('',(48.887051545,27.,81.819540112));
#106=CARTESIAN_POINT('',(48.887051545,26.,81.819540112));
#107=CARTESIAN_POINT('',(48.887028458,27.,81.819564155));
#108=CARTESIAN_POINT('',(48.887028458,26.,81.819564155));
#109=CARTESIAN_POINT('',(48.88700537,27.,81.819588199));
#110=CARTESIAN_POINT('',(48.88700537,26.,81.819588199));
#111=CARTESIAN_POINT('',(39.220048062,27.,91.886942287));
#112=CARTESIAN_POINT('',(39.220048062,26.,91.886942287));
#113=CARTESIAN_POINT('',(26.610497218,27.,86.889528014));
#114=CARTESIAN_POINT('',(26.610497218,26.,86.889528014));
#115=CARTESIAN_POINT('',(25.157253125,27.,69.880987583));
#116=CARTESIAN_POINT('',(25.157253125,26.,69.880987583));
#117=(BOUNDED_SURFACE()
B_SPLINE_SURFACE(3,1,((#97,#98),(#99,#100),(#101,#102),(#103,#104),(#105,#106),(#107,#108),(#109,#110),(#111,#112),(#113,#114),(#115,#116)),.UNSPECIFIED.,.F.,.F.,.U.)
B_SPLINE_SURFACE_WITH_KNOTS((4,3,3,4),(2,2),(0.330215987,0.5,0.500001661,0.932118857),(0.,1.),.UNSPECIFIED.)
GEOMETRIC_REPRESENTATION_ITEM()
RATIONAL_B_SPLINE_SURFACE(((0.705246651,0.705246651),(0.752980926,0.752980926),(0.851232042,0.851232042),(1.,1.),(0.999998545,0.999998545),(0.999997089,0.999997089),(0.999995634,0.999995634),(0.621368903,0.621368903),(0.569966588,0.569966588),(0.845788691,0.845788691)))
REPRESENTATION_ITEM('')
SURFACE()
);
#118=CARTESIAN_POINT('',(25.157253125,26.,69.880987583));
#119=VERTEX_POINT('',#118);
#120=CARTESIAN_POINT('',(53.997123166,26.,69.711960866));
#121=CARTESIAN_POINT('',(53.616798357,26.,74.775292469));
#122=CARTESIAN_POINT('',(51.65965613,26.,78.932060045));
#123=CARTESIAN_POINT('',(48.887074632,26.,81.819516068));
#124=CARTESIAN_POINT('',(39.220136974,26.,91.886977524));
#125=CARTESIAN_POINT('',(26.610505507,26.,86.889625023));
#126=CARTESIAN_POINT('',(25.157253125,26.,69.880987583));
#127=(BOUNDED_CURVE()
B_SPLINE_CURVE(3,(#120,#121,#122,#123,#124,#125,#126),.UNSPECIFIED.,.F.,.F.)
B_SPLINE_CURVE_WITH_KNOTS((4,3,4),(0.330215987,0.5,0.932118857),.UNSPECIFIED.)
CURVE()
GEOMETRIC_REPRESENTATION_ITEM()
RATIONAL_B_SPLINE_CURVE((0.705246651,0.752980926,0.851232042,1.,0.621369298,0.569965528,0.845788691))
REPRESENTATION_ITEM(''));
#128=EDGE_CURVE('',#61,#119,#127,.T.);
#129=ORIENTED_EDGE('',*,*,#128,.F.);
#130=ORIENTED_EDGE('',*,*,#92,.F.);
#131=CARTESIAN_POINT('',(25.157253124,27.,69.880987583));
#132=VERTEX_POINT('',#131);
#133=CARTESIAN_POINT('',(53.997123166,27.,69.711960866));
#134=CARTESIAN_POINT('',(53.616798357,27.,74.775292469));
#135=CARTESIAN_POINT('',(51.65965613,27.,78.932060045));
#136=CARTESIAN_POINT('',(48.887074632,27.,81.819516068));
#137=CARTESIAN_POINT('',(39.220136974,27.,91.886977524));
#138=CARTESIAN_POINT('',(26.610505507,27.,86.889625023));
#139=CARTESIAN_POINT('',(25.157253125,27.,69.880987583));
#140=(BOUNDED_CURVE()
B_SPLINE_CURVE(3,(#133,#134,#135,#136,#137,#138,#139),.UNSPECIFIED.,.F.,.F.)
B_SPLINE_CURVE_WITH_KNOTS((4,3,4),(0.330215987,0.5,0.932118857),.UNSPECIFIED.)
CURVE()
GEOMETRIC_REPRESENTATION_ITEM()
RATIONAL_B_SPLINE_CURVE((0.705246651,0.752980926,0.851232042,1.,0.621369298,0.569965528,0.845788691))
REPRESENTATION_ITEM(''));
#141=EDGE_CURVE('',#80,#132,#140,.T.);
#142=ORIENTED_EDGE('',*,*,#141,.T.);
#143=CARTESIAN_POINT('',(25.157253124,27.,69.880987583));
#144=DIRECTION('',(0.,-1.,0.));
#145=VECTOR('',#144,1.);
#146=LINE('',#143,#145);
#147=EDGE_CURVE('',#132,#119,#146,.T.);
#148=ORIENTED_EDGE('',*,*,#147,.T.);
#149=EDGE_LOOP('',(#129,#130,#142,#148));
#150=FACE_BOUND('',#149,.T.);
#151=ADVANCED_FACE('',(#150),#117,.T.);
#152=CARTESIAN_POINT('',(15.165231239,27.,69.481614775));
#153=DIRECTION('',(0.,-1.,0.));
#154=DIRECTION('',(0.,0.,-1.));
#155=AXIS2_PLACEMENT_3D('',#152,#153,#154);
#156=CYLINDRICAL_SURFACE('',#155,10.);
#157=CARTESIAN_POINT('',(23.442048527,26.,63.869636907));
#158=VERTEX_POINT('',#157);
#159=CARTESIAN_POINT('',(15.165231239,26.,69.481614775));
#160=DIRECTION('',(0.,-1.,0.));
#161=DIRECTION('',(0.,0.,-1.));
#162=AXIS2_PLACEMENT_3D('',#159,#160,#161);
#163=CIRCLE('',#162,10.);
#164=EDGE_CURVE('',#158,#119,#163,.T.);
#165=ORIENTED_EDGE('',*,*,#164,.T.);
#166=ORIENTED_EDGE('',*,*,#147,.F.);
#167=CARTESIAN_POINT('',(23.442048527,27.,63.869636907));
#168=VERTEX_POINT('',#167);
#169=CARTESIAN_POINT('',(15.165231239,27.,69.481614775));
#170=DIRECTION('',(0.,-1.,0.));
#171=DIRECTION('',(0.,0.,-1.));
#172=AXIS2_PLACEMENT_3D('',#169,#170,#171);
#173=CIRCLE('',#172,10.);
#174=EDGE_CURVE('',#168,#132,#173,.T.);
#175=ORIENTED_EDGE('',*,*,#174,.F.);
#176=CARTESIAN_POINT('',(23.442048527,27.,63.869636907));
#177=DIRECTION('',(0.,-1.,0.));
#178=VECTOR('',#177,1.);
#179=LINE('',#176,#178);
#180=EDGE_CURVE('',#168,#158,#179,.T.);
#181=ORIENTED_EDGE('',*,*,#180,.T.);
#182=EDGE_LOOP('',(#165,#166,#175,#181));
#183=FACE_BOUND('',#182,.T.);
#184=ADVANCED_FACE('',(#183),#156,.F.);
#185=CARTESIAN_POINT('',(23.442048527,27.,63.869636907));
#186=CARTESIAN_POINT('',(23.442048527,26.,63.869636907));
#187=CARTESIAN_POINT('',(17.123258412,27.,60.036495301));
#188=CARTESIAN_POINT('',(17.123258412,26.,60.036495301));
#189=CARTESIAN_POINT('',(14.5,27.,54.872187264));
#190=CARTESIAN_POINT('',(14.5,26.,54.872187264));
#191=CARTESIAN_POINT('',(14.5,27.,50.));
#192=CARTESIAN_POINT('',(14.5,26.,50.));
#193=(BOUNDED_SURFACE()
B_SPLINE_SURFACE(3,1,((#185,#186),(#187,#188),(#189,#190),(#191,#192)),.UNSPECIFIED.,.F.,.F.,.U.)
B_SPLINE_SURFACE_WITH_KNOTS((4,4),(2,2),(0.681811642,1.),(0.,1.),.UNSPECIFIED.)
GEOMETRIC_REPRESENTATION_ITEM()
RATIONAL_B_SPLINE_SURFACE(((0.566110946,0.566110946),(0.643244744,0.643244744),(0.787874428,0.787874428),(1.,1.)))
REPRESENTATION_ITEM('')
SURFACE()
);
#194=CARTESIAN_POINT('',(14.5,26.,50.));
#195=VERTEX_POINT('',#194);
#196=CARTESIAN_POINT('',(23.442048527,26.,63.869636907));
#197=CARTESIAN_POINT('',(17.123258412,26.,60.036495301));
#198=CARTESIAN_POINT('',(14.5,26.,54.872187264));
#199=CARTESIAN_POINT('',(14.5,26.,50.));
#200=(BOUNDED_CURVE()
B_SPLINE_CURVE(3,(#196,#197,#198,#199),.UNSPECIFIED.,.F.,.F.)
B_SPLINE_CURVE_WITH_KNOTS((4,4),(0.681811642,1.),.UNSPECIFIED.)
CURVE()
GEOMETRIC_REPRESENTATION_ITEM()
RATIONAL_B_SPLINE_CURVE((0.566110946,0.643244744,0.787874428,1.))
REPRESENTATION_ITEM(''));
#201=EDGE_CURVE('',#158,#195,#200,.T.);
#202=ORIENTED_EDGE('',*,*,#201,.F.);
#203=ORIENTED_EDGE('',*,*,#180,.F.);
#204=CARTESIAN_POINT('',(14.5,27.,50.));
#205=VERTEX_POINT('',#204);
#206=CARTESIAN_POINT('',(23.442048527,27.,63.869636907));
#207=CARTESIAN_POINT('',(17.123258412,27.,60.036495301));
#208=CARTESIAN_POINT('',(14.5,27.,54.872187264));
#209=CARTESIAN_POINT('',(14.5,27.,50.));
#210=(BOUNDED_CURVE()
B_SPLINE_CURVE(3,(#206,#207,#208,#209),.UNSPECIFIED.,.F.,.F.)
B_SPLINE_CURVE_WITH_KNOTS((4,4),(0.681811642,1.),.UNSPECIFIED.)
CURVE()
GEOMETRIC_REPRESENTATION_ITEM()
RATIONAL_B_SPLINE_CURVE((0.566110946,0.643244744,0.787874428,1.))
REPRESENTATION_ITEM(''));
#211=EDGE_CURVE('',#168,#205,#210,.T.);
#212=ORIENTED_EDGE('',*,*,#211,.T.);
#213=CARTESIAN_POINT('',(14.5,27.,50.));
#214=DIRECTION('',(-0.,-1.,-0.));
#215=VECTOR('',#214,1.);
#216=LINE('',#213,#215);
#217=EDGE_CURVE('',#205,#195,#216,.T.);
#218=ORIENTED_EDGE('',*,*,#217,.T.);
#219=EDGE_LOOP('',(#202,#203,#212,#218));
#220=FACE_BOUND('',#219,.T.);
#221=ADVANCED_FACE('',(#220),#193,.T.);
#222=CARTESIAN_POINT('',(64.5,27.,50.));
#223=CARTESIAN_POINT('',(64.5,26.,50.));
#224=CARTESIAN_POINT('',(64.5,27.,54.574991122));
#225=CARTESIAN_POINT('',(64.5,26.,54.574991122));
#226=CARTESIAN_POINT('',(62.177402205,27.,59.42702918));
#227=CARTESIAN_POINT('',(62.177402205,26.,59.42702918));
#228=CARTESIAN_POINT('',(56.572020028,27.,63.219830797));
#229=CARTESIAN_POINT('',(56.572020028,26.,63.219830797));
#230=(BOUNDED_SURFACE()
B_SPLINE_SURFACE(3,1,((#222,#223),(#224,#225),(#226,#227),(#228,#229)),.UNSPECIFIED.,.F.,.F.,.U.)
B_SPLINE_SURFACE_WITH_KNOTS((4,4),(2,2),(0.,0.302696031),(0.,1.),.UNSPECIFIED.)
GEOMETRIC_REPRESENTATION_ITEM()
RATIONAL_B_SPLINE_SURFACE(((1.,1.),(0.798202646,0.798202646),(0.65748855,0.65748855),(0.577857712,0.577857712)))
REPRESENTATION_ITEM('')
SURFACE()
);
#231=CARTESIAN_POINT('',(64.5,26.,50.));
#232=VERTEX_POINT('',#231);
#233=CARTESIAN_POINT('',(64.5,26.,50.));
#234=CARTESIAN_POINT('',(64.5,26.,54.574991122));
#235=CARTESIAN_POINT('',(62.177402205,26.,59.42702918));
#236=CARTESIAN_POINT('',(56.572020028,26.,63.219830797));
#237=(BOUNDED_CURVE()
B_SPLINE_CURVE(3,(#233,#234,#235,#236),.UNSPECIFIED.,.F.,.F.)
B_SPLINE_CURVE_WITH_KNOTS((4,4),(0.,0.302696031),.UNSPECIFIED.)
CURVE()
GEOMETRIC_REPRESENTATION_ITEM()
RATIONAL_B_SPLINE_CURVE((1.,0.798202646,0.65748855,0.577857712))
REPRESENTATION_ITEM(''));
#238=EDGE_CURVE('',#232,#63,#237,.T.);
#239=ORIENTED_EDGE('',*,*,#238,.F.);
#240=CARTESIAN_POINT('',(64.5,27.,50.));
#241=VERTEX_POINT('',#240);
#242=CARTESIAN_POINT('',(64.5,27.,50.));
#243=DIRECTION('',(-0.,-1.,-0.));
#244=VECTOR('',#243,1.);
#245=LINE('',#242,#244);
#246=EDGE_CURVE('',#241,#232,#245,.T.);
#247=ORIENTED_EDGE('',*,*,#246,.F.);
#248=CARTESIAN_POINT('',(64.5,27.,50.));
#249=CARTESIAN_POINT('',(64.5,27.,54.574991122));
#250=CARTESIAN_POINT('',(62.177402205,27.,59.42702918));
#251=CARTESIAN_POINT('',(56.572020028,27.,63.219830797));
#252=(BOUNDED_CURVE()
B_SPLINE_CURVE(3,(#248,#249,#250,#251),.UNSPECIFIED.,.F.,.F.)
B_SPLINE_CURVE_WITH_KNOTS((4,4),(0.,0.302696031),.UNSPECIFIED.)
CURVE()
GEOMETRIC_REPRESENTATION_ITEM()
RATIONAL_B_SPLINE_CURVE((1.,0.798202646,0.65748855,0.577857712))
REPRESENTATION_ITEM(''));
#253=EDGE_CURVE('',#241,#72,#252,.T.);
#254=ORIENTED_EDGE('',*,*,#253,.T.);
#255=ORIENTED_EDGE('',*,*,#77,.T.);
#256=EDGE_LOOP('',(#239,#247,#254,#255));
#257=FACE_BOUND('',#256,.T.);
#258=ADVANCED_FACE('',(#257),#230,.T.);
#259=CARTESIAN_POINT('',(-215.353188992,27.,50.));
#260=DIRECTION('',(0.,-1.,0.));
#261=DIRECTION('',(1.,0.,0.));
#262=AXIS2_PLACEMENT_3D('',#259,#260,#261);
#263=PLANE('',#262);
#264=CARTESIAN_POINT('',(38.051571252,27.,79.214400042));
#265=VERTEX_POINT('',#264);
#266=CARTESIAN_POINT('',(41.051250411,27.,79.170525884));
#267=VERTEX_POINT('',#266);
#268=CARTESIAN_POINT('',(38.051571252,27.,79.214400042));
#269=DIRECTION('',(0.999893053,0.,-0.014624719));
#270=VECTOR('',#269,3.);
#271=LINE('',#268,#270);
#272=EDGE_CURVE('',#265,#267,#271,.T.);
#273=ORIENTED_EDGE('',*,*,#272,.T.);
#274=CARTESIAN_POINT('',(42.589086126,27.,81.74638716));
#275=VERTEX_POINT('',#274);
#276=CARTESIAN_POINT('',(41.051250411,27.,79.170525884));
#277=DIRECTION('',(0.512611905,0.,0.858620425));
#278=VECTOR('',#277,3.);
#279=LINE('',#276,#278);
#280=EDGE_CURVE('',#267,#275,#279,.T.);
#281=ORIENTED_EDGE('',*,*,#280,.T.);
#282=CARTESIAN_POINT('',(41.127242682,27.,84.366122594));
#283=VERTEX_POINT('',#282);
#284=CARTESIAN_POINT('',(42.589086126,27.,81.74638716));
#285=DIRECTION('',(-0.487281148,0.,0.873245145));
#286=VECTOR('',#285,3.);
#287=LINE('',#284,#286);
#288=EDGE_CURVE('',#275,#283,#287,.T.);
#289=ORIENTED_EDGE('',*,*,#288,.T.);
#290=CARTESIAN_POINT('',(38.127563523,27.,84.409996752));
#291=VERTEX_POINT('',#290);
#292=CARTESIAN_POINT('',(41.127242682,27.,84.366122594));
#293=DIRECTION('',(-0.999893053,0.,0.014624719));
#294=VECTOR('',#293,2.999999999);
#295=LINE('',#292,#294);
#296=EDGE_CURVE('',#283,#291,#295,.T.);
#297=ORIENTED_EDGE('',*,*,#296,.T.);
#298=CARTESIAN_POINT('',(36.589727808,27.,81.834135476));
#299=VERTEX_POINT('',#298);
#300=CARTESIAN_POINT('',(38.127563523,27.,84.409996752));
#301=DIRECTION('',(-0.512611905,0.,-0.858620425));
#302=VECTOR('',#301,3.);
#303=LINE('',#300,#302);
#304=EDGE_CURVE('',#291,#299,#303,.T.);
#305=ORIENTED_EDGE('',*,*,#304,.T.);
#306=CARTESIAN_POINT('',(36.589727808,27.,81.834135476));
#307=DIRECTION('',(0.487281148,0.,-0.873245145));
#308=VECTOR('',#307,3.);
#309=LINE('',#306,#308);
#310=EDGE_CURVE('',#299,#265,#309,.T.);
#311=ORIENTED_EDGE('',*,*,#310,.T.);
#312=EDGE_LOOP('',(#273,#281,#289,#297,#305,#311));
#313=FACE_BOUND('',#312,.T.);
#314=CARTESIAN_POINT('',(34.056730438,27.,56.674157716));
#315=VERTEX_POINT('',#314);
#316=CARTESIAN_POINT('',(35.287021297,27.,54.048310714));
#317=VERTEX_POINT('',#316);
#318=CARTESIAN_POINT('',(34.056730438,27.,56.674157716));
#319=DIRECTION('',(0.424271321,0.,-0.905535116));
#320=VECTOR('',#319,2.899773798);
#321=LINE('',#318,#320);
#322=EDGE_CURVE('',#315,#317,#321,.T.);
#323=ORIENTED_EDGE('',*,*,#322,.T.);
#324=CARTESIAN_POINT('',(44.174500611,27.,54.231937258));
#325=VERTEX_POINT('',#324);
#326=CARTESIAN_POINT('',(35.287021297,27.,54.048310714));
#327=DIRECTION('',(0.999786624,0.,0.020656854));
#328=VECTOR('',#327,8.88937609);
#329=LINE('',#326,#328);
#330=EDGE_CURVE('',#317,#325,#329,.T.);
#331=ORIENTED_EDGE('',*,*,#330,.T.);
#332=CARTESIAN_POINT('',(45.171234627,27.,56.915242905));
#333=VERTEX_POINT('',#332);
#334=CARTESIAN_POINT('',(44.174500611,27.,54.231937258));
#335=DIRECTION('',(0.348210363,0.,0.937416419));
#336=VECTOR('',#335,2.862447884);
#337=LINE('',#334,#336);
#338=EDGE_CURVE('',#325,#333,#337,.T.);
#339=ORIENTED_EDGE('',*,*,#338,.T.);
#340=CARTESIAN_POINT('',(42.174848831,27.,63.084269942));
#341=VERTEX_POINT('',#340);
#342=CARTESIAN_POINT('',(45.171234627,27.,56.915242905));
#343=DIRECTION('',(-0.436904108,0.,0.899508088));
#344=VECTOR('',#343,6.858222979);
#345=LINE('',#342,#344);
#346=EDGE_CURVE('',#333,#341,#345,.T.);
#347=ORIENTED_EDGE('',*,*,#346,.T.);
#348=CARTESIAN_POINT('',(40.887139428,27.,60.6707021));
#349=VERTEX_POINT('',#348);
#350=CARTESIAN_POINT('',(42.174848831,27.,63.084269942));
#351=DIRECTION('',(-0.470722908,0.,-0.882281103));
#352=VECTOR('',#351,2.735599612);
#353=LINE('',#350,#352);
#354=EDGE_CURVE('',#341,#349,#353,.T.);
#355=ORIENTED_EDGE('',*,*,#354,.T.);
#356=CARTESIAN_POINT('',(43.081318131,27.,56.298339721));
#357=VERTEX_POINT('',#356);
#358=CARTESIAN_POINT('',(40.887139428,27.,60.6707021));
#359=DIRECTION('',(0.448520961,0.,-0.893772313));
#360=VECTOR('',#359,4.892031577);
#361=LINE('',#358,#360);
#362=EDGE_CURVE('',#349,#357,#361,.T.);
#363=ORIENTED_EDGE('',*,*,#362,.T.);
#364=CARTESIAN_POINT('',(36.27020806,27.,56.298339721));
#365=VERTEX_POINT('',#364);
#366=CARTESIAN_POINT('',(43.081318131,27.,56.298339721));
#367=DIRECTION('',(-1.,-0.,0.));
#368=VECTOR('',#367,6.811110071);
#369=LINE('',#366,#368);
#370=EDGE_CURVE('',#357,#365,#369,.T.);
#371=ORIENTED_EDGE('',*,*,#370,.T.);
#372=CARTESIAN_POINT('',(45.06464406,27.,75.011751945));
#373=VERTEX_POINT('',#372);
#374=CARTESIAN_POINT('',(36.270208061,27.,56.298339721));
#375=DIRECTION('',(0.425326766,0.,0.905039857));
#376=VECTOR('',#375,20.676892939);
#377=LINE('',#374,#376);
#378=EDGE_CURVE('',#365,#373,#377,.T.);
#379=ORIENTED_EDGE('',*,*,#378,.T.);
#380=CARTESIAN_POINT('',(43.923477279,27.,77.472021085));
#381=VERTEX_POINT('',#380);
#382=CARTESIAN_POINT('',(45.06464406,27.,75.011751945));
#383=DIRECTION('',(-0.420777293,0.,0.907163971));
#384=VECTOR('',#383,2.712044591);
#385=LINE('',#382,#384);
#386=EDGE_CURVE('',#373,#381,#385,.T.);
#387=ORIENTED_EDGE('',*,*,#386,.T.);
#388=CARTESIAN_POINT('',(35.046105666,27.,77.419565041));
#389=VERTEX_POINT('',#388);
#390=CARTESIAN_POINT('',(35.046105666,27.,77.419565041));
#391=DIRECTION('',(0.999982543,-0.,0.005908858));
#392=VECTOR('',#391,8.877526592);
#393=LINE('',#390,#392);
#394=EDGE_CURVE('',#389,#381,#393,.T.);
#395=ORIENTED_EDGE('',*,*,#394,.F.);
#396=CARTESIAN_POINT('',(33.968419056,27.,74.930478917));
#397=VERTEX_POINT('',#396);
#398=CARTESIAN_POINT('',(33.968419056,27.,74.930478917));
#399=DIRECTION('',(0.397322669,-0.,0.917678973));
#400=VECTOR('',#399,2.712371318);
#401=LINE('',#398,#400);
#402=EDGE_CURVE('',#397,#389,#401,.T.);
#403=ORIENTED_EDGE('',*,*,#402,.F.);
#404=CARTESIAN_POINT('',(37.158543115,27.,68.138926621));
#405=VERTEX_POINT('',#404);
#406=CARTESIAN_POINT('',(37.158543115,27.,68.138926621));
#407=DIRECTION('',(-0.425153125,-0.,0.90512144));
#408=VECTOR('',#407,7.503470803);
#409=LINE('',#406,#408);
#410=EDGE_CURVE('',#405,#397,#409,.T.);
#411=ORIENTED_EDGE('',*,*,#410,.F.);
#412=CARTESIAN_POINT('',(38.322236608,27.,70.636853208));
#413=VERTEX_POINT('',#412);
#414=CARTESIAN_POINT('',(37.158543114,27.,68.138926621));
#415=DIRECTION('',(0.42228773,0.,0.906461843));
#416=VECTOR('',#415,2.755688622);
#417=LINE('',#414,#416);
#418=EDGE_CURVE('',#405,#413,#417,.T.);
#419=ORIENTED_EDGE('',*,*,#418,.T.);
#420=CARTESIAN_POINT('',(36.106709479,27.,75.110311601));
#421=VERTEX_POINT('',#420);
#422=CARTESIAN_POINT('',(38.322236608,27.,70.636853208));
#423=DIRECTION('',(-0.443812624,0.,0.89611961));
#424=VECTOR('',#423,4.992032698);
#425=LINE('',#422,#424);
#426=EDGE_CURVE('',#413,#421,#425,.T.);
#427=ORIENTED_EDGE('',*,*,#426,.T.);
#428=CARTESIAN_POINT('',(42.834033127,27.,75.128527572));
#429=VERTEX_POINT('',#428);
#430=CARTESIAN_POINT('',(36.106709479,27.,75.110311601));
#431=DIRECTION('',(0.999996334,0.,0.002707749));
#432=VECTOR('',#431,6.72734831);
#433=LINE('',#430,#432);
#434=EDGE_CURVE('',#421,#429,#433,.T.);
#435=ORIENTED_EDGE('',*,*,#434,.T.);
#436=CARTESIAN_POINT('',(42.834033128,27.,75.128527572));
#437=DIRECTION('',(-0.429514994,0.,-0.903059726));
#438=VECTOR('',#437,20.435381309);
#439=LINE('',#436,#438);
#440=EDGE_CURVE('',#429,#315,#439,.T.);
#441=ORIENTED_EDGE('',*,*,#440,.T.);
#442=EDGE_LOOP('',(#323,#331,#339,#347,#355,#363,#371,#379,#387,#395,#403,#411,#419,#427,#435,#441));
#443=FACE_BOUND('',#442,.T.);
#444=ORIENTED_EDGE('',*,*,#86,.T.);
#445=ORIENTED_EDGE('',*,*,#253,.F.);
#446=CARTESIAN_POINT('',(78.,27.,50.));
#447=VERTEX_POINT('',#446);
#448=CARTESIAN_POINT('',(64.5,27.,50.));
#449=DIRECTION('',(1.,0.,-0.));
#450=VECTOR('',#449,13.5);
#451=LINE('',#448,#450);
#452=EDGE_CURVE('',#241,#447,#451,.T.);
#453=ORIENTED_EDGE('',*,*,#452,.T.);
#454=CARTESIAN_POINT('',(78.,27.,1.));
#455=VERTEX_POINT('',#454);
#456=CARTESIAN_POINT('',(78.,27.,50.));
#457=DIRECTION('',(-0.,-0.,-1.));
#458=VECTOR('',#457,49.);
#459=LINE('',#456,#458);
#460=EDGE_CURVE('',#447,#455,#459,.T.);
#461=ORIENTED_EDGE('',*,*,#460,.T.);
#462=CARTESIAN_POINT('',(53.,27.,1.));
#463=VERTEX_POINT('',#462);
#464=CARTESIAN_POINT('',(53.,27.,1.));
#465=DIRECTION('',(1.,0.,-0.));
#466=VECTOR('',#465,25.);
#467=LINE('',#464,#466);
#468=EDGE_CURVE('',#463,#455,#467,.T.);
#469=ORIENTED_EDGE('',*,*,#468,.F.);
#470=CARTESIAN_POINT('',(53.,27.,50.));
#471=VERTEX_POINT('',#470);
#472=CARTESIAN_POINT('',(53.,27.,50.));
#473=DIRECTION('',(-0.,-0.,-1.));
#474=VECTOR('',#473,49.);
#475=LINE('',#472,#474);
#476=EDGE_CURVE('',#471,#463,#475,.T.);
#477=ORIENTED_EDGE('',*,*,#476,.F.);
#478=CARTESIAN_POINT('',(52.,27.,50.));
#479=VERTEX_POINT('',#478);
#480=CARTESIAN_POINT('',(52.,27.,50.));
#481=DIRECTION('',(1.,0.,-0.));
#482=VECTOR('',#481,1.);
#483=LINE('',#480,#482);
#484=EDGE_CURVE('',#479,#471,#483,.T.);
#485=ORIENTED_EDGE('',*,*,#484,.F.);
#486=CARTESIAN_POINT('',(52.,27.,1.));
#487=VERTEX_POINT('',#486);
#488=CARTESIAN_POINT('',(52.,27.,50.));
#489=DIRECTION('',(-0.,-0.,-1.));
#490=VECTOR('',#489,49.);
#491=LINE('',#488,#490);
#492=EDGE_CURVE('',#479,#487,#491,.T.);
#493=ORIENTED_EDGE('',*,*,#492,.T.);
#494=CARTESIAN_POINT('',(27.,27.,1.));
#495=VERTEX_POINT('',#494);
#496=CARTESIAN_POINT('',(27.,27.,1.));
#497=DIRECTION('',(1.,0.,-0.));
#498=VECTOR('',#497,25.);
#499=LINE('',#496,#498);
#500=EDGE_CURVE('',#495,#487,#499,.T.);
#501=ORIENTED_EDGE('',*,*,#500,.F.);
#502=CARTESIAN_POINT('',(27.,27.,50.));
#503=VERTEX_POINT('',#502);
#504=CARTESIAN_POINT('',(27.,27.,50.));
#505=DIRECTION('',(-0.,-0.,-1.));
#506=VECTOR('',#505,49.);
#507=LINE('',#504,#506);
#508=EDGE_CURVE('',#503,#495,#507,.T.);
#509=ORIENTED_EDGE('',*,*,#508,.F.);
#510=CARTESIAN_POINT('',(26.,27.,50.));
#511=VERTEX_POINT('',#510);
#512=CARTESIAN_POINT('',(26.,27.,50.));
#513=DIRECTION('',(1.,0.,-0.));
#514=VECTOR('',#513,1.);
#515=LINE('',#512,#514);
#516=EDGE_CURVE('',#511,#503,#515,.T.);
#517=ORIENTED_EDGE('',*,*,#516,.F.);
#518=CARTESIAN_POINT('',(26.,27.,1.));
#519=VERTEX_POINT('',#518);
#520=CARTESIAN_POINT('',(26.,27.,50.));
#521=DIRECTION('',(-0.,-0.,-1.));
#522=VECTOR('',#521,49.);
#523=LINE('',#520,#522);
#524=EDGE_CURVE('',#511,#519,#523,.T.);
#525=ORIENTED_EDGE('',*,*,#524,.T.);
#526=CARTESIAN_POINT('',(1.,27.,1.));
#527=VERTEX_POINT('',#526);
#528=CARTESIAN_POINT('',(1.,27.,1.));
#529=DIRECTION('',(1.,0.,-0.));
#530=VECTOR('',#529,25.);
#531=LINE('',#528,#530);
#532=EDGE_CURVE('',#527,#519,#531,.T.);
#533=ORIENTED_EDGE('',*,*,#532,.F.);
#534=CARTESIAN_POINT('',(1.,27.,50.));
#535=VERTEX_POINT('',#534);
#536=CARTESIAN_POINT('',(1.,27.,50.));
#537=DIRECTION('',(-0.,-0.,-1.));
#538=VECTOR('',#537,49.);
#539=LINE('',#536,#538);
#540=EDGE_CURVE('',#535,#527,#539,.T.);
#541=ORIENTED_EDGE('',*,*,#540,.F.);
#542=CARTESIAN_POINT('',(1.,27.,50.));
#543=DIRECTION('',(1.,0.,-0.));
#544=VECTOR('',#543,13.5);
#545=LINE('',#542,#544);
#546=EDGE_CURVE('',#535,#205,#545,.T.);
#547=ORIENTED_EDGE('',*,*,#546,.T.);
#548=ORIENTED_EDGE('',*,*,#211,.F.);
#549=ORIENTED_EDGE('',*,*,#174,.T.);
#550=ORIENTED_EDGE('',*,*,#141,.F.);
#551=EDGE_LOOP('',(#444,#445,#453,#461,#469,#477,#485,#493,#501,#509,#517,#525,#533,#541,#547,#548,#549,#550));
#552=FACE_BOUND('',#551,.T.);
#553=CARTESIAN_POINT('',(58.,27.,10.));
#554=VERTEX_POINT('',#553);
#555=CARTESIAN_POINT('',(58.,27.,40.));
#556=VERTEX_POINT('',#555);
#557=CARTESIAN_POINT('',(58.,27.,10.));
#558=DIRECTION('',(0.,0.,1.));
#559=VECTOR('',#558,30.);
#560=LINE('',#557,#559);
#561=EDGE_CURVE('',#554,#556,#560,.T.);
#562=ORIENTED_EDGE('',*,*,#561,.F.);
#563=CARTESIAN_POINT('',(73.,27.,10.));
#564=VERTEX_POINT('',#563);
#565=CARTESIAN_POINT('',(73.,27.,10.));
#566=DIRECTION('',(-1.,0.,0.));
#567=VECTOR('',#566,15.);
#568=LINE('',#565,#567);
#569=EDGE_CURVE('',#564,#554,#568,.T.);
#570=ORIENTED_EDGE('',*,*,#569,.F.);
#571=CARTESIAN_POINT('',(73.,27.,40.));
#572=VERTEX_POINT('',#571);
#573=CARTESIAN_POINT('',(73.,27.,40.));
#574=DIRECTION('',(0.,0.,-1.));
#575=VECTOR('',#574,30.);
#576=LINE('',#573,#575);
#577=EDGE_CURVE('',#572,#564,#576,.T.);
#578=ORIENTED_EDGE('',*,*,#577,.F.);
#579=CARTESIAN_POINT('',(58.,27.,40.));
#580=DIRECTION('',(1.,0.,-0.));
#581=VECTOR('',#580,15.);
#582=LINE('',#579,#581);
#583=EDGE_CURVE('',#556,#572,#582,.T.);
#584=ORIENTED_EDGE('',*,*,#583,.F.);
#585=EDGE_LOOP('',(#562,#570,#578,#584));
#586=FACE_BOUND('',#585,.T.);
#587=CARTESIAN_POINT('',(32.,27.,10.));
#588=VERTEX_POINT('',#587);
#589=CARTESIAN_POINT('',(32.,27.,40.));
#590=VERTEX_POINT('',#589);
#591=CARTESIAN_POINT('',(32.,27.,10.));
#592=DIRECTION('',(0.,0.,1.));
#593=VECTOR('',#592,30.);
#594=LINE('',#591,#593);
#595=EDGE_CURVE('',#588,#590,#594,.T.);
#596=ORIENTED_EDGE('',*,*,#595,.F.);
#597=CARTESIAN_POINT('',(47.,27.,10.));
#598=VERTEX_POINT('',#597);
#599=CARTESIAN_POINT('',(47.,27.,10.));
#600=DIRECTION('',(-1.,0.,0.));
#601=VECTOR('',#600,15.);
#602=LINE('',#599,#601);
#603=EDGE_CURVE('',#598,#588,#602,.T.);
#604=ORIENTED_EDGE('',*,*,#603,.F.);
#605=CARTESIAN_POINT('',(47.,27.,40.));
#606=VERTEX_POINT('',#605);
#607=CARTESIAN_POINT('',(47.,27.,40.));
#608=DIRECTION('',(0.,0.,-1.));
#609=VECTOR('',#608,30.);
#610=LINE('',#607,#609);
#611=EDGE_CURVE('',#606,#598,#610,.T.);
#612=ORIENTED_EDGE('',*,*,#611,.F.);
#613=CARTESIAN_POINT('',(32.,27.,40.));
#614=DIRECTION('',(1.,0.,-0.));
#615=VECTOR('',#614,15.);
#616=LINE('',#613,#615);
#617=EDGE_CURVE('',#590,#606,#616,.T.);
#618=ORIENTED_EDGE('',*,*,#617,.F.);
#619=EDGE_LOOP('',(#596,#604,#612,#618));
#620=FACE_BOUND('',#619,.T.);
#621=CARTESIAN_POINT('',(6.,27.,10.));
#622=VERTEX_POINT('',#621);
#623=CARTESIAN_POINT('',(6.,27.,40.));
#624=VERTEX_POINT('',#623);
#625=CARTESIAN_POINT('',(6.,27.,10.));
#626=DIRECTION('',(0.,0.,1.));
#627=VECTOR('',#626,30.);
#628=LINE('',#625,#627);
#629=EDGE_CURVE('',#622,#624,#628,.T.);
#630=ORIENTED_EDGE('',*,*,#629,.F.);
#631=CARTESIAN_POINT('',(21.,27.,10.));
#632=VERTEX_POINT('',#631);
#633=CARTESIAN_POINT('',(21.,27.,10.));
#634=DIRECTION('',(-1.,0.,0.));
#635=VECTOR('',#634,15.);
#636=LINE('',#633,#635);
#637=EDGE_CURVE('',#632,#622,#636,.T.);
#638=ORIENTED_EDGE('',*,*,#637,.F.);
#639=CARTESIAN_POINT('',(21.,27.,40.));
#640=VERTEX_POINT('',#639);
#641=CARTESIAN_POINT('',(21.,27.,40.));
#642=DIRECTION('',(0.,0.,-1.));
#643=VECTOR('',#642,30.);
#644=LINE('',#641,#643);
#645=EDGE_CURVE('',#640,#632,#644,.T.);
#646=ORIENTED_EDGE('',*,*,#645,.F.);
#647=CARTESIAN_POINT('',(6.,27.,40.));
#648=DIRECTION('',(1.,0.,-0.));
#649=VECTOR('',#648,15.);
#650=LINE('',#647,#649);
#651=EDGE_CURVE('',#624,#640,#650,.T.);
#652=ORIENTED_EDGE('',*,*,#651,.F.);
#653=EDGE_LOOP('',(#630,#638,#646,#652));
#654=FACE_BOUND('',#653,.T.);
#655=ADVANCED_FACE('',(#313,#443,#552,#586,#620,#654),#263,.F.);
#656=CARTESIAN_POINT('',(-215.353188992,26.,50.));
#657=DIRECTION('',(0.,-1.,0.));
#658=DIRECTION('',(1.,0.,0.));
#659=AXIS2_PLACEMENT_3D('',#656,#657,#658);
#660=PLANE('',#659);
#661=CARTESIAN_POINT('',(41.051250411,26.,79.170525884));
#662=VERTEX_POINT('',#661);
#663=CARTESIAN_POINT('',(42.589086126,26.,81.746387159));
#664=VERTEX_POINT('',#663);
#665=CARTESIAN_POINT('',(41.051250411,26.,79.170525884));
#666=DIRECTION('',(0.512611905,-0.,0.858620425));
#667=VECTOR('',#666,2.999999999);
#668=LINE('',#665,#667);
#669=EDGE_CURVE('',#662,#664,#668,.T.);
#670=ORIENTED_EDGE('',*,*,#669,.F.);
#671=CARTESIAN_POINT('',(38.051571252,26.,79.214400042));
#672=VERTEX_POINT('',#671);
#673=CARTESIAN_POINT('',(38.051571252,26.,79.214400042));
#674=DIRECTION('',(0.999893053,-0.,-0.014624719));
#675=VECTOR('',#674,3.);
#676=LINE('',#673,#675);
#677=EDGE_CURVE('',#672,#662,#676,.T.);
#678=ORIENTED_EDGE('',*,*,#677,.F.);
#679=CARTESIAN_POINT('',(36.589727808,26.,81.834135476));
#680=VERTEX_POINT('',#679);
#681=CARTESIAN_POINT('',(36.589727808,26.,81.834135476));
#682=DIRECTION('',(0.487281148,-0.,-0.873245145));
#683=VECTOR('',#682,3.);
#684=LINE('',#681,#683);
#685=EDGE_CURVE('',#680,#672,#684,.T.);
#686=ORIENTED_EDGE('',*,*,#685,.F.);
#687=CARTESIAN_POINT('',(38.127563524,26.,84.409996752));
#688=VERTEX_POINT('',#687);
#689=CARTESIAN_POINT('',(38.127563524,26.,84.409996752));
#690=DIRECTION('',(-0.512611905,-0.,-0.858620425));
#691=VECTOR('',#690,3.);
#692=LINE('',#689,#691);
#693=EDGE_CURVE('',#688,#680,#692,.T.);
#694=ORIENTED_EDGE('',*,*,#693,.F.);
#695=CARTESIAN_POINT('',(41.127242682,26.,84.366122595));
#696=VERTEX_POINT('',#695);
#697=CARTESIAN_POINT('',(41.127242682,26.,84.366122595));
#698=DIRECTION('',(-0.999893053,-0.,0.014624719));
#699=VECTOR('',#698,2.999999999);
#700=LINE('',#697,#699);
#701=EDGE_CURVE('',#696,#688,#700,.T.);
#702=ORIENTED_EDGE('',*,*,#701,.F.);
#703=CARTESIAN_POINT('',(42.589086126,26.,81.746387159));
#704=DIRECTION('',(-0.487281148,-0.,0.873245145));
#705=VECTOR('',#704,3.000000001);
#706=LINE('',#703,#705);
#707=EDGE_CURVE('',#664,#696,#706,.T.);
#708=ORIENTED_EDGE('',*,*,#707,.F.);
#709=EDGE_LOOP('',(#670,#678,#686,#694,#702,#708));
#710=FACE_BOUND('',#709,.T.);
#711=CARTESIAN_POINT('',(35.287021297,26.,54.048310714));
#712=VERTEX_POINT('',#711);
#713=CARTESIAN_POINT('',(44.174500612,26.,54.231937258));
#714=VERTEX_POINT('',#713);
#715=CARTESIAN_POINT('',(35.287021297,26.,54.048310714));
#716=DIRECTION('',(0.999786624,-0.,0.020656854));
#717=VECTOR('',#716,8.889376091);
#718=LINE('',#715,#717);
#719=EDGE_CURVE('',#712,#714,#718,.T.);
#720=ORIENTED_EDGE('',*,*,#719,.F.);
#721=CARTESIAN_POINT('',(34.05673044,26.,56.674157716));
#722=VERTEX_POINT('',#721);
#723=CARTESIAN_POINT('',(34.05673044,26.,56.674157716));
#724=DIRECTION('',(0.42427132,-0.,-0.905535116));
#725=VECTOR('',#724,2.899773796);
#726=LINE('',#723,#725);
#727=EDGE_CURVE('',#722,#712,#726,.T.);
#728=ORIENTED_EDGE('',*,*,#727,.F.);
#729=CARTESIAN_POINT('',(42.834033126,26.,75.128527573));
#730=VERTEX_POINT('',#729);
#731=CARTESIAN_POINT('',(42.834033126,26.,75.128527573));
#732=DIRECTION('',(-0.429514994,-0.,-0.903059727));
#733=VECTOR('',#732,20.435381309);
#734=LINE('',#731,#733);
#735=EDGE_CURVE('',#730,#722,#734,.T.);
#736=ORIENTED_EDGE('',*,*,#735,.F.);
#737=CARTESIAN_POINT('',(36.106709479,26.,75.110311602));
#738=VERTEX_POINT('',#737);
#739=CARTESIAN_POINT('',(36.106709479,26.,75.110311602));
#740=DIRECTION('',(0.999996334,-0.,0.002707749));
#741=VECTOR('',#740,6.727348309);
#742=LINE('',#739,#741);
#743=EDGE_CURVE('',#738,#730,#742,.T.);
#744=ORIENTED_EDGE('',*,*,#743,.F.);
#745=CARTESIAN_POINT('',(38.322236609,26.,70.636853209));
#746=VERTEX_POINT('',#745);
#747=CARTESIAN_POINT('',(38.322236609,26.,70.636853209));
#748=DIRECTION('',(-0.443812624,-0.,0.89611961));
#749=VECTOR('',#748,4.992032697);
#750=LINE('',#747,#749);
#751=EDGE_CURVE('',#746,#738,#750,.T.);
#752=ORIENTED_EDGE('',*,*,#751,.F.);
#753=CARTESIAN_POINT('',(37.158543115,26.,68.13892662));
#754=VERTEX_POINT('',#753);
#755=CARTESIAN_POINT('',(37.158543115,26.,68.13892662));
#756=DIRECTION('',(0.42228773,-0.,0.906461843));
#757=VECTOR('',#756,2.755688624);
#758=LINE('',#755,#757);
#759=EDGE_CURVE('',#754,#746,#758,.T.);
#760=ORIENTED_EDGE('',*,*,#759,.F.);
#761=CARTESIAN_POINT('',(33.968419056,26.,74.930478917));
#762=VERTEX_POINT('',#761);
#763=CARTESIAN_POINT('',(37.158543114,26.,68.13892662));
#764=DIRECTION('',(-0.425153125,0.,0.90512144));
#765=VECTOR('',#764,7.503470804);
#766=LINE('',#763,#765);
#767=EDGE_CURVE('',#754,#762,#766,.T.);
#768=ORIENTED_EDGE('',*,*,#767,.T.);
#769=CARTESIAN_POINT('',(35.046105667,26.,77.419565041));
#770=VERTEX_POINT('',#769);
#771=CARTESIAN_POINT('',(33.968419056,26.,74.930478917));
#772=DIRECTION('',(0.397322669,0.,0.917678973));
#773=VECTOR('',#772,2.712371318);
#774=LINE('',#771,#773);
#775=EDGE_CURVE('',#762,#770,#774,.T.);
#776=ORIENTED_EDGE('',*,*,#775,.T.);
#777=CARTESIAN_POINT('',(43.92347728,26.,77.472021086));
#778=VERTEX_POINT('',#777);
#779=CARTESIAN_POINT('',(35.046105667,26.,77.419565041));
#780=DIRECTION('',(0.999982543,0.,0.005908858));
#781=VECTOR('',#780,8.877526592);
#782=LINE('',#779,#781);
#783=EDGE_CURVE('',#770,#778,#782,.T.);
#784=ORIENTED_EDGE('',*,*,#783,.T.);
#785=CARTESIAN_POINT('',(45.06464406,26.,75.011751944));
#786=VERTEX_POINT('',#785);
#787=CARTESIAN_POINT('',(45.06464406,26.,75.011751944));
#788=DIRECTION('',(-0.420777292,-0.,0.907163971));
#789=VECTOR('',#788,2.712044592);
#790=LINE('',#787,#789);
#791=EDGE_CURVE('',#786,#778,#790,.T.);
#792=ORIENTED_EDGE('',*,*,#791,.F.);
#793=CARTESIAN_POINT('',(36.270208059,26.,56.298339721));
#794=VERTEX_POINT('',#793);
#795=CARTESIAN_POINT('',(36.270208059,26.,56.298339721));
#796=DIRECTION('',(0.425326766,-0.,0.905039857));
#797=VECTOR('',#796,20.676892939);
#798=LINE('',#795,#797);
#799=EDGE_CURVE('',#794,#786,#798,.T.);
#800=ORIENTED_EDGE('',*,*,#799,.F.);
#801=CARTESIAN_POINT('',(43.081318132,26.,56.298339721));
#802=VERTEX_POINT('',#801);
#803=CARTESIAN_POINT('',(43.081318132,26.,56.298339721));
#804=DIRECTION('',(-1.,-0.,0.));
#805=VECTOR('',#804,6.811110073);
#806=LINE('',#803,#805);
#807=EDGE_CURVE('',#802,#794,#806,.T.);
#808=ORIENTED_EDGE('',*,*,#807,.F.);
#809=CARTESIAN_POINT('',(40.887139428,26.,60.670702099));
#810=VERTEX_POINT('',#809);
#811=CARTESIAN_POINT('',(40.887139428,26.,60.670702099));
#812=DIRECTION('',(0.448520961,-0.,-0.893772313));
#813=VECTOR('',#812,4.892031577);
#814=LINE('',#811,#813);
#815=EDGE_CURVE('',#810,#802,#814,.T.);
#816=ORIENTED_EDGE('',*,*,#815,.F.);
#817=CARTESIAN_POINT('',(42.174848831,26.,63.084269944));
#818=VERTEX_POINT('',#817);
#819=CARTESIAN_POINT('',(42.174848831,26.,63.084269944));
#820=DIRECTION('',(-0.470722907,-0.,-0.882281103));
#821=VECTOR('',#820,2.735599614);
#822=LINE('',#819,#821);
#823=EDGE_CURVE('',#818,#810,#822,.T.);
#824=ORIENTED_EDGE('',*,*,#823,.F.);
#825=CARTESIAN_POINT('',(45.171234626,26.,56.915242904));
#826=VERTEX_POINT('',#825);
#827=CARTESIAN_POINT('',(45.171234626,26.,56.915242904));
#828=DIRECTION('',(-0.436904108,-0.,0.899508088));
#829=VECTOR('',#828,6.858222981);
#830=LINE('',#827,#829);
#831=EDGE_CURVE('',#826,#818,#830,.T.);
#832=ORIENTED_EDGE('',*,*,#831,.F.);
#833=CARTESIAN_POINT('',(44.174500612,26.,54.231937258));
#834=DIRECTION('',(0.348210362,-0.,0.93741642));
#835=VECTOR('',#834,2.862447883);
#836=LINE('',#833,#835);
#837=EDGE_CURVE('',#714,#826,#836,.T.);
#838=ORIENTED_EDGE('',*,*,#837,.F.);
#839=EDGE_LOOP('',(#720,#728,#736,#744,#752,#760,#768,#776,#784,#792,#800,#808,#816,#824,#832,#838));
#840=FACE_BOUND('',#839,.T.);
#841=ORIENTED_EDGE('',*,*,#69,.F.);
#842=ORIENTED_EDGE('',*,*,#128,.T.);
#843=ORIENTED_EDGE('',*,*,#164,.F.);
#844=ORIENTED_EDGE('',*,*,#201,.T.);
#845=CARTESIAN_POINT('',(1.,26.,50.));
#846=VERTEX_POINT('',#845);
#847=CARTESIAN_POINT('',(1.,26.,50.));
#848=DIRECTION('',(1.,0.,-0.));
#849=VECTOR('',#848,13.5);
#850=LINE('',#847,#849);
#851=EDGE_CURVE('',#846,#195,#850,.T.);
#852=ORIENTED_EDGE('',*,*,#851,.F.);
#853=CARTESIAN_POINT('',(1.,26.,1.));
#854=VERTEX_POINT('',#853);
#855=CARTESIAN_POINT('',(1.,26.,50.));
#856=DIRECTION('',(-0.,-0.,-1.));
#857=VECTOR('',#856,49.);
#858=LINE('',#855,#857);
#859=EDGE_CURVE('',#846,#854,#858,.T.);
#860=ORIENTED_EDGE('',*,*,#859,.T.);
#861=CARTESIAN_POINT('',(26.,26.,1.));
#862=VERTEX_POINT('',#861);
#863=CARTESIAN_POINT('',(26.,26.,1.));
#864=DIRECTION('',(-1.,-0.,0.));
#865=VECTOR('',#864,25.);
#866=LINE('',#863,#865);
#867=EDGE_CURVE('',#862,#854,#866,.T.);
#868=ORIENTED_EDGE('',*,*,#867,.F.);
#869=CARTESIAN_POINT('',(26.,26.,50.));
#870=VERTEX_POINT('',#869);
#871=CARTESIAN_POINT('',(26.,26.,50.));
#872=DIRECTION('',(-0.,-0.,-1.));
#873=VECTOR('',#872,49.);
#874=LINE('',#871,#873);
#875=EDGE_CURVE('',#870,#862,#874,.T.);
#876=ORIENTED_EDGE('',*,*,#875,.F.);
#877=CARTESIAN_POINT('',(27.,26.,50.));
#878=VERTEX_POINT('',#877);
#879=CARTESIAN_POINT('',(26.,26.,50.));
#880=DIRECTION('',(1.,0.,-0.));
#881=VECTOR('',#880,1.);
#882=LINE('',#879,#881);
#883=EDGE_CURVE('',#870,#878,#882,.T.);
#884=ORIENTED_EDGE('',*,*,#883,.T.);
#885=CARTESIAN_POINT('',(27.,26.,1.));
#886=VERTEX_POINT('',#885);
#887=CARTESIAN_POINT('',(27.,26.,50.));
#888=DIRECTION('',(-0.,-0.,-1.));
#889=VECTOR('',#888,49.);
#890=LINE('',#887,#889);
#891=EDGE_CURVE('',#878,#886,#890,.T.);
#892=ORIENTED_EDGE('',*,*,#891,.T.);
#893=CARTESIAN_POINT('',(52.,26.,1.));
#894=VERTEX_POINT('',#893);
#895=CARTESIAN_POINT('',(52.,26.,1.));
#896=DIRECTION('',(-1.,-0.,0.));
#897=VECTOR('',#896,25.);
#898=LINE('',#895,#897);
#899=EDGE_CURVE('',#894,#886,#898,.T.);
#900=ORIENTED_EDGE('',*,*,#899,.F.);
#901=CARTESIAN_POINT('',(52.,26.,50.));
#902=VERTEX_POINT('',#901);
#903=CARTESIAN_POINT('',(52.,26.,50.));
#904=DIRECTION('',(-0.,-0.,-1.));
#905=VECTOR('',#904,49.);
#906=LINE('',#903,#905);
#907=EDGE_CURVE('',#902,#894,#906,.T.);
#908=ORIENTED_EDGE('',*,*,#907,.F.);
#909=CARTESIAN_POINT('',(53.,26.,50.));
#910=VERTEX_POINT('',#909);
#911=CARTESIAN_POINT('',(52.,26.,50.));
#912=DIRECTION('',(1.,0.,-0.));
#913=VECTOR('',#912,1.);
#914=LINE('',#911,#913);
#915=EDGE_CURVE('',#902,#910,#914,.T.);
#916=ORIENTED_EDGE('',*,*,#915,.T.);
#917=CARTESIAN_POINT('',(53.,26.,1.));
#918=VERTEX_POINT('',#917);
#919=CARTESIAN_POINT('',(53.,26.,50.));
#920=DIRECTION('',(-0.,-0.,-1.));
#921=VECTOR('',#920,49.);
#922=LINE('',#919,#921);
#923=EDGE_CURVE('',#910,#918,#922,.T.);
#924=ORIENTED_EDGE('',*,*,#923,.T.);
#925=CARTESIAN_POINT('',(78.,26.,1.));
#926=VERTEX_POINT('',#925);
#927=CARTESIAN_POINT('',(78.,26.,1.));
#928=DIRECTION('',(-1.,-0.,0.));
#929=VECTOR('',#928,25.);
#930=LINE('',#927,#929);
#931=EDGE_CURVE('',#926,#918,#930,.T.);
#932=ORIENTED_EDGE('',*,*,#931,.F.);
#933=CARTESIAN_POINT('',(78.,26.,50.));
#934=VERTEX_POINT('',#933);
#935=CARTESIAN_POINT('',(78.,26.,50.));
#936=DIRECTION('',(-0.,-0.,-1.));
#937=VECTOR('',#936,49.);
#938=LINE('',#935,#937);
#939=EDGE_CURVE('',#934,#926,#938,.T.);
#940=ORIENTED_EDGE('',*,*,#939,.F.);
#941=CARTESIAN_POINT('',(64.5,26.,50.));
#942=DIRECTION('',(1.,0.,-0.));
#943=VECTOR('',#942,13.5);
#944=LINE('',#941,#943);
#945=EDGE_CURVE('',#232,#934,#944,.T.);
#946=ORIENTED_EDGE('',*,*,#945,.F.);
#947=ORIENTED_EDGE('',*,*,#238,.T.);
#948=EDGE_LOOP('',(#841,#842,#843,#844,#852,#860,#868,#876,#884,#892,#900,#908,#916,#924,#932,#940,#946,#947));
#949=FACE_BOUND('',#948,.T.);
#950=CARTESIAN_POINT('',(58.,26.,10.));
#951=VERTEX_POINT('',#950);
#952=CARTESIAN_POINT('',(73.,26.,10.));
#953=VERTEX_POINT('',#952);
#954=CARTESIAN_POINT('',(58.,26.,10.));
#955=DIRECTION('',(1.,-0.,-0.));
#956=VECTOR('',#955,15.);
#957=LINE('',#954,#956);
#958=EDGE_CURVE('',#951,#953,#957,.T.);
#959=ORIENTED_EDGE('',*,*,#958,.F.);
#960=CARTESIAN_POINT('',(58.,26.,40.));
#961=VERTEX_POINT('',#960);
#962=CARTESIAN_POINT('',(58.,26.,40.));
#963=DIRECTION('',(-0.,-0.,-1.));
#964=VECTOR('',#963,30.);
#965=LINE('',#962,#964);
#966=EDGE_CURVE('',#961,#951,#965,.T.);
#967=ORIENTED_EDGE('',*,*,#966,.F.);
#968=CARTESIAN_POINT('',(73.,26.,40.));
#969=VERTEX_POINT('',#968);
#970=CARTESIAN_POINT('',(73.,26.,40.));
#971=DIRECTION('',(-1.,-0.,0.));
#972=VECTOR('',#971,15.);
#973=LINE('',#970,#972);
#974=EDGE_CURVE('',#969,#961,#973,.T.);
#975=ORIENTED_EDGE('',*,*,#974,.F.);
#976=CARTESIAN_POINT('',(73.,26.,10.));
#977=DIRECTION('',(-0.,-0.,1.));
#978=VECTOR('',#977,30.);
#979=LINE('',#976,#978);
#980=EDGE_CURVE('',#953,#969,#979,.T.);
#981=ORIENTED_EDGE('',*,*,#980,.F.);
#982=EDGE_LOOP('',(#959,#967,#975,#981));
#983=FACE_BOUND('',#982,.T.);
#984=CARTESIAN_POINT('',(32.,26.,10.));
#985=VERTEX_POINT('',#984);
#986=CARTESIAN_POINT('',(47.,26.,10.));
#987=VERTEX_POINT('',#986);
#988=CARTESIAN_POINT('',(32.,26.,10.));
#989=DIRECTION('',(1.,-0.,-0.));
#990=VECTOR('',#989,15.);
#991=LINE('',#988,#990);
#992=EDGE_CURVE('',#985,#987,#991,.T.);
#993=ORIENTED_EDGE('',*,*,#992,.F.);
#994=CARTESIAN_POINT('',(32.,26.,40.));
#995=VERTEX_POINT('',#994);
#996=CARTESIAN_POINT('',(32.,26.,40.));
#997=DIRECTION('',(-0.,-0.,-1.));
#998=VECTOR('',#997,30.);
#999=LINE('',#996,#998);
#1000=EDGE_CURVE('',#995,#985,#999,.T.);
#1001=ORIENTED_EDGE('',*,*,#1000,.F.);
#1002=CARTESIAN_POINT('',(47.,26.,40.));
#1003=VERTEX_POINT('',#1002);
#1004=CARTESIAN_POINT('',(47.,26.,40.));
#1005=DIRECTION('',(-1.,-0.,0.));
#1006=VECTOR('',#1005,15.);
#1007=LINE('',#1004,#1006);
#1008=EDGE_CURVE('',#1003,#995,#1007,.T.);
#1009=ORIENTED_EDGE('',*,*,#1008,.F.);
#1010=CARTESIAN_POINT('',(47.,26.,10.));
#1011=DIRECTION('',(-0.,-0.,1.));
#1012=VECTOR('',#1011,30.);
#1013=LINE('',#1010,#1012);
#1014=EDGE_CURVE('',#987,#1003,#1013,.T.);
#1015=ORIENTED_EDGE('',*,*,#1014,.F.);
#1016=EDGE_LOOP('',(#993,#1001,#1009,#1015));
#1017=FACE_BOUND('',#1016,.T.);
#1018=CARTESIAN_POINT('',(6.,26.,10.));
#1019=VERTEX_POINT('',#1018);
#1020=CARTESIAN_POINT('',(21.,26.,10.));
#1021=VERTEX_POINT('',#1020);
#1022=CARTESIAN_POINT('',(6.,26.,10.));
#1023=DIRECTION('',(1.,-0.,-0.));
#1024=VECTOR('',#1023,15.);
#1025=LINE('',#1022,#1024);
#1026=EDGE_CURVE('',#1019,#1021,#1025,.T.);
#1027=ORIENTED_EDGE('',*,*,#1026,.F.);
#1028=CARTESIAN_POINT('',(6.,26.,40.));
#1029=VERTEX_POINT('',#1028);
#1030=CARTESIAN_POINT('',(6.,26.,40.));
#1031=DIRECTION('',(-0.,-0.,-1.));
#1032=VECTOR('',#1031,30.);
#1033=LINE('',#1030,#1032);
#1034=EDGE_CURVE('',#1029,#1019,#1033,.T.);
#1035=ORIENTED_EDGE('',*,*,#1034,.F.);
#1036=CARTESIAN_POINT('',(21.,26.,40.));
#1037=VERTEX_POINT('',#1036);
#1038=CARTESIAN_POINT('',(21.,26.,40.));
#1039=DIRECTION('',(-1.,-0.,0.));
#1040=VECTOR('',#1039,15.);
#1041=LINE('',#1038,#1040);
#1042=EDGE_CURVE('',#1037,#1029,#1041,.T.);
#1043=ORIENTED_EDGE('',*,*,#1042,.F.);
#1044=CARTESIAN_POINT('',(21.,26.,10.));
#1045=DIRECTION('',(-0.,-0.,1.));
#1046=VECTOR('',#1045,30.);
#1047=LINE('',#1044,#1046);
#1048=EDGE_CURVE('',#1021,#1037,#1047,.T.);
#1049=ORIENTED_EDGE('',*,*,#1048,.F.);
#1050=EDGE_LOOP('',(#1027,#1035,#1043,#1049));
#1051=FACE_BOUND('',#1050,.T.);
#1052=ADVANCED_FACE('',(#710,#840,#949,#983,#1017,#1051),#660,.T.);
#1053=CARTESIAN_POINT('',(39.730760954,28.,54.140123986));
#1054=DIRECTION('',(0.020656854,0.,-0.999786624));
#1055=DIRECTION('',(-0.999786624,0.,-0.020656854));
#1056=AXIS2_PLACEMENT_3D('',#1053,#1054,#1055);
#1057=PLANE('',#1056);
#1058=CARTESIAN_POINT('',(35.287021297,27.,54.048310714));
#1059=DIRECTION('',(-0.,-1.,-0.));
#1060=VECTOR('',#1059,1.);
#1061=LINE('',#1058,#1060);
#1062=EDGE_CURVE('',#317,#712,#1061,.T.);
#1063=ORIENTED_EDGE('',*,*,#1062,.T.);
#1064=ORIENTED_EDGE('',*,*,#719,.T.);
#1065=CARTESIAN_POINT('',(44.174500612,27.,54.231937258));
#1066=DIRECTION('',(-0.,-1.,-0.));
#1067=VECTOR('',#1066,1.);
#1068=LINE('',#1065,#1067);
#1069=EDGE_CURVE('',#325,#714,#1068,.T.);
#1070=ORIENTED_EDGE('',*,*,#1069,.F.);
#1071=ORIENTED_EDGE('',*,*,#330,.F.);
#1072=EDGE_LOOP('',(#1063,#1064,#1070,#1071));
#1073=FACE_BOUND('',#1072,.T.);
#1074=ADVANCED_FACE('',(#1073),#1057,.F.);
#1075=CARTESIAN_POINT('',(44.672867619,28.,55.573590081));
#1076=DIRECTION('',(0.93741642,0.,-0.348210362));
#1077=DIRECTION('',(-0.348210362,0.,-0.93741642));
#1078=AXIS2_PLACEMENT_3D('',#1075,#1076,#1077);
#1079=PLANE('',#1078);
#1080=ORIENTED_EDGE('',*,*,#1069,.T.);
#1081=ORIENTED_EDGE('',*,*,#837,.T.);
#1082=CARTESIAN_POINT('',(45.171234626,27.,56.915242904));
#1083=DIRECTION('',(-0.,-1.,-0.));
#1084=VECTOR('',#1083,1.);
#1085=LINE('',#1082,#1084);
#1086=EDGE_CURVE('',#333,#826,#1085,.T.);
#1087=ORIENTED_EDGE('',*,*,#1086,.F.);
#1088=ORIENTED_EDGE('',*,*,#338,.F.);
#1089=EDGE_LOOP('',(#1080,#1081,#1087,#1088));
#1090=FACE_BOUND('',#1089,.T.);
#1091=ADVANCED_FACE('',(#1090),#1079,.F.);
#1092=CARTESIAN_POINT('',(43.673041729,28.,59.999756424));
#1093=DIRECTION('',(0.899508088,0.,0.436904108));
#1094=DIRECTION('',(0.436904108,0.,-0.899508088));
#1095=AXIS2_PLACEMENT_3D('',#1092,#1093,#1094);
#1096=PLANE('',#1095);
#1097=ORIENTED_EDGE('',*,*,#1086,.T.);
#1098=ORIENTED_EDGE('',*,*,#831,.T.);
#1099=CARTESIAN_POINT('',(42.17484883,27.,63.084269943));
#1100=DIRECTION('',(-0.,-1.,-0.));
#1101=VECTOR('',#1100,1.);
#1102=LINE('',#1099,#1101);
#1103=EDGE_CURVE('',#341,#818,#1102,.T.);
#1104=ORIENTED_EDGE('',*,*,#1103,.F.);
#1105=ORIENTED_EDGE('',*,*,#346,.F.);
#1106=EDGE_LOOP('',(#1097,#1098,#1104,#1105));
#1107=FACE_BOUND('',#1106,.T.);
#1108=ADVANCED_FACE('',(#1107),#1096,.F.);
#1109=CARTESIAN_POINT('',(41.530994129,28.,61.877486021));
#1110=DIRECTION('',(-0.882281103,0.,0.470722907));
#1111=DIRECTION('',(0.470722907,0.,0.882281103));
#1112=AXIS2_PLACEMENT_3D('',#1109,#1110,#1111);
#1113=PLANE('',#1112);
#1114=ORIENTED_EDGE('',*,*,#1103,.T.);
#1115=ORIENTED_EDGE('',*,*,#823,.T.);
#1116=CARTESIAN_POINT('',(40.887139428,27.,60.6707021));
#1117=DIRECTION('',(-0.,-1.,-0.));
#1118=VECTOR('',#1117,1.);
#1119=LINE('',#1116,#1118);
#1120=EDGE_CURVE('',#349,#810,#1119,.T.);
#1121=ORIENTED_EDGE('',*,*,#1120,.F.);
#1122=ORIENTED_EDGE('',*,*,#354,.F.);
#1123=EDGE_LOOP('',(#1114,#1115,#1121,#1122));
#1124=FACE_BOUND('',#1123,.T.);
#1125=ADVANCED_FACE('',(#1124),#1113,.F.);
#1126=CARTESIAN_POINT('',(41.98422878,28.,58.48452091));
#1127=DIRECTION('',(-0.893772313,0.,-0.448520961));
#1128=DIRECTION('',(-0.448520961,0.,0.893772313));
#1129=AXIS2_PLACEMENT_3D('',#1126,#1127,#1128);
#1130=PLANE('',#1129);
#1131=ORIENTED_EDGE('',*,*,#1120,.T.);
#1132=ORIENTED_EDGE('',*,*,#815,.T.);
#1133=CARTESIAN_POINT('',(43.081318131,27.,56.298339721));
#1134=DIRECTION('',(-0.,-1.,-0.));
#1135=VECTOR('',#1134,1.);
#1136=LINE('',#1133,#1135);
#1137=EDGE_CURVE('',#357,#802,#1136,.T.);
#1138=ORIENTED_EDGE('',*,*,#1137,.F.);
#1139=ORIENTED_EDGE('',*,*,#362,.F.);
#1140=EDGE_LOOP('',(#1131,#1132,#1138,#1139));
#1141=FACE_BOUND('',#1140,.T.);
#1142=ADVANCED_FACE('',(#1141),#1130,.F.);
#1143=CARTESIAN_POINT('',(39.675763096,28.,56.298339721));
#1144=DIRECTION('',(0.,0.,1.));
#1145=DIRECTION('',(1.,0.,0.));
#1146=AXIS2_PLACEMENT_3D('',#1143,#1144,#1145);
#1147=PLANE('',#1146);
#1148=ORIENTED_EDGE('',*,*,#1137,.T.);
#1149=ORIENTED_EDGE('',*,*,#807,.T.);
#1150=CARTESIAN_POINT('',(36.270208059,27.,56.298339722));
#1151=DIRECTION('',(-0.,-1.,-0.));
#1152=VECTOR('',#1151,1.);
#1153=LINE('',#1150,#1152);
#1154=EDGE_CURVE('',#365,#794,#1153,.T.);
#1155=ORIENTED_EDGE('',*,*,#1154,.F.);
#1156=ORIENTED_EDGE('',*,*,#370,.F.);
#1157=EDGE_LOOP('',(#1148,#1149,#1155,#1156));
#1158=FACE_BOUND('',#1157,.T.);
#1159=ADVANCED_FACE('',(#1158),#1147,.F.);
#1160=CARTESIAN_POINT('',(40.66742606,28.,65.655045833));
#1161=DIRECTION('',(0.905039857,0.,-0.425326766));
#1162=DIRECTION('',(-0.425326766,0.,-0.905039857));
#1163=AXIS2_PLACEMENT_3D('',#1160,#1161,#1162);
#1164=PLANE('',#1163);
#1165=ORIENTED_EDGE('',*,*,#1154,.T.);
#1166=ORIENTED_EDGE('',*,*,#799,.T.);
#1167=CARTESIAN_POINT('',(45.06464406,27.,75.011751945));
#1168=DIRECTION('',(-0.,-1.,-0.));
#1169=VECTOR('',#1168,1.);
#1170=LINE('',#1167,#1169);
#1171=EDGE_CURVE('',#373,#786,#1170,.T.);
#1172=ORIENTED_EDGE('',*,*,#1171,.F.);
#1173=ORIENTED_EDGE('',*,*,#378,.F.);
#1174=EDGE_LOOP('',(#1165,#1166,#1172,#1173));
#1175=FACE_BOUND('',#1174,.T.);
#1176=ADVANCED_FACE('',(#1175),#1164,.F.);
#1177=CARTESIAN_POINT('',(44.49406067,28.,76.241886516));
#1178=DIRECTION('',(0.907163971,0.,0.420777292));
#1179=DIRECTION('',(0.420777292,0.,-0.907163971));
#1180=AXIS2_PLACEMENT_3D('',#1177,#1178,#1179);
#1181=PLANE('',#1180);
#1182=ORIENTED_EDGE('',*,*,#1171,.T.);
#1183=ORIENTED_EDGE('',*,*,#791,.T.);
#1184=CARTESIAN_POINT('',(43.923477279,27.,77.472021085));
#1185=DIRECTION('',(-0.,-1.,-0.));
#1186=VECTOR('',#1185,1.);
#1187=LINE('',#1184,#1186);
#1188=EDGE_CURVE('',#381,#778,#1187,.T.);
#1189=ORIENTED_EDGE('',*,*,#1188,.F.);
#1190=ORIENTED_EDGE('',*,*,#386,.F.);
#1191=EDGE_LOOP('',(#1182,#1183,#1189,#1190));
#1192=FACE_BOUND('',#1191,.T.);
#1193=ADVANCED_FACE('',(#1192),#1181,.F.);
#1194=CARTESIAN_POINT('',(39.484791473,28.,77.445793063));
#1195=DIRECTION('',(0.005908858,0.,-0.999982543));
#1196=DIRECTION('',(-0.999982543,0.,-0.005908858));
#1197=AXIS2_PLACEMENT_3D('',#1194,#1195,#1196);
#1198=PLANE('',#1197);
#1199=ORIENTED_EDGE('',*,*,#394,.T.);
#1200=ORIENTED_EDGE('',*,*,#1188,.T.);
#1201=ORIENTED_EDGE('',*,*,#783,.F.);
#1202=CARTESIAN_POINT('',(35.046105666,27.,77.419565041));
#1203=DIRECTION('',(-0.,-1.,-0.));
#1204=VECTOR('',#1203,1.);
#1205=LINE('',#1202,#1204);
#1206=EDGE_CURVE('',#389,#770,#1205,.T.);
#1207=ORIENTED_EDGE('',*,*,#1206,.F.);
#1208=EDGE_LOOP('',(#1199,#1200,#1201,#1207));
#1209=FACE_BOUND('',#1208,.T.);
#1210=ADVANCED_FACE('',(#1209),#1198,.T.);
#1211=CARTESIAN_POINT('',(34.507262361,28.,76.175021979));
#1212=DIRECTION('',(0.917678973,0.,-0.397322669));
#1213=DIRECTION('',(-0.397322669,0.,-0.917678973));
#1214=AXIS2_PLACEMENT_3D('',#1211,#1212,#1213);
#1215=PLANE('',#1214);
#1216=ORIENTED_EDGE('',*,*,#402,.T.);
#1217=ORIENTED_EDGE('',*,*,#1206,.T.);
#1218=ORIENTED_EDGE('',*,*,#775,.F.);
#1219=CARTESIAN_POINT('',(33.968419056,27.,74.930478917));
#1220=DIRECTION('',(-0.,-1.,-0.));
#1221=VECTOR('',#1220,1.);
#1222=LINE('',#1219,#1221);
#1223=EDGE_CURVE('',#397,#762,#1222,.T.);
#1224=ORIENTED_EDGE('',*,*,#1223,.F.);
#1225=EDGE_LOOP('',(#1216,#1217,#1218,#1224));
#1226=FACE_BOUND('',#1225,.T.);
#1227=ADVANCED_FACE('',(#1226),#1215,.T.);
#1228=CARTESIAN_POINT('',(35.563481085,28.,71.534702769));
#1229=DIRECTION('',(0.90512144,0.,0.425153125));
#1230=DIRECTION('',(0.425153125,0.,-0.90512144));
#1231=AXIS2_PLACEMENT_3D('',#1228,#1229,#1230);
#1232=PLANE('',#1231);
#1233=ORIENTED_EDGE('',*,*,#410,.T.);
#1234=ORIENTED_EDGE('',*,*,#1223,.T.);
#1235=ORIENTED_EDGE('',*,*,#767,.F.);
#1236=CARTESIAN_POINT('',(37.158543115,27.,68.138926621));
#1237=DIRECTION('',(-0.,-1.,-0.));
#1238=VECTOR('',#1237,1.);
#1239=LINE('',#1236,#1238);
#1240=EDGE_CURVE('',#405,#754,#1239,.T.);
#1241=ORIENTED_EDGE('',*,*,#1240,.F.);
#1242=EDGE_LOOP('',(#1233,#1234,#1235,#1241));
#1243=FACE_BOUND('',#1242,.T.);
#1244=ADVANCED_FACE('',(#1243),#1232,.T.);
#1245=CARTESIAN_POINT('',(37.740389861,28.,69.387889914));
#1246=DIRECTION('',(0.906461843,0.,-0.42228773));
#1247=DIRECTION('',(-0.42228773,0.,-0.906461843));
#1248=AXIS2_PLACEMENT_3D('',#1245,#1246,#1247);
#1249=PLANE('',#1248);
#1250=ORIENTED_EDGE('',*,*,#1240,.T.);
#1251=ORIENTED_EDGE('',*,*,#759,.T.);
#1252=CARTESIAN_POINT('',(38.322236609,27.,70.636853209));
#1253=DIRECTION('',(-0.,-1.,-0.));
#1254=VECTOR('',#1253,1.);
#1255=LINE('',#1252,#1254);
#1256=EDGE_CURVE('',#413,#746,#1255,.T.);
#1257=ORIENTED_EDGE('',*,*,#1256,.F.);
#1258=ORIENTED_EDGE('',*,*,#418,.F.);
#1259=EDGE_LOOP('',(#1250,#1251,#1257,#1258));
#1260=FACE_BOUND('',#1259,.T.);
#1261=ADVANCED_FACE('',(#1260),#1249,.F.);
#1262=CARTESIAN_POINT('',(37.214473044,28.,72.873582405));
#1263=DIRECTION('',(0.89611961,0.,0.443812624));
#1264=DIRECTION('',(0.443812624,0.,-0.89611961));
#1265=AXIS2_PLACEMENT_3D('',#1262,#1263,#1264);
#1266=PLANE('',#1265);
#1267=ORIENTED_EDGE('',*,*,#1256,.T.);
#1268=ORIENTED_EDGE('',*,*,#751,.T.);
#1269=CARTESIAN_POINT('',(36.106709479,27.,75.110311602));
#1270=DIRECTION('',(-0.,-1.,-0.));
#1271=VECTOR('',#1270,1.);
#1272=LINE('',#1269,#1271);
#1273=EDGE_CURVE('',#421,#738,#1272,.T.);
#1274=ORIENTED_EDGE('',*,*,#1273,.F.);
#1275=ORIENTED_EDGE('',*,*,#426,.F.);
#1276=EDGE_LOOP('',(#1267,#1268,#1274,#1275));
#1277=FACE_BOUND('',#1276,.T.);
#1278=ADVANCED_FACE('',(#1277),#1266,.F.);
#1279=CARTESIAN_POINT('',(39.470371304,28.,75.119419587));
#1280=DIRECTION('',(0.002707749,0.,-0.999996334));
#1281=DIRECTION('',(-0.999996334,0.,-0.002707749));
#1282=AXIS2_PLACEMENT_3D('',#1279,#1280,#1281);
#1283=PLANE('',#1282);
#1284=ORIENTED_EDGE('',*,*,#1273,.T.);
#1285=ORIENTED_EDGE('',*,*,#743,.T.);
#1286=CARTESIAN_POINT('',(42.834033126,27.,75.128527573));
#1287=DIRECTION('',(-0.,-1.,-0.));
#1288=VECTOR('',#1287,1.);
#1289=LINE('',#1286,#1288);
#1290=EDGE_CURVE('',#429,#730,#1289,.T.);
#1291=ORIENTED_EDGE('',*,*,#1290,.F.);
#1292=ORIENTED_EDGE('',*,*,#434,.F.);
#1293=EDGE_LOOP('',(#1284,#1285,#1291,#1292));
#1294=FACE_BOUND('',#1293,.T.);
#1295=ADVANCED_FACE('',(#1294),#1283,.F.);
#1296=CARTESIAN_POINT('',(38.445381783,28.,65.901342644));
#1297=DIRECTION('',(-0.903059727,0.,0.429514994));
#1298=DIRECTION('',(0.429514994,0.,0.903059727));
#1299=AXIS2_PLACEMENT_3D('',#1296,#1297,#1298);
#1300=PLANE('',#1299);
#1301=ORIENTED_EDGE('',*,*,#1290,.T.);
#1302=ORIENTED_EDGE('',*,*,#735,.T.);
#1303=CARTESIAN_POINT('',(34.056730439,27.,56.674157717));
#1304=DIRECTION('',(-0.,-1.,-0.));
#1305=VECTOR('',#1304,1.);
#1306=LINE('',#1303,#1305);
#1307=EDGE_CURVE('',#315,#722,#1306,.T.);
#1308=ORIENTED_EDGE('',*,*,#1307,.F.);
#1309=ORIENTED_EDGE('',*,*,#440,.F.);
#1310=EDGE_LOOP('',(#1301,#1302,#1308,#1309));
#1311=FACE_BOUND('',#1310,.T.);
#1312=ADVANCED_FACE('',(#1311),#1300,.F.);
#1313=CARTESIAN_POINT('',(34.671875868,28.,55.361234215));
#1314=DIRECTION('',(-0.905535116,0.,-0.42427132));
#1315=DIRECTION('',(-0.42427132,0.,0.905535116));
#1316=AXIS2_PLACEMENT_3D('',#1313,#1314,#1315);
#1317=PLANE('',#1316);
#1318=ORIENTED_EDGE('',*,*,#1307,.T.);
#1319=ORIENTED_EDGE('',*,*,#727,.T.);
#1320=ORIENTED_EDGE('',*,*,#1062,.F.);
#1321=ORIENTED_EDGE('',*,*,#322,.F.);
#1322=EDGE_LOOP('',(#1318,#1319,#1320,#1321));
#1323=FACE_BOUND('',#1322,.T.);
#1324=ADVANCED_FACE('',(#1323),#1317,.F.);
#1325=CARTESIAN_POINT('',(41.820168269,31.,80.458456522));
#1326=DIRECTION('',(0.858620425,0.,-0.512611905));
#1327=DIRECTION('',(-0.512611905,0.,-0.858620425));
#1328=AXIS2_PLACEMENT_3D('',#1325,#1326,#1327);
#1329=PLANE('',#1328);
#1330=CARTESIAN_POINT('',(41.051250411,27.,79.170525884));
#1331=DIRECTION('',(-0.,-1.,-0.));
#1332=VECTOR('',#1331,1.);
#1333=LINE('',#1330,#1332);
#1334=EDGE_CURVE('',#267,#662,#1333,.T.);
#1335=ORIENTED_EDGE('',*,*,#1334,.T.);
#1336=ORIENTED_EDGE('',*,*,#669,.T.);
#1337=CARTESIAN_POINT('',(42.589086126,27.,81.74638716));
#1338=DIRECTION('',(-0.,-1.,-0.));
#1339=VECTOR('',#1338,1.);
#1340=LINE('',#1337,#1339);
#1341=EDGE_CURVE('',#275,#664,#1340,.T.);
#1342=ORIENTED_EDGE('',*,*,#1341,.F.);
#1343=ORIENTED_EDGE('',*,*,#280,.F.);
#1344=EDGE_LOOP('',(#1335,#1336,#1342,#1343));
#1345=FACE_BOUND('',#1344,.T.);
#1346=ADVANCED_FACE('',(#1345),#1329,.F.);
#1347=CARTESIAN_POINT('',(41.858164404,31.,83.056254877));
#1348=DIRECTION('',(0.873245145,0.,0.487281148));
#1349=DIRECTION('',(0.487281148,0.,-0.873245145));
#1350=AXIS2_PLACEMENT_3D('',#1347,#1348,#1349);
#1351=PLANE('',#1350);
#1352=ORIENTED_EDGE('',*,*,#1341,.T.);
#1353=ORIENTED_EDGE('',*,*,#707,.T.);
#1354=CARTESIAN_POINT('',(41.127242682,27.,84.366122595));
#1355=DIRECTION('',(-0.,-1.,-0.));
#1356=VECTOR('',#1355,1.);
#1357=LINE('',#1354,#1356);
#1358=EDGE_CURVE('',#283,#696,#1357,.T.);
#1359=ORIENTED_EDGE('',*,*,#1358,.F.);
#1360=ORIENTED_EDGE('',*,*,#288,.F.);
#1361=EDGE_LOOP('',(#1352,#1353,#1359,#1360));
#1362=FACE_BOUND('',#1361,.T.);
#1363=ADVANCED_FACE('',(#1362),#1351,.F.);
#1364=CARTESIAN_POINT('',(39.627403103,31.,84.388059673));
#1365=DIRECTION('',(0.014624719,0.,0.999893053));
#1366=DIRECTION('',(0.999893053,0.,-0.014624719));
#1367=AXIS2_PLACEMENT_3D('',#1364,#1365,#1366);
#1368=PLANE('',#1367);
#1369=ORIENTED_EDGE('',*,*,#1358,.T.);
#1370=ORIENTED_EDGE('',*,*,#701,.T.);
#1371=CARTESIAN_POINT('',(38.127563524,27.,84.409996752));
#1372=DIRECTION('',(-0.,-1.,-0.));
#1373=VECTOR('',#1372,1.);
#1374=LINE('',#1371,#1373);
#1375=EDGE_CURVE('',#291,#688,#1374,.T.);
#1376=ORIENTED_EDGE('',*,*,#1375,.F.);
#1377=ORIENTED_EDGE('',*,*,#296,.F.);
#1378=EDGE_LOOP('',(#1369,#1370,#1376,#1377));
#1379=FACE_BOUND('',#1378,.T.);
#1380=ADVANCED_FACE('',(#1379),#1368,.F.);
#1381=CARTESIAN_POINT('',(37.358645666,31.,83.122066114));
#1382=DIRECTION('',(-0.858620425,0.,0.512611905));
#1383=DIRECTION('',(0.512611905,0.,0.858620425));
#1384=AXIS2_PLACEMENT_3D('',#1381,#1382,#1383);
#1385=PLANE('',#1384);
#1386=ORIENTED_EDGE('',*,*,#1375,.T.);
#1387=ORIENTED_EDGE('',*,*,#693,.T.);
#1388=CARTESIAN_POINT('',(36.589727808,27.,81.834135476));
#1389=DIRECTION('',(-0.,-1.,-0.));
#1390=VECTOR('',#1389,1.);
#1391=LINE('',#1388,#1390);
#1392=EDGE_CURVE('',#299,#680,#1391,.T.);
#1393=ORIENTED_EDGE('',*,*,#1392,.F.);
#1394=ORIENTED_EDGE('',*,*,#304,.F.);
#1395=EDGE_LOOP('',(#1386,#1387,#1393,#1394));
#1396=FACE_BOUND('',#1395,.T.);
#1397=ADVANCED_FACE('',(#1396),#1385,.F.);
#1398=CARTESIAN_POINT('',(37.32064953,31.,80.524267759));
#1399=DIRECTION('',(-0.873245145,0.,-0.487281148));
#1400=DIRECTION('',(-0.487281148,0.,0.873245145));
#1401=AXIS2_PLACEMENT_3D('',#1398,#1399,#1400);
#1402=PLANE('',#1401);
#1403=ORIENTED_EDGE('',*,*,#1392,.T.);
#1404=ORIENTED_EDGE('',*,*,#685,.T.);
#1405=CARTESIAN_POINT('',(38.051571252,27.,79.214400042));
#1406=DIRECTION('',(-0.,-1.,-0.));
#1407=VECTOR('',#1406,1.);
#1408=LINE('',#1405,#1407);
#1409=EDGE_CURVE('',#265,#672,#1408,.T.);
#1410=ORIENTED_EDGE('',*,*,#1409,.F.);
#1411=ORIENTED_EDGE('',*,*,#310,.F.);
#1412=EDGE_LOOP('',(#1403,#1404,#1410,#1411));
#1413=FACE_BOUND('',#1412,.T.);
#1414=ADVANCED_FACE('',(#1413),#1402,.F.);
#1415=CARTESIAN_POINT('',(39.551410832,31.,79.192462963));
#1416=DIRECTION('',(-0.014624719,0.,-0.999893053));
#1417=DIRECTION('',(-0.999893053,0.,0.014624719));
#1418=AXIS2_PLACEMENT_3D('',#1415,#1416,#1417);
#1419=PLANE('',#1418);
#1420=ORIENTED_EDGE('',*,*,#1409,.T.);
#1421=ORIENTED_EDGE('',*,*,#677,.T.);
#1422=ORIENTED_EDGE('',*,*,#1334,.F.);
#1423=ORIENTED_EDGE('',*,*,#272,.F.);
#1424=EDGE_LOOP('',(#1420,#1421,#1422,#1423));
#1425=FACE_BOUND('',#1424,.T.);
#1426=ADVANCED_FACE('',(#1425),#1419,.F.);
#1427=CARTESIAN_POINT('',(52.,26.,50.));
#1428=DIRECTION('',(0.,0.,1.));
#1429=DIRECTION('',(1.,0.,0.));
#1430=AXIS2_PLACEMENT_3D('',#1427,#1428,#1429);
#1431=PLANE('',#1430);
#1432=CARTESIAN_POINT('',(79.,0.,50.));
#1433=VERTEX_POINT('',#1432);
#1434=CARTESIAN_POINT('',(79.,53.,50.));
#1435=VERTEX_POINT('',#1434);
#1436=CARTESIAN_POINT('',(79.,0.,50.));
#1437=DIRECTION('',(0.,1.,0.));
#1438=VECTOR('',#1437,53.);
#1439=LINE('',#1436,#1438);
#1440=EDGE_CURVE('',#1433,#1435,#1439,.T.);
#1441=ORIENTED_EDGE('',*,*,#1440,.T.);
#1442=CARTESIAN_POINT('',(0.,53.,50.));
#1443=VERTEX_POINT('',#1442);
#1444=CARTESIAN_POINT('',(79.,53.,50.));
#1445=DIRECTION('',(-1.,-0.,0.));
#1446=VECTOR('',#1445,79.);
#1447=LINE('',#1444,#1446);
#1448=EDGE_CURVE('',#1435,#1443,#1447,.T.);
#1449=ORIENTED_EDGE('',*,*,#1448,.T.);
#1450=CARTESIAN_POINT('',(0.,0.,50.));
#1451=VERTEX_POINT('',#1450);
#1452=CARTESIAN_POINT('',(0.,53.,50.));
#1453=DIRECTION('',(-0.,-1.,-0.));
#1454=VECTOR('',#1453,53.);
#1455=LINE('',#1452,#1454);
#1456=EDGE_CURVE('',#1443,#1451,#1455,.T.);
#1457=ORIENTED_EDGE('',*,*,#1456,.T.);
#1458=CARTESIAN_POINT('',(0.,0.,50.));
#1459=DIRECTION('',(1.,0.,-0.));
#1460=VECTOR('',#1459,79.);
#1461=LINE('',#1458,#1460);
#1462=EDGE_CURVE('',#1451,#1433,#1461,.T.);
#1463=ORIENTED_EDGE('',*,*,#1462,.T.);
#1464=EDGE_LOOP('',(#1441,#1449,#1457,#1463));
#1465=FACE_BOUND('',#1464,.T.);
#1466=ORIENTED_EDGE('',*,*,#883,.F.);
#1467=CARTESIAN_POINT('',(26.,1.,50.));
#1468=VERTEX_POINT('',#1467);
#1469=CARTESIAN_POINT('',(26.,1.,50.));
#1470=DIRECTION('',(-0.,1.,-0.));
#1471=VECTOR('',#1470,25.);
#1472=LINE('',#1469,#1471);
#1473=EDGE_CURVE('',#1468,#870,#1472,.T.);
#1474=ORIENTED_EDGE('',*,*,#1473,.F.);
#1475=CARTESIAN_POINT('',(1.,1.,50.));
#1476=VERTEX_POINT('',#1475);
#1477=CARTESIAN_POINT('',(1.,1.,50.));
#1478=DIRECTION('',(1.,0.,-0.));
#1479=VECTOR('',#1478,25.);
#1480=LINE('',#1477,#1479);
#1481=EDGE_CURVE('',#1476,#1468,#1480,.T.);
#1482=ORIENTED_EDGE('',*,*,#1481,.F.);
#1483=CARTESIAN_POINT('',(1.,26.,50.));
#1484=DIRECTION('',(-0.,-1.,-0.));
#1485=VECTOR('',#1484,25.);
#1486=LINE('',#1483,#1485);
#1487=EDGE_CURVE('',#846,#1476,#1486,.T.);
#1488=ORIENTED_EDGE('',*,*,#1487,.F.);
#1489=ORIENTED_EDGE('',*,*,#851,.T.);
#1490=ORIENTED_EDGE('',*,*,#217,.F.);
#1491=ORIENTED_EDGE('',*,*,#546,.F.);
#1492=CARTESIAN_POINT('',(1.,52.,50.));
#1493=VERTEX_POINT('',#1492);
#1494=CARTESIAN_POINT('',(1.,52.,50.));
#1495=DIRECTION('',(-0.,-1.,-0.));
#1496=VECTOR('',#1495,25.);
#1497=LINE('',#1494,#1496);
#1498=EDGE_CURVE('',#1493,#535,#1497,.T.);
#1499=ORIENTED_EDGE('',*,*,#1498,.F.);
#1500=CARTESIAN_POINT('',(26.,52.,50.));
#1501=VERTEX_POINT('',#1500);
#1502=CARTESIAN_POINT('',(26.,52.,50.));
#1503=DIRECTION('',(-1.,-0.,0.));
#1504=VECTOR('',#1503,25.);
#1505=LINE('',#1502,#1504);
#1506=EDGE_CURVE('',#1501,#1493,#1505,.T.);
#1507=ORIENTED_EDGE('',*,*,#1506,.F.);
#1508=CARTESIAN_POINT('',(26.,27.,50.));
#1509=DIRECTION('',(-0.,1.,-0.));
#1510=VECTOR('',#1509,25.);
#1511=LINE('',#1508,#1510);
#1512=EDGE_CURVE('',#511,#1501,#1511,.T.);
#1513=ORIENTED_EDGE('',*,*,#1512,.F.);
#1514=ORIENTED_EDGE('',*,*,#516,.T.);
#1515=CARTESIAN_POINT('',(27.,52.,50.));
#1516=VERTEX_POINT('',#1515);
#1517=CARTESIAN_POINT('',(27.,27.,50.));
#1518=DIRECTION('',(0.,1.,0.));
#1519=VECTOR('',#1518,25.);
#1520=LINE('',#1517,#1519);
#1521=EDGE_CURVE('',#503,#1516,#1520,.T.);
#1522=ORIENTED_EDGE('',*,*,#1521,.T.);
#1523=CARTESIAN_POINT('',(52.,52.,50.));
#1524=VERTEX_POINT('',#1523);
#1525=CARTESIAN_POINT('',(52.,52.,50.));
#1526=DIRECTION('',(-1.,-0.,0.));
#1527=VECTOR('',#1526,25.);
#1528=LINE('',#1525,#1527);
#1529=EDGE_CURVE('',#1524,#1516,#1528,.T.);
#1530=ORIENTED_EDGE('',*,*,#1529,.F.);
#1531=CARTESIAN_POINT('',(52.,52.,50.));
#1532=DIRECTION('',(-0.,-1.,-0.));
#1533=VECTOR('',#1532,25.);
#1534=LINE('',#1531,#1533);
#1535=EDGE_CURVE('',#1524,#479,#1534,.T.);
#1536=ORIENTED_EDGE('',*,*,#1535,.T.);
#1537=ORIENTED_EDGE('',*,*,#484,.T.);
#1538=CARTESIAN_POINT('',(53.,52.,50.));
#1539=VERTEX_POINT('',#1538);
#1540=CARTESIAN_POINT('',(53.,52.,50.));
#1541=DIRECTION('',(-0.,-1.,-0.));
#1542=VECTOR('',#1541,25.);
#1543=LINE('',#1540,#1542);
#1544=EDGE_CURVE('',#1539,#471,#1543,.T.);
#1545=ORIENTED_EDGE('',*,*,#1544,.F.);
#1546=CARTESIAN_POINT('',(78.,52.,50.));
#1547=VERTEX_POINT('',#1546);
#1548=CARTESIAN_POINT('',(78.,52.,50.));
#1549=DIRECTION('',(-1.,-0.,0.));
#1550=VECTOR('',#1549,25.);
#1551=LINE('',#1548,#1550);
#1552=EDGE_CURVE('',#1547,#1539,#1551,.T.);
#1553=ORIENTED_EDGE('',*,*,#1552,.F.);
#1554=CARTESIAN_POINT('',(78.,27.,50.));
#1555=DIRECTION('',(-0.,1.,-0.));
#1556=VECTOR('',#1555,25.);
#1557=LINE('',#1554,#1556);
#1558=EDGE_CURVE('',#447,#1547,#1557,.T.);
#1559=ORIENTED_EDGE('',*,*,#1558,.F.);
#1560=ORIENTED_EDGE('',*,*,#452,.F.);
#1561=ORIENTED_EDGE('',*,*,#246,.T.);
#1562=ORIENTED_EDGE('',*,*,#945,.T.);
#1563=CARTESIAN_POINT('',(78.,1.,50.));
#1564=VERTEX_POINT('',#1563);
#1565=CARTESIAN_POINT('',(78.,1.,50.));
#1566=DIRECTION('',(-0.,1.,-0.));
#1567=VECTOR('',#1566,25.);
#1568=LINE('',#1565,#1567);
#1569=EDGE_CURVE('',#1564,#934,#1568,.T.);
#1570=ORIENTED_EDGE('',*,*,#1569,.F.);
#1571=CARTESIAN_POINT('',(53.,1.,50.));
#1572=VERTEX_POINT('',#1571);
#1573=CARTESIAN_POINT('',(53.,1.,50.));
#1574=DIRECTION('',(1.,0.,-0.));
#1575=VECTOR('',#1574,25.);
#1576=LINE('',#1573,#1575);
#1577=EDGE_CURVE('',#1572,#1564,#1576,.T.);
#1578=ORIENTED_EDGE('',*,*,#1577,.F.);
#1579=CARTESIAN_POINT('',(53.,26.,50.));
#1580=DIRECTION('',(-0.,-1.,-0.));
#1581=VECTOR('',#1580,25.);
#1582=LINE('',#1579,#1581);
#1583=EDGE_CURVE('',#910,#1572,#1582,.T.);
#1584=ORIENTED_EDGE('',*,*,#1583,.F.);
#1585=ORIENTED_EDGE('',*,*,#915,.F.);
#1586=CARTESIAN_POINT('',(52.,1.,50.));
#1587=VERTEX_POINT('',#1586);
#1588=CARTESIAN_POINT('',(52.,26.,50.));
#1589=DIRECTION('',(-0.,-1.,-0.));
#1590=VECTOR('',#1589,25.);
#1591=LINE('',#1588,#1590);
#1592=EDGE_CURVE('',#902,#1587,#1591,.T.);
#1593=ORIENTED_EDGE('',*,*,#1592,.T.);
#1594=CARTESIAN_POINT('',(27.,1.,50.));
#1595=VERTEX_POINT('',#1594);
#1596=CARTESIAN_POINT('',(27.,1.,50.));
#1597=DIRECTION('',(1.,0.,-0.));
#1598=VECTOR('',#1597,25.);
#1599=LINE('',#1596,#1598);
#1600=EDGE_CURVE('',#1595,#1587,#1599,.T.);
#1601=ORIENTED_EDGE('',*,*,#1600,.F.);
#1602=CARTESIAN_POINT('',(27.,1.,50.));
#1603=DIRECTION('',(0.,1.,0.));
#1604=VECTOR('',#1603,25.);
#1605=LINE('',#1602,#1604);
#1606=EDGE_CURVE('',#1595,#878,#1605,.T.);
#1607=ORIENTED_EDGE('',*,*,#1606,.T.);
#1608=EDGE_LOOP('',(#1466,#1474,#1482,#1488,#1489,#1490,#1491,#1499,#1507,#1513,#1514,#1522,#1530,#1536,#1537,#1545,#1553,#1559,#1560,#1561,#1562,#1570,#1578,#1584,#1585,#1593,
#1601,#1607));
#1609=FACE_BOUND('',#1608,.T.);
#1610=ADVANCED_FACE('',(#1465,#1609),#1431,.T.);
#1611=CARTESIAN_POINT('',(52.,39.5,50.));
#1612=DIRECTION('',(1.,0.,0.));
#1613=DIRECTION('',(0.,1.,0.));
#1614=AXIS2_PLACEMENT_3D('',#1611,#1612,#1613);
#1615=PLANE('',#1614);
#1616=CARTESIAN_POINT('',(52.,47.,10.));
#1617=VERTEX_POINT('',#1616);
#1618=CARTESIAN_POINT('',(52.,32.,10.));
#1619=VERTEX_POINT('',#1618);
#1620=CARTESIAN_POINT('',(52.,47.,10.));
#1621=DIRECTION('',(-0.,-1.,-0.));
#1622=VECTOR('',#1621,15.);
#1623=LINE('',#1620,#1622);
#1624=EDGE_CURVE('',#1617,#1619,#1623,.T.);
#1625=ORIENTED_EDGE('',*,*,#1624,.F.);
#1626=CARTESIAN_POINT('',(52.,47.,40.));
#1627=VERTEX_POINT('',#1626);
#1628=CARTESIAN_POINT('',(52.,47.,40.));
#1629=DIRECTION('',(-0.,-0.,-1.));
#1630=VECTOR('',#1629,30.);
#1631=LINE('',#1628,#1630);
#1632=EDGE_CURVE('',#1627,#1617,#1631,.T.);
#1633=ORIENTED_EDGE('',*,*,#1632,.F.);
#1634=CARTESIAN_POINT('',(52.,32.,40.));
#1635=VERTEX_POINT('',#1634);
#1636=CARTESIAN_POINT('',(52.,32.,40.));
#1637=DIRECTION('',(-0.,1.,-0.));
#1638=VECTOR('',#1637,15.);
#1639=LINE('',#1636,#1638);
#1640=EDGE_CURVE('',#1635,#1627,#1639,.T.);
#1641=ORIENTED_EDGE('',*,*,#1640,.F.);
#1642=CARTESIAN_POINT('',(52.,32.,10.));
#1643=DIRECTION('',(-0.,-0.,1.));
#1644=VECTOR('',#1643,30.);
#1645=LINE('',#1642,#1644);
#1646=EDGE_CURVE('',#1619,#1635,#1645,.T.);
#1647=ORIENTED_EDGE('',*,*,#1646,.F.);
#1648=EDGE_LOOP('',(#1625,#1633,#1641,#1647));
#1649=FACE_BOUND('',#1648,.T.);
#1650=ORIENTED_EDGE('',*,*,#492,.F.);
#1651=ORIENTED_EDGE('',*,*,#1535,.F.);
#1652=CARTESIAN_POINT('',(52.,52.,1.));
#1653=VERTEX_POINT('',#1652);
#1654=CARTESIAN_POINT('',(52.,52.,50.));
#1655=DIRECTION('',(-0.,-0.,-1.));
#1656=VECTOR('',#1655,49.);
#1657=LINE('',#1654,#1656);
#1658=EDGE_CURVE('',#1524,#1653,#1657,.T.);
#1659=ORIENTED_EDGE('',*,*,#1658,.T.);
#1660=CARTESIAN_POINT('',(52.,27.,1.));
#1661=DIRECTION('',(0.,1.,0.));
#1662=VECTOR('',#1661,25.);
#1663=LINE('',#1660,#1662);
#1664=EDGE_CURVE('',#487,#1653,#1663,.T.);
#1665=ORIENTED_EDGE('',*,*,#1664,.F.);
#1666=EDGE_LOOP('',(#1650,#1651,#1659,#1665));
#1667=FACE_BOUND('',#1666,.T.);
#1668=ADVANCED_FACE('',(#1649,#1667),#1615,.F.);
#1669=CARTESIAN_POINT('',(79.,39.5,50.));
#1670=DIRECTION('',(-1.,0.,0.));
#1671=DIRECTION('',(0.,-1.,0.));
#1672=AXIS2_PLACEMENT_3D('',#1669,#1670,#1671);
#1673=PLANE('',#1672);
#1674=CARTESIAN_POINT('',(79.,32.,40.));
#1675=VERTEX_POINT('',#1674);
#1676=CARTESIAN_POINT('',(79.,47.,40.));
#1677=VERTEX_POINT('',#1676);
#1678=CARTESIAN_POINT('',(79.,32.,40.));
#1679=DIRECTION('',(-0.,1.,-0.));
#1680=VECTOR('',#1679,15.);
#1681=LINE('',#1678,#1680);
#1682=EDGE_CURVE('',#1675,#1677,#1681,.T.);
#1683=ORIENTED_EDGE('',*,*,#1682,.T.);
#1684=CARTESIAN_POINT('',(79.,47.,10.));
#1685=VERTEX_POINT('',#1684);
#1686=CARTESIAN_POINT('',(79.,47.,40.));
#1687=DIRECTION('',(-0.,-0.,-1.));
#1688=VECTOR('',#1687,30.);
#1689=LINE('',#1686,#1688);
#1690=EDGE_CURVE('',#1677,#1685,#1689,.T.);
#1691=ORIENTED_EDGE('',*,*,#1690,.T.);
#1692=CARTESIAN_POINT('',(79.,32.,10.));
#1693=VERTEX_POINT('',#1692);
#1694=CARTESIAN_POINT('',(79.,47.,10.));
#1695=DIRECTION('',(0.,-1.,0.));
#1696=VECTOR('',#1695,15.);
#1697=LINE('',#1694,#1696);
#1698=EDGE_CURVE('',#1685,#1693,#1697,.T.);
#1699=ORIENTED_EDGE('',*,*,#1698,.T.);
#1700=CARTESIAN_POINT('',(79.,32.,10.));
#1701=DIRECTION('',(0.,0.,1.));
#1702=VECTOR('',#1701,30.);
#1703=LINE('',#1700,#1702);
#1704=EDGE_CURVE('',#1693,#1675,#1703,.T.);
#1705=ORIENTED_EDGE('',*,*,#1704,.T.);
#1706=EDGE_LOOP('',(#1683,#1691,#1699,#1705));
#1707=FACE_BOUND('',#1706,.T.);
#1708=CARTESIAN_POINT('',(79.,53.,0.));
#1709=VERTEX_POINT('',#1708);
#1710=CARTESIAN_POINT('',(79.,53.,50.));
#1711=DIRECTION('',(-0.,-0.,-1.));
#1712=VECTOR('',#1711,50.);
#1713=LINE('',#1710,#1712);
#1714=EDGE_CURVE('',#1435,#1709,#1713,.T.);
#1715=ORIENTED_EDGE('',*,*,#1714,.F.);
#1716=ORIENTED_EDGE('',*,*,#1440,.F.);
#1717=CARTESIAN_POINT('',(79.,0.,0.));
#1718=VERTEX_POINT('',#1717);
#1719=CARTESIAN_POINT('',(79.,0.,50.));
#1720=DIRECTION('',(-0.,-0.,-1.));
#1721=VECTOR('',#1720,50.);
#1722=LINE('',#1719,#1721);
#1723=EDGE_CURVE('',#1433,#1718,#1722,.T.);
#1724=ORIENTED_EDGE('',*,*,#1723,.T.);
#1725=CARTESIAN_POINT('',(79.,0.,0.));
#1726=DIRECTION('',(-0.,1.,-0.));
#1727=VECTOR('',#1726,53.);
#1728=LINE('',#1725,#1727);
#1729=EDGE_CURVE('',#1718,#1709,#1728,.T.);
#1730=ORIENTED_EDGE('',*,*,#1729,.T.);
#1731=EDGE_LOOP('',(#1715,#1716,#1724,#1730));
#1732=FACE_BOUND('',#1731,.T.);
#1733=CARTESIAN_POINT('',(79.,6.,40.));
#1734=VERTEX_POINT('',#1733);
#1735=CARTESIAN_POINT('',(79.,21.,40.));
#1736=VERTEX_POINT('',#1735);
#1737=CARTESIAN_POINT('',(79.,6.,40.));
#1738=DIRECTION('',(-0.,1.,-0.));
#1739=VECTOR('',#1738,15.);
#1740=LINE('',#1737,#1739);
#1741=EDGE_CURVE('',#1734,#1736,#1740,.T.);
#1742=ORIENTED_EDGE('',*,*,#1741,.T.);
#1743=CARTESIAN_POINT('',(79.,21.,10.));
#1744=VERTEX_POINT('',#1743);
#1745=CARTESIAN_POINT('',(79.,21.,40.));
#1746=DIRECTION('',(-0.,-0.,-1.));
#1747=VECTOR('',#1746,30.);
#1748=LINE('',#1745,#1747);
#1749=EDGE_CURVE('',#1736,#1744,#1748,.T.);
#1750=ORIENTED_EDGE('',*,*,#1749,.T.);
#1751=CARTESIAN_POINT('',(79.,6.,10.));
#1752=VERTEX_POINT('',#1751);
#1753=CARTESIAN_POINT('',(79.,21.,10.));
#1754=DIRECTION('',(0.,-1.,0.));
#1755=VECTOR('',#1754,15.);
#1756=LINE('',#1753,#1755);
#1757=EDGE_CURVE('',#1744,#1752,#1756,.T.);
#1758=ORIENTED_EDGE('',*,*,#1757,.T.);
#1759=CARTESIAN_POINT('',(79.,6.,10.));
#1760=DIRECTION('',(0.,0.,1.));
#1761=VECTOR('',#1760,30.);
#1762=LINE('',#1759,#1761);
#1763=EDGE_CURVE('',#1752,#1734,#1762,.T.);
#1764=ORIENTED_EDGE('',*,*,#1763,.T.);
#1765=EDGE_LOOP('',(#1742,#1750,#1758,#1764));
#1766=FACE_BOUND('',#1765,.T.);
#1767=ADVANCED_FACE('',(#1707,#1732,#1766),#1673,.F.);
#1768=CARTESIAN_POINT('',(65.5,53.,50.));
#1769=DIRECTION('',(0.,-1.,0.));
#1770=DIRECTION('',(1.,0.,0.));
#1771=AXIS2_PLACEMENT_3D('',#1768,#1769,#1770);
#1772=PLANE('',#1771);
#1773=CARTESIAN_POINT('',(0.,53.,0.));
#1774=VERTEX_POINT('',#1773);
#1775=CARTESIAN_POINT('',(0.,53.,50.));
#1776=DIRECTION('',(-0.,-0.,-1.));
#1777=VECTOR('',#1776,50.);
#1778=LINE('',#1775,#1777);
#1779=EDGE_CURVE('',#1443,#1774,#1778,.T.);
#1780=ORIENTED_EDGE('',*,*,#1779,.F.);
#1781=ORIENTED_EDGE('',*,*,#1448,.F.);
#1782=ORIENTED_EDGE('',*,*,#1714,.T.);
#1783=CARTESIAN_POINT('',(79.,53.,0.));
#1784=DIRECTION('',(-1.,-0.,0.));
#1785=VECTOR('',#1784,79.);
#1786=LINE('',#1783,#1785);
#1787=EDGE_CURVE('',#1709,#1774,#1786,.T.);
#1788=ORIENTED_EDGE('',*,*,#1787,.T.);
#1789=EDGE_LOOP('',(#1780,#1781,#1782,#1788));
#1790=FACE_BOUND('',#1789,.T.);
#1791=CARTESIAN_POINT('',(73.,53.,40.));
#1792=VERTEX_POINT('',#1791);
#1793=CARTESIAN_POINT('',(58.,53.,40.));
#1794=VERTEX_POINT('',#1793);
#1795=CARTESIAN_POINT('',(73.,53.,40.));
#1796=DIRECTION('',(-1.,-0.,0.));
#1797=VECTOR('',#1796,15.);
#1798=LINE('',#1795,#1797);
#1799=EDGE_CURVE('',#1792,#1794,#1798,.T.);
#1800=ORIENTED_EDGE('',*,*,#1799,.T.);
#1801=CARTESIAN_POINT('',(58.,53.,10.));
#1802=VERTEX_POINT('',#1801);
#1803=CARTESIAN_POINT('',(58.,53.,40.));
#1804=DIRECTION('',(-0.,-0.,-1.));
#1805=VECTOR('',#1804,30.);
#1806=LINE('',#1803,#1805);
#1807=EDGE_CURVE('',#1794,#1802,#1806,.T.);
#1808=ORIENTED_EDGE('',*,*,#1807,.T.);
#1809=CARTESIAN_POINT('',(73.,53.,10.));
#1810=VERTEX_POINT('',#1809);
#1811=CARTESIAN_POINT('',(58.,53.,10.));
#1812=DIRECTION('',(1.,0.,-0.));
#1813=VECTOR('',#1812,15.);
#1814=LINE('',#1811,#1813);
#1815=EDGE_CURVE('',#1802,#1810,#1814,.T.);
#1816=ORIENTED_EDGE('',*,*,#1815,.T.);
#1817=CARTESIAN_POINT('',(73.,53.,10.));
#1818=DIRECTION('',(0.,0.,1.));
#1819=VECTOR('',#1818,30.);
#1820=LINE('',#1817,#1819);
#1821=EDGE_CURVE('',#1810,#1792,#1820,.T.);
#1822=ORIENTED_EDGE('',*,*,#1821,.T.);
#1823=EDGE_LOOP('',(#1800,#1808,#1816,#1822));
#1824=FACE_BOUND('',#1823,.T.);
#1825=CARTESIAN_POINT('',(21.,53.,40.));
#1826=VERTEX_POINT('',#1825);
#1827=CARTESIAN_POINT('',(6.,53.,40.));
#1828=VERTEX_POINT('',#1827);
#1829=CARTESIAN_POINT('',(21.,53.,40.));
#1830=DIRECTION('',(-1.,-0.,0.));
#1831=VECTOR('',#1830,15.);
#1832=LINE('',#1829,#1831);
#1833=EDGE_CURVE('',#1826,#1828,#1832,.T.);
#1834=ORIENTED_EDGE('',*,*,#1833,.T.);
#1835=CARTESIAN_POINT('',(6.,53.,10.));
#1836=VERTEX_POINT('',#1835);
#1837=CARTESIAN_POINT('',(6.,53.,40.));
#1838=DIRECTION('',(-0.,-0.,-1.));
#1839=VECTOR('',#1838,30.);
#1840=LINE('',#1837,#1839);
#1841=EDGE_CURVE('',#1828,#1836,#1840,.T.);
#1842=ORIENTED_EDGE('',*,*,#1841,.T.);
#1843=CARTESIAN_POINT('',(21.,53.,10.));
#1844=VERTEX_POINT('',#1843);
#1845=CARTESIAN_POINT('',(6.,53.,10.));
#1846=DIRECTION('',(1.,0.,-0.));
#1847=VECTOR('',#1846,15.);
#1848=LINE('',#1845,#1847);
#1849=EDGE_CURVE('',#1836,#1844,#1848,.T.);
#1850=ORIENTED_EDGE('',*,*,#1849,.T.);
#1851=CARTESIAN_POINT('',(21.,53.,10.));
#1852=DIRECTION('',(0.,0.,1.));
#1853=VECTOR('',#1852,30.);
#1854=LINE('',#1851,#1853);
#1855=EDGE_CURVE('',#1844,#1826,#1854,.T.);
#1856=ORIENTED_EDGE('',*,*,#1855,.T.);
#1857=EDGE_LOOP('',(#1834,#1842,#1850,#1856));
#1858=FACE_BOUND('',#1857,.T.);
#1859=CARTESIAN_POINT('',(47.,53.,40.));
#1860=VERTEX_POINT('',#1859);
#1861=CARTESIAN_POINT('',(32.,53.,40.));
#1862=VERTEX_POINT('',#1861);
#1863=CARTESIAN_POINT('',(47.,53.,40.));
#1864=DIRECTION('',(-1.,-0.,0.));
#1865=VECTOR('',#1864,15.);
#1866=LINE('',#1863,#1865);
#1867=EDGE_CURVE('',#1860,#1862,#1866,.T.);
#1868=ORIENTED_EDGE('',*,*,#1867,.T.);
#1869=CARTESIAN_POINT('',(32.,53.,10.));
#1870=VERTEX_POINT('',#1869);
#1871=CARTESIAN_POINT('',(32.,53.,40.));
#1872=DIRECTION('',(-0.,-0.,-1.));
#1873=VECTOR('',#1872,30.);
#1874=LINE('',#1871,#1873);
#1875=EDGE_CURVE('',#1862,#1870,#1874,.T.);
#1876=ORIENTED_EDGE('',*,*,#1875,.T.);
#1877=CARTESIAN_POINT('',(47.,53.,10.));
#1878=VERTEX_POINT('',#1877);
#1879=CARTESIAN_POINT('',(32.,53.,10.));
#1880=DIRECTION('',(1.,0.,-0.));
#1881=VECTOR('',#1880,15.);
#1882=LINE('',#1879,#1881);
#1883=EDGE_CURVE('',#1870,#1878,#1882,.T.);
#1884=ORIENTED_EDGE('',*,*,#1883,.T.);
#1885=CARTESIAN_POINT('',(47.,53.,10.));
#1886=DIRECTION('',(0.,0.,1.));
#1887=VECTOR('',#1886,30.);
#1888=LINE('',#1885,#1887);
#1889=EDGE_CURVE('',#1878,#1860,#1888,.T.);
#1890=ORIENTED_EDGE('',*,*,#1889,.T.);
#1891=EDGE_LOOP('',(#1868,#1876,#1884,#1890));
#1892=FACE_BOUND('',#1891,.T.);
#1893=ADVANCED_FACE('',(#1790,#1824,#1858,#1892),#1772,.F.);
#1894=CARTESIAN_POINT('',(52.,26.,0.));
#1895=DIRECTION('',(0.,0.,1.));
#1896=DIRECTION('',(1.,0.,0.));
#1897=AXIS2_PLACEMENT_3D('',#1894,#1895,#1896);
#1898=PLANE('',#1897);
#1899=ORIENTED_EDGE('',*,*,#1787,.F.);
#1900=ORIENTED_EDGE('',*,*,#1729,.F.);
#1901=CARTESIAN_POINT('',(0.,0.,0.));
#1902=VERTEX_POINT('',#1901);
#1903=CARTESIAN_POINT('',(0.,0.,0.));
#1904=DIRECTION('',(1.,0.,-0.));
#1905=VECTOR('',#1904,79.);
#1906=LINE('',#1903,#1905);
#1907=EDGE_CURVE('',#1902,#1718,#1906,.T.);
#1908=ORIENTED_EDGE('',*,*,#1907,.F.);
#1909=CARTESIAN_POINT('',(0.,53.,0.));
#1910=DIRECTION('',(-0.,-1.,-0.));
#1911=VECTOR('',#1910,53.);
#1912=LINE('',#1909,#1911);
#1913=EDGE_CURVE('',#1774,#1902,#1912,.T.);
#1914=ORIENTED_EDGE('',*,*,#1913,.F.);
#1915=EDGE_LOOP('',(#1899,#1900,#1908,#1914));
#1916=FACE_BOUND('',#1915,.T.);
#1917=ADVANCED_FACE('',(#1916),#1898,.F.);
#1918=CARTESIAN_POINT('',(78.,39.5,50.));
#1919=DIRECTION('',(-1.,0.,0.));
#1920=DIRECTION('',(0.,-1.,0.));
#1921=AXIS2_PLACEMENT_3D('',#1918,#1919,#1920);
#1922=PLANE('',#1921);
#1923=CARTESIAN_POINT('',(78.,47.,40.));
#1924=VERTEX_POINT('',#1923);
#1925=CARTESIAN_POINT('',(78.,47.,10.));
#1926=VERTEX_POINT('',#1925);
#1927=CARTESIAN_POINT('',(78.,47.,40.));
#1928=DIRECTION('',(-0.,-0.,-1.));
#1929=VECTOR('',#1928,30.);
#1930=LINE('',#1927,#1929);
#1931=EDGE_CURVE('',#1924,#1926,#1930,.T.);
#1932=ORIENTED_EDGE('',*,*,#1931,.F.);
#1933=CARTESIAN_POINT('',(78.,32.,40.));
#1934=VERTEX_POINT('',#1933);
#1935=CARTESIAN_POINT('',(78.,32.,40.));
#1936=DIRECTION('',(-0.,1.,-0.));
#1937=VECTOR('',#1936,15.);
#1938=LINE('',#1935,#1937);
#1939=EDGE_CURVE('',#1934,#1924,#1938,.T.);
#1940=ORIENTED_EDGE('',*,*,#1939,.F.);
#1941=CARTESIAN_POINT('',(78.,32.,10.));
#1942=VERTEX_POINT('',#1941);
#1943=CARTESIAN_POINT('',(78.,32.,10.));
#1944=DIRECTION('',(-0.,-0.,1.));
#1945=VECTOR('',#1944,30.);
#1946=LINE('',#1943,#1945);
#1947=EDGE_CURVE('',#1942,#1934,#1946,.T.);
#1948=ORIENTED_EDGE('',*,*,#1947,.F.);
#1949=CARTESIAN_POINT('',(78.,47.,10.));
#1950=DIRECTION('',(-0.,-1.,-0.));
#1951=VECTOR('',#1950,15.);
#1952=LINE('',#1949,#1951);
#1953=EDGE_CURVE('',#1926,#1942,#1952,.T.);
#1954=ORIENTED_EDGE('',*,*,#1953,.F.);
#1955=EDGE_LOOP('',(#1932,#1940,#1948,#1954));
#1956=FACE_BOUND('',#1955,.T.);
#1957=CARTESIAN_POINT('',(78.,52.,1.));
#1958=VERTEX_POINT('',#1957);
#1959=CARTESIAN_POINT('',(78.,27.,1.));
#1960=DIRECTION('',(0.,1.,0.));
#1961=VECTOR('',#1960,25.);
#1962=LINE('',#1959,#1961);
#1963=EDGE_CURVE('',#455,#1958,#1962,.T.);
#1964=ORIENTED_EDGE('',*,*,#1963,.F.);
#1965=ORIENTED_EDGE('',*,*,#460,.F.);
#1966=ORIENTED_EDGE('',*,*,#1558,.T.);
#1967=CARTESIAN_POINT('',(78.,52.,50.));
#1968=DIRECTION('',(-0.,-0.,-1.));
#1969=VECTOR('',#1968,49.);
#1970=LINE('',#1967,#1969);
#1971=EDGE_CURVE('',#1547,#1958,#1970,.T.);
#1972=ORIENTED_EDGE('',*,*,#1971,.T.);
#1973=EDGE_LOOP('',(#1964,#1965,#1966,#1972));
#1974=FACE_BOUND('',#1973,.T.);
#1975=ADVANCED_FACE('',(#1956,#1974),#1922,.T.);
#1976=CARTESIAN_POINT('',(65.5,52.,50.));
#1977=DIRECTION('',(0.,-1.,0.));
#1978=DIRECTION('',(1.,0.,0.));
#1979=AXIS2_PLACEMENT_3D('',#1976,#1977,#1978);
#1980=PLANE('',#1979);
#1981=CARTESIAN_POINT('',(58.,52.,40.));
#1982=VERTEX_POINT('',#1981);
#1983=CARTESIAN_POINT('',(58.,52.,10.));
#1984=VERTEX_POINT('',#1983);
#1985=CARTESIAN_POINT('',(58.,52.,40.));
#1986=DIRECTION('',(-0.,-0.,-1.));
#1987=VECTOR('',#1986,30.);
#1988=LINE('',#1985,#1987);
#1989=EDGE_CURVE('',#1982,#1984,#1988,.T.);
#1990=ORIENTED_EDGE('',*,*,#1989,.F.);
#1991=CARTESIAN_POINT('',(73.,52.,40.));
#1992=VERTEX_POINT('',#1991);
#1993=CARTESIAN_POINT('',(73.,52.,40.));
#1994=DIRECTION('',(-1.,-0.,0.));
#1995=VECTOR('',#1994,15.);
#1996=LINE('',#1993,#1995);
#1997=EDGE_CURVE('',#1992,#1982,#1996,.T.);
#1998=ORIENTED_EDGE('',*,*,#1997,.F.);
#1999=CARTESIAN_POINT('',(73.,52.,10.));
#2000=VERTEX_POINT('',#1999);
#2001=CARTESIAN_POINT('',(73.,52.,10.));
#2002=DIRECTION('',(-0.,-0.,1.));
#2003=VECTOR('',#2002,30.);
#2004=LINE('',#2001,#2003);
#2005=EDGE_CURVE('',#2000,#1992,#2004,.T.);
#2006=ORIENTED_EDGE('',*,*,#2005,.F.);
#2007=CARTESIAN_POINT('',(58.,52.,10.));
#2008=DIRECTION('',(1.,-0.,-0.));
#2009=VECTOR('',#2008,15.);
#2010=LINE('',#2007,#2009);
#2011=EDGE_CURVE('',#1984,#2000,#2010,.T.);
#2012=ORIENTED_EDGE('',*,*,#2011,.F.);
#2013=EDGE_LOOP('',(#1990,#1998,#2006,#2012));
#2014=FACE_BOUND('',#2013,.T.);
#2015=CARTESIAN_POINT('',(53.,52.,1.));
#2016=VERTEX_POINT('',#2015);
#2017=CARTESIAN_POINT('',(78.,52.,1.));
#2018=DIRECTION('',(-1.,-0.,0.));
#2019=VECTOR('',#2018,25.);
#2020=LINE('',#2017,#2019);
#2021=EDGE_CURVE('',#1958,#2016,#2020,.T.);
#2022=ORIENTED_EDGE('',*,*,#2021,.F.);
#2023=ORIENTED_EDGE('',*,*,#1971,.F.);
#2024=ORIENTED_EDGE('',*,*,#1552,.T.);
#2025=CARTESIAN_POINT('',(53.,52.,50.));
#2026=DIRECTION('',(-0.,-0.,-1.));
#2027=VECTOR('',#2026,49.);
#2028=LINE('',#2025,#2027);
#2029=EDGE_CURVE('',#1539,#2016,#2028,.T.);
#2030=ORIENTED_EDGE('',*,*,#2029,.T.);
#2031=EDGE_LOOP('',(#2022,#2023,#2024,#2030));
#2032=FACE_BOUND('',#2031,.T.);
#2033=ADVANCED_FACE('',(#2014,#2032),#1980,.T.);
#2034=CARTESIAN_POINT('',(53.,39.5,50.));
#2035=DIRECTION('',(1.,0.,0.));
#2036=DIRECTION('',(0.,1.,0.));
#2037=AXIS2_PLACEMENT_3D('',#2034,#2035,#2036);
#2038=PLANE('',#2037);
#2039=CARTESIAN_POINT('',(53.,47.,10.));
#2040=VERTEX_POINT('',#2039);
#2041=CARTESIAN_POINT('',(53.,47.,40.));
#2042=VERTEX_POINT('',#2041);
#2043=CARTESIAN_POINT('',(53.,47.,10.));
#2044=DIRECTION('',(0.,0.,1.));
#2045=VECTOR('',#2044,30.);
#2046=LINE('',#2043,#2045);
#2047=EDGE_CURVE('',#2040,#2042,#2046,.T.);
#2048=ORIENTED_EDGE('',*,*,#2047,.F.);
#2049=CARTESIAN_POINT('',(53.,32.,10.));
#2050=VERTEX_POINT('',#2049);
#2051=CARTESIAN_POINT('',(53.,32.,10.));
#2052=DIRECTION('',(0.,1.,0.));
#2053=VECTOR('',#2052,15.);
#2054=LINE('',#2051,#2053);
#2055=EDGE_CURVE('',#2050,#2040,#2054,.T.);
#2056=ORIENTED_EDGE('',*,*,#2055,.F.);
#2057=CARTESIAN_POINT('',(53.,32.,40.));
#2058=VERTEX_POINT('',#2057);
#2059=CARTESIAN_POINT('',(53.,32.,40.));
#2060=DIRECTION('',(0.,0.,-1.));
#2061=VECTOR('',#2060,30.);
#2062=LINE('',#2059,#2061);
#2063=EDGE_CURVE('',#2058,#2050,#2062,.T.);
#2064=ORIENTED_EDGE('',*,*,#2063,.F.);
#2065=CARTESIAN_POINT('',(53.,47.,40.));
#2066=DIRECTION('',(0.,-1.,0.));
#2067=VECTOR('',#2066,15.);
#2068=LINE('',#2065,#2067);
#2069=EDGE_CURVE('',#2042,#2058,#2068,.T.);
#2070=ORIENTED_EDGE('',*,*,#2069,.F.);
#2071=EDGE_LOOP('',(#2048,#2056,#2064,#2070));
#2072=FACE_BOUND('',#2071,.T.);
#2073=CARTESIAN_POINT('',(53.,52.,1.));
#2074=DIRECTION('',(-0.,-1.,-0.));
#2075=VECTOR('',#2074,25.);
#2076=LINE('',#2073,#2075);
#2077=EDGE_CURVE('',#2016,#463,#2076,.T.);
#2078=ORIENTED_EDGE('',*,*,#2077,.F.);
#2079=ORIENTED_EDGE('',*,*,#2029,.F.);
#2080=ORIENTED_EDGE('',*,*,#1544,.T.);
#2081=ORIENTED_EDGE('',*,*,#476,.T.);
#2082=EDGE_LOOP('',(#2078,#2079,#2080,#2081));
#2083=FACE_BOUND('',#2082,.T.);
#2084=ADVANCED_FACE('',(#2072,#2083),#2038,.T.);
#2085=CARTESIAN_POINT('',(52.,26.,1.));
#2086=DIRECTION('',(0.,0.,1.));
#2087=DIRECTION('',(1.,0.,0.));
#2088=AXIS2_PLACEMENT_3D('',#2085,#2086,#2087);
#2089=PLANE('',#2088);
#2090=ORIENTED_EDGE('',*,*,#468,.T.);
#2091=ORIENTED_EDGE('',*,*,#1963,.T.);
#2092=ORIENTED_EDGE('',*,*,#2021,.T.);
#2093=ORIENTED_EDGE('',*,*,#2077,.T.);
#2094=EDGE_LOOP('',(#2090,#2091,#2092,#2093));
#2095=FACE_BOUND('',#2094,.T.);
#2096=ADVANCED_FACE('',(#2095),#2089,.T.);
#2097=CARTESIAN_POINT('',(103.,39.5,10.));
#2098=DIRECTION('',(0.,0.,-1.));
#2099=DIRECTION('',(-1.,0.,0.));
#2100=AXIS2_PLACEMENT_3D('',#2097,#2098,#2099);
#2101=PLANE('',#2100);
#2102=ORIENTED_EDGE('',*,*,#2055,.T.);
#2103=CARTESIAN_POINT('',(53.,47.,10.));
#2104=DIRECTION('',(-1.,0.,0.));
#2105=VECTOR('',#2104,1.);
#2106=LINE('',#2103,#2105);
#2107=EDGE_CURVE('',#2040,#1617,#2106,.T.);
#2108=ORIENTED_EDGE('',*,*,#2107,.T.);
#2109=ORIENTED_EDGE('',*,*,#1624,.T.);
#2110=CARTESIAN_POINT('',(53.,32.,10.));
#2111=DIRECTION('',(-1.,-0.,0.));
#2112=VECTOR('',#2111,1.);
#2113=LINE('',#2110,#2112);
#2114=EDGE_CURVE('',#2050,#1619,#2113,.T.);
#2115=ORIENTED_EDGE('',*,*,#2114,.F.);
#2116=EDGE_LOOP('',(#2102,#2108,#2109,#2115));
#2117=FACE_BOUND('',#2116,.T.);
#2118=ADVANCED_FACE('',(#2117),#2101,.F.);
#2119=CARTESIAN_POINT('',(103.,32.,25.));
#2120=DIRECTION('',(0.,-1.,0.));
#2121=DIRECTION('',(0.,0.,-1.));
#2122=AXIS2_PLACEMENT_3D('',#2119,#2120,#2121);
#2123=PLANE('',#2122);
#2124=ORIENTED_EDGE('',*,*,#2063,.T.);
#2125=ORIENTED_EDGE('',*,*,#2114,.T.);
#2126=ORIENTED_EDGE('',*,*,#1646,.T.);
#2127=CARTESIAN_POINT('',(53.,32.,40.));
#2128=DIRECTION('',(-1.,-0.,0.));
#2129=VECTOR('',#2128,1.);
#2130=LINE('',#2127,#2129);
#2131=EDGE_CURVE('',#2058,#1635,#2130,.T.);
#2132=ORIENTED_EDGE('',*,*,#2131,.F.);
#2133=EDGE_LOOP('',(#2124,#2125,#2126,#2132));
#2134=FACE_BOUND('',#2133,.T.);
#2135=ADVANCED_FACE('',(#2134),#2123,.F.);
#2136=CARTESIAN_POINT('',(103.,39.5,40.));
#2137=DIRECTION('',(0.,0.,1.));
#2138=DIRECTION('',(0.,-1.,0.));
#2139=AXIS2_PLACEMENT_3D('',#2136,#2137,#2138);
#2140=PLANE('',#2139);
#2141=ORIENTED_EDGE('',*,*,#2069,.T.);
#2142=ORIENTED_EDGE('',*,*,#2131,.T.);
#2143=ORIENTED_EDGE('',*,*,#1640,.T.);
#2144=CARTESIAN_POINT('',(53.,47.,40.));
#2145=DIRECTION('',(-1.,-0.,0.));
#2146=VECTOR('',#2145,1.);
#2147=LINE('',#2144,#2146);
#2148=EDGE_CURVE('',#2042,#1627,#2147,.T.);
#2149=ORIENTED_EDGE('',*,*,#2148,.F.);
#2150=EDGE_LOOP('',(#2141,#2142,#2143,#2149));
#2151=FACE_BOUND('',#2150,.T.);
#2152=ADVANCED_FACE('',(#2151),#2140,.F.);
#2153=CARTESIAN_POINT('',(103.,47.,25.));
#2154=DIRECTION('',(0.,1.,0.));
#2155=DIRECTION('',(0.,0.,1.));
#2156=AXIS2_PLACEMENT_3D('',#2153,#2154,#2155);
#2157=PLANE('',#2156);
#2158=ORIENTED_EDGE('',*,*,#2047,.T.);
#2159=ORIENTED_EDGE('',*,*,#2148,.T.);
#2160=ORIENTED_EDGE('',*,*,#1632,.T.);
#2161=ORIENTED_EDGE('',*,*,#2107,.F.);
#2162=EDGE_LOOP('',(#2158,#2159,#2160,#2161));
#2163=FACE_BOUND('',#2162,.T.);
#2164=ADVANCED_FACE('',(#2163),#2157,.F.);
#2165=CARTESIAN_POINT('',(103.,47.,25.));
#2166=DIRECTION('',(0.,1.,0.));
#2167=DIRECTION('',(0.,0.,1.));
#2168=AXIS2_PLACEMENT_3D('',#2165,#2166,#2167);
#2169=PLANE('',#2168);
#2170=CARTESIAN_POINT('',(79.,47.,40.));
#2171=DIRECTION('',(-1.,-0.,0.));
#2172=VECTOR('',#2171,1.);
#2173=LINE('',#2170,#2172);
#2174=EDGE_CURVE('',#1677,#1924,#2173,.T.);
#2175=ORIENTED_EDGE('',*,*,#2174,.T.);
#2176=ORIENTED_EDGE('',*,*,#1931,.T.);
#2177=CARTESIAN_POINT('',(79.,47.,10.));
#2178=DIRECTION('',(-1.,0.,0.));
#2179=VECTOR('',#2178,1.);
#2180=LINE('',#2177,#2179);
#2181=EDGE_CURVE('',#1685,#1926,#2180,.T.);
#2182=ORIENTED_EDGE('',*,*,#2181,.F.);
#2183=ORIENTED_EDGE('',*,*,#1690,.F.);
#2184=EDGE_LOOP('',(#2175,#2176,#2182,#2183));
#2185=FACE_BOUND('',#2184,.T.);
#2186=ADVANCED_FACE('',(#2185),#2169,.F.);
#2187=CARTESIAN_POINT('',(103.,39.5,40.));
#2188=DIRECTION('',(0.,0.,1.));
#2189=DIRECTION('',(0.,-1.,0.));
#2190=AXIS2_PLACEMENT_3D('',#2187,#2188,#2189);
#2191=PLANE('',#2190);
#2192=CARTESIAN_POINT('',(79.,32.,40.));
#2193=DIRECTION('',(-1.,-0.,0.));
#2194=VECTOR('',#2193,1.);
#2195=LINE('',#2192,#2194);
#2196=EDGE_CURVE('',#1675,#1934,#2195,.T.);
#2197=ORIENTED_EDGE('',*,*,#2196,.T.);
#2198=ORIENTED_EDGE('',*,*,#1939,.T.);
#2199=ORIENTED_EDGE('',*,*,#2174,.F.);
#2200=ORIENTED_EDGE('',*,*,#1682,.F.);
#2201=EDGE_LOOP('',(#2197,#2198,#2199,#2200));
#2202=FACE_BOUND('',#2201,.T.);
#2203=ADVANCED_FACE('',(#2202),#2191,.F.);
#2204=CARTESIAN_POINT('',(103.,32.,25.));
#2205=DIRECTION('',(0.,-1.,0.));
#2206=DIRECTION('',(0.,0.,-1.));
#2207=AXIS2_PLACEMENT_3D('',#2204,#2205,#2206);
#2208=PLANE('',#2207);
#2209=CARTESIAN_POINT('',(79.,32.,10.));
#2210=DIRECTION('',(-1.,-0.,0.));
#2211=VECTOR('',#2210,1.);
#2212=LINE('',#2209,#2211);
#2213=EDGE_CURVE('',#1693,#1942,#2212,.T.);
#2214=ORIENTED_EDGE('',*,*,#2213,.T.);
#2215=ORIENTED_EDGE('',*,*,#1947,.T.);
#2216=ORIENTED_EDGE('',*,*,#2196,.F.);
#2217=ORIENTED_EDGE('',*,*,#1704,.F.);
#2218=EDGE_LOOP('',(#2214,#2215,#2216,#2217));
#2219=FACE_BOUND('',#2218,.T.);
#2220=ADVANCED_FACE('',(#2219),#2208,.F.);
#2221=CARTESIAN_POINT('',(103.,39.5,10.));
#2222=DIRECTION('',(0.,0.,-1.));
#2223=DIRECTION('',(-1.,0.,0.));
#2224=AXIS2_PLACEMENT_3D('',#2221,#2222,#2223);
#2225=PLANE('',#2224);
#2226=ORIENTED_EDGE('',*,*,#2181,.T.);
#2227=ORIENTED_EDGE('',*,*,#1953,.T.);
#2228=ORIENTED_EDGE('',*,*,#2213,.F.);
#2229=ORIENTED_EDGE('',*,*,#1698,.F.);
#2230=EDGE_LOOP('',(#2226,#2227,#2228,#2229));
#2231=FACE_BOUND('',#2230,.T.);
#2232=ADVANCED_FACE('',(#2231),#2225,.F.);
#2233=CARTESIAN_POINT('',(65.5,243.,10.));
#2234=DIRECTION('',(0.,0.,-1.));
#2235=DIRECTION('',(-1.,0.,0.));
#2236=AXIS2_PLACEMENT_3D('',#2233,#2234,#2235);
#2237=PLANE('',#2236);
#2238=CARTESIAN_POINT('',(58.,53.,10.));
#2239=DIRECTION('',(-0.,-1.,-0.));
#2240=VECTOR('',#2239,1.);
#2241=LINE('',#2238,#2240);
#2242=EDGE_CURVE('',#1802,#1984,#2241,.T.);
#2243=ORIENTED_EDGE('',*,*,#2242,.T.);
#2244=ORIENTED_EDGE('',*,*,#2011,.T.);
#2245=CARTESIAN_POINT('',(73.,53.,10.));
#2246=DIRECTION('',(-0.,-1.,-0.));
#2247=VECTOR('',#2246,1.);
#2248=LINE('',#2245,#2247);
#2249=EDGE_CURVE('',#1810,#2000,#2248,.T.);
#2250=ORIENTED_EDGE('',*,*,#2249,.F.);
#2251=ORIENTED_EDGE('',*,*,#1815,.F.);
#2252=EDGE_LOOP('',(#2243,#2244,#2250,#2251));
#2253=FACE_BOUND('',#2252,.T.);
#2254=ADVANCED_FACE('',(#2253),#2237,.F.);
#2255=CARTESIAN_POINT('',(73.,243.,25.));
#2256=DIRECTION('',(1.,0.,0.));
#2257=DIRECTION('',(0.,0.,-1.));
#2258=AXIS2_PLACEMENT_3D('',#2255,#2256,#2257);
#2259=PLANE('',#2258);
#2260=ORIENTED_EDGE('',*,*,#2249,.T.);
#2261=ORIENTED_EDGE('',*,*,#2005,.T.);
#2262=CARTESIAN_POINT('',(73.,53.,40.));
#2263=DIRECTION('',(-0.,-1.,-0.));
#2264=VECTOR('',#2263,1.);
#2265=LINE('',#2262,#2264);
#2266=EDGE_CURVE('',#1792,#1992,#2265,.T.);
#2267=ORIENTED_EDGE('',*,*,#2266,.F.);
#2268=ORIENTED_EDGE('',*,*,#1821,.F.);
#2269=EDGE_LOOP('',(#2260,#2261,#2267,#2268));
#2270=FACE_BOUND('',#2269,.T.);
#2271=ADVANCED_FACE('',(#2270),#2259,.F.);
#2272=CARTESIAN_POINT('',(65.5,243.,40.));
#2273=DIRECTION('',(0.,0.,1.));
#2274=DIRECTION('',(1.,0.,0.));
#2275=AXIS2_PLACEMENT_3D('',#2272,#2273,#2274);
#2276=PLANE('',#2275);
#2277=ORIENTED_EDGE('',*,*,#2266,.T.);
#2278=ORIENTED_EDGE('',*,*,#1997,.T.);
#2279=CARTESIAN_POINT('',(58.,53.,40.));
#2280=DIRECTION('',(-0.,-1.,-0.));
#2281=VECTOR('',#2280,1.);
#2282=LINE('',#2279,#2281);
#2283=EDGE_CURVE('',#1794,#1982,#2282,.T.);
#2284=ORIENTED_EDGE('',*,*,#2283,.F.);
#2285=ORIENTED_EDGE('',*,*,#1799,.F.);
#2286=EDGE_LOOP('',(#2277,#2278,#2284,#2285));
#2287=FACE_BOUND('',#2286,.T.);
#2288=ADVANCED_FACE('',(#2287),#2276,.F.);
#2289=CARTESIAN_POINT('',(58.,243.,25.));
#2290=DIRECTION('',(-1.,0.,0.));
#2291=DIRECTION('',(0.,0.,1.));
#2292=AXIS2_PLACEMENT_3D('',#2289,#2290,#2291);
#2293=PLANE('',#2292);
#2294=ORIENTED_EDGE('',*,*,#2283,.T.);
#2295=ORIENTED_EDGE('',*,*,#1989,.T.);
#2296=ORIENTED_EDGE('',*,*,#2242,.F.);
#2297=ORIENTED_EDGE('',*,*,#1807,.F.);
#2298=EDGE_LOOP('',(#2294,#2295,#2296,#2297));
#2299=FACE_BOUND('',#2298,.T.);
#2300=ADVANCED_FACE('',(#2299),#2293,.F.);
#2301=CARTESIAN_POINT('',(58.,243.,25.));
#2302=DIRECTION('',(-1.,0.,0.));
#2303=DIRECTION('',(0.,0.,1.));
#2304=AXIS2_PLACEMENT_3D('',#2301,#2302,#2303);
#2305=PLANE('',#2304);
#2306=ORIENTED_EDGE('',*,*,#561,.T.);
#2307=CARTESIAN_POINT('',(58.,27.,40.));
#2308=DIRECTION('',(-0.,-1.,-0.));
#2309=VECTOR('',#2308,1.);
#2310=LINE('',#2307,#2309);
#2311=EDGE_CURVE('',#556,#961,#2310,.T.);
#2312=ORIENTED_EDGE('',*,*,#2311,.T.);
#2313=ORIENTED_EDGE('',*,*,#966,.T.);
#2314=CARTESIAN_POINT('',(58.,27.,10.));
#2315=DIRECTION('',(-0.,-1.,-0.));
#2316=VECTOR('',#2315,1.);
#2317=LINE('',#2314,#2316);
#2318=EDGE_CURVE('',#554,#951,#2317,.T.);
#2319=ORIENTED_EDGE('',*,*,#2318,.F.);
#2320=EDGE_LOOP('',(#2306,#2312,#2313,#2319));
#2321=FACE_BOUND('',#2320,.T.);
#2322=ADVANCED_FACE('',(#2321),#2305,.F.);
#2323=CARTESIAN_POINT('',(65.5,243.,40.));
#2324=DIRECTION('',(0.,0.,1.));
#2325=DIRECTION('',(1.,0.,0.));
#2326=AXIS2_PLACEMENT_3D('',#2323,#2324,#2325);
#2327=PLANE('',#2326);
#2328=ORIENTED_EDGE('',*,*,#583,.T.);
#2329=CARTESIAN_POINT('',(73.,27.,40.));
#2330=DIRECTION('',(-0.,-1.,-0.));
#2331=VECTOR('',#2330,1.);
#2332=LINE('',#2329,#2331);
#2333=EDGE_CURVE('',#572,#969,#2332,.T.);
#2334=ORIENTED_EDGE('',*,*,#2333,.T.);
#2335=ORIENTED_EDGE('',*,*,#974,.T.);
#2336=ORIENTED_EDGE('',*,*,#2311,.F.);
#2337=EDGE_LOOP('',(#2328,#2334,#2335,#2336));
#2338=FACE_BOUND('',#2337,.T.);
#2339=ADVANCED_FACE('',(#2338),#2327,.F.);
#2340=CARTESIAN_POINT('',(73.,243.,25.));
#2341=DIRECTION('',(1.,0.,0.));
#2342=DIRECTION('',(0.,0.,-1.));
#2343=AXIS2_PLACEMENT_3D('',#2340,#2341,#2342);
#2344=PLANE('',#2343);
#2345=ORIENTED_EDGE('',*,*,#577,.T.);
#2346=CARTESIAN_POINT('',(73.,27.,10.));
#2347=DIRECTION('',(-0.,-1.,-0.));
#2348=VECTOR('',#2347,1.);
#2349=LINE('',#2346,#2348);
#2350=EDGE_CURVE('',#564,#953,#2349,.T.);
#2351=ORIENTED_EDGE('',*,*,#2350,.T.);
#2352=ORIENTED_EDGE('',*,*,#980,.T.);
#2353=ORIENTED_EDGE('',*,*,#2333,.F.);
#2354=EDGE_LOOP('',(#2345,#2351,#2352,#2353));
#2355=FACE_BOUND('',#2354,.T.);
#2356=ADVANCED_FACE('',(#2355),#2344,.F.);
#2357=CARTESIAN_POINT('',(65.5,243.,10.));
#2358=DIRECTION('',(0.,0.,-1.));
#2359=DIRECTION('',(-1.,0.,0.));
#2360=AXIS2_PLACEMENT_3D('',#2357,#2358,#2359);
#2361=PLANE('',#2360);
#2362=ORIENTED_EDGE('',*,*,#569,.T.);
#2363=ORIENTED_EDGE('',*,*,#2318,.T.);
#2364=ORIENTED_EDGE('',*,*,#958,.T.);
#2365=ORIENTED_EDGE('',*,*,#2350,.F.);
#2366=EDGE_LOOP('',(#2362,#2363,#2364,#2365));
#2367=FACE_BOUND('',#2366,.T.);
#2368=ADVANCED_FACE('',(#2367),#2361,.F.);
#2369=CARTESIAN_POINT('',(27.,39.5,50.));
#2370=DIRECTION('',(-1.,0.,0.));
#2371=DIRECTION('',(0.,-1.,0.));
#2372=AXIS2_PLACEMENT_3D('',#2369,#2370,#2371);
#2373=PLANE('',#2372);
#2374=CARTESIAN_POINT('',(27.,32.,40.));
#2375=VERTEX_POINT('',#2374);
#2376=CARTESIAN_POINT('',(27.,47.,40.));
#2377=VERTEX_POINT('',#2376);
#2378=CARTESIAN_POINT('',(27.,32.,40.));
#2379=DIRECTION('',(-0.,1.,-0.));
#2380=VECTOR('',#2379,15.);
#2381=LINE('',#2378,#2380);
#2382=EDGE_CURVE('',#2375,#2377,#2381,.T.);
#2383=ORIENTED_EDGE('',*,*,#2382,.T.);
#2384=CARTESIAN_POINT('',(27.,47.,10.));
#2385=VERTEX_POINT('',#2384);
#2386=CARTESIAN_POINT('',(27.,47.,40.));
#2387=DIRECTION('',(-0.,-0.,-1.));
#2388=VECTOR('',#2387,30.);
#2389=LINE('',#2386,#2388);
#2390=EDGE_CURVE('',#2377,#2385,#2389,.T.);
#2391=ORIENTED_EDGE('',*,*,#2390,.T.);
#2392=CARTESIAN_POINT('',(27.,32.,10.));
#2393=VERTEX_POINT('',#2392);
#2394=CARTESIAN_POINT('',(27.,47.,10.));
#2395=DIRECTION('',(0.,-1.,0.));
#2396=VECTOR('',#2395,15.);
#2397=LINE('',#2394,#2396);
#2398=EDGE_CURVE('',#2385,#2393,#2397,.T.);
#2399=ORIENTED_EDGE('',*,*,#2398,.T.);
#2400=CARTESIAN_POINT('',(27.,32.,10.));
#2401=DIRECTION('',(0.,0.,1.));
#2402=VECTOR('',#2401,30.);
#2403=LINE('',#2400,#2402);
#2404=EDGE_CURVE('',#2393,#2375,#2403,.T.);
#2405=ORIENTED_EDGE('',*,*,#2404,.T.);
#2406=EDGE_LOOP('',(#2383,#2391,#2399,#2405));
#2407=FACE_BOUND('',#2406,.T.);
#2408=CARTESIAN_POINT('',(27.,52.,1.));
#2409=VERTEX_POINT('',#2408);
#2410=CARTESIAN_POINT('',(27.,52.,50.));
#2411=DIRECTION('',(-0.,-0.,-1.));
#2412=VECTOR('',#2411,49.);
#2413=LINE('',#2410,#2412);
#2414=EDGE_CURVE('',#1516,#2409,#2413,.T.);
#2415=ORIENTED_EDGE('',*,*,#2414,.F.);
#2416=ORIENTED_EDGE('',*,*,#1521,.F.);
#2417=ORIENTED_EDGE('',*,*,#508,.T.);
#2418=CARTESIAN_POINT('',(27.,52.,1.));
#2419=DIRECTION('',(-0.,-1.,-0.));
#2420=VECTOR('',#2419,25.);
#2421=LINE('',#2418,#2420);
#2422=EDGE_CURVE('',#2409,#495,#2421,.T.);
#2423=ORIENTED_EDGE('',*,*,#2422,.F.);
#2424=EDGE_LOOP('',(#2415,#2416,#2417,#2423));
#2425=FACE_BOUND('',#2424,.T.);
#2426=ADVANCED_FACE('',(#2407,#2425),#2373,.F.);
#2427=CARTESIAN_POINT('',(0.,39.5,50.));
#2428=DIRECTION('',(1.,0.,0.));
#2429=DIRECTION('',(0.,1.,0.));
#2430=AXIS2_PLACEMENT_3D('',#2427,#2428,#2429);
#2431=PLANE('',#2430);
#2432=CARTESIAN_POINT('',(0.,0.,50.));
#2433=DIRECTION('',(-0.,-0.,-1.));
#2434=VECTOR('',#2433,50.);
#2435=LINE('',#2432,#2434);
#2436=EDGE_CURVE('',#1451,#1902,#2435,.T.);
#2437=ORIENTED_EDGE('',*,*,#2436,.F.);
#2438=ORIENTED_EDGE('',*,*,#1456,.F.);
#2439=ORIENTED_EDGE('',*,*,#1779,.T.);
#2440=ORIENTED_EDGE('',*,*,#1913,.T.);
#2441=EDGE_LOOP('',(#2437,#2438,#2439,#2440));
#2442=FACE_BOUND('',#2441,.T.);
#2443=CARTESIAN_POINT('',(0.,47.,10.));
#2444=VERTEX_POINT('',#2443);
#2445=CARTESIAN_POINT('',(0.,32.,10.));
#2446=VERTEX_POINT('',#2445);
#2447=CARTESIAN_POINT('',(0.,47.,10.));
#2448=DIRECTION('',(-0.,-1.,-0.));
#2449=VECTOR('',#2448,15.);
#2450=LINE('',#2447,#2449);
#2451=EDGE_CURVE('',#2444,#2446,#2450,.T.);
#2452=ORIENTED_EDGE('',*,*,#2451,.F.);
#2453=CARTESIAN_POINT('',(0.,47.,40.));
#2454=VERTEX_POINT('',#2453);
#2455=CARTESIAN_POINT('',(0.,47.,40.));
#2456=DIRECTION('',(-0.,-0.,-1.));
#2457=VECTOR('',#2456,30.);
#2458=LINE('',#2455,#2457);
#2459=EDGE_CURVE('',#2454,#2444,#2458,.T.);
#2460=ORIENTED_EDGE('',*,*,#2459,.F.);
#2461=CARTESIAN_POINT('',(0.,32.,40.));
#2462=VERTEX_POINT('',#2461);
#2463=CARTESIAN_POINT('',(0.,32.,40.));
#2464=DIRECTION('',(-0.,1.,-0.));
#2465=VECTOR('',#2464,15.);
#2466=LINE('',#2463,#2465);
#2467=EDGE_CURVE('',#2462,#2454,#2466,.T.);
#2468=ORIENTED_EDGE('',*,*,#2467,.F.);
#2469=CARTESIAN_POINT('',(0.,32.,10.));
#2470=DIRECTION('',(-0.,-0.,1.));
#2471=VECTOR('',#2470,30.);
#2472=LINE('',#2469,#2471);
#2473=EDGE_CURVE('',#2446,#2462,#2472,.T.);
#2474=ORIENTED_EDGE('',*,*,#2473,.F.);
#2475=EDGE_LOOP('',(#2452,#2460,#2468,#2474));
#2476=FACE_BOUND('',#2475,.T.);
#2477=CARTESIAN_POINT('',(0.,21.,10.));
#2478=VERTEX_POINT('',#2477);
#2479=CARTESIAN_POINT('',(0.,6.,10.));
#2480=VERTEX_POINT('',#2479);
#2481=CARTESIAN_POINT('',(0.,21.,10.));
#2482=DIRECTION('',(-0.,-1.,-0.));
#2483=VECTOR('',#2482,15.);
#2484=LINE('',#2481,#2483);
#2485=EDGE_CURVE('',#2478,#2480,#2484,.T.);
#2486=ORIENTED_EDGE('',*,*,#2485,.F.);
#2487=CARTESIAN_POINT('',(0.,21.,40.));
#2488=VERTEX_POINT('',#2487);
#2489=CARTESIAN_POINT('',(0.,21.,40.));
#2490=DIRECTION('',(-0.,-0.,-1.));
#2491=VECTOR('',#2490,30.);
#2492=LINE('',#2489,#2491);
#2493=EDGE_CURVE('',#2488,#2478,#2492,.T.);
#2494=ORIENTED_EDGE('',*,*,#2493,.F.);
#2495=CARTESIAN_POINT('',(0.,6.,40.));
#2496=VERTEX_POINT('',#2495);
#2497=CARTESIAN_POINT('',(0.,6.,40.));
#2498=DIRECTION('',(-0.,1.,-0.));
#2499=VECTOR('',#2498,15.);
#2500=LINE('',#2497,#2499);
#2501=EDGE_CURVE('',#2496,#2488,#2500,.T.);
#2502=ORIENTED_EDGE('',*,*,#2501,.F.);
#2503=CARTESIAN_POINT('',(0.,6.,10.));
#2504=DIRECTION('',(-0.,-0.,1.));
#2505=VECTOR('',#2504,30.);
#2506=LINE('',#2503,#2505);
#2507=EDGE_CURVE('',#2480,#2496,#2506,.T.);
#2508=ORIENTED_EDGE('',*,*,#2507,.F.);
#2509=EDGE_LOOP('',(#2486,#2494,#2502,#2508));
#2510=FACE_BOUND('',#2509,.T.);
#2511=ADVANCED_FACE('',(#2442,#2476,#2510),#2431,.F.);
#2512=CARTESIAN_POINT('',(26.,39.5,50.));
#2513=DIRECTION('',(-1.,0.,0.));
#2514=DIRECTION('',(0.,-1.,0.));
#2515=AXIS2_PLACEMENT_3D('',#2512,#2513,#2514);
#2516=PLANE('',#2515);
#2517=CARTESIAN_POINT('',(26.,47.,40.));
#2518=VERTEX_POINT('',#2517);
#2519=CARTESIAN_POINT('',(26.,47.,10.));
#2520=VERTEX_POINT('',#2519);
#2521=CARTESIAN_POINT('',(26.,47.,40.));
#2522=DIRECTION('',(-0.,-0.,-1.));
#2523=VECTOR('',#2522,30.);
#2524=LINE('',#2521,#2523);
#2525=EDGE_CURVE('',#2518,#2520,#2524,.T.);
#2526=ORIENTED_EDGE('',*,*,#2525,.F.);
#2527=CARTESIAN_POINT('',(26.,32.,40.));
#2528=VERTEX_POINT('',#2527);
#2529=CARTESIAN_POINT('',(26.,32.,40.));
#2530=DIRECTION('',(-0.,1.,-0.));
#2531=VECTOR('',#2530,15.);
#2532=LINE('',#2529,#2531);
#2533=EDGE_CURVE('',#2528,#2518,#2532,.T.);
#2534=ORIENTED_EDGE('',*,*,#2533,.F.);
#2535=CARTESIAN_POINT('',(26.,32.,10.));
#2536=VERTEX_POINT('',#2535);
#2537=CARTESIAN_POINT('',(26.,32.,10.));
#2538=DIRECTION('',(-0.,-0.,1.));
#2539=VECTOR('',#2538,30.);
#2540=LINE('',#2537,#2539);
#2541=EDGE_CURVE('',#2536,#2528,#2540,.T.);
#2542=ORIENTED_EDGE('',*,*,#2541,.F.);
#2543=CARTESIAN_POINT('',(26.,47.,10.));
#2544=DIRECTION('',(-0.,-1.,-0.));
#2545=VECTOR('',#2544,15.);
#2546=LINE('',#2543,#2545);
#2547=EDGE_CURVE('',#2520,#2536,#2546,.T.);
#2548=ORIENTED_EDGE('',*,*,#2547,.F.);
#2549=EDGE_LOOP('',(#2526,#2534,#2542,#2548));
#2550=FACE_BOUND('',#2549,.T.);
#2551=CARTESIAN_POINT('',(26.,52.,1.));
#2552=VERTEX_POINT('',#2551);
#2553=CARTESIAN_POINT('',(26.,27.,1.));
#2554=DIRECTION('',(0.,1.,0.));
#2555=VECTOR('',#2554,25.);
#2556=LINE('',#2553,#2555);
#2557=EDGE_CURVE('',#519,#2552,#2556,.T.);
#2558=ORIENTED_EDGE('',*,*,#2557,.F.);
#2559=ORIENTED_EDGE('',*,*,#524,.F.);
#2560=ORIENTED_EDGE('',*,*,#1512,.T.);
#2561=CARTESIAN_POINT('',(26.,52.,50.));
#2562=DIRECTION('',(-0.,-0.,-1.));
#2563=VECTOR('',#2562,49.);
#2564=LINE('',#2561,#2563);
#2565=EDGE_CURVE('',#1501,#2552,#2564,.T.);
#2566=ORIENTED_EDGE('',*,*,#2565,.T.);
#2567=EDGE_LOOP('',(#2558,#2559,#2560,#2566));
#2568=FACE_BOUND('',#2567,.T.);
#2569=ADVANCED_FACE('',(#2550,#2568),#2516,.T.);
#2570=CARTESIAN_POINT('',(13.5,52.,50.));
#2571=DIRECTION('',(0.,-1.,0.));
#2572=DIRECTION('',(1.,0.,0.));
#2573=AXIS2_PLACEMENT_3D('',#2570,#2571,#2572);
#2574=PLANE('',#2573);
#2575=CARTESIAN_POINT('',(6.,52.,40.));
#2576=VERTEX_POINT('',#2575);
#2577=CARTESIAN_POINT('',(6.,52.,10.));
#2578=VERTEX_POINT('',#2577);
#2579=CARTESIAN_POINT('',(6.,52.,40.));
#2580=DIRECTION('',(-0.,-0.,-1.));
#2581=VECTOR('',#2580,30.);
#2582=LINE('',#2579,#2581);
#2583=EDGE_CURVE('',#2576,#2578,#2582,.T.);
#2584=ORIENTED_EDGE('',*,*,#2583,.F.);
#2585=CARTESIAN_POINT('',(21.,52.,40.));
#2586=VERTEX_POINT('',#2585);
#2587=CARTESIAN_POINT('',(21.,52.,40.));
#2588=DIRECTION('',(-1.,-0.,0.));
#2589=VECTOR('',#2588,15.);
#2590=LINE('',#2587,#2589);
#2591=EDGE_CURVE('',#2586,#2576,#2590,.T.);
#2592=ORIENTED_EDGE('',*,*,#2591,.F.);
#2593=CARTESIAN_POINT('',(21.,52.,10.));
#2594=VERTEX_POINT('',#2593);
#2595=CARTESIAN_POINT('',(21.,52.,10.));
#2596=DIRECTION('',(-0.,-0.,1.));
#2597=VECTOR('',#2596,30.);
#2598=LINE('',#2595,#2597);
#2599=EDGE_CURVE('',#2594,#2586,#2598,.T.);
#2600=ORIENTED_EDGE('',*,*,#2599,.F.);
#2601=CARTESIAN_POINT('',(6.,52.,10.));
#2602=DIRECTION('',(1.,-0.,-0.));
#2603=VECTOR('',#2602,15.);
#2604=LINE('',#2601,#2603);
#2605=EDGE_CURVE('',#2578,#2594,#2604,.T.);
#2606=ORIENTED_EDGE('',*,*,#2605,.F.);
#2607=EDGE_LOOP('',(#2584,#2592,#2600,#2606));
#2608=FACE_BOUND('',#2607,.T.);
#2609=CARTESIAN_POINT('',(1.,52.,1.));
#2610=VERTEX_POINT('',#2609);
#2611=CARTESIAN_POINT('',(26.,52.,1.));
#2612=DIRECTION('',(-1.,-0.,0.));
#2613=VECTOR('',#2612,25.);
#2614=LINE('',#2611,#2613);
#2615=EDGE_CURVE('',#2552,#2610,#2614,.T.);
#2616=ORIENTED_EDGE('',*,*,#2615,.F.);
#2617=ORIENTED_EDGE('',*,*,#2565,.F.);
#2618=ORIENTED_EDGE('',*,*,#1506,.T.);
#2619=CARTESIAN_POINT('',(1.,52.,50.));
#2620=DIRECTION('',(-0.,-0.,-1.));
#2621=VECTOR('',#2620,49.);
#2622=LINE('',#2619,#2621);
#2623=EDGE_CURVE('',#1493,#2610,#2622,.T.);
#2624=ORIENTED_EDGE('',*,*,#2623,.T.);
#2625=EDGE_LOOP('',(#2616,#2617,#2618,#2624));
#2626=FACE_BOUND('',#2625,.T.);
#2627=ADVANCED_FACE('',(#2608,#2626),#2574,.T.);
#2628=CARTESIAN_POINT('',(1.,39.5,50.));
#2629=DIRECTION('',(1.,0.,0.));
#2630=DIRECTION('',(0.,1.,0.));
#2631=AXIS2_PLACEMENT_3D('',#2628,#2629,#2630);
#2632=PLANE('',#2631);
#2633=CARTESIAN_POINT('',(1.,47.,10.));
#2634=VERTEX_POINT('',#2633);
#2635=CARTESIAN_POINT('',(1.,47.,40.));
#2636=VERTEX_POINT('',#2635);
#2637=CARTESIAN_POINT('',(1.,47.,10.));
#2638=DIRECTION('',(0.,0.,1.));
#2639=VECTOR('',#2638,30.);
#2640=LINE('',#2637,#2639);
#2641=EDGE_CURVE('',#2634,#2636,#2640,.T.);
#2642=ORIENTED_EDGE('',*,*,#2641,.F.);
#2643=CARTESIAN_POINT('',(1.,32.,10.));
#2644=VERTEX_POINT('',#2643);
#2645=CARTESIAN_POINT('',(1.,32.,10.));
#2646=DIRECTION('',(0.,1.,0.));
#2647=VECTOR('',#2646,15.);
#2648=LINE('',#2645,#2647);
#2649=EDGE_CURVE('',#2644,#2634,#2648,.T.);
#2650=ORIENTED_EDGE('',*,*,#2649,.F.);
#2651=CARTESIAN_POINT('',(1.,32.,40.));
#2652=VERTEX_POINT('',#2651);
#2653=CARTESIAN_POINT('',(1.,32.,40.));
#2654=DIRECTION('',(0.,0.,-1.));
#2655=VECTOR('',#2654,30.);
#2656=LINE('',#2653,#2655);
#2657=EDGE_CURVE('',#2652,#2644,#2656,.T.);
#2658=ORIENTED_EDGE('',*,*,#2657,.F.);
#2659=CARTESIAN_POINT('',(1.,47.,40.));
#2660=DIRECTION('',(0.,-1.,0.));
#2661=VECTOR('',#2660,15.);
#2662=LINE('',#2659,#2661);
#2663=EDGE_CURVE('',#2636,#2652,#2662,.T.);
#2664=ORIENTED_EDGE('',*,*,#2663,.F.);
#2665=EDGE_LOOP('',(#2642,#2650,#2658,#2664));
#2666=FACE_BOUND('',#2665,.T.);
#2667=CARTESIAN_POINT('',(1.,52.,1.));
#2668=DIRECTION('',(-0.,-1.,-0.));
#2669=VECTOR('',#2668,25.);
#2670=LINE('',#2667,#2669);
#2671=EDGE_CURVE('',#2610,#527,#2670,.T.);
#2672=ORIENTED_EDGE('',*,*,#2671,.F.);
#2673=ORIENTED_EDGE('',*,*,#2623,.F.);
#2674=ORIENTED_EDGE('',*,*,#1498,.T.);
#2675=ORIENTED_EDGE('',*,*,#540,.T.);
#2676=EDGE_LOOP('',(#2672,#2673,#2674,#2675));
#2677=FACE_BOUND('',#2676,.T.);
#2678=ADVANCED_FACE('',(#2666,#2677),#2632,.T.);
#2679=CARTESIAN_POINT('',(0.,26.,1.));
#2680=DIRECTION('',(0.,0.,1.));
#2681=DIRECTION('',(1.,0.,0.));
#2682=AXIS2_PLACEMENT_3D('',#2679,#2680,#2681);
#2683=PLANE('',#2682);
#2684=ORIENTED_EDGE('',*,*,#532,.T.);
#2685=ORIENTED_EDGE('',*,*,#2557,.T.);
#2686=ORIENTED_EDGE('',*,*,#2615,.T.);
#2687=ORIENTED_EDGE('',*,*,#2671,.T.);
#2688=EDGE_LOOP('',(#2684,#2685,#2686,#2687));
#2689=FACE_BOUND('',#2688,.T.);
#2690=ADVANCED_FACE('',(#2689),#2683,.T.);
#2691=CARTESIAN_POINT('',(51.,39.5,10.));
#2692=DIRECTION('',(0.,0.,-1.));
#2693=DIRECTION('',(-1.,0.,0.));
#2694=AXIS2_PLACEMENT_3D('',#2691,#2692,#2693);
#2695=PLANE('',#2694);
#2696=ORIENTED_EDGE('',*,*,#2649,.T.);
#2697=CARTESIAN_POINT('',(1.,47.,10.));
#2698=DIRECTION('',(-1.,0.,0.));
#2699=VECTOR('',#2698,1.);
#2700=LINE('',#2697,#2699);
#2701=EDGE_CURVE('',#2634,#2444,#2700,.T.);
#2702=ORIENTED_EDGE('',*,*,#2701,.T.);
#2703=ORIENTED_EDGE('',*,*,#2451,.T.);
#2704=CARTESIAN_POINT('',(1.,32.,10.));
#2705=DIRECTION('',(-1.,-0.,0.));
#2706=VECTOR('',#2705,1.);
#2707=LINE('',#2704,#2706);
#2708=EDGE_CURVE('',#2644,#2446,#2707,.T.);
#2709=ORIENTED_EDGE('',*,*,#2708,.F.);
#2710=EDGE_LOOP('',(#2696,#2702,#2703,#2709));
#2711=FACE_BOUND('',#2710,.T.);
#2712=ADVANCED_FACE('',(#2711),#2695,.F.);
#2713=CARTESIAN_POINT('',(51.,32.,25.));
#2714=DIRECTION('',(0.,-1.,0.));
#2715=DIRECTION('',(0.,0.,-1.));
#2716=AXIS2_PLACEMENT_3D('',#2713,#2714,#2715);
#2717=PLANE('',#2716);
#2718=ORIENTED_EDGE('',*,*,#2657,.T.);
#2719=ORIENTED_EDGE('',*,*,#2708,.T.);
#2720=ORIENTED_EDGE('',*,*,#2473,.T.);
#2721=CARTESIAN_POINT('',(1.,32.,40.));
#2722=DIRECTION('',(-1.,-0.,0.));
#2723=VECTOR('',#2722,1.);
#2724=LINE('',#2721,#2723);
#2725=EDGE_CURVE('',#2652,#2462,#2724,.T.);
#2726=ORIENTED_EDGE('',*,*,#2725,.F.);
#2727=EDGE_LOOP('',(#2718,#2719,#2720,#2726));
#2728=FACE_BOUND('',#2727,.T.);
#2729=ADVANCED_FACE('',(#2728),#2717,.F.);
#2730=CARTESIAN_POINT('',(51.,39.5,40.));
#2731=DIRECTION('',(0.,0.,1.));
#2732=DIRECTION('',(0.,-1.,0.));
#2733=AXIS2_PLACEMENT_3D('',#2730,#2731,#2732);
#2734=PLANE('',#2733);
#2735=ORIENTED_EDGE('',*,*,#2663,.T.);
#2736=ORIENTED_EDGE('',*,*,#2725,.T.);
#2737=ORIENTED_EDGE('',*,*,#2467,.T.);
#2738=CARTESIAN_POINT('',(1.,47.,40.));
#2739=DIRECTION('',(-1.,-0.,0.));
#2740=VECTOR('',#2739,1.);
#2741=LINE('',#2738,#2740);
#2742=EDGE_CURVE('',#2636,#2454,#2741,.T.);
#2743=ORIENTED_EDGE('',*,*,#2742,.F.);
#2744=EDGE_LOOP('',(#2735,#2736,#2737,#2743));
#2745=FACE_BOUND('',#2744,.T.);
#2746=ADVANCED_FACE('',(#2745),#2734,.F.);
#2747=CARTESIAN_POINT('',(51.,47.,25.));
#2748=DIRECTION('',(0.,1.,0.));
#2749=DIRECTION('',(0.,0.,1.));
#2750=AXIS2_PLACEMENT_3D('',#2747,#2748,#2749);
#2751=PLANE('',#2750);
#2752=ORIENTED_EDGE('',*,*,#2641,.T.);
#2753=ORIENTED_EDGE('',*,*,#2742,.T.);
#2754=ORIENTED_EDGE('',*,*,#2459,.T.);
#2755=ORIENTED_EDGE('',*,*,#2701,.F.);
#2756=EDGE_LOOP('',(#2752,#2753,#2754,#2755));
#2757=FACE_BOUND('',#2756,.T.);
#2758=ADVANCED_FACE('',(#2757),#2751,.F.);
#2759=CARTESIAN_POINT('',(51.,47.,25.));
#2760=DIRECTION('',(0.,1.,0.));
#2761=DIRECTION('',(0.,0.,1.));
#2762=AXIS2_PLACEMENT_3D('',#2759,#2760,#2761);
#2763=PLANE('',#2762);
#2764=CARTESIAN_POINT('',(27.,47.,40.));
#2765=DIRECTION('',(-1.,-0.,0.));
#2766=VECTOR('',#2765,1.);
#2767=LINE('',#2764,#2766);
#2768=EDGE_CURVE('',#2377,#2518,#2767,.T.);
#2769=ORIENTED_EDGE('',*,*,#2768,.T.);
#2770=ORIENTED_EDGE('',*,*,#2525,.T.);
#2771=CARTESIAN_POINT('',(27.,47.,10.));
#2772=DIRECTION('',(-1.,0.,0.));
#2773=VECTOR('',#2772,1.);
#2774=LINE('',#2771,#2773);
#2775=EDGE_CURVE('',#2385,#2520,#2774,.T.);
#2776=ORIENTED_EDGE('',*,*,#2775,.F.);
#2777=ORIENTED_EDGE('',*,*,#2390,.F.);
#2778=EDGE_LOOP('',(#2769,#2770,#2776,#2777));
#2779=FACE_BOUND('',#2778,.T.);
#2780=ADVANCED_FACE('',(#2779),#2763,.F.);
#2781=CARTESIAN_POINT('',(51.,39.5,40.));
#2782=DIRECTION('',(0.,0.,1.));
#2783=DIRECTION('',(0.,-1.,0.));
#2784=AXIS2_PLACEMENT_3D('',#2781,#2782,#2783);
#2785=PLANE('',#2784);
#2786=CARTESIAN_POINT('',(27.,32.,40.));
#2787=DIRECTION('',(-1.,-0.,0.));
#2788=VECTOR('',#2787,1.);
#2789=LINE('',#2786,#2788);
#2790=EDGE_CURVE('',#2375,#2528,#2789,.T.);
#2791=ORIENTED_EDGE('',*,*,#2790,.T.);
#2792=ORIENTED_EDGE('',*,*,#2533,.T.);
#2793=ORIENTED_EDGE('',*,*,#2768,.F.);
#2794=ORIENTED_EDGE('',*,*,#2382,.F.);
#2795=EDGE_LOOP('',(#2791,#2792,#2793,#2794));
#2796=FACE_BOUND('',#2795,.T.);
#2797=ADVANCED_FACE('',(#2796),#2785,.F.);
#2798=CARTESIAN_POINT('',(51.,32.,25.));
#2799=DIRECTION('',(0.,-1.,0.));
#2800=DIRECTION('',(0.,0.,-1.));
#2801=AXIS2_PLACEMENT_3D('',#2798,#2799,#2800);
#2802=PLANE('',#2801);
#2803=CARTESIAN_POINT('',(27.,32.,10.));
#2804=DIRECTION('',(-1.,-0.,0.));
#2805=VECTOR('',#2804,1.);
#2806=LINE('',#2803,#2805);
#2807=EDGE_CURVE('',#2393,#2536,#2806,.T.);
#2808=ORIENTED_EDGE('',*,*,#2807,.T.);
#2809=ORIENTED_EDGE('',*,*,#2541,.T.);
#2810=ORIENTED_EDGE('',*,*,#2790,.F.);
#2811=ORIENTED_EDGE('',*,*,#2404,.F.);
#2812=EDGE_LOOP('',(#2808,#2809,#2810,#2811));
#2813=FACE_BOUND('',#2812,.T.);
#2814=ADVANCED_FACE('',(#2813),#2802,.F.);
#2815=CARTESIAN_POINT('',(51.,39.5,10.));
#2816=DIRECTION('',(0.,0.,-1.));
#2817=DIRECTION('',(-1.,0.,0.));
#2818=AXIS2_PLACEMENT_3D('',#2815,#2816,#2817);
#2819=PLANE('',#2818);
#2820=ORIENTED_EDGE('',*,*,#2775,.T.);
#2821=ORIENTED_EDGE('',*,*,#2547,.T.);
#2822=ORIENTED_EDGE('',*,*,#2807,.F.);
#2823=ORIENTED_EDGE('',*,*,#2398,.F.);
#2824=EDGE_LOOP('',(#2820,#2821,#2822,#2823));
#2825=FACE_BOUND('',#2824,.T.);
#2826=ADVANCED_FACE('',(#2825),#2819,.F.);
#2827=CARTESIAN_POINT('',(13.5,243.,10.));
#2828=DIRECTION('',(0.,0.,-1.));
#2829=DIRECTION('',(-1.,0.,0.));
#2830=AXIS2_PLACEMENT_3D('',#2827,#2828,#2829);
#2831=PLANE('',#2830);
#2832=CARTESIAN_POINT('',(6.,53.,10.));
#2833=DIRECTION('',(-0.,-1.,-0.));
#2834=VECTOR('',#2833,1.);
#2835=LINE('',#2832,#2834);
#2836=EDGE_CURVE('',#1836,#2578,#2835,.T.);
#2837=ORIENTED_EDGE('',*,*,#2836,.T.);
#2838=ORIENTED_EDGE('',*,*,#2605,.T.);
#2839=CARTESIAN_POINT('',(21.,53.,10.));
#2840=DIRECTION('',(-0.,-1.,-0.));
#2841=VECTOR('',#2840,1.);
#2842=LINE('',#2839,#2841);
#2843=EDGE_CURVE('',#1844,#2594,#2842,.T.);
#2844=ORIENTED_EDGE('',*,*,#2843,.F.);
#2845=ORIENTED_EDGE('',*,*,#1849,.F.);
#2846=EDGE_LOOP('',(#2837,#2838,#2844,#2845));
#2847=FACE_BOUND('',#2846,.T.);
#2848=ADVANCED_FACE('',(#2847),#2831,.F.);
#2849=CARTESIAN_POINT('',(21.,243.,25.));
#2850=DIRECTION('',(1.,0.,0.));
#2851=DIRECTION('',(0.,0.,-1.));
#2852=AXIS2_PLACEMENT_3D('',#2849,#2850,#2851);
#2853=PLANE('',#2852);
#2854=ORIENTED_EDGE('',*,*,#2843,.T.);
#2855=ORIENTED_EDGE('',*,*,#2599,.T.);
#2856=CARTESIAN_POINT('',(21.,53.,40.));
#2857=DIRECTION('',(-0.,-1.,-0.));
#2858=VECTOR('',#2857,1.);
#2859=LINE('',#2856,#2858);
#2860=EDGE_CURVE('',#1826,#2586,#2859,.T.);
#2861=ORIENTED_EDGE('',*,*,#2860,.F.);
#2862=ORIENTED_EDGE('',*,*,#1855,.F.);
#2863=EDGE_LOOP('',(#2854,#2855,#2861,#2862));
#2864=FACE_BOUND('',#2863,.T.);
#2865=ADVANCED_FACE('',(#2864),#2853,.F.);
#2866=CARTESIAN_POINT('',(13.5,243.,40.));
#2867=DIRECTION('',(0.,0.,1.));
#2868=DIRECTION('',(1.,0.,0.));
#2869=AXIS2_PLACEMENT_3D('',#2866,#2867,#2868);
#2870=PLANE('',#2869);
#2871=ORIENTED_EDGE('',*,*,#2860,.T.);
#2872=ORIENTED_EDGE('',*,*,#2591,.T.);
#2873=CARTESIAN_POINT('',(6.,53.,40.));
#2874=DIRECTION('',(-0.,-1.,-0.));
#2875=VECTOR('',#2874,1.);
#2876=LINE('',#2873,#2875);
#2877=EDGE_CURVE('',#1828,#2576,#2876,.T.);
#2878=ORIENTED_EDGE('',*,*,#2877,.F.);
#2879=ORIENTED_EDGE('',*,*,#1833,.F.);
#2880=EDGE_LOOP('',(#2871,#2872,#2878,#2879));
#2881=FACE_BOUND('',#2880,.T.);
#2882=ADVANCED_FACE('',(#2881),#2870,.F.);
#2883=CARTESIAN_POINT('',(6.,243.,25.));
#2884=DIRECTION('',(-1.,0.,0.));
#2885=DIRECTION('',(0.,0.,1.));
#2886=AXIS2_PLACEMENT_3D('',#2883,#2884,#2885);
#2887=PLANE('',#2886);
#2888=ORIENTED_EDGE('',*,*,#2877,.T.);
#2889=ORIENTED_EDGE('',*,*,#2583,.T.);
#2890=ORIENTED_EDGE('',*,*,#2836,.F.);
#2891=ORIENTED_EDGE('',*,*,#1841,.F.);
#2892=EDGE_LOOP('',(#2888,#2889,#2890,#2891));
#2893=FACE_BOUND('',#2892,.T.);
#2894=ADVANCED_FACE('',(#2893),#2887,.F.);
#2895=CARTESIAN_POINT('',(6.,243.,25.));
#2896=DIRECTION('',(-1.,0.,0.));
#2897=DIRECTION('',(0.,0.,1.));
#2898=AXIS2_PLACEMENT_3D('',#2895,#2896,#2897);
#2899=PLANE('',#2898);
#2900=ORIENTED_EDGE('',*,*,#629,.T.);
#2901=CARTESIAN_POINT('',(6.,27.,40.));
#2902=DIRECTION('',(-0.,-1.,-0.));
#2903=VECTOR('',#2902,1.);
#2904=LINE('',#2901,#2903);
#2905=EDGE_CURVE('',#624,#1029,#2904,.T.);
#2906=ORIENTED_EDGE('',*,*,#2905,.T.);
#2907=ORIENTED_EDGE('',*,*,#1034,.T.);
#2908=CARTESIAN_POINT('',(6.,27.,10.));
#2909=DIRECTION('',(-0.,-1.,-0.));
#2910=VECTOR('',#2909,1.);
#2911=LINE('',#2908,#2910);
#2912=EDGE_CURVE('',#622,#1019,#2911,.T.);
#2913=ORIENTED_EDGE('',*,*,#2912,.F.);
#2914=EDGE_LOOP('',(#2900,#2906,#2907,#2913));
#2915=FACE_BOUND('',#2914,.T.);
#2916=ADVANCED_FACE('',(#2915),#2899,.F.);
#2917=CARTESIAN_POINT('',(13.5,243.,40.));
#2918=DIRECTION('',(0.,0.,1.));
#2919=DIRECTION('',(1.,0.,0.));
#2920=AXIS2_PLACEMENT_3D('',#2917,#2918,#2919);
#2921=PLANE('',#2920);
#2922=ORIENTED_EDGE('',*,*,#651,.T.);
#2923=CARTESIAN_POINT('',(21.,27.,40.));
#2924=DIRECTION('',(-0.,-1.,-0.));
#2925=VECTOR('',#2924,1.);
#2926=LINE('',#2923,#2925);
#2927=EDGE_CURVE('',#640,#1037,#2926,.T.);
#2928=ORIENTED_EDGE('',*,*,#2927,.T.);
#2929=ORIENTED_EDGE('',*,*,#1042,.T.);
#2930=ORIENTED_EDGE('',*,*,#2905,.F.);
#2931=EDGE_LOOP('',(#2922,#2928,#2929,#2930));
#2932=FACE_BOUND('',#2931,.T.);
#2933=ADVANCED_FACE('',(#2932),#2921,.F.);
#2934=CARTESIAN_POINT('',(21.,243.,25.));
#2935=DIRECTION('',(1.,0.,0.));
#2936=DIRECTION('',(0.,0.,-1.));
#2937=AXIS2_PLACEMENT_3D('',#2934,#2935,#2936);
#2938=PLANE('',#2937);
#2939=ORIENTED_EDGE('',*,*,#645,.T.);
#2940=CARTESIAN_POINT('',(21.,27.,10.));
#2941=DIRECTION('',(-0.,-1.,-0.));
#2942=VECTOR('',#2941,1.);
#2943=LINE('',#2940,#2942);
#2944=EDGE_CURVE('',#632,#1021,#2943,.T.);
#2945=ORIENTED_EDGE('',*,*,#2944,.T.);
#2946=ORIENTED_EDGE('',*,*,#1048,.T.);
#2947=ORIENTED_EDGE('',*,*,#2927,.F.);
#2948=EDGE_LOOP('',(#2939,#2945,#2946,#2947));
#2949=FACE_BOUND('',#2948,.T.);
#2950=ADVANCED_FACE('',(#2949),#2938,.F.);
#2951=CARTESIAN_POINT('',(13.5,243.,10.));
#2952=DIRECTION('',(0.,0.,-1.));
#2953=DIRECTION('',(-1.,0.,0.));
#2954=AXIS2_PLACEMENT_3D('',#2951,#2952,#2953);
#2955=PLANE('',#2954);
#2956=ORIENTED_EDGE('',*,*,#637,.T.);
#2957=ORIENTED_EDGE('',*,*,#2912,.T.);
#2958=ORIENTED_EDGE('',*,*,#1026,.T.);
#2959=ORIENTED_EDGE('',*,*,#2944,.F.);
#2960=EDGE_LOOP('',(#2956,#2957,#2958,#2959));
#2961=FACE_BOUND('',#2960,.T.);
#2962=ADVANCED_FACE('',(#2961),#2955,.F.);
#2963=CARTESIAN_POINT('',(39.5,52.,50.));
#2964=DIRECTION('',(0.,-1.,0.));
#2965=DIRECTION('',(1.,0.,0.));
#2966=AXIS2_PLACEMENT_3D('',#2963,#2964,#2965);
#2967=PLANE('',#2966);
#2968=CARTESIAN_POINT('',(32.,52.,40.));
#2969=VERTEX_POINT('',#2968);
#2970=CARTESIAN_POINT('',(32.,52.,10.));
#2971=VERTEX_POINT('',#2970);
#2972=CARTESIAN_POINT('',(32.,52.,40.));
#2973=DIRECTION('',(-0.,-0.,-1.));
#2974=VECTOR('',#2973,30.);
#2975=LINE('',#2972,#2974);
#2976=EDGE_CURVE('',#2969,#2971,#2975,.T.);
#2977=ORIENTED_EDGE('',*,*,#2976,.F.);
#2978=CARTESIAN_POINT('',(47.,52.,40.));
#2979=VERTEX_POINT('',#2978);
#2980=CARTESIAN_POINT('',(47.,52.,40.));
#2981=DIRECTION('',(-1.,-0.,0.));
#2982=VECTOR('',#2981,15.);
#2983=LINE('',#2980,#2982);
#2984=EDGE_CURVE('',#2979,#2969,#2983,.T.);
#2985=ORIENTED_EDGE('',*,*,#2984,.F.);
#2986=CARTESIAN_POINT('',(47.,52.,10.));
#2987=VERTEX_POINT('',#2986);
#2988=CARTESIAN_POINT('',(47.,52.,10.));
#2989=DIRECTION('',(-0.,-0.,1.));
#2990=VECTOR('',#2989,30.);
#2991=LINE('',#2988,#2990);
#2992=EDGE_CURVE('',#2987,#2979,#2991,.T.);
#2993=ORIENTED_EDGE('',*,*,#2992,.F.);
#2994=CARTESIAN_POINT('',(32.,52.,10.));
#2995=DIRECTION('',(1.,-0.,-0.));
#2996=VECTOR('',#2995,15.);
#2997=LINE('',#2994,#2996);
#2998=EDGE_CURVE('',#2971,#2987,#2997,.T.);
#2999=ORIENTED_EDGE('',*,*,#2998,.F.);
#3000=EDGE_LOOP('',(#2977,#2985,#2993,#2999));
#3001=FACE_BOUND('',#3000,.T.);
#3002=CARTESIAN_POINT('',(52.,52.,1.));
#3003=DIRECTION('',(-1.,-0.,0.));
#3004=VECTOR('',#3003,25.);
#3005=LINE('',#3002,#3004);
#3006=EDGE_CURVE('',#1653,#2409,#3005,.T.);
#3007=ORIENTED_EDGE('',*,*,#3006,.F.);
#3008=ORIENTED_EDGE('',*,*,#1658,.F.);
#3009=ORIENTED_EDGE('',*,*,#1529,.T.);
#3010=ORIENTED_EDGE('',*,*,#2414,.T.);
#3011=EDGE_LOOP('',(#3007,#3008,#3009,#3010));
#3012=FACE_BOUND('',#3011,.T.);
#3013=ADVANCED_FACE('',(#3001,#3012),#2967,.T.);
#3014=CARTESIAN_POINT('',(26.,26.,1.));
#3015=DIRECTION('',(0.,0.,1.));
#3016=DIRECTION('',(1.,0.,0.));
#3017=AXIS2_PLACEMENT_3D('',#3014,#3015,#3016);
#3018=PLANE('',#3017);
#3019=ORIENTED_EDGE('',*,*,#500,.T.);
#3020=ORIENTED_EDGE('',*,*,#1664,.T.);
#3021=ORIENTED_EDGE('',*,*,#3006,.T.);
#3022=ORIENTED_EDGE('',*,*,#2422,.T.);
#3023=EDGE_LOOP('',(#3019,#3020,#3021,#3022));
#3024=FACE_BOUND('',#3023,.T.);
#3025=ADVANCED_FACE('',(#3024),#3018,.T.);
#3026=CARTESIAN_POINT('',(39.5,243.,10.));
#3027=DIRECTION('',(0.,0.,-1.));
#3028=DIRECTION('',(-1.,0.,0.));
#3029=AXIS2_PLACEMENT_3D('',#3026,#3027,#3028);
#3030=PLANE('',#3029);
#3031=CARTESIAN_POINT('',(32.,53.,10.));
#3032=DIRECTION('',(-0.,-1.,-0.));
#3033=VECTOR('',#3032,1.);
#3034=LINE('',#3031,#3033);
#3035=EDGE_CURVE('',#1870,#2971,#3034,.T.);
#3036=ORIENTED_EDGE('',*,*,#3035,.T.);
#3037=ORIENTED_EDGE('',*,*,#2998,.T.);
#3038=CARTESIAN_POINT('',(47.,53.,10.));
#3039=DIRECTION('',(-0.,-1.,-0.));
#3040=VECTOR('',#3039,1.);
#3041=LINE('',#3038,#3040);
#3042=EDGE_CURVE('',#1878,#2987,#3041,.T.);
#3043=ORIENTED_EDGE('',*,*,#3042,.F.);
#3044=ORIENTED_EDGE('',*,*,#1883,.F.);
#3045=EDGE_LOOP('',(#3036,#3037,#3043,#3044));
#3046=FACE_BOUND('',#3045,.T.);
#3047=ADVANCED_FACE('',(#3046),#3030,.F.);
#3048=CARTESIAN_POINT('',(47.,243.,25.));
#3049=DIRECTION('',(1.,0.,0.));
#3050=DIRECTION('',(0.,0.,-1.));
#3051=AXIS2_PLACEMENT_3D('',#3048,#3049,#3050);
#3052=PLANE('',#3051);
#3053=ORIENTED_EDGE('',*,*,#3042,.T.);
#3054=ORIENTED_EDGE('',*,*,#2992,.T.);
#3055=CARTESIAN_POINT('',(47.,53.,40.));
#3056=DIRECTION('',(-0.,-1.,-0.));
#3057=VECTOR('',#3056,1.);
#3058=LINE('',#3055,#3057);
#3059=EDGE_CURVE('',#1860,#2979,#3058,.T.);
#3060=ORIENTED_EDGE('',*,*,#3059,.F.);
#3061=ORIENTED_EDGE('',*,*,#1889,.F.);
#3062=EDGE_LOOP('',(#3053,#3054,#3060,#3061));
#3063=FACE_BOUND('',#3062,.T.);
#3064=ADVANCED_FACE('',(#3063),#3052,.F.);
#3065=CARTESIAN_POINT('',(39.5,243.,40.));
#3066=DIRECTION('',(0.,0.,1.));
#3067=DIRECTION('',(1.,0.,0.));
#3068=AXIS2_PLACEMENT_3D('',#3065,#3066,#3067);
#3069=PLANE('',#3068);
#3070=ORIENTED_EDGE('',*,*,#3059,.T.);
#3071=ORIENTED_EDGE('',*,*,#2984,.T.);
#3072=CARTESIAN_POINT('',(32.,53.,40.));
#3073=DIRECTION('',(-0.,-1.,-0.));
#3074=VECTOR('',#3073,1.);
#3075=LINE('',#3072,#3074);
#3076=EDGE_CURVE('',#1862,#2969,#3075,.T.);
#3077=ORIENTED_EDGE('',*,*,#3076,.F.);
#3078=ORIENTED_EDGE('',*,*,#1867,.F.);
#3079=EDGE_LOOP('',(#3070,#3071,#3077,#3078));
#3080=FACE_BOUND('',#3079,.T.);
#3081=ADVANCED_FACE('',(#3080),#3069,.F.);
#3082=CARTESIAN_POINT('',(32.,243.,25.));
#3083=DIRECTION('',(-1.,0.,0.));
#3084=DIRECTION('',(0.,0.,1.));
#3085=AXIS2_PLACEMENT_3D('',#3082,#3083,#3084);
#3086=PLANE('',#3085);
#3087=ORIENTED_EDGE('',*,*,#3076,.T.);
#3088=ORIENTED_EDGE('',*,*,#2976,.T.);
#3089=ORIENTED_EDGE('',*,*,#3035,.F.);
#3090=ORIENTED_EDGE('',*,*,#1875,.F.);
#3091=EDGE_LOOP('',(#3087,#3088,#3089,#3090));
#3092=FACE_BOUND('',#3091,.T.);
#3093=ADVANCED_FACE('',(#3092),#3086,.F.);
#3094=CARTESIAN_POINT('',(32.,243.,25.));
#3095=DIRECTION('',(-1.,0.,0.));
#3096=DIRECTION('',(0.,0.,1.));
#3097=AXIS2_PLACEMENT_3D('',#3094,#3095,#3096);
#3098=PLANE('',#3097);
#3099=ORIENTED_EDGE('',*,*,#595,.T.);
#3100=CARTESIAN_POINT('',(32.,27.,40.));
#3101=DIRECTION('',(-0.,-1.,-0.));
#3102=VECTOR('',#3101,1.);
#3103=LINE('',#3100,#3102);
#3104=EDGE_CURVE('',#590,#995,#3103,.T.);
#3105=ORIENTED_EDGE('',*,*,#3104,.T.);
#3106=ORIENTED_EDGE('',*,*,#1000,.T.);
#3107=CARTESIAN_POINT('',(32.,27.,10.));
#3108=DIRECTION('',(-0.,-1.,-0.));
#3109=VECTOR('',#3108,1.);
#3110=LINE('',#3107,#3109);
#3111=EDGE_CURVE('',#588,#985,#3110,.T.);
#3112=ORIENTED_EDGE('',*,*,#3111,.F.);
#3113=EDGE_LOOP('',(#3099,#3105,#3106,#3112));
#3114=FACE_BOUND('',#3113,.T.);
#3115=ADVANCED_FACE('',(#3114),#3098,.F.);
#3116=CARTESIAN_POINT('',(39.5,243.,40.));
#3117=DIRECTION('',(0.,0.,1.));
#3118=DIRECTION('',(1.,0.,0.));
#3119=AXIS2_PLACEMENT_3D('',#3116,#3117,#3118);
#3120=PLANE('',#3119);
#3121=ORIENTED_EDGE('',*,*,#617,.T.);
#3122=CARTESIAN_POINT('',(47.,27.,40.));
#3123=DIRECTION('',(-0.,-1.,-0.));
#3124=VECTOR('',#3123,1.);
#3125=LINE('',#3122,#3124);
#3126=EDGE_CURVE('',#606,#1003,#3125,.T.);
#3127=ORIENTED_EDGE('',*,*,#3126,.T.);
#3128=ORIENTED_EDGE('',*,*,#1008,.T.);
#3129=ORIENTED_EDGE('',*,*,#3104,.F.);
#3130=EDGE_LOOP('',(#3121,#3127,#3128,#3129));
#3131=FACE_BOUND('',#3130,.T.);
#3132=ADVANCED_FACE('',(#3131),#3120,.F.);
#3133=CARTESIAN_POINT('',(47.,243.,25.));
#3134=DIRECTION('',(1.,0.,0.));
#3135=DIRECTION('',(0.,0.,-1.));
#3136=AXIS2_PLACEMENT_3D('',#3133,#3134,#3135);
#3137=PLANE('',#3136);
#3138=ORIENTED_EDGE('',*,*,#611,.T.);
#3139=CARTESIAN_POINT('',(47.,27.,10.));
#3140=DIRECTION('',(-0.,-1.,-0.));
#3141=VECTOR('',#3140,1.);
#3142=LINE('',#3139,#3141);
#3143=EDGE_CURVE('',#598,#987,#3142,.T.);
#3144=ORIENTED_EDGE('',*,*,#3143,.T.);
#3145=ORIENTED_EDGE('',*,*,#1014,.T.);
#3146=ORIENTED_EDGE('',*,*,#3126,.F.);
#3147=EDGE_LOOP('',(#3138,#3144,#3145,#3146));
#3148=FACE_BOUND('',#3147,.T.);
#3149=ADVANCED_FACE('',(#3148),#3137,.F.);
#3150=CARTESIAN_POINT('',(39.5,243.,10.));
#3151=DIRECTION('',(0.,0.,-1.));
#3152=DIRECTION('',(-1.,0.,0.));
#3153=AXIS2_PLACEMENT_3D('',#3150,#3151,#3152);
#3154=PLANE('',#3153);
#3155=ORIENTED_EDGE('',*,*,#603,.T.);
#3156=ORIENTED_EDGE('',*,*,#3111,.T.);
#3157=ORIENTED_EDGE('',*,*,#992,.T.);
#3158=ORIENTED_EDGE('',*,*,#3143,.F.);
#3159=EDGE_LOOP('',(#3155,#3156,#3157,#3158));
#3160=FACE_BOUND('',#3159,.T.);
#3161=ADVANCED_FACE('',(#3160),#3154,.F.);
#3162=CARTESIAN_POINT('',(52.,13.5,50.));
#3163=DIRECTION('',(1.,0.,0.));
#3164=DIRECTION('',(0.,1.,0.));
#3165=AXIS2_PLACEMENT_3D('',#3162,#3163,#3164);
#3166=PLANE('',#3165);
#3167=CARTESIAN_POINT('',(52.,21.,10.));
#3168=VERTEX_POINT('',#3167);
#3169=CARTESIAN_POINT('',(52.,6.,10.));
#3170=VERTEX_POINT('',#3169);
#3171=CARTESIAN_POINT('',(52.,21.,10.));
#3172=DIRECTION('',(-0.,-1.,-0.));
#3173=VECTOR('',#3172,15.);
#3174=LINE('',#3171,#3173);
#3175=EDGE_CURVE('',#3168,#3170,#3174,.T.);
#3176=ORIENTED_EDGE('',*,*,#3175,.F.);
#3177=CARTESIAN_POINT('',(52.,21.,40.));
#3178=VERTEX_POINT('',#3177);
#3179=CARTESIAN_POINT('',(52.,21.,40.));
#3180=DIRECTION('',(-0.,-0.,-1.));
#3181=VECTOR('',#3180,30.);
#3182=LINE('',#3179,#3181);
#3183=EDGE_CURVE('',#3178,#3168,#3182,.T.);
#3184=ORIENTED_EDGE('',*,*,#3183,.F.);
#3185=CARTESIAN_POINT('',(52.,6.,40.));
#3186=VERTEX_POINT('',#3185);
#3187=CARTESIAN_POINT('',(52.,6.,40.));
#3188=DIRECTION('',(-0.,1.,-0.));
#3189=VECTOR('',#3188,15.);
#3190=LINE('',#3187,#3189);
#3191=EDGE_CURVE('',#3186,#3178,#3190,.T.);
#3192=ORIENTED_EDGE('',*,*,#3191,.F.);
#3193=CARTESIAN_POINT('',(52.,6.,10.));
#3194=DIRECTION('',(-0.,-0.,1.));
#3195=VECTOR('',#3194,30.);
#3196=LINE('',#3193,#3195);
#3197=EDGE_CURVE('',#3170,#3186,#3196,.T.);
#3198=ORIENTED_EDGE('',*,*,#3197,.F.);
#3199=EDGE_LOOP('',(#3176,#3184,#3192,#3198));
#3200=FACE_BOUND('',#3199,.T.);
#3201=CARTESIAN_POINT('',(52.,1.,1.));
#3202=VERTEX_POINT('',#3201);
#3203=CARTESIAN_POINT('',(52.,1.,50.));
#3204=DIRECTION('',(-0.,-0.,-1.));
#3205=VECTOR('',#3204,49.);
#3206=LINE('',#3203,#3205);
#3207=EDGE_CURVE('',#1587,#3202,#3206,.T.);
#3208=ORIENTED_EDGE('',*,*,#3207,.F.);
#3209=ORIENTED_EDGE('',*,*,#1592,.F.);
#3210=ORIENTED_EDGE('',*,*,#907,.T.);
#3211=CARTESIAN_POINT('',(52.,1.,1.));
#3212=DIRECTION('',(0.,1.,0.));
#3213=VECTOR('',#3212,25.);
#3214=LINE('',#3211,#3213);
#3215=EDGE_CURVE('',#3202,#894,#3214,.T.);
#3216=ORIENTED_EDGE('',*,*,#3215,.F.);
#3217=EDGE_LOOP('',(#3208,#3209,#3210,#3216));
#3218=FACE_BOUND('',#3217,.T.);
#3219=ADVANCED_FACE('',(#3200,#3218),#3166,.F.);
#3220=CARTESIAN_POINT('',(65.5,0.,50.));
#3221=DIRECTION('',(0.,1.,0.));
#3222=DIRECTION('',(0.,0.,1.));
#3223=AXIS2_PLACEMENT_3D('',#3220,#3221,#3222);
#3224=PLANE('',#3223);
#3225=CARTESIAN_POINT('',(58.,0.,10.));
#3226=VERTEX_POINT('',#3225);
#3227=CARTESIAN_POINT('',(73.,0.,10.));
#3228=VERTEX_POINT('',#3227);
#3229=CARTESIAN_POINT('',(58.,0.,10.));
#3230=DIRECTION('',(1.,-0.,-0.));
#3231=VECTOR('',#3230,15.);
#3232=LINE('',#3229,#3231);
#3233=EDGE_CURVE('',#3226,#3228,#3232,.T.);
#3234=ORIENTED_EDGE('',*,*,#3233,.F.);
#3235=CARTESIAN_POINT('',(58.,0.,40.));
#3236=VERTEX_POINT('',#3235);
#3237=CARTESIAN_POINT('',(58.,0.,40.));
#3238=DIRECTION('',(-0.,-0.,-1.));
#3239=VECTOR('',#3238,30.);
#3240=LINE('',#3237,#3239);
#3241=EDGE_CURVE('',#3236,#3226,#3240,.T.);
#3242=ORIENTED_EDGE('',*,*,#3241,.F.);
#3243=CARTESIAN_POINT('',(73.,0.,40.));
#3244=VERTEX_POINT('',#3243);
#3245=CARTESIAN_POINT('',(73.,0.,40.));
#3246=DIRECTION('',(-1.,-0.,0.));
#3247=VECTOR('',#3246,15.);
#3248=LINE('',#3245,#3247);
#3249=EDGE_CURVE('',#3244,#3236,#3248,.T.);
#3250=ORIENTED_EDGE('',*,*,#3249,.F.);
#3251=CARTESIAN_POINT('',(73.,0.,10.));
#3252=DIRECTION('',(-0.,-0.,1.));
#3253=VECTOR('',#3252,30.);
#3254=LINE('',#3251,#3253);
#3255=EDGE_CURVE('',#3228,#3244,#3254,.T.);
#3256=ORIENTED_EDGE('',*,*,#3255,.F.);
#3257=EDGE_LOOP('',(#3234,#3242,#3250,#3256));
#3258=FACE_BOUND('',#3257,.T.);
#3259=ORIENTED_EDGE('',*,*,#1723,.F.);
#3260=ORIENTED_EDGE('',*,*,#1462,.F.);
#3261=ORIENTED_EDGE('',*,*,#2436,.T.);
#3262=ORIENTED_EDGE('',*,*,#1907,.T.);
#3263=EDGE_LOOP('',(#3259,#3260,#3261,#3262));
#3264=FACE_BOUND('',#3263,.T.);
#3265=CARTESIAN_POINT('',(6.,0.,10.));
#3266=VERTEX_POINT('',#3265);
#3267=CARTESIAN_POINT('',(21.,0.,10.));
#3268=VERTEX_POINT('',#3267);
#3269=CARTESIAN_POINT('',(6.,0.,10.));
#3270=DIRECTION('',(1.,-0.,-0.));
#3271=VECTOR('',#3270,15.);
#3272=LINE('',#3269,#3271);
#3273=EDGE_CURVE('',#3266,#3268,#3272,.T.);
#3274=ORIENTED_EDGE('',*,*,#3273,.F.);
#3275=CARTESIAN_POINT('',(6.,0.,40.));
#3276=VERTEX_POINT('',#3275);
#3277=CARTESIAN_POINT('',(6.,0.,40.));
#3278=DIRECTION('',(-0.,-0.,-1.));
#3279=VECTOR('',#3278,30.);
#3280=LINE('',#3277,#3279);
#3281=EDGE_CURVE('',#3276,#3266,#3280,.T.);
#3282=ORIENTED_EDGE('',*,*,#3281,.F.);
#3283=CARTESIAN_POINT('',(21.,0.,40.));
#3284=VERTEX_POINT('',#3283);
#3285=CARTESIAN_POINT('',(21.,0.,40.));
#3286=DIRECTION('',(-1.,-0.,0.));
#3287=VECTOR('',#3286,15.);
#3288=LINE('',#3285,#3287);
#3289=EDGE_CURVE('',#3284,#3276,#3288,.T.);
#3290=ORIENTED_EDGE('',*,*,#3289,.F.);
#3291=CARTESIAN_POINT('',(21.,0.,10.));
#3292=DIRECTION('',(-0.,-0.,1.));
#3293=VECTOR('',#3292,30.);
#3294=LINE('',#3291,#3293);
#3295=EDGE_CURVE('',#3268,#3284,#3294,.T.);
#3296=ORIENTED_EDGE('',*,*,#3295,.F.);
#3297=EDGE_LOOP('',(#3274,#3282,#3290,#3296));
#3298=FACE_BOUND('',#3297,.T.);
#3299=CARTESIAN_POINT('',(32.,0.,10.));
#3300=VERTEX_POINT('',#3299);
#3301=CARTESIAN_POINT('',(47.,0.,10.));
#3302=VERTEX_POINT('',#3301);
#3303=CARTESIAN_POINT('',(32.,0.,10.));
#3304=DIRECTION('',(1.,-0.,-0.));
#3305=VECTOR('',#3304,15.);
#3306=LINE('',#3303,#3305);
#3307=EDGE_CURVE('',#3300,#3302,#3306,.T.);
#3308=ORIENTED_EDGE('',*,*,#3307,.F.);
#3309=CARTESIAN_POINT('',(32.,0.,40.));
#3310=VERTEX_POINT('',#3309);
#3311=CARTESIAN_POINT('',(32.,0.,40.));
#3312=DIRECTION('',(-0.,-0.,-1.));
#3313=VECTOR('',#3312,30.);
#3314=LINE('',#3311,#3313);
#3315=EDGE_CURVE('',#3310,#3300,#3314,.T.);
#3316=ORIENTED_EDGE('',*,*,#3315,.F.);
#3317=CARTESIAN_POINT('',(47.,0.,40.));
#3318=VERTEX_POINT('',#3317);
#3319=CARTESIAN_POINT('',(47.,0.,40.));
#3320=DIRECTION('',(-1.,-0.,0.));
#3321=VECTOR('',#3320,15.);
#3322=LINE('',#3319,#3321);
#3323=EDGE_CURVE('',#3318,#3310,#3322,.T.);
#3324=ORIENTED_EDGE('',*,*,#3323,.F.);
#3325=CARTESIAN_POINT('',(47.,0.,10.));
#3326=DIRECTION('',(-0.,-0.,1.));
#3327=VECTOR('',#3326,30.);
#3328=LINE('',#3325,#3327);
#3329=EDGE_CURVE('',#3302,#3318,#3328,.T.);
#3330=ORIENTED_EDGE('',*,*,#3329,.F.);
#3331=EDGE_LOOP('',(#3308,#3316,#3324,#3330));
#3332=FACE_BOUND('',#3331,.T.);
#3333=ADVANCED_FACE('',(#3258,#3264,#3298,#3332),#3224,.F.);
#3334=CARTESIAN_POINT('',(65.5,1.,50.));
#3335=DIRECTION('',(0.,1.,0.));
#3336=DIRECTION('',(0.,0.,1.));
#3337=AXIS2_PLACEMENT_3D('',#3334,#3335,#3336);
#3338=PLANE('',#3337);
#3339=CARTESIAN_POINT('',(58.,1.,10.));
#3340=VERTEX_POINT('',#3339);
#3341=CARTESIAN_POINT('',(58.,1.,40.));
#3342=VERTEX_POINT('',#3341);
#3343=CARTESIAN_POINT('',(58.,1.,10.));
#3344=DIRECTION('',(0.,0.,1.));
#3345=VECTOR('',#3344,30.);
#3346=LINE('',#3343,#3345);
#3347=EDGE_CURVE('',#3340,#3342,#3346,.T.);
#3348=ORIENTED_EDGE('',*,*,#3347,.F.);
#3349=CARTESIAN_POINT('',(73.,1.,10.));
#3350=VERTEX_POINT('',#3349);
#3351=CARTESIAN_POINT('',(73.,1.,10.));
#3352=DIRECTION('',(-1.,0.,0.));
#3353=VECTOR('',#3352,15.);
#3354=LINE('',#3351,#3353);
#3355=EDGE_CURVE('',#3350,#3340,#3354,.T.);
#3356=ORIENTED_EDGE('',*,*,#3355,.F.);
#3357=CARTESIAN_POINT('',(73.,1.,40.));
#3358=VERTEX_POINT('',#3357);
#3359=CARTESIAN_POINT('',(73.,1.,40.));
#3360=DIRECTION('',(0.,0.,-1.));
#3361=VECTOR('',#3360,30.);
#3362=LINE('',#3359,#3361);
#3363=EDGE_CURVE('',#3358,#3350,#3362,.T.);
#3364=ORIENTED_EDGE('',*,*,#3363,.F.);
#3365=CARTESIAN_POINT('',(58.,1.,40.));
#3366=DIRECTION('',(1.,0.,-0.));
#3367=VECTOR('',#3366,15.);
#3368=LINE('',#3365,#3367);
#3369=EDGE_CURVE('',#3342,#3358,#3368,.T.);
#3370=ORIENTED_EDGE('',*,*,#3369,.F.);
#3371=EDGE_LOOP('',(#3348,#3356,#3364,#3370));
#3372=FACE_BOUND('',#3371,.T.);
#3373=CARTESIAN_POINT('',(53.,1.,1.));
#3374=VERTEX_POINT('',#3373);
#3375=CARTESIAN_POINT('',(78.,1.,1.));
#3376=VERTEX_POINT('',#3375);
#3377=CARTESIAN_POINT('',(53.,1.,1.));
#3378=DIRECTION('',(1.,0.,-0.));
#3379=VECTOR('',#3378,25.);
#3380=LINE('',#3377,#3379);
#3381=EDGE_CURVE('',#3374,#3376,#3380,.T.);
#3382=ORIENTED_EDGE('',*,*,#3381,.F.);
#3383=CARTESIAN_POINT('',(53.,1.,50.));
#3384=DIRECTION('',(-0.,-0.,-1.));
#3385=VECTOR('',#3384,49.);
#3386=LINE('',#3383,#3385);
#3387=EDGE_CURVE('',#1572,#3374,#3386,.T.);
#3388=ORIENTED_EDGE('',*,*,#3387,.F.);
#3389=ORIENTED_EDGE('',*,*,#1577,.T.);
#3390=CARTESIAN_POINT('',(78.,1.,50.));
#3391=DIRECTION('',(-0.,-0.,-1.));
#3392=VECTOR('',#3391,49.);
#3393=LINE('',#3390,#3392);
#3394=EDGE_CURVE('',#1564,#3376,#3393,.T.);
#3395=ORIENTED_EDGE('',*,*,#3394,.T.);
#3396=EDGE_LOOP('',(#3382,#3388,#3389,#3395));
#3397=FACE_BOUND('',#3396,.T.);
#3398=ADVANCED_FACE('',(#3372,#3397),#3338,.T.);
#3399=CARTESIAN_POINT('',(78.,13.5,50.));
#3400=DIRECTION('',(-1.,0.,0.));
#3401=DIRECTION('',(0.,-1.,0.));
#3402=AXIS2_PLACEMENT_3D('',#3399,#3400,#3401);
#3403=PLANE('',#3402);
#3404=CARTESIAN_POINT('',(78.,21.,40.));
#3405=VERTEX_POINT('',#3404);
#3406=CARTESIAN_POINT('',(78.,21.,10.));
#3407=VERTEX_POINT('',#3406);
#3408=CARTESIAN_POINT('',(78.,21.,40.));
#3409=DIRECTION('',(-0.,-0.,-1.));
#3410=VECTOR('',#3409,30.);
#3411=LINE('',#3408,#3410);
#3412=EDGE_CURVE('',#3405,#3407,#3411,.T.);
#3413=ORIENTED_EDGE('',*,*,#3412,.F.);
#3414=CARTESIAN_POINT('',(78.,6.,40.));
#3415=VERTEX_POINT('',#3414);
#3416=CARTESIAN_POINT('',(78.,6.,40.));
#3417=DIRECTION('',(-0.,1.,-0.));
#3418=VECTOR('',#3417,15.);
#3419=LINE('',#3416,#3418);
#3420=EDGE_CURVE('',#3415,#3405,#3419,.T.);
#3421=ORIENTED_EDGE('',*,*,#3420,.F.);
#3422=CARTESIAN_POINT('',(78.,6.,10.));
#3423=VERTEX_POINT('',#3422);
#3424=CARTESIAN_POINT('',(78.,6.,10.));
#3425=DIRECTION('',(-0.,-0.,1.));
#3426=VECTOR('',#3425,30.);
#3427=LINE('',#3424,#3426);
#3428=EDGE_CURVE('',#3423,#3415,#3427,.T.);
#3429=ORIENTED_EDGE('',*,*,#3428,.F.);
#3430=CARTESIAN_POINT('',(78.,21.,10.));
#3431=DIRECTION('',(-0.,-1.,-0.));
#3432=VECTOR('',#3431,15.);
#3433=LINE('',#3430,#3432);
#3434=EDGE_CURVE('',#3407,#3423,#3433,.T.);
#3435=ORIENTED_EDGE('',*,*,#3434,.F.);
#3436=EDGE_LOOP('',(#3413,#3421,#3429,#3435));
#3437=FACE_BOUND('',#3436,.T.);
#3438=CARTESIAN_POINT('',(78.,1.,1.));
#3439=DIRECTION('',(0.,1.,0.));
#3440=VECTOR('',#3439,25.);
#3441=LINE('',#3438,#3440);
#3442=EDGE_CURVE('',#3376,#926,#3441,.T.);
#3443=ORIENTED_EDGE('',*,*,#3442,.F.);
#3444=ORIENTED_EDGE('',*,*,#3394,.F.);
#3445=ORIENTED_EDGE('',*,*,#1569,.T.);
#3446=ORIENTED_EDGE('',*,*,#939,.T.);
#3447=EDGE_LOOP('',(#3443,#3444,#3445,#3446));
#3448=FACE_BOUND('',#3447,.T.);
#3449=ADVANCED_FACE('',(#3437,#3448),#3403,.T.);
#3450=CARTESIAN_POINT('',(53.,13.5,50.));
#3451=DIRECTION('',(1.,0.,0.));
#3452=DIRECTION('',(0.,1.,0.));
#3453=AXIS2_PLACEMENT_3D('',#3450,#3451,#3452);
#3454=PLANE('',#3453);
#3455=CARTESIAN_POINT('',(53.,21.,10.));
#3456=VERTEX_POINT('',#3455);
#3457=CARTESIAN_POINT('',(53.,21.,40.));
#3458=VERTEX_POINT('',#3457);
#3459=CARTESIAN_POINT('',(53.,21.,10.));
#3460=DIRECTION('',(0.,0.,1.));
#3461=VECTOR('',#3460,30.);
#3462=LINE('',#3459,#3461);
#3463=EDGE_CURVE('',#3456,#3458,#3462,.T.);
#3464=ORIENTED_EDGE('',*,*,#3463,.F.);
#3465=CARTESIAN_POINT('',(53.,6.,10.));
#3466=VERTEX_POINT('',#3465);
#3467=CARTESIAN_POINT('',(53.,6.,10.));
#3468=DIRECTION('',(0.,1.,0.));
#3469=VECTOR('',#3468,15.);
#3470=LINE('',#3467,#3469);
#3471=EDGE_CURVE('',#3466,#3456,#3470,.T.);
#3472=ORIENTED_EDGE('',*,*,#3471,.F.);
#3473=CARTESIAN_POINT('',(53.,6.,40.));
#3474=VERTEX_POINT('',#3473);
#3475=CARTESIAN_POINT('',(53.,6.,40.));
#3476=DIRECTION('',(0.,0.,-1.));
#3477=VECTOR('',#3476,30.);
#3478=LINE('',#3475,#3477);
#3479=EDGE_CURVE('',#3474,#3466,#3478,.T.);
#3480=ORIENTED_EDGE('',*,*,#3479,.F.);
#3481=CARTESIAN_POINT('',(53.,21.,40.));
#3482=DIRECTION('',(0.,-1.,0.));
#3483=VECTOR('',#3482,15.);
#3484=LINE('',#3481,#3483);
#3485=EDGE_CURVE('',#3458,#3474,#3484,.T.);
#3486=ORIENTED_EDGE('',*,*,#3485,.F.);
#3487=EDGE_LOOP('',(#3464,#3472,#3480,#3486));
#3488=FACE_BOUND('',#3487,.T.);
#3489=CARTESIAN_POINT('',(53.,26.,1.));
#3490=DIRECTION('',(-0.,-1.,-0.));
#3491=VECTOR('',#3490,25.);
#3492=LINE('',#3489,#3491);
#3493=EDGE_CURVE('',#918,#3374,#3492,.T.);
#3494=ORIENTED_EDGE('',*,*,#3493,.F.);
#3495=ORIENTED_EDGE('',*,*,#923,.F.);
#3496=ORIENTED_EDGE('',*,*,#1583,.T.);
#3497=ORIENTED_EDGE('',*,*,#3387,.T.);
#3498=EDGE_LOOP('',(#3494,#3495,#3496,#3497));
#3499=FACE_BOUND('',#3498,.T.);
#3500=ADVANCED_FACE('',(#3488,#3499),#3454,.T.);
#3501=CARTESIAN_POINT('',(52.,0.,1.));
#3502=DIRECTION('',(0.,0.,1.));
#3503=DIRECTION('',(1.,0.,0.));
#3504=AXIS2_PLACEMENT_3D('',#3501,#3502,#3503);
#3505=PLANE('',#3504);
#3506=ORIENTED_EDGE('',*,*,#3381,.T.);
#3507=ORIENTED_EDGE('',*,*,#3442,.T.);
#3508=ORIENTED_EDGE('',*,*,#931,.T.);
#3509=ORIENTED_EDGE('',*,*,#3493,.T.);
#3510=EDGE_LOOP('',(#3506,#3507,#3508,#3509));
#3511=FACE_BOUND('',#3510,.T.);
#3512=ADVANCED_FACE('',(#3511),#3505,.T.);
#3513=CARTESIAN_POINT('',(103.,13.5,10.));
#3514=DIRECTION('',(0.,0.,-1.));
#3515=DIRECTION('',(-1.,0.,0.));
#3516=AXIS2_PLACEMENT_3D('',#3513,#3514,#3515);
#3517=PLANE('',#3516);
#3518=ORIENTED_EDGE('',*,*,#3471,.T.);
#3519=CARTESIAN_POINT('',(53.,21.,10.));
#3520=DIRECTION('',(-1.,0.,0.));
#3521=VECTOR('',#3520,1.);
#3522=LINE('',#3519,#3521);
#3523=EDGE_CURVE('',#3456,#3168,#3522,.T.);
#3524=ORIENTED_EDGE('',*,*,#3523,.T.);
#3525=ORIENTED_EDGE('',*,*,#3175,.T.);
#3526=CARTESIAN_POINT('',(53.,6.,10.));
#3527=DIRECTION('',(-1.,-0.,0.));
#3528=VECTOR('',#3527,1.);
#3529=LINE('',#3526,#3528);
#3530=EDGE_CURVE('',#3466,#3170,#3529,.T.);
#3531=ORIENTED_EDGE('',*,*,#3530,.F.);
#3532=EDGE_LOOP('',(#3518,#3524,#3525,#3531));
#3533=FACE_BOUND('',#3532,.T.);
#3534=ADVANCED_FACE('',(#3533),#3517,.F.);
#3535=CARTESIAN_POINT('',(103.,6.,25.));
#3536=DIRECTION('',(0.,-1.,0.));
#3537=DIRECTION('',(0.,0.,-1.));
#3538=AXIS2_PLACEMENT_3D('',#3535,#3536,#3537);
#3539=PLANE('',#3538);
#3540=ORIENTED_EDGE('',*,*,#3479,.T.);
#3541=ORIENTED_EDGE('',*,*,#3530,.T.);
#3542=ORIENTED_EDGE('',*,*,#3197,.T.);
#3543=CARTESIAN_POINT('',(53.,6.,40.));
#3544=DIRECTION('',(-1.,-0.,0.));
#3545=VECTOR('',#3544,1.);
#3546=LINE('',#3543,#3545);
#3547=EDGE_CURVE('',#3474,#3186,#3546,.T.);
#3548=ORIENTED_EDGE('',*,*,#3547,.F.);
#3549=EDGE_LOOP('',(#3540,#3541,#3542,#3548));
#3550=FACE_BOUND('',#3549,.T.);
#3551=ADVANCED_FACE('',(#3550),#3539,.F.);
#3552=CARTESIAN_POINT('',(103.,13.5,40.));
#3553=DIRECTION('',(0.,0.,1.));
#3554=DIRECTION('',(0.,-1.,0.));
#3555=AXIS2_PLACEMENT_3D('',#3552,#3553,#3554);
#3556=PLANE('',#3555);
#3557=ORIENTED_EDGE('',*,*,#3485,.T.);
#3558=ORIENTED_EDGE('',*,*,#3547,.T.);
#3559=ORIENTED_EDGE('',*,*,#3191,.T.);
#3560=CARTESIAN_POINT('',(53.,21.,40.));
#3561=DIRECTION('',(-1.,-0.,0.));
#3562=VECTOR('',#3561,1.);
#3563=LINE('',#3560,#3562);
#3564=EDGE_CURVE('',#3458,#3178,#3563,.T.);
#3565=ORIENTED_EDGE('',*,*,#3564,.F.);
#3566=EDGE_LOOP('',(#3557,#3558,#3559,#3565));
#3567=FACE_BOUND('',#3566,.T.);
#3568=ADVANCED_FACE('',(#3567),#3556,.F.);
#3569=CARTESIAN_POINT('',(103.,21.,25.));
#3570=DIRECTION('',(0.,1.,0.));
#3571=DIRECTION('',(0.,0.,1.));
#3572=AXIS2_PLACEMENT_3D('',#3569,#3570,#3571);
#3573=PLANE('',#3572);
#3574=ORIENTED_EDGE('',*,*,#3463,.T.);
#3575=ORIENTED_EDGE('',*,*,#3564,.T.);
#3576=ORIENTED_EDGE('',*,*,#3183,.T.);
#3577=ORIENTED_EDGE('',*,*,#3523,.F.);
#3578=EDGE_LOOP('',(#3574,#3575,#3576,#3577));
#3579=FACE_BOUND('',#3578,.T.);
#3580=ADVANCED_FACE('',(#3579),#3573,.F.);
#3581=CARTESIAN_POINT('',(103.,21.,25.));
#3582=DIRECTION('',(0.,1.,0.));
#3583=DIRECTION('',(0.,0.,1.));
#3584=AXIS2_PLACEMENT_3D('',#3581,#3582,#3583);
#3585=PLANE('',#3584);
#3586=CARTESIAN_POINT('',(79.,21.,40.));
#3587=DIRECTION('',(-1.,-0.,0.));
#3588=VECTOR('',#3587,1.);
#3589=LINE('',#3586,#3588);
#3590=EDGE_CURVE('',#1736,#3405,#3589,.T.);
#3591=ORIENTED_EDGE('',*,*,#3590,.T.);
#3592=ORIENTED_EDGE('',*,*,#3412,.T.);
#3593=CARTESIAN_POINT('',(79.,21.,10.));
#3594=DIRECTION('',(-1.,0.,0.));
#3595=VECTOR('',#3594,1.);
#3596=LINE('',#3593,#3595);
#3597=EDGE_CURVE('',#1744,#3407,#3596,.T.);
#3598=ORIENTED_EDGE('',*,*,#3597,.F.);
#3599=ORIENTED_EDGE('',*,*,#1749,.F.);
#3600=EDGE_LOOP('',(#3591,#3592,#3598,#3599));
#3601=FACE_BOUND('',#3600,.T.);
#3602=ADVANCED_FACE('',(#3601),#3585,.F.);
#3603=CARTESIAN_POINT('',(103.,13.5,40.));
#3604=DIRECTION('',(0.,0.,1.));
#3605=DIRECTION('',(0.,-1.,0.));
#3606=AXIS2_PLACEMENT_3D('',#3603,#3604,#3605);
#3607=PLANE('',#3606);
#3608=CARTESIAN_POINT('',(79.,6.,40.));
#3609=DIRECTION('',(-1.,-0.,0.));
#3610=VECTOR('',#3609,1.);
#3611=LINE('',#3608,#3610);
#3612=EDGE_CURVE('',#1734,#3415,#3611,.T.);
#3613=ORIENTED_EDGE('',*,*,#3612,.T.);
#3614=ORIENTED_EDGE('',*,*,#3420,.T.);
#3615=ORIENTED_EDGE('',*,*,#3590,.F.);
#3616=ORIENTED_EDGE('',*,*,#1741,.F.);
#3617=EDGE_LOOP('',(#3613,#3614,#3615,#3616));
#3618=FACE_BOUND('',#3617,.T.);
#3619=ADVANCED_FACE('',(#3618),#3607,.F.);
#3620=CARTESIAN_POINT('',(103.,6.,25.));
#3621=DIRECTION('',(0.,-1.,0.));
#3622=DIRECTION('',(0.,0.,-1.));
#3623=AXIS2_PLACEMENT_3D('',#3620,#3621,#3622);
#3624=PLANE('',#3623);
#3625=CARTESIAN_POINT('',(79.,6.,10.));
#3626=DIRECTION('',(-1.,-0.,0.));
#3627=VECTOR('',#3626,1.);
#3628=LINE('',#3625,#3627);
#3629=EDGE_CURVE('',#1752,#3423,#3628,.T.);
#3630=ORIENTED_EDGE('',*,*,#3629,.T.);
#3631=ORIENTED_EDGE('',*,*,#3428,.T.);
#3632=ORIENTED_EDGE('',*,*,#3612,.F.);
#3633=ORIENTED_EDGE('',*,*,#1763,.F.);
#3634=EDGE_LOOP('',(#3630,#3631,#3632,#3633));
#3635=FACE_BOUND('',#3634,.T.);
#3636=ADVANCED_FACE('',(#3635),#3624,.F.);
#3637=CARTESIAN_POINT('',(103.,13.5,10.));
#3638=DIRECTION('',(0.,0.,-1.));
#3639=DIRECTION('',(-1.,0.,0.));
#3640=AXIS2_PLACEMENT_3D('',#3637,#3638,#3639);
#3641=PLANE('',#3640);
#3642=ORIENTED_EDGE('',*,*,#3597,.T.);
#3643=ORIENTED_EDGE('',*,*,#3434,.T.);
#3644=ORIENTED_EDGE('',*,*,#3629,.F.);
#3645=ORIENTED_EDGE('',*,*,#1757,.F.);
#3646=EDGE_LOOP('',(#3642,#3643,#3644,#3645));
#3647=FACE_BOUND('',#3646,.T.);
#3648=ADVANCED_FACE('',(#3647),#3641,.F.);
#3649=CARTESIAN_POINT('',(58.,217.,25.));
#3650=DIRECTION('',(-1.,0.,0.));
#3651=DIRECTION('',(0.,0.,1.));
#3652=AXIS2_PLACEMENT_3D('',#3649,#3650,#3651);
#3653=PLANE('',#3652);
#3654=ORIENTED_EDGE('',*,*,#3347,.T.);
#3655=CARTESIAN_POINT('',(58.,1.,40.));
#3656=DIRECTION('',(-0.,-1.,-0.));
#3657=VECTOR('',#3656,1.);
#3658=LINE('',#3655,#3657);
#3659=EDGE_CURVE('',#3342,#3236,#3658,.T.);
#3660=ORIENTED_EDGE('',*,*,#3659,.T.);
#3661=ORIENTED_EDGE('',*,*,#3241,.T.);
#3662=CARTESIAN_POINT('',(58.,1.,10.));
#3663=DIRECTION('',(-0.,-1.,-0.));
#3664=VECTOR('',#3663,1.);
#3665=LINE('',#3662,#3664);
#3666=EDGE_CURVE('',#3340,#3226,#3665,.T.);
#3667=ORIENTED_EDGE('',*,*,#3666,.F.);
#3668=EDGE_LOOP('',(#3654,#3660,#3661,#3667));
#3669=FACE_BOUND('',#3668,.T.);
#3670=ADVANCED_FACE('',(#3669),#3653,.F.);
#3671=CARTESIAN_POINT('',(65.5,217.,40.));
#3672=DIRECTION('',(0.,0.,1.));
#3673=DIRECTION('',(1.,0.,0.));
#3674=AXIS2_PLACEMENT_3D('',#3671,#3672,#3673);
#3675=PLANE('',#3674);
#3676=ORIENTED_EDGE('',*,*,#3369,.T.);
#3677=CARTESIAN_POINT('',(73.,1.,40.));
#3678=DIRECTION('',(-0.,-1.,-0.));
#3679=VECTOR('',#3678,1.);
#3680=LINE('',#3677,#3679);
#3681=EDGE_CURVE('',#3358,#3244,#3680,.T.);
#3682=ORIENTED_EDGE('',*,*,#3681,.T.);
#3683=ORIENTED_EDGE('',*,*,#3249,.T.);
#3684=ORIENTED_EDGE('',*,*,#3659,.F.);
#3685=EDGE_LOOP('',(#3676,#3682,#3683,#3684));
#3686=FACE_BOUND('',#3685,.T.);
#3687=ADVANCED_FACE('',(#3686),#3675,.F.);
#3688=CARTESIAN_POINT('',(73.,217.,25.));
#3689=DIRECTION('',(1.,0.,0.));
#3690=DIRECTION('',(0.,0.,-1.));
#3691=AXIS2_PLACEMENT_3D('',#3688,#3689,#3690);
#3692=PLANE('',#3691);
#3693=ORIENTED_EDGE('',*,*,#3363,.T.);
#3694=CARTESIAN_POINT('',(73.,1.,10.));
#3695=DIRECTION('',(-0.,-1.,-0.));
#3696=VECTOR('',#3695,1.);
#3697=LINE('',#3694,#3696);
#3698=EDGE_CURVE('',#3350,#3228,#3697,.T.);
#3699=ORIENTED_EDGE('',*,*,#3698,.T.);
#3700=ORIENTED_EDGE('',*,*,#3255,.T.);
#3701=ORIENTED_EDGE('',*,*,#3681,.F.);
#3702=EDGE_LOOP('',(#3693,#3699,#3700,#3701));
#3703=FACE_BOUND('',#3702,.T.);
#3704=ADVANCED_FACE('',(#3703),#3692,.F.);
#3705=CARTESIAN_POINT('',(65.5,217.,10.));
#3706=DIRECTION('',(0.,0.,-1.));
#3707=DIRECTION('',(-1.,0.,0.));
#3708=AXIS2_PLACEMENT_3D('',#3705,#3706,#3707);
#3709=PLANE('',#3708);
#3710=ORIENTED_EDGE('',*,*,#3355,.T.);
#3711=ORIENTED_EDGE('',*,*,#3666,.T.);
#3712=ORIENTED_EDGE('',*,*,#3233,.T.);
#3713=ORIENTED_EDGE('',*,*,#3698,.F.);
#3714=EDGE_LOOP('',(#3710,#3711,#3712,#3713));
#3715=FACE_BOUND('',#3714,.T.);
#3716=ADVANCED_FACE('',(#3715),#3709,.F.);
#3717=CARTESIAN_POINT('',(27.,13.5,50.));
#3718=DIRECTION('',(-1.,0.,0.));
#3719=DIRECTION('',(0.,-1.,0.));
#3720=AXIS2_PLACEMENT_3D('',#3717,#3718,#3719);
#3721=PLANE('',#3720);
#3722=CARTESIAN_POINT('',(27.,6.,40.));
#3723=VERTEX_POINT('',#3722);
#3724=CARTESIAN_POINT('',(27.,21.,40.));
#3725=VERTEX_POINT('',#3724);
#3726=CARTESIAN_POINT('',(27.,6.,40.));
#3727=DIRECTION('',(-0.,1.,-0.));
#3728=VECTOR('',#3727,15.);
#3729=LINE('',#3726,#3728);
#3730=EDGE_CURVE('',#3723,#3725,#3729,.T.);
#3731=ORIENTED_EDGE('',*,*,#3730,.T.);
#3732=CARTESIAN_POINT('',(27.,21.,10.));
#3733=VERTEX_POINT('',#3732);
#3734=CARTESIAN_POINT('',(27.,21.,40.));
#3735=DIRECTION('',(-0.,-0.,-1.));
#3736=VECTOR('',#3735,30.);
#3737=LINE('',#3734,#3736);
#3738=EDGE_CURVE('',#3725,#3733,#3737,.T.);
#3739=ORIENTED_EDGE('',*,*,#3738,.T.);
#3740=CARTESIAN_POINT('',(27.,6.,10.));
#3741=VERTEX_POINT('',#3740);
#3742=CARTESIAN_POINT('',(27.,21.,10.));
#3743=DIRECTION('',(0.,-1.,0.));
#3744=VECTOR('',#3743,15.);
#3745=LINE('',#3742,#3744);
#3746=EDGE_CURVE('',#3733,#3741,#3745,.T.);
#3747=ORIENTED_EDGE('',*,*,#3746,.T.);
#3748=CARTESIAN_POINT('',(27.,6.,10.));
#3749=DIRECTION('',(0.,0.,1.));
#3750=VECTOR('',#3749,30.);
#3751=LINE('',#3748,#3750);
#3752=EDGE_CURVE('',#3741,#3723,#3751,.T.);
#3753=ORIENTED_EDGE('',*,*,#3752,.T.);
#3754=EDGE_LOOP('',(#3731,#3739,#3747,#3753));
#3755=FACE_BOUND('',#3754,.T.);
#3756=ORIENTED_EDGE('',*,*,#891,.F.);
#3757=ORIENTED_EDGE('',*,*,#1606,.F.);
#3758=CARTESIAN_POINT('',(27.,1.,1.));
#3759=VERTEX_POINT('',#3758);
#3760=CARTESIAN_POINT('',(27.,1.,50.));
#3761=DIRECTION('',(-0.,-0.,-1.));
#3762=VECTOR('',#3761,49.);
#3763=LINE('',#3760,#3762);
#3764=EDGE_CURVE('',#1595,#3759,#3763,.T.);
#3765=ORIENTED_EDGE('',*,*,#3764,.T.);
#3766=CARTESIAN_POINT('',(27.,26.,1.));
#3767=DIRECTION('',(-0.,-1.,-0.));
#3768=VECTOR('',#3767,25.);
#3769=LINE('',#3766,#3768);
#3770=EDGE_CURVE('',#886,#3759,#3769,.T.);
#3771=ORIENTED_EDGE('',*,*,#3770,.F.);
#3772=EDGE_LOOP('',(#3756,#3757,#3765,#3771));
#3773=FACE_BOUND('',#3772,.T.);
#3774=ADVANCED_FACE('',(#3755,#3773),#3721,.F.);
#3775=CARTESIAN_POINT('',(13.5,1.,50.));
#3776=DIRECTION('',(0.,1.,0.));
#3777=DIRECTION('',(0.,0.,1.));
#3778=AXIS2_PLACEMENT_3D('',#3775,#3776,#3777);
#3779=PLANE('',#3778);
#3780=CARTESIAN_POINT('',(6.,1.,10.));
#3781=VERTEX_POINT('',#3780);
#3782=CARTESIAN_POINT('',(6.,1.,40.));
#3783=VERTEX_POINT('',#3782);
#3784=CARTESIAN_POINT('',(6.,1.,10.));
#3785=DIRECTION('',(0.,0.,1.));
#3786=VECTOR('',#3785,30.);
#3787=LINE('',#3784,#3786);
#3788=EDGE_CURVE('',#3781,#3783,#3787,.T.);
#3789=ORIENTED_EDGE('',*,*,#3788,.F.);
#3790=CARTESIAN_POINT('',(21.,1.,10.));
#3791=VERTEX_POINT('',#3790);
#3792=CARTESIAN_POINT('',(21.,1.,10.));
#3793=DIRECTION('',(-1.,0.,0.));
#3794=VECTOR('',#3793,15.);
#3795=LINE('',#3792,#3794);
#3796=EDGE_CURVE('',#3791,#3781,#3795,.T.);
#3797=ORIENTED_EDGE('',*,*,#3796,.F.);
#3798=CARTESIAN_POINT('',(21.,1.,40.));
#3799=VERTEX_POINT('',#3798);
#3800=CARTESIAN_POINT('',(21.,1.,40.));
#3801=DIRECTION('',(0.,0.,-1.));
#3802=VECTOR('',#3801,30.);
#3803=LINE('',#3800,#3802);
#3804=EDGE_CURVE('',#3799,#3791,#3803,.T.);
#3805=ORIENTED_EDGE('',*,*,#3804,.F.);
#3806=CARTESIAN_POINT('',(6.,1.,40.));
#3807=DIRECTION('',(1.,0.,-0.));
#3808=VECTOR('',#3807,15.);
#3809=LINE('',#3806,#3808);
#3810=EDGE_CURVE('',#3783,#3799,#3809,.T.);
#3811=ORIENTED_EDGE('',*,*,#3810,.F.);
#3812=EDGE_LOOP('',(#3789,#3797,#3805,#3811));
#3813=FACE_BOUND('',#3812,.T.);
#3814=CARTESIAN_POINT('',(1.,1.,1.));
#3815=VERTEX_POINT('',#3814);
#3816=CARTESIAN_POINT('',(26.,1.,1.));
#3817=VERTEX_POINT('',#3816);
#3818=CARTESIAN_POINT('',(1.,1.,1.));
#3819=DIRECTION('',(1.,0.,-0.));
#3820=VECTOR('',#3819,25.);
#3821=LINE('',#3818,#3820);
#3822=EDGE_CURVE('',#3815,#3817,#3821,.T.);
#3823=ORIENTED_EDGE('',*,*,#3822,.F.);
#3824=CARTESIAN_POINT('',(1.,1.,50.));
#3825=DIRECTION('',(-0.,-0.,-1.));
#3826=VECTOR('',#3825,49.);
#3827=LINE('',#3824,#3826);
#3828=EDGE_CURVE('',#1476,#3815,#3827,.T.);
#3829=ORIENTED_EDGE('',*,*,#3828,.F.);
#3830=ORIENTED_EDGE('',*,*,#1481,.T.);
#3831=CARTESIAN_POINT('',(26.,1.,50.));
#3832=DIRECTION('',(-0.,-0.,-1.));
#3833=VECTOR('',#3832,49.);
#3834=LINE('',#3831,#3833);
#3835=EDGE_CURVE('',#1468,#3817,#3834,.T.);
#3836=ORIENTED_EDGE('',*,*,#3835,.T.);
#3837=EDGE_LOOP('',(#3823,#3829,#3830,#3836));
#3838=FACE_BOUND('',#3837,.T.);
#3839=ADVANCED_FACE('',(#3813,#3838),#3779,.T.);
#3840=CARTESIAN_POINT('',(26.,13.5,50.));
#3841=DIRECTION('',(-1.,0.,0.));
#3842=DIRECTION('',(0.,-1.,0.));
#3843=AXIS2_PLACEMENT_3D('',#3840,#3841,#3842);
#3844=PLANE('',#3843);
#3845=CARTESIAN_POINT('',(26.,21.,40.));
#3846=VERTEX_POINT('',#3845);
#3847=CARTESIAN_POINT('',(26.,21.,10.));
#3848=VERTEX_POINT('',#3847);
#3849=CARTESIAN_POINT('',(26.,21.,40.));
#3850=DIRECTION('',(-0.,-0.,-1.));
#3851=VECTOR('',#3850,30.);
#3852=LINE('',#3849,#3851);
#3853=EDGE_CURVE('',#3846,#3848,#3852,.T.);
#3854=ORIENTED_EDGE('',*,*,#3853,.F.);
#3855=CARTESIAN_POINT('',(26.,6.,40.));
#3856=VERTEX_POINT('',#3855);
#3857=CARTESIAN_POINT('',(26.,6.,40.));
#3858=DIRECTION('',(-0.,1.,-0.));
#3859=VECTOR('',#3858,15.);
#3860=LINE('',#3857,#3859);
#3861=EDGE_CURVE('',#3856,#3846,#3860,.T.);
#3862=ORIENTED_EDGE('',*,*,#3861,.F.);
#3863=CARTESIAN_POINT('',(26.,6.,10.));
#3864=VERTEX_POINT('',#3863);
#3865=CARTESIAN_POINT('',(26.,6.,10.));
#3866=DIRECTION('',(-0.,-0.,1.));
#3867=VECTOR('',#3866,30.);
#3868=LINE('',#3865,#3867);
#3869=EDGE_CURVE('',#3864,#3856,#3868,.T.);
#3870=ORIENTED_EDGE('',*,*,#3869,.F.);
#3871=CARTESIAN_POINT('',(26.,21.,10.));
#3872=DIRECTION('',(-0.,-1.,-0.));
#3873=VECTOR('',#3872,15.);
#3874=LINE('',#3871,#3873);
#3875=EDGE_CURVE('',#3848,#3864,#3874,.T.);
#3876=ORIENTED_EDGE('',*,*,#3875,.F.);
#3877=EDGE_LOOP('',(#3854,#3862,#3870,#3876));
#3878=FACE_BOUND('',#3877,.T.);
#3879=CARTESIAN_POINT('',(26.,1.,1.));
#3880=DIRECTION('',(0.,1.,0.));
#3881=VECTOR('',#3880,25.);
#3882=LINE('',#3879,#3881);
#3883=EDGE_CURVE('',#3817,#862,#3882,.T.);
#3884=ORIENTED_EDGE('',*,*,#3883,.F.);
#3885=ORIENTED_EDGE('',*,*,#3835,.F.);
#3886=ORIENTED_EDGE('',*,*,#1473,.T.);
#3887=ORIENTED_EDGE('',*,*,#875,.T.);
#3888=EDGE_LOOP('',(#3884,#3885,#3886,#3887));
#3889=FACE_BOUND('',#3888,.T.);
#3890=ADVANCED_FACE('',(#3878,#3889),#3844,.T.);
#3891=CARTESIAN_POINT('',(1.,13.5,50.));
#3892=DIRECTION('',(1.,0.,0.));
#3893=DIRECTION('',(0.,1.,0.));
#3894=AXIS2_PLACEMENT_3D('',#3891,#3892,#3893);
#3895=PLANE('',#3894);
#3896=CARTESIAN_POINT('',(1.,21.,10.));
#3897=VERTEX_POINT('',#3896);
#3898=CARTESIAN_POINT('',(1.,21.,40.));
#3899=VERTEX_POINT('',#3898);
#3900=CARTESIAN_POINT('',(1.,21.,10.));
#3901=DIRECTION('',(0.,0.,1.));
#3902=VECTOR('',#3901,30.);
#3903=LINE('',#3900,#3902);
#3904=EDGE_CURVE('',#3897,#3899,#3903,.T.);
#3905=ORIENTED_EDGE('',*,*,#3904,.F.);
#3906=CARTESIAN_POINT('',(1.,6.,10.));
#3907=VERTEX_POINT('',#3906);
#3908=CARTESIAN_POINT('',(1.,6.,10.));
#3909=DIRECTION('',(0.,1.,0.));
#3910=VECTOR('',#3909,15.);
#3911=LINE('',#3908,#3910);
#3912=EDGE_CURVE('',#3907,#3897,#3911,.T.);
#3913=ORIENTED_EDGE('',*,*,#3912,.F.);
#3914=CARTESIAN_POINT('',(1.,6.,40.));
#3915=VERTEX_POINT('',#3914);
#3916=CARTESIAN_POINT('',(1.,6.,40.));
#3917=DIRECTION('',(0.,0.,-1.));
#3918=VECTOR('',#3917,30.);
#3919=LINE('',#3916,#3918);
#3920=EDGE_CURVE('',#3915,#3907,#3919,.T.);
#3921=ORIENTED_EDGE('',*,*,#3920,.F.);
#3922=CARTESIAN_POINT('',(1.,21.,40.));
#3923=DIRECTION('',(0.,-1.,0.));
#3924=VECTOR('',#3923,15.);
#3925=LINE('',#3922,#3924);
#3926=EDGE_CURVE('',#3899,#3915,#3925,.T.);
#3927=ORIENTED_EDGE('',*,*,#3926,.F.);
#3928=EDGE_LOOP('',(#3905,#3913,#3921,#3927));
#3929=FACE_BOUND('',#3928,.T.);
#3930=CARTESIAN_POINT('',(1.,26.,1.));
#3931=DIRECTION('',(-0.,-1.,-0.));
#3932=VECTOR('',#3931,25.);
#3933=LINE('',#3930,#3932);
#3934=EDGE_CURVE('',#854,#3815,#3933,.T.);
#3935=ORIENTED_EDGE('',*,*,#3934,.F.);
#3936=ORIENTED_EDGE('',*,*,#859,.F.);
#3937=ORIENTED_EDGE('',*,*,#1487,.T.);
#3938=ORIENTED_EDGE('',*,*,#3828,.T.);
#3939=EDGE_LOOP('',(#3935,#3936,#3937,#3938));
#3940=FACE_BOUND('',#3939,.T.);
#3941=ADVANCED_FACE('',(#3929,#3940),#3895,.T.);
#3942=CARTESIAN_POINT('',(0.,0.,1.));
#3943=DIRECTION('',(0.,0.,1.));
#3944=DIRECTION('',(1.,0.,0.));
#3945=AXIS2_PLACEMENT_3D('',#3942,#3943,#3944);
#3946=PLANE('',#3945);
#3947=ORIENTED_EDGE('',*,*,#3822,.T.);
#3948=ORIENTED_EDGE('',*,*,#3883,.T.);
#3949=ORIENTED_EDGE('',*,*,#867,.T.);
#3950=ORIENTED_EDGE('',*,*,#3934,.T.);
#3951=EDGE_LOOP('',(#3947,#3948,#3949,#3950));
#3952=FACE_BOUND('',#3951,.T.);
#3953=ADVANCED_FACE('',(#3952),#3946,.T.);
#3954=CARTESIAN_POINT('',(51.,13.5,10.));
#3955=DIRECTION('',(0.,0.,-1.));
#3956=DIRECTION('',(-1.,0.,0.));
#3957=AXIS2_PLACEMENT_3D('',#3954,#3955,#3956);
#3958=PLANE('',#3957);
#3959=ORIENTED_EDGE('',*,*,#3912,.T.);
#3960=CARTESIAN_POINT('',(1.,21.,10.));
#3961=DIRECTION('',(-1.,0.,0.));
#3962=VECTOR('',#3961,1.);
#3963=LINE('',#3960,#3962);
#3964=EDGE_CURVE('',#3897,#2478,#3963,.T.);
#3965=ORIENTED_EDGE('',*,*,#3964,.T.);
#3966=ORIENTED_EDGE('',*,*,#2485,.T.);
#3967=CARTESIAN_POINT('',(1.,6.,10.));
#3968=DIRECTION('',(-1.,-0.,0.));
#3969=VECTOR('',#3968,1.);
#3970=LINE('',#3967,#3969);
#3971=EDGE_CURVE('',#3907,#2480,#3970,.T.);
#3972=ORIENTED_EDGE('',*,*,#3971,.F.);
#3973=EDGE_LOOP('',(#3959,#3965,#3966,#3972));
#3974=FACE_BOUND('',#3973,.T.);
#3975=ADVANCED_FACE('',(#3974),#3958,.F.);
#3976=CARTESIAN_POINT('',(51.,6.,25.));
#3977=DIRECTION('',(0.,-1.,0.));
#3978=DIRECTION('',(0.,0.,-1.));
#3979=AXIS2_PLACEMENT_3D('',#3976,#3977,#3978);
#3980=PLANE('',#3979);
#3981=ORIENTED_EDGE('',*,*,#3920,.T.);
#3982=ORIENTED_EDGE('',*,*,#3971,.T.);
#3983=ORIENTED_EDGE('',*,*,#2507,.T.);
#3984=CARTESIAN_POINT('',(1.,6.,40.));
#3985=DIRECTION('',(-1.,-0.,0.));
#3986=VECTOR('',#3985,1.);
#3987=LINE('',#3984,#3986);
#3988=EDGE_CURVE('',#3915,#2496,#3987,.T.);
#3989=ORIENTED_EDGE('',*,*,#3988,.F.);
#3990=EDGE_LOOP('',(#3981,#3982,#3983,#3989));
#3991=FACE_BOUND('',#3990,.T.);
#3992=ADVANCED_FACE('',(#3991),#3980,.F.);
#3993=CARTESIAN_POINT('',(51.,13.5,40.));
#3994=DIRECTION('',(0.,0.,1.));
#3995=DIRECTION('',(0.,-1.,0.));
#3996=AXIS2_PLACEMENT_3D('',#3993,#3994,#3995);
#3997=PLANE('',#3996);
#3998=ORIENTED_EDGE('',*,*,#3926,.T.);
#3999=ORIENTED_EDGE('',*,*,#3988,.T.);
#4000=ORIENTED_EDGE('',*,*,#2501,.T.);
#4001=CARTESIAN_POINT('',(1.,21.,40.));
#4002=DIRECTION('',(-1.,-0.,0.));
#4003=VECTOR('',#4002,1.);
#4004=LINE('',#4001,#4003);
#4005=EDGE_CURVE('',#3899,#2488,#4004,.T.);
#4006=ORIENTED_EDGE('',*,*,#4005,.F.);
#4007=EDGE_LOOP('',(#3998,#3999,#4000,#4006));
#4008=FACE_BOUND('',#4007,.T.);
#4009=ADVANCED_FACE('',(#4008),#3997,.F.);
#4010=CARTESIAN_POINT('',(51.,21.,25.));
#4011=DIRECTION('',(0.,1.,0.));
#4012=DIRECTION('',(0.,0.,1.));
#4013=AXIS2_PLACEMENT_3D('',#4010,#4011,#4012);
#4014=PLANE('',#4013);
#4015=ORIENTED_EDGE('',*,*,#3904,.T.);
#4016=ORIENTED_EDGE('',*,*,#4005,.T.);
#4017=ORIENTED_EDGE('',*,*,#2493,.T.);
#4018=ORIENTED_EDGE('',*,*,#3964,.F.);
#4019=EDGE_LOOP('',(#4015,#4016,#4017,#4018));
#4020=FACE_BOUND('',#4019,.T.);
#4021=ADVANCED_FACE('',(#4020),#4014,.F.);
#4022=CARTESIAN_POINT('',(51.,21.,25.));
#4023=DIRECTION('',(0.,1.,0.));
#4024=DIRECTION('',(0.,0.,1.));
#4025=AXIS2_PLACEMENT_3D('',#4022,#4023,#4024);
#4026=PLANE('',#4025);
#4027=CARTESIAN_POINT('',(27.,21.,40.));
#4028=DIRECTION('',(-1.,-0.,0.));
#4029=VECTOR('',#4028,1.);
#4030=LINE('',#4027,#4029);
#4031=EDGE_CURVE('',#3725,#3846,#4030,.T.);
#4032=ORIENTED_EDGE('',*,*,#4031,.T.);
#4033=ORIENTED_EDGE('',*,*,#3853,.T.);
#4034=CARTESIAN_POINT('',(27.,21.,10.));
#4035=DIRECTION('',(-1.,0.,0.));
#4036=VECTOR('',#4035,1.);
#4037=LINE('',#4034,#4036);
#4038=EDGE_CURVE('',#3733,#3848,#4037,.T.);
#4039=ORIENTED_EDGE('',*,*,#4038,.F.);
#4040=ORIENTED_EDGE('',*,*,#3738,.F.);
#4041=EDGE_LOOP('',(#4032,#4033,#4039,#4040));
#4042=FACE_BOUND('',#4041,.T.);
#4043=ADVANCED_FACE('',(#4042),#4026,.F.);
#4044=CARTESIAN_POINT('',(51.,13.5,40.));
#4045=DIRECTION('',(0.,0.,1.));
#4046=DIRECTION('',(0.,-1.,0.));
#4047=AXIS2_PLACEMENT_3D('',#4044,#4045,#4046);
#4048=PLANE('',#4047);
#4049=CARTESIAN_POINT('',(27.,6.,40.));
#4050=DIRECTION('',(-1.,-0.,0.));
#4051=VECTOR('',#4050,1.);
#4052=LINE('',#4049,#4051);
#4053=EDGE_CURVE('',#3723,#3856,#4052,.T.);
#4054=ORIENTED_EDGE('',*,*,#4053,.T.);
#4055=ORIENTED_EDGE('',*,*,#3861,.T.);
#4056=ORIENTED_EDGE('',*,*,#4031,.F.);
#4057=ORIENTED_EDGE('',*,*,#3730,.F.);
#4058=EDGE_LOOP('',(#4054,#4055,#4056,#4057));
#4059=FACE_BOUND('',#4058,.T.);
#4060=ADVANCED_FACE('',(#4059),#4048,.F.);
#4061=CARTESIAN_POINT('',(51.,6.,25.));
#4062=DIRECTION('',(0.,-1.,0.));
#4063=DIRECTION('',(0.,0.,-1.));
#4064=AXIS2_PLACEMENT_3D('',#4061,#4062,#4063);
#4065=PLANE('',#4064);
#4066=CARTESIAN_POINT('',(27.,6.,10.));
#4067=DIRECTION('',(-1.,-0.,0.));
#4068=VECTOR('',#4067,1.);
#4069=LINE('',#4066,#4068);
#4070=EDGE_CURVE('',#3741,#3864,#4069,.T.);
#4071=ORIENTED_EDGE('',*,*,#4070,.T.);
#4072=ORIENTED_EDGE('',*,*,#3869,.T.);
#4073=ORIENTED_EDGE('',*,*,#4053,.F.);
#4074=ORIENTED_EDGE('',*,*,#3752,.F.);
#4075=EDGE_LOOP('',(#4071,#4072,#4073,#4074));
#4076=FACE_BOUND('',#4075,.T.);
#4077=ADVANCED_FACE('',(#4076),#4065,.F.);
#4078=CARTESIAN_POINT('',(51.,13.5,10.));
#4079=DIRECTION('',(0.,0.,-1.));
#4080=DIRECTION('',(-1.,0.,0.));
#4081=AXIS2_PLACEMENT_3D('',#4078,#4079,#4080);
#4082=PLANE('',#4081);
#4083=ORIENTED_EDGE('',*,*,#4038,.T.);
#4084=ORIENTED_EDGE('',*,*,#3875,.T.);
#4085=ORIENTED_EDGE('',*,*,#4070,.F.);
#4086=ORIENTED_EDGE('',*,*,#3746,.F.);
#4087=EDGE_LOOP('',(#4083,#4084,#4085,#4086));
#4088=FACE_BOUND('',#4087,.T.);
#4089=ADVANCED_FACE('',(#4088),#4082,.F.);
#4090=CARTESIAN_POINT('',(6.,217.,25.));
#4091=DIRECTION('',(-1.,0.,0.));
#4092=DIRECTION('',(0.,0.,1.));
#4093=AXIS2_PLACEMENT_3D('',#4090,#4091,#4092);
#4094=PLANE('',#4093);
#4095=ORIENTED_EDGE('',*,*,#3788,.T.);
#4096=CARTESIAN_POINT('',(6.,1.,40.));
#4097=DIRECTION('',(-0.,-1.,-0.));
#4098=VECTOR('',#4097,1.);
#4099=LINE('',#4096,#4098);
#4100=EDGE_CURVE('',#3783,#3276,#4099,.T.);
#4101=ORIENTED_EDGE('',*,*,#4100,.T.);
#4102=ORIENTED_EDGE('',*,*,#3281,.T.);
#4103=CARTESIAN_POINT('',(6.,1.,10.));
#4104=DIRECTION('',(-0.,-1.,-0.));
#4105=VECTOR('',#4104,1.);
#4106=LINE('',#4103,#4105);
#4107=EDGE_CURVE('',#3781,#3266,#4106,.T.);
#4108=ORIENTED_EDGE('',*,*,#4107,.F.);
#4109=EDGE_LOOP('',(#4095,#4101,#4102,#4108));
#4110=FACE_BOUND('',#4109,.T.);
#4111=ADVANCED_FACE('',(#4110),#4094,.F.);
#4112=CARTESIAN_POINT('',(13.5,217.,40.));
#4113=DIRECTION('',(0.,0.,1.));
#4114=DIRECTION('',(1.,0.,0.));
#4115=AXIS2_PLACEMENT_3D('',#4112,#4113,#4114);
#4116=PLANE('',#4115);
#4117=ORIENTED_EDGE('',*,*,#3810,.T.);
#4118=CARTESIAN_POINT('',(21.,1.,40.));
#4119=DIRECTION('',(-0.,-1.,-0.));
#4120=VECTOR('',#4119,1.);
#4121=LINE('',#4118,#4120);
#4122=EDGE_CURVE('',#3799,#3284,#4121,.T.);
#4123=ORIENTED_EDGE('',*,*,#4122,.T.);
#4124=ORIENTED_EDGE('',*,*,#3289,.T.);
#4125=ORIENTED_EDGE('',*,*,#4100,.F.);
#4126=EDGE_LOOP('',(#4117,#4123,#4124,#4125));
#4127=FACE_BOUND('',#4126,.T.);
#4128=ADVANCED_FACE('',(#4127),#4116,.F.);
#4129=CARTESIAN_POINT('',(21.,217.,25.));
#4130=DIRECTION('',(1.,0.,0.));
#4131=DIRECTION('',(0.,0.,-1.));
#4132=AXIS2_PLACEMENT_3D('',#4129,#4130,#4131);
#4133=PLANE('',#4132);
#4134=ORIENTED_EDGE('',*,*,#3804,.T.);
#4135=CARTESIAN_POINT('',(21.,1.,10.));
#4136=DIRECTION('',(-0.,-1.,-0.));
#4137=VECTOR('',#4136,1.);
#4138=LINE('',#4135,#4137);
#4139=EDGE_CURVE('',#3791,#3268,#4138,.T.);
#4140=ORIENTED_EDGE('',*,*,#4139,.T.);
#4141=ORIENTED_EDGE('',*,*,#3295,.T.);
#4142=ORIENTED_EDGE('',*,*,#4122,.F.);
#4143=EDGE_LOOP('',(#4134,#4140,#4141,#4142));
#4144=FACE_BOUND('',#4143,.T.);
#4145=ADVANCED_FACE('',(#4144),#4133,.F.);
#4146=CARTESIAN_POINT('',(13.5,217.,10.));
#4147=DIRECTION('',(0.,0.,-1.));
#4148=DIRECTION('',(-1.,0.,0.));
#4149=AXIS2_PLACEMENT_3D('',#4146,#4147,#4148);
#4150=PLANE('',#4149);
#4151=ORIENTED_EDGE('',*,*,#3796,.T.);
#4152=ORIENTED_EDGE('',*,*,#4107,.T.);
#4153=ORIENTED_EDGE('',*,*,#3273,.T.);
#4154=ORIENTED_EDGE('',*,*,#4139,.F.);
#4155=EDGE_LOOP('',(#4151,#4152,#4153,#4154));
#4156=FACE_BOUND('',#4155,.T.);
#4157=ADVANCED_FACE('',(#4156),#4150,.F.);
#4158=CARTESIAN_POINT('',(39.5,1.,50.));
#4159=DIRECTION('',(0.,1.,0.));
#4160=DIRECTION('',(0.,0.,1.));
#4161=AXIS2_PLACEMENT_3D('',#4158,#4159,#4160);
#4162=PLANE('',#4161);
#4163=CARTESIAN_POINT('',(32.,1.,10.));
#4164=VERTEX_POINT('',#4163);
#4165=CARTESIAN_POINT('',(32.,1.,40.));
#4166=VERTEX_POINT('',#4165);
#4167=CARTESIAN_POINT('',(32.,1.,10.));
#4168=DIRECTION('',(0.,0.,1.));
#4169=VECTOR('',#4168,30.);
#4170=LINE('',#4167,#4169);
#4171=EDGE_CURVE('',#4164,#4166,#4170,.T.);
#4172=ORIENTED_EDGE('',*,*,#4171,.F.);
#4173=CARTESIAN_POINT('',(47.,1.,10.));
#4174=VERTEX_POINT('',#4173);
#4175=CARTESIAN_POINT('',(47.,1.,10.));
#4176=DIRECTION('',(-1.,0.,0.));
#4177=VECTOR('',#4176,15.);
#4178=LINE('',#4175,#4177);
#4179=EDGE_CURVE('',#4174,#4164,#4178,.T.);
#4180=ORIENTED_EDGE('',*,*,#4179,.F.);
#4181=CARTESIAN_POINT('',(47.,1.,40.));
#4182=VERTEX_POINT('',#4181);
#4183=CARTESIAN_POINT('',(47.,1.,40.));
#4184=DIRECTION('',(0.,0.,-1.));
#4185=VECTOR('',#4184,30.);
#4186=LINE('',#4183,#4185);
#4187=EDGE_CURVE('',#4182,#4174,#4186,.T.);
#4188=ORIENTED_EDGE('',*,*,#4187,.F.);
#4189=CARTESIAN_POINT('',(32.,1.,40.));
#4190=DIRECTION('',(1.,0.,-0.));
#4191=VECTOR('',#4190,15.);
#4192=LINE('',#4189,#4191);
#4193=EDGE_CURVE('',#4166,#4182,#4192,.T.);
#4194=ORIENTED_EDGE('',*,*,#4193,.F.);
#4195=EDGE_LOOP('',(#4172,#4180,#4188,#4194));
#4196=FACE_BOUND('',#4195,.T.);
#4197=CARTESIAN_POINT('',(27.,1.,1.));
#4198=DIRECTION('',(1.,0.,-0.));
#4199=VECTOR('',#4198,25.);
#4200=LINE('',#4197,#4199);
#4201=EDGE_CURVE('',#3759,#3202,#4200,.T.);
#4202=ORIENTED_EDGE('',*,*,#4201,.F.);
#4203=ORIENTED_EDGE('',*,*,#3764,.F.);
#4204=ORIENTED_EDGE('',*,*,#1600,.T.);
#4205=ORIENTED_EDGE('',*,*,#3207,.T.);
#4206=EDGE_LOOP('',(#4202,#4203,#4204,#4205));
#4207=FACE_BOUND('',#4206,.T.);
#4208=ADVANCED_FACE('',(#4196,#4207),#4162,.T.);
#4209=CARTESIAN_POINT('',(26.,0.,1.));
#4210=DIRECTION('',(0.,0.,1.));
#4211=DIRECTION('',(1.,0.,0.));
#4212=AXIS2_PLACEMENT_3D('',#4209,#4210,#4211);
#4213=PLANE('',#4212);
#4214=ORIENTED_EDGE('',*,*,#4201,.T.);
#4215=ORIENTED_EDGE('',*,*,#3215,.T.);
#4216=ORIENTED_EDGE('',*,*,#899,.T.);
#4217=ORIENTED_EDGE('',*,*,#3770,.T.);
#4218=EDGE_LOOP('',(#4214,#4215,#4216,#4217));
#4219=FACE_BOUND('',#4218,.T.);
#4220=ADVANCED_FACE('',(#4219),#4213,.T.);
#4221=CARTESIAN_POINT('',(32.,217.,25.));
#4222=DIRECTION('',(-1.,0.,0.));
#4223=DIRECTION('',(0.,0.,1.));
#4224=AXIS2_PLACEMENT_3D('',#4221,#4222,#4223);
#4225=PLANE('',#4224);
#4226=ORIENTED_EDGE('',*,*,#4171,.T.);
#4227=CARTESIAN_POINT('',(32.,1.,40.));
#4228=DIRECTION('',(-0.,-1.,-0.));
#4229=VECTOR('',#4228,1.);
#4230=LINE('',#4227,#4229);
#4231=EDGE_CURVE('',#4166,#3310,#4230,.T.);
#4232=ORIENTED_EDGE('',*,*,#4231,.T.);
#4233=ORIENTED_EDGE('',*,*,#3315,.T.);
#4234=CARTESIAN_POINT('',(32.,1.,10.));
#4235=DIRECTION('',(-0.,-1.,-0.));
#4236=VECTOR('',#4235,1.);
#4237=LINE('',#4234,#4236);
#4238=EDGE_CURVE('',#4164,#3300,#4237,.T.);
#4239=ORIENTED_EDGE('',*,*,#4238,.F.);
#4240=EDGE_LOOP('',(#4226,#4232,#4233,#4239));
#4241=FACE_BOUND('',#4240,.T.);
#4242=ADVANCED_FACE('',(#4241),#4225,.F.);
#4243=CARTESIAN_POINT('',(39.5,217.,40.));
#4244=DIRECTION('',(0.,0.,1.));
#4245=DIRECTION('',(1.,0.,0.));
#4246=AXIS2_PLACEMENT_3D('',#4243,#4244,#4245);
#4247=PLANE('',#4246);
#4248=ORIENTED_EDGE('',*,*,#4193,.T.);
#4249=CARTESIAN_POINT('',(47.,1.,40.));
#4250=DIRECTION('',(-0.,-1.,-0.));
#4251=VECTOR('',#4250,1.);
#4252=LINE('',#4249,#4251);
#4253=EDGE_CURVE('',#4182,#3318,#4252,.T.);
#4254=ORIENTED_EDGE('',*,*,#4253,.T.);
#4255=ORIENTED_EDGE('',*,*,#3323,.T.);
#4256=ORIENTED_EDGE('',*,*,#4231,.F.);
#4257=EDGE_LOOP('',(#4248,#4254,#4255,#4256));
#4258=FACE_BOUND('',#4257,.T.);
#4259=ADVANCED_FACE('',(#4258),#4247,.F.);
#4260=CARTESIAN_POINT('',(47.,217.,25.));
#4261=DIRECTION('',(1.,0.,0.));
#4262=DIRECTION('',(0.,0.,-1.));
#4263=AXIS2_PLACEMENT_3D('',#4260,#4261,#4262);
#4264=PLANE('',#4263);
#4265=ORIENTED_EDGE('',*,*,#4187,.T.);
#4266=CARTESIAN_POINT('',(47.,1.,10.));
#4267=DIRECTION('',(-0.,-1.,-0.));
#4268=VECTOR('',#4267,1.);
#4269=LINE('',#4266,#4268);
#4270=EDGE_CURVE('',#4174,#3302,#4269,.T.);
#4271=ORIENTED_EDGE('',*,*,#4270,.T.);
#4272=ORIENTED_EDGE('',*,*,#3329,.T.);
#4273=ORIENTED_EDGE('',*,*,#4253,.F.);
#4274=EDGE_LOOP('',(#4265,#4271,#4272,#4273));
#4275=FACE_BOUND('',#4274,.T.);
#4276=ADVANCED_FACE('',(#4275),#4264,.F.);
#4277=CARTESIAN_POINT('',(39.5,217.,10.));
#4278=DIRECTION('',(0.,0.,-1.));
#4279=DIRECTION('',(-1.,0.,0.));
#4280=AXIS2_PLACEMENT_3D('',#4277,#4278,#4279);
#4281=PLANE('',#4280);
#4282=ORIENTED_EDGE('',*,*,#4179,.T.);
#4283=ORIENTED_EDGE('',*,*,#4238,.T.);
#4284=ORIENTED_EDGE('',*,*,#3307,.T.);
#4285=ORIENTED_EDGE('',*,*,#4270,.F.);
#4286=EDGE_LOOP('',(#4282,#4283,#4284,#4285));
#4287=FACE_BOUND('',#4286,.T.);
#4288=ADVANCED_FACE('',(#4287),#4281,.F.);
#4289=CLOSED_SHELL('',(#96,#151,#184,#221,#258,#655,#1052,#1074,#1091,#1108,#1125,#1142,#1159,#1176,#1193,#1210,#1227,#1244,#1261,#1278,#1295,#1312,#1324,#1346,#1363,#1380,
#1397,#1414,#1426,#1610,#1668,#1767,#1893,#1917,#1975,#2033,#2084,#2096,#2118,#2135,#2152,#2164,#2186,#2203,#2220,#2232,#2254,#2271,#2288,#2300,#2322,
#2339,#2356,#2368,#2426,#2511,#2569,#2627,#2678,#2690,#2712,#2729,#2746,#2758,#2780,#2797,#2814,#2826,#2848,#2865,#2882,#2894,#2916,#2933,#2950,#2962,
#3013,#3025,#3047,#3064,#3081,#3093,#3115,#3132,#3149,#3161,#3219,#3333,#3398,#3449,#3500,#3512,#3534,#3551,#3568,#3580,#3602,#3619,#3636,#3648,#3670,
#3687,#3704,#3716,#3774,#3839,#3890,#3941,#3953,#3975,#3992,#4009,#4021,#4043,#4060,#4077,#4089,#4111,#4128,#4145,#4157,#4208,#4220,#4242,#4259,#4276,
#4288));
#4290=MANIFOLD_SOLID_BREP('Body 04 (1)',#4289);
#4291=COLOUR_RGB('',0.627451003,0.627451003,0.643137276);
#4292=FILL_AREA_STYLE_COLOUR('',#4291);
#4293=FILL_AREA_STYLE('',(#4292));
#4294=SURFACE_STYLE_FILL_AREA(#4293);
#4295=SURFACE_SIDE_STYLE('',(#4294));
#4296=SURFACE_STYLE_USAGE(.BOTH.,#4295);
#4297=PRESENTATION_STYLE_ASSIGNMENT((#4296));
#54=STYLED_ITEM('',(#4297),#4290);
#35=SHAPE_REPRESENTATION('shapr3d_export_2025-10-02_16h33m.step',(#15),#33);
#36=ADVANCED_BREP_SHAPE_REPRESENTATION('shapr3d_export_2025-10-02_16h33m.step',(#4290),#33);
#4305=SHAPE_REPRESENTATION_RELATIONSHIP('','',#35,#36);
#4306=CARTESIAN_POINT('',(0.,0.,0.));
#4307=DIRECTION('',(0.,0.,1.));
#4308=DIRECTION('',(1.,0.,0.));
#4309=AXIS2_PLACEMENT_3D('',#4306,#4307,#4308);
#4311=MAPPED_ITEM('',#4310,#4309);
#4310=REPRESENTATION_MAP(#4309,#35);
#4312=APPLICATION_CONTEXT('Managed model based 3d engineering');
#4313=APPLICATION_PROTOCOL_DEFINITION('international standard','ap242_managed_model_based_3d_engineering',2014,#4312);
#4314=PRODUCT_CONTEXT('',#4312,'mechanical');
#4315=PRODUCT_DEFINITION_CONTEXT('part definition',#4312,'design');
#43=PRODUCT('shapr3d_export_2025-10-02_16h33m.step','shapr3d_export_2025-10-02_16h33m.step','',(#4314));
#4316=PRODUCT_RELATED_PRODUCT_CATEGORY('part','',(#43));
#4317=PRODUCT_DEFINITION_FORMATION_WITH_SPECIFIED_SOURCE('','',#43,.NOT_KNOWN.);
#44=PRODUCT_DEFINITION('design','',#4317,#4315);
#42=PRODUCT_DEFINITION_SHAPE('','',#44);
#4318=SHAPE_DEFINITION_REPRESENTATION(#42,#35);
#34=DRAUGHTING_MODEL('',(#4311),#33);
#16=SHAPE_REPRESENTATION('root',(#15,#48),#10);
#4319=CARTESIAN_POINT('',(0.,0.,0.));
#4320=DIRECTION('',(0.,0.,1.));
#4321=DIRECTION('',(1.,0.,0.));
#4322=AXIS2_PLACEMENT_3D('',#4319,#4320,#4321);
#4324=MAPPED_ITEM('',#4323,#4322);
#4323=REPRESENTATION_MAP(#4322,#16);
#24=PRODUCT('root','root','',(#4314));
#4325=PRODUCT_RELATED_PRODUCT_CATEGORY('part','',(#24));
#4326=PRODUCT_DEFINITION_FORMATION_WITH_SPECIFIED_SOURCE('','',#24,.NOT_KNOWN.);
#25=PRODUCT_DEFINITION('design','',#4326,#4315);
#23=PRODUCT_DEFINITION_SHAPE('','',#25);
#4327=SHAPE_DEFINITION_REPRESENTATION(#23,#16);
#11=DRAUGHTING_MODEL('',(#4324),#10);
#4328=DESCRIPTIVE_REPRESENTATION_ITEM('KEY','/Users/tdbell11/Library/Containers/com.shapr3d.shapr/Data/tmp/263E2D9E-4222-410B-801D-41F47FEDB127.tmp');
#4329=PROPERTY_DEFINITION('KEY','',#25);
#4330=REPRESENTATION('',(#4328),#10);
#4331=PROPERTY_DEFINITION_REPRESENTATION(#4329,#4330);
#4332=GENERAL_PROPERTY('','KEY','');
#4333=GENERAL_PROPERTY_ASSOCIATION('','',#4332,#4329);
#1=MECHANICAL_DESIGN_GEOMETRIC_PRESENTATION_REPRESENTATION('',(#54),#10);
ENDSEC;
END-ISO-10303-21;
