  0
SECTION
  2
HEADER
  9
$ACADVER
  1
AC1024
  9
$ACADMAINTVER
 70
     6
  9
$DWGCODEPAGE
  3
MAC-ROMAN
  9
$INSBASE
 10
0.0
 20
0.0
 30
0.0
  9
$EXTMIN
 10
1.000000000000000E+20
 20
1.000000000000000E+20
 30
1.000000000000000E+20
  9
$EXTMAX
 10
-1.000000000000000E+20
 20
-1.000000000000000E+20
 30
-1.000000000000000E+20
  9
$LIMMIN
 10
0.0
 20
0.0
  9
$LIMMAX
 10
420.0
 20
297.0
  9
$ORTHOMODE
 70
     0
  9
$REGENMODE
 70
     1
  9
$FILLMODE
 70
     1
  9
$QTEXTMODE
 70
     0
  9
$MIRRTEXT
 70
     1
  9
$LTSCALE
 40
1.0
  9
$ATTMODE
 70
     1
  9
$TEXTSIZE
 40
2.5
  9
$TRACEWID
 40
1.0
  9
$TEXTSTYLE
  7
Standard
  9
$CLAYER
  8
0
  9
$CELTYPE
  6
ByLayer
  9
$CECOLOR
 62
   256
  9
$CELTSCALE
 40
1.0
  9
$DISPSILH
 70
     0
  9
$DIMSCALE
 40
1.0
  9
$DIMASZ
 40
2.5
  9
$DIMEXO
 40
0.625
  9
$DIMDLI
 40
3.75
  9
$DIMRND
 40
0.01
  9
$DIMDLE
 40
0.0
  9
$DIMEXE
 40
1.25
  9
$DIMTP
 40
0.0
  9
$DIMTM
 40
0.0
  9
$DIMTXT
 40
2.5
  9
$DIMCEN
 40
2.5
  9
$DIMTSZ
 40
0.0
  9
$DIMTOL
 70
     0
  9
$DIMLIM
 70
     0
  9
$DIMTIH
 70
     0
  9
$DIMTOH
 70
     0
  9
$DIMSE1
 70
     0
  9
$DIMSE2
 70
     0
  9
$DIMTAD
 70
     1
  9
$DIMZIN
 70
     8
  9
$DIMBLK
  1

  9
$DIMASO
 70
     1
  9
$DIMSHO
 70
     1
  9
$DIMPOST
  1

  9
$DIMAPOST
  1

  9
$DIMALT
 70
     0
  9
$DIMALTD
 70
     3
  9
$DIMALTF
 40
0.0393700787401575
  9
$DIMLFAC
 40
1.0
  9
$DIMTOFL
 70
     1
  9
$DIMTVP
 40
0.0
  9
$DIMTIX
 70
     0
  9
$DIMSOXD
 70
     0
  9
$DIMSAH
 70
     0
  9
$DIMBLK1
  1

  9
$DIMBLK2
  1

  9
$DIMSTYLE
  2
ISO-25
  9
$DIMCLRD
 70
     0
  9
$DIMCLRE
 70
     0
  9
$DIMCLRT
 70
     0
  9
$DIMTFAC
 40
1.0
  9
$DIMGAP
 40
0.7
  9
$DIMJUST
 70
     0
  9
$DIMSD1
 70
     0
  9
$DIMSD2
 70
     0
  9
$DIMTOLJ
 70
     0
  9
$DIMTZIN
 70
     8
  9
$DIMALTZ
 70
     0
  9
$DIMALTTZ
 70
     0
  9
$DIMUPT
 70
     0
  9
$DIMDEC
 70
     2
  9
$DIMTDEC
 70
     2
  9
$DIMALTU
 70
     2
  9
$DIMALTTD
 70
     3
  9
$DIMTXSTY
  7
Standard
  9
$DIMAUNIT
 70
     0
  9
$DIMADEC
 70
     2
  9
$DIMALTRND
 40
0.0
  9
$DIMAZIN
 70
     0
  9
$DIMDSEP
 70
    44
  9
$DIMATFIT
 70
     3
  9
$DIMFRAC
 70
     2
  9
$DIMLDRBLK
  1

  9
$DIMLUNIT
 70
     2
  9
$DIMLWD
 70
    15
  9
$DIMLWE
 70
    15
  9
$DIMTMOVE
 70
     0
  9
$DIMFXL
 40
1.0
  9
$DIMFXLON
 70
     0
  9
$DIMJOGANG
 40
0.7853981633974483
  9
$DIMTFILL
 70
     0
  9
$DIMTFILLCLR
 70
     0
  9
$DIMARCSYM
 70
     0
  9
$DIMLTYPE
  6

  9
$DIMLTEX1
  6

  9
$DIMLTEX2
  6

  9
$DIMTXTDIRECTION
 70
     0
  9
$LUNITS
 70
     2
  9
$LUPREC
 70
     4
  9
$SKETCHINC
 40
1.0
  9
$FILLETRAD
 40
0.0
  9
$AUNITS
 70
     0
  9
$AUPREC
 70
     0
  9
$MENU
  1
.
  9
$ELEVATION
 40
0.0
  9
$PELEVATION
 40
0.0
  9
$THICKNESS
 40
0.0
  9
$LIMCHECK
 70
     0
  9
$CHAMFERA
 40
0.0
  9
$CHAMFERB
 40
0.0
  9
$CHAMFERC
 40
0.0
  9
$CHAMFERD
 40
0.0
  9
$SKPOLY
 70
     0
  9
$TDCREATE
 40
2461283.508467327
  9
$TDUCREATE
 40
2461283.84180066
  9
$TDUPDATE
 40
2461283.508467431
  9
$TDUUPDATE
 40
2461283.841800764
  9
$TDINDWG
 40
0.0000000116
  9
$TDUSRTIMER
 40
0.0000000116
  9
$USRTIMER
 70
     1
  9
$ANGBASE
 50
0.0
  9
$ANGDIR
 70
     0
  9
$PDMODE
 70
     0
  9
$PDSIZE
 40
0.0
  9
$PLINEWID
 40
0.0
  9
$SPLFRAME
 70
     0
  9
$SPLINETYPE
 70
     6
  9
$SPLINESEGS
 70
     8
  9
$HANDSEED
  5
442
  9
$SURFTAB1
 70
     6
  9
$SURFTAB2
 70
     6
  9
$SURFTYPE
 70
     6
  9
$SURFU
 70
     6
  9
$SURFV
 70
     6
  9
$UCSBASE
  2

  9
$UCSNAME
  2

  9
$UCSORG
 10
0.0
 20
0.0
 30
0.0
  9
$UCSXDIR
 10
1.0
 20
0.0
 30
0.0
  9
$UCSYDIR
 10
0.0
 20
1.0
 30
0.0
  9
$UCSORTHOREF
  2

  9
$UCSORTHOVIEW
 70
     0
  9
$UCSORGTOP
 10
0.0
 20
0.0
 30
0.0
  9
$UCSORGBOTTOM
 10
0.0
 20
0.0
 30
0.0
  9
$UCSORGLEFT
 10
0.0
 20
0.0
 30
0.0
  9
$UCSORGRIGHT
 10
0.0
 20
0.0
 30
0.0
  9
$UCSORGFRONT
 10
0.0
 20
0.0
 30
0.0
  9
$UCSORGBACK
 10
0.0
 20
0.0
 30
0.0
  9
$PUCSBASE
  2

  9
$PUCSNAME
  2

  9
$PUCSORG
 10
0.0
 20
0.0
 30
0.0
  9
$PUCSXDIR
 10
1.0
 20
0.0
 30
0.0
  9
$PUCSYDIR
 10
0.0
 20
1.0
 30
0.0
  9
$PUCSORTHOREF
  2

  9
$PUCSORTHOVIEW
 70
     0
  9
$PUCSORGTOP
 10
0.0
 20
0.0
 30
0.0
  9
$PUCSORGBOTTOM
 10
0.0
 20
0.0
 30
0.0
  9
$PUCSORGLEFT
 10
0.0
 20
0.0
 30
0.0
  9
$PUCSORGRIGHT
 10
0.0
 20
0.0
 30
0.0
  9
$PUCSORGFRONT
 10
0.0
 20
0.0
 30
0.0
  9
$PUCSORGBACK
 10
0.0
 20
0.0
 30
0.0
  9
$USERI1
 70
     0
  9
$USERI2
 70
     0
  9
$USERI3
 70
     0
  9
$USERI4
 70
     0
  9
$USERI5
 70
     0
  9
$USERR1
 40
0.0
  9
$USERR2
 40
0.0
  9
$USERR3
 40
0.0
  9
$USERR4
 40
0.0
  9
$USERR5
 40
0.0
  9
$WORLDVIEW
 70
     1
  9
$SHADEDGE
 70
     3
  9
$SHADEDIF
 70
    70
  9
$TILEMODE
 70
     0
  9
$MAXACTVP
 70
    64
  9
$PINSBASE
 10
0.0
 20
0.0
 30
0.0
  9
$PLIMCHECK
 70
     0
  9
$PEXTMIN
 10
0.0
 20
0.0
 30
0.0
  9
$PEXTMAX
 10
0.0
 20
0.0
 30
0.0
  9
$PLIMMIN
 10
-20.0
 20
-7.5
  9
$PLIMMAX
 10
277.0
 20
202.5
  9
$UNITMODE
 70
     0
  9
$VISRETAIN
 70
     1
  9
$PLINEGEN
 70
     0
  9
$PSLTSCALE
 70
     1
  9
$TREEDEPTH
 70
  3020
  9
$CMLSTYLE
  2
Standard
  9
$CMLJUST
 70
     0
  9
$CMLSCALE
 40
20.0
  9
$PROXYGRAPHICS
 70
     1
  9
$MEASUREMENT
 70
     1
  9
$CELWEIGHT
370
    -1
  9
$ENDCAPS
280
     0
  9
$JOINSTYLE
280
     0
  9
$LWDISPLAY
290
     0
  9
$INSUNITS
 70
     4
  9
$HYPERLINKBASE
  1

  9
$STYLESHEET
  1

  9
$XEDIT
290
     1
  9
$CEPSNTYPE
380
     0
  9
$PSTYLEMODE
290
     1
  9
$FINGERPRINTGUID
  2
{260c0414-3cd8-aa4f-aa88-a346ff7471e9}
  9
$VERSIONGUID
  2
{FAEB1C32-E019-11D5-929B-00C0DF256EC4}
  9
$EXTNAMES
290
     1
  9
$PSVPSCALE
 40
0.0
  9
$OLESTARTUP
290
     0
  9
$SORTENTS
280
   127
  9
$INDEXCTL
280
     0
  9
$HIDETEXT
280
     1
  9
$XCLIPFRAME
280
     2
  9
$HALOGAP
280
     0
  9
$OBSCOLOR
 70
   257
  9
$OBSLTYPE
280
     0
  9
$INTERSECTIONDISPLAY
280
     0
  9
$INTERSECTIONCOLOR
 70
   257
  9
$DIMASSOC
280
     2
  9
$PROJECTNAME
  1

  9
$CAMERADISPLAY
290
     0
  9
$LENSLENGTH
 40
50.0
  9
$CAMERAHEIGHT
 40
0.0
  9
$STEPSPERSEC
 40
2.0
  9
$STEPSIZE
 40
6.0
  9
$3DDWFPREC
 40
2.0
  9
$PSOLWIDTH
 40
5.0
  9
$PSOLHEIGHT
 40
80.0
  9
$LOFTANG1
 40
1.570796326794897
  9
$LOFTANG2
 40
1.570796326794897
  9
$LOFTMAG1
 40
0.0
  9
$LOFTMAG2
 40
0.0
  9
$LOFTPARAM
 70
     7
  9
$LOFTNORMALS
280
     1
  9
$LATITUDE
 40
37.795
  9
$LONGITUDE
 40
-122.394
  9
$NORTHDIRECTION
 40
0.0
  9
$TIMEZONE
 70
 -8000
  9
$LIGHTGLYPHDISPLAY
280
     1
  9
$TILEMODELIGHTSYNCH
280
     1
  9
$CMATERIAL
347
44
  9
$SOLIDHIST
280
     0
  9
$SHOWHIST
280
     1
  9
$DWFFRAME
280
     2
  9
$DGNFRAME
280
     2
  9
$REALWORLDSCALE
290
     1
  9
$INTERFERECOLOR
 62
   256
  9
$CSHADOW
280
     0
  9
$SHADOWPLANELOCATION
 40
0.0
  0
ENDSEC
  0
SECTION
  2
CLASSES
  0
CLASS
  1
ACDBDICTIONARYWDFLT
  2
AcDbDictionaryWithDefault
  3
ObjectDBX Classes
 90
        0
 91
        3
280
     0
281
     0
  0
CLASS
  1
VISUALSTYLE
  2
AcDbVisualStyle
  3
ObjectDBX Classes
 90
     4095
 91
        3
280
     0
281
     0
  0
CLASS
  1
MATERIAL
  2
AcDbMaterial
  3
ObjectDBX Classes
 90
     1153
 91
        3
280
     0
281
     0
  0
CLASS
  1
SCALE
  2
AcDbScale
  3
ObjectDBX Classes
 90
     1153
 91
        3
280
     0
281
     0
  0
CLASS
  1
TABLESTYLE
  2
AcDbTableStyle
  3
ObjectDBX Classes
 90
     4095
 91
        3
280
     0
281
     0
  0
CLASS
  1
MLEADERSTYLE
  2
AcDbMLeaderStyle
  3
ACDB_MLEADERSTYLE_CLASS
 90
     4095
 91
        3
280
     0
281
     0
  0
CLASS
  1
SUN
  2
AcDbSun
  3
SCENEOE
 90
     1153
 91
        3
280
     0
281
     0
  0
CLASS
  1
DICTIONARYVAR
  2
AcDbDictionaryVar
  3
ObjectDBX Classes
 90
        0
 91
        3
280
     0
281
     0
  0
CLASS
  1
CELLSTYLEMAP
  2
AcDbCellStyleMap
  3
ObjectDBX Classes
 90
     1152
 91
        3
280
     0
281
     0
  0
ENDSEC
  0
SECTION
  2
TABLES
  0
TABLE
  2
VPORT
  5
8
330
0
100
AcDbSymbolTable
 70
     1
  0
VPORT
  5
29
330
8
100
AcDbSymbolTableRecord
100
AcDbViewportTableRecord
  2
*Active
 70
     0
 10
0.0
 20
0.0
 11
1.0
 21
1.0
 12
210.0
 22
148.5
 13
0.0
 23
0.0
 14
10.0
 24
10.0
 15
10.0
 25
10.0
 16
0.0
 26
0.0
 36
1.0
 17
0.0
 27
0.0
 37
0.0
 40
297.0
 41
1.414141414141414
 42
50.0
 43
0.0
 44
0.0
 50
0.0
 51
0.0
 71
     0
 72
   100
 73
     1
 74
     3
 75
     0
 76
     0
 77
     0
 78
     0
281
     0
 65
     1
110
0.0
120
0.0
130
0.0
111
1.0
121
0.0
131
0.0
112
0.0
122
1.0
132
0.0
 79
     0
146
0.0
348
2F
 60
     3
 61
     5
292
     1
282
     1
141
0.0
142
0.0
 63
   250
361
5D
  0
ENDTAB
  0
TABLE
  2
LTYPE
  5
5
330
0
100
AcDbSymbolTable
 70
     6
  0
LTYPE
  5
14
330
5
100
AcDbSymbolTableRecord
100
AcDbLinetypeTableRecord
  2
ByBlock
 70
     0
  3

 72
    65
 73
     0
 40
0.0
  0
LTYPE
  5
15
330
5
100
AcDbSymbolTableRecord
100
AcDbLinetypeTableRecord
  2
ByLayer
 70
     0
  3

 72
    65
 73
     0
 40
0.0
  0
LTYPE
  5
16
330
5
100
AcDbSymbolTableRecord
100
AcDbLinetypeTableRecord
  2
Continuous
 70
     0
  3
Solid line
 72
    65
 73
     0
 40
0.0
  0
LTYPE
  5
61
330
5
100
AcDbSymbolTableRecord
100
AcDbLinetypeTableRecord
  2
CenterLine
 70
     0
  3

 72
    65
 73
     4
 40
8.0
 49
5.0
 74
     0
 49
-1.0
 74
     0
 49
1.0
 74
     0
 49
-1.0
 74
     0
  0
LTYPE
  5
62
330
5
100
AcDbSymbolTableRecord
100
AcDbLinetypeTableRecord
  2
DraftedLine
 70
     0
  3

 72
    65
 73
     2
 40
3.0
 49
2.0
 74
     0
 49
-1.0
 74
     0
  0
LTYPE
  5
63
330
5
100
AcDbSymbolTableRecord
100
AcDbLinetypeTableRecord
  2
SectionLineISO
 70
     0
  3

 72
    65
 73
     5
 40
13.75833333333342
 49
4.23333333333336
 74
     0
 49
-2.11666666666668
 74
     0
 49
1.05833333333334
 74
     0
 49
-2.11666666666668
 74
     0
 49
4.23333333333336
 74
     0
  0
LTYPE
  5
64
330
5
100
AcDbSymbolTableRecord
100
AcDbLinetypeTableRecord
  2
SectionLineANSI
 70
     0
  3

 72
    65
 73
     7
 40
11.99444444444452
 49
4.23333333333336
 74
     0
 49
-1.05833333333334
 74
     0
 49
0.17638888888889
 74
     0
 49
-1.05833333333334
 74
     0
 49
0.17638888888889
 74
     0
 49
-1.05833333333334
 74
     0
 49
4.23333333333336
 74
     0
  0
LTYPE
  5
65
330
5
100
AcDbSymbolTableRecord
100
AcDbLinetypeTableRecord
  2
DetailCircleISO
 70
     0
  3

 72
    65
 73
     5
 40
13.75833333333342
 49
4.23333333333336
 74
     0
 49
-2.11666666666668
 74
     0
 49
1.05833333333334
 74
     0
 49
-2.11666666666668
 74
     0
 49
4.23333333333336
 74
     0
  0
ENDTAB
  0
TABLE
  2
LAYER
  5
2
330
0
100
AcDbSymbolTable
 70
     5
  0
LAYER
  5
10
330
2
100
AcDbSymbolTableRecord
100
AcDbLayerTableRecord
  2
0
 70
     0
 62
     7
  6
Continuous
370
    -3
390
F
347
46
  0
LAYER
  5
5E
330
2
100
AcDbSymbolTableRecord
100
AcDbLayerTableRecord
  2
Geometries
 70
     0
 62
     7
  6
Continuous
370
    -3
390
F
347
46
  0
LAYER
  5
5F
330
2
100
AcDbSymbolTableRecord
100
AcDbLayerTableRecord
  2
Annotations
 70
     0
 62
     7
  6
Continuous
370
    -3
390
F
347
46
  0
LAYER
  5
60
330
2
100
AcDbSymbolTableRecord
100
AcDbLayerTableRecord
  2
Border
 70
     0
 62
     7
  6
Continuous
370
    -3
390
F
347
46
  0
LAYER
  5
30A
330
2
100
AcDbSymbolTableRecord
100
AcDbLayerTableRecord
  2
Defpoints
 70
     0
 62
     7
  6
Continuous
290
     0
370
    -3
390
F
347
46
  0
ENDTAB
  0
TABLE
  2
STYLE
  5
3
330
0
100
AcDbSymbolTable
 70
    40
  0
STYLE
  5
11
330
3
100
AcDbSymbolTableRecord
100
AcDbTextStyleTableRecord
  2
Standard
 70
     0
 40
0.0
 41
1.0
 50
0.0
 71
     0
 42
2.5
  3
txt
  4

  0
STYLE
  5
66
330
3
100
AcDbSymbolTableRecord
100
AcDbTextStyleTableRecord
  2
Shapr0
 70
     0
 40
3.3495
 41
1.0
 50
0.0
 71
     0
 42
2.5
  3

  4

  0
STYLE
  5
67
330
3
100
AcDbSymbolTableRecord
100
AcDbTextStyleTableRecord
  2
Shapr1
 70
     0
 40
3.3495
 41
1.0
 50
0.0
 71
     0
 42
2.5
  3

  4

  0
STYLE
  5
68
330
3
100
AcDbSymbolTableRecord
100
AcDbTextStyleTableRecord
  2
Shapr2
 70
     0
 40
3.3495
 41
1.0
 50
0.0
 71
     0
 42
2.5
  3

  4

  0
STYLE
  5
69
330
3
100
AcDbSymbolTableRecord
100
AcDbTextStyleTableRecord
  2
Shapr3
 70
     0
 40
3.3495
 41
1.0
 50
0.0
 71
     0
 42
2.5
  3

  4

  0
STYLE
  5
6A
330
3
100
AcDbSymbolTableRecord
100
AcDbTextStyleTableRecord
  2
Shapr4
 70
     0
 40
3.3495
 41
1.0
 50
0.0
 71
     0
 42
2.5
  3

  4

  0
STYLE
  5
6B
330
3
100
AcDbSymbolTableRecord
100
AcDbTextStyleTableRecord
  2
Shapr5
 70
     0
 40
3.3495
 41
1.0
 50
0.0
 71
     0
 42
2.5
  3

  4

  0
STYLE
  5
6C
330
3
100
AcDbSymbolTableRecord
100
AcDbTextStyleTableRecord
  2
Shapr6
 70
     0
 40
3.3495
 41
1.0
 50
0.0
 71
     0
 42
2.5
  3

  4

  0
STYLE
  5
6D
330
3
100
AcDbSymbolTableRecord
100
AcDbTextStyleTableRecord
  2
Shapr7
 70
     0
 40
3.3495
 41
1.0
 50
0.0
 71
     0
 42
2.5
  3

  4

  0
STYLE
  5
6E
330
3
100
AcDbSymbolTableRecord
100
AcDbTextStyleTableRecord
  2
Shapr8
 70
     0
 40
3.3495
 41
1.0
 50
0.0
 71
     0
 42
2.5
  3

  4

  0
STYLE
  5
6F
330
3
100
AcDbSymbolTableRecord
100
AcDbTextStyleTableRecord
  2
Shapr9
 70
     0
 40
3.3495
 41
1.0
 50
0.0
 71
     0
 42
2.5
  3

  4

  0
STYLE
  5
70
330
3
100
AcDbSymbolTableRecord
100
AcDbTextStyleTableRecord
  2
Shapr10
 70
     0
 40
3.3495
 41
1.0
 50
0.0
 71
     0
 42
2.5
  3

  4

  0
STYLE
  5
71
330
3
100
AcDbSymbolTableRecord
100
AcDbTextStyleTableRecord
  2
Shapr11
 70
     0
 40
3.3495
 41
1.0
 50
0.0
 71
     0
 42
2.5
  3

  4

  0
STYLE
  5
72
330
3
100
AcDbSymbolTableRecord
100
AcDbTextStyleTableRecord
  2
Shapr12
 70
     0
 40
3.3495
 41
1.0
 50
0.0
 71
     0
 42
2.5
  3

  4

  0
STYLE
  5
73
330
3
100
AcDbSymbolTableRecord
100
AcDbTextStyleTableRecord
  2
Shapr13
 70
     0
 40
3.3495
 41
1.0
 50
0.0
 71
     0
 42
2.5
  3

  4

  0
STYLE
  5
74
330
3
100
AcDbSymbolTableRecord
100
AcDbTextStyleTableRecord
  2
Shapr14
 70
     0
 40
3.3495
 41
1.0
 50
0.0
 71
     0
 42
2.5
  3

  4

  0
STYLE
  5
75
330
3
100
AcDbSymbolTableRecord
100
AcDbTextStyleTableRecord
  2
Shapr15
 70
     0
 40
3.3495
 41
1.0
 50
0.0
 71
     0
 42
2.5
  3

  4

  0
STYLE
  5
76
330
3
100
AcDbSymbolTableRecord
100
AcDbTextStyleTableRecord
  2
Shapr16
 70
     0
 40
3.3495
 41
1.0
 50
0.0
 71
     0
 42
2.5
  3

  4

  0
STYLE
  5
77
330
3
100
AcDbSymbolTableRecord
100
AcDbTextStyleTableRecord
  2
Shapr17
 70
     0
 40
3.3495
 41
1.0
 50
0.0
 71
     0
 42
2.5
  3

  4

  0
STYLE
  5
78
330
3
100
AcDbSymbolTableRecord
100
AcDbTextStyleTableRecord
  2
Shapr18
 70
     0
 40
6.699
 41
1.0
 50
0.0
 71
     0
 42
2.5
  3

  4

  0
STYLE
  5
79
330
3
100
AcDbSymbolTableRecord
100
AcDbTextStyleTableRecord
  2
Shapr19
 70
     0
 40
3.3495
 41
1.0
 50
0.0
 71
     0
 42
2.5
  3

  4

  0
STYLE
  5
7A
330
3
100
AcDbSymbolTableRecord
100
AcDbTextStyleTableRecord
  2
Shapr20
 70
     0
 40
3.3495
 41
1.0
 50
0.0
 71
     0
 42
2.5
  3

  4

  0
STYLE
  5
7B
330
3
100
AcDbSymbolTableRecord
100
AcDbTextStyleTableRecord
  2
Shapr21
 70
     0
 40
3.3495
 41
1.0
 50
0.0
 71
     0
 42
2.5
  3

  4

  0
STYLE
  5
7C
330
3
100
AcDbSymbolTableRecord
100
AcDbTextStyleTableRecord
  2
Shapr22
 70
     0
 40
3.3495
 41
1.0
 50
0.0
 71
     0
 42
2.5
  3

  4

  0
STYLE
  5
7D
330
3
100
AcDbSymbolTableRecord
100
AcDbTextStyleTableRecord
  2
Shapr23
 70
     0
 40
3.3495
 41
1.0
 50
0.0
 71
     0
 42
2.5
  3

  4

  0
STYLE
  5
7E
330
3
100
AcDbSymbolTableRecord
100
AcDbTextStyleTableRecord
  2
Shapr24
 70
     0
 40
3.3495
 41
1.0
 50
0.0
 71
     0
 42
2.5
  3

  4

  0
STYLE
  5
7F
330
3
100
AcDbSymbolTableRecord
100
AcDbTextStyleTableRecord
  2
Shapr25
 70
     0
 40
3.3495
 41
1.0
 50
0.0
 71
     0
 42
2.5
  3

  4

  0
STYLE
  5
80
330
3
100
AcDbSymbolTableRecord
100
AcDbTextStyleTableRecord
  2
Shapr26
 70
     0
 40
3.3495
 41
1.0
 50
0.0
 71
     0
 42
2.5
  3

  4

  0
STYLE
  5
81
330
3
100
AcDbSymbolTableRecord
100
AcDbTextStyleTableRecord
  2
Shapr27
 70
     0
 40
3.3495
 41
1.0
 50
0.0
 71
     0
 42
2.5
  3

  4

  0
STYLE
  5
82
330
3
100
AcDbSymbolTableRecord
100
AcDbTextStyleTableRecord
  2
Shapr28
 70
     0
 40
3.3495
 41
1.0
 50
0.0
 71
     0
 42
2.5
  3

  4

  0
STYLE
  5
83
330
3
100
AcDbSymbolTableRecord
100
AcDbTextStyleTableRecord
  2
Shapr29
 70
     0
 40
3.3495
 41
1.0
 50
0.0
 71
     0
 42
2.5
  3

  4

  0
STYLE
  5
84
330
3
100
AcDbSymbolTableRecord
100
AcDbTextStyleTableRecord
  2
Shapr30
 70
     0
 40
3.3495
 41
1.0
 50
0.0
 71
     0
 42
2.5
  3

  4

  0
STYLE
  5
85
330
3
100
AcDbSymbolTableRecord
100
AcDbTextStyleTableRecord
  2
Shapr31
 70
     0
 40
3.3495
 41
1.0
 50
0.0
 71
     0
 42
2.5
  3

  4

  0
STYLE
  5
86
330
3
100
AcDbSymbolTableRecord
100
AcDbTextStyleTableRecord
  2
Shapr32
 70
     0
 40
3.3495
 41
1.0
 50
0.0
 71
     0
 42
2.5
  3

  4

  0
STYLE
  5
87
330
3
100
AcDbSymbolTableRecord
100
AcDbTextStyleTableRecord
  2
Shapr33
 70
     0
 40
3.3495
 41
1.0
 50
0.0
 71
     0
 42
2.5
  3

  4

  0
STYLE
  5
88
330
3
100
AcDbSymbolTableRecord
100
AcDbTextStyleTableRecord
  2
Shapr34
 70
     0
 40
3.3495
 41
1.0
 50
0.0
 71
     0
 42
2.5
  3

  4

  0
STYLE
  5
89
330
3
100
AcDbSymbolTableRecord
100
AcDbTextStyleTableRecord
  2
Shapr35
 70
     0
 40
3.3495
 41
1.0
 50
0.0
 71
     0
 42
2.5
  3

  4

  0
STYLE
  5
8A
330
3
100
AcDbSymbolTableRecord
100
AcDbTextStyleTableRecord
  2
Shapr36
 70
     0
 40
3.3495
 41
1.0
 50
0.0
 71
     0
 42
2.5
  3

  4

  0
STYLE
  5
8B
330
3
100
AcDbSymbolTableRecord
100
AcDbTextStyleTableRecord
  2
Shapr37
 70
     0
 40
3.3495
 41
1.0
 50
0.0
 71
     0
 42
2.5
  3

  4

  0
STYLE
  5
8C
330
3
100
AcDbSymbolTableRecord
100
AcDbTextStyleTableRecord
  2
Shapr38
 70
     0
 40
3.3495
 41
1.0
 50
0.0
 71
     0
 42
2.5
  3

  4

  0
ENDTAB
  0
TABLE
  2
VIEW
  5
6
330
0
100
AcDbSymbolTable
 70
     0
  0
ENDTAB
  0
TABLE
  2
UCS
  5
7
330
0
100
AcDbSymbolTable
 70
     0
  0
ENDTAB
  0
TABLE
  2
APPID
  5
9
330
0
100
AcDbSymbolTable
 70
     3
  0
APPID
  5
12
330
9
100
AcDbSymbolTableRecord
100
AcDbRegAppTableRecord
  2
ACAD
 70
     0
  0
APPID
  5
380
330
9
100
AcDbSymbolTableRecord
100
AcDbRegAppTableRecord
  2
ACAD_DSTYLE_DIMRADIAL_EXTENSION
 70
     0
  0
APPID
  5
38A
330
9
100
AcDbSymbolTableRecord
100
AcDbRegAppTableRecord
  2
ACAD_DSTYLE_DIMANGULAR_EXTENSION
 70
     0
  0
ENDTAB
  0
TABLE
  2
DIMSTYLE
  5
A
330
0
100
AcDbSymbolTable
 70
     1
100
AcDbDimStyleTable
  0
DIMSTYLE
105
27
102
{ACAD_REACTORS
330
30B
330
318
330
325
330
332
330
33F
330
34C
330
359
330
366
330
373
330
381
330
38B
330
398
102
}
330
A
100
AcDbSymbolTableRecord
100
AcDbDimStyleTableRecord
  2
ISO-25
 70
     0
 41
2.5
 42
0.625
 43
3.75
 44
1.25
 73
     0
 74
     0
 77
     1
 78
     8
140
2.5
141
2.5
143
0.0393700787401575
147
0.625
171
     3
172
     1
178
     0
271
     2
272
     2
274
     3
278
    44
283
     0
284
     8
340
11
  0
ENDTAB
  0
TABLE
  2
BLOCK_RECORD
  5
1
330
0
100
AcDbSymbolTable
 70
    15
  0
BLOCK_RECORD
  5
1F
330
1
100
AcDbSymbolTableRecord
100
AcDbBlockTableRecord
  2
*Model_Space
340
22
 70
     4
280
     1
281
     0
  0
BLOCK_RECORD
  5
8D
330
1
100
AcDbSymbolTableRecord
100
AcDbBlockTableRecord
  2
*Paper_Space
340
8E
 70
     0
280
     1
281
     0
  0
BLOCK_RECORD
  5
23
330
1
100
AcDbSymbolTableRecord
100
AcDbBlockTableRecord
  2
*Paper_Space0
340
26
 70
     0
280
     1
281
     0
  0
BLOCK_RECORD
  5
1B
330
1
100
AcDbSymbolTableRecord
100
AcDbBlockTableRecord
  2
*Paper_Space1
340
1E
 70
     4
280
     1
281
     0
  0
BLOCK_RECORD
  5
30C
330
1
100
AcDbSymbolTableRecord
100
AcDbBlockTableRecord
  2
*D2
340
0
 70
     0
280
     1
281
     0
  0
BLOCK_RECORD
  5
319
330
1
100
AcDbSymbolTableRecord
100
AcDbBlockTableRecord
  2
*D3
340
0
 70
     0
280
     1
281
     0
  0
BLOCK_RECORD
  5
326
330
1
100
AcDbSymbolTableRecord
100
AcDbBlockTableRecord
  2
*D4
340
0
 70
     0
280
     1
281
     0
  0
BLOCK_RECORD
  5
333
330
1
100
AcDbSymbolTableRecord
100
AcDbBlockTableRecord
  2
*D5
340
0
 70
     0
280
     1
281
     0
  0
BLOCK_RECORD
  5
340
330
1
100
AcDbSymbolTableRecord
100
AcDbBlockTableRecord
  2
*D6
340
0
 70
     0
280
     1
281
     0
  0
BLOCK_RECORD
  5
34D
330
1
100
AcDbSymbolTableRecord
100
AcDbBlockTableRecord
  2
*D7
340
0
 70
     0
280
     1
281
     0
  0
BLOCK_RECORD
  5
35A
330
1
100
AcDbSymbolTableRecord
100
AcDbBlockTableRecord
  2
*D8
340
0
 70
     0
280
     1
281
     0
  0
BLOCK_RECORD
  5
367
330
1
100
AcDbSymbolTableRecord
100
AcDbBlockTableRecord
  2
*D9
340
0
 70
     0
280
     1
281
     0
  0
BLOCK_RECORD
  5
374
330
1
100
AcDbSymbolTableRecord
100
AcDbBlockTableRecord
  2
*D10
340
0
 70
     0
280
     1
281
     0
  0
BLOCK_RECORD
  5
382
330
1
100
AcDbSymbolTableRecord
100
AcDbBlockTableRecord
  2
*D11
340
0
 70
     0
280
     1
281
     0
  0
BLOCK_RECORD
  5
38C
330
1
100
AcDbSymbolTableRecord
100
AcDbBlockTableRecord
  2
*D12
340
0
 70
     0
280
     1
281
     0
  0
BLOCK_RECORD
  5
399
330
1
100
AcDbSymbolTableRecord
100
AcDbBlockTableRecord
  2
*D13
340
0
 70
     0
280
     1
281
     0
  0
BLOCK_RECORD
  5
3DF
330
1
100
AcDbSymbolTableRecord
100
AcDbBlockTableRecord
  2
*U14
340
0
102
{BLKREFS
331
3F9
102
}
 70
     0
280
     1
281
     0
  0
ENDTAB
  0
ENDSEC
  0
SECTION
  2
BLOCKS
  0
BLOCK
  5
20
330
1F
100
AcDbEntity
  8
0
100
AcDbBlockBegin
  2
*Model_Space
 70
     0
 10
0.0
 20
0.0
 30
0.0
  3
*Model_Space
  1

  0
ENDBLK
  5
21
330
1F
100
AcDbEntity
  8
0
100
AcDbBlockEnd
  0
BLOCK
  5
8F
330
8D
100
AcDbEntity
 67
     1
  8
0
100
AcDbBlockBegin
  2
*Paper_Space
 70
     0
 10
0.0
 20
0.0
 30
0.0
  3
*Paper_Space
  1

  0
ENDBLK
  5
90
330
8D
100
AcDbEntity
 67
     1
  8
0
100
AcDbBlockEnd
  0
BLOCK
  5
24
330
23
100
AcDbEntity
  8
0
100
AcDbBlockBegin
  2
*Paper_Space0
 70
     0
 10
0.0
 20
0.0
 30
0.0
  3
*Paper_Space0
  1

  0
ENDBLK
  5
25
330
23
100
AcDbEntity
  8
0
100
AcDbBlockEnd
  0
BLOCK
  5
1C
330
1B
100
AcDbEntity
  8
0
100
AcDbBlockBegin
  2
*Paper_Space1
 70
     0
 10
0.0
 20
0.0
 30
0.0
  3
*Paper_Space1
  1

  0
ENDBLK
  5
1D
330
1B
100
AcDbEntity
  8
0
100
AcDbBlockEnd
  0
BLOCK
  5
30D
330
30C
100
AcDbEntity
  8
0
100
AcDbBlockBegin
  2
*D2
 70
     1
 10
0.0
 20
0.0
 30
0.0
  3
*D2
  1

  0
LINE
  5
30F
330
30C
100
AcDbEntity
  8
Annotations
  6
Continuous
 62
     0
370
    15
100
AcDbLine
 10
137.125
 20
172.6255412291537
 30
0.0
 11
149.75
 21
172.6255412291537
 31
0.0
  0
LINE
  5
310
330
30C
100
AcDbEntity
  8
Annotations
  6
Continuous
 62
     0
370
    15
100
AcDbLine
 10
137.125
 20
55.72891914811622
 30
0.0
 11
149.75
 21
55.72891914811622
 31
0.0
  0
LINE
  5
311
330
30C
100
AcDbEntity
  8
Annotations
  6
Continuous
 62
     0
370
    15
100
AcDbLine
 10
148.5
 20
170.1255412291537
 30
0.0
 11
148.5
 21
58.22891914811622
 31
0.0
  0
SOLID
  5
312
330
30C
100
AcDbEntity
  8
Annotations
 62
     0
100
AcDbTrace
 10
148.9166666666667
 20
170.1255412291537
 30
0.0
 11
148.0833333333334
 21
170.1255412291537
 31
0.0
 12
148.5
 22
172.6255412291537
 32
0.0
 13
148.5
 23
172.6255412291537
 33
0.0
  0
SOLID
  5
313
330
30C
100
AcDbEntity
  8
Annotations
 62
     0
100
AcDbTrace
 10
148.0833333333334
 20
58.22891914811622
 30
0.0
 11
148.9166666666667
 21
58.22891914811622
 31
0.0
 12
148.5
 22
55.72891914811622
 32
0.0
 13
148.5
 23
55.72891914811622
 33
0.0
  0
MTEXT
  5
314
330
30C
100
AcDbEntity
  8
Annotations
 62
     0
370
    15
100
AcDbMText
 10
145.80625
 20
114.177230188635
 30
0.0
 40
3.3495
 41
0.0
 46
0.0
 71
     5
 72
     1
  1
\A1;233,79
  7
Shapr17
 11
0.0
 21
1.0
 31
0.0
 73
     1
 44
1.0
  0
POINT
  5
315
330
30C
100
AcDbEntity
  8
Defpoints
 62
     0
100
AcDbPoint
 10
136.5
 20
172.6255412291537
 30
0.0
  0
POINT
  5
316
330
30C
100
AcDbEntity
  8
Defpoints
 62
     0
100
AcDbPoint
 10
136.5
 20
55.72891914811622
 30
0.0
  0
POINT
  5
317
330
30C
100
AcDbEntity
  8
Defpoints
 62
     0
100
AcDbPoint
 10
148.5
 20
55.72891914811622
 30
0.0
  0
ENDBLK
  5
30E
330
30C
100
AcDbEntity
  8
0
100
AcDbBlockEnd
  0
BLOCK
  5
31A
330
319
100
AcDbEntity
  8
0
100
AcDbBlockBegin
  2
*D3
 70
     1
 10
0.0
 20
0.0
 30
0.0
  3
*D3
  1

  0
LINE
  5
31C
330
319
100
AcDbEntity
  8
Annotations
  6
Continuous
 62
     0
370
    15
100
AcDbLine
 10
99.0
 20
209.3363091308703
 30
0.0
 11
99.0
 21
188.0
 31
0.0
  0
LINE
  5
31D
330
319
100
AcDbEntity
  8
Annotations
  6
Continuous
 62
     0
370
    15
100
AcDbLine
 10
136.0
 20
209.3363091308703
 30
0.0
 11
136.0
 21
188.0
 31
0.0
  0
LINE
  5
31E
330
319
100
AcDbEntity
  8
Annotations
  6
Continuous
 62
     0
370
    15
100
AcDbLine
 10
101.5
 20
189.25
 30
0.0
 11
133.5
 21
189.25
 31
0.0
  0
SOLID
  5
31F
330
319
100
AcDbEntity
  8
Annotations
 62
     0
100
AcDbTrace
 10
101.5
 20
189.6666666666667
 30
0.0
 11
101.5
 21
188.8333333333333
 31
0.0
 12
99.0
 22
189.25
 32
0.0
 13
99.0
 23
189.25
 33
0.0
  0
SOLID
  5
320
330
319
100
AcDbEntity
  8
Annotations
 62
     0
100
AcDbTrace
 10
133.5
 20
188.8333333333333
 30
0.0
 11
133.5
 21
189.6666666666667
 31
0.0
 12
136.0
 22
189.25
 32
0.0
 13
136.0
 23
189.25
 33
0.0
  0
MTEXT
  5
321
330
319
100
AcDbEntity
  8
Annotations
 62
     0
370
    15
100
AcDbMText
 10
117.5
 20
191.62475
 30
0.0
 40
3.3495
 41
0.0
 46
0.0
 71
     5
 72
     1
  1
\A1;74
  7
Shapr15
 73
     1
 44
1.0
  0
POINT
  5
322
330
319
100
AcDbEntity
  8
Defpoints
 62
     0
100
AcDbPoint
 10
99.0
 20
209.9613091308703
 30
0.0
  0
POINT
  5
323
330
319
100
AcDbEntity
  8
Defpoints
 62
     0
100
AcDbPoint
 10
136.0
 20
209.9613091308703
 30
0.0
  0
POINT
  5
324
330
319
100
AcDbEntity
  8
Defpoints
 62
     0
100
AcDbPoint
 10
136.0
 20
189.25
 30
0.0
  0
ENDBLK
  5
31B
330
319
100
AcDbEntity
  8
0
100
AcDbBlockEnd
  0
BLOCK
  5
327
330
326
100
AcDbEntity
  8
0
100
AcDbBlockBegin
  2
*D4
 70
     1
 10
0.0
 20
0.0
 30
0.0
  3
*D4
  1

  0
LINE
  5
329
330
326
100
AcDbEntity
  8
Annotations
  6
Continuous
 62
     0
370
    15
100
AcDbLine
 10
137.125
 20
243.75
 30
0.0
 11
149.75
 21
243.75
 31
0.0
  0
LINE
  5
32A
330
326
100
AcDbEntity
  8
Annotations
  6
Continuous
 62
     0
370
    15
100
AcDbLine
 10
137.125
 20
209.75
 30
0.0
 11
149.75
 21
209.75
 31
0.0
  0
LINE
  5
32B
330
326
100
AcDbEntity
  8
Annotations
  6
Continuous
 62
     0
370
    15
100
AcDbLine
 10
148.5
 20
241.25
 30
0.0
 11
148.5
 21
212.25
 31
0.0
  0
SOLID
  5
32C
330
326
100
AcDbEntity
  8
Annotations
 62
     0
100
AcDbTrace
 10
148.9166666666667
 20
241.25
 30
0.0
 11
148.0833333333333
 21
241.25
 31
0.0
 12
148.5
 22
243.75
 32
0.0
 13
148.5
 23
243.75
 33
0.0
  0
SOLID
  5
32D
330
326
100
AcDbEntity
  8
Annotations
 62
     0
100
AcDbTrace
 10
148.0833333333333
 20
212.25
 30
0.0
 11
148.9166666666667
 21
212.25
 31
0.0
 12
148.5
 22
209.75
 32
0.0
 13
148.5
 23
209.75
 33
0.0
  0
MTEXT
  5
32E
330
326
100
AcDbEntity
  8
Annotations
 62
     0
370
    15
100
AcDbMText
 10
146.12525
 20
226.75
 30
0.0
 40
3.3495
 41
0.0
 46
0.0
 71
     5
 72
     1
  1
\A1;68
  7
Shapr15
 11
0.0
 21
1.0
 31
0.0
 73
     1
 44
1.0
  0
POINT
  5
32F
330
326
100
AcDbEntity
  8
Defpoints
 62
     0
100
AcDbPoint
 10
136.5
 20
243.75
 30
0.0
  0
POINT
  5
330
330
326
100
AcDbEntity
  8
Defpoints
 62
     0
100
AcDbPoint
 10
136.5
 20
209.75
 30
0.0
  0
POINT
  5
331
330
326
100
AcDbEntity
  8
Defpoints
 62
     0
100
AcDbPoint
 10
148.5
 20
209.75
 30
0.0
  0
ENDBLK
  5
328
330
326
100
AcDbEntity
  8
0
100
AcDbBlockEnd
  0
BLOCK
  5
334
330
333
100
AcDbEntity
  8
0
100
AcDbBlockBegin
  2
*D5
 70
     1
 10
0.0
 20
0.0
 30
0.0
  3
*D5
  1

  0
LINE
  5
336
330
333
100
AcDbEntity
  8
Annotations
  6
Continuous
 62
     0
370
    15
100
AcDbLine
 10
103.5
 20
215.125
 30
0.0
 11
103.5
 21
196.0
 31
0.0
  0
LINE
  5
337
330
333
100
AcDbEntity
  8
Annotations
  6
Continuous
 62
     0
370
    15
100
AcDbLine
 10
131.5
 20
215.125
 30
0.0
 11
131.5
 21
196.0
 31
0.0
  0
LINE
  5
338
330
333
100
AcDbEntity
  8
Annotations
  6
Continuous
 62
     0
370
    15
100
AcDbLine
 10
106.0
 20
197.25
 30
0.0
 11
129.0
 21
197.25
 31
0.0
  0
SOLID
  5
339
330
333
100
AcDbEntity
  8
Annotations
 62
     0
100
AcDbTrace
 10
106.0
 20
197.6666666666667
 30
0.0
 11
106.0
 21
196.8333333333333
 31
0.0
 12
103.5
 22
197.25
 32
0.0
 13
103.5
 23
197.25
 33
0.0
  0
SOLID
  5
33A
330
333
100
AcDbEntity
  8
Annotations
 62
     0
100
AcDbTrace
 10
129.0
 20
196.8333333333333
 30
0.0
 11
129.0
 21
197.6666666666667
 31
0.0
 12
131.5
 22
197.25
 32
0.0
 13
131.5
 23
197.25
 33
0.0
  0
MTEXT
  5
33B
330
333
100
AcDbEntity
  8
Annotations
 62
     0
370
    15
100
AcDbMText
 10
117.5
 20
199.62475
 30
0.0
 40
3.3495
 41
0.0
 46
0.0
 71
     5
 72
     1
  1
\A1;56
  7
Shapr15
 73
     1
 44
1.0
  0
POINT
  5
33C
330
333
100
AcDbEntity
  8
Defpoints
 62
     0
100
AcDbPoint
 10
103.5
 20
215.75
 30
0.0
  0
POINT
  5
33D
330
333
100
AcDbEntity
  8
Defpoints
 62
     0
100
AcDbPoint
 10
131.5
 20
215.75
 30
0.0
  0
POINT
  5
33E
330
333
100
AcDbEntity
  8
Defpoints
 62
     0
100
AcDbPoint
 10
131.5
 20
197.25
 30
0.0
  0
ENDBLK
  5
335
330
333
100
AcDbEntity
  8
0
100
AcDbBlockEnd
  0
BLOCK
  5
341
330
340
100
AcDbEntity
  8
0
100
AcDbBlockBegin
  2
*D6
 70
     1
 10
0.0
 20
0.0
 30
0.0
  3
*D6
  1

  0
LINE
  5
343
330
340
100
AcDbEntity
  8
Annotations
  6
Continuous
 62
     0
370
    15
100
AcDbLine
 10
275.1391732821576
 20
240.5324141396936
 30
0.0
 11
263.6970374708198
 21
245.8679696941699
 31
0.0
  0
LINE
  5
344
330
340
100
AcDbEntity
  8
Annotations
  6
Continuous
 62
     0
370
    15
100
AcDbLine
 10
263.5171710842883
 20
215.6089499961857
 30
0.0
 11
252.0750352729506
 21
220.9445055506621
 31
0.0
  0
LINE
  5
345
330
340
100
AcDbEntity
  8
Annotations
  6
Continuous
 62
     0
370
    15
100
AcDbLine
 10
263.7733765502639
 20
243.0739273994024
 30
0.0
 11
254.2644656610982
 21
222.6820021910778
 31
0.0
  0
SOLID
  5
346
330
340
100
AcDbEntity
  8
Annotations
 62
     0
100
AcDbTrace
 10
264.1510047948625
 20
242.8978364570105
 30
0.0
 11
263.3957483056653
 21
243.2500183417944
 31
0.0
 12
264.8299222046156
 22
245.3396968669941
 32
0.0
 13
264.8299222046156
 23
245.3396968669941
 33
0.0
  0
SOLID
  5
347
330
340
100
AcDbEntity
  8
Annotations
 62
     0
100
AcDbTrace
 10
253.8868374164996
 20
222.8580931334698
 30
0.0
 11
254.6420939056968
 21
222.5059112486859
 31
0.0
 12
253.2079200067464
 22
220.4162327234862
 32
0.0
 13
253.2079200067464
 23
220.4162327234862
 33
0.0
  0
MTEXT
  5
348
330
340
100
AcDbEntity
  8
Annotations
 62
     0
370
    15
100
AcDbMText
 10
256.8666666884158
 20
233.8815775123089
 30
0.0
 40
3.3495
 41
0.0
 46
0.0
 71
     5
 72
     1
  1
\A1;55
  7
Shapr16
 11
0.4226182617406989
 21
0.9063077870366504
 31
0.0
 73
     1
 44
1.0
  0
POINT
  5
349
330
340
100
AcDbEntity
  8
Defpoints
 62
     0
100
AcDbPoint
 10
275.7056156490555
 20
240.2682777261057
 30
0.0
  0
POINT
  5
34A
330
340
100
AcDbEntity
  8
Defpoints
 62
     0
100
AcDbPoint
 10
264.0836134511862
 20
215.3448135825978
 30
0.0
  0
POINT
  5
34B
330
340
100
AcDbEntity
  8
Defpoints
 62
     0
100
AcDbPoint
 10
253.2079200067464
 20
220.4162327234862
 30
0.0
  0
ENDBLK
  5
342
330
340
100
AcDbEntity
  8
0
100
AcDbBlockEnd
  0
BLOCK
  5
34E
330
34D
100
AcDbEntity
  8
0
100
AcDbBlockBegin
  2
*D7
 70
     1
 10
0.0
 20
0.0
 30
0.0
  3
*D7
  1

  0
LINE
  5
350
330
34D
100
AcDbEntity
  8
Annotations
  6
Continuous
 62
     0
370
    15
100
AcDbLine
 10
261.3539191481162
 20
209.25
 30
0.0
 11
232.3744587708463
 21
209.25
 31
0.0
  0
LINE
  5
351
330
34D
100
AcDbEntity
  8
Annotations
  6
Continuous
 62
     0
370
    15
100
AcDbLine
 10
245.4994587708463
 20
244.25
 30
0.0
 11
232.3744587708463
 21
244.25
 31
0.0
  0
LINE
  5
352
330
34D
100
AcDbEntity
  8
Annotations
  6
Continuous
 62
     0
370
    15
100
AcDbLine
 10
233.6244587708463
 20
211.75
 30
0.0
 11
233.6244587708463
 21
241.75
 31
0.0
  0
SOLID
  5
353
330
34D
100
AcDbEntity
  8
Annotations
 62
     0
100
AcDbTrace
 10
233.2077921041796
 20
211.75
 30
0.0
 11
234.0411254375129
 21
211.75
 31
0.0
 12
233.6244587708463
 22
209.25
 32
0.0
 13
233.6244587708463
 23
209.25
 33
0.0
  0
SOLID
  5
354
330
34D
100
AcDbEntity
  8
Annotations
 62
     0
100
AcDbTrace
 10
234.0411254375129
 20
241.75
 30
0.0
 11
233.2077921041796
 21
241.75
 31
0.0
 12
233.6244587708463
 22
244.25
 32
0.0
 13
233.6244587708463
 23
244.25
 33
0.0
  0
MTEXT
  5
355
330
34D
100
AcDbEntity
  8
Annotations
 62
     0
370
    15
100
AcDbMText
 10
231.2497087708463
 20
226.75
 30
0.0
 40
3.3495
 41
0.0
 46
0.0
 71
     5
 72
     1
  1
\A1;70
  7
Shapr16
 11
0.0
 21
1.0
 31
0.0
 73
     1
 44
1.0
  0
POINT
  5
356
330
34D
100
AcDbEntity
  8
Defpoints
 62
     0
100
AcDbPoint
 10
261.9789191481162
 20
209.25
 30
0.0
  0
POINT
  5
357
330
34D
100
AcDbEntity
  8
Defpoints
 62
     0
100
AcDbPoint
 10
246.1244587708463
 20
244.25
 30
0.0
  0
POINT
  5
358
330
34D
100
AcDbEntity
  8
Defpoints
 62
     0
100
AcDbPoint
 10
233.6244587708463
 20
244.25
 30
0.0
  0
ENDBLK
  5
34F
330
34D
100
AcDbEntity
  8
0
100
AcDbBlockEnd
  0
BLOCK
  5
35B
330
35A
100
AcDbEntity
  8
0
100
AcDbBlockBegin
  2
*D8
 70
     1
 10
0.0
 20
0.0
 30
0.0
  3
*D8
  1

  0
LINE
  5
35D
330
35A
100
AcDbEntity
  8
Annotations
  6
Continuous
 62
     0
370
    15
100
AcDbLine
 10
97.87500000000003
 20
55.72891914811621
 30
0.0
 11
77.25
 21
55.72891914811621
 31
0.0
  0
LINE
  5
35E
330
35A
100
AcDbEntity
  8
Annotations
  6
Continuous
 62
     0
370
    15
100
AcDbLine
 10
97.87500000000004
 20
39.87445877084627
 30
0.0
 11
77.25
 21
39.87445877084627
 31
0.0
  0
LINE
  5
35F
330
35A
100
AcDbEntity
  8
Annotations
  6
Continuous
 62
     0
370
    15
100
AcDbLine
 10
78.5
 20
53.22891914811621
 30
0.0
 11
78.5
 21
42.37445877084627
 31
0.0
  0
SOLID
  5
360
330
35A
100
AcDbEntity
  8
Annotations
 62
     0
100
AcDbTrace
 10
78.91666666666667
 20
53.22891914811621
 30
0.0
 11
78.08333333333333
 21
53.22891914811621
 31
0.0
 12
78.5
 22
55.72891914811621
 32
0.0
 13
78.5
 23
55.72891914811621
 33
0.0
  0
SOLID
  5
361
330
35A
100
AcDbEntity
  8
Annotations
 62
     0
100
AcDbTrace
 10
78.08333333333333
 20
42.37445877084627
 30
0.0
 11
78.91666666666667
 21
42.37445877084627
 31
0.0
 12
78.5
 22
39.87445877084627
 32
0.0
 13
78.5
 23
39.87445877084627
 33
0.0
  0
MTEXT
  5
362
330
35A
100
AcDbEntity
  8
Annotations
 62
     0
370
    15
100
AcDbMText
 10
75.80625
 20
47.80168895948125
 30
0.0
 40
3.3495
 41
0.0
 46
0.0
 71
     5
 72
     1
  1
\A1;31,71
  7
Shapr17
 11
0.0
 21
1.0
 31
0.0
 73
     1
 44
1.0
  0
POINT
  5
363
330
35A
100
AcDbEntity
  8
Defpoints
 62
     0
100
AcDbPoint
 10
98.50000000000003
 20
55.72891914811621
 30
0.0
  0
POINT
  5
364
330
35A
100
AcDbEntity
  8
Defpoints
 62
     0
100
AcDbPoint
 10
98.50000000000004
 20
39.87445877084627
 30
0.0
  0
POINT
  5
365
330
35A
100
AcDbEntity
  8
Defpoints
 62
     0
100
AcDbPoint
 10
78.5
 20
39.87445877084627
 30
0.0
  0
ENDBLK
  5
35C
330
35A
100
AcDbEntity
  8
0
100
AcDbBlockEnd
  0
BLOCK
  5
368
330
367
100
AcDbEntity
  8
0
100
AcDbBlockBegin
  2
*D9
 70
     1
 10
0.0
 20
0.0
 30
0.0
  3
*D9
  1

  0
LINE
  5
36A
330
367
100
AcDbEntity
  8
Annotations
  6
Continuous
 62
     0
370
    15
100
AcDbLine
 10
102.375
 20
55.27576525459789
 30
0.0
 11
85.25
 21
55.27576525459789
 31
0.0
  0
LINE
  5
36B
330
367
100
AcDbEntity
  8
Annotations
  6
Continuous
 62
     0
370
    15
100
AcDbLine
 10
102.875
 20
42.99083985017999
 30
0.0
 11
85.25
 21
42.99083985017999
 31
0.0
  0
LINE
  5
36C
330
367
100
AcDbEntity
  8
Annotations
  6
Continuous
 62
     0
370
    15
100
AcDbLine
 10
86.5
 20
52.77576525459789
 30
0.0
 11
86.5
 21
45.49083985017999
 31
0.0
  0
SOLID
  5
36D
330
367
100
AcDbEntity
  8
Annotations
 62
     0
100
AcDbTrace
 10
86.91666666666667
 20
52.77576525459789
 30
0.0
 11
86.08333333333333
 21
52.77576525459789
 31
0.0
 12
86.5
 22
55.27576525459789
 32
0.0
 13
86.5
 23
55.27576525459789
 33
0.0
  0
SOLID
  5
36E
330
367
100
AcDbEntity
  8
Annotations
 62
     0
100
AcDbTrace
 10
86.08333333333333
 20
45.49083985017999
 30
0.0
 11
86.91666666666667
 21
45.49083985017999
 31
0.0
 12
86.5
 22
42.99083985017999
 32
0.0
 13
86.5
 23
42.99083985017999
 33
0.0
  0
MTEXT
  5
36F
330
367
100
AcDbEntity
  8
Annotations
 62
     0
370
    15
100
AcDbMText
 10
83.80625
 20
49.13330255238893
 30
0.0
 40
3.3495
 41
0.0
 46
0.0
 71
     5
 72
     1
  1
\A1;24,57
  7
Shapr17
 11
0.0
 21
1.0
 31
0.0
 73
     1
 44
1.0
  0
POINT
  5
370
330
367
100
AcDbEntity
  8
Defpoints
 62
     0
100
AcDbPoint
 10
103.0
 20
55.27576525459789
 30
0.0
  0
POINT
  5
371
330
367
100
AcDbEntity
  8
Defpoints
 62
     0
100
AcDbPoint
 10
103.5
 20
42.99083985017999
 30
0.0
  0
POINT
  5
372
330
367
100
AcDbEntity
  8
Defpoints
 62
     0
100
AcDbPoint
 10
86.5
 20
42.99083985017999
 30
0.0
  0
ENDBLK
  5
369
330
367
100
AcDbEntity
  8
0
100
AcDbBlockEnd
  0
BLOCK
  5
375
330
374
100
AcDbEntity
  8
0
100
AcDbBlockBegin
  2
*D10
 70
     1
 10
0.0
 20
0.0
 30
0.0
  3
*D10
  1

  0
LINE
  5
377
330
374
100
AcDbEntity
  8
Annotations
  6
Continuous
 62
     0
370
    15
100
AcDbLine
 10
99.375
 20
156.1340105910763
 30
0.0
 11
85.25
 21
156.1340105910763
 31
0.0
  0
LINE
  5
378
330
374
100
AcDbEntity
  8
Annotations
  6
Continuous
 62
     0
370
    15
100
AcDbLine
 10
99.375
 20
171.5221633101912
 30
0.0
 11
85.25
 21
171.5221633101912
 31
0.0
  0
LINE
  5
379
330
374
100
AcDbEntity
  8
Annotations
  6
Continuous
 62
     0
370
    15
100
AcDbLine
 10
86.5
 20
158.6340105910763
 30
0.0
 11
86.5
 21
169.0221633101912
 31
0.0
  0
SOLID
  5
37A
330
374
100
AcDbEntity
  8
Annotations
 62
     0
100
AcDbTrace
 10
86.08333333333333
 20
158.6340105910763
 30
0.0
 11
86.91666666666667
 21
158.6340105910763
 31
0.0
 12
86.5
 22
156.1340105910763
 32
0.0
 13
86.5
 23
156.1340105910763
 33
0.0
  0
SOLID
  5
37B
330
374
100
AcDbEntity
  8
Annotations
 62
     0
100
AcDbTrace
 10
86.91666666666667
 20
169.0221633101912
 30
0.0
 11
86.08333333333333
 21
169.0221633101912
 31
0.0
 12
86.5
 22
171.5221633101912
 32
0.0
 13
86.5
 23
171.5221633101912
 33
0.0
  0
MTEXT
  5
37C
330
374
100
AcDbEntity
  8
Annotations
 62
     0
370
    15
100
AcDbMText
 10
83.80624999999999
 20
163.8280869506337
 30
0.0
 40
3.3495
 41
0.0
 46
0.0
 71
     5
 72
     1
  1
\A1;30,78
  7
Shapr17
 11
0.0
 21
1.0
 31
0.0
 73
     1
 44
1.0
  0
POINT
  5
37D
330
374
100
AcDbEntity
  8
Defpoints
 62
     0
100
AcDbPoint
 10
100.0
 20
156.1340105910763
 30
0.0
  0
POINT
  5
37E
330
374
100
AcDbEntity
  8
Defpoints
 62
     0
100
AcDbPoint
 10
100.0
 20
171.5221633101912
 30
0.0
  0
POINT
  5
37F
330
374
100
AcDbEntity
  8
Defpoints
 62
     0
100
AcDbPoint
 10
86.5
 20
171.5221633101912
 30
0.0
  0
ENDBLK
  5
376
330
374
100
AcDbEntity
  8
0
100
AcDbBlockEnd
  0
BLOCK
  5
383
330
382
100
AcDbEntity
  8
0
100
AcDbBlockBegin
  2
*D11
 70
     1
 10
0.0
 20
0.0
 30
0.0
  3
*D11
  1

  0
LINE
  5
385
330
382
100
AcDbEntity
  8
Annotations
  6
Continuous
 62
     0
370
    15
100
AcDbLine
 10
264.2362916100744
 20
209.7567289930628
 30
0.0
 11
253.054627967742
 21
185.7775739292705
 31
0.0
  0
MTEXT
  5
386
330
382
100
AcDbEntity
  8
Annotations
 62
     0
370
    15
100
AcDbMText
 10
252.3441357504051
 20
189.8730556618147
 30
0.0
 40
3.3495
 41
0.0
 46
0.0
 71
     5
 72
     1
  1
\A1;R5
  7
Shapr16
 11
0.4226182617406936
 21
0.9063077870366529
 31
0.0
 73
     1
 44
1.0
  0
SOLID
  5
387
330
382
100
AcDbEntity
  8
Annotations
 62
     0
100
AcDbTrace
 10
264.613919854673
 20
209.5806380506708
 30
0.0
 11
263.8586633654758
 21
209.9328199354547
 31
0.0
 12
265.2928372644261
 22
212.0224984606544
 32
0.0
 13
265.2928372644261
 23
212.0224984606544
 33
0.0
  0
POINT
  5
388
330
382
100
AcDbEntity
  8
Defpoints
 62
     0
100
AcDbPoint
 10
265.2928372644261
 20
212.0224984606544
 30
0.0
  0
POINT
  5
389
330
382
100
AcDbEntity
  8
Defpoints
 62
     0
100
AcDbPoint
 10
266.3493829187778
 20
214.2882679282461
 30
0.0
  0
ENDBLK
  5
384
330
382
100
AcDbEntity
  8
0
100
AcDbBlockEnd
  0
BLOCK
  5
38D
330
38C
100
AcDbEntity
  8
0
100
AcDbBlockBegin
  2
*D12
 70
     1
 10
0.0
 20
0.0
 30
0.0
  3
*D12
  1

  0
ARC
  5
38F
330
38C
100
AcDbEntity
  8
Annotations
  6
Continuous
 62
     0
370
    15
100
AcDbCircle
 10
379.427230188635
 20
209.75
 30
0.0
 40
15.65874503770185
100
AcDbArc
 50
124.1573122416228
 51
170.8426877583772
  0
SOLID
  5
390
330
38C
100
AcDbEntity
  8
Annotations
 62
     0
100
AcDbTrace
 10
370.8410355339252
 20
222.3452315477927
 30
0.0
 11
370.4296872612358
 21
223.0699639418528
 31
0.0
 12
372.8095585797606
 22
223.9416425628907
 32
0.0
 13
372.8095585797606
 23
223.9416425628907
 33
0.0
  0
SOLID
  5
391
330
38C
100
AcDbEntity
  8
Annotations
 62
     0
100
AcDbTrace
 10
363.5527171931716
 20
212.2752832117437
 30
0.0
 11
364.3833910974
 21
212.2087602136261
 31
0.0
 12
363.7684851509331
 22
209.75
 32
0.0
 13
363.7684851509331
 23
209.75
 33
0.0
  0
MTEXT
  5
392
330
38C
100
AcDbEntity
  8
Annotations
 62
     0
370
    15
100
AcDbMText
 10
362.1205512343801
 20
215.0949517650006
 30
0.0
 40
3.3495
 41
0.0
 46
0.0
 71
     5
 72
     1
  1
\A1;65%%d
  7
Shapr16
 11
0.2950852679282683
 21
0.9554709229755253
 31
0.0
 73
     1
 44
1.0
  0
POINT
  5
393
330
38C
100
AcDbEntity
  8
Defpoints
 62
     0
100
AcDbPoint
 10
368.0374717880978
 20
220.4956828416414
 30
0.0
  0
POINT
  5
394
330
38C
100
AcDbEntity
  8
Defpoints
 62
     0
100
AcDbPoint
 10
261.9789191481162
 20
209.75
 30
0.0
  0
POINT
  5
395
330
38C
100
AcDbEntity
  8
Defpoints
 62
     0
100
AcDbPoint
 10
363.4742347454021
 20
243.9613091308703
 30
0.0
  0
POINT
  5
396
330
38C
100
AcDbEntity
  8
Defpoints
 62
     0
100
AcDbPoint
 10
379.3286951226721
 20
209.9613091308703
 30
0.0
  0
POINT
  5
397
330
38C
100
AcDbEntity
  8
Defpoints
 62
     0
100
AcDbPoint
 10
378.8755412291537
 20
209.75
 30
0.0
  0
ENDBLK
  5
38E
330
38C
100
AcDbEntity
  8
0
100
AcDbBlockEnd
  0
BLOCK
  5
39A
330
399
100
AcDbEntity
  8
0
100
AcDbBlockBegin
  2
*D13
 70
     1
 10
0.0
 20
0.0
 30
0.0
  3
*D13
  1

  0
LINE
  5
39C
330
399
100
AcDbEntity
  8
Annotations
  6
Continuous
 62
     0
370
    15
100
AcDbLine
 10
379.5005412291537
 20
209.25
 30
0.0
 11
392.1255412291537
 21
209.25
 31
0.0
  0
LINE
  5
39D
330
399
100
AcDbEntity
  8
Annotations
  6
Continuous
 62
     0
370
    15
100
AcDbLine
 10
358.0012909978266
 20
238.7216287843001
 30
0.0
 11
364.4879538859658
 21
252.632322238927
 31
0.0
  0
ARC
  5
39E
330
399
100
AcDbEntity
  8
Annotations
  6
Continuous
 62
     0
370
    15
100
AcDbCircle
 10
344.2584447974062
 20
209.25
 30
0.0
 40
46.61709643174753
100
AcDbArc
 50
3.073048949684336
 51
61.92695105031569
  0
SOLID
  5
39F
330
399
100
AcDbEntity
  8
Annotations
 62
     0
100
AcDbTrace
 10
390.3919888892195
 20
211.7379285049324
 30
0.0
 11
391.2250225848697
 21
211.7602736689688
 31
0.0
 12
390.8755412291537
 22
209.25
 32
0.0
 13
390.8755412291537
 23
209.25
 33
0.0
  0
SOLID
  5
3A0
330
399
100
AcDbEntity
  8
Annotations
 62
     0
100
AcDbTrace
 10
366.3824588356329
 20
250.7552876847677
 30
0.0
 11
366.0101519870369
 21
250.0097462339194
 31
0.0
 12
363.9596810587899
 22
251.4994375051312
 32
0.0
 13
363.9596810587899
 23
251.4994375051312
 33
0.0
  0
MTEXT
  5
3A1
330
399
100
AcDbEntity
  8
Annotations
 62
     0
370
    15
100
AcDbMText
 10
379.9272452282803
 20
242.9510126284474
 30
0.0
 40
3.3495
 41
0.0
 46
0.0
 71
     5
 72
     1
  1
\A1;65%%d
  7
Shapr16
 11
0.6867722894510127
 21
-0.7268726315127118
 31
0.0
 73
     1
 44
1.0
  0
POINT
  5
3A2
330
399
100
AcDbEntity
  8
Defpoints
 62
     0
100
AcDbPoint
 10
387.5819279528938
 20
226.4613185724694
 30
0.0
  0
POINT
  5
3A3
330
399
100
AcDbEntity
  8
Defpoints
 62
     0
100
AcDbPoint
 10
357.7371545842387
 20
238.1551864174022
 30
0.0
  0
POINT
  5
3A4
330
399
100
AcDbEntity
  8
Defpoints
 62
     0
100
AcDbPoint
 10
378.8755412291537
 20
209.25
 30
0.0
  0
POINT
  5
3A5
330
399
100
AcDbEntity
  8
Defpoints
 62
     0
100
AcDbPoint
 10
261.9789191481162
 20
209.25
 30
0.0
  0
POINT
  5
3A6
330
399
100
AcDbEntity
  8
Defpoints
 62
     0
100
AcDbPoint
 10
346.1151523863695
 20
213.2317222738943
 30
0.0
  0
ENDBLK
  5
39B
330
399
100
AcDbEntity
  8
0
100
AcDbBlockEnd
  0
BLOCK
  5
3F7
330
3DF
100
AcDbEntity
  8
0
100
AcDbBlockBegin
  2
*U14
 70
     1
 10
0.0
 20
0.0
 30
0.0
  3
*U14
  1

  0
LINE
  5
3E0
330
3DF
100
AcDbEntity
  8
Border
  6
Continuous
370
    15
100
AcDbLine
 10
410.0
 20
10.0
 30
0.0
 11
338.0
 21
10.0
 31
0.0
  0
LINE
  5
3E1
330
3DF
100
AcDbEntity
  8
Border
  6
Continuous
370
    15
100
AcDbLine
 10
410.0
 20
22.0
 30
0.0
 11
338.0
 21
22.0
 31
0.0
  0
LINE
  5
3E2
330
3DF
100
AcDbEntity
  8
Border
  6
Continuous
370
    15
100
AcDbLine
 10
410.0
 20
34.0
 30
0.0
 11
338.0
 21
34.0
 31
0.0
  0
LINE
  5
3E3
330
3DF
100
AcDbEntity
  8
Border
  6
Continuous
370
    15
100
AcDbLine
 10
410.0
 20
46.0
 30
0.0
 11
338.0
 21
46.0
 31
0.0
  0
LINE
  5
3E4
330
3DF
100
AcDbEntity
  8
Border
  6
Continuous
370
    15
100
AcDbLine
 10
410.0
 20
10.0
 30
0.0
 11
410.0
 21
46.0
 31
0.0
  0
LINE
  5
3E5
330
3DF
100
AcDbEntity
  8
Border
  6
Continuous
370
    15
100
AcDbLine
 10
390.0
 20
10.0
 30
0.0
 11
390.0
 21
34.0
 31
0.0
  0
LINE
  5
3E6
330
3DF
100
AcDbEntity
  8
Border
  6
Continuous
370
    15
100
AcDbLine
 10
358.0
 20
10.0
 30
0.0
 11
358.0
 21
34.0
 31
0.0
  0
LINE
  5
3E7
330
3DF
100
AcDbEntity
  8
Border
  6
Continuous
370
    15
100
AcDbLine
 10
338.0
 20
10.0
 30
0.0
 11
338.0
 21
46.0
 31
0.0
  0
CIRCLE
  5
3E8
330
3DF
100
AcDbEntity
  8
Border
  6
Continuous
370
    40
100
AcDbCircle
 10
369.5333333333333
 20
26.23333333333333
 30
0.0
 40
1.083333333333333
  0
CIRCLE
  5
3E9
330
3DF
100
AcDbEntity
  8
Border
  6
Continuous
370
    40
100
AcDbCircle
 10
369.5333333333333
 20
26.23333333333333
 30
0.0
 40
2.166666666666667
  0
LINE
  5
3EA
330
3DF
100
AcDbEntity
  8
Border
  6
Continuous
370
    15
100
AcDbLine
 10
369.3166666666667
 20
26.23333333333333
 30
0.0
 11
369.7499999999999
 21
26.23333333333333
 31
0.0
  0
LINE
  5
3EB
330
3DF
100
AcDbEntity
  8
Border
  6
Continuous
370
    15
100
AcDbLine
 10
368.8833333333333
 20
26.23333333333333
 30
0.0
 11
366.9333333333333
 21
26.23333333333333
 31
0.0
  0
LINE
  5
3EC
330
3DF
100
AcDbEntity
  8
Border
  6
Continuous
370
    15
100
AcDbLine
 10
370.1833333333333
 20
26.23333333333333
 30
0.0
 11
372.1333333333333
 21
26.23333333333333
 31
0.0
  0
LINE
  5
3ED
330
3DF
100
AcDbEntity
  8
Border
  6
Continuous
370
    15
100
AcDbLine
 10
369.5333333333333
 20
26.01666666666667
 30
0.0
 11
369.5333333333333
 21
26.45
 31
0.0
  0
LINE
  5
3EE
330
3DF
100
AcDbEntity
  8
Border
  6
Continuous
370
    15
100
AcDbLine
 10
369.5333333333333
 20
25.58333333333333
 30
0.0
 11
369.5333333333333
 21
23.63333333333333
 31
0.0
  0
LINE
  5
3EF
330
3DF
100
AcDbEntity
  8
Border
  6
Continuous
370
    15
100
AcDbLine
 10
369.5333333333333
 20
26.88333333333333
 30
0.0
 11
369.5333333333333
 21
28.83333333333333
 31
0.0
  0
LINE
  5
3F0
330
3DF
100
AcDbEntity
  8
Border
  6
Continuous
370
    40
100
AcDbLine
 10
360.4333333333333
 20
27.31666666666666
 30
0.0
 11
360.4333333333333
 21
25.15
 31
0.0
  0
LINE
  5
3F1
330
3DF
100
AcDbEntity
  8
Border
  6
Continuous
370
    40
100
AcDbLine
 10
360.4333333333333
 20
27.31666666666666
 30
0.0
 11
365.6333333333333
 21
28.4
 31
0.0
  0
LINE
  5
3F2
330
3DF
100
AcDbEntity
  8
Border
  6
Continuous
370
    40
100
AcDbLine
 10
360.4333333333333
 20
25.15
 30
0.0
 11
365.6333333333333
 21
24.06666666666666
 31
0.0
  0
LINE
  5
3F3
330
3DF
100
AcDbEntity
  8
Border
  6
Continuous
370
    40
100
AcDbLine
 10
365.6333333333333
 20
28.4
 30
0.0
 11
365.6333333333333
 21
24.06666666666666
 31
0.0
  0
LINE
  5
3F4
330
3DF
100
AcDbEntity
  8
Border
  6
Continuous
370
    15
100
AcDbLine
 10
360.0
 20
26.23333333333333
 30
0.0
 11
362.3833333333333
 21
26.23333333333333
 31
0.0
  0
LINE
  5
3F5
330
3DF
100
AcDbEntity
  8
Border
  6
Continuous
370
    15
100
AcDbLine
 10
362.8166666666667
 20
26.23333333333333
 30
0.0
 11
363.25
 21
26.23333333333333
 31
0.0
  0
LINE
  5
3F6
330
3DF
100
AcDbEntity
  8
Border
  6
Continuous
370
    15
100
AcDbLine
 10
366.0666666666667
 20
26.23333333333333
 30
0.0
 11
363.6833333333333
 21
26.23333333333333
 31
0.0
  0
ENDBLK
  5
3F8
330
3DF
100
AcDbEntity
  8
0
100
AcDbBlockEnd
  0
ENDSEC
  0
SECTION
  2
ENTITIES
  0
ELLIPSE
  5
95
330
1F
100
AcDbEntity
  8
Geometries
  6
Continuous
370
    40
100
AcDbEllipse
 10
136.0
 20
209.75
 30
0.0
 11
-0.5000000000000004
 21
0.0
 31
0.0
210
0.0
220
0.0
230
1.0
 40
0.4226182617406978
 41
3.141592653589793
 42
4.712388980384704
  0
ELLIPSE
  5
96
330
1F
100
AcDbEntity
  8
Geometries
  6
Continuous
370
    40
100
AcDbEllipse
 10
99.0
 20
243.75
 30
0.0
 11
0.5000000000000004
 21
0.0
 31
0.0
210
0.0
220
0.0
230
1.0
 40
0.4226182617406978
 41
1.570796326794897
 42
3.141592653589793
  0
ELLIPSE
  5
97
330
1F
100
AcDbEntity
  8
Geometries
  6
Continuous
370
    40
100
AcDbEllipse
 10
136.0
 20
243.75
 30
0.0
 11
0.5000000000000004
 21
0.0
 31
0.0
210
0.0
220
0.0
230
1.0
 40
0.4226182617406978
 41
0.0
 42
1.570796326794897
  0
ELLIPSE
  5
98
330
1F
100
AcDbEntity
  8
Geometries
  6
Continuous
370
    40
100
AcDbEllipse
 10
99.0
 20
209.75
 30
0.0
 11
-0.5000000000000004
 21
0.0
 31
0.0
210
0.0
220
0.0
230
1.0
 40
0.4226182617406978
 41
4.712388980384697
 42
6.283185307179586
  0
ARC
  5
99
330
1F
100
AcDbEntity
  8
Geometries
  6
Continuous
370
    40
100
AcDbCircle
 10
99.0
 20
209.75
 30
0.0
 40
0.5000000000000004
100
AcDbArc
 50
180.0
 51
270.0
  0
ARC
  5
9A
330
1F
100
AcDbEntity
  8
Geometries
  6
Continuous
370
    40
100
AcDbCircle
 10
136.0
 20
209.75
 30
0.0
 40
0.5000000000000004
100
AcDbArc
 50
270.0
 51
0.0
  0
ARC
  5
9B
330
1F
100
AcDbEntity
  8
Geometries
  6
Continuous
370
    40
100
AcDbCircle
 10
103.0
 20
243.75
 30
0.0
 40
0.4999999999999996
100
AcDbArc
 50
25.00000000000004
 51
90.0
  0
ARC
  5
9C
330
1F
100
AcDbEntity
  8
Geometries
  6
Continuous
370
    40
100
AcDbCircle
 10
136.0
 20
243.75
 30
0.0
 40
0.5000000000000004
100
AcDbArc
 50
0.0
 51
90.0
  0
ARC
  5
9D
330
1F
100
AcDbEntity
  8
Geometries
  6
Continuous
370
    40
100
AcDbCircle
 10
132.0
 20
243.75
 30
0.0
 40
0.5000000000000004
100
AcDbArc
 50
90.0
 51
155.0000000000007
  0
ARC
  5
9E
330
1F
100
AcDbEntity
  8
Geometries
  6
Continuous
370
    40
100
AcDbCircle
 10
132.0
 20
243.75
 30
0.0
 40
0.5000000000000012
100
AcDbArc
 50
155.0000000000007
 51
180.0
  0
LINE
  5
9F
330
1F
100
AcDbEntity
  8
Geometries
  6
Continuous
370
    40
100
AcDbLine
 10
136.0
 20
209.25
 30
0.0
 11
99.0
 21
209.25
 31
0.0
  0
LINE
  5
A0
330
1F
100
AcDbEntity
  8
Geometries
  6
Continuous
370
    40
100
AcDbLine
 10
131.5
 20
215.75
 30
0.0
 11
131.5468461064817
 21
215.75
 31
0.0
  0
LINE
  5
A1
330
1F
100
AcDbEntity
  8
Geometries
  6
Continuous
370
    40
100
AcDbLine
 10
99.0
 20
244.25
 30
0.0
 11
99.0
 21
243.9613091308703
 31
0.0
  0
LINE
  5
A2
330
1F
100
AcDbEntity
  8
Geometries
  6
Continuous
370
    40
100
AcDbLine
 10
99.0
 20
244.25
 30
0.0
 11
103.0
 21
244.25
 31
0.0
  0
LINE
  5
A3
330
1F
100
AcDbEntity
  8
Geometries
  6
Continuous
370
    40
100
AcDbLine
 10
98.5
 20
209.75
 30
0.0
 11
98.5
 21
243.75
 31
0.0
  0
LINE
  5
A4
330
1F
100
AcDbEntity
  8
Geometries
  6
Continuous
370
    40
100
AcDbLine
 10
136.5
 20
243.75
 30
0.0
 11
136.5
 21
209.75
 31
0.0
  0
LINE
  5
A5
330
1F
100
AcDbEntity
  8
Geometries
  6
Continuous
370
    40
100
AcDbLine
 10
103.0
 20
243.9613091308703
 30
0.0
 11
99.0
 21
243.9613091308703
 31
0.0
  0
LINE
  5
A6
330
1F
100
AcDbEntity
  8
Geometries
  6
Continuous
370
    40
100
AcDbLine
 10
132.0
 20
215.4613091308703
 30
0.0
 11
103.0
 21
215.4613091308703
 31
0.0
  0
LINE
  5
A7
330
1F
100
AcDbEntity
  8
Geometries
  6
Continuous
370
    40
100
AcDbLine
 10
132.0
 20
243.9613091308703
 30
0.0
 11
132.0
 21
215.4613091308703
 31
0.0
  0
LINE
  5
A8
330
1F
100
AcDbEntity
  8
Geometries
  6
Continuous
370
    40
100
AcDbLine
 10
136.0
 20
209.9613091308703
 30
0.0
 11
136.0
 21
243.9613091308703
 31
0.0
  0
ELLIPSE
  5
A9
330
1F
100
AcDbEntity
  8
Geometries
  6
Continuous
370
    40
100
AcDbEllipse
 10
103.0
 20
215.25
 30
0.0
 11
0.4881480035599672
 21
0.488148003559968
 31
0.0
210
0.0
220
0.0
230
1.0
 40
0.2216946626429386
 41
0.2181661564992842
 42
1.352630170295607
  0
LINE
  5
AA
330
1F
100
AcDbEntity
  8
Geometries
  6
Continuous
370
    40
100
AcDbLine
 10
103.4531538935183
 20
215.75
 30
0.0
 11
103.5
 21
215.75
 31
0.0
  0
ELLIPSE
  5
AB
330
1F
100
AcDbEntity
  8
Geometries
  6
Continuous
370
    40
100
AcDbEllipse
 10
103.0
 20
243.75
 30
0.0
 11
0.5000000000000004
 21
0.0
 31
0.0
210
0.0
220
0.0
230
1.0
 40
0.4226182617406978
 41
0.0
 42
1.570796326794897
  0
LINE
  5
AC
330
1F
100
AcDbEntity
  8
Geometries
  6
Continuous
370
    40
100
AcDbLine
 10
131.5468461064817
 20
243.9613091308703
 30
0.0
 11
103.4531538935183
 21
243.9613091308703
 31
0.0
  0
LINE
  5
AD
330
1F
100
AcDbEntity
  8
Geometries
  6
Continuous
370
    40
100
AcDbLine
 10
103.0
 20
244.25
 30
0.0
 11
132.0
 21
244.25
 31
0.0
  0
LINE
  5
AE
330
1F
100
AcDbEntity
  8
Geometries
  6
Continuous
370
    40
100
AcDbLine
 10
103.0
 20
215.4613091308703
 30
0.0
 11
103.0
 21
243.9613091308703
 31
0.0
  0
ARC
  5
AF
330
1F
100
AcDbEntity
  8
Geometries
  6
Continuous
370
    40
100
AcDbCircle
 10
99.0
 20
243.75
 30
0.0
 40
0.5000000000000004
100
AcDbArc
 50
90.0
 51
180.0
  0
LINE
  5
B0
330
1F
100
AcDbEntity
  8
Geometries
  6
Continuous
370
    40
100
AcDbLine
 10
132.0
 20
244.25
 30
0.0
 11
132.0
 21
243.9613091308703
 31
0.0
  0
LINE
  5
B1
330
1F
100
AcDbEntity
  8
Geometries
  6
Continuous
370
    40
100
AcDbLine
 10
132.0
 20
244.25
 30
0.0
 11
136.0
 21
244.25
 31
0.0
  0
ARC
  5
B2
330
1F
100
AcDbEntity
  8
Geometries
  6
Continuous
370
    40
100
AcDbCircle
 10
103.0
 20
243.75
 30
0.0
 40
0.5000000000000004
100
AcDbArc
 50
0.0
 51
25.00000000000004
  0
LINE
  5
B3
330
1F
100
AcDbEntity
  8
Geometries
  6
Continuous
370
    40
100
AcDbLine
 10
103.0
 20
243.9613091308703
 30
0.0
 11
103.0
 21
244.25
 31
0.0
  0
LINE
  5
B4
330
1F
100
AcDbEntity
  8
Geometries
  6
Continuous
370
    40
100
AcDbLine
 10
136.0
 20
243.9613091308703
 30
0.0
 11
132.0
 21
243.9613091308703
 31
0.0
  0
LINE
  5
B5
330
1F
100
AcDbEntity
  8
Geometries
  6
Continuous
370
    40
100
AcDbLine
 10
136.0
 20
244.25
 30
0.0
 11
136.0
 21
243.9613091308703
 31
0.0
  0
LINE
  5
B6
330
1F
100
AcDbEntity
  8
Geometries
  6
Continuous
370
    40
100
AcDbLine
 10
103.5
 20
243.75
 30
0.0
 11
103.5
 21
215.75
 31
0.0
  0
LINE
  5
B7
330
1F
100
AcDbEntity
  8
Geometries
  6
Continuous
370
    40
100
AcDbLine
 10
136.0
 20
209.25
 30
0.0
 11
136.0
 21
209.9613091308703
 31
0.0
  0
ELLIPSE
  5
B8
330
1F
100
AcDbEntity
  8
Geometries
  6
Continuous
370
    40
100
AcDbEllipse
 10
132.0
 20
215.25
 30
0.0
 11
0.4881480035599672
 21
-0.488148003559968
 31
0.0
210
0.0
220
0.0
230
1.0
 40
0.2216946626429386
 41
1.788962483294187
 42
2.923426497090517
  0
LINE
  5
B9
330
1F
100
AcDbEntity
  8
Geometries
  6
Continuous
370
    40
100
AcDbLine
 10
103.5
 20
215.75
 30
0.0
 11
131.5
 21
215.75
 31
0.0
  0
LINE
  5
BA
330
1F
100
AcDbEntity
  8
Geometries
  6
Continuous
370
    40
100
AcDbLine
 10
99.0
 20
209.9613091308703
 30
0.0
 11
136.0
 21
209.9613091308703
 31
0.0
  0
LINE
  5
BB
330
1F
100
AcDbEntity
  8
Geometries
  6
Continuous
370
    40
100
AcDbLine
 10
99.0
 20
209.25
 30
0.0
 11
99.0
 21
209.9613091308703
 31
0.0
  0
ELLIPSE
  5
BC
330
1F
100
AcDbEntity
  8
Geometries
  6
Continuous
370
    40
100
AcDbEllipse
 10
132.0
 20
243.75
 30
0.0
 11
-0.5000000000000004
 21
0.0
 31
0.0
210
0.0
220
0.0
230
1.0
 40
0.4226182617406978
 41
4.712388980384704
 42
6.283185307179586
  0
LINE
  5
BD
330
1F
100
AcDbEntity
  8
Geometries
  6
Continuous
370
    40
100
AcDbLine
 10
131.5
 20
215.75
 30
0.0
 11
131.5
 21
243.75
 31
0.0
  0
LINE
  5
BE
330
1F
100
AcDbEntity
  8
Geometries
  6
Continuous
370
    40
100
AcDbLine
 10
99.0
 20
243.9613091308703
 30
0.0
 11
99.0
 21
209.9613091308703
 31
0.0
  0
ARC
  5
BF
330
1F
100
AcDbEntity
  8
Geometries
  6
Continuous
370
    40
100
AcDbCircle
 10
274.960494029889
 20
214.2882679282461
 30
0.0
 40
2.500000000000009
100
AcDbArc
 50
155.0000000000007
 51
334.9999999999995
  0
ARC
  5
C0
330
1F
100
AcDbEntity
  8
Geometries
  6
Continuous
370
    40
100
AcDbCircle
 10
283.5716051410001
 20
214.2882679282461
 30
0.0
 40
2.500000000000009
100
AcDbArc
 50
155.0000000000001
 51
334.9999999999995
  0
ARC
  5
C1
330
1F
100
AcDbEntity
  8
Geometries
  6
Continuous
370
    40
100
AcDbCircle
 10
295.1936073388693
 20
239.2117320717539
 30
0.0
 40
2.49999999999998
100
AcDbArc
 50
335.0000000000001
 51
155.0000000000001
  0
ARC
  5
C2
330
1F
100
AcDbEntity
  8
Geometries
  6
Continuous
370
    40
100
AcDbCircle
 10
303.8047184499804
 20
239.2117320717539
 30
0.0
 40
2.49999999999998
100
AcDbArc
 50
335.0000000000001
 51
155.0000000000001
  0
ARC
  5
C3
330
1F
100
AcDbEntity
  8
Geometries
  6
Continuous
370
    40
100
AcDbCircle
 10
286.5824962277582
 20
239.2117320717539
 30
0.0
 40
2.49999999999998
100
AcDbArc
 50
335.0000000000001
 51
155.0000000000001
  0
ARC
  5
C4
330
1F
100
AcDbEntity
  8
Geometries
  6
Continuous
370
    40
100
AcDbCircle
 10
261.9789191481162
 20
209.75
 30
0.0
 40
0.5000000000000012
100
AcDbArc
 50
204.9999999999993
 51
270.0
  0
ARC
  5
C5
330
1F
100
AcDbEntity
  8
Geometries
  6
Continuous
370
    40
100
AcDbCircle
 10
335.2382718076668
 20
214.2882679282461
 30
0.0
 40
2.500000000000009
100
AcDbArc
 50
155.0000000000007
 51
334.9999999999995
  0
ARC
  5
C6
330
1F
100
AcDbEntity
  8
Geometries
  6
Continuous
370
    40
100
AcDbCircle
 10
321.0269406722027
 20
239.2117320717539
 30
0.0
 40
2.49999999999998
100
AcDbArc
 50
335.0000000000001
 51
155.0000000000001
  0
ARC
  5
C7
330
1F
100
AcDbEntity
  8
Geometries
  6
Continuous
370
    40
100
AcDbCircle
 10
378.8755412291537
 20
209.75
 30
0.0
 40
0.5000000000000004
100
AcDbArc
 50
270.0
 51
0.0
  0
ARC
  5
C8
330
1F
100
AcDbEntity
  8
Geometries
  6
Continuous
370
    40
100
AcDbCircle
 10
378.8755412291537
 20
209.75
 30
0.0
 40
0.5000000000000004
100
AcDbArc
 50
0.0
 51
24.99999999999936
  0
ARC
  5
C9
330
1F
100
AcDbEntity
  8
Geometries
  6
Continuous
370
    40
100
AcDbCircle
 10
267.9713851166471
 20
239.2117320717539
 30
0.0
 40
2.49999999999998
100
AcDbArc
 50
335.0000000000001
 51
154.9999999999995
  0
ARC
  5
CA
330
1F
100
AcDbEntity
  8
Geometries
  6
Continuous
370
    40
100
AcDbCircle
 10
329.6380517833138
 20
239.2117320717539
 30
0.0
 40
2.49999999999998
100
AcDbArc
 50
335.0000000000001
 51
155.0000000000001
  0
ARC
  5
CB
330
1F
100
AcDbEntity
  8
Geometries
  6
Continuous
370
    40
100
AcDbCircle
 10
309.4049384743334
 20
214.2882679282461
 30
0.0
 40
2.500000000000009
100
AcDbArc
 50
155.0000000000001
 51
335.0000000000001
  0
ARC
  5
CC
330
1F
100
AcDbEntity
  8
Geometries
  6
Continuous
370
    40
100
AcDbCircle
 10
363.0210808518838
 20
243.75
 30
0.0
 40
0.4999999999999949
100
AcDbArc
 50
24.99999999999936
 51
90.0
  0
ARC
  5
CD
330
1F
100
AcDbEntity
  8
Geometries
  6
Continuous
370
    40
100
AcDbCircle
 10
246.1244587708463
 20
243.75
 30
0.0
 40
0.5000000000000004
100
AcDbArc
 50
90.0
 51
204.9999999999993
  0
LINE
  5
CE
330
1F
100
AcDbEntity
  8
Geometries
  6
Continuous
370
    40
100
AcDbLine
 10
357.6698539639891
 20
244.25
 30
0.0
 11
363.0210808518838
 21
244.25
 31
0.0
  0
LINE
  5
CF
330
1F
100
AcDbEntity
  8
Geometries
  6
Continuous
370
    40
100
AcDbLine
 10
275.7056156490555
 20
240.2682777261057
 30
0.0
 11
264.0836134511862
 21
215.3448135825978
 31
0.0
  0
LINE
  5
D0
330
1F
100
AcDbEntity
  8
Geometries
  6
Continuous
370
    40
100
AcDbLine
 10
356.1251560063578
 20
244.2499332438238
 30
0.0
 11
357.6698850929054
 21
244.2499332438238
 31
0.0
  0
LINE
  5
D1
330
1F
100
AcDbEntity
  8
Geometries
  6
Continuous
370
    40
100
AcDbLine
 10
280.2371545842387
 20
238.1551864174022
 30
0.0
 11
268.6151523863695
 21
213.2317222738943
 31
0.0
  0
LINE
  5
D2
330
1F
100
AcDbEntity
  8
Geometries
  6
Continuous
370
    40
100
AcDbLine
 10
288.8482656953498
 20
238.1551864174022
 30
0.0
 11
277.2262634974806
 21
213.2317222738943
 31
0.0
  0
LINE
  5
D3
330
1F
100
AcDbEntity
  8
Geometries
  6
Continuous
370
    40
100
AcDbLine
 10
292.9278378712777
 20
240.2682777261057
 30
0.0
 11
281.3058356734085
 21
215.3448135825978
 31
0.0
  0
LINE
  5
D4
330
1F
100
AcDbEntity
  8
Geometries
  6
Continuous
370
    40
100
AcDbLine
 10
349.1260434731276
 20
238.1551864174022
 30
0.0
 11
337.5040412752584
 21
213.2317222738943
 31
0.0
  0
LINE
  5
D5
330
1F
100
AcDbEntity
  8
Geometries
  6
Continuous
370
    40
100
AcDbLine
 10
363.4742347454021
 20
243.9613091308703
 30
0.0
 11
379.3286951226721
 21
209.9613091308703
 31
0.0
  0
LINE
  5
D6
330
1F
100
AcDbEntity
  8
Geometries
  6
Continuous
370
    40
100
AcDbLine
 10
301.5389489823888
 20
240.2682777261057
 30
0.0
 11
289.9169467845196
 21
215.3448135825978
 31
0.0
  0
LINE
  5
D7
330
1F
100
AcDbEntity
  8
Geometries
  6
Continuous
370
    40
100
AcDbLine
 10
306.0704879175721
 20
238.1551864174022
 30
0.0
 11
294.4484857197028
 21
213.2317222738943
 31
0.0
  0
LINE
  5
D8
330
1F
100
AcDbEntity
  8
Geometries
  6
Continuous
370
    40
100
AcDbLine
 10
357.7371545842387
 20
238.1551864174022
 30
0.0
 11
346.1151523863695
 21
213.2317222738943
 31
0.0
  0
LINE
  5
D9
330
1F
100
AcDbEntity
  8
Geometries
  6
Continuous
370
    40
100
AcDbLine
 10
361.9261534853041
 20
225.6934543456482
 30
0.0
 11
356.1151523863695
 21
213.2317222738943
 31
0.0
  0
LINE
  5
DA
330
1F
100
AcDbEntity
  8
Geometries
  6
Continuous
370
    40
100
AcDbLine
 10
261.5257652545979
 20
209.5386908691297
 30
0.0
 11
245.6713048773279
 21
243.5386908691297
 31
0.0
  0
LINE
  5
DB
330
1F
100
AcDbEntity
  8
Geometries
  6
Continuous
370
    40
100
AcDbLine
 10
261.9789191481162
 20
209.75
 30
0.0
 11
261.9789191481162
 21
209.25
 31
0.0
  0
LINE
  5
DC
330
1F
100
AcDbEntity
  8
Geometries
  6
Continuous
370
    40
100
AcDbLine
 10
314.6815990286831
 20
238.1551864174022
 30
0.0
 11
303.0595968308139
 21
213.2317222738943
 31
0.0
  0
LINE
  5
DD
330
1F
100
AcDbEntity
  8
Geometries
  6
Continuous
370
    40
100
AcDbLine
 10
356.1251248774416
 20
244.25
 30
0.0
 11
357.6698539639891
 21
244.25
 31
0.0
  0
LINE
  5
DE
330
1F
100
AcDbEntity
  8
Geometries
  6
Continuous
370
    40
100
AcDbLine
 10
261.9789191481162
 20
209.75
 30
0.0
 11
378.8755412291537
 21
209.75
 31
0.0
  0
LINE
  5
DF
330
1F
100
AcDbEntity
  8
Geometries
  6
Continuous
370
    40
100
AcDbLine
 10
378.8755412291537
 20
209.25
 30
0.0
 11
261.9789191481162
 21
209.25
 31
0.0
  0
ARC
  5
E0
330
1F
100
AcDbEntity
  8
Geometries
  6
Continuous
370
    40
100
AcDbCircle
 10
300.7938273632223
 20
214.2882679282461
 30
0.0
 40
2.500000000000009
100
AcDbArc
 50
155.0000000000007
 51
334.9999999999995
  0
LINE
  5
E1
330
1F
100
AcDbEntity
  8
Geometries
  6
Continuous
370
    40
100
AcDbLine
 10
318.761171204611
 20
240.2682777261057
 30
0.0
 11
307.1391690067418
 21
215.3448135825978
 31
0.0
  0
LINE
  5
E2
330
1F
100
AcDbEntity
  8
Geometries
  6
Continuous
370
    40
100
AcDbLine
 10
246.1244587708462
 20
243.75
 30
0.0
 11
245.6713048773279
 21
243.5386908691297
 31
0.0
  0
ARC
  5
E3
330
1F
100
AcDbEntity
  8
Geometries
  6
Continuous
370
    40
100
AcDbCircle
 10
277.9713851166471
 20
239.2117320717539
 30
0.0
 40
2.49999999999998
100
AcDbArc
 50
335.0000000000001
 51
154.9999999999995
  0
LINE
  5
E4
330
1F
100
AcDbEntity
  8
Geometries
  6
Continuous
370
    40
100
AcDbLine
 10
331.9038212509054
 20
238.1551864174022
 30
0.0
 11
320.2818190530361
 21
213.2317222738943
 31
0.0
  0
LINE
  5
E5
330
1F
100
AcDbEntity
  8
Geometries
  6
Continuous
370
    40
100
AcDbLine
 10
284.3167267601666
 20
240.2682777261057
 30
0.0
 11
272.6947245622973
 21
215.3448135825978
 31
0.0
  0
ARC
  5
E6
330
1F
100
AcDbEntity
  8
Geometries
  6
Continuous
370
    40
100
AcDbCircle
 10
353.8493829187778
 20
214.2882679282461
 30
0.0
 40
2.500000000000009
100
AcDbArc
 50
155.0000000000001
 51
334.9999999999995
  0
LINE
  5
E7
330
1F
100
AcDbEntity
  8
Geometries
  6
Continuous
370
    40
100
AcDbLine
 10
356.4092638904917
 20
225.6934543456482
 30
0.0
 11
351.5836134511862
 21
215.3448135825978
 31
0.0
  0
ARC
  5
E8
330
1F
100
AcDbEntity
  8
Geometries
  6
Continuous
370
    40
100
AcDbCircle
 10
292.1827162521112
 20
214.2882679282461
 30
0.0
 40
2.500000000000009
100
AcDbArc
 50
155.0000000000001
 51
335.0000000000001
  0
LINE
  5
E9
330
1F
100
AcDbEntity
  8
Geometries
  6
Continuous
370
    40
100
AcDbLine
 10
335.9833934268332
 20
240.2682777261057
 30
0.0
 11
324.361391228964
 21
215.3448135825978
 31
0.0
  0
LINE
  5
EA
330
1F
100
AcDbEntity
  8
Geometries
  6
Continuous
370
    40
100
AcDbLine
 10
363.4742347454021
 20
243.9613091308703
 30
0.0
 11
363.0210808518838
 21
243.75
 31
0.0
  0
LINE
  5
EB
330
1F
100
AcDbEntity
  8
Geometries
  6
Continuous
370
    40
100
AcDbLine
 10
323.2927101397943
 20
238.1551864174022
 30
0.0
 11
311.670707941925
 21
213.2317222738943
 31
0.0
  0
ARC
  5
EC
330
1F
100
AcDbEntity
  8
Geometries
  6
Continuous
370
    40
100
AcDbCircle
 10
355.4713851166471
 20
239.2117320717539
 30
0.0
 40
2.49999999999998
100
AcDbArc
 50
335.0000000000001
 51
154.9999999999995
  0
LINE
  5
ED
330
1F
100
AcDbEntity
  8
Geometries
  6
Continuous
370
    40
100
AcDbLine
 10
363.0210808518838
 20
244.25
 30
0.0
 11
363.0210808518838
 21
243.75
 31
0.0
  0
LINE
  5
EE
330
1F
100
AcDbEntity
  8
Geometries
  6
Continuous
370
    40
100
AcDbLine
 10
327.3722823157221
 20
240.2682777261057
 30
0.0
 11
315.7502801178529
 21
215.3448135825978
 31
0.0
  0
ARC
  5
EF
330
1F
100
AcDbEntity
  8
Geometries
  6
Continuous
370
    40
100
AcDbCircle
 10
338.2491628944249
 20
239.2117320717539
 30
0.0
 40
2.49999999999998
100
AcDbArc
 50
334.9999999999995
 51
155.0000000000001
  0
LINE
  5
F0
330
1F
100
AcDbEntity
  8
Geometries
  6
Continuous
370
    40
100
AcDbLine
 10
378.8755412291537
 20
209.75
 30
0.0
 11
379.3286951226721
 21
209.9613091308703
 31
0.0
  0
ARC
  5
F1
330
1F
100
AcDbEntity
  8
Geometries
  6
Continuous
370
    40
100
AcDbCircle
 10
346.860274005536
 20
239.2117320717539
 30
0.0
 40
2.49999999999998
100
AcDbArc
 50
335.0000000000001
 51
155.0000000000001
  0
LINE
  5
F2
330
1F
100
AcDbEntity
  8
Geometries
  6
Continuous
370
    40
100
AcDbLine
 10
264.4261534853041
 20
225.6934543456482
 30
0.0
 11
259.8946145501208
 21
227.8065456543517
 31
0.0
  0
LINE
  5
F3
330
1F
100
AcDbEntity
  8
Geometries
  6
Continuous
370
    40
100
AcDbLine
 10
270.2371545842387
 20
238.1551864174022
 30
0.0
 11
264.4261534853041
 21
225.6934543456482
 31
0.0
  0
LINE
  5
F4
330
1F
100
AcDbEntity
  8
Geometries
  6
Continuous
370
    40
100
AcDbLine
 10
340.5149323620165
 20
238.1551864174022
 30
0.0
 11
328.8929301641472
 21
213.2317222738943
 31
0.0
  0
LINE
  5
F5
330
1F
100
AcDbEntity
  8
Geometries
  6
Continuous
370
    40
100
AcDbLine
 10
310.1500600934999
 20
240.2682777261057
 30
0.0
 11
298.5280578956307
 21
215.3448135825978
 31
0.0
  0
LINE
  5
F6
330
1F
100
AcDbEntity
  8
Geometries
  6
Continuous
370
    40
100
AcDbLine
 10
246.1244587708463
 20
244.25
 30
0.0
 11
246.1244587708462
 21
243.75
 31
0.0
  0
LINE
  5
F7
330
1F
100
AcDbEntity
  8
Geometries
  6
Continuous
370
    40
100
AcDbLine
 10
344.5945045379444
 20
240.2682777261057
 30
0.0
 11
332.9725023400751
 21
215.3448135825978
 31
0.0
  0
LINE
  5
F8
330
1F
100
AcDbEntity
  8
Geometries
  6
Continuous
370
    40
100
AcDbLine
 10
378.8755412291537
 20
209.75
 30
0.0
 11
378.8755412291537
 21
209.25
 31
0.0
  0
LINE
  5
F9
330
1F
100
AcDbEntity
  8
Geometries
  6
Continuous
370
    40
100
AcDbLine
 10
363.0210808518838
 20
243.75
 30
0.0
 11
246.1244587708462
 21
243.75
 31
0.0
  0
ARC
  5
FA
330
1F
100
AcDbEntity
  8
Geometries
  6
Continuous
370
    40
100
AcDbCircle
 10
312.4158295610915
 20
239.2117320717539
 30
0.0
 40
2.49999999999998
100
AcDbArc
 50
335.0000000000001
 51
155.0000000000001
  0
LINE
  5
FB
330
1F
100
AcDbEntity
  8
Geometries
  6
Continuous
370
    40
100
AcDbLine
 10
356.4092638904917
 20
225.6934543456482
 30
0.0
 11
361.9261534853041
 21
225.6934543456482
 31
0.0
  0
ARC
  5
FC
330
1F
100
AcDbEntity
  8
Geometries
  6
Continuous
370
    40
100
AcDbCircle
 10
343.8493829187778
 20
214.2882679282461
 30
0.0
 40
2.500000000000009
100
AcDbArc
 50
155.0000000000001
 51
334.9999999999995
  0
LINE
  5
FD
330
1F
100
AcDbEntity
  8
Geometries
  6
Continuous
370
    40
100
AcDbLine
 10
261.5257652545979
 20
209.5386908691297
 30
0.0
 11
261.9789191481162
 21
209.75
 31
0.0
  0
ARC
  5
FE
330
1F
100
AcDbEntity
  8
Geometries
  6
Continuous
370
    40
100
AcDbCircle
 10
266.3493829187778
 20
214.2882679282461
 30
0.0
 40
2.500000000000009
100
AcDbArc
 50
155.0000000000001
 51
334.9999999999995
  0
LINE
  5
FF
330
1F
100
AcDbEntity
  8
Geometries
  6
Continuous
370
    40
100
AcDbLine
 10
353.2056156490555
 20
240.2682777261057
 30
0.0
 11
341.5836134511862
 21
215.3448135825978
 31
0.0
  0
LINE
  5
100
330
1F
100
AcDbEntity
  8
Geometries
  6
Continuous
370
    40
100
AcDbLine
 10
378.8755412291537
 20
209.75
 30
0.0
 11
363.0210808518838
 21
243.75
 31
0.0
  0
ARC
  5
101
330
1F
100
AcDbEntity
  8
Geometries
  6
Continuous
370
    40
100
AcDbCircle
 10
326.6271606965556
 20
214.2882679282461
 30
0.0
 40
2.500000000000009
100
AcDbArc
 50
155.0000000000001
 51
335.0000000000001
  0
LINE
  5
102
330
1F
100
AcDbEntity
  8
Geometries
  6
Continuous
370
    40
100
AcDbLine
 10
265.7056156490555
 20
240.2682777261057
 30
0.0
 11
259.8946145501208
 21
227.8065456543517
 31
0.0
  0
LINE
  5
103
330
1F
100
AcDbEntity
  8
Geometries
  6
Continuous
370
    40
100
AcDbLine
 10
246.1244587708463
 20
244.25
 30
0.0
 11
356.1251248774416
 21
244.25
 31
0.0
  0
LINE
  5
104
330
1F
100
AcDbEntity
  8
Geometries
  6
Continuous
370
    40
100
AcDbLine
 10
357.6698850929054
 20
244.2499332438238
 30
0.0
 11
357.6698539639891
 21
244.25
 31
0.0
  0
LINE
  5
105
330
1F
100
AcDbEntity
  8
Geometries
  6
Continuous
370
    40
100
AcDbLine
 10
297.4593768064609
 20
238.1551864174022
 30
0.0
 11
285.8373746085917
 21
213.2317222738943
 31
0.0
  0
ARC
  5
106
330
1F
100
AcDbEntity
  8
Geometries
  6
Continuous
370
    40
100
AcDbCircle
 10
318.0160495854445
 20
214.2882679282461
 30
0.0
 40
2.500000000000009
100
AcDbArc
 50
155.0000000000007
 51
334.9999999999995
  0
LINE
  5
107
330
1F
100
AcDbEntity
  8
Geometries
  6
Continuous
370
    40
100
AcDbLine
 10
356.1251248774416
 20
244.25
 30
0.0
 11
356.1251560063578
 21
244.2499332438238
 31
0.0
  0
LINE
  5
108
330
1F
100
AcDbEntity
  8
Geometries
  6
Continuous
370
    40
100
AcDbLine
 10
246.1244587708462
 20
243.75
 30
0.0
 11
261.9789191481162
 21
209.75
 31
0.0
  0
LINE
  5
109
330
1F
100
AcDbEntity
  8
Geometries
  6
Continuous
370
    40
100
AcDbLine
 10
99.00000000000003
 20
55.72891914811621
 30
0.0
 11
98.50000000000003
 21
55.72891914811621
 31
0.0
  0
ELLIPSE
  5
10A
330
1F
100
AcDbEntity
  8
Geometries
  6
Continuous
370
    40
100
AcDbEllipse
 10
99.00000000000003
 20
62.39172129348083
 30
0.0
 11
-0.5000000000000004
 21
1.427655452443553E-17
 31
0.0
210
0.0
220
0.0
230
1.0
 40
0.4663076581550015
 41
4.71238898038469
 42
4.728730052780426
  0
ELLIPSE
  5
10B
330
1F
100
AcDbEntity
  8
Geometries
  6
Continuous
370
    40
100
AcDbEllipse
 10
99.00000000000003
 20
60.84699220693335
 30
0.0
 11
0.5000000000000004
 21
1.427655452443553E-17
 31
0.0
210
0.0
220
0.0
230
1.0
 40
0.4663076581550015
 41
1.570796326794931
 42
1.587137399190634
  0
ELLIPSE
  5
10C
330
1F
100
AcDbEntity
  8
Geometries
  6
Continuous
370
    40
100
AcDbEllipse
 10
99.50000000000003
 20
60.84699220693335
 30
0.0
 11
0.5000000000000004
 21
-1.427655452443553E-17
 31
0.0
210
0.0
220
0.0
230
1.0
 40
0.4663076581550015
 41
0.0000000000000001
 42
1.570796326794897
  0
ELLIPSE
  5
10D
330
1F
100
AcDbEntity
  8
Geometries
  6
Continuous
370
    40
100
AcDbEllipse
 10
135.5
 20
171.5221633101912
 30
0.0
 11
0.5000000000000004
 21
1.427655452443553E-17
 31
0.0
210
0.0
220
0.0
230
1.0
 40
0.4663076581550015
 41
2.705260340591246
 42
3.141592653589793
  0
ELLIPSE
  5
10E
330
1F
100
AcDbEntity
  8
Geometries
  6
Continuous
370
    40
100
AcDbEllipse
 10
99.50000000000003
 20
62.39172129348083
 30
0.0
 11
0.5000000000000004
 21
-1.427655452443553E-17
 31
0.0
210
0.0
220
0.0
230
1.0
 40
0.4663076581550015
 41
0.0000000000000001
 42
1.570796326794897
  0
ELLIPSE
  5
10F
330
1F
100
AcDbEntity
  8
Geometries
  6
Continuous
370
    40
100
AcDbEllipse
 10
135.5
 20
62.39172129348084
 30
0.0
 11
-0.5000000000000004
 21
1.427655452443553E-17
 31
0.0
210
0.0
220
0.0
230
1.0
 40
0.4663076581550015
 41
4.71238898038469
 42
6.283185307179616
  0
ELLIPSE
  5
110
330
1F
100
AcDbEntity
  8
Geometries
  6
Continuous
370
    40
100
AcDbEllipse
 10
132.0
 20
42.67230471977625
 30
0.0
 11
-2.526553364146244E-16
 21
0.5516889594812459
 31
0.0
210
0.0
220
0.0
230
1.0
 40
0.9063077870366499
 41
1.570796326794896
 42
2.00712863979348
  0
ELLIPSE
  5
111
330
1F
100
AcDbEntity
  8
Geometries
  6
Continuous
370
    40
100
AcDbEllipse
 10
99.5
 20
171.5221633101912
 30
0.0
 11
0.5000000000000004
 21
-1.427655452443553E-17
 31
0.0
210
0.0
220
0.0
230
1.0
 40
0.4663076581550015
 41
0.0000000000000001
 42
0.4363323129985464
  0
ELLIPSE
  5
112
330
1F
100
AcDbEntity
  8
Geometries
  6
Continuous
370
    40
100
AcDbEllipse
 10
132.0
 20
42.43915089069875
 30
0.0
 11
0.4216957229064425
 21
-0.4216957229064439
 31
0.0
210
0.0
220
0.0
230
1.0
 40
0.6370702608074947
 41
4.145156973486532
 42
5.279620987282849
  0
ELLIPSE
  5
113
330
1F
100
AcDbEntity
  8
Geometries
  6
Continuous
370
    40
100
AcDbEllipse
 10
135.5
 20
60.84699220693334
 30
0.0
 11
0.5000000000000004
 21
1.427655452443553E-17
 31
0.0
210
0.0
220
0.0
230
1.0
 40
0.4663076581550015
 41
1.570796326794924
 42
3.141592653589762
  0
ELLIPSE
  5
114
330
1F
100
AcDbEntity
  8
Geometries
  6
Continuous
370
    40
100
AcDbEllipse
 10
103.0
 20
42.67230471977625
 30
0.0
 11
3.636705599907473E-16
 21
-0.5516889594812459
 31
0.0
210
0.0
220
0.0
230
1.0
 40
0.9063077870366499
 41
1.134464013796311
 42
1.570796326794896
  0
ELLIPSE
  5
115
330
1F
100
AcDbEntity
  8
Geometries
  6
Continuous
370
    40
100
AcDbEllipse
 10
103.0
 20
42.43915089069875
 30
0.0
 11
0.4216957229064425
 21
0.4216957229064439
 31
0.0
210
0.0
220
0.0
230
1.0
 40
0.6370702608074948
 41
4.145156973486529
 42
5.279620987282845
  0
ELLIPSE
  5
116
330
1F
100
AcDbEntity
  8
Geometries
  6
Continuous
370
    40
100
AcDbEllipse
 10
136.0
 20
55.72891914811622
 30
0.0
 11
0.5000000000000004
 21
0.0
 31
0.0
210
0.0
220
0.0
230
1.0
 40
0.9063077870366524
 41
4.71238898038469
 42
6.283185307179586
  0
ELLIPSE
  5
117
330
1F
100
AcDbEntity
  8
Geometries
  6
Continuous
370
    40
100
AcDbEllipse
 10
99.00000000000003
 20
55.72891914811621
 30
0.0
 11
0.5000000000000004
 21
0.0
 31
0.0
210
0.0
220
0.0
230
1.0
 40
0.9063077870366524
 41
3.141592653589793
 42
4.71238898038469
  0
ELLIPSE
  5
118
330
1F
100
AcDbEntity
  8
Geometries
  6
Continuous
370
    40
100
AcDbEllipse
 10
132.0
 20
55.72891914811622
 30
0.0
 11
-0.5000000000000004
 21
0.0
 31
0.0
210
0.0
220
0.0
230
1.0
 40
0.9063077870366524
 41
0.0
 42
1.570796326794882
  0
ELLIPSE
  5
119
330
1F
100
AcDbEntity
  8
Geometries
  6
Continuous
370
    40
100
AcDbEllipse
 10
103.0
 20
55.72891914811621
 30
0.0
 11
0.5000000000000004
 21
0.0
 31
0.0
210
0.0
220
0.0
230
1.0
 40
0.9063077870366524
 41
4.71238898038469
 42
6.283185307179586
  0
ELLIPSE
  5
11A
330
1F
100
AcDbEntity
  8
Geometries
  6
Continuous
370
    40
100
AcDbEllipse
 10
99.00000000000004
 20
39.87445877084626
 30
0.0
 11
-0.5000000000000004
 21
0.0
 31
0.0
210
0.0
220
0.0
230
1.0
 40
0.9063077870366524
 41
6.283185307179555
 42
7.853981633974476
  0
ELLIPSE
  5
11B
330
1F
100
AcDbEntity
  8
Geometries
  6
Continuous
370
    40
100
AcDbEllipse
 10
136.0
 20
39.87445877084627
 30
0.0
 11
-0.5000000000000004
 21
0.0
 31
0.0
210
0.0
220
0.0
230
1.0
 40
0.9063077870366524
 41
1.570796326794883
 42
3.141592653589793
  0
ARC
  5
11C
330
1F
100
AcDbEntity
  8
Geometries
  6
Continuous
370
    40
100
AcDbCircle
 10
132.0
 20
56.28060810759746
 30
0.0
 40
0.5000000000000004
100
AcDbArc
 50
90.0
 51
180.0
  0
ARC
  5
11D
330
1F
100
AcDbEntity
  8
Geometries
  6
Continuous
370
    40
100
AcDbCircle
 10
99.0
 20
172.6255412291537
 30
0.0
 40
0.4999999999999727
100
AcDbArc
 50
90.0
 51
180.0
  0
LINE
  5
11E
330
1F
100
AcDbEntity
  8
Geometries
  6
Continuous
370
    40
100
AcDbLine
 10
99.00000000000003
 20
62.62487512255834
 30
0.0
 11
99.50000000000003
 21
62.62487512255834
 31
0.0
  0
LINE
  5
11F
330
1F
100
AcDbEntity
  8
Geometries
  6
Continuous
370
    40
100
AcDbLine
 10
136.0
 20
172.6255412291537
 30
0.0
 11
99.0
 21
172.6255412291537
 31
0.0
  0
LINE
  5
120
330
1F
100
AcDbEntity
  8
Geometries
  6
Continuous
370
    40
100
AcDbLine
 10
136.0
 20
55.72891914811622
 30
0.0
 11
136.0
 21
172.6255412291537
 31
0.0
  0
LINE
  5
121
330
1F
100
AcDbEntity
  8
Geometries
  6
Continuous
370
    40
100
AcDbLine
 10
132.0
 20
56.28060810759746
 30
0.0
 11
132.0
 21
55.72891914811622
 31
0.0
  0
LINE
  5
122
330
1F
100
AcDbEntity
  8
Geometries
  6
Continuous
370
    40
100
AcDbLine
 10
132.0
 20
56.28060810759746
 30
0.0
 11
131.5
 21
56.28060810759746
 31
0.0
  0
LINE
  5
123
330
1F
100
AcDbEntity
  8
Geometries
  6
Continuous
370
    40
100
AcDbLine
 10
135.5
 20
61.08014603601085
 30
0.0
 11
135.5
 21
56.28060810759746
 31
0.0
  0
LINE
  5
124
330
1F
100
AcDbEntity
  8
Geometries
  6
Continuous
370
    40
100
AcDbLine
 10
136.0
 20
55.72891914811622
 30
0.0
 11
136.5
 21
55.72891914811622
 31
0.0
  0
LINE
  5
125
330
1F
100
AcDbEntity
  8
Geometries
  6
Continuous
370
    40
100
AcDbLine
 10
135.5
 20
61.08014603601085
 30
0.0
 11
135.9918298274279
 21
61.08014603601085
 31
0.0
  0
LINE
  5
126
330
1F
100
AcDbEntity
  8
Geometries
  6
Continuous
370
    40
100
AcDbLine
 10
98.50000000000003
 20
55.72891914811621
 30
0.0
 11
98.5
 21
172.6255412291537
 31
0.0
  0
LINE
  5
127
330
1F
100
AcDbEntity
  8
Geometries
  6
Continuous
370
    40
100
AcDbLine
 10
135.5
 20
172.0738522696725
 30
0.0
 11
135.5
 21
62.62487512255834
 31
0.0
  0
LINE
  5
128
330
1F
100
AcDbEntity
  8
Geometries
  6
Continuous
370
    40
100
AcDbLine
 10
99.5
 20
172.0738522696725
 30
0.0
 11
135.5
 21
172.0738522696725
 31
0.0
  0
LINE
  5
129
330
1F
100
AcDbEntity
  8
Geometries
  6
Continuous
370
    40
100
AcDbLine
 10
99.50000000000003
 20
62.62487512255834
 30
0.0
 11
99.5
 21
172.0738522696725
 31
0.0
  0
LINE
  5
12A
330
1F
100
AcDbEntity
  8
Geometries
  6
Continuous
370
    40
100
AcDbLine
 10
99.00000000000001
 20
61.08014603601085
 30
0.0
 11
99.00000000000003
 21
55.72891914811621
 31
0.0
  0
LINE
  5
12B
330
1F
100
AcDbEntity
  8
Geometries
  6
Continuous
370
    40
100
AcDbLine
 10
98.50000000000004
 20
39.87445877084627
 30
0.0
 11
98.50000000000003
 21
55.72891914811621
 31
0.0
  0
LINE
  5
12C
330
1F
100
AcDbEntity
  8
Geometries
  6
Continuous
370
    40
100
AcDbLine
 10
99.00000000000001
 20
61.08014603601085
 30
0.0
 11
99.50000000000003
 21
61.08014603601085
 31
0.0
  0
LINE
  5
12D
330
1F
100
AcDbEntity
  8
Geometries
  6
Continuous
370
    40
100
AcDbLine
 10
99.50000000000003
 20
56.28060810759746
 30
0.0
 11
99.50000000000003
 21
61.08014603601085
 31
0.0
  0
LINE
  5
12E
330
1F
100
AcDbEntity
  8
Geometries
  6
Continuous
370
    40
100
AcDbLine
 10
135.0
 20
156.1340105910763
 30
0.0
 11
100.0
 21
156.1340105910763
 31
0.0
  0
LINE
  5
12F
330
1F
100
AcDbEntity
  8
Geometries
  6
Continuous
370
    40
100
AcDbLine
 10
103.5
 20
55.72891914811621
 30
0.0
 11
103.5
 21
47.00356857436588
 31
0.0
  0
LINE
  5
130
330
1F
100
AcDbEntity
  8
Geometries
  6
Continuous
370
    40
100
AcDbLine
 10
136.0
 20
55.27576525459789
 30
0.0
 11
132.0
 21
55.27576525459789
 31
0.0
  0
LINE
  5
131
330
1F
100
AcDbEntity
  8
Geometries
  6
Continuous
370
    40
100
AcDbLine
 10
103.0
 20
55.27576525459789
 30
0.0
 11
99.00000000000003
 21
55.27576525459789
 31
0.0
  0
LINE
  5
132
330
1F
100
AcDbEntity
  8
Geometries
  6
Continuous
370
    40
100
AcDbLine
 10
99.0
 20
172.6255412291537
 30
0.0
 11
98.5
 21
172.6255412291537
 31
0.0
  0
LINE
  5
133
330
1F
100
AcDbEntity
  8
Geometries
  6
Continuous
370
    40
100
AcDbLine
 10
98.9918298274279
 20
62.62484399364212
 30
0.0
 11
98.9918298274279
 21
61.08011490709463
 31
0.0
  0
LINE
  5
134
330
1F
100
AcDbEntity
  8
Geometries
  6
Continuous
370
    40
100
AcDbLine
 10
100.0
 20
60.84699220693335
 30
0.0
 11
100.0
 21
56.78060810759746
 31
0.0
  0
LINE
  5
135
330
1F
100
AcDbEntity
  8
Geometries
  6
Continuous
370
    40
100
AcDbLine
 10
103.0
 20
56.78060810759746
 30
0.0
 11
100.0
 21
56.78060810759746
 31
0.0
  0
LINE
  5
136
330
1F
100
AcDbEntity
  8
Geometries
  6
Continuous
370
    40
100
AcDbLine
 10
135.0468461064817
 20
171.6206983761541
 30
0.0
 11
99.95315389351833
 21
171.6206983761541
 31
0.0
  0
LINE
  5
137
330
1F
100
AcDbEntity
  8
Geometries
  6
Continuous
370
    40
100
AcDbLine
 10
131.5
 20
55.72891914811622
 30
0.0
 11
131.5
 21
56.28060810759746
 31
0.0
  0
LINE
  5
138
330
1F
100
AcDbEntity
  8
Geometries
  6
Continuous
370
    40
100
AcDbLine
 10
135.0
 20
56.78060810759747
 30
0.0
 11
132.0
 21
56.78060810759746
 31
0.0
  0
LINE
  5
139
330
1F
100
AcDbEntity
  8
Geometries
  6
Continuous
370
    40
100
AcDbLine
 10
136.0
 20
173.1255412291537
 30
0.0
 11
99.0
 21
173.1255412291537
 31
0.0
  0
LINE
  5
13A
330
1F
100
AcDbEntity
  8
Geometries
  6
Continuous
370
    40
100
AcDbLine
 10
100.0
 20
171.5221633101912
 30
0.0
 11
100.0
 21
156.1340105910763
 31
0.0
  0
LINE
  5
13B
330
1F
100
AcDbEntity
  8
Geometries
  6
Continuous
370
    40
100
AcDbLine
 10
135.0
 20
156.1340105910763
 30
0.0
 11
135.0
 21
171.5221633101912
 31
0.0
  0
LINE
  5
13C
330
1F
100
AcDbEntity
  8
Geometries
  6
Continuous
370
    40
100
AcDbLine
 10
131.5
 20
42.67230471977625
 30
0.0
 11
131.5
 21
42.99083985018
 31
0.0
  0
LINE
  5
13D
330
1F
100
AcDbEntity
  8
Geometries
  6
Continuous
370
    40
100
AcDbLine
 10
131.5
 20
45.45883948781839
 30
0.0
 11
131.5
 21
46.56538117641175
 31
0.0
  0
LINE
  5
13E
330
1F
100
AcDbEntity
  8
Geometries
  6
Continuous
370
    40
100
AcDbLine
 10
131.5
 20
47.00356857436588
 30
0.0
 11
131.5
 21
55.72891914811622
 31
0.0
  0
LINE
  5
13F
330
1F
100
AcDbEntity
  8
Geometries
  6
Continuous
370
    40
100
AcDbLine
 10
99.00000000000003
 20
55.27576525459789
 30
0.0
 11
99.00000000000003
 21
39.42130487732793
 31
0.0
  0
ARC
  5
140
330
1F
100
AcDbEntity
  8
Geometries
  6
Continuous
370
    40
100
AcDbCircle
 10
136.0
 20
172.6255412291537
 30
0.0
 40
0.5000000000000004
100
AcDbArc
 50
0.0
 51
90.0
  0
LINE
  5
141
330
1F
100
AcDbEntity
  8
Geometries
  6
Continuous
370
    40
100
AcDbLine
 10
136.5
 20
55.72891914811622
 30
0.0
 11
136.5
 21
39.87445877084627
 31
0.0
  0
ARC
  5
142
330
1F
100
AcDbEntity
  8
Geometries
  6
Continuous
370
    40
100
AcDbCircle
 10
99.00000000000004
 20
39.87445877084626
 30
0.0
 40
0.5000000000000004
100
AcDbArc
 50
180.0
 51
269.9999999999984
  0
LINE
  5
143
330
1F
100
AcDbEntity
  8
Geometries
  6
Continuous
370
    40
100
AcDbLine
 10
136.0
 20
39.42130487732794
 30
0.0
 11
136.0
 21
55.27576525459789
 31
0.0
  0
ARC
  5
144
330
1F
100
AcDbEntity
  8
Geometries
  6
Continuous
370
    40
100
AcDbCircle
 10
103.0
 20
56.28060810759746
 30
0.0
 40
0.5000000000000004
100
AcDbArc
 50
0.0
 51
90.0
  0
LINE
  5
145
330
1F
100
AcDbEntity
  8
Geometries
  6
Continuous
370
    40
100
AcDbLine
 10
103.0
 20
41.98599699718042
 30
0.0
 11
103.0
 21
55.27576525459789
 31
0.0
  0
LINE
  5
146
330
1F
100
AcDbEntity
  8
Geometries
  6
Continuous
370
    40
100
AcDbLine
 10
99.0
 20
172.6255412291537
 30
0.0
 11
99.00000000000003
 21
62.62487512255834
 31
0.0
  0
LINE
  5
147
330
1F
100
AcDbEntity
  8
Geometries
  6
Continuous
370
    40
100
AcDbLine
 10
99.00000000000003
 20
39.42130487732793
 30
0.0
 11
136.0
 21
39.42130487732794
 31
0.0
  0
LINE
  5
148
330
1F
100
AcDbEntity
  8
Geometries
  6
Continuous
370
    40
100
AcDbLine
 10
135.5
 20
56.28060810759746
 30
0.0
 11
135.0
 21
56.78060810759747
 31
0.0
  0
LINE
  5
149
330
1F
100
AcDbEntity
  8
Geometries
  6
Continuous
370
    40
100
AcDbLine
 10
136.5
 20
172.6255412291537
 30
0.0
 11
136.5
 21
55.72891914811622
 31
0.0
  0
LINE
  5
14A
330
1F
100
AcDbEntity
  8
Geometries
  6
Continuous
370
    40
100
AcDbLine
 10
103.0
 20
55.27576525459789
 30
0.0
 11
103.0
 21
55.72891914811621
 31
0.0
  0
LINE
  5
14B
330
1F
100
AcDbEntity
  8
Geometries
  6
Continuous
370
    40
100
AcDbLine
 10
132.0
 20
55.72891914811622
 30
0.0
 11
136.0
 21
55.72891914811622
 31
0.0
  0
LINE
  5
14C
330
1F
100
AcDbEntity
  8
Geometries
  6
Continuous
370
    40
100
AcDbLine
 10
103.5
 20
45.45883948781839
 30
0.0
 11
103.5
 21
43.49083985018
 31
0.0
  0
LINE
  5
14D
330
1F
100
AcDbEntity
  8
Geometries
  6
Continuous
370
    40
100
AcDbLine
 10
103.5
 20
47.00356857436588
 30
0.0
 11
131.5
 21
47.00356857436588
 31
0.0
  0
LINE
  5
14E
330
1F
100
AcDbEntity
  8
Geometries
  6
Continuous
370
    40
100
AcDbLine
 10
99.00000000000006
 20
39.37445877084625
 30
0.0
 11
136.0
 21
39.37445877084626
 31
0.0
  0
LINE
  5
14F
330
1F
100
AcDbEntity
  8
Geometries
  6
Continuous
370
    40
100
AcDbLine
 10
135.0
 20
60.84699220693335
 30
0.0
 11
135.0
 21
62.39172129348083
 31
0.0
  0
LINE
  5
150
330
1F
100
AcDbEntity
  8
Geometries
  6
Continuous
370
    40
100
AcDbLine
 10
131.5
 20
46.56538117641175
 30
0.0
 11
103.5
 21
46.56538117641175
 31
0.0
  0
LINE
  5
151
330
1F
100
AcDbEntity
  8
Geometries
  6
Continuous
370
    40
100
AcDbLine
 10
99.00000000000003
 20
39.37445877084625
 30
0.0
 11
99.00000000000003
 21
39.42130487732793
 31
0.0
  0
LINE
  5
152
330
1F
100
AcDbEntity
  8
Geometries
  6
Continuous
370
    40
100
AcDbLine
 10
131.5
 20
42.99083985018
 30
0.0
 11
131.5
 21
43.49083985018
 31
0.0
  0
LINE
  5
153
330
1F
100
AcDbEntity
  8
Geometries
  6
Continuous
370
    40
100
AcDbLine
 10
99.00000000000003
 20
55.72891914811621
 30
0.0
 11
103.0
 21
55.72891914811621
 31
0.0
  0
LINE
  5
154
330
1F
100
AcDbEntity
  8
Geometries
  6
Continuous
370
    40
100
AcDbLine
 10
99.0
 20
172.6255412291537
 30
0.0
 11
99.0
 21
173.1255412291537
 31
0.0
  0
LINE
  5
155
330
1F
100
AcDbEntity
  8
Geometries
  6
Continuous
370
    40
100
AcDbLine
 10
131.5
 20
43.49083985018
 30
0.0
 11
103.5
 21
43.49083985018
 31
0.0
  0
LINE
  5
156
330
1F
100
AcDbEntity
  8
Geometries
  6
Continuous
370
    40
100
AcDbLine
 10
103.5
 20
46.56538117641175
 30
0.0
 11
103.5
 21
45.45883948781839
 31
0.0
  0
LINE
  5
157
330
1F
100
AcDbEntity
  8
Geometries
  6
Continuous
370
    40
100
AcDbLine
 10
131.5
 20
43.49083985018
 30
0.0
 11
131.5
 21
45.45883948781839
 31
0.0
  0
LINE
  5
158
330
1F
100
AcDbEntity
  8
Geometries
  6
Continuous
370
    40
100
AcDbLine
 10
136.5
 20
172.6255412291537
 30
0.0
 11
136.0
 21
172.6255412291537
 31
0.0
  0
LINE
  5
159
330
1F
100
AcDbEntity
  8
Geometries
  6
Continuous
370
    40
100
AcDbLine
 10
100.0
 20
156.1340105910763
 30
0.0
 11
100.0
 21
62.39172129348082
 31
0.0
  0
LINE
  5
15A
330
1F
100
AcDbEntity
  8
Geometries
  6
Continuous
370
    40
100
AcDbLine
 10
131.5
 20
46.56538117641175
 30
0.0
 11
131.5
 21
47.00356857436588
 31
0.0
  0
LINE
  5
15B
330
1F
100
AcDbEntity
  8
Geometries
  6
Continuous
370
    40
100
AcDbLine
 10
103.5
 20
43.49083985018
 30
0.0
 11
103.5
 21
42.99083985017999
 31
0.0
  0
LINE
  5
15C
330
1F
100
AcDbEntity
  8
Geometries
  6
Continuous
370
    40
100
AcDbLine
 10
103.5
 20
42.99083985017999
 30
0.0
 11
103.5
 21
42.67230471977625
 31
0.0
  0
LINE
  5
15D
330
1F
100
AcDbEntity
  8
Geometries
  6
Continuous
370
    40
100
AcDbLine
 10
132.0
 20
56.28060810759746
 30
0.0
 11
132.0
 21
56.78060810759746
 31
0.0
  0
ARC
  5
15E
330
1F
100
AcDbEntity
  8
Geometries
  6
Continuous
370
    40
100
AcDbCircle
 10
136.0
 20
39.87445877084627
 30
0.0
 40
0.5000000000000004
100
AcDbArc
 50
270.0
 51
0.0
  0
LINE
  5
15F
330
1F
100
AcDbEntity
  8
Geometries
  6
Continuous
370
    40
100
AcDbLine
 10
99.50000000000003
 20
56.28060810759746
 30
0.0
 11
100.0
 21
56.78060810759746
 31
0.0
  0
LINE
  5
160
330
1F
100
AcDbEntity
  8
Geometries
  6
Continuous
370
    40
100
AcDbLine
 10
103.5
 20
55.72891914811621
 30
0.0
 11
103.0
 21
55.72891914811621
 31
0.0
  0
LINE
  5
161
330
1F
100
AcDbEntity
  8
Geometries
  6
Continuous
370
    40
100
AcDbLine
 10
132.0
 20
41.98599699718044
 30
0.0
 11
103.0
 21
41.98599699718042
 31
0.0
  0
LINE
  5
162
330
1F
100
AcDbEntity
  8
Geometries
  6
Continuous
370
    40
100
AcDbLine
 10
103.5
 20
56.28060810759746
 30
0.0
 11
103.5
 21
55.72891914811621
 31
0.0
  0
LINE
  5
163
330
1F
100
AcDbEntity
  8
Geometries
  6
Continuous
370
    40
100
AcDbLine
 10
99.00000000000003
 20
55.72891914811621
 30
0.0
 11
99.00000000000003
 21
55.27576525459789
 31
0.0
  0
LINE
  5
164
330
1F
100
AcDbEntity
  8
Geometries
  6
Continuous
370
    40
100
AcDbLine
 10
135.9918298274279
 20
62.62487512255834
 30
0.0
 11
135.9918298274279
 21
61.08014603601085
 31
0.0
  0
LINE
  5
165
330
1F
100
AcDbEntity
  8
Geometries
  6
Continuous
370
    40
100
AcDbLine
 10
131.5
 20
42.99083985018
 30
0.0
 11
103.5
 21
42.99083985018
 31
0.0
  0
LINE
  5
166
330
1F
100
AcDbEntity
  8
Geometries
  6
Continuous
370
    40
100
AcDbLine
 10
135.0
 20
62.39172129348083
 30
0.0
 11
135.0
 21
156.1340105910763
 31
0.0
  0
LINE
  5
167
330
1F
100
AcDbEntity
  8
Geometries
  6
Continuous
370
    40
100
AcDbLine
 10
135.5
 20
172.0738522696725
 30
0.0
 11
135.0468461064817
 21
171.6206983761541
 31
0.0
  0
LINE
  5
168
330
1F
100
AcDbEntity
  8
Geometries
  6
Continuous
370
    40
100
AcDbLine
 10
103.0
 20
55.72891914811621
 30
0.0
 11
103.0
 21
56.28060810759746
 31
0.0
  0
LINE
  5
169
330
1F
100
AcDbEntity
  8
Geometries
  6
Continuous
370
    40
100
AcDbLine
 10
136.0
 20
39.37445877084626
 30
0.0
 11
136.0
 21
39.42130487732794
 31
0.0
  0
LINE
  5
16A
330
1F
100
AcDbEntity
  8
Geometries
  6
Continuous
370
    40
100
AcDbLine
 10
132.0
 20
55.27576525459789
 30
0.0
 11
132.0
 21
41.98599699718044
 31
0.0
  0
LINE
  5
16B
330
1F
100
AcDbEntity
  8
Geometries
  6
Continuous
370
    40
100
AcDbLine
 10
103.5
 20
47.00356857436588
 30
0.0
 11
103.5
 21
46.56538117641175
 31
0.0
  0
LINE
  5
16C
330
1F
100
AcDbEntity
  8
Geometries
  6
Continuous
370
    40
100
AcDbLine
 10
100.0
 20
62.39172129348083
 30
0.0
 11
100.0
 21
60.84699220693335
 31
0.0
  0
LINE
  5
16D
330
1F
100
AcDbEntity
  8
Geometries
  6
Continuous
370
    40
100
AcDbLine
 10
132.0
 20
55.72891914811622
 30
0.0
 11
132.0
 21
55.27576525459789
 31
0.0
  0
LINE
  5
16E
330
1F
100
AcDbEntity
  8
Geometries
  6
Continuous
370
    40
100
AcDbLine
 10
135.0
 20
56.78060810759747
 30
0.0
 11
135.0
 21
60.84699220693335
 31
0.0
  0
LINE
  5
16F
330
1F
100
AcDbEntity
  8
Geometries
  6
Continuous
370
    40
100
AcDbLine
 10
135.5
 20
62.62487512255834
 30
0.0
 11
135.9918298274279
 21
62.62487512255834
 31
0.0
  0
LINE
  5
170
330
1F
100
AcDbEntity
  8
Geometries
  6
Continuous
370
    40
100
AcDbLine
 10
103.5
 20
45.45883948781839
 30
0.0
 11
131.5
 21
45.45883948781839
 31
0.0
  0
LINE
  5
171
330
1F
100
AcDbEntity
  8
Geometries
  6
Continuous
370
    40
100
AcDbLine
 10
131.5
 20
55.72891914811622
 30
0.0
 11
132.0
 21
55.72891914811622
 31
0.0
  0
LINE
  5
172
330
1F
100
AcDbEntity
  8
Geometries
  6
Continuous
370
    40
100
AcDbLine
 10
103.0
 20
56.78060810759746
 30
0.0
 11
103.0
 21
56.28060810759746
 31
0.0
  0
LINE
  5
173
330
1F
100
AcDbEntity
  8
Geometries
  6
Continuous
370
    40
100
AcDbLine
 10
136.0
 20
55.72891914811622
 30
0.0
 11
136.0
 21
55.27576525459789
 31
0.0
  0
LINE
  5
174
330
1F
100
AcDbEntity
  8
Geometries
  6
Continuous
370
    40
100
AcDbLine
 10
135.5
 20
56.28060810759746
 30
0.0
 11
132.0
 21
56.28060810759746
 31
0.0
  0
LINE
  5
175
330
1F
100
AcDbEntity
  8
Geometries
  6
Continuous
370
    40
100
AcDbLine
 10
103.5
 20
56.28060810759746
 30
0.0
 11
103.0
 21
56.28060810759746
 31
0.0
  0
LINE
  5
176
330
1F
100
AcDbEntity
  8
Geometries
  6
Continuous
370
    40
100
AcDbLine
 10
103.0
 20
56.28060810759746
 30
0.0
 11
99.50000000000003
 21
56.28060810759746
 31
0.0
  0
LINE
  5
177
330
1F
100
AcDbEntity
  8
Geometries
  6
Continuous
370
    40
100
AcDbLine
 10
136.0
 20
172.6255412291537
 30
0.0
 11
136.0
 21
173.1255412291537
 31
0.0
  0
LINE
  5
178
330
1F
100
AcDbEntity
  8
Geometries
  6
Continuous
370
    40
100
AcDbLine
 10
103.4531538935184
 20
42.43915089069875
 30
0.0
 11
131.5468461064817
 21
42.43915089069875
 31
0.0
  0
LINE
  5
179
330
1F
100
AcDbEntity
  8
Geometries
  6
Continuous
370
    40
100
AcDbLine
 10
99.95315389351833
 20
171.6206983761541
 30
0.0
 11
99.5
 21
172.0738522696725
 31
0.0
  0
ELLIPSE
  5
17A
330
1F
100
AcDbEntity
  8
Geometries
  6
Continuous
370
    40
100
AcDbEllipse
 10
357.332696758101
 20
108.943210790684
 30
0.0
 11
-0.04086711348608041
 21
0.542454735908857
 31
0.0
210
0.0
220
0.0
230
1.0
 40
0.7151868308212395
 41
0.331379942047637
 42
1.902176268842481
  0
ELLIPSE
  5
17B
330
1F
100
AcDbEntity
  8
Geometries
  6
Continuous
370
    40
100
AcDbEllipse
 10
330.4310108325981
 20
94.6727811975658
 30
0.0
 11
-0.04086711348607966
 21
0.5424547359088577
 31
0.0
210
0.0
220
0.0
230
1.0
 40
0.7151868308212346
 41
0.3313799420475902
 42
0.3477210144433248
  0
ELLIPSE
  5
17C
330
1F
100
AcDbEntity
  8
Geometries
  6
Continuous
370
    40
100
AcDbEllipse
 10
330.7845642231914
 20
94.87690534279773
 30
0.0
 11
0.04086711348608047
 21
-0.542454735908857
 31
0.0
210
0.0
220
0.0
230
1.0
 40
0.7151868308212396
 41
1.90217626884249
 42
2.687574432239927
  0
ELLIPSE
  5
17D
330
1F
100
AcDbEntity
  8
Geometries
  6
Continuous
370
    40
100
AcDbEllipse
 10
331.523299244792
 20
94.04214818875298
 30
0.0
 11
-0.04086711348608041
 21
0.542454735908857
 31
0.0
210
0.0
220
0.0
230
1.0
 40
0.7151868308212395
 41
0.3313799420476314
 42
0.3477210144433274
  0
ELLIPSE
  5
17E
330
1F
100
AcDbEntity
  8
Geometries
  6
Continuous
370
    40
100
AcDbEllipse
 10
331.8768526353853
 20
94.2462723339849
 30
0.0
 11
0.04086711348607972
 21
-0.5424547359088577
 31
0.0
210
0.0
220
0.0
230
1.0
 40
0.7151868308212346
 41
2.687574432239928
 42
3.472972595637388
  0
ELLIPSE
  5
17F
330
1F
100
AcDbEntity
  8
Geometries
  6
Continuous
370
    40
100
AcDbEllipse
 10
367.8741324456634
 20
76.72921946913742
 30
0.0
 11
0.5949008947023149
 21
-0.2275713961616359
 31
0.0
210
0.0
220
0.0
230
1.0
 40
0.1836918083887409
 41
1.073717854843662
 42
2.208181868639986
  0
ELLIPSE
  5
180
330
1F
100
AcDbEntity
  8
Geometries
  6
Continuous
370
    40
100
AcDbEllipse
 10
367.7092677920631
 20
77.23265241173726
 30
0.0
 11
-0.5258682779203457
 21
0.0443405986248176
 31
0.0
210
0.0
220
0.0
230
1.0
 40
0.5718379300661082
 41
0.8826865625365962
 42
1.319018875535171
  0
ELLIPSE
  5
181
330
1F
100
AcDbEntity
  8
Geometries
  6
Continuous
370
    40
100
AcDbEllipse
 10
356.2404083459071
 20
109.5738437994968
 30
0.0
 11
-0.04086711348607966
 21
0.5424547359088577
 31
0.0
210
0.0
220
0.0
230
1.0
 40
0.7151868308212346
 41
0.3313799420475885
 42
1.902176268842497
  0
ELLIPSE
  5
182
330
1F
100
AcDbEntity
  8
Geometries
  6
Continuous
370
    40
100
AcDbEllipse
 10
367.4840294413085
 20
76.95444554371342
 30
0.0
 11
0.5949008947023149
 21
-0.2275713961616359
 31
0.0
210
0.0
220
0.0
230
1.0
 40
0.1836918083887409
 41
2.64451418163853
 42
2.993580032037411
  0
ELLIPSE
  5
183
330
1F
100
AcDbEntity
  8
Geometries
  6
Continuous
370
    40
100
AcDbEllipse
 10
360.5616179202438
 20
107.0789922885287
 30
0.0
 11
-0.7071067811865481
 21
6.820919949927489E-17
 31
0.0
210
0.0
220
0.0
230
1.0
 40
0.5773502691896258
 41
4.71238898038469
 42
5.497787143782134
  0
ELLIPSE
  5
184
330
1F
100
AcDbEntity
  8
Geometries
  6
Continuous
370
    40
100
AcDbEllipse
 10
335.1423234112897
 20
91.95270361202172
 30
0.0
 11
0.2500000000000002
 21
0.4330127018922196
 31
0.0
210
0.0
220
0.0
230
1.0
 40
0.5773502691896261
 41
0.785398163397448
 42
2.35619449019234
  0
ELLIPSE
  5
185
330
1F
100
AcDbEntity
  8
Geometries
  6
Continuous
370
    40
100
AcDbEllipse
 10
355.2597264837244
 20
106.0263121994066
 30
0.0
 11
1.249999999999998
 21
-2.165063509461087
 31
0.0
210
0.0
220
0.0
230
0.9999999999999999
 40
0.5773502691896257
 41
0.3490658503988646
 42
2.70905694719656
  0
ELLIPSE
  5
186
330
1F
100
AcDbEntity
  8
Geometries
  6
Continuous
370
    40
100
AcDbEllipse
 10
311.183403789763
 20
101.6716637677921
 30
0.0
 11
-1.249999999999994
 21
2.165063509461087
 31
0.0
210
0.0
220
0.0
230
1.0
 40
0.577350269189626
 41
3.490658503988656
 42
5.85064960078636
  0
ELLIPSE
  5
187
330
1F
100
AcDbEntity
  8
Geometries
  6
Continuous
370
    40
100
AcDbEllipse
 10
274.649553428458
 20
122.764492108425
 30
0.0
 11
-1.249999999999994
 21
2.165063509461087
 31
0.0
210
0.0
220
0.0
230
1.0
 40
0.577350269189626
 41
5.934119456780762
 42
6.632251157578442
  0
ELLIPSE
  5
188
330
1F
100
AcDbEntity
  8
Geometries
  6
Continuous
370
    40
100
AcDbEllipse
 10
335.1423234112897
 20
91.95270361202172
 30
0.0
 11
0.4751693205721301
 21
0.1556088583179664
 31
0.0
210
0.0
220
0.0
230
1.0
 40
0.2792582776338212
 41
3.786683747093431
 42
5.35748007388835
  0
ELLIPSE
  5
189
330
1F
100
AcDbEntity
  8
Geometries
  6
Continuous
370
    40
100
AcDbEllipse
 10
280.7385284886755
 20
119.2490207183195
 30
0.0
 11
-1.249999999999994
 21
2.165063509461087
 31
0.0
210
0.0
220
0.0
230
1.0
 40
0.577350269189626
 41
5.93411945678076
 42
6.632251157578452
  0
ELLIPSE
  5
18A
330
1F
100
AcDbEntity
  8
Geometries
  6
Continuous
370
    40
100
AcDbEllipse
 10
274.649553428458
 20
122.764492108425
 30
0.0
 11
-1.249999999999994
 21
2.165063509461087
 31
0.0
210
0.0
220
0.0
230
1.0
 40
0.577350269189626
 41
5.85064960078635
 42
5.934119456780762
  0
ELLIPSE
  5
18B
330
1F
100
AcDbEntity
  8
Geometries
  6
Continuous
370
    40
100
AcDbEllipse
 10
329.8354649097735
 20
101.5798380764173
 30
0.0
 11
1.249999999999998
 21
-2.165063509461099
 31
0.0
210
0.0
220
0.0
230
1.0
 40
0.5773502691896256
 41
3.490658503988663
 42
5.850649600786337
  0
ELLIPSE
  5
18C
330
1F
100
AcDbEntity
  8
Geometries
  6
Continuous
370
    40
100
AcDbEllipse
 10
299.005453669328
 20
108.702606548003
 30
0.0
 11
-1.249999999999994
 21
2.165063509461087
 31
0.0
210
0.0
220
0.0
230
1.0
 40
0.577350269189626
 41
5.934119456780767
 42
6.632251157578449
  0
ELLIPSE
  5
18D
330
1F
100
AcDbEntity
  8
Geometries
  6
Continuous
370
    40
100
AcDbEllipse
 10
316.2040175168995
 20
79.6478326942753
 30
0.0
 11
-1.250000000000001
 21
2.165063509461099
 31
0.0
210
0.0
220
0.0
230
0.9999999999999998
 40
0.577350269189626
 41
0.3490658503988671
 42
2.709056947196537
  0
ELLIPSE
  5
18E
330
1F
100
AcDbEntity
  8
Geometries
  6
Continuous
370
    40
100
AcDbEllipse
 10
290.7874571042497
 20
93.09734581900145
 30
0.0
 11
-1.250000000000001
 21
2.165063509461099
 31
0.0
210
0.0
220
0.0
230
0.9999999999999998
 40
0.577350269189626
 41
0.3490658503988605
 42
3.490658503988664
  0
ELLIPSE
  5
18F
330
1F
100
AcDbEntity
  8
Geometries
  6
Continuous
370
    40
100
AcDbEllipse
 10
278.6095069838147
 20
100.1282885992124
 30
0.0
 11
-1.250000000000001
 21
2.165063509461099
 31
0.0
210
0.0
220
0.0
230
0.9999999999999998
 40
0.577350269189626
 41
0.3490658503988616
 42
3.490658503988662
  0
ELLIPSE
  5
190
330
1F
100
AcDbEntity
  8
Geometries
  6
Continuous
370
    40
100
AcDbEllipse
 10
317.2723788499805
 20
98.15619237768657
 30
0.0
 11
-1.249999999999994
 21
2.165063509461087
 31
0.0
210
0.0
220
0.0
230
1.0
 40
0.577350269189626
 41
5.93411945678076
 42
6.632251157578449
  0
ELLIPSE
  5
191
330
1F
100
AcDbEntity
  8
Geometries
  6
Continuous
370
    40
100
AcDbEllipse
 10
337.970750536036
 20
93.58569677387717
 30
0.0
 11
0.4751693205721301
 21
0.1556088583179664
 31
0.0
210
0.0
220
0.0
230
1.0
 40
0.2792582776338212
 41
5.35748007388832
 42
6.283185307179547
  0
ELLIPSE
  5
192
330
1F
100
AcDbEntity
  8
Geometries
  6
Continuous
370
    40
100
AcDbEllipse
 10
311.183403789763
 20
101.6716637677921
 30
0.0
 11
-1.249999999999994
 21
2.165063509461087
 31
0.0
210
0.0
220
0.0
230
1.0
 40
0.577350269189626
 41
5.934119456780762
 42
6.632251157578447
  0
ELLIPSE
  5
193
330
1F
100
AcDbEntity
  8
Geometries
  6
Continuous
370
    40
100
AcDbEllipse
 10
337.970750536036
 20
93.58569677387717
 30
0.0
 11
0.2500000000000002
 21
0.4330127018922196
 31
0.0
210
0.0
220
0.0
230
1.0
 40
0.5773502691896261
 41
6.283185307179576
 42
7.068583470577034
  0
ELLIPSE
  5
194
330
1F
100
AcDbEntity
  8
Geometries
  6
Continuous
370
    40
100
AcDbEllipse
 10
323.361353910198
 20
94.64072098758108
 30
0.0
 11
-1.249999999999994
 21
2.165063509461087
 31
0.0
210
0.0
220
0.0
230
1.0
 40
0.577350269189626
 41
3.490658503988656
 42
5.850649600786355
  0
ELLIPSE
  5
195
330
1F
100
AcDbEntity
  8
Geometries
  6
Continuous
370
    40
100
AcDbEllipse
 10
317.2723788499805
 20
98.15619237768657
 30
0.0
 11
-1.249999999999994
 21
2.165063509461087
 31
0.0
210
0.0
220
0.0
230
1.0
 40
0.577350269189626
 41
3.490658503988657
 42
5.850649600786358
  0
ELLIPSE
  5
196
330
1F
100
AcDbEntity
  8
Geometries
  6
Continuous
370
    40
100
AcDbEllipse
 10
329.4503289704155
 20
91.1252495974756
 30
0.0
 11
-1.249999999999994
 21
2.165063509461087
 31
0.0
210
0.0
220
0.0
230
1.0
 40
0.577350269189626
 41
3.490658503988656
 42
5.850649600786365
  0
ELLIPSE
  5
197
330
1F
100
AcDbEntity
  8
Geometries
  6
Continuous
370
    40
100
AcDbEllipse
 10
292.9164786091105
 20
112.2180779381085
 30
0.0
 11
-1.249999999999994
 21
2.165063509461087
 31
0.0
210
0.0
220
0.0
230
1.0
 40
0.577350269189626
 41
5.934119456780757
 42
6.632251157578449
  0
ELLIPSE
  5
198
330
1F
100
AcDbEntity
  8
Geometries
  6
Continuous
370
    40
100
AcDbEllipse
 10
267.5784856165926
 20
126.8469750130636
 30
0.0
 11
-1.249999999999994
 21
2.165063509461087
 31
0.0
210
0.0
220
0.0
230
1.0
 40
0.577350269189626
 41
3.490658503988655
 42
5.85064960078635
  0
ELLIPSE
  5
199
330
1F
100
AcDbEntity
  8
Geometries
  6
Continuous
370
    40
100
AcDbEllipse
 10
346.3531198561108
 20
57.71926351523153
 30
0.0
 11
0.2500000000000002
 21
0.4330127018922196
 31
0.0
210
0.0
220
0.0
230
1.0
 40
0.5773502691896261
 41
2.356194490192345
 42
3.141592653589828
  0
ELLIPSE
  5
19A
330
1F
100
AcDbEntity
  8
Geometries
  6
Continuous
370
    40
100
AcDbEllipse
 10
263.694725684808
 20
105.4421096408153
 30
0.0
 11
0.2500000000000002
 21
0.4330127018922196
 31
0.0
210
0.0
220
0.0
230
1.0
 40
0.5773502691896261
 41
2.356194490192338
 42
3.141592653589791
  0
ELLIPSE
  5
19B
330
1F
100
AcDbEntity
  8
Geometries
  6
Continuous
370
    40
100
AcDbEllipse
 10
358.4768471904458
 20
105.4248971973292
 30
0.0
 11
-0.4751693205721285
 21
-0.1556088583179674
 31
0.0
210
0.0
220
0.0
230
1.0
 40
0.2792582776338246
 41
0.6450910935036311
 42
2.215887420298561
  0
ELLIPSE
  5
19C
330
1F
100
AcDbEntity
  8
Geometries
  6
Continuous
370
    40
100
AcDbEllipse
 10
329.3640603889825
 20
72.04987839953118
 30
0.0
 11
-1.250000000000001
 21
2.165063509461099
 31
0.0
210
0.0
220
0.0
230
0.9999999999999998
 40
0.577350269189626
 41
0.3490658503988623
 42
2.709056947196553
  0
ELLIPSE
  5
19D
330
1F
100
AcDbEntity
  8
Geometries
  6
Continuous
370
    40
100
AcDbEllipse
 10
284.6984820440322
 20
96.61281720910694
 30
0.0
 11
-1.250000000000001
 21
2.165063509461099
 31
0.0
210
0.0
220
0.0
230
0.9999999999999998
 40
0.577350269189626
 41
0.3490658503988655
 42
3.490658503988664
  0
ELLIPSE
  5
19E
330
1F
100
AcDbEntity
  8
Geometries
  6
Continuous
370
    40
100
AcDbEllipse
 10
252.483929239987
 20
139.6755497376055
 30
0.0
 11
0.4751693205721311
 21
0.1556088583179616
 31
0.0
210
0.0
220
0.0
230
1.0
 40
0.2792582776338151
 41
3.141592653589958
 42
3.786683747093473
  0
ELLIPSE
  5
19F
330
1F
100
AcDbEntity
  8
Geometries
  6
Continuous
370
    40
100
AcDbEllipse
 10
358.0867441860909
 20
105.6501232719052
 30
0.0
 11
0.4751693205721301
 21
0.1556088583179664
 31
0.0
210
0.0
220
0.0
230
1.0
 40
0.2792582776338212
 41
3.14159265358982
 42
3.786683747093454
  0
ELLIPSE
  5
1A0
330
1F
100
AcDbEntity
  8
Geometries
  6
Continuous
370
    40
100
AcDbEllipse
 10
300.458950941767
 20
137.665554710356
 30
0.0
 11
1.249999999999998
 21
-2.165063509461087
 31
0.0
210
0.0
220
0.0
230
0.9999999999999999
 40
0.5773502691896257
 41
0.3490658503988616
 42
2.709056947196558
  0
ELLIPSE
  5
1A1
330
1F
100
AcDbEntity
  8
Geometries
  6
Continuous
370
    40
100
AcDbEllipse
 10
306.5479260019845
 20
134.1500833202505
 30
0.0
 11
1.249999999999998
 21
-2.165063509461087
 31
0.0
210
0.0
220
0.0
230
0.9999999999999999
 40
0.5773502691896257
 41
0.34906585039886
 42
2.70905694719656
  0
ELLIPSE
  5
1A2
330
1F
100
AcDbEntity
  8
Geometries
  6
Continuous
370
    40
100
AcDbEllipse
 10
298.3299294369062
 20
118.5448225912489
 30
0.0
 11
1.249999999999998
 21
-2.165063509461099
 31
0.0
210
0.0
220
0.0
230
1.0
 40
0.5773502691896256
 41
3.490658503988657
 42
6.632251157578457
  0
ELLIPSE
  5
1A3
330
1F
100
AcDbEntity
  8
Geometries
  6
Continuous
370
    40
100
AcDbEllipse
 10
324.814851182637
 20
123.603669149934
 30
0.0
 11
1.249999999999998
 21
-2.165063509461087
 31
0.0
210
0.0
220
0.0
230
0.9999999999999999
 40
0.5773502691896257
 41
2.792526803190964
 42
3.490658503988655
  0
ELLIPSE
  5
1A4
330
1F
100
AcDbEntity
  8
Geometries
  6
Continuous
370
    40
100
AcDbEllipse
 10
312.636901062202
 20
130.634611930145
 30
0.0
 11
1.249999999999998
 21
-2.165063509461087
 31
0.0
210
0.0
220
0.0
230
0.9999999999999999
 40
0.5773502691896257
 41
0.3490658503988622
 42
2.709056947196558
  0
ELLIPSE
  5
1A5
330
1F
100
AcDbEntity
  8
Geometries
  6
Continuous
370
    40
100
AcDbEllipse
 10
286.827503548893
 20
115.733549328214
 30
0.0
 11
-1.249999999999994
 21
2.165063509461087
 31
0.0
210
0.0
220
0.0
230
1.0
 40
0.577350269189626
 41
5.934119456780767
 42
6.632251157578449
  0
ELLIPSE
  5
1A6
330
1F
100
AcDbEntity
  8
Geometries
  6
Continuous
370
    40
100
AcDbEllipse
 10
312.636901062202
 20
130.634611930145
 30
0.0
 11
1.249999999999998
 21
-2.165063509461087
 31
0.0
210
0.0
220
0.0
230
0.9999999999999999
 40
0.5773502691896257
 41
2.792526803190963
 42
3.490658503988655
  0
ELLIPSE
  5
1A7
330
1F
100
AcDbEntity
  8
Geometries
  6
Continuous
370
    40
100
AcDbEllipse
 10
323.361353910198
 20
94.64072098758108
 30
0.0
 11
-1.249999999999994
 21
2.165063509461087
 31
0.0
210
0.0
220
0.0
230
1.0
 40
0.577350269189626
 41
5.93411945678076
 42
6.632251157578446
  0
ELLIPSE
  5
1A8
330
1F
100
AcDbEntity
  8
Geometries
  6
Continuous
370
    40
100
AcDbEllipse
 10
330.9038262428545
 20
120.0881977598285
 30
0.0
 11
1.249999999999998
 21
-2.165063509461087
 31
0.0
210
0.0
220
0.0
230
0.9999999999999999
 40
0.5773502691896257
 41
0.3490658503988609
 42
2.709056947196567
  0
ELLIPSE
  5
1A9
330
1F
100
AcDbEntity
  8
Geometries
  6
Continuous
370
    40
100
AcDbEllipse
 10
304.4189044971237
 20
115.0293512011434
 30
0.0
 11
1.249999999999998
 21
-2.165063509461099
 31
0.0
210
0.0
220
0.0
230
1.0
 40
0.5773502691896256
 41
3.49065850398866
 42
6.632251157578454
  0
ELLIPSE
  5
1AA
330
1F
100
AcDbEntity
  8
Geometries
  6
Continuous
370
    40
100
AcDbEllipse
 10
305.0944287295455
 20
105.1871351578975
 30
0.0
 11
-1.249999999999994
 21
2.165063509461087
 31
0.0
210
0.0
220
0.0
230
1.0
 40
0.577350269189626
 41
5.85064960078636
 42
5.934119456780761
  0
ELLIPSE
  5
1AB
330
1F
100
AcDbEntity
  8
Geometries
  6
Continuous
370
    40
100
AcDbEllipse
 10
316.5968546175587
 20
107.9984084209324
 30
0.0
 11
1.249999999999998
 21
-2.165063509461099
 31
0.0
210
0.0
220
0.0
230
1.0
 40
0.5773502691896256
 41
3.490658503988661
 42
6.632251157578454
  0
ELLIPSE
  5
1AC
330
1F
100
AcDbEntity
  8
Geometries
  6
Continuous
370
    40
100
AcDbEllipse
 10
322.292992577117
 20
76.13236130416982
 30
0.0
 11
-1.250000000000001
 21
2.165063509461099
 31
0.0
210
0.0
220
0.0
230
0.9999999999999998
 40
0.577350269189626
 41
0.3490658503988688
 42
2.709056947196538
  0
ELLIPSE
  5
1AD
330
1F
100
AcDbEntity
  8
Geometries
  6
Continuous
370
    40
100
AcDbEllipse
 10
317.2723788499805
 20
98.15619237768657
 30
0.0
 11
-1.249999999999994
 21
2.165063509461087
 31
0.0
210
0.0
220
0.0
230
1.0
 40
0.577350269189626
 41
5.850649600786358
 42
5.93411945678076
  0
ELLIPSE
  5
1AE
330
1F
100
AcDbEntity
  8
Geometries
  6
Continuous
370
    40
100
AcDbEllipse
 10
337.580647531681
 20
93.81092284845317
 30
0.0
 11
0.2500000000000002
 21
0.4330127018922196
 31
0.0
210
0.0
220
0.0
230
1.0
 40
0.5773502691896261
 41
6.283185307179583
 42
7.068583470577015
  0
ELLIPSE
  5
1AF
330
1F
100
AcDbEntity
  8
Geometries
  6
Continuous
370
    40
100
AcDbEllipse
 10
336.992801303072
 20
116.5727263697231
 30
0.0
 11
1.249999999999998
 21
-2.165063509461087
 31
0.0
210
0.0
220
0.0
230
0.9999999999999999
 40
0.5773502691896257
 41
2.709056947196562
 42
2.792526803190963
  0
ELLIPSE
  5
1B0
330
1F
100
AcDbEntity
  8
Geometries
  6
Continuous
370
    40
100
AcDbEllipse
 10
318.7258761224195
 20
127.1191405400395
 30
0.0
 11
1.249999999999998
 21
-2.165063509461087
 31
0.0
210
0.0
220
0.0
230
0.9999999999999999
 40
0.5773502691896257
 41
2.792526803190963
 42
3.490658503988651
  0
ELLIPSE
  5
1B1
330
1F
100
AcDbEntity
  8
Geometries
  6
Continuous
370
    40
100
AcDbEllipse
 10
336.992801303072
 20
116.5727263697231
 30
0.0
 11
1.249999999999998
 21
-2.165063509461087
 31
0.0
210
0.0
220
0.0
230
0.9999999999999999
 40
0.5773502691896257
 41
2.792526803190964
 42
3.490658503988658
  0
ELLIPSE
  5
1B2
330
1F
100
AcDbEntity
  8
Geometries
  6
Continuous
370
    40
100
AcDbEllipse
 10
304.0260673964645
 20
86.67877547448627
 30
0.0
 11
-1.250000000000001
 21
2.165063509461099
 31
0.0
210
0.0
220
0.0
230
0.9999999999999998
 40
0.577350269189626
 41
0.3490658503988688
 42
2.709056947196537
  0
ELLIPSE
  5
1B3
330
1F
100
AcDbEntity
  8
Geometries
  6
Continuous
370
    40
100
AcDbEllipse
 10
278.6468801438892
 20
154.7807364847685
 30
0.0
 11
0.2500000000000037
 21
-0.4330127018922199
 31
0.0
210
0.0
220
0.0
230
0.9999999999999999
 40
0.5773502691896258
 41
2.356194490192338
 42
3.141592653589751
  0
ELLIPSE
  5
1B4
330
1F
100
AcDbEntity
  8
Geometries
  6
Continuous
370
    40
100
AcDbEllipse
 10
328.7748047379937
 20
100.9674656407215
 30
0.0
 11
1.249999999999998
 21
-2.165063509461099
 31
0.0
210
0.0
220
0.0
230
1.0
 40
0.5773502691896256
 41
3.490658503988662
 42
6.632251157578454
  0
ELLIPSE
  5
1B5
330
1F
100
AcDbEntity
  8
Geometries
  6
Continuous
370
    40
100
AcDbEllipse
 10
343.0817763632895
 20
113.0572549796176
 30
0.0
 11
1.249999999999998
 21
-2.165063509461087
 31
0.0
210
0.0
220
0.0
230
0.9999999999999999
 40
0.5773502691896257
 41
0.3490658503988612
 42
2.709056947196565
  0
ELLIPSE
  5
1B6
330
1F
100
AcDbEntity
  8
Geometries
  6
Continuous
370
    40
100
AcDbEllipse
 10
343.0817763632895
 20
113.0572549796176
 30
0.0
 11
1.249999999999998
 21
-2.165063509461087
 31
0.0
210
0.0
220
0.0
230
0.9999999999999999
 40
0.5773502691896257
 41
2.709056947196565
 42
2.792526803190963
  0
ELLIPSE
  5
1B7
330
1F
100
AcDbEntity
  8
Geometries
  6
Continuous
370
    40
100
AcDbEllipse
 10
300.458950941767
 20
137.665554710356
 30
0.0
 11
1.249999999999998
 21
-2.165063509461087
 31
0.0
210
0.0
220
0.0
230
0.9999999999999999
 40
0.5773502691896257
 41
2.792526803190963
 42
3.490658503988658
  0
ELLIPSE
  5
1B8
330
1F
100
AcDbEntity
  8
Geometries
  6
Continuous
370
    40
100
AcDbEllipse
 10
343.0817763632895
 20
113.0572549796176
 30
0.0
 11
1.249999999999998
 21
-2.165063509461087
 31
0.0
210
0.0
220
0.0
230
0.9999999999999999
 40
0.5773502691896257
 41
2.792526803190963
 42
3.490658503988662
  0
ELLIPSE
  5
1B9
330
1F
100
AcDbEntity
  8
Geometries
  6
Continuous
370
    40
100
AcDbEllipse
 10
334.8637797982112
 20
97.451994250616
 30
0.0
 11
1.249999999999998
 21
-2.165063509461099
 31
0.0
210
0.0
220
0.0
230
1.0
 40
0.5773502691896256
 41
3.49065850398866
 42
6.632251157578456
  0
ELLIPSE
  5
1BA
330
1F
100
AcDbEntity
  8
Geometries
  6
Continuous
370
    40
100
AcDbEllipse
 10
286.827503548893
 20
115.733549328214
 30
0.0
 11
-1.249999999999994
 21
2.165063509461087
 31
0.0
210
0.0
220
0.0
230
1.0
 40
0.577350269189626
 41
3.490658503988657
 42
5.850649600786362
  0
ELLIPSE
  5
1BB
330
1F
100
AcDbEntity
  8
Geometries
  6
Continuous
370
    40
100
AcDbEllipse
 10
340.9527548584286
 20
93.93652286051051
 30
0.0
 11
1.249999999999998
 21
-2.165063509461099
 31
0.0
210
0.0
220
0.0
230
1.0
 40
0.5773502691896256
 41
3.490658503988661
 42
6.632251157578454
  0
ELLIPSE
  5
1BC
330
1F
100
AcDbEntity
  8
Geometries
  6
Continuous
370
    40
100
AcDbEllipse
 10
293.3878831299015
 20
141.7480376149946
 30
0.0
 11
1.249999999999998
 21
-2.165063509461087
 31
0.0
210
0.0
220
0.0
230
0.9999999999999999
 40
0.5773502691896257
 41
2.709056947196555
 42
2.792526803190961
  0
ELLIPSE
  5
1BD
330
1F
100
AcDbEntity
  8
Geometries
  6
Continuous
370
    40
100
AcDbEllipse
 10
299.005453669328
 20
108.702606548003
 30
0.0
 11
-1.249999999999994
 21
2.165063509461087
 31
0.0
210
0.0
220
0.0
230
1.0
 40
0.577350269189626
 41
5.850649600786356
 42
5.934119456780767
  0
ELLIPSE
  5
1BE
330
1F
100
AcDbEntity
  8
Geometries
  6
Continuous
370
    40
100
AcDbEllipse
 10
324.814851182637
 20
123.603669149934
 30
0.0
 11
1.249999999999998
 21
-2.165063509461087
 31
0.0
210
0.0
220
0.0
230
0.9999999999999999
 40
0.5773502691896257
 41
0.3490658503988622
 42
2.709056947196563
  0
ELLIPSE
  5
1BF
330
1F
100
AcDbEntity
  8
Geometries
  6
Continuous
370
    40
100
AcDbEllipse
 10
358.4768471904458
 20
105.4248971973292
 30
0.0
 11
-0.2499999999999976
 21
-0.4330127018922212
 31
0.0
210
0.0
220
0.0
230
1.0
 40
0.5773502691896218
 41
3.926990816987218
 42
5.497787143782126
  0
ELLIPSE
  5
1C0
330
1F
100
AcDbEntity
  8
Geometries
  6
Continuous
370
    40
100
AcDbEllipse
 10
355.2597264837244
 20
106.0263121994066
 30
0.0
 11
1.249999999999998
 21
-2.165063509461087
 31
0.0
210
0.0
220
0.0
230
0.9999999999999999
 40
0.5773502691896257
 41
2.70905694719656
 42
2.792526803190961
  0
ELLIPSE
  5
1C1
330
1F
100
AcDbEntity
  8
Geometries
  6
Continuous
370
    40
100
AcDbEllipse
 10
358.0867441860909
 20
105.6501232719052
 30
0.0
 11
0.2500000000000002
 21
0.4330127018922196
 31
0.0
210
0.0
220
0.0
230
1.0
 40
0.5773502691896261
 41
0.7853981633974284
 42
2.356194490192351
  0
ELLIPSE
  5
1C2
330
1F
100
AcDbEntity
  8
Geometries
  6
Continuous
370
    40
100
AcDbEllipse
 10
272.5205319235972
 20
103.6437599893179
 30
0.0
 11
-1.250000000000001
 21
2.165063509461099
 31
0.0
210
0.0
220
0.0
230
0.9999999999999998
 40
0.577350269189626
 41
0.3490658503988612
 42
3.490658503988665
  0
ELLIPSE
  5
1C3
330
1F
100
AcDbEntity
  8
Geometries
  6
Continuous
370
    40
100
AcDbEllipse
 10
278.6468801438892
 20
154.7807364847685
 30
0.0
 11
0.2500000000000002
 21
0.4330127018922196
 31
0.0
210
0.0
220
0.0
230
1.0
 40
0.5773502691896261
 41
6.283185307179576
 42
7.068583470577034
  0
ELLIPSE
  5
1C4
330
1F
100
AcDbEntity
  8
Geometries
  6
Continuous
370
    40
100
AcDbEllipse
 10
292.9164786091105
 20
112.2180779381085
 30
0.0
 11
-1.249999999999994
 21
2.165063509461087
 31
0.0
210
0.0
220
0.0
230
1.0
 40
0.577350269189626
 41
5.850649600786363
 42
5.934119456780757
  0
ELLIPSE
  5
1C5
330
1F
100
AcDbEntity
  8
Geometries
  6
Continuous
370
    40
100
AcDbEllipse
 10
292.9164786091105
 20
112.2180779381085
 30
0.0
 11
-1.249999999999994
 21
2.165063509461087
 31
0.0
210
0.0
220
0.0
230
1.0
 40
0.577350269189626
 41
3.490658503988656
 42
5.850649600786363
  0
ELLIPSE
  5
1C6
330
1F
100
AcDbEntity
  8
Geometries
  6
Continuous
370
    40
100
AcDbEllipse
 10
312.636901062202
 20
130.634611930145
 30
0.0
 11
1.249999999999998
 21
-2.165063509461087
 31
0.0
210
0.0
220
0.0
230
0.9999999999999999
 40
0.5773502691896257
 41
2.709056947196558
 42
2.792526803190963
  0
ELLIPSE
  5
1C7
330
1F
100
AcDbEntity
  8
Geometries
  6
Continuous
370
    40
100
AcDbEllipse
 10
349.1707514235069
 20
109.5417835895121
 30
0.0
 11
1.249999999999998
 21
-2.165063509461087
 31
0.0
210
0.0
220
0.0
230
0.9999999999999999
 40
0.5773502691896257
 41
0.3490658503988612
 42
2.70905694719656
  0
ELLIPSE
  5
1C8
330
1F
100
AcDbEntity
  8
Geometries
  6
Continuous
370
    40
100
AcDbEllipse
 10
291.8481172760295
 20
93.70971825469724
 30
0.0
 11
-1.250000000000001
 21
2.165063509461099
 31
0.0
210
0.0
220
0.0
230
0.9999999999999998
 40
0.577350269189626
 41
0.3490658503988655
 42
2.709056947196538
  0
ELLIPSE
  5
1C9
330
1F
100
AcDbEntity
  8
Geometries
  6
Continuous
370
    40
100
AcDbEllipse
 10
328.3034002172026
 20
71.43750596383539
 30
0.0
 11
-1.250000000000001
 21
2.165063509461099
 31
0.0
210
0.0
220
0.0
230
0.9999999999999998
 40
0.577350269189626
 41
0.3490658503988679
 42
3.490658503988658
  0
ELLIPSE
  5
1CA
330
1F
100
AcDbEntity
  8
Geometries
  6
Continuous
370
    40
100
AcDbEllipse
 10
335.924439969991
 20
98.06436668631179
 30
0.0
 11
1.249999999999998
 21
-2.165063509461099
 31
0.0
210
0.0
220
0.0
230
1.0
 40
0.5773502691896256
 41
3.490658503988663
 42
5.850649600786342
  0
ELLIPSE
  5
1CB
330
1F
100
AcDbEntity
  8
Geometries
  6
Continuous
370
    40
100
AcDbEllipse
 10
273.581192095377
 20
104.2561324250137
 30
0.0
 11
-1.250000000000001
 21
2.165063509461099
 31
0.0
210
0.0
220
0.0
230
0.9999999999999998
 40
0.577350269189626
 41
0.3490658503988661
 42
2.70905694719654
  0
ELLIPSE
  5
1CC
330
1F
100
AcDbEntity
  8
Geometries
  6
Continuous
370
    40
100
AcDbEllipse
 10
267.4922170351596
 20
107.7716038151192
 30
0.0
 11
-1.250000000000001
 21
2.165063509461099
 31
0.0
210
0.0
220
0.0
230
0.9999999999999998
 40
0.577350269189626
 41
1.515578422242346
 42
2.70905694719654
  0
ELLIPSE
  5
1CD
330
1F
100
AcDbEntity
  8
Geometries
  6
Continuous
370
    40
100
AcDbEllipse
 10
311.568539729121
 20
112.1262522467337
 30
0.0
 11
1.249999999999998
 21
-2.165063509461099
 31
0.0
210
0.0
220
0.0
230
1.0
 40
0.5773502691896256
 41
3.490658503988663
 42
5.85064960078634
  0
ELLIPSE
  5
1CE
330
1F
100
AcDbEntity
  8
Geometries
  6
Continuous
370
    40
100
AcDbEllipse
 10
305.4795646689035
 20
115.6417236368392
 30
0.0
 11
1.249999999999998
 21
-2.165063509461099
 31
0.0
210
0.0
220
0.0
230
1.0
 40
0.5773502691896256
 41
3.490658503988663
 42
5.850649600786335
  0
ELLIPSE
  5
1CF
330
1F
100
AcDbEntity
  8
Geometries
  6
Continuous
370
    40
100
AcDbEllipse
 10
293.3016145484685
 20
122.6726664170502
 30
0.0
 11
1.249999999999998
 21
-2.165063509461099
 31
0.0
210
0.0
220
0.0
230
1.0
 40
0.5773502691896256
 41
3.490658503988663
 42
5.850649600786337
  0
ARC
  5
1D0
330
1F
100
AcDbEntity
  8
Geometries
  6
Continuous
370
    40
100
AcDbCircle
 10
337.580647531681
 20
93.81092284845317
 30
0.0
 40
0.4999999999999989
100
AcDbArc
 50
60.00000000000028
 51
119.9999999999997
  0
ARC
  5
1D1
330
1F
100
AcDbEntity
  8
Geometries
  6
Continuous
370
    40
100
AcDbCircle
 10
346.3531198561108
 20
57.71926351523152
 30
0.0
 40
0.5000000000000019
100
AcDbArc
 50
240.0000000000002
 51
299.9999999999997
  0
ARC
  5
1D2
330
1F
100
AcDbEntity
  8
Geometries
  6
Continuous
370
    40
100
AcDbCircle
 10
252.483929239987
 20
139.6755497376055
 30
0.0
 40
0.499999999999983
100
AcDbArc
 50
120.0000000000006
 51
198.1326310742269
  0
ARC
  5
1D3
330
1F
100
AcDbEntity
  8
Geometries
  6
Continuous
370
    40
100
AcDbCircle
 10
372.516070760013
 20
72.82445026239446
 30
0.0
 40
0.4999999999999935
100
AcDbArc
 50
0.0
 51
18.13263107422439
  0
ARC
  5
1D4
330
1F
100
AcDbEntity
  8
Geometries
  6
Continuous
370
    40
100
AcDbCircle
 10
263.694725684808
 20
105.4421096408153
 30
0.0
 40
0.5000000000000068
100
AcDbArc
 50
198.132631074226
 51
240.0000000000002
  0
LINE
  5
1D5
330
1F
100
AcDbEntity
  8
Geometries
  6
Continuous
370
    40
100
AcDbLine
 10
330.6795756223108
 20
79.37791616870669
 30
0.0
 11
327.761919433843
 21
73.83754082563294
 31
0.0
  0
LINE
  5
1D6
330
1F
100
AcDbEntity
  8
Geometries
  6
Continuous
370
    40
100
AcDbLine
 10
345.9995664655175
 20
57.5151393699996
 30
0.0
 11
334.7887700206965
 21
91.74857946678979
 31
0.0
  0
LINE
  5
1D7
330
1F
100
AcDbEntity
  8
Geometries
  6
Continuous
370
    40
100
AcDbLine
 10
328.839414674678
 20
93.39343625814458
 30
0.0
 11
320.6908516219775
 21
77.92002373027157
 31
0.0
  0
LINE
  5
1D8
330
1F
100
AcDbEntity
  8
Geometries
  6
Continuous
370
    40
100
AcDbLine
 10
347.6884639822815
 20
64.87755292621394
 30
0.0
 11
338.2911787270638
 21
93.57323065440572
 31
0.0
  0
LINE
  5
1D9
330
1F
100
AcDbEntity
  8
Geometries
  6
Continuous
370
    40
100
AcDbLine
 10
368.1945606366913
 20
76.71675334966596
 30
0.0
 11
347.6884639822815
 21
64.87755292621394
 31
0.0
  0
LINE
  5
1DA
330
1F
100
AcDbEntity
  8
Geometries
  6
Continuous
370
    40
100
AcDbLine
 10
278.683429757651
 20
154.7596345554244
 30
0.0
 11
356.0755436923068
 21
110.0772767420966
 31
0.0
  0
LINE
  5
1DB
330
1F
100
AcDbEntity
  8
Geometries
  6
Continuous
370
    40
100
AcDbLine
 10
316.5252882531551
 20
100.4375183583317
 30
0.0
 11
315.670237894841
 21
99.94385480378833
 31
0.0
  0
LINE
  5
1DC
330
1F
100
AcDbEntity
  8
Geometries
  6
Continuous
370
    40
100
AcDbLine
 10
324.3574041452935
 20
102.8271228058538
 30
0.0
 11
332.5059671979939
 21
118.3005353337268
 31
0.0
  0
LINE
  5
1DD
330
1F
100
AcDbEntity
  8
Geometries
  6
Continuous
370
    40
100
AcDbLine
 10
309.9663987739816
 20
113.9139146728355
 30
0.0
 11
308.9057386022017
 21
113.3015422371397
 31
0.0
  0
LINE
  5
1DE
330
1F
100
AcDbEntity
  8
Geometries
  6
Continuous
370
    40
100
AcDbLine
 10
358.7972753814737
 20
105.4124310778577
 30
0.0
 11
368.1945606366913
 21
76.71675334966596
 31
0.0
  0
LINE
  5
1DF
330
1F
100
AcDbEntity
  8
Geometries
  6
Continuous
370
    40
100
AcDbLine
 10
361.305274315192
 20
107.4661386496485
 30
0.0
 11
278.6468801438892
 21
155.1889847752323
 31
0.0
  0
LINE
  5
1E0
330
1F
100
AcDbEntity
  8
Geometries
  6
Continuous
370
    40
100
AcDbLine
 10
372.8364989510409
 20
72.811984142923
 30
0.0
 11
361.6257025062199
 21
107.0454242397132
 31
0.0
  0
LINE
  5
1E1
330
1F
100
AcDbEntity
  8
Geometries
  6
Continuous
370
    40
100
AcDbLine
 10
288.3332795560667
 20
119.9635162419972
 30
0.0
 11
253.8985957065981
 21
139.8443902319476
 31
0.0
  0
LINE
  5
1E2
330
1F
100
AcDbEntity
  8
Geometries
  6
Continuous
370
    40
100
AcDbLine
 10
355.8868549553139
 20
109.3697196542649
 30
0.0
 11
278.7199793714126
 21
153.9220360451526
 31
0.0
  0
LINE
  5
1E3
330
1F
100
AcDbEntity
  8
Geometries
  6
Continuous
370
    40
100
AcDbLine
 10
300.0015039044235
 20
116.8890083662757
 30
0.0
 11
308.150066957124
 21
132.3624208941488
 31
0.0
  0
LINE
  5
1E4
330
1F
100
AcDbEntity
  8
Geometries
  6
Continuous
370
    40
100
AcDbLine
 10
276.2516943835975
 20
120.9768296823232
 30
0.0
 11
270.2068661317309
 21
109.4982265720146
 31
0.0
  0
LINE
  5
1E5
330
1F
100
AcDbEntity
  8
Geometries
  6
Continuous
370
    40
100
AcDbLine
 10
286.0804129520677
 20
118.0148753088591
 30
0.0
 11
285.2253625937535
 21
117.5212117543158
 31
0.0
  0
LINE
  5
1E6
330
1F
100
AcDbEntity
  8
Geometries
  6
Continuous
370
    40
100
AcDbLine
 10
270.2068661317309
 20
109.4982265720146
 30
0.0
 11
268.103131330897
 21
105.5034171544502
 31
0.0
  0
LINE
  5
1E7
330
1F
100
AcDbEntity
  8
Geometries
  6
Continuous
370
    40
100
AcDbLine
 10
282.340669443815
 20
117.4613582922177
 30
0.0
 11
281.6160144046245
 21
116.0853013985941
 31
0.0
  0
LINE
  5
1E8
330
1F
100
AcDbEntity
  8
Geometries
  6
Continuous
370
    40
100
AcDbLine
 10
268.103131330897
 20
105.5034171544502
 30
0.0
 11
268.0336978185192
 21
105.3715689533216
 31
0.0
  0
LINE
  5
1E9
330
1F
100
AcDbEntity
  8
Geometries
  6
Continuous
370
    40
100
AcDbLine
 10
279.136387533536
 20
121.0366831444212
 30
0.0
 11
270.9183909684577
 21
105.4314224154197
 31
0.0
  0
LINE
  5
1EA
330
1F
100
AcDbEntity
  8
Geometries
  6
Continuous
370
    40
100
AcDbLine
 10
285.2253625937535
 20
117.5212117543158
 30
0.0
 11
277.0073660286752
 21
101.9159510253142
 31
0.0
  0
LINE
  5
1EB
330
1F
100
AcDbEntity
  8
Geometries
  6
Continuous
370
    40
100
AcDbLine
 10
335.1423234112897
 20
92.3609519024856
 30
0.0
 11
337.970750536036
 21
93.99394506434103
 31
0.0
  0
LINE
  5
1EC
330
1F
100
AcDbEntity
  8
Geometries
  6
Continuous
370
    40
100
AcDbLine
 10
336.4659207533506
 20
95.66433182451425
 30
0.0
 11
336.5353542657284
 21
95.7961800256428
 31
0.0
  0
LINE
  5
1ED
330
1F
100
AcDbEntity
  8
Geometries
  6
Continuous
370
    40
100
AcDbLine
 10
278.0680262004551
 20
102.52832346101
 30
0.0
 11
277.0073660286752
 21
101.9159510253142
 31
0.0
  0
LINE
  5
1EE
330
1F
100
AcDbEntity
  8
Geometries
  6
Continuous
370
    40
100
AcDbLine
 10
297.4033127141885
 20
110.4902689741048
 30
0.0
 11
289.1853161491102
 21
94.88500824510321
 31
0.0
  0
LINE
  5
1EF
330
1F
100
AcDbEntity
  8
Geometries
  6
Continuous
370
    40
100
AcDbLine
 10
303.492287774406
 20
106.9747975839993
 30
0.0
 11
295.2742912093277
 21
91.36953685499772
 31
0.0
  0
LINE
  5
1F0
330
1F
100
AcDbEntity
  8
Geometries
  6
Continuous
370
    40
100
AcDbLine
 10
302.423926441325
 20
88.46643790058802
 30
0.0
 11
301.3632662695452
 21
87.85406546489223
 31
0.0
  0
LINE
  5
1F1
330
1F
100
AcDbEntity
  8
Geometries
  6
Continuous
370
    40
100
AcDbLine
 10
306.696569684685
 20
103.3994727317958
 30
0.0
 11
298.5480066319844
 21
87.92606020392276
 31
0.0
  0
LINE
  5
1F2
330
1F
100
AcDbEntity
  8
Geometries
  6
Continuous
370
    40
100
AcDbLine
 10
292.6407925330762
 20
144.0293635956397
 30
0.0
 11
291.785742174762
 21
143.5357000410964
 31
0.0
  0
LINE
  5
1F3
330
1F
100
AcDbEntity
  8
Geometries
  6
Continuous
370
    40
100
AcDbLine
 10
281.6160144046245
 20
116.0853013985941
 30
0.0
 11
275.3671635759966
 21
112.47752569056
 31
0.0
  0
LINE
  5
1F4
330
1F
100
AcDbEntity
  8
Geometries
  6
Continuous
370
    40
100
AcDbLine
 10
330.2661461789978
 20
95.17621414016565
 30
0.0
 11
330.6196995695911
 21
95.38033828539758
 31
0.0
  0
LINE
  5
1F5
330
1F
100
AcDbEntity
  8
Geometries
  6
Continuous
370
    40
100
AcDbLine
 10
366.499341725724
 20
76.96328609524264
 30
0.0
 11
365.9233692695287
 21
76.63074824261244
 31
0.0
  0
LINE
  5
1F6
330
1F
100
AcDbEntity
  8
Geometries
  6
Continuous
370
    40
100
AcDbLine
 10
318.87451980512
 20
96.36852995158483
 30
0.0
 11
310.7259567524194
 21
80.89511742371178
 31
0.0
  0
LINE
  5
1F7
330
1F
100
AcDbEntity
  8
Geometries
  6
Continuous
370
    40
100
AcDbLine
 10
314.60187656176
 20
81.43549512037706
 30
0.0
 11
313.5412163899802
 21
80.82312268468127
 31
0.0
  0
LINE
  5
1F8
330
1F
100
AcDbEntity
  8
Geometries
  6
Continuous
370
    40
100
AcDbLine
 10
321.7592129550585
 20
96.42838341368284
 30
0.0
 11
313.5412163899802
 21
80.82312268468127
 31
0.0
  0
LINE
  5
1F9
330
1F
100
AcDbEntity
  8
Geometries
  6
Continuous
370
    40
100
AcDbLine
 10
327.848188015276
 20
92.91291202357736
 30
0.0
 11
319.6301914501977
 21
77.30765129457578
 31
0.0
  0
LINE
  5
1FA
330
1F
100
AcDbEntity
  8
Geometries
  6
Continuous
370
    40
100
AcDbLine
 10
331.0524699255549
 20
89.33758717137385
 30
0.0
 11
322.9039068728545
 21
73.86417464350083
 31
0.0
  0
LINE
  5
1FB
330
1F
100
AcDbEntity
  8
Geometries
  6
Continuous
370
    40
100
AcDbLine
 10
335.1057737975281
 20
92.79030212229353
 30
0.0
 11
335.1057737975281
 21
92.95940410101929
 31
0.0
  0
LINE
  5
1FC
330
1F
100
AcDbEntity
  8
Geometries
  6
Continuous
370
    40
100
AcDbLine
 10
265.0716282891929
 20
117.2566822224611
 30
0.0
 11
261.8673463789139
 21
120.8320070746646
 31
0.0
  0
LINE
  5
1FD
330
1F
100
AcDbEntity
  8
Geometries
  6
Continuous
370
    40
100
AcDbLine
 10
330.1135094113319
 20
79.70473464799448
 30
0.0
 11
330.6795756223108
 21
79.37791616870668
 31
0.0
  0
LINE
  5
1FE
330
1F
100
AcDbEntity
  8
Geometries
  6
Continuous
370
    40
100
AcDbLine
 10
278.7199793714126
 20
153.9220360451526
 30
0.0
 11
289.601046509033
 21
120.6954618335621
 31
0.0
  0
LINE
  5
1FF
330
1F
100
AcDbEntity
  8
Geometries
  6
Continuous
370
    40
100
AcDbLine
 10
252.483929239987
 20
140.0837980280694
 30
0.0
 11
330.2661461789978
 21
95.17621414016565
 31
0.0
  0
ELLIPSE
  5
200
330
1F
100
AcDbEntity
  8
Geometries
  6
Continuous
370
    40
100
AcDbEllipse
 10
336.992801303072
 20
116.5727263697231
 30
0.0
 11
1.249999999999998
 21
-2.165063509461087
 31
0.0
210
0.0
220
0.0
230
0.9999999999999999
 40
0.5773502691896257
 41
0.3490658503988609
 42
2.709056947196562
  0
LINE
  5
201
330
1F
100
AcDbEntity
  8
Geometries
  6
Continuous
370
    40
100
AcDbLine
 10
329.9749746847199
 20
69.7816917388622
 30
0.0
 11
329.9055411723421
 21
69.64984353773364
 31
0.0
  0
ELLIPSE
  5
202
330
1F
100
AcDbEntity
  8
Geometries
  6
Continuous
370
    40
100
AcDbEllipse
 10
311.183403789763
 20
101.6716637677921
 30
0.0
 11
-1.249999999999994
 21
2.165063509461087
 31
0.0
210
0.0
220
0.0
230
1.0
 40
0.577350269189626
 41
5.85064960078636
 42
5.934119456780762
  0
LINE
  5
203
330
1F
100
AcDbEntity
  8
Geometries
  6
Continuous
370
    40
100
AcDbLine
 10
318.1989955726982
 20
106.2107459948307
 30
0.0
 11
318.2684290850759
 21
106.3425941959592
 31
0.0
  0
ELLIPSE
  5
204
330
1F
100
AcDbEntity
  8
Geometries
  6
Continuous
370
    40
100
AcDbEllipse
 10
296.8764321644672
 20
89.58187442889596
 30
0.0
 11
-1.250000000000001
 21
2.165063509461099
 31
0.0
210
0.0
220
0.0
230
0.9999999999999998
 40
0.577350269189626
 41
0.3490658503988681
 42
3.490658503988656
  0
LINE
  5
205
330
1F
100
AcDbEntity
  8
Geometries
  6
Continuous
370
    40
100
AcDbLine
 10
347.7238133108834
 20
65.4102043268939
 30
0.0
 11
347.6980704887961
 21
65.48881295761736
 31
0.0
  0
ELLIPSE
  5
206
330
1F
100
AcDbEntity
  8
Geometries
  6
Continuous
370
    40
100
AcDbEllipse
 10
280.7385284886755
 20
119.2490207183195
 30
0.0
 11
-1.249999999999994
 21
2.165063509461087
 31
0.0
210
0.0
220
0.0
230
1.0
 40
0.577350269189626
 41
5.850649600786363
 42
5.93411945678076
  0
LINE
  5
207
330
1F
100
AcDbEntity
  8
Geometries
  6
Continuous
370
    40
100
AcDbLine
 10
308.9057386022017
 20
113.3015422371397
 30
0.0
 11
317.12373516728
 21
128.9068029661413
 31
0.0
  0
ELLIPSE
  5
208
330
1F
100
AcDbEntity
  8
Geometries
  6
Continuous
370
    40
100
AcDbEllipse
 10
346.3531198561108
 20
57.71926351523152
 30
0.0
 11
-0.4751693205721285
 21
-0.1556088583179674
 31
0.0
210
0.0
220
0.0
230
1.0
 40
0.2792582776338246
 41
0.6450910935035775
 42
2.21588742029855
  0
LINE
  5
209
330
1F
100
AcDbEntity
  8
Geometries
  6
Continuous
370
    40
100
AcDbLine
 10
367.1304760507152
 20
77.15856968894535
 30
0.0
 11
367.3557144014699
 21
77.02852826650533
 31
0.0
  0
ELLIPSE
  5
20A
330
1F
100
AcDbEntity
  8
Geometries
  6
Continuous
370
    40
100
AcDbEllipse
 10
372.516070760013
 20
72.82445026239446
 30
0.0
 11
-0.4751693205721285
 21
-0.1556088583179674
 31
0.0
210
0.0
220
0.0
230
1.0
 40
0.2792582776338246
 41
2.215887420298487
 42
3.141592653589788
  0
LINE
  5
20B
330
1F
100
AcDbEntity
  8
Geometries
  6
Continuous
370
    40
100
AcDbLine
 10
347.5274397262234
 20
66.00985336879177
 30
0.0
 11
338.9492769013004
 21
92.20424773255489
 31
0.0
  0
ELLIPSE
  5
20C
330
1F
100
AcDbEntity
  8
Geometries
  6
Continuous
370
    40
100
AcDbEllipse
 10
337.970750536036
 20
93.58569677387717
 30
0.0
 11
0.2500000000000037
 21
-0.4330127018922199
 31
0.0
210
0.0
220
0.0
230
0.9999999999999999
 40
0.5773502691896258
 41
1.221730476396016
 42
2.356194490192337
  0
LINE
  5
20D
330
1F
100
AcDbEntity
  8
Geometries
  6
Continuous
370
    40
100
AcDbLine
 10
356.4233198984709
 20
110.2780654283432
 30
0.0
 11
357.8038664353991
 21
106.0624097962588
 31
0.0
  0
LINE
  5
20E
330
1F
100
AcDbEntity
  8
Geometries
  6
Continuous
370
    40
100
AcDbLine
 10
331.1381176137847
 20
95.08102948802966
 30
0.0
 11
331.3056982241947
 21
94.56930306287424
 31
0.0
  0
LINE
  5
20F
330
1F
100
AcDbEntity
  8
Geometries
  6
Continuous
370
    40
100
AcDbLine
 10
356.0755436923068
 20
110.0772767420966
 30
0.0
 11
356.4233198984709
 21
110.2780654283432
 31
0.0
  0
LINE
  5
210
330
1F
100
AcDbEntity
  8
Geometries
  6
Continuous
370
    40
100
AcDbLine
 10
331.3584345911917
 20
94.54558113135283
 30
0.0
 11
335.1423234112897
 21
92.3609519024856
 31
0.0
  0
LINE
  5
211
330
1F
100
AcDbEntity
  8
Geometries
  6
Continuous
370
    40
100
AcDbLine
 10
330.2603910060363
 20
95.17281146666379
 30
0.0
 11
331.3056982241947
 21
94.56930306287424
 31
0.0
  0
ELLIPSE
  5
212
330
1F
100
AcDbEntity
  8
Geometries
  6
Continuous
370
    40
100
AcDbEllipse
 10
354.1127977305116
 20
86.3385685657664
 30
0.0
 11
1.249999999999998
 21
-2.165063509461099
 31
0.0
210
0.0
220
0.0
230
1.0
 40
0.5773502691896256
 41
3.490658503988664
 42
6.632251157578449
  0
LINE
  5
213
330
1F
100
AcDbEntity
  8
Geometries
  6
Continuous
370
    40
100
AcDbLine
 10
331.3056982241947
 20
94.56930306287424
 30
0.0
 11
331.3526794182302
 21
94.54217845785097
 31
0.0
  0
ELLIPSE
  5
214
330
1F
100
AcDbEntity
  8
Geometries
  6
Continuous
370
    40
100
AcDbEllipse
 10
309.0543822849022
 20
82.55093164868498
 30
0.0
 11
-1.250000000000001
 21
2.165063509461099
 31
0.0
210
0.0
220
0.0
230
0.9999999999999998
 40
0.577350269189626
 41
0.3490658503988597
 42
3.490658503988665
  0
LINE
  5
215
330
1F
100
AcDbEntity
  8
Geometries
  6
Continuous
370
    40
100
AcDbLine
 10
278.6468801438892
 20
155.1889847752323
 30
0.0
 11
252.483929239987
 21
140.0837980280694
 31
0.0
  0
ELLIPSE
  5
216
330
1F
100
AcDbEntity
  8
Geometries
  6
Continuous
370
    40
100
AcDbEllipse
 10
315.1433573451197
 20
79.0354602585795
 30
0.0
 11
-1.250000000000001
 21
2.165063509461099
 31
0.0
210
0.0
220
0.0
230
0.9999999999999998
 40
0.577350269189626
 41
0.3490658503988643
 42
3.490658503988658
  0
LINE
  5
217
330
1F
100
AcDbEntity
  8
Geometries
  6
Continuous
370
    40
100
AcDbLine
 10
358.4768471904458
 20
105.8331454877931
 30
0.0
 11
361.305274315192
 21
107.4661386496485
 31
0.0
  0
ELLIPSE
  5
218
330
1F
100
AcDbEntity
  8
Geometries
  6
Continuous
370
    40
100
AcDbEllipse
 10
329.4503289704155
 20
91.1252495974756
 30
0.0
 11
-1.249999999999994
 21
2.165063509461087
 31
0.0
210
0.0
220
0.0
230
1.0
 40
0.577350269189626
 41
5.850649600786365
 42
5.93411945678076
  0
LINE
  5
219
330
1F
100
AcDbEntity
  8
Geometries
  6
Continuous
370
    40
100
AcDbLine
 10
290.8810258025019
 20
132.1577448243921
 30
0.0
 11
291.4767226954525
 21
133.2889214142502
 31
0.0
  0
ELLIPSE
  5
21A
330
1F
100
AcDbEntity
  8
Geometries
  6
Continuous
370
    40
100
AcDbEllipse
 10
267.4922170351596
 20
107.7716038151192
 30
0.0
 11
-1.250000000000001
 21
2.165063509461099
 31
0.0
210
0.0
220
0.0
230
0.9999999999999998
 40
0.577350269189626
 41
0.3490658503988672
 42
1.515578422242346
  0
LINE
  5
21B
330
1F
100
AcDbEntity
  8
Geometries
  6
Continuous
370
    40
100
AcDbLine
 10
358.0867441860909
 20
106.0583715623691
 30
0.0
 11
358.4768471904458
 21
105.8331454877931
 31
0.0
  0
ELLIPSE
  5
21C
330
1F
100
AcDbEntity
  8
Geometries
  6
Continuous
370
    40
100
AcDbEllipse
 10
329.4503289704155
 20
91.1252495974756
 30
0.0
 11
-1.249999999999994
 21
2.165063509461087
 31
0.0
210
0.0
220
0.0
230
1.0
 40
0.577350269189626
 41
5.93411945678076
 42
6.632251157578452
  0
LINE
  5
21D
330
1F
100
AcDbEntity
  8
Geometries
  6
Continuous
370
    40
100
AcDbLine
 10
360.5616179202438
 20
107.4872405789926
 30
0.0
 11
358.0867441860909
 21
106.0583715623691
 31
0.0
  0
ELLIPSE
  5
21E
330
1F
100
AcDbEntity
  8
Geometries
  6
Continuous
370
    40
100
AcDbEllipse
 10
306.5479260019845
 20
134.1500833202505
 30
0.0
 11
1.249999999999998
 21
-2.165063509461087
 31
0.0
210
0.0
220
0.0
230
0.9999999999999999
 40
0.5773502691896257
 41
2.792526803190963
 42
3.490658503988655
  0
LINE
  5
21F
330
1F
100
AcDbEntity
  8
Geometries
  6
Continuous
370
    40
100
AcDbLine
 10
316.661464554243
 20
100.4243790383556
 30
0.0
 11
308.5129015015425
 21
84.95096651048254
 31
0.0
  0
ELLIPSE
  5
220
330
1F
100
AcDbEntity
  8
Geometries
  6
Continuous
370
    40
100
AcDbEllipse
 10
318.7258761224195
 20
127.1191405400395
 30
0.0
 11
1.249999999999998
 21
-2.165063509461087
 31
0.0
210
0.0
220
0.0
230
0.9999999999999999
 40
0.5773502691896257
 41
0.349065850398862
 42
2.709056947196558
  0
LINE
  5
221
330
1F
100
AcDbEntity
  8
Geometries
  6
Continuous
370
    40
100
AcDbLine
 10
356.4233198984709
 20
110.2780654283432
 30
0.0
 11
357.5156083106647
 21
109.6474324195304
 31
0.0
  0
ELLIPSE
  5
222
330
1F
100
AcDbEntity
  8
Geometries
  6
Continuous
370
    40
100
AcDbEllipse
 10
310.5078795573412
 20
111.5138798110379
 30
0.0
 11
1.249999999999998
 21
-2.165063509461099
 31
0.0
210
0.0
220
0.0
230
1.0
 40
0.5773502691896256
 41
3.490658503988662
 42
6.632251157578454
  0
LINE
  5
223
330
1F
100
AcDbEntity
  8
Geometries
  6
Continuous
370
    40
100
AcDbLine
 10
287.6767438922229
 20
135.7330696765956
 30
0.0
 11
291.785742174762
 21
143.5357000410964
 31
0.0
  0
LINE
  5
224
330
1F
100
AcDbEntity
  8
Geometries
  6
Continuous
370
    40
100
AcDbLine
 10
330.6196995695911
 20
95.38033828539758
 30
0.0
 11
253.2275856349352
 21
140.0626960987253
 31
0.0
  0
ELLIPSE
  5
225
330
1F
100
AcDbEntity
  8
Geometries
  6
Continuous
370
    40
100
AcDbEllipse
 10
267.5784856165926
 20
126.8469750130636
 30
0.0
 11
-1.249999999999994
 21
2.165063509461087
 31
0.0
210
0.0
220
0.0
230
1.0
 40
0.577350269189626
 41
5.93411945678076
 42
6.632251157578454
  0
LINE
  5
226
330
1F
100
AcDbEntity
  8
Geometries
  6
Continuous
370
    40
100
AcDbLine
 10
357.1678321045006
 20
109.4466437332838
 30
0.0
 11
357.5156083106647
 21
109.6474324195304
 31
0.0
  0
ELLIPSE
  5
227
330
1F
100
AcDbEntity
  8
Geometries
  6
Continuous
370
    40
100
AcDbEllipse
 10
346.3531198561108
 20
57.71926351523152
 30
0.0
 11
0.2500000000000046
 21
-0.4330127018922215
 31
0.0
210
0.0
220
0.0
230
0.9999999999999998
 40
0.5773502691896217
 41
6.283185307179574
 42
7.504915783575616
  0
LINE
  5
228
330
1F
100
AcDbEntity
  8
Geometries
  6
Continuous
370
    40
100
AcDbLine
 10
357.8469809112395
 20
106.0890461498176
 30
0.0
 11
357.8367441860909
 21
106.0831359737974
 31
0.0
  0
ELLIPSE
  5
229
330
1F
100
AcDbEntity
  8
Geometries
  6
Continuous
370
    40
100
AcDbEllipse
 10
310.115042456682
 20
83.16330408438078
 30
0.0
 11
-1.250000000000001
 21
2.165063509461099
 31
0.0
210
0.0
220
0.0
230
0.9999999999999998
 40
0.577350269189626
 41
0.3490658503988649
 42
2.709056947196542
  0
LINE
  5
22A
330
1F
100
AcDbEntity
  8
Geometries
  6
Continuous
370
    40
100
AcDbLine
 10
337.580647531681
 20
94.21917113891705
 30
0.0
 11
335.1057737975281
 21
92.79030212229353
 31
0.0
  0
ELLIPSE
  5
22B
330
1F
100
AcDbEntity
  8
Geometries
  6
Continuous
370
    40
100
AcDbEllipse
 10
280.7385284886755
 20
119.2490207183195
 30
0.0
 11
-1.249999999999994
 21
2.165063509461087
 31
0.0
210
0.0
220
0.0
230
1.0
 40
0.577350269189626
 41
3.490658503988654
 42
5.850649600786363
  0
LINE
  5
22C
330
1F
100
AcDbEntity
  8
Geometries
  6
Continuous
370
    40
100
AcDbLine
 10
330.9179873086527
 20
95.37722375768018
 30
0.0
 11
288.3332795560667
 21
119.9635162419972
 31
0.0
  0
ELLIPSE
  5
22D
330
1F
100
AcDbEntity
  8
Geometries
  6
Continuous
370
    40
100
AcDbEllipse
 10
292.2409543766887
 20
122.0602939813544
 30
0.0
 11
1.249999999999998
 21
-2.165063509461099
 31
0.0
210
0.0
220
0.0
230
1.0
 40
0.5773502691896256
 41
3.49065850398866
 42
6.632251157578456
  0
LINE
  5
22E
330
1F
100
AcDbEntity
  8
Geometries
  6
Continuous
370
    40
100
AcDbLine
 10
342.3346857664641
 20
115.3385809602627
 30
0.0
 11
341.47963540815
 21
114.8449174057193
 31
0.0
  0
ELLIPSE
  5
22F
330
1F
100
AcDbEntity
  8
Geometries
  6
Continuous
370
    40
100
AcDbEllipse
 10
252.483929239987
 20
139.6755497376055
 30
0.0
 11
0.2500000000000002
 21
0.4330127018922196
 31
0.0
210
0.0
220
0.0
230
1.0
 40
0.5773502691896261
 41
0.7853981633973891
 42
2.356194490192344
  0
LINE
  5
230
330
1F
100
AcDbEntity
  8
Geometries
  6
Continuous
370
    40
100
AcDbLine
 10
297.7884486535465
 20
120.9448574530464
 30
0.0
 11
296.7277884817667
 21
120.3324850173507
 31
0.0
  0
ELLIPSE
  5
231
330
1F
100
AcDbEntity
  8
Geometries
  6
Continuous
370
    40
100
AcDbEllipse
 10
299.390589608686
 20
119.1571950269447
 30
0.0
 11
1.249999999999998
 21
-2.165063509461099
 31
0.0
210
0.0
220
0.0
230
1.0
 40
0.5773502691896256
 41
3.490658503988663
 42
5.85064960078634
  0
LINE
  5
232
330
1F
100
AcDbEntity
  8
Geometries
  6
Continuous
370
    40
100
AcDbLine
 10
278.683429757651
 20
154.7596345554244
 30
0.0
 11
278.683429757651
 21
154.1539208431432
 31
0.0
  0
ELLIPSE
  5
233
330
1F
100
AcDbEntity
  8
Geometries
  6
Continuous
370
    40
100
AcDbEllipse
 10
335.1423234112897
 20
91.95270361202172
 30
0.0
 11
-0.2500000000000002
 21
0.43301270189222
 31
0.0
210
0.0
220
0.0
230
1.0
 40
0.5773502691896258
 41
4.363323129985828
 42
5.497787143782137
  0
LINE
  5
234
330
1F
100
AcDbEntity
  8
Geometries
  6
Continuous
370
    40
100
AcDbLine
 10
337.330647531681
 20
94.2439355503454
 30
0.0
 11
336.3735407504944
 21
93.69134969258413
 31
0.0
  0
ELLIPSE
  5
235
330
1F
100
AcDbEntity
  8
Geometries
  6
Continuous
370
    40
100
AcDbEllipse
 10
300.458950941767
 20
137.665554710356
 30
0.0
 11
1.249999999999998
 21
-2.165063509461087
 31
0.0
210
0.0
220
0.0
230
0.9999999999999999
 40
0.5773502691896257
 41
2.709056947196559
 42
2.792526803190963
  0
LINE
  5
236
330
1F
100
AcDbEntity
  8
Geometries
  6
Continuous
370
    40
100
AcDbLine
 10
336.3735407504944
 20
93.69134969258413
 30
0.0
 11
335.1057737975281
 21
92.95940410101929
 31
0.0
  0
LINE
  5
237
330
1F
100
AcDbEntity
  8
Geometries
  6
Continuous
370
    40
100
AcDbLine
 10
338.220750536036
 20
94.01870947576938
 30
0.0
 11
337.830647531681
 21
94.2439355503454
 31
0.0
  0
ELLIPSE
  5
238
330
1F
100
AcDbEntity
  8
Geometries
  6
Continuous
370
    40
100
AcDbEllipse
 10
317.6575147893385
 20
108.6107808566282
 30
0.0
 11
1.249999999999998
 21
-2.165063509461099
 31
0.0
210
0.0
220
0.0
230
1.0
 40
0.5773502691896256
 41
3.490658503988663
 42
5.85064960078634
  0
LINE
  5
239
330
1F
100
AcDbEntity
  8
Geometries
  6
Continuous
370
    40
100
AcDbLine
 10
328.7032383735901
 20
93.40657557812071
 30
0.0
 11
327.848188015276
 21
92.91291202357736
 31
0.0
  0
ELLIPSE
  5
23A
330
1F
100
AcDbEntity
  8
Geometries
  6
Continuous
370
    40
100
AcDbEllipse
 10
372.516070760013
 20
72.82445026239446
 30
0.0
 11
0.2499999999999881
 21
-0.4330127018922227
 31
0.0
210
0.0
220
0.0
230
0.9999999999999999
 40
0.5773502691896177
 41
0.0000000000000388
 42
1.221730476396037
  0
LINE
  5
23B
330
1F
100
AcDbEntity
  8
Geometries
  6
Continuous
370
    40
100
AcDbLine
 10
253.898595706598
 20
139.8443902319476
 30
0.0
 11
253.7275856349352
 21
139.9431229428563
 31
0.0
  0
LINE
  5
23C
330
1F
100
AcDbEntity
  8
Geometries
  6
Continuous
370
    40
100
AcDbLine
 10
288.4296445040325
 20
113.9458869021122
 30
0.0
 11
280.281081451332
 21
98.47247437423921
 31
0.0
  0
LINE
  5
23D
330
1F
100
AcDbEntity
  8
Geometries
  6
Continuous
370
    40
100
AcDbLine
 10
322.6142633133726
 20
96.92204696822618
 30
0.0
 11
321.7592129550585
 21
96.42838341368284
 31
0.0
  0
ELLIPSE
  5
23E
330
1F
100
AcDbEntity
  8
Geometries
  6
Continuous
370
    40
100
AcDbEllipse
 10
302.9654072246847
 20
86.06640303879047
 30
0.0
 11
-1.250000000000001
 21
2.165063509461099
 31
0.0
210
0.0
220
0.0
230
0.9999999999999998
 40
0.577350269189626
 41
0.3490658503988673
 42
3.490658503988664
  0
LINE
  5
23F
330
1F
100
AcDbEntity
  8
Geometries
  6
Continuous
370
    40
100
AcDbLine
 10
346.6031198561108
 20
57.28625081333931
 30
0.0
 11
372.766070760013
 21
72.39143756050223
 31
0.0
  0
LINE
  5
240
330
1F
100
AcDbEntity
  8
Geometries
  6
Continuous
370
    40
100
AcDbLine
 10
347.6980704887961
 20
65.48881295761736
 30
0.0
 11
347.5740119275602
 21
65.8676398630445
 31
0.0
  0
LINE
  5
241
330
1F
100
AcDbEntity
  8
Geometries
  6
Continuous
370
    40
100
AcDbLine
 10
347.6980704887961
 20
65.48881295761736
 30
0.0
 11
367.5537042546355
 21
76.95246845725538
 31
0.0
  0
LINE
  5
242
330
1F
100
AcDbEntity
  8
Geometries
  6
Continuous
370
    40
100
AcDbLine
 10
316.055373834199
 20
110.39844328273
 30
0.0
 11
324.2039368868995
 21
125.871855810603
 31
0.0
  0
LINE
  5
243
330
1F
100
AcDbEntity
  8
Geometries
  6
Continuous
370
    40
100
AcDbLine
 10
291.3143376539711
 20
114.0057403642103
 30
0.0
 11
283.0963410888928
 21
98.40047963520868
 31
0.0
  0
ELLIPSE
  5
244
330
1F
100
AcDbEntity
  8
Geometries
  6
Continuous
370
    40
100
AcDbEllipse
 10
324.814851182637
 20
123.603669149934
 30
0.0
 11
1.249999999999998
 21
-2.165063509461087
 31
0.0
210
0.0
220
0.0
230
0.9999999999999999
 40
0.5773502691896257
 41
2.709056947196564
 42
2.792526803190963
  0
LINE
  5
245
330
1F
100
AcDbEntity
  8
Geometries
  6
Continuous
370
    40
100
AcDbLine
 10
367.3557144014699
 20
77.02852826650533
 30
0.0
 11
358.1232937998525
 21
105.2207730520973
 31
0.0
  0
LINE
  5
246
330
1F
100
AcDbEntity
  8
Geometries
  6
Continuous
370
    40
100
AcDbLine
 10
294.5186195642499
 20
110.4304155120068
 30
0.0
 11
286.3700565115495
 21
94.95700298413374
 31
0.0
  0
ELLIPSE
  5
247
330
1F
100
AcDbEntity
  8
Geometries
  6
Continuous
370
    40
100
AcDbEllipse
 10
361.305274315192
 20
107.0578903591847
 30
0.0
 11
-0.2499999999999976
 21
-0.4330127018922212
 31
0.0
210
0.0
220
0.0
230
1.0
 40
0.5773502691896218
 41
3.141592653589774
 42
3.926990816987238
  0
LINE
  5
248
330
1F
100
AcDbEntity
  8
Geometries
  6
Continuous
370
    40
100
AcDbLine
 10
366.8825520622358
 20
77.18453268618396
 30
0.0
 11
366.499341725724
 21
76.96328609524264
 31
0.0
  0
LINE
  5
249
330
1F
100
AcDbEntity
  8
Geometries
  6
Continuous
370
    40
100
AcDbLine
 10
286.3700565115495
 20
94.95700298413374
 30
0.0
 11
286.3006229991717
 21
94.82515478300519
 31
0.0
  0
ELLIPSE
  5
24A
330
1F
100
AcDbEntity
  8
Geometries
  6
Continuous
370
    40
100
AcDbEllipse
 10
330.9038262428545
 20
120.0881977598285
 30
0.0
 11
1.249999999999998
 21
-2.165063509461087
 31
0.0
210
0.0
220
0.0
230
0.9999999999999999
 40
0.5773502691896257
 41
2.709056947196567
 42
2.792526803190967
  0
LINE
  5
24B
330
1F
100
AcDbEntity
  8
Geometries
  6
Continuous
370
    40
100
AcDbLine
 10
365.9233692695287
 20
76.63074824261244
 30
0.0
 11
347.5274397262234
 21
66.00985336879175
 31
0.0
  0
LINE
  5
24C
330
1F
100
AcDbEntity
  8
Geometries
  6
Continuous
370
    40
100
AcDbLine
 10
300.6075946244675
 20
106.9149441219013
 30
0.0
 11
292.459031571767
 21
91.44153159402825
 31
0.0
  0
ELLIPSE
  5
24D
330
1F
100
AcDbEntity
  8
Geometries
  6
Continuous
370
    40
100
AcDbEllipse
 10
322.6858296777762
 20
104.482937030827
 30
0.0
 11
1.249999999999998
 21
-2.165063509461099
 31
0.0
210
0.0
220
0.0
230
1.0
 40
0.5773502691896256
 41
3.490658503988661
 42
6.632251157578454
  0
LINE
  5
24E
330
1F
100
AcDbEntity
  8
Geometries
  6
Continuous
370
    40
100
AcDbLine
 10
358.1232937998525
 20
105.2207730520973
 30
0.0
 11
357.7331907954976
 21
105.4459991266733
 31
0.0
  0
LINE
  5
24F
330
1F
100
AcDbEntity
  8
Geometries
  6
Continuous
370
    40
100
AcDbLine
 10
357.6115748655187
 20
105.4945144135872
 30
0.0
 11
366.8825520622358
 21
77.18453268618396
 31
0.0
  0
LINE
  5
250
330
1F
100
AcDbEntity
  8
Geometries
  6
Continuous
370
    40
100
AcDbLine
 10
303.8774237137641
 20
117.429386062941
 30
0.0
 11
312.0259867664645
 21
132.902798590814
 31
0.0
  0
LINE
  5
251
330
1F
100
AcDbEntity
  8
Geometries
  6
Continuous
370
    40
100
AcDbLine
 10
297.7884486535465
 20
120.9448574530464
 30
0.0
 11
305.937011706247
 21
136.4182699809195
 31
0.0
  0
LINE
  5
252
330
1F
100
AcDbEntity
  8
Geometries
  6
Continuous
370
    40
100
AcDbLine
 10
303.8774237137641
 20
117.429386062941
 30
0.0
 11
302.8167635419842
 21
116.8170136272452
 31
0.0
  0
ELLIPSE
  5
253
330
1F
100
AcDbEntity
  8
Geometries
  6
Continuous
370
    40
100
AcDbEllipse
 10
293.3878831299015
 20
141.7480376149946
 30
0.0
 11
1.249999999999998
 21
-2.165063509461087
 31
0.0
210
0.0
220
0.0
230
0.9999999999999999
 40
0.5773502691896257
 41
2.792526803190961
 42
3.490658503988651
  0
LINE
  5
254
330
1F
100
AcDbEntity
  8
Geometries
  6
Continuous
370
    40
100
AcDbLine
 10
359.7080645296505
 20
107.1635432778916
 30
0.0
 11
356.9791433675077
 21
108.739086645452
 31
0.0
  0
LINE
  5
255
330
1F
100
AcDbEntity
  8
Geometries
  6
Continuous
370
    40
100
AcDbLine
 10
315.670237894841
 20
99.94385480378833
 30
0.0
 11
307.4522413297627
 21
84.33859407478674
 31
0.0
  0
LINE
  5
256
330
1F
100
AcDbEntity
  8
Geometries
  6
Continuous
370
    40
100
AcDbLine
 10
290.6388134215492
 20
123.8479564074562
 30
0.0
 11
298.8568099866275
 21
139.4532171364577
 31
0.0
  0
ELLIPSE
  5
257
330
1F
100
AcDbEntity
  8
Geometries
  6
Continuous
370
    40
100
AcDbEllipse
 10
355.2597264837244
 20
106.0263121994066
 30
0.0
 11
1.249999999999998
 21
-2.165063509461087
 31
0.0
210
0.0
220
0.0
230
0.9999999999999999
 40
0.5773502691896257
 41
2.792526803190961
 42
3.490658503988655
  0
LINE
  5
258
330
1F
100
AcDbEntity
  8
Geometries
  6
Continuous
370
    40
100
AcDbLine
 10
299.9320703920457
 20
116.7571601651472
 30
0.0
 11
300.0015039044235
 21
116.8890083662757
 31
0.0
  0
ELLIPSE
  5
259
330
1F
100
AcDbEntity
  8
Geometries
  6
Continuous
370
    40
100
AcDbEllipse
 10
358.4768471904458
 20
105.4248971973292
 30
0.0
 11
-0.2500000000000002
 21
0.43301270189222
 31
0.0
210
0.0
220
0.0
230
1.0
 40
0.5773502691896258
 41
4.363323129985829
 42
5.497787143782118
  0
LINE
  5
25A
330
1F
100
AcDbEntity
  8
Geometries
  6
Continuous
370
    40
100
AcDbLine
 10
359.8239369681903
 20
92.35353650416543
 30
0.0
 11
356.4889731356197
 21
94.27897877063768
 31
0.0
  0
LINE
  5
25B
330
1F
100
AcDbEntity
  8
Geometries
  6
Continuous
370
    40
100
AcDbLine
 10
314.9947136624192
 20
109.7860708470342
 30
0.0
 11
323.2127102274975
 21
125.3913315760358
 31
0.0
  0
LINE
  5
25C
330
1F
100
AcDbEntity
  8
Geometries
  6
Continuous
370
    40
100
AcDbLine
 10
291.4767226954525
 20
133.2889214142502
 30
0.0
 11
294.990024085041
 21
139.9603751888929
 31
0.0
  0
ELLIPSE
  5
25D
330
1F
100
AcDbEntity
  8
Geometries
  6
Continuous
370
    40
100
AcDbEllipse
 10
306.5479260019845
 20
134.1500833202505
 30
0.0
 11
1.249999999999998
 21
-2.165063509461087
 31
0.0
210
0.0
220
0.0
230
0.9999999999999999
 40
0.5773502691896257
 41
2.70905694719656
 42
2.792526803190963
  0
LINE
  5
25E
330
1F
100
AcDbEntity
  8
Geometries
  6
Continuous
370
    40
100
AcDbLine
 10
324.2879706329156
 20
102.6952746047252
 30
0.0
 11
324.3574041452935
 21
102.8271228058538
 31
0.0
  0
LINE
  5
25F
330
1F
100
AcDbEntity
  8
Geometries
  6
Continuous
370
    40
100
AcDbLine
 10
322.9039068728545
 20
73.86417464350083
 30
0.0
 11
322.8344733604766
 21
73.73232644237228
 31
0.0
  0
LINE
  5
260
330
1F
100
AcDbEntity
  8
Geometries
  6
Continuous
370
    40
100
AcDbLine
 10
330.3769456931331
 20
99.17980321461974
 30
0.0
 11
330.4463792055109
 21
99.31165141574827
 31
0.0
  0
ELLIPSE
  5
261
330
1F
100
AcDbEntity
  8
Geometries
  6
Continuous
370
    40
100
AcDbEllipse
 10
330.7845642231914
 20
94.87690534279773
 30
0.0
 11
0.04086711348608047
 21
-0.542454735908857
 31
0.0
210
0.0
220
0.0
230
1.0
 40
0.7151868308212396
 41
2.687574432239928
 42
3.472972595637386
  0
LINE
  5
262
330
1F
100
AcDbEntity
  8
Geometries
  6
Continuous
370
    40
100
AcDbLine
 10
357.1678321045006
 20
109.4466437332838
 30
0.0
 11
360.5616179202438
 21
107.4872405789926
 31
0.0
  0
ELLIPSE
  5
263
330
1F
100
AcDbEntity
  8
Geometries
  6
Continuous
370
    40
100
AcDbEllipse
 10
286.827503548893
 20
115.733549328214
 30
0.0
 11
-1.249999999999994
 21
2.165063509461087
 31
0.0
210
0.0
220
0.0
230
1.0
 40
0.577350269189626
 41
5.850649600786362
 42
5.934119456780767
  0
LINE
  5
264
330
1F
100
AcDbEntity
  8
Geometries
  6
Continuous
370
    40
100
AcDbLine
 10
348.6438708737856
 20
88.63338904430327
 30
0.0
 11
348.7133043861634
 21
88.76523724543182
 31
0.0
  0
LINE
  5
265
330
1F
100
AcDbEntity
  8
Geometries
  6
Continuous
370
    40
100
AcDbLine
 10
354.5126358868991
 20
108.3076381800517
 30
0.0
 11
353.6575855285849
 21
107.8139746255084
 31
0.0
  0
LINE
  5
266
330
1F
100
AcDbEntity
  8
Geometries
  6
Continuous
370
    40
100
AcDbLine
 10
284.1570012606725
 20
99.01285207090447
 30
0.0
 11
283.0963410888928
 21
98.40047963520868
 31
0.0
  0
LINE
  5
267
330
1F
100
AcDbEntity
  8
Geometries
  6
Continuous
370
    40
100
AcDbLine
 10
330.1135094113319
 20
79.70473464799448
 30
0.0
 11
326.7012592620632
 21
73.22516838993714
 31
0.0
  0
ELLIPSE
  5
268
330
1F
100
AcDbEntity
  8
Geometries
  6
Continuous
370
    40
100
AcDbEllipse
 10
267.5784856165926
 20
126.8469750130636
 30
0.0
 11
-1.249999999999994
 21
2.165063509461087
 31
0.0
210
0.0
220
0.0
230
1.0
 40
0.577350269189626
 41
5.85064960078635
 42
5.93411945678076
  0
LINE
  5
269
330
1F
100
AcDbEntity
  8
Geometries
  6
Continuous
370
    40
100
AcDbLine
 10
333.2616388430717
 20
99.23965667671774
 30
0.0
 11
341.47963540815
 21
114.8449174057193
 31
0.0
  0
LINE
  5
26A
330
1F
100
AcDbEntity
  8
Geometries
  6
Continuous
370
    40
100
AcDbLine
 10
334.0145394548813
 20
77.45247390223443
 30
0.0
 11
329.9749746847199
 21
69.7816917388622
 31
0.0
  0
ELLIPSE
  5
26B
330
1F
100
AcDbEntity
  8
Geometries
  6
Continuous
370
    40
100
AcDbEllipse
 10
285.759142215812
 20
97.22518964480273
 30
0.0
 11
-1.250000000000001
 21
2.165063509461099
 31
0.0
210
0.0
220
0.0
230
0.9999999999999998
 40
0.577350269189626
 41
0.3490658503988667
 42
2.70905694719654
  0
LINE
  5
26C
330
1F
100
AcDbEntity
  8
Geometries
  6
Continuous
370
    40
100
AcDbLine
 10
342.5548958135681
 20
92.14886043440876
 30
0.0
 11
342.6243293259459
 21
92.28070863553731
 31
0.0
  0
ELLIPSE
  5
26D
330
1F
100
AcDbEntity
  8
Geometries
  6
Continuous
370
    40
100
AcDbEllipse
 10
279.0735327620059
 20
154.1261601903845
 30
0.0
 11
-0.04086711348608041
 21
0.542454735908857
 31
0.0
210
0.0
220
0.0
230
1.0
 40
0.7151868308212395
 41
1.465843955843914
 42
1.90217626884249
  0
LINE
  5
26E
330
1F
100
AcDbEntity
  8
Geometries
  6
Continuous
370
    40
100
AcDbLine
 10
328.233323954634
 20
103.367500502519
 30
0.0
 11
327.1726637828542
 21
102.7551280668232
 31
0.0
  0
ELLIPSE
  5
26F
330
1F
100
AcDbEntity
  8
Geometries
  6
Continuous
370
    40
100
AcDbEllipse
 10
263.694725684808
 20
105.4421096408153
 30
0.0
 11
-0.4751693205721285
 21
-0.1556088583179674
 31
0.0
210
0.0
220
0.0
230
1.0
 40
0.2792582776338246
 41
6.28318530717956
 42
6.928276400683205
  0
LINE
  5
270
330
1F
100
AcDbEntity
  8
Geometries
  6
Continuous
370
    40
100
AcDbLine
 10
342.6243293259459
 20
92.28070863553731
 30
0.0
 11
350.7728923786464
 21
107.7541211634103
 31
0.0
  0
LINE
  5
271
330
1F
100
AcDbEntity
  8
Geometries
  6
Continuous
370
    40
100
AcDbLine
 10
353.571316947152
 20
88.73860342756394
 30
0.0
 11
352.5106567753721
 21
88.12623099186814
 31
0.0
  0
LINE
  5
272
330
1F
100
AcDbEntity
  8
Geometries
  6
Continuous
370
    40
100
AcDbLine
 10
287.6767438922229
 20
135.7330696765956
 30
0.0
 11
290.8810258025019
 21
132.1577448243921
 31
0.0
  0
LINE
  5
273
330
1F
100
AcDbEntity
  8
Geometries
  6
Continuous
370
    40
100
AcDbLine
 10
286.2165892531555
 20
118.001735988883
 30
0.0
 11
278.0680262004551
 21
102.52832346101
 31
0.0
  0
ELLIPSE
  5
274
330
1F
100
AcDbEntity
  8
Geometries
  6
Continuous
370
    40
100
AcDbEllipse
 10
323.361353910198
 20
94.64072098758108
 30
0.0
 11
-1.249999999999994
 21
2.165063509461087
 31
0.0
210
0.0
220
0.0
230
1.0
 40
0.577350269189626
 41
5.850649600786355
 42
5.93411945678076
  0
LINE
  5
275
330
1F
100
AcDbEntity
  8
Geometries
  6
Continuous
370
    40
100
AcDbLine
 10
347.5740119275602
 20
65.8676398630445
 30
0.0
 11
347.5274397262234
 21
66.00985336879177
 31
0.0
  0
LINE
  5
276
330
1F
100
AcDbEntity
  8
Geometries
  6
Continuous
370
    40
100
AcDbLine
 10
355.7149386856511
 20
84.55090613966465
 30
0.0
 11
355.7843721980289
 21
84.6827543407932
 31
0.0
  0
ARC
  5
277
330
1F
100
AcDbEntity
  8
Geometries
  6
Continuous
370
    40
100
AcDbCircle
 10
337.970750536036
 20
93.58569677387717
 30
0.0
 40
0.5000000000000013
100
AcDbArc
 50
18.13263107422642
 51
60.00000000000028
  0
LINE
  5
278
330
1F
100
AcDbEntity
  8
Geometries
  6
Continuous
370
    40
100
AcDbLine
 10
355.7843721980289
 20
84.6827543407932
 30
0.0
 11
359.8239369681903
 21
92.35353650416543
 31
0.0
  0
ELLIPSE
  5
279
330
1F
100
AcDbEntity
  8
Geometries
  6
Continuous
370
    40
100
AcDbEllipse
 10
342.0134150302085
 20
94.5488952962063
 30
0.0
 11
1.249999999999998
 21
-2.165063509461099
 31
0.0
210
0.0
220
0.0
230
1.0
 40
0.5773502691896256
 41
3.490658503988663
 42
5.850649600786334
  0
LINE
  5
27A
330
1F
100
AcDbEntity
  8
Geometries
  6
Continuous
370
    40
100
AcDbLine
 10
302.8167635419842
 20
116.8170136272452
 30
0.0
 11
311.0347601070625
 21
132.4222743562468
 31
0.0
  0
ARC
  5
27B
330
1F
100
AcDbEntity
  8
Geometries
  6
Continuous
370
    40
100
AcDbCircle
 10
361.305274315192
 20
107.0578903591847
 30
0.0
 40
0.4999999999999974
100
AcDbArc
 50
18.13263107422642
 51
60.00000000000028
  0
LINE
  5
27C
330
1F
100
AcDbEntity
  8
Geometries
  6
Continuous
370
    40
100
AcDbLine
 10
291.6994735933291
 20
124.4603288431519
 30
0.0
 11
290.6388134215492
 21
123.8479564074562
 31
0.0
  0
LINE
  5
27D
330
1F
100
AcDbEntity
  8
Geometries
  6
Continuous
370
    40
100
AcDbLine
 10
312.7855447449024
 20
99.88400134169031
 30
0.0
 11
304.636981692202
 21
84.41058881381727
 31
0.0
  0
ELLIPSE
  5
27E
330
1F
100
AcDbEntity
  8
Geometries
  6
Continuous
370
    40
100
AcDbEllipse
 10
323.746489849556
 20
105.0953094665228
 30
0.0
 11
1.249999999999998
 21
-2.165063509461099
 31
0.0
210
0.0
220
0.0
230
1.0
 40
0.5773502691896256
 41
3.490658503988662
 42
5.85064960078634
  0
LINE
  5
27F
330
1F
100
AcDbEntity
  8
Geometries
  6
Continuous
370
    40
100
AcDbLine
 10
357.8469809112395
 20
106.0890461498176
 30
0.0
 11
356.9791433675077
 21
108.739086645452
 31
0.0
  0
LINE
  5
280
330
1F
100
AcDbEntity
  8
Geometries
  6
Continuous
370
    40
100
AcDbLine
 10
335.4627516023177
 20
91.94023749255028
 30
0.0
 11
346.6735480471386
 21
57.70679739576008
 31
0.0
  0
LINE
  5
281
330
1F
100
AcDbEntity
  8
Geometries
  6
Continuous
370
    40
100
AcDbLine
 10
359.7080645296505
 20
107.1635432778916
 30
0.0
 11
357.8469809112395
 21
106.0890461498176
 31
0.0
  0
LINE
  5
282
330
1F
100
AcDbEntity
  8
Geometries
  6
Continuous
370
    40
100
AcDbLine
 10
289.601046509033
 20
120.6954618335621
 30
0.0
 11
288.3332795560667
 21
119.9635162419973
 31
0.0
  0
ELLIPSE
  5
283
330
1F
100
AcDbEntity
  8
Geometries
  6
Continuous
370
    40
100
AcDbEllipse
 10
349.1707514235069
 20
109.5417835895121
 30
0.0
 11
1.249999999999998
 21
-2.165063509461087
 31
0.0
210
0.0
220
0.0
230
0.9999999999999999
 40
0.5773502691896257
 41
2.70905694719656
 42
2.792526803190965
  0
LINE
  5
284
330
1F
100
AcDbEntity
  8
Geometries
  6
Continuous
370
    40
100
AcDbLine
 10
336.3735407504944
 20
93.69134969258413
 30
0.0
 11
289.601046509033
 21
120.6954618335621
 31
0.0
  0
LINE
  5
285
330
1F
100
AcDbEntity
  8
Geometries
  6
Continuous
370
    40
100
AcDbLine
 10
338.2911787270638
 20
93.57323065440572
 30
0.0
 11
335.4627516023177
 21
91.94023749255028
 31
0.0
  0
LINE
  5
286
330
1F
100
AcDbEntity
  8
Geometries
  6
Continuous
370
    40
100
AcDbLine
 10
310.5724894940255
 20
103.939850428461
 30
0.0
 11
302.423926441325
 21
88.46643790058802
 31
0.0
  0
LINE
  5
287
330
1F
100
AcDbEntity
  8
Geometries
  6
Continuous
370
    40
100
AcDbLine
 10
288.7374040640028
 20
136.3454421122914
 30
0.0
 11
292.7769688341641
 21
144.0162242756636
 31
0.0
  0
LINE
  5
288
330
1F
100
AcDbEntity
  8
Geometries
  6
Continuous
370
    40
100
AcDbLine
 10
322.1443488944165
 20
106.8829718926245
 30
0.0
 11
330.292911947117
 21
122.3563844204975
 31
0.0
  0
LINE
  5
289
330
1F
100
AcDbEntity
  8
Geometries
  6
Continuous
370
    40
100
AcDbLine
 10
365.9233692695287
 20
76.63074824261244
 30
0.0
 11
338.9492769013004
 21
92.20424773255488
 31
0.0
  0
ELLIPSE
  5
28A
330
1F
100
AcDbEntity
  8
Geometries
  6
Continuous
370
    40
100
AcDbEllipse
 10
266.4315568633797
 20
107.1592313794234
 30
0.0
 11
-1.250000000000001
 21
2.165063509461099
 31
0.0
210
0.0
220
0.0
230
0.9999999999999998
 40
0.577350269189626
 41
0.3490658503988665
 42
3.490658503988656
  0
LINE
  5
28B
330
1F
100
AcDbEntity
  8
Geometries
  6
Continuous
370
    40
100
AcDbLine
 10
345.4395889635067
 20
92.20871389650678
 30
0.0
 11
353.6575855285849
 21
107.8139746255084
 31
0.0
  0
LINE
  5
28C
330
1F
100
AcDbEntity
  8
Geometries
  6
Continuous
370
    40
100
AcDbLine
 10
304.3473381327202
 20
107.4684611385427
 30
0.0
 11
303.492287774406
 21
106.9747975839993
 31
0.0
  0
LINE
  5
28D
330
1F
100
AcDbEntity
  8
Geometries
  6
Continuous
370
    40
100
AcDbLine
 10
288.7374040640028
 20
136.3454421122914
 30
0.0
 11
291.4767226954525
 21
133.2889214142502
 31
0.0
  0
LINE
  5
28E
330
1F
100
AcDbEntity
  8
Geometries
  6
Continuous
370
    40
100
AcDbLine
 10
304.636981692202
 20
84.41058881381727
 30
0.0
 11
304.5675481798241
 21
84.27874061268872
 31
0.0
  0
ELLIPSE
  5
28F
330
1F
100
AcDbEntity
  8
Geometries
  6
Continuous
370
    40
100
AcDbEllipse
 10
348.102390090426
 20
91.03342390610082
 30
0.0
 11
1.249999999999998
 21
-2.165063509461099
 31
0.0
210
0.0
220
0.0
230
1.0
 40
0.5773502691896256
 41
3.49065850398866
 42
5.850649600786332
  0
LINE
  5
290
330
1F
100
AcDbEntity
  8
Geometries
  6
Continuous
370
    40
100
AcDbLine
 10
310.4363131929376
 20
103.9529897484372
 30
0.0
 11
309.5812628346235
 21
103.4593261938938
 31
0.0
  0
LINE
  5
291
330
1F
100
AcDbEntity
  8
Geometries
  6
Continuous
370
    40
100
AcDbLine
 10
304.483514433808
 20
107.4553218185665
 30
0.0
 11
296.3349513811075
 21
91.98190929069351
 31
0.0
  0
LINE
  5
292
330
1F
100
AcDbEntity
  8
Geometries
  6
Continuous
370
    40
100
AcDbLine
 10
316.8149318126369
 20
77.3796460336063
 30
0.0
 11
316.7454983002592
 21
77.24779783247776
 31
0.0
  0
LINE
  5
293
330
1F
100
AcDbEntity
  8
Geometries
  6
Continuous
370
    40
100
AcDbLine
 10
312.1100205124807
 20
109.7262173849362
 30
0.0
 11
312.1794540248584
 21
109.8580655860647
 31
0.0
  0
LINE
  5
294
330
1F
100
AcDbEntity
  8
Geometries
  6
Continuous
370
    40
100
AcDbLine
 10
346.6735480471386
 20
57.70679739576008
 30
0.0
 11
372.8364989510409
 21
72.811984142923
 31
0.0
  0
LINE
  5
295
330
1F
100
AcDbEntity
  8
Geometries
  6
Continuous
370
    40
100
AcDbLine
 10
290.2459763208901
 20
95.497380680799
 30
0.0
 11
289.1853161491102
 21
94.88500824510321
 31
0.0
  0
LINE
  5
296
330
1F
100
AcDbEntity
  8
Geometries
  6
Continuous
370
    40
100
AcDbLine
 10
357.7331907954976
 20
105.4459991266733
 30
0.0
 11
366.9810579313502
 21
77.20658659461051
 31
0.0
  0
ELLIPSE
  5
297
330
1F
100
AcDbEntity
  8
Geometries
  6
Continuous
370
    40
100
AcDbEllipse
 10
358.0867441860909
 20
105.6501232719052
 30
0.0
 11
0.2500000000000037
 21
-0.4330127018922199
 31
0.0
210
0.0
220
0.0
230
0.9999999999999999
 40
0.5773502691896258
 41
2.356194490192318
 42
3.141592653589786
  0
LINE
  5
298
330
1F
100
AcDbEntity
  8
Geometries
  6
Continuous
370
    40
100
AcDbLine
 10
318.2684290850759
 20
106.3425941959592
 30
0.0
 11
326.4169921377764
 21
121.8160067238323
 31
0.0
  0
ELLIPSE
  5
299
330
1F
100
AcDbEntity
  8
Geometries
  6
Continuous
370
    40
100
AcDbEllipse
 10
318.7258761224195
 20
127.1191405400395
 30
0.0
 11
1.249999999999998
 21
-2.165063509461087
 31
0.0
210
0.0
220
0.0
230
0.9999999999999999
 40
0.5773502691896257
 41
2.709056947196558
 42
2.792526803190963
  0
LINE
  5
29A
330
1F
100
AcDbEntity
  8
Geometries
  6
Continuous
370
    40
100
AcDbLine
 10
337.970750536036
 20
93.99394506434103
 30
0.0
 11
337.580647531681
 21
94.21917113891705
 31
0.0
  0
LINE
  5
29B
330
1F
100
AcDbEntity
  8
Geometries
  6
Continuous
370
    40
100
AcDbLine
 10
263.3411722942147
 20
105.2379854955834
 30
0.0
 11
345.9995664655175
 21
57.5151393699996
 31
0.0
  0
LINE
  5
29C
330
1F
100
AcDbEntity
  8
Geometries
  6
Continuous
370
    40
100
AcDbLine
 10
340.411274075069
 20
96.33655772230804
 30
0.0
 11
339.3506139032892
 21
95.72418528661227
 31
0.0
  0
LINE
  5
29D
330
1F
100
AcDbEntity
  8
Geometries
  6
Continuous
370
    40
100
AcDbLine
 10
331.3584345911917
 20
94.54558113135283
 30
0.0
 11
331.7119879817849
 21
94.74970527658476
 31
0.0
  0
LINE
  5
29E
330
1F
100
AcDbEntity
  8
Geometries
  6
Continuous
370
    40
100
AcDbLine
 10
252.1303758493937
 20
139.4714255923736
 30
0.0
 11
263.3411722942147
 21
105.2379854955834
 31
0.0
  0
LINE
  5
29F
330
1F
100
AcDbEntity
  8
Geometries
  6
Continuous
370
    40
100
AcDbLine
 10
340.411274075069
 20
96.33655772230804
 30
0.0
 11
348.5598371277695
 21
111.8099702501811
 31
0.0
  0
ARC
  5
2A0
330
1F
100
AcDbEntity
  8
Geometries
  6
Continuous
370
    40
100
AcDbCircle
 10
358.0867441860909
 20
105.6501232719052
 30
0.0
 40
0.5000000000000012
100
AcDbArc
 50
124.4547711343448
 51
198.1326310742244
  0
LINE
  5
2A1
330
1F
100
AcDbEntity
  8
Geometries
  6
Continuous
370
    40
100
AcDbLine
 10
360.0616179202438
 20
107.3676674231235
 30
0.0
 11
359.7080645296505
 21
107.1635432778916
 31
0.0
  0
ELLIPSE
  5
2A2
330
1F
100
AcDbEntity
  8
Geometries
  6
Continuous
370
    40
100
AcDbEllipse
 10
305.0944287295455
 20
105.1871351578975
 30
0.0
 11
-1.249999999999994
 21
2.165063509461087
 31
0.0
210
0.0
220
0.0
230
1.0
 40
0.577350269189626
 41
3.490658503988656
 42
5.85064960078636
  0
LINE
  5
2A3
330
1F
100
AcDbEntity
  8
Geometries
  6
Continuous
370
    40
100
AcDbLine
 10
321.0836887226367
 20
106.2705994569287
 30
0.0
 11
329.301685287715
 21
121.8758601859303
 31
0.0
  0
ELLIPSE
  5
2A4
330
1F
100
AcDbEntity
  8
Geometries
  6
Continuous
370
    40
100
AcDbEllipse
 10
367.1304760507152
 20
76.75032139848149
 30
0.0
 11
-0.2500000000000002
 21
0.43301270189222
 31
0.0
210
0.0
220
0.0
230
1.0
 40
0.5773502691896258
 41
5.497787143782118
 42
5.934119456780736
  0
LINE
  5
2A5
330
1F
100
AcDbEntity
  8
Geometries
  6
Continuous
370
    40
100
AcDbLine
 10
367.1304760507152
 20
77.15856968894535
 30
0.0
 11
347.5740119275602
 21
65.8676398630445
 31
0.0
  0
LINE
  5
2A6
330
1F
100
AcDbEntity
  8
Geometries
  6
Continuous
370
    40
100
AcDbLine
 10
273.0474124733186
 20
124.5521545345267
 30
0.0
 11
264.8294159082403
 21
108.9468938055251
 31
0.0
  0
LINE
  5
2A7
330
1F
100
AcDbEntity
  8
Geometries
  6
Continuous
370
    40
100
AcDbLine
 10
330.1567356460291
 20
122.3695237404737
 30
0.0
 11
329.301685287715
 21
121.8758601859303
 31
0.0
  0
ARC
  5
2A8
330
1F
100
AcDbEntity
  8
Geometries
  6
Continuous
370
    40
100
AcDbCircle
 10
372.516070760013
 20
72.82445026239446
 30
0.0
 40
0.5000000000000019
100
AcDbArc
 50
299.9999999999989
 51
0.0
  0
LINE
  5
2A9
330
1F
100
AcDbEntity
  8
Geometries
  6
Continuous
370
    40
100
AcDbLine
 10
328.233323954634
 20
103.367500502519
 30
0.0
 11
336.3818870073345
 21
118.840913030392
 31
0.0
  0
LINE
  5
2AA
330
1F
100
AcDbEntity
  8
Geometries
  6
Continuous
370
    40
100
AcDbLine
 10
265.6673251821435
 20
118.3878588123192
 30
0.0
 11
262.9280065506937
 21
121.4443795103603
 31
0.0
  0
LINE
  5
2AB
330
1F
100
AcDbEntity
  8
Geometries
  6
Continuous
370
    40
100
AcDbLine
 10
292.1693880122851
 20
114.4994039187536
 30
0.0
 11
291.3143376539711
 21
114.0057403642103
 31
0.0
  0
ELLIPSE
  5
2AC
330
1F
100
AcDbEntity
  8
Geometries
  6
Continuous
370
    40
100
AcDbEllipse
 10
347.3680357912535
 20
64.89001904568539
 30
0.0
 11
0.2491577146322801
 21
0.6513303071333694
 31
0.0
210
0.0
220
0.0
230
0.9999999999999999
 40
0.4403607014248831
 41
4.860401601937081
 42
5.786106835228315
  0
LINE
  5
2AD
330
1F
100
AcDbEntity
  8
Geometries
  6
Continuous
370
    40
100
AcDbLine
 10
269.180626571732
 20
125.0593125869619
 30
0.0
 11
265.6673251821435
 21
118.3878588123192
 31
0.0
  0
ELLIPSE
  5
2AE
330
1F
100
AcDbEntity
  8
Geometries
  6
Continuous
370
    40
100
AcDbEllipse
 10
355.1734579022914
 20
86.95094100146218
 30
0.0
 11
1.249999999999998
 21
-2.165063509461099
 31
0.0
210
0.0
220
0.0
230
1.0
 40
0.5773502691896256
 41
3.490658503988662
 42
5.850649600786342
  0
LINE
  5
2AF
330
1F
100
AcDbEntity
  8
Geometries
  6
Continuous
370
    40
100
AcDbLine
 10
298.3945393735905
 20
110.970793208672
 30
0.0
 11
290.2459763208901
 21
95.497380680799
 31
0.0
  0
ELLIPSE
  5
2B0
330
1F
100
AcDbEntity
  8
Geometries
  6
Continuous
370
    40
100
AcDbEllipse
 10
330.9038262428545
 20
120.0881977598285
 30
0.0
 11
1.249999999999998
 21
-2.165063509461087
 31
0.0
210
0.0
220
0.0
230
0.9999999999999999
 40
0.5773502691896257
 41
2.792526803190966
 42
3.490658503988658
  0
LINE
  5
2B1
330
1F
100
AcDbEntity
  8
Geometries
  6
Continuous
370
    40
100
AcDbLine
 10
335.1057737975281
 20
92.95940410101929
 30
0.0
 11
332.0102757208465
 21
94.74659074886736
 31
0.0
  0
LINE
  5
2B2
330
1F
100
AcDbEntity
  8
Geometries
  6
Continuous
370
    40
100
AcDbLine
 10
353.571316947152
 20
88.73860342756394
 30
0.0
 11
356.4889731356197
 21
94.27897877063768
 31
0.0
  0
LINE
  5
2B3
330
1F
100
AcDbEntity
  8
Geometries
  6
Continuous
370
    40
100
AcDbLine
 10
292.305564313373
 20
114.4862645987775
 30
0.0
 11
284.1570012606725
 21
99.01285207090447
 31
0.0
  0
LINE
  5
2B4
330
1F
100
AcDbEntity
  8
Geometries
  6
Continuous
370
    40
100
AcDbLine
 10
270.2068661317309
 20
109.4982265720146
 30
0.0
 11
266.1751348756613
 21
107.1705054460225
 31
0.0
  0
ELLIPSE
  5
2B5
330
1F
100
AcDbEntity
  8
Geometries
  6
Continuous
370
    40
100
AcDbEllipse
 10
299.005453669328
 20
108.702606548003
 30
0.0
 11
-1.249999999999994
 21
2.165063509461087
 31
0.0
210
0.0
220
0.0
230
1.0
 40
0.577350269189626
 41
3.490658503988656
 42
5.850649600786356
  0
LINE
  5
2B6
330
1F
100
AcDbEntity
  8
Geometries
  6
Continuous
370
    40
100
AcDbLine
 10
327.761919433843
 20
73.83754082563294
 30
0.0
 11
326.7012592620632
 21
73.22516838993714
 31
0.0
  0
LINE
  5
2B7
330
1F
100
AcDbEntity
  8
Geometries
  6
Continuous
370
    40
100
AcDbLine
 10
361.555274315192
 20
107.4909030610769
 30
0.0
 11
278.8968801438892
 21
155.2137491866607
 31
0.0
  0
ELLIPSE
  5
2B8
330
1F
100
AcDbEntity
  8
Geometries
  6
Continuous
370
    40
100
AcDbEllipse
 10
253.2275856349352
 20
139.6544478082615
 30
0.0
 11
-0.7071067811865481
 21
6.820919949927489E-17
 31
0.0
210
0.0
220
0.0
230
1.0
 40
0.5773502691896258
 41
3.926990816987261
 42
4.712388980384699
  0
LINE
  5
2B9
330
1F
100
AcDbEntity
  8
Geometries
  6
Continuous
370
    40
100
AcDbLine
 10
265.6673251821435
 20
118.3878588123192
 30
0.0
 11
265.0716282891929
 21
117.2566822224611
 31
0.0
  0
ELLIPSE
  5
2BA
330
1F
100
AcDbEntity
  8
Geometries
  6
Continuous
370
    40
100
AcDbEllipse
 10
297.937092336247
 20
90.19424686459175
 30
0.0
 11
-1.250000000000001
 21
2.165063509461099
 31
0.0
210
0.0
220
0.0
230
0.9999999999999998
 40
0.577350269189626
 41
0.3490658503988706
 42
2.709056947196537
  0
LINE
  5
2BB
330
1F
100
AcDbEntity
  8
Geometries
  6
Continuous
370
    40
100
AcDbLine
 10
330.4463792055109
 20
99.31165141574827
 30
0.0
 11
338.5949422582114
 21
114.7850639436213
 31
0.0
  0
LINE
  5
2BC
330
1F
100
AcDbEntity
  8
Geometries
  6
Continuous
370
    40
100
AcDbLine
 10
322.1443488944165
 20
106.8829718926245
 30
0.0
 11
321.0836887226367
 21
106.2705994569287
 31
0.0
  0
LINE
  5
2BD
330
1F
100
AcDbEntity
  8
Geometries
  6
Continuous
370
    40
100
AcDbLine
 10
265.8900760800201
 20
109.5592662412209
 30
0.0
 11
264.8294159082403
 21
108.9468938055251
 31
0.0
  0
LINE
  5
2BE
330
1F
100
AcDbEntity
  8
Geometries
  6
Continuous
370
    40
100
AcDbLine
 10
346.5002491352865
 20
92.82108633220257
 30
0.0
 11
354.648812187987
 21
108.2944988600756
 31
0.0
  0
ELLIPSE
  5
2BF
330
1F
100
AcDbEntity
  8
Geometries
  6
Continuous
370
    40
100
AcDbEllipse
 10
279.6701671555945
 20
100.7406610349082
 30
0.0
 11
-1.250000000000001
 21
2.165063509461099
 31
0.0
210
0.0
220
0.0
230
0.9999999999999998
 40
0.577350269189626
 41
0.349065850398867
 42
2.709056947196538
  0
LINE
  5
2C0
330
1F
100
AcDbEntity
  8
Geometries
  6
Continuous
370
    40
100
AcDbLine
 10
339.3506139032892
 20
95.72418528661227
 30
0.0
 11
347.5686104683675
 21
111.3294460156138
 31
0.0
  0
LINE
  5
2C1
330
1F
100
AcDbEntity
  8
Geometries
  6
Continuous
370
    40
100
AcDbLine
 10
280.127614192938
 20
121.5172073789884
 30
0.0
 11
275.3671635759966
 21
112.47752569056
 31
0.0
  0
LINE
  5
2C2
330
1F
100
AcDbEntity
  8
Geometries
  6
Continuous
370
    40
100
AcDbLine
 10
298.5480066319844
 20
87.92606020392276
 30
0.0
 11
298.4785731196067
 21
87.79421200279421
 31
0.0
  0
LINE
  5
2C3
330
1F
100
AcDbEntity
  8
Geometries
  6
Continuous
370
    40
100
AcDbLine
 10
271.9790511402376
 20
106.0437948511154
 30
0.0
 11
270.9183909684577
 21
105.4314224154197
 31
0.0
  0
LINE
  5
2C4
330
1F
100
AcDbEntity
  8
Geometries
  6
Continuous
370
    40
100
AcDbLine
 10
291.6994735933291
 20
124.4603288431519
 30
0.0
 11
299.8480366460295
 21
139.933741371025
 31
0.0
  0
LINE
  5
2C5
330
1F
100
AcDbEntity
  8
Geometries
  6
Continuous
370
    40
100
AcDbLine
 10
292.459031571767
 20
91.44153159402825
 30
0.0
 11
292.3895980593892
 21
91.3096833928997
 31
0.0
  0
LINE
  5
2C6
330
1F
100
AcDbEntity
  8
Geometries
  6
Continuous
370
    40
100
AcDbLine
 10
262.9280065506937
 20
121.4443795103603
 30
0.0
 11
261.8673463789139
 21
120.8320070746646
 31
0.0
  0
LINE
  5
2C7
330
1F
100
AcDbEntity
  8
Geometries
  6
Continuous
370
    40
100
AcDbLine
 10
252.0087599194149
 20
139.5199408792876
 30
0.0
 11
263.2195563642359
 21
105.2865007824974
 31
0.0
  0
ARC
  5
2C8
330
1F
100
AcDbEntity
  8
Geometries
  6
Continuous
370
    40
100
AcDbCircle
 10
358.0867441860909
 20
105.6501232719052
 30
0.0
 40
0.4999999999999992
100
AcDbArc
 50
119.9999999999997
 51
124.4547711343448
  0
LINE
  5
2C9
330
1F
100
AcDbEntity
  8
Geometries
  6
Continuous
370
    40
100
AcDbLine
 10
308.5129015015426
 20
84.95096651048254
 30
0.0
 11
307.4522413297627
 21
84.33859407478674
 31
0.0
  0
ELLIPSE
  5
2CA
330
1F
100
AcDbEntity
  8
Geometries
  6
Continuous
370
    40
100
AcDbEllipse
 10
361.305274315192
 20
107.0578903591847
 30
0.0
 11
0.4751693205721301
 21
0.1556088583179664
 31
0.0
210
0.0
220
0.0
230
1.0
 40
0.2792582776338212
 41
5.357480073888337
 42
6.283185307179544
  0
LINE
  5
2CB
330
1F
100
AcDbEntity
  8
Geometries
  6
Continuous
370
    40
100
AcDbLine
 10
296.3349513811075
 20
91.98190929069351
 30
0.0
 11
295.2742912093277
 21
91.36953685499772
 31
0.0
  0
LINE
  5
2CC
330
1F
100
AcDbEntity
  8
Geometries
  6
Continuous
370
    40
100
AcDbLine
 10
320.6908516219775
 20
77.92002373027157
 30
0.0
 11
319.6301914501977
 21
77.30765129457578
 31
0.0
  0
LINE
  5
2CD
330
1F
100
AcDbEntity
  8
Geometries
  6
Continuous
370
    40
100
AcDbLine
 10
317.9787855255941
 20
129.4004665206846
 30
0.0
 11
317.12373516728
 21
128.9068029661413
 31
0.0
  0
ELLIPSE
  5
2CE
330
1F
100
AcDbEntity
  8
Geometries
  6
Continuous
370
    40
100
AcDbEllipse
 10
274.649553428458
 20
122.764492108425
 30
0.0
 11
-1.249999999999994
 21
2.165063509461087
 31
0.0
210
0.0
220
0.0
230
1.0
 40
0.577350269189626
 41
3.49065850398866
 42
5.85064960078635
  0
LINE
  5
2CF
330
1F
100
AcDbEntity
  8
Geometries
  6
Continuous
370
    40
100
AcDbLine
 10
327.1726637828542
 20
102.7551280668232
 30
0.0
 11
335.3906603479325
 21
118.3603887958248
 31
0.0
  0
LINE
  5
2D0
330
1F
100
AcDbEntity
  8
Geometries
  6
Continuous
370
    40
100
AcDbLine
 10
334.3222990148515
 20
99.85202911241353
 30
0.0
 11
333.2616388430717
 21
99.23965667671774
 31
0.0
  0
ELLIPSE
  5
2D1
330
1F
100
AcDbEntity
  8
Geometries
  6
Continuous
370
    40
100
AcDbEllipse
 10
293.3878831299015
 20
141.7480376149946
 30
0.0
 11
1.249999999999998
 21
-2.165063509461087
 31
0.0
210
0.0
220
0.0
230
0.9999999999999999
 40
0.5773502691896257
 41
0.3490658503988647
 42
2.709056947196554
  0
LINE
  5
2D2
330
1F
100
AcDbEntity
  8
Geometries
  6
Continuous
370
    40
100
AcDbLine
 10
296.7277884817667
 20
120.3324850173507
 30
0.0
 11
304.945785046845
 21
135.9377457463522
 31
0.0
  0
LINE
  5
2D3
330
1F
100
AcDbEntity
  8
Geometries
  6
Continuous
370
    40
100
AcDbLine
 10
335.1057737975281
 20
92.79030212229353
 30
0.0
 11
331.7119879817849
 21
94.74970527658476
 31
0.0
  0
LINE
  5
2D4
330
1F
100
AcDbEntity
  8
Geometries
  6
Continuous
370
    40
100
AcDbLine
 10
293.912528844206
 20
120.4044797563812
 30
0.0
 11
302.0610918969065
 21
135.8778922842542
 31
0.0
  0
LINE
  5
2D5
330
1F
100
AcDbEntity
  8
Geometries
  6
Continuous
370
    40
100
AcDbLine
 10
288.7374040640028
 20
136.3454421122914
 30
0.0
 11
287.6767438922229
 21
135.7330696765956
 31
0.0
  0
LINE
  5
2D6
330
1F
100
AcDbEntity
  8
Geometries
  6
Continuous
370
    40
100
AcDbLine
 10
348.7133043861634
 20
88.76523724543182
 30
0.0
 11
356.8618674388639
 21
104.2386497733049
 31
0.0
  0
LINE
  5
2D7
330
1F
100
AcDbEntity
  8
Geometries
  6
Continuous
370
    40
100
AcDbLine
 10
306.090478964641
 20
113.3735369761702
 30
0.0
 11
314.2390420173414
 21
128.8469495040433
 31
0.0
  0
LINE
  5
2D8
330
1F
100
AcDbEntity
  8
Geometries
  6
Continuous
370
    40
100
AcDbLine
 10
280.281081451332
 20
98.47247437423921
 30
0.0
 11
280.2116479389542
 21
98.34062617311068
 31
0.0
  0
LINE
  5
2D9
330
1F
100
AcDbEntity
  8
Geometries
  6
Continuous
370
    40
100
AcDbLine
 10
273.9024628316326
 20
125.0458180890701
 30
0.0
 11
273.0474124733186
 21
124.5521545345267
 31
0.0
  0
LINE
  5
2DA
330
1F
100
AcDbEntity
  8
Geometries
  6
Continuous
370
    40
100
AcDbLine
 10
309.5812628346235
 20
103.4593261938938
 30
0.0
 11
301.3632662695452
 21
87.85406546489223
 31
0.0
  0
LINE
  5
2DB
330
1F
100
AcDbEntity
  8
Geometries
  6
Continuous
370
    40
100
AcDbLine
 10
311.8898104653766
 20
132.9159379107901
 30
0.0
 11
311.0347601070625
 21
132.4222743562468
 31
0.0
  0
LINE
  5
2DC
330
1F
100
AcDbEntity
  8
Geometries
  6
Continuous
370
    40
100
AcDbLine
 10
322.7504396144605
 20
96.90890764825006
 30
0.0
 11
314.60187656176
 21
81.43549512037706
 31
0.0
  0
LINE
  5
2DD
330
1F
100
AcDbEntity
  8
Geometries
  6
Continuous
370
    40
100
AcDbLine
 10
372.9912400805852
 20
72.98005912071244
 30
0.0
 11
361.7804436357641
 21
107.2134992175026
 31
0.0
  0
LINE
  5
2DE
330
1F
100
AcDbEntity
  8
Geometries
  6
Continuous
370
    40
100
AcDbLine
 10
309.9663987739816
 20
113.9139146728355
 30
0.0
 11
318.114961826682
 21
129.3873272007085
 31
0.0
  0
LINE
  5
2DF
330
1F
100
AcDbEntity
  8
Geometries
  6
Continuous
370
    40
100
AcDbLine
 10
310.7259567524194
 20
80.89511742371178
 30
0.0
 11
310.6565232400417
 21
80.76326922258325
 31
0.0
  0
ELLIPSE
  5
2E0
330
1F
100
AcDbEntity
  8
Geometries
  6
Continuous
370
    40
100
AcDbEllipse
 10
347.0417299186462
 20
90.42105147040502
 30
0.0
 11
1.249999999999998
 21
-2.165063509461099
 31
0.0
210
0.0
220
0.0
230
1.0
 40
0.5773502691896256
 41
3.49065850398866
 42
6.63225115757845
  0
LINE
  5
2E1
330
1F
100
AcDbEntity
  8
Geometries
  6
Continuous
370
    40
100
AcDbLine
 10
312.1794540248584
 20
109.8580655860647
 30
0.0
 11
320.328017077559
 21
125.3314781139378
 31
0.0
  0
LINE
  5
2E2
330
1F
100
AcDbEntity
  8
Geometries
  6
Continuous
370
    40
100
AcDbLine
 10
361.6257025062199
 20
107.0454242397132
 30
0.0
 11
358.7972753814737
 21
105.4124310778577
 31
0.0
  0
LINE
  5
2E3
330
1F
100
AcDbEntity
  8
Geometries
  6
Continuous
370
    40
100
AcDbLine
 10
275.3671635759966
 20
112.47752569056
 30
0.0
 11
271.9790511402376
 21
106.0437948511154
 31
0.0
  0
ELLIPSE
  5
2E4
330
1F
100
AcDbEntity
  8
Geometries
  6
Continuous
370
    40
100
AcDbEllipse
 10
349.1707514235069
 20
109.5417835895121
 30
0.0
 11
1.249999999999998
 21
-2.165063509461087
 31
0.0
210
0.0
220
0.0
230
0.9999999999999999
 40
0.5773502691896257
 41
2.792526803190965
 42
3.490658503988658
  0
LINE
  5
2E5
330
1F
100
AcDbEntity
  8
Geometries
  6
Continuous
370
    40
100
AcDbLine
 10
293.8430953318282
 20
120.2726315552527
 30
0.0
 11
293.912528844206
 21
120.4044797563812
 31
0.0
  0
LINE
  5
2E6
330
1F
100
AcDbEntity
  8
Geometries
  6
Continuous
370
    40
100
AcDbLine
 10
263.444725684808
 20
105.0090969389231
 30
0.0
 11
346.1031198561108
 21
57.28625081333931
 31
0.0
  0
LINE
  5
2E7
330
1F
100
AcDbEntity
  8
Geometries
  6
Continuous
370
    40
100
AcDbLine
 10
336.2457107062466
 20
118.8540523503682
 30
0.0
 11
335.3906603479325
 21
118.3603887958248
 31
0.0
  0
ARC
  5
2E8
330
1F
100
AcDbEntity
  8
Geometries
  6
Continuous
370
    40
100
AcDbCircle
 10
278.6468801438892
 20
154.7807364847685
 30
0.0
 40
0.4999999999999959
100
AcDbArc
 50
60.00000000000109
 51
120.0000000000006
  0
LINE
  5
2E9
330
1F
100
AcDbEntity
  8
Geometries
  6
Continuous
370
    40
100
AcDbLine
 10
299.7118603449417
 20
139.9468806910011
 30
0.0
 11
298.8568099866275
 21
139.4532171364577
 31
0.0
  0
LINE
  5
2EA
330
1F
100
AcDbEntity
  8
Geometries
  6
Continuous
370
    40
100
AcDbLine
 10
316.055373834199
 20
110.39844328273
 30
0.0
 11
314.9947136624192
 21
109.7860708470342
 31
0.0
  0
LINE
  5
2EB
330
1F
100
AcDbEntity
  8
Geometries
  6
Continuous
370
    40
100
AcDbLine
 10
305.8008354051591
 20
136.4314093008956
 30
0.0
 11
304.945785046845
 21
135.9377457463522
 31
0.0
  0
LINE
  5
2EC
330
1F
100
AcDbEntity
  8
Geometries
  6
Continuous
370
    40
100
AcDbLine
 10
324.9634948653375
 20
92.85305856147934
 30
0.0
 11
316.8149318126369
 21
77.3796460336063
 31
0.0
  0
LINE
  5
2ED
330
1F
100
AcDbEntity
  8
Geometries
  6
Continuous
370
    40
100
AcDbLine
 10
306.0210454522631
 20
113.2416887750417
 30
0.0
 11
306.090478964641
 21
113.3735369761702
 31
0.0
  0
LINE
  5
2EE
330
1F
100
AcDbEntity
  8
Geometries
  6
Continuous
370
    40
100
AcDbLine
 10
265.9763446614531
 20
128.6346374391653
 30
0.0
 11
261.8673463789139
 21
120.8320070746646
 31
0.0
  0
LINE
  5
2EF
330
1F
100
AcDbEntity
  8
Geometries
  6
Continuous
370
    40
100
AcDbLine
 10
348.4236608266816
 20
111.8231095701572
 30
0.0
 11
347.5686104683675
 21
111.3294460156138
 31
0.0
  0
LINE
  5
2F0
330
1F
100
AcDbEntity
  8
Geometries
  6
Continuous
370
    40
100
AcDbLine
 10
324.0677605858116
 20
125.8849951305791
 30
0.0
 11
323.2127102274975
 21
125.3913315760358
 31
0.0
  0
ELLIPSE
  5
2F1
330
1F
100
AcDbEntity
  8
Geometries
  6
Continuous
370
    40
100
AcDbEllipse
 10
337.580647531681
 20
93.81092284845317
 30
0.0
 11
-0.2500000000000002
 21
0.43301270189222
 31
0.0
210
0.0
220
0.0
230
1.0
 40
0.5773502691896258
 41
5.497787143782118
 42
6.283185307179589
  0
LINE
  5
2F2
330
1F
100
AcDbEntity
  8
Geometries
  6
Continuous
370
    40
100
AcDbLine
 10
253.2275856349352
 20
140.0626960987253
 30
0.0
 11
278.683429757651
 21
154.7596345554244
 31
0.0
  0
LINE
  5
2F3
330
1F
100
AcDbEntity
  8
Geometries
  6
Continuous
370
    40
100
AcDbLine
 10
346.5002491352865
 20
92.82108633220257
 30
0.0
 11
345.4395889635067
 21
92.20871389650678
 31
0.0
  0
LINE
  5
2F4
330
1F
100
AcDbEntity
  8
Geometries
  6
Continuous
370
    40
100
AcDbLine
 10
274.1921063911145
 20
101.9879457643447
 30
0.0
 11
274.1226728787367
 21
101.8560975632162
 31
0.0
  0
LINE
  5
2F5
330
1F
100
AcDbEntity
  8
Geometries
  6
Continuous
370
    40
100
AcDbLine
 10
279.9914378918502
 20
121.5303466989646
 30
0.0
 11
279.136387533536
 21
121.0366831444212
 31
0.0
  0
ELLIPSE
  5
2F6
330
1F
100
AcDbEntity
  8
Geometries
  6
Continuous
370
    40
100
AcDbEllipse
 10
361.305274315192
 20
107.0578903591847
 30
0.0
 11
-0.2500000000000002
 21
0.43301270189222
 31
0.0
210
0.0
220
0.0
230
1.0
 40
0.5773502691896258
 41
4.363323129985824
 42
5.497787143782157
  0
LINE
  5
2F7
330
1F
100
AcDbEntity
  8
Geometries
  6
Continuous
370
    40
100
AcDbLine
 10
366.499341725724
 20
76.96328609524264
 30
0.0
 11
355.8868549553139
 21
109.3697196542649
 31
0.0
  0
LINE
  5
2F8
330
1F
100
AcDbEntity
  8
Geometries
  6
Continuous
370
    40
100
AcDbLine
 10
352.5106567753721
 20
88.12623099186814
 30
0.0
 11
355.9229069246409
 21
94.60579724992549
 31
0.0
  0
LINE
  5
2F9
330
1F
100
AcDbEntity
  8
Geometries
  6
Continuous
370
    40
100
AcDbLine
 10
266.8313950197672
 20
129.1283009937087
 30
0.0
 11
265.9763446614531
 21
128.6346374391653
 31
0.0
  0
LINE
  5
2FA
330
1F
100
AcDbEntity
  8
Geometries
  6
Continuous
370
    40
100
AcDbLine
 10
278.3968801438892
 20
155.2137491866607
 30
0.0
 11
252.233929239987
 21
140.1085624394977
 31
0.0
  0
LINE
  5
2FB
330
1F
100
AcDbEntity
  8
Geometries
  6
Continuous
370
    40
100
AcDbLine
 10
298.2583630725027
 20
110.9839325286481
 30
0.0
 11
297.4033127141885
 21
110.4902689741048
 31
0.0
  0
ELLIPSE
  5
2FC
330
1F
100
AcDbEntity
  8
Geometries
  6
Continuous
370
    40
100
AcDbEllipse
 10
305.0944287295455
 20
105.1871351578975
 30
0.0
 11
-1.249999999999994
 21
2.165063509461087
 31
0.0
210
0.0
220
0.0
230
1.0
 40
0.577350269189626
 41
5.934119456780761
 42
6.632251157578447
  0
LINE
  5
2FD
330
1F
100
AcDbEntity
  8
Geometries
  6
Continuous
370
    40
100
AcDbLine
 10
366.9017979291141
 20
77.19564429260696
 30
0.0
 11
366.8825520622358
 21
77.18453268618396
 31
0.0
  0
ELLIPSE
  5
2FE
330
1F
100
AcDbEntity
  8
Geometries
  6
Continuous
370
    40
100
AcDbEllipse
 10
252.483929239987
 20
139.6755497376055
 30
0.0
 11
0.2500000000000037
 21
-0.4330127018922199
 31
0.0
210
0.0
220
0.0
230
0.9999999999999999
 40
0.5773502691896258
 41
2.356194490192338
 42
3.141592653589812
  0
LINE
  5
2FF
330
1F
100
AcDbEntity
  8
Geometries
  6
Continuous
370
    40
100
AcDbLine
 10
278.683429757651
 20
154.1539208431432
 30
0.0
 11
253.8985957065981
 21
139.8443902319476
 31
0.0
  0
LINE
  5
300
330
1F
100
AcDbEntity
  8
Geometries
  6
Continuous
370
    40
100
AcDbLine
 10
330.6795756223108
 20
79.37791616870668
 30
0.0
 11
334.0145394548813
 21
77.45247390223443
 31
0.0
  0
LINE
  5
301
330
1F
100
AcDbEntity
  8
Geometries
  6
Continuous
370
    40
100
AcDbLine
 10
336.5353542657284
 20
95.7961800256428
 30
0.0
 11
344.6839173184289
 21
111.2695925535158
 31
0.0
  0
LINE
  5
302
330
1F
100
AcDbEntity
  8
Geometries
  6
Continuous
370
    40
100
AcDbLine
 10
281.6160144046245
 20
116.0853013985941
 30
0.0
 11
274.1921063911145
 21
101.9879457643447
 31
0.0
  0
LINE
  5
303
330
1F
100
AcDbEntity
  8
Geometries
  6
Continuous
370
    40
100
AcDbLine
 10
334.3222990148515
 20
99.85202911241353
 30
0.0
 11
342.470862067552
 21
115.3254416402866
 31
0.0
  0
LINE
  5
304
330
1F
100
AcDbEntity
  8
Geometries
  6
Continuous
370
    40
100
AcDbLine
 10
334.7887700206965
 20
91.74857946678979
 30
0.0
 11
252.1303758493937
 21
139.4714255923736
 31
0.0
  0
LINE
  5
305
330
1F
100
AcDbEntity
  8
Geometries
  6
Continuous
370
    40
100
AcDbLine
 10
266.9675713208551
 20
129.1151616737326
 30
0.0
 11
262.9280065506937
 21
121.4443795103603
 31
0.0
  0
ELLIPSE
  5
306
330
1F
100
AcDbEntity
  8
Geometries
  6
Continuous
370
    40
100
AcDbEllipse
 10
321.2323324053372
 20
75.51998886847402
 30
0.0
 11
-1.250000000000001
 21
2.165063509461099
 31
0.0
210
0.0
220
0.0
230
0.9999999999999998
 40
0.577350269189626
 41
0.3490658503988627
 42
3.490658503988662
  0
LINE
  5
307
330
1F
100
AcDbEntity
  8
Geometries
  6
Continuous
370
    40
100
AcDbLine
 10
338.9492769013004
 20
92.20424773255489
 30
0.0
 11
338.445919856608
 21
93.74130563219514
 31
0.0
  0
LINE
  5
308
330
1F
100
AcDbEntity
  8
Geometries
  6
Continuous
370
    40
100
AcDbLine
 10
356.4889731356197
 20
94.27897877063768
 30
0.0
 11
355.9229069246409
 21
94.60579724992549
 31
0.0
  0
LINE
  5
309
330
1F
100
AcDbEntity
  8
Geometries
  6
Continuous
370
    40
100
AcDbLine
 10
274.0386391327206
 20
125.0326787690939
 30
0.0
 11
265.8900760800201
 21
109.5592662412209
 31
0.0
  0
DIMENSION
  5
30B
330
1F
100
AcDbEntity
  8
Annotations
  6
Continuous
370
    15
100
AcDbDimension
280
     0
  2
*D2
 10
148.5
 20
55.72891914811622
 30
0.0
 11
148.5
 21
114.177230188635
 31
0.0
 70
   160
 71
     5
 42
233.793244162075
 73
     0
 74
     0
 75
     0
  3
ISO-25
100
AcDbAlignedDimension
 13
136.5
 23
172.6255412291537
 33
0.0
 14
136.5
 24
55.72891914811622
 34
0.0
 50
90.0
100
AcDbRotatedDimension
1001
ACAD
1000
DSTYLE
1002
{
1070
   144
1040
2.0
1070
    76
1070
     0
1070
    75
1070
     0
1070
   278
1070
    44
1070
    78
1070
     8
1070
   271
1070
     2
1070
   340
1005
77
1070
   283
1070
     1
1070
   146
1040
0.6
1070
   272
1070
     8
1070
   274
1070
     8
1070
    48
1040
0.0
1070
    47
1040
0.0
1070
    72
1070
     0
1070
    71
1070
     0
1070
    40
1040
1.0
1070
   179
1070
     2
1070
   276
1070
     2
1070
   147
1040
0.7
1070
   371
1070
    15
1070
   372
1070
    15
1070
    45
1040
0.01
1002
}
  0
DIMENSION
  5
318
330
1F
100
AcDbEntity
  8
Annotations
  6
Continuous
370
    15
100
AcDbDimension
280
     0
  2
*D3
 10
136.0
 20
189.25
 30
0.0
 11
117.5
 21
189.25
 31
0.0
 70
   160
 71
     5
 42
74.0
 73
     0
 74
     0
 75
     0
  3
ISO-25
100
AcDbAlignedDimension
 13
99.0
 23
209.9613091308703
 33
0.0
 14
136.0
 24
209.9613091308703
 34
0.0
100
AcDbRotatedDimension
1001
ACAD
1000
DSTYLE
1002
{
1070
   144
1040
2.0
1070
    76
1070
     0
1070
    75
1070
     0
1070
   278
1070
    44
1070
    78
1070
     8
1070
   271
1070
     2
1070
   340
1005
75
1070
   283
1070
     1
1070
   146
1040
0.6
1070
   272
1070
     8
1070
   274
1070
     8
1070
    48
1040
0.0
1070
    47
1040
0.0
1070
    72
1070
     0
1070
    71
1070
     0
1070
    40
1040
1.0
1070
   179
1070
     2
1070
   276
1070
     2
1070
   147
1040
0.7
1070
   371
1070
    15
1070
   372
1070
    15
1070
    45
1040
0.01
1002
}
  0
DIMENSION
  5
325
330
1F
100
AcDbEntity
  8
Annotations
  6
Continuous
370
    15
100
AcDbDimension
280
     0
  2
*D4
 10
148.5
 20
209.75
 30
0.0
 11
148.5
 21
226.75
 31
0.0
 70
   160
 71
     5
 42
68.0
 73
     0
 74
     0
 75
     0
  3
ISO-25
100
AcDbAlignedDimension
 13
136.5
 23
243.75
 33
0.0
 14
136.5
 24
209.75
 34
0.0
 50
90.0
100
AcDbRotatedDimension
1001
ACAD
1000
DSTYLE
1002
{
1070
   144
1040
2.0
1070
    76
1070
     0
1070
    75
1070
     0
1070
   278
1070
    44
1070
    78
1070
     8
1070
   271
1070
     2
1070
   340
1005
75
1070
   283
1070
     1
1070
   146
1040
0.6
1070
   272
1070
     8
1070
   274
1070
     8
1070
    48
1040
0.0
1070
    47
1040
0.0
1070
    72
1070
     0
1070
    71
1070
     0
1070
    40
1040
1.0
1070
   179
1070
     2
1070
   276
1070
     2
1070
   147
1040
0.7
1070
   371
1070
    15
1070
   372
1070
    15
1070
    45
1040
0.01
1002
}
  0
DIMENSION
  5
332
330
1F
100
AcDbEntity
  8
Annotations
  6
Continuous
370
    15
100
AcDbDimension
280
     0
  2
*D5
 10
131.5
 20
197.25
 30
0.0
 11
117.5
 21
197.25
 31
0.0
 70
   160
 71
     5
 42
56.0
 73
     0
 74
     0
 75
     0
  3
ISO-25
100
AcDbAlignedDimension
 13
103.5
 23
215.75
 33
0.0
 14
131.5
 24
215.75
 34
0.0
100
AcDbRotatedDimension
1001
ACAD
1000
DSTYLE
1002
{
1070
   144
1040
2.0
1070
    76
1070
     0
1070
    75
1070
     0
1070
   278
1070
    44
1070
    78
1070
     8
1070
   271
1070
     2
1070
   340
1005
75
1070
   283
1070
     1
1070
   146
1040
0.6
1070
   272
1070
     8
1070
   274
1070
     8
1070
    48
1040
0.0
1070
    47
1040
0.0
1070
    72
1070
     0
1070
    71
1070
     0
1070
    40
1040
1.0
1070
   179
1070
     2
1070
   276
1070
     2
1070
   147
1040
0.7
1070
   371
1070
    15
1070
   372
1070
    15
1070
    45
1040
0.01
1002
}
  0
DIMENSION
  5
33F
330
1F
100
AcDbEntity
  8
Annotations
  6
Continuous
370
    15
100
AcDbDimension
280
     0
  2
*D6
 10
253.2079200067464
 20
220.4162327234862
 30
0.0
 11
259.018921105681
 21
232.8779647952401
 31
0.0
 70
   161
 71
     5
 42
55.00000000000001
 73
     0
 74
     0
 75
     0
  3
ISO-25
100
AcDbAlignedDimension
 13
275.7056156490555
 23
240.2682777261057
 33
0.0
 14
264.0836134511862
 24
215.3448135825978
 34
0.0
1001
ACAD
1000
DSTYLE
1002
{
1070
   144
1040
2.0
1070
   278
1070
    44
1070
    78
1070
     8
1070
   271
1070
     2
1070
   340
1005
76
1070
   283
1070
     1
1070
   146
1040
0.6
1070
   272
1070
     8
1070
   274
1070
     8
1070
    48
1040
0.0
1070
    47
1040
0.0
1070
    72
1070
     0
1070
    71
1070
     0
1070
    40
1040
1.0
1070
   179
1070
     2
1070
   276
1070
     2
1070
   147
1040
0.7
1070
   371
1070
    15
1070
   372
1070
    15
1070
    45
1040
0.01
1002
}
  0
DIMENSION
  5
34C
330
1F
100
AcDbEntity
  8
Annotations
  6
Continuous
370
    15
100
AcDbDimension
280
     0
  2
*D7
 10
233.6244587708463
 20
244.25
 30
0.0
 11
233.6244587708463
 21
226.75
 31
0.0
 70
   160
 71
     5
 42
70.0
 73
     0
 74
     0
 75
     0
  3
ISO-25
100
AcDbAlignedDimension
 13
261.9789191481162
 23
209.25
 33
0.0
 14
246.1244587708463
 24
244.25
 34
0.0
 50
90.0
100
AcDbRotatedDimension
1001
ACAD
1000
DSTYLE
1002
{
1070
   144
1040
2.0
1070
    76
1070
     0
1070
    75
1070
     0
1070
   278
1070
    44
1070
    78
1070
     8
1070
   271
1070
     2
1070
   340
1005
76
1070
   283
1070
     1
1070
   146
1040
0.6
1070
   272
1070
     8
1070
   274
1070
     8
1070
    48
1040
0.0
1070
    47
1040
0.0
1070
    72
1070
     0
1070
    71
1070
     0
1070
    40
1040
1.0
1070
   179
1070
     2
1070
   276
1070
     2
1070
   147
1040
0.7
1070
   371
1070
    15
1070
   372
1070
    15
1070
    45
1040
0.01
1002
}
  0
DIMENSION
  5
359
330
1F
100
AcDbEntity
  8
Annotations
  6
Continuous
370
    15
100
AcDbDimension
280
     0
  2
*D8
 10
78.5
 20
39.87445877084627
 30
0.0
 11
78.5
 21
47.80168895948125
 31
0.0
 70
   160
 71
     5
 42
31.70892075453988
 73
     0
 74
     0
 75
     0
  3
ISO-25
100
AcDbAlignedDimension
 13
98.50000000000003
 23
55.72891914811621
 33
0.0
 14
98.50000000000004
 24
39.87445877084627
 34
0.0
 50
90.0
100
AcDbRotatedDimension
1001
ACAD
1000
DSTYLE
1002
{
1070
   144
1040
2.0
1070
    76
1070
     0
1070
    75
1070
     0
1070
   278
1070
    44
1070
    78
1070
     8
1070
   271
1070
     2
1070
   340
1005
77
1070
   283
1070
     1
1070
   146
1040
0.6
1070
   272
1070
     8
1070
   274
1070
     8
1070
    48
1040
0.0
1070
    47
1040
0.0
1070
    72
1070
     0
1070
    71
1070
     0
1070
    40
1040
1.0
1070
   179
1070
     2
1070
   276
1070
     2
1070
   147
1040
0.7
1070
   371
1070
    15
1070
   372
1070
    15
1070
    45
1040
0.01
1002
}
  0
DIMENSION
  5
366
330
1F
100
AcDbEntity
  8
Annotations
  6
Continuous
370
    15
100
AcDbDimension
280
     0
  2
*D9
 10
86.5
 20
42.99083985017999
 30
0.0
 11
86.5
 21
49.13330255238893
 31
0.0
 70
   160
 71
     5
 42
24.5698508088358
 73
     0
 74
     0
 75
     0
  3
ISO-25
100
AcDbAlignedDimension
 13
103.0
 23
55.27576525459789
 33
0.0
 14
103.5
 24
42.99083985017999
 34
0.0
 50
90.0
100
AcDbRotatedDimension
1001
ACAD
1000
DSTYLE
1002
{
1070
   144
1040
2.0
1070
    76
1070
     0
1070
    75
1070
     0
1070
   278
1070
    44
1070
    78
1070
     8
1070
   271
1070
     2
1070
   340
1005
77
1070
   283
1070
     1
1070
   146
1040
0.6
1070
   272
1070
     8
1070
   274
1070
     8
1070
    48
1040
0.0
1070
    47
1040
0.0
1070
    72
1070
     0
1070
    71
1070
     0
1070
    40
1040
1.0
1070
   179
1070
     2
1070
   276
1070
     2
1070
   147
1040
0.7
1070
   371
1070
    15
1070
   372
1070
    15
1070
    45
1040
0.01
1002
}
  0
DIMENSION
  5
373
330
1F
100
AcDbEntity
  8
Annotations
  6
Continuous
370
    15
100
AcDbDimension
280
     0
  2
*D10
 10
86.5
 20
171.5221633101912
 30
0.0
 11
86.5
 21
163.8280869506337
 31
0.0
 70
   160
 71
     5
 42
30.77630543822988
 73
     0
 74
     0
 75
     0
  3
ISO-25
100
AcDbAlignedDimension
 13
100.0
 23
156.1340105910763
 33
0.0
 14
100.0
 24
171.5221633101912
 34
0.0
 50
90.0
100
AcDbRotatedDimension
1001
ACAD
1000
DSTYLE
1002
{
1070
   144
1040
2.0
1070
    76
1070
     0
1070
    75
1070
     0
1070
   278
1070
    44
1070
    78
1070
     8
1070
   271
1070
     2
1070
   340
1005
77
1070
   283
1070
     1
1070
   146
1040
0.6
1070
   272
1070
     8
1070
   274
1070
     8
1070
    48
1040
0.0
1070
    47
1040
0.0
1070
    72
1070
     0
1070
    71
1070
     0
1070
    40
1040
1.0
1070
   179
1070
     2
1070
   276
1070
     2
1070
   147
1040
0.7
1070
   371
1070
    15
1070
   372
1070
    15
1070
    45
1040
0.01
1002
}
  0
DIMENSION
  5
381
330
1F
100
AcDbEntity
  8
Annotations
  6
Continuous
370
    15
100
AcDbDimension
280
     0
  2
*D11
 10
266.3493829187778
 20
214.2882679282461
 30
0.0
 11
254.4963901676704
 21
188.869442944746
 31
0.0
 70
   164
 71
     5
 42
5.000000000000016
 73
     0
 74
     0
 75
     0
  3
ISO-25
100
AcDbRadialDimension
 15
265.2928372644261
 25
212.0224984606544
 35
0.0
 40
0.0
1001
ACAD
1000
DSTYLE
1002
{
1070
   144
1040
2.0
1070
   141
1040
0.0
1070
   172
1070
     0
1070
   278
1070
    44
1070
    78
1070
     8
1070
   271
1070
     2
1070
   340
1005
76
1070
   283
1070
     1
1070
   146
1040
0.6
1070
   272
1070
     8
1070
   274
1070
     8
1070
    48
1040
0.0
1070
    47
1040
0.0
1070
    72
1070
     0
1070
    71
1070
     0
1070
    40
1040
1.0
1070
   179
1070
     2
1070
   276
1070
     2
1070
   147
1040
0.7
1070
   371
1070
    15
1070
   372
1070
    15
1070
    45
1040
0.01
1002
}
1001
ACAD_DSTYLE_DIMRADIAL_EXTENSION
1070
   387
1070
     1
1070
   388
1040
2.705260340591211
1070
   390
1040
5.846852994181004
  0
DIMENSION
  5
38B
330
1F
100
AcDbEntity
  8
Annotations
  6
Continuous
370
    15
100
AcDbDimension
280
     0
  2
*D12
 10
378.8755412291537
 20
209.75
 30
0.0
 11
364.4657546148235
 21
214.3706649748707
 31
0.0
 70
   162
 71
     5
 42
1.134464013796314
 73
     0
 74
     0
 75
     0
  3
ISO-25
100
AcDb2LineAngularDimension
 13
363.4742347454021
 23
243.9613091308703
 33
0.0
 14
379.3286951226721
 24
209.9613091308703
 34
0.0
 15
261.9789191481162
 25
209.75
 35
0.0
 16
368.0374717880978
 26
220.4956828416414
 36
0.0
1001
ACAD
1000
DSTYLE
1002
{
1070
   144
1040
2.0
1070
   275
1070
     0
1070
   278
1070
    44
1070
    79
1070
     2
1070
   340
1005
76
1070
   283
1070
     1
1070
   146
1040
0.6
1070
   272
1070
     8
1070
   274
1070
     8
1070
    48
1040
0.0
1070
    47
1040
0.0
1070
    72
1070
     0
1070
    71
1070
     0
1070
    40
1040
1.0
1070
   179
1070
     2
1070
   276
1070
     2
1070
   147
1040
0.7
1070
   371
1070
    15
1070
   372
1070
    15
1070
    45
1040
0.01
1002
}
1001
ACAD_DSTYLE_DIMANGULAR_EXTENSION
1070
   387
1070
     1
  0
DIMENSION
  5
398
330
1F
100
AcDbEntity
  8
Annotations
  6
Continuous
370
    15
100
AcDbDimension
280
     0
  2
*D13
 10
346.1151523863695
 20
213.2317222738943
 30
0.0
 11
378.1431363542324
 21
241.2653300439899
 31
0.0
 70
   162
 71
     5
 42
1.134464013796314
 73
     0
 74
     0
 75
     0
  3
ISO-25
100
AcDb2LineAngularDimension
 13
378.8755412291537
 23
209.25
 33
0.0
 14
261.9789191481162
 24
209.25
 34
0.0
 15
357.7371545842387
 25
238.1551864174022
 35
0.0
 16
387.5819279528938
 26
226.4613185724694
 36
0.0
1001
ACAD
1000
DSTYLE
1002
{
1070
   144
1040
2.0
1070
   275
1070
     0
1070
   278
1070
    44
1070
    79
1070
     2
1070
   340
1005
76
1070
   283
1070
     1
1070
   146
1040
0.6
1070
   272
1070
     8
1070
   274
1070
     8
1070
    48
1040
0.0
1070
    47
1040
0.0
1070
    72
1070
     0
1070
    71
1070
     0
1070
    40
1040
1.0
1070
   179
1070
     2
1070
   276
1070
     2
1070
   147
1040
0.7
1070
   371
1070
    15
1070
   372
1070
    15
1070
    45
1040
0.01
1002
}
1001
ACAD_DSTYLE_DIMANGULAR_EXTENSION
1070
   387
1070
     1
  0
LINE
  5
3A7
330
1F
100
AcDbEntity
  8
Border
  6
Continuous
370
    15
100
AcDbLine
 10
20.0
 20
10.0
 30
0.0
 11
410.0
 21
10.0
 31
0.0
  0
LINE
  5
3A8
330
1F
100
AcDbEntity
  8
Border
  6
Continuous
370
    15
100
AcDbLine
 10
410.0
 20
10.0
 30
0.0
 11
410.0
 21
287.0
 31
0.0
  0
LINE
  5
3A9
330
1F
100
AcDbEntity
  8
Border
  6
Continuous
370
    15
100
AcDbLine
 10
410.0
 20
287.0
 30
0.0
 11
20.0
 21
287.0
 31
0.0
  0
LINE
  5
3AA
330
1F
100
AcDbEntity
  8
Border
  6
Continuous
370
    15
100
AcDbLine
 10
20.0
 20
287.0
 30
0.0
 11
20.0
 21
10.0
 31
0.0
  0
LINE
  5
3AB
330
1F
100
AcDbEntity
  8
Border
  6
Continuous
370
    15
100
AcDbLine
 10
215.0
 20
15.0
 30
0.0
 11
215.0
 21
5.0
 31
0.0
  0
LINE
  5
3AC
330
1F
100
AcDbEntity
  8
Border
  6
Continuous
370
    15
100
AcDbLine
 10
265.0
 20
10.0
 30
0.0
 11
265.0
 21
5.0
 31
0.0
  0
LINE
  5
3AD
330
1F
100
AcDbEntity
  8
Border
  6
Continuous
370
    15
100
AcDbLine
 10
165.0
 20
10.0
 30
0.0
 11
165.0
 21
5.0
 31
0.0
  0
LINE
  5
3AE
330
1F
100
AcDbEntity
  8
Border
  6
Continuous
370
    15
100
AcDbLine
 10
315.0
 20
10.0
 30
0.0
 11
315.0
 21
5.0
 31
0.0
  0
LINE
  5
3AF
330
1F
100
AcDbEntity
  8
Border
  6
Continuous
370
    15
100
AcDbLine
 10
115.0
 20
10.0
 30
0.0
 11
115.0
 21
5.0
 31
0.0
  0
LINE
  5
3B0
330
1F
100
AcDbEntity
  8
Border
  6
Continuous
370
    15
100
AcDbLine
 10
365.0
 20
10.0
 30
0.0
 11
365.0
 21
5.0
 31
0.0
  0
LINE
  5
3B1
330
1F
100
AcDbEntity
  8
Border
  6
Continuous
370
    15
100
AcDbLine
 10
65.0
 20
10.0
 30
0.0
 11
65.0
 21
5.0
 31
0.0
  0
MTEXT
  5
3B2
330
1F
100
AcDbEntity
  8
Border
  6
Continuous
370
    15
100
AcDbMText
 10
42.5
 20
9.17475
 30
0.0
 40
3.3495
 41
3.3495
 46
3.3495
 71
     2
 72
     1
  1
1
  7
Shapr0
 73
     1
 44
1.0
1001
ACAD
1000
ACAD_MTEXT_DEFINED_HEIGHT_BEGIN
1070
    46
1040
3.3495
1000
ACAD_MTEXT_DEFINED_HEIGHT_END
  0
MTEXT
  5
3B3
330
1F
100
AcDbEntity
  8
Border
  6
Continuous
370
    15
100
AcDbMText
 10
90.0
 20
9.17475
 30
0.0
 40
3.3495
 41
3.3495
 46
3.3495
 71
     2
 72
     1
  1
2
  7
Shapr0
 73
     1
 44
1.0
1001
ACAD
1000
ACAD_MTEXT_DEFINED_HEIGHT_BEGIN
1070
    46
1040
3.3495
1000
ACAD_MTEXT_DEFINED_HEIGHT_END
  0
MTEXT
  5
3B4
330
1F
100
AcDbEntity
  8
Border
  6
Continuous
370
    15
100
AcDbMText
 10
140.0
 20
9.17475
 30
0.0
 40
3.3495
 41
3.3495
 46
3.3495
 71
     2
 72
     1
  1
3
  7
Shapr0
 73
     1
 44
1.0
1001
ACAD
1000
ACAD_MTEXT_DEFINED_HEIGHT_BEGIN
1070
    46
1040
3.3495
1000
ACAD_MTEXT_DEFINED_HEIGHT_END
  0
MTEXT
  5
3B5
330
1F
100
AcDbEntity
  8
Border
  6
Continuous
370
    15
100
AcDbMText
 10
190.0
 20
9.17475
 30
0.0
 40
3.3495
 41
3.3495
 46
3.3495
 71
     2
 72
     1
  1
4
  7
Shapr0
 73
     1
 44
1.0
1001
ACAD
1000
ACAD_MTEXT_DEFINED_HEIGHT_BEGIN
1070
    46
1040
3.3495
1000
ACAD_MTEXT_DEFINED_HEIGHT_END
  0
MTEXT
  5
3B6
330
1F
100
AcDbEntity
  8
Border
  6
Continuous
370
    15
100
AcDbMText
 10
240.0
 20
9.17475
 30
0.0
 40
3.3495
 41
3.3495
 46
3.3495
 71
     2
 72
     1
  1
5
  7
Shapr0
 73
     1
 44
1.0
1001
ACAD
1000
ACAD_MTEXT_DEFINED_HEIGHT_BEGIN
1070
    46
1040
3.3495
1000
ACAD_MTEXT_DEFINED_HEIGHT_END
  0
MTEXT
  5
3B7
330
1F
100
AcDbEntity
  8
Border
  6
Continuous
370
    15
100
AcDbMText
 10
290.0
 20
9.17475
 30
0.0
 40
3.3495
 41
3.3495
 46
3.3495
 71
     2
 72
     1
  1
6
  7
Shapr0
 73
     1
 44
1.0
1001
ACAD
1000
ACAD_MTEXT_DEFINED_HEIGHT_BEGIN
1070
    46
1040
3.3495
1000
ACAD_MTEXT_DEFINED_HEIGHT_END
  0
MTEXT
  5
3B8
330
1F
100
AcDbEntity
  8
Border
  6
Continuous
370
    15
100
AcDbMText
 10
340.0
 20
9.17475
 30
0.0
 40
3.3495
 41
3.3495
 46
3.3495
 71
     2
 72
     1
  1
7
  7
Shapr0
 73
     1
 44
1.0
1001
ACAD
1000
ACAD_MTEXT_DEFINED_HEIGHT_BEGIN
1070
    46
1040
3.3495
1000
ACAD_MTEXT_DEFINED_HEIGHT_END
  0
MTEXT
  5
3B9
330
1F
100
AcDbEntity
  8
Border
  6
Continuous
370
    15
100
AcDbMText
 10
387.5
 20
9.17475
 30
0.0
 40
3.3495
 41
3.3495
 46
3.3495
 71
     2
 72
     1
  1
8
  7
Shapr0
 73
     1
 44
1.0
1001
ACAD
1000
ACAD_MTEXT_DEFINED_HEIGHT_BEGIN
1070
    46
1040
3.3495
1000
ACAD_MTEXT_DEFINED_HEIGHT_END
  0
LINE
  5
3BA
330
1F
100
AcDbEntity
  8
Border
  6
Continuous
370
    15
100
AcDbLine
 10
405.0
 20
148.5
 30
0.0
 11
415.0
 21
148.5
 31
0.0
  0
LINE
  5
3BB
330
1F
100
AcDbEntity
  8
Border
  6
Continuous
370
    15
100
AcDbLine
 10
410.0
 20
198.5
 30
0.0
 11
415.0
 21
198.5
 31
0.0
  0
LINE
  5
3BC
330
1F
100
AcDbEntity
  8
Border
  6
Continuous
370
    15
100
AcDbLine
 10
410.0
 20
98.5
 30
0.0
 11
415.0
 21
98.5
 31
0.0
  0
LINE
  5
3BD
330
1F
100
AcDbEntity
  8
Border
  6
Continuous
370
    15
100
AcDbLine
 10
410.0
 20
248.5
 30
0.0
 11
415.0
 21
248.5
 31
0.0
  0
LINE
  5
3BE
330
1F
100
AcDbEntity
  8
Border
  6
Continuous
370
    15
100
AcDbLine
 10
410.0
 20
48.5
 30
0.0
 11
415.0
 21
48.5
 31
0.0
  0
MTEXT
  5
3BF
330
1F
100
AcDbEntity
  8
Border
  6
Continuous
370
    15
100
AcDbMText
 10
410.82525
 20
29.25
 30
0.0
 40
3.3495
 41
3.3495
 46
3.3495
 71
     4
 72
     1
  1
F
  7
Shapr0
 73
     1
 44
1.0
1001
ACAD
1000
ACAD_MTEXT_DEFINED_HEIGHT_BEGIN
1070
    46
1040
3.3495
1000
ACAD_MTEXT_DEFINED_HEIGHT_END
  0
MTEXT
  5
3C0
330
1F
100
AcDbEntity
  8
Border
  6
Continuous
370
    15
100
AcDbMText
 10
410.82525
 20
73.5
 30
0.0
 40
3.3495
 41
3.3495
 46
3.3495
 71
     4
 72
     1
  1
E
  7
Shapr0
 73
     1
 44
1.0
1001
ACAD
1000
ACAD_MTEXT_DEFINED_HEIGHT_BEGIN
1070
    46
1040
3.3495
1000
ACAD_MTEXT_DEFINED_HEIGHT_END
  0
MTEXT
  5
3C1
330
1F
100
AcDbEntity
  8
Border
  6
Continuous
370
    15
100
AcDbMText
 10
410.82525
 20
123.5
 30
0.0
 40
3.3495
 41
3.3495
 46
3.3495
 71
     4
 72
     1
  1
D
  7
Shapr0
 73
     1
 44
1.0
1001
ACAD
1000
ACAD_MTEXT_DEFINED_HEIGHT_BEGIN
1070
    46
1040
3.3495
1000
ACAD_MTEXT_DEFINED_HEIGHT_END
  0
MTEXT
  5
3C2
330
1F
100
AcDbEntity
  8
Border
  6
Continuous
370
    15
100
AcDbMText
 10
410.82525
 20
173.5
 30
0.0
 40
3.3495
 41
3.3495
 46
3.3495
 71
     4
 72
     1
  1
C
  7
Shapr0
 73
     1
 44
1.0
1001
ACAD
1000
ACAD_MTEXT_DEFINED_HEIGHT_BEGIN
1070
    46
1040
3.3495
1000
ACAD_MTEXT_DEFINED_HEIGHT_END
  0
MTEXT
  5
3C3
330
1F
100
AcDbEntity
  8
Border
  6
Continuous
370
    15
100
AcDbMText
 10
410.82525
 20
223.5
 30
0.0
 40
3.3495
 41
3.3495
 46
3.3495
 71
     4
 72
     1
  1
B
  7
Shapr0
 73
     1
 44
1.0
1001
ACAD
1000
ACAD_MTEXT_DEFINED_HEIGHT_BEGIN
1070
    46
1040
3.3495
1000
ACAD_MTEXT_DEFINED_HEIGHT_END
  0
MTEXT
  5
3C4
330
1F
100
AcDbEntity
  8
Border
  6
Continuous
370
    15
100
AcDbMText
 10
410.82525
 20
267.75
 30
0.0
 40
3.3495
 41
3.3495
 46
3.3495
 71
     4
 72
     1
  1
A
  7
Shapr0
 73
     1
 44
1.0
1001
ACAD
1000
ACAD_MTEXT_DEFINED_HEIGHT_BEGIN
1070
    46
1040
3.3495
1000
ACAD_MTEXT_DEFINED_HEIGHT_END
  0
LINE
  5
3C5
330
1F
100
AcDbEntity
  8
Border
  6
Continuous
370
    15
100
AcDbLine
 10
215.0
 20
282.0
 30
0.0
 11
215.0
 21
292.0
 31
0.0
  0
LINE
  5
3C6
330
1F
100
AcDbEntity
  8
Border
  6
Continuous
370
    15
100
AcDbLine
 10
165.0
 20
287.0
 30
0.0
 11
165.0
 21
292.0
 31
0.0
  0
LINE
  5
3C7
330
1F
100
AcDbEntity
  8
Border
  6
Continuous
370
    15
100
AcDbLine
 10
265.0
 20
287.0
 30
0.0
 11
265.0
 21
292.0
 31
0.0
  0
LINE
  5
3C8
330
1F
100
AcDbEntity
  8
Border
  6
Continuous
370
    15
100
AcDbLine
 10
115.0
 20
287.0
 30
0.0
 11
115.0
 21
292.0
 31
0.0
  0
LINE
  5
3C9
330
1F
100
AcDbEntity
  8
Border
  6
Continuous
370
    15
100
AcDbLine
 10
315.0
 20
287.0
 30
0.0
 11
315.0
 21
292.0
 31
0.0
  0
LINE
  5
3CA
330
1F
100
AcDbEntity
  8
Border
  6
Continuous
370
    15
100
AcDbLine
 10
65.0
 20
287.0
 30
0.0
 11
65.0
 21
292.0
 31
0.0
  0
LINE
  5
3CB
330
1F
100
AcDbEntity
  8
Border
  6
Continuous
370
    15
100
AcDbLine
 10
365.0
 20
287.0
 30
0.0
 11
365.0
 21
292.0
 31
0.0
  0
MTEXT
  5
3CC
330
1F
100
AcDbEntity
  8
Border
  6
Continuous
370
    15
100
AcDbMText
 10
387.5
 20
287.82525
 30
0.0
 40
3.3495
 41
3.3495
 46
3.3495
 71
     8
 72
     1
  1
8
  7
Shapr0
 73
     1
 44
1.0
1001
ACAD
1000
ACAD_MTEXT_DEFINED_HEIGHT_BEGIN
1070
    46
1040
3.3495
1000
ACAD_MTEXT_DEFINED_HEIGHT_END
  0
MTEXT
  5
3CD
330
1F
100
AcDbEntity
  8
Border
  6
Continuous
370
    15
100
AcDbMText
 10
340.0
 20
287.82525
 30
0.0
 40
3.3495
 41
3.3495
 46
3.3495
 71
     8
 72
     1
  1
7
  7
Shapr0
 73
     1
 44
1.0
1001
ACAD
1000
ACAD_MTEXT_DEFINED_HEIGHT_BEGIN
1070
    46
1040
3.3495
1000
ACAD_MTEXT_DEFINED_HEIGHT_END
  0
MTEXT
  5
3CE
330
1F
100
AcDbEntity
  8
Border
  6
Continuous
370
    15
100
AcDbMText
 10
290.0
 20
287.82525
 30
0.0
 40
3.3495
 41
3.3495
 46
3.3495
 71
     8
 72
     1
  1
6
  7
Shapr0
 73
     1
 44
1.0
1001
ACAD
1000
ACAD_MTEXT_DEFINED_HEIGHT_BEGIN
1070
    46
1040
3.3495
1000
ACAD_MTEXT_DEFINED_HEIGHT_END
  0
MTEXT
  5
3CF
330
1F
100
AcDbEntity
  8
Border
  6
Continuous
370
    15
100
AcDbMText
 10
240.0
 20
287.82525
 30
0.0
 40
3.3495
 41
3.3495
 46
3.3495
 71
     8
 72
     1
  1
5
  7
Shapr0
 73
     1
 44
1.0
1001
ACAD
1000
ACAD_MTEXT_DEFINED_HEIGHT_BEGIN
1070
    46
1040
3.3495
1000
ACAD_MTEXT_DEFINED_HEIGHT_END
  0
MTEXT
  5
3D0
330
1F
100
AcDbEntity
  8
Border
  6
Continuous
370
    15
100
AcDbMText
 10
190.0
 20
287.82525
 30
0.0
 40
3.3495
 41
3.3495
 46
3.3495
 71
     8
 72
     1
  1
4
  7
Shapr0
 73
     1
 44
1.0
1001
ACAD
1000
ACAD_MTEXT_DEFINED_HEIGHT_BEGIN
1070
    46
1040
3.3495
1000
ACAD_MTEXT_DEFINED_HEIGHT_END
  0
MTEXT
  5
3D1
330
1F
100
AcDbEntity
  8
Border
  6
Continuous
370
    15
100
AcDbMText
 10
140.0
 20
287.82525
 30
0.0
 40
3.3495
 41
3.3495
 46
3.3495
 71
     8
 72
     1
  1
3
  7
Shapr0
 73
     1
 44
1.0
1001
ACAD
1000
ACAD_MTEXT_DEFINED_HEIGHT_BEGIN
1070
    46
1040
3.3495
1000
ACAD_MTEXT_DEFINED_HEIGHT_END
  0
MTEXT
  5
3D2
330
1F
100
AcDbEntity
  8
Border
  6
Continuous
370
    15
100
AcDbMText
 10
90.0
 20
287.82525
 30
0.0
 40
3.3495
 41
3.3495
 46
3.3495
 71
     8
 72
     1
  1
2
  7
Shapr0
 73
     1
 44
1.0
1001
ACAD
1000
ACAD_MTEXT_DEFINED_HEIGHT_BEGIN
1070
    46
1040
3.3495
1000
ACAD_MTEXT_DEFINED_HEIGHT_END
  0
MTEXT
  5
3D3
330
1F
100
AcDbEntity
  8
Border
  6
Continuous
370
    15
100
AcDbMText
 10
42.5
 20
287.82525
 30
0.0
 40
3.3495
 41
3.3495
 46
3.3495
 71
     8
 72
     1
  1
1
  7
Shapr0
 73
     1
 44
1.0
1001
ACAD
1000
ACAD_MTEXT_DEFINED_HEIGHT_BEGIN
1070
    46
1040
3.3495
1000
ACAD_MTEXT_DEFINED_HEIGHT_END
  0
LINE
  5
3D4
330
1F
100
AcDbEntity
  8
Border
  6
Continuous
370
    15
100
AcDbLine
 10
25.0
 20
148.5
 30
0.0
 11
15.0
 21
148.5
 31
0.0
  0
LINE
  5
3D5
330
1F
100
AcDbEntity
  8
Border
  6
Continuous
370
    15
100
AcDbLine
 10
20.0
 20
98.5
 30
0.0
 11
15.0
 21
98.5
 31
0.0
  0
LINE
  5
3D6
330
1F
100
AcDbEntity
  8
Border
  6
Continuous
370
    15
100
AcDbLine
 10
20.0
 20
198.5
 30
0.0
 11
15.0
 21
198.5
 31
0.0
  0
LINE
  5
3D7
330
1F
100
AcDbEntity
  8
Border
  6
Continuous
370
    15
100
AcDbLine
 10
20.0
 20
48.5
 30
0.0
 11
15.0
 21
48.5
 31
0.0
  0
LINE
  5
3D8
330
1F
100
AcDbEntity
  8
Border
  6
Continuous
370
    15
100
AcDbLine
 10
20.0
 20
248.5
 30
0.0
 11
15.0
 21
248.5
 31
0.0
  0
MTEXT
  5
3D9
330
1F
100
AcDbEntity
  8
Border
  6
Continuous
370
    15
100
AcDbMText
 10
19.17475
 20
267.75
 30
0.0
 40
3.3495
 41
3.3495
 46
3.3495
 71
     6
 72
     1
  1
A
  7
Shapr0
 73
     1
 44
1.0
1001
ACAD
1000
ACAD_MTEXT_DEFINED_HEIGHT_BEGIN
1070
    46
1040
3.3495
1000
ACAD_MTEXT_DEFINED_HEIGHT_END
  0
MTEXT
  5
3DA
330
1F
100
AcDbEntity
  8
Border
  6
Continuous
370
    15
100
AcDbMText
 10
19.17475
 20
223.5
 30
0.0
 40
3.3495
 41
3.3495
 46
3.3495
 71
     6
 72
     1
  1
B
  7
Shapr0
 73
     1
 44
1.0
1001
ACAD
1000
ACAD_MTEXT_DEFINED_HEIGHT_BEGIN
1070
    46
1040
3.3495
1000
ACAD_MTEXT_DEFINED_HEIGHT_END
  0
MTEXT
  5
3DB
330
1F
100
AcDbEntity
  8
Border
  6
Continuous
370
    15
100
AcDbMText
 10
19.17475
 20
173.5
 30
0.0
 40
3.3495
 41
3.3495
 46
3.3495
 71
     6
 72
     1
  1
C
  7
Shapr0
 73
     1
 44
1.0
1001
ACAD
1000
ACAD_MTEXT_DEFINED_HEIGHT_BEGIN
1070
    46
1040
3.3495
1000
ACAD_MTEXT_DEFINED_HEIGHT_END
  0
MTEXT
  5
3DC
330
1F
100
AcDbEntity
  8
Border
  6
Continuous
370
    15
100
AcDbMText
 10
19.17475
 20
123.5
 30
0.0
 40
3.3495
 41
3.3495
 46
3.3495
 71
     6
 72
     1
  1
D
  7
Shapr0
 73
     1
 44
1.0
1001
ACAD
1000
ACAD_MTEXT_DEFINED_HEIGHT_BEGIN
1070
    46
1040
3.3495
1000
ACAD_MTEXT_DEFINED_HEIGHT_END
  0
MTEXT
  5
3DD
330
1F
100
AcDbEntity
  8
Border
  6
Continuous
370
    15
100
AcDbMText
 10
19.17475
 20
73.5
 30
0.0
 40
3.3495
 41
3.3495
 46
3.3495
 71
     6
 72
     1
  1
E
  7
Shapr0
 73
     1
 44
1.0
1001
ACAD
1000
ACAD_MTEXT_DEFINED_HEIGHT_BEGIN
1070
    46
1040
3.3495
1000
ACAD_MTEXT_DEFINED_HEIGHT_END
  0
MTEXT
  5
3DE
330
1F
100
AcDbEntity
  8
Border
  6
Continuous
370
    15
100
AcDbMText
 10
19.17475
 20
29.25
 30
0.0
 40
3.3495
 41
3.3495
 46
3.3495
 71
     6
 72
     1
  1
F
  7
Shapr0
 73
     1
 44
1.0
1001
ACAD
1000
ACAD_MTEXT_DEFINED_HEIGHT_BEGIN
1070
    46
1040
3.3495
1000
ACAD_MTEXT_DEFINED_HEIGHT_END
  0
INSERT
  5
3F9
330
1F
100
AcDbEntity
  8
0
100
AcDbBlockReference
  2
*U14
 10
0.0
 20
0.0
 30
0.0
  0
MTEXT
  5
3FA
330
1F
100
AcDbEntity
  8
Border
  6
Continuous
370
    15
100
AcDbMText
 10
360.0
 20
16.20425531914893
 30
0.0
 40
3.25
 41
0.0
 46
3.25
 71
     1
 72
     1
  1
08/30/26
  7
Shapr38
 73
     1
 44
1.0
1001
ACAD
1000
ACAD_MTEXT_DEFINED_HEIGHT_BEGIN
1070
    46
1040
3.25
1000
ACAD_MTEXT_DEFINED_HEIGHT_END
  0
MTEXT
  5
3FB
330
1F
100
AcDbEntity
  8
Border
  6
Continuous
370
    15
100
AcDbMText
 10
340.0
 20
43.75
 30
0.0
 40
1.65
 41
0.0
 46
1.65
 71
     1
 72
     1
  1
TITLE
  7
Shapr2
 73
     1
 44
1.0
1001
ACAD
1000
ACAD_MTEXT_DEFINED_HEIGHT_BEGIN
1070
    46
1040
1.65
1000
ACAD_MTEXT_DEFINED_HEIGHT_END
  0
MTEXT
  5
3FC
330
1F
100
AcDbEntity
  8
Border
  6
Continuous
370
    15
100
AcDbMText
 10
340.0
 20
40.31950354609929
 30
0.0
 40
3.25
 41
0.0
 46
3.25
 71
     1
 72
     1
  1
game-card-display_v2604…
  7
Shapr3
 73
     1
 44
1.0
1001
ACAD
1000
ACAD_MTEXT_DEFINED_HEIGHT_BEGIN
1070
    46
1040
3.25
1000
ACAD_MTEXT_DEFINED_HEIGHT_END
  0
MTEXT
  5
3FD
330
1F
100
AcDbEntity
  8
Border
  6
Continuous
370
    15
100
AcDbMText
 10
340.0
 20
31.78276595744681
 30
0.0
 40
1.65
 41
0.0
 46
1.65
 71
     1
 72
     1
  1
UNITS
  7
Shapr4
 73
     1
 44
1.0
1001
ACAD
1000
ACAD_MTEXT_DEFINED_HEIGHT_BEGIN
1070
    46
1040
1.65
1000
ACAD_MTEXT_DEFINED_HEIGHT_END
  0
MTEXT
  5
3FE
330
1F
100
AcDbEntity
  8
Border
  6
Continuous
370
    15
100
AcDbMText
 10
340.0
 20
27.9
 30
0.0
 40
3.25
 41
0.0
 46
3.25
 71
     1
 72
     1
  1
mm
  7
Shapr5
 73
     1
 44
1.0
1001
ACAD
1000
ACAD_MTEXT_DEFINED_HEIGHT_BEGIN
1070
    46
1040
3.25
1000
ACAD_MTEXT_DEFINED_HEIGHT_END
  0
MTEXT
  5
3FF
330
1F
100
AcDbEntity
  8
Border
  6
Continuous
370
    15
100
AcDbMText
 10
360.0
 20
31.78276595744681
 30
0.0
 40
1.65
 41
0.0
 46
1.65
 71
     1
 72
     1
  1
PROJ. ANG.
  7
Shapr6
 73
     1
 44
1.0
1001
ACAD
1000
ACAD_MTEXT_DEFINED_HEIGHT_BEGIN
1070
    46
1040
1.65
1000
ACAD_MTEXT_DEFINED_HEIGHT_END
  0
MTEXT
  5
400
330
1F
100
AcDbEntity
  8
Border
  6
Continuous
370
    15
100
AcDbMText
 10
392.0
 20
31.78276595744681
 30
0.0
 40
1.65
 41
0.0
 46
1.65
 71
     1
 72
     1
  1
SIZE
  7
Shapr7
 73
     1
 44
1.0
1001
ACAD
1000
ACAD_MTEXT_DEFINED_HEIGHT_BEGIN
1070
    46
1040
1.65
1000
ACAD_MTEXT_DEFINED_HEIGHT_END
  0
MTEXT
  5
401
330
1F
100
AcDbEntity
  8
Border
  6
Continuous
370
    15
100
AcDbMText
 10
392.0
 20
27.9645390070922
 30
0.0
 40
3.25
 41
0.0
 46
3.25
 71
     1
 72
     1
  1
A3
  7
Shapr8
 73
     1
 44
1.0
1001
ACAD
1000
ACAD_MTEXT_DEFINED_HEIGHT_BEGIN
1070
    46
1040
3.25
1000
ACAD_MTEXT_DEFINED_HEIGHT_END
  0
MTEXT
  5
402
330
1F
100
AcDbEntity
  8
Border
  6
Continuous
370
    15
100
AcDbMText
 10
340.0
 20
19.78276595744681
 30
0.0
 40
1.65
 41
0.0
 46
1.65
 71
     1
 72
     1
  1
SCALE
  7
Shapr9
 73
     1
 44
1.0
1001
ACAD
1000
ACAD_MTEXT_DEFINED_HEIGHT_BEGIN
1070
    46
1040
1.65
1000
ACAD_MTEXT_DEFINED_HEIGHT_END
  0
MTEXT
  5
403
330
1F
100
AcDbEntity
  8
Border
  6
Continuous
370
    15
100
AcDbMText
 10
340.0
 20
15.9645390070922
 30
0.0
 40
3.25
 41
0.0
 46
3.25
 71
     1
 72
     1
  1
1:2
  7
Shapr10
 73
     1
 44
1.0
1001
ACAD
1000
ACAD_MTEXT_DEFINED_HEIGHT_BEGIN
1070
    46
1040
3.25
1000
ACAD_MTEXT_DEFINED_HEIGHT_END
  0
MTEXT
  5
404
330
1F
100
AcDbEntity
  8
Border
  6
Continuous
370
    15
100
AcDbMText
 10
360.0
 20
19.78276595744681
 30
0.0
 40
1.65
 41
0.0
 46
1.65
 71
     1
 72
     1
  1
LAST UPDATED
  7
Shapr11
 73
     1
 44
1.0
1001
ACAD
1000
ACAD_MTEXT_DEFINED_HEIGHT_BEGIN
1070
    46
1040
1.65
1000
ACAD_MTEXT_DEFINED_HEIGHT_END
  0
MTEXT
  5
405
330
1F
100
AcDbEntity
  8
Border
  6
Continuous
370
    15
100
AcDbMText
 10
392.0
 20
19.78276595744681
 30
0.0
 40
1.65
 41
0.0
 46
1.65
 71
     1
 72
     1
  1
SHEET
  7
Shapr13
 73
     1
 44
1.0
1001
ACAD
1000
ACAD_MTEXT_DEFINED_HEIGHT_BEGIN
1070
    46
1040
1.65
1000
ACAD_MTEXT_DEFINED_HEIGHT_END
  0
MTEXT
  5
406
330
1F
100
AcDbEntity
  8
Border
  6
Continuous
370
    15
100
AcDbMText
 10
392.0
 20
16.20425531914893
 30
0.0
 40
3.25
 41
0.0
 46
3.25
 71
     1
 72
     1
  1
1/1
  7
Shapr14
 73
     1
 44
1.0
1001
ACAD
1000
ACAD_MTEXT_DEFINED_HEIGHT_BEGIN
1070
    46
1040
3.25
1000
ACAD_MTEXT_DEFINED_HEIGHT_END
  0
VIEWPORT
  5
91
330
8D
100
AcDbEntity
 67
     1
  8
0
100
AcDbViewport
 10
210.0
 20
148.5
 30
0.0
 40
420.0
 41
297.0
 68
     1
 69
     1
 12
210.0
 22
148.5
 13
0.0
 23
0.0
 14
10.0
 24
10.0
 15
10.0
 25
10.0
 16
0.0
 26
0.0
 36
1.0
 17
0.0
 27
0.0
 37
0.0
 42
50.0
 43
0.0
 44
0.0
 45
297.0
 50
0.0
 51
0.0
 72
   100
 90
   557152
  1

281
     0
 71
     1
 74
     0
110
0.0
120
0.0
130
0.0
111
1.0
121
0.0
131
0.0
112
0.0
122
1.0
132
0.0
 79
     0
146
0.0
170
     0
 61
     5
348
2F
292
     1
282
     1
141
0.0
142
0.0
 63
   256
361
92
  0
VIEWPORT
  5
93
330
8D
100
AcDbEntity
 67
     1
  8
0
100
AcDbViewport
 10
210.0
 20
148.5
 30
0.0
 40
420.0
 41
297.0
 68
     2
 69
     2
 12
210.0
 22
148.5
 13
0.0
 23
0.0
 14
10.0
 24
10.0
 15
10.0
 25
10.0
 16
0.0
 26
0.0
 36
1.0
 17
0.0
 27
0.0
 37
0.0
 42
50.0
 43
0.0
 44
0.0
 45
297.0
 50
0.0
 51
0.0
 72
   100
 90
   557152
  1

281
     0
 71
     1
 74
     0
110
0.0
120
0.0
130
0.0
111
1.0
121
0.0
131
0.0
112
0.0
122
1.0
132
0.0
 79
     0
146
0.0
170
     0
 61
     5
348
2F
292
     1
282
     1
141
0.0
142
0.0
 63
   256
361
94
  0
ENDSEC
  0
SECTION
  2
OBJECTS
  0
DICTIONARY
  5
C
330
0
100
AcDbDictionary
281
     1
  3
ACAD_DETAILVIEWSTYLE
350
43E
  3
ACAD_GROUP
350
D
  3
ACAD_LAYOUT
350
1A
  3
ACAD_MATERIAL
350
43
  3
ACAD_MLEADERSTYLE
350
5B
  3
ACAD_MLINESTYLE
350
17
  3
ACAD_PLOTSETTINGS
350
19
  3
ACAD_PLOTSTYLENAME
350
E
  3
ACAD_SCALELIST
350
47
  3
ACAD_SECTIONVIEWSTYLE
350
43F
  3
ACAD_TABLESTYLE
350
59
  3
ACAD_VISUALSTYLE
350
2A
  3
AcDbVariableDictionary
350
407
  3
ACDB_RECOMPOSE_DATA
350
43B
  0
SUN
  5
5D
330
29
100
AcDbSun
 90
        1
290
     0
 63
     7
421
 16777215
 40
1.0
291
     1
 91
  2455826
 92
 54000000
292
     0
 70
     2
 71
   256
280
     1
  0
SUN
  5
92
330
91
100
AcDbSun
 90
        1
290
     0
 63
     7
421
 16777215
 40
1.0
291
     1
 91
  2455826
 92
 54000000
292
     0
 70
     2
 71
   256
280
     1
  0
SUN
  5
94
330
93
100
AcDbSun
 90
        1
290
     0
 63
     7
421
 16777215
 40
1.0
291
     1
 91
  2455826
 92
 54000000
292
     0
 70
     2
 71
   256
280
     1
  0
DICTIONARY
  5
43E
102
{ACAD_REACTORS
330
C
102
}
330
C
100
AcDbDictionary
281
     1
  0
DICTIONARY
  5
D
102
{ACAD_REACTORS
330
C
102
}
330
C
100
AcDbDictionary
281
     1
  0
DICTIONARY
  5
1A
102
{ACAD_REACTORS
330
C
102
}
330
C
100
AcDbDictionary
281
     1
  3
Layout1
350
1E
  3
Layout2
350
26
  3
Model
350
22
  3
Sheet
350
8E
  0
DICTIONARY
  5
43
102
{ACAD_REACTORS
330
C
102
}
330
C
100
AcDbDictionary
281
     1
  3
ByBlock
350
45
  3
ByLayer
350
44
  3
Global
350
46
  0
DICTIONARY
  5
5B
102
{ACAD_REACTORS
330
C
102
}
330
C
100
AcDbDictionary
281
     1
  3
Standard
350
5C
  0
DICTIONARY
  5
17
102
{ACAD_REACTORS
330
C
102
}
330
C
100
AcDbDictionary
281
     1
  3
Standard
350
18
  0
DICTIONARY
  5
19
102
{ACAD_REACTORS
330
C
102
}
330
C
100
AcDbDictionary
281
     1
  0
ACDBDICTIONARYWDFLT
  5
E
102
{ACAD_REACTORS
330
C
102
}
330
C
100
AcDbDictionary
281
     1
  3
Normal
350
F
100
AcDbDictionaryWithDefault
340
F
  0
DICTIONARY
  5
47
102
{ACAD_REACTORS
330
C
102
}
330
C
100
AcDbDictionary
281
     1
  3
A0
350
48
  3
A1
350
49
  3
A2
350
4A
  3
A3
350
4B
  3
A4
350
4C
  3
A5
350
4D
  3
A6
350
4E
  3
A7
350
4F
  3
A8
350
50
  3
A9
350
51
  3
B0
350
52
  3
B1
350
53
  3
B2
350
54
  3
B3
350
55
  3
B4
350
56
  3
B5
350
57
  3
B6
350
58
  0
DICTIONARY
  5
43F
102
{ACAD_REACTORS
330
C
102
}
330
C
100
AcDbDictionary
281
     1
  0
DICTIONARY
  5
59
102
{ACAD_REACTORS
330
C
102
}
330
C
100
AcDbDictionary
281
     1
  3
Standard
350
5A
  0
DICTIONARY
  5
2A
102
{ACAD_REACTORS
330
C
102
}
330
C
100
AcDbDictionary
281
     1
  3
2dWireframe
350
2F
  3
Basic
350
32
  3
Brighten
350
36
  3
ColorChange
350
3A
  3
Conceptual
350
34
  3
Dim
350
35
  3
EdgeColorOff
350
3D
  3
Facepattern
350
39
  3
Flat
350
2B
  3
FlatWithEdges
350
2C
  3
Gouraud
350
2D
  3
GouraudWithEdges
350
2E
  3
Hidden
350
31
  3
JitterOff
350
3B
  3
Linepattern
350
38
  3
OverhangOff
350
3C
  3
Realistic
350
33
  3
Shaded
350
42
  3
Shaded with edges
350
41
  3
Shades of Gray
350
3E
  3
Sketchy
350
3F
  3
Thicken
350
37
  3
Wireframe
350
30
  3
X-Ray
350
40
  0
DICTIONARY
  5
407
102
{ACAD_REACTORS
330
C
102
}
330
C
100
AcDbDictionary
281
     1
  3
CANNOSCALE
350
408
  3
CENTEREXE
350
440
  3
CENTERLTYPEFILE
350
441
  3
CMLEADERSTYLE
350
43D
  3
CTABLESTYLE
350
43C
  0
XRECORD
  5
43B
102
{ACAD_REACTORS
330
C
102
}
330
C
100
AcDbXrecord
280
     1
 90
        1
330
5A
  0
LAYOUT
  5
1E
102
{ACAD_REACTORS
330
1A
102
}
330
1A
100
AcDbPlotSettings
  1

  2
none_device
  4

  6

 40
0.0
 41
0.0
 42
0.0
 43
0.0
 44
0.0
 45
0.0
 46
0.0
 47
0.0
 48
0.0
 49
0.0
140
0.0
141
0.0
142
1.0
143
1.0
 70
   688
 72
     1
 73
     0
 74
     5
  7

 75
    16
 76
     0
 77
     2
 78
   300
147
1.0
148
0.0
149
0.0
100
AcDbLayout
  1
Layout1
 70
     1
 71
     1
 10
0.0
 20
0.0
 11
420.0
 21
297.0
 12
0.0
 22
0.0
 32
0.0
 14
1.000000000000000E+20
 24
1.000000000000000E+20
 34
1.000000000000000E+20
 15
-1.000000000000000E+20
 25
-1.000000000000000E+20
 35
-1.000000000000000E+20
146
0.0
 13
0.0
 23
0.0
 33
0.0
 16
1.0
 26
0.0
 36
0.0
 17
0.0
 27
1.0
 37
0.0
 76
     0
330
1B
  0
LAYOUT
  5
26
102
{ACAD_REACTORS
330
1A
102
}
330
1A
100
AcDbPlotSettings
  1

  2
none_device
  4

  6

 40
0.0
 41
0.0
 42
0.0
 43
0.0
 44
0.0
 45
0.0
 46
0.0
 47
0.0
 48
0.0
 49
0.0
140
0.0
141
0.0
142
1.0
143
1.0
 70
   688
 72
     1
 73
     0
 74
     5
  7

 75
    16
 76
     0
 77
     2
 78
   300
147
1.0
148
0.0
149
0.0
100
AcDbLayout
  1
Layout2
 70
     1
 71
     2
 10
0.0
 20
0.0
 11
0.0
 21
0.0
 12
0.0
 22
0.0
 32
0.0
 14
0.0
 24
0.0
 34
0.0
 15
0.0
 25
0.0
 35
0.0
146
0.0
 13
0.0
 23
0.0
 33
0.0
 16
1.0
 26
0.0
 36
0.0
 17
0.0
 27
1.0
 37
0.0
 76
     0
330
23
  0
LAYOUT
  5
22
102
{ACAD_REACTORS
330
1A
102
}
330
1A
100
AcDbPlotSettings
  1

  2
none_device
  4
Letter_(8.50_x_11.00_Inches)
  6

 40
6.35
 41
6.35
 42
6.35000508
 43
6.35000508
 44
215.9
 45
279.4
 46
0.0
 47
0.0
 48
0.0
 49
0.0
140
0.0
141
0.0
142
1.0
143
1.0
 70
  1712
 72
     1
 73
     0
 74
     0
  7

 75
     0
 76
     0
 77
     2
 78
   300
147
1.0
148
0.0
149
0.0
100
AcDbLayout
  1
Model
 70
     1
 71
     0
 10
0.0
 20
0.0
 11
420.0
 21
297.0
 12
0.0
 22
0.0
 32
0.0
 14
1.000000000000000E+20
 24
1.000000000000000E+20
 34
1.000000000000000E+20
 15
-1.000000000000000E+20
 25
-1.000000000000000E+20
 35
-1.000000000000000E+20
146
0.0
 13
0.0
 23
0.0
 33
0.0
 16
1.0
 26
0.0
 36
0.0
 17
0.0
 27
1.0
 37
0.0
 76
     0
330
1F
331
29
  0
LAYOUT
  5
8E
102
{ACAD_REACTORS
330
1A
102
}
330
1A
100
AcDbPlotSettings
  1

  2
Custom Device
  4
CustomPaper_420.000000x297.000000mm
  6

 40
0.0
 41
0.0
 42
0.0
 43
0.0
 44
297.0
 45
420.0
 46
0.0
 47
0.0
 48
0.0
 49
0.0
140
0.0
141
0.0
142
1.0
143
1.0
 70
   672
 72
     1
 73
     1
 74
     5
  7

 75
    16
 76
     0
 77
     2
 78
   300
147
1.0
148
0.0
149
0.0
100
AcDbLayout
  1
Sheet
 70
     1
 71
     3
 10
-20.0
 20
-7.5
 11
277.0
 21
202.5
 12
0.0
 22
0.0
 32
0.0
 14
0.0
 24
0.0
 34
0.0
 15
0.0
 25
0.0
 35
0.0
146
0.0
 13
0.0
 23
0.0
 33
0.0
 16
1.0
 26
0.0
 36
0.0
 17
0.0
 27
1.0
 37
0.0
 76
     0
330
8D
331
91
  0
MATERIAL
  5
45
102
{ACAD_REACTORS
330
43
102
}
330
43
100
AcDbMaterial
  1
ByBlock
 72
     1
 94
      127
  0
MATERIAL
  5
44
102
{ACAD_REACTORS
330
43
102
}
330
43
100
AcDbMaterial
  1
ByLayer
 72
     1
 94
      127
  0
MATERIAL
  5
46
102
{ACAD_REACTORS
330
43
102
}
330
43
100
AcDbMaterial
  1
Global
 72
     1
 94
      127
  0
MLEADERSTYLE
  5
5C
102
{ACAD_REACTORS
330
5B
102
}
330
5B
100
AcDbMLeaderStyle
179
     2
170
     2
171
     1
172
     0
 90
        2
 40
0.0
 41
0.0
173
     1
 91
-1056964608
340
14
 92
       -2
290
     1
 42
2.0
291
     1
 43
8.0
  3
Standard
341
0
 44
4.0
300

342
11
174
     1
178
     6
175
     1
176
     0
 93
-1056964608
 45
4.0
292
     0
297
     0
 46
4.0
343
0
 94
-1056964608
 47
1.0
 49
1.0
140
1.0
293
     1
141
0.0
294
     1
177
     0
142
1.0
295
     0
296
     0
143
3.75
271
     0
272
     9
273
     9
  0
MLINESTYLE
  5
18
102
{ACAD_REACTORS
330
17
102
}
330
17
100
AcDbMlineStyle
  2
Standard
 70
     0
  3

 62
   256
 51
90.0
 52
90.0
 71
     2
 49
0.5
 62
   256
  6
BYLAYER
 49
-0.5
 62
   256
  6
BYLAYER
  0
ACDBPLACEHOLDER
  5
F
102
{ACAD_REACTORS
330
E
102
}
330
E
  0
SCALE
  5
48
102
{ACAD_REACTORS
330
47
102
}
330
47
100
AcDbScale
 70
     0
300
1:1
140
1.0
141
1.0
290
     1
  0
SCALE
  5
49
102
{ACAD_REACTORS
330
47
102
}
330
47
100
AcDbScale
 70
     0
300
1:2
140
1.0
141
2.0
290
     0
  0
SCALE
  5
4A
102
{ACAD_REACTORS
330
47
102
}
330
47
100
AcDbScale
 70
     0
300
1:4
140
1.0
141
4.0
290
     0
  0
SCALE
  5
4B
102
{ACAD_REACTORS
330
47
102
}
330
47
100
AcDbScale
 70
     0
300
1:5
140
1.0
141
5.0
290
     0
  0
SCALE
  5
4C
102
{ACAD_REACTORS
330
47
102
}
330
47
100
AcDbScale
 70
     0
300
1:8
140
1.0
141
8.0
290
     0
  0
SCALE
  5
4D
102
{ACAD_REACTORS
330
47
102
}
330
47
100
AcDbScale
 70
     0
300
1:10
140
1.0
141
10.0
290
     0
  0
SCALE
  5
4E
102
{ACAD_REACTORS
330
47
102
}
330
47
100
AcDbScale
 70
     0
300
1:16
140
1.0
141
16.0
290
     0
  0
SCALE
  5
4F
102
{ACAD_REACTORS
330
47
102
}
330
47
100
AcDbScale
 70
     0
300
1:20
140
1.0
141
20.0
290
     0
  0
SCALE
  5
50
102
{ACAD_REACTORS
330
47
102
}
330
47
100
AcDbScale
 70
     0
300
1:30
140
1.0
141
30.0
290
     0
  0
SCALE
  5
51
102
{ACAD_REACTORS
330
47
102
}
330
47
100
AcDbScale
 70
     0
300
1:40
140
1.0
141
40.0
290
     0
  0
SCALE
  5
52
102
{ACAD_REACTORS
330
47
102
}
330
47
100
AcDbScale
 70
     0
300
1:50
140
1.0
141
50.0
290
     0
  0
SCALE
  5
53
102
{ACAD_REACTORS
330
47
102
}
330
47
100
AcDbScale
 70
     0
300
1:100
140
1.0
141
100.0
290
     0
  0
SCALE
  5
54
102
{ACAD_REACTORS
330
47
102
}
330
47
100
AcDbScale
 70
     0
300
2:1
140
2.0
141
1.0
290
     0
  0
SCALE
  5
55
102
{ACAD_REACTORS
330
47
102
}
330
47
100
AcDbScale
 70
     0
300
4:1
140
4.0
141
1.0
290
     0
  0
SCALE
  5
56
102
{ACAD_REACTORS
330
47
102
}
330
47
100
AcDbScale
 70
     0
300
8:1
140
8.0
141
1.0
290
     0
  0
SCALE
  5
57
102
{ACAD_REACTORS
330
47
102
}
330
47
100
AcDbScale
 70
     0
300
10:1
140
10.0
141
1.0
290
     0
  0
SCALE
  5
58
102
{ACAD_REACTORS
330
47
102
}
330
47
100
AcDbScale
 70
     0
300
100:1
140
100.0
141
1.0
290
     0
  0
TABLESTYLE
  5
5A
102
{ACAD_REACTORS
330
59
102
}
102
{ACAD_XDICTIONARY
360
439
102
}
330
59
100
AcDbTableStyle
  3
Standard
 70
     0
 71
     0
 40
0.06
 41
0.06
280
     0
281
     0
  7
Standard
140
4.5
170
     2
 62
     0
 63
   257
283
     0
 90
        4
 91
        0
  1

274
    -2
284
     1
 64
     0
275
    -2
285
     1
 65
     0
276
    -2
286
     1
 66
     0
277
    -2
287
     1
 67
     0
278
    -2
288
     1
 68
     0
279
    -2
289
     1
 69
     0
  7
Standard
140
6.0
170
     5
 62
     0
 63
   257
283
     0
 90
        4
 91
        0
  1

274
    -2
284
     1
 64
     0
275
    -2
285
     1
 65
     0
276
    -2
286
     1
 66
     0
277
    -2
287
     1
 67
     0
278
    -2
288
     1
 68
     0
279
    -2
289
     1
 69
     0
  7
Standard
140
4.5
170
     5
 62
     0
 63
   257
283
     0
 90
        4
 91
        0
  1

274
    -2
284
     1
 64
     0
275
    -2
285
     1
 65
     0
276
    -2
286
     1
 66
     0
277
    -2
287
     1
 67
     0
278
    -2
288
     1
 68
     0
279
    -2
289
     1
 69
     0
  0
VISUALSTYLE
  5
2F
102
{ACAD_REACTORS
330
2A
102
}
102
{ACAD_XDICTIONARY
360
411
102
}
330
2A
100
AcDbVisualStyle
  2
2dWireframe
 70
     4
177
     2
291
     0
 71
     0
176
     1
 72
     2
176
     1
 73
     0
176
     1
 90
        0
176
     1
 40
0.6
176
     1
 41
30.0
176
     1
 62
     5
 63
     7
421
 16777215
176
     1
 74
     1
176
     1
 91
        4
176
     1
 64
     7
176
     1
 65
   257
176
     1
 75
     1
176
     1
175
     1
176
     1
 42
1.0
176
     1
 92
        0
176
     1
 66
   257
176
     1
 43
1.0
176
     1
 76
     1
176
     1
 77
     6
176
     1
 78
     2
176
     1
 67
     7
176
     1
 79
     5
176
     1
170
     0
176
     1
171
     0
176
     1
290
     0
176
     1
 93
        1
176
     1
 44
0.0
176
     1
173
     0
176
     1
  0
VISUALSTYLE
  5
32
102
{ACAD_REACTORS
330
2A
102
}
102
{ACAD_XDICTIONARY
360
417
102
}
330
2A
100
AcDbVisualStyle
  2
Basic
 70
     7
177
     2
291
     1
 71
     1
176
     1
 72
     0
176
     1
 73
     1
176
     1
 90
        0
176
     1
 40
0.6
176
     1
 41
30.0
176
     1
 62
     5
 63
     7
421
 16777215
176
     1
 74
     0
176
     1
 91
        4
176
     1
 64
     7
176
     1
 65
   257
176
     1
 75
     1
176
     1
175
     1
176
     1
 42
1.0
176
     1
 92
        8
176
     1
 66
     7
176
     1
 43
1.0
176
     1
 76
     1
176
     1
 77
     6
176
     1
 78
     2
176
     1
 67
     7
176
     1
 79
     5
176
     1
170
     0
176
     1
171
     0
176
     1
290
     0
176
     1
 93
        1
176
     1
 44
0.0
176
     1
173
     0
176
     1
  0
VISUALSTYLE
  5
36
102
{ACAD_REACTORS
330
2A
102
}
102
{ACAD_XDICTIONARY
360
41F
102
}
330
2A
100
AcDbVisualStyle
  2
Brighten
 70
    12
177
     2
291
     1
 71
     2
176
     1
 72
     2
176
     1
 73
     0
176
     1
 90
        0
176
     1
 40
0.6
176
     1
 41
30.0
176
     1
 62
     5
 63
     7
421
 16777215
176
     1
 74
     1
176
     1
 91
        4
176
     1
 64
     7
176
     1
 65
   257
176
     1
 75
     1
176
     1
175
     1
176
     1
 42
1.0
176
     1
 92
        8
176
     1
 66
     7
176
     1
 43
1.0
176
     1
 76
     1
176
     1
 77
     6
176
     1
 78
     2
176
     1
 67
     7
176
     1
 79
     5
176
     1
170
     0
176
     1
171
     0
176
     1
290
     0
176
     1
 93
        1
176
     1
 44
50.0
176
     1
173
     0
176
     1
  0
VISUALSTYLE
  5
3A
102
{ACAD_REACTORS
330
2A
102
}
102
{ACAD_XDICTIONARY
360
427
102
}
330
2A
100
AcDbVisualStyle
  2
ColorChange
 70
    16
177
     2
291
     1
 71
     2
176
     1
 72
     2
176
     1
 73
     3
176
     1
 90
        0
176
     1
 40
0.6
176
     1
 41
30.0
176
     1
 62
     5
 63
     8
421
  8421504
176
     1
 74
     1
176
     1
 91
        4
176
     1
 64
     7
176
     1
 65
   257
176
     1
 75
     1
176
     1
175
     1
176
     1
 42
1.0
176
     1
 92
        8
176
     1
 66
     8
424
  8421504
176
     1
 43
1.0
176
     1
 76
     1
176
     1
 77
     6
176
     1
 78
     2
176
     1
 67
     7
176
     1
 79
     5
176
     1
170
     0
176
     1
171
     0
176
     1
290
     0
176
     1
 93
        1
176
     1
 44
0.0
176
     1
173
     0
176
     1
  0
VISUALSTYLE
  5
34
102
{ACAD_REACTORS
330
2A
102
}
102
{ACAD_XDICTIONARY
360
41B
102
}
330
2A
100
AcDbVisualStyle
  2
Conceptual
 70
     9
177
     2
291
     0
 71
     3
176
     1
 72
     2
176
     1
 73
     0
176
     1
 90
        0
176
     1
 40
0.6
176
     1
 41
30.0
176
     1
 62
     5
 63
     7
421
 16777215
176
     1
 74
     2
176
     1
 91
        2
176
     1
 64
     7
176
     1
 65
   257
176
     1
 75
     1
176
     1
175
     1
176
     1
 42
179.0
176
     1
 92
        8
176
     1
 66
     7
176
     1
 43
1.0
176
     1
 76
     1
176
     1
 77
     6
176
     1
 78
     2
176
     1
 67
     7
176
     1
 79
     3
176
     1
170
     0
176
     1
171
     0
176
     1
290
     0
176
     1
 93
        1
176
     1
 44
0.0
176
     1
173
     0
176
     1
  0
VISUALSTYLE
  5
35
102
{ACAD_REACTORS
330
2A
102
}
102
{ACAD_XDICTIONARY
360
41D
102
}
330
2A
100
AcDbVisualStyle
  2
Dim
 70
    11
177
     2
291
     1
 71
     2
176
     1
 72
     2
176
     1
 73
     0
176
     1
 90
        0
176
     1
 40
0.6
176
     1
 41
30.0
176
     1
 62
     5
 63
     7
421
 16777215
176
     1
 74
     1
176
     1
 91
        4
176
     1
 64
     7
176
     1
 65
   257
176
     1
 75
     1
176
     1
175
     1
176
     1
 42
1.0
176
     1
 92
        8
176
     1
 66
     7
176
     1
 43
1.0
176
     1
 76
     1
176
     1
 77
     6
176
     1
 78
     2
176
     1
 67
     7
176
     1
 79
     5
176
     1
170
     0
176
     1
171
     0
176
     1
290
     0
176
     1
 93
        1
176
     1
 44
-50.0
176
     1
173
     0
176
     1
  0
VISUALSTYLE
  5
3D
102
{ACAD_REACTORS
330
2A
102
}
102
{ACAD_XDICTIONARY
360
42D
102
}
330
2A
100
AcDbVisualStyle
  2
EdgeColorOff
 70
    22
177
     2
291
     1
 71
     2
176
     0
 72
     2
176
     0
 73
     0
176
     0
 90
        0
176
     0
 40
0.6
176
     0
 41
30.0
176
     0
 62
     5
 63
     7
421
 16777215
176
     0
 74
     1
176
     0
 91
        4
176
     0
 64
     7
176
     0
 65
   257
176
     0
 75
     1
176
     0
175
     1
176
     0
 42
1.0
176
     0
 92
        8
176
     2
 66
     7
176
     0
 43
1.0
176
     0
 76
     1
176
     0
 77
     6
176
     0
 78
     2
176
     0
 67
     7
176
     0
 79
     5
176
     0
170
     0
176
     0
171
     0
176
     0
290
     0
176
     0
 93
        1
176
     0
 44
0.0
176
     0
173
     0
176
     0
  0
VISUALSTYLE
  5
39
102
{ACAD_REACTORS
330
2A
102
}
102
{ACAD_XDICTIONARY
360
425
102
}
330
2A
100
AcDbVisualStyle
  2
Facepattern
 70
    15
177
     2
291
     1
 71
     2
176
     1
 72
     2
176
     1
 73
     0
176
     1
 90
        0
176
     1
 40
0.6
176
     1
 41
30.0
176
     1
 62
     5
 63
     7
421
 16777215
176
     1
 74
     1
176
     1
 91
        4
176
     1
 64
     7
176
     1
 65
   257
176
     1
 75
     1
176
     1
175
     1
176
     1
 42
1.0
176
     1
 92
        8
176
     1
 66
     7
176
     1
 43
1.0
176
     1
 76
     1
176
     1
 77
     6
176
     1
 78
     2
176
     1
 67
     7
176
     1
 79
     5
176
     1
170
     0
176
     1
171
     0
176
     1
290
     0
176
     1
 93
        1
176
     1
 44
0.0
176
     1
173
     0
176
     1
  0
VISUALSTYLE
  5
2B
102
{ACAD_REACTORS
330
2A
102
}
102
{ACAD_XDICTIONARY
360
409
102
}
330
2A
100
AcDbVisualStyle
  2
Flat
 70
     0
177
     2
291
     1
 71
     2
176
     1
 72
     1
176
     1
 73
     1
176
     1
 90
        2
176
     1
 40
0.6
176
     1
 41
30.0
176
     1
 62
     5
 63
     7
421
 16777215
176
     1
 74
     0
176
     1
 91
        0
176
     1
 64
     7
176
     1
 65
   257
176
     1
 75
     1
176
     1
175
     1
176
     1
 42
1.0
176
     1
 92
        8
176
     1
 66
     7
176
     1
 43
1.0
176
     1
 76
     1
176
     1
 77
     6
176
     1
 78
     2
176
     1
 67
     7
176
     1
 79
     5
176
     1
170
     0
176
     1
171
     0
176
     1
290
     0
176
     1
 93
       13
176
     1
 44
0.0
176
     1
173
     0
176
     1
  0
VISUALSTYLE
  5
2C
102
{ACAD_REACTORS
330
2A
102
}
102
{ACAD_XDICTIONARY
360
40B
102
}
330
2A
100
AcDbVisualStyle
  2
FlatWithEdges
 70
     1
177
     2
291
     1
 71
     2
176
     1
 72
     1
176
     1
 73
     1
176
     1
 90
        2
176
     1
 40
0.6
176
     1
 41
30.0
176
     1
 62
     5
 63
     7
421
 16777215
176
     1
 74
     1
176
     1
 91
        0
176
     1
 64
     7
176
     1
 65
   257
176
     1
 75
     1
176
     1
175
     1
176
     1
 42
1.0
176
     1
 92
        0
176
     1
 66
   257
176
     1
 43
1.0
176
     1
 76
     1
176
     1
 77
     6
176
     1
 78
     2
176
     1
 67
     7
176
     1
 79
     5
176
     1
170
     0
176
     1
171
     0
176
     1
290
     0
176
     1
 93
       13
176
     1
 44
0.0
176
     1
173
     0
176
     1
  0
VISUALSTYLE
  5
2D
102
{ACAD_REACTORS
330
2A
102
}
102
{ACAD_XDICTIONARY
360
40D
102
}
330
2A
100
AcDbVisualStyle
  2
Gouraud
 70
     2
177
     2
291
     1
 71
     2
176
     1
 72
     2
176
     1
 73
     1
176
     1
 90
        2
176
     1
 40
0.6
176
     1
 41
30.0
176
     1
 62
     5
 63
     7
421
 16777215
176
     1
 74
     0
176
     1
 91
        0
176
     1
 64
     7
176
     1
 65
   257
176
     1
 75
     1
176
     1
175
     1
176
     1
 42
1.0
176
     1
 92
        0
176
     1
 66
     7
176
     1
 43
1.0
176
     1
 76
     1
176
     1
 77
     6
176
     1
 78
     2
176
     1
 67
     7
176
     1
 79
     5
176
     1
170
     0
176
     1
171
     0
176
     1
290
     0
176
     1
 93
       13
176
     1
 44
0.0
176
     1
173
     0
176
     1
  0
VISUALSTYLE
  5
2E
102
{ACAD_REACTORS
330
2A
102
}
102
{ACAD_XDICTIONARY
360
40F
102
}
330
2A
100
AcDbVisualStyle
  2
GouraudWithEdges
 70
     3
177
     2
291
     1
 71
     2
176
     1
 72
     2
176
     1
 73
     1
176
     1
 90
        2
176
     1
 40
0.6
176
     1
 41
30.0
176
     1
 62
     5
 63
     7
421
 16777215
176
     1
 74
     1
176
     1
 91
        0
176
     1
 64
     7
176
     1
 65
   257
176
     1
 75
     1
176
     1
175
     1
176
     1
 42
1.0
176
     1
 92
        0
176
     1
 66
   257
176
     1
 43
1.0
176
     1
 76
     1
176
     1
 77
     6
176
     1
 78
     2
176
     1
 67
     7
176
     1
 79
     5
176
     1
170
     0
176
     1
171
     0
176
     1
290
     0
176
     1
 93
       13
176
     1
 44
0.0
176
     1
173
     0
176
     1
  0
VISUALSTYLE
  5
31
102
{ACAD_REACTORS
330
2A
102
}
102
{ACAD_XDICTIONARY
360
415
102
}
330
2A
100
AcDbVisualStyle
  2
Hidden
 70
     6
177
     2
291
     0
 71
     1
176
     1
 72
     2
176
     1
 73
     2
176
     1
 90
        0
176
     1
 40
0.6
176
     1
 41
30.0
176
     1
 62
     5
 63
     7
421
 16777215
176
     1
 74
     2
176
     1
 91
        2
176
     1
 64
     7
176
     1
 65
   257
176
     1
 75
     2
176
     1
175
     1
176
     1
 42
40.0
176
     1
 92
        0
176
     1
 66
   257
176
     1
 43
1.0
176
     1
 76
     1
176
     1
 77
     6
176
     1
 78
     2
176
     1
 67
     7
176
     1
 79
     3
176
     1
170
     0
176
     1
171
     0
176
     1
290
     0
176
     1
 93
        1
176
     1
 44
0.0
176
     1
173
     0
176
     1
  0
VISUALSTYLE
  5
3B
102
{ACAD_REACTORS
330
2A
102
}
102
{ACAD_XDICTIONARY
360
429
102
}
330
2A
100
AcDbVisualStyle
  2
JitterOff
 70
    20
177
     2
291
     1
 71
     2
176
     0
 72
     2
176
     0
 73
     0
176
     0
 90
        0
176
     0
 40
0.6
176
     0
 41
30.0
176
     0
 62
     5
 63
     7
421
 16777215
176
     0
 74
     1
176
     0
 91
        4
176
     0
 64
     7
176
     0
 65
   257
176
     0
 75
     1
176
     0
175
     1
176
     0
 42
1.0
176
     0
 92
       10
176
     2
 66
     7
176
     0
 43
1.0
176
     0
 76
     1
176
     0
 77
     6
176
     0
 78
     2
176
     0
 67
     7
176
     0
 79
     5
176
     0
170
     0
176
     0
171
     0
176
     0
290
     0
176
     0
 93
        1
176
     0
 44
0.0
176
     0
173
     0
176
     0
  0
VISUALSTYLE
  5
38
102
{ACAD_REACTORS
330
2A
102
}
102
{ACAD_XDICTIONARY
360
423
102
}
330
2A
100
AcDbVisualStyle
  2
Linepattern
 70
    14
177
     2
291
     1
 71
     2
176
     1
 72
     2
176
     1
 73
     0
176
     1
 90
        0
176
     1
 40
0.6
176
     1
 41
30.0
176
     1
 62
     5
 63
     7
421
 16777215
176
     1
 74
     1
176
     1
 91
        4
176
     1
 64
     7
176
     1
 65
   257
176
     1
 75
     7
176
     1
175
     7
176
     1
 42
1.0
176
     1
 92
        8
176
     1
 66
     7
176
     1
 43
1.0
176
     1
 76
     1
176
     1
 77
     6
176
     1
 78
     2
176
     1
 67
     7
176
     1
 79
     5
176
     1
170
     0
176
     1
171
     0
176
     1
290
     0
176
     1
 93
        1
176
     1
 44
0.0
176
     1
173
     0
176
     1
  0
VISUALSTYLE
  5
3C
102
{ACAD_REACTORS
330
2A
102
}
102
{ACAD_XDICTIONARY
360
42B
102
}
330
2A
100
AcDbVisualStyle
  2
OverhangOff
 70
    21
177
     2
291
     1
 71
     2
176
     0
 72
     2
176
     0
 73
     0
176
     0
 90
        0
176
     0
 40
0.6
176
     0
 41
30.0
176
     0
 62
     5
 63
     7
421
 16777215
176
     0
 74
     1
176
     0
 91
        4
176
     0
 64
     7
176
     0
 65
   257
176
     0
 75
     1
176
     0
175
     1
176
     0
 42
1.0
176
     0
 92
        9
176
     2
 66
     7
176
     0
 43
1.0
176
     0
 76
     1
176
     0
 77
     6
176
     0
 78
     2
176
     0
 67
     7
176
     0
 79
     5
176
     0
170
     0
176
     0
171
     0
176
     0
290
     0
176
     0
 93
        1
176
     0
 44
0.0
176
     0
173
     0
176
     0
  0
VISUALSTYLE
  5
33
102
{ACAD_REACTORS
330
2A
102
}
102
{ACAD_XDICTIONARY
360
419
102
}
330
2A
100
AcDbVisualStyle
  2
Realistic
 70
     8
177
     2
291
     0
 71
     2
176
     1
 72
     3
176
     1
 73
     0
176
     1
 90
        2
176
     1
 40
0.6
176
     1
 41
30.0
176
     1
 62
     5
 63
     7
421
 16777215
176
     1
 74
     0
176
     1
 91
        0
176
     1
 64
     7
176
     1
 65
   257
176
     1
 75
     1
176
     1
175
     1
176
     1
 42
1.0
176
     1
 92
        8
176
     1
 66
   257
176
     1
 43
1.0
176
     1
 76
     1
176
     1
 77
     6
176
     1
 78
     2
176
     1
 67
     7
176
     1
 79
     3
176
     1
170
     0
176
     1
171
     0
176
     1
290
     0
176
     1
 93
       13
176
     1
 44
0.0
176
     1
173
     0
176
     1
  0
VISUALSTYLE
  5
42
102
{ACAD_REACTORS
330
2A
102
}
102
{ACAD_XDICTIONARY
360
437
102
}
330
2A
100
AcDbVisualStyle
  2
Shaded
 70
    27
177
     2
291
     0
 71
     2
176
     1
 72
     2
176
     1
 73
     1
176
     1
 90
        2
176
     1
 40
0.6
176
     1
 41
30.0
176
     1
 62
     5
 63
     7
421
 16777215
176
     1
 74
     0
176
     1
 91
        4
176
     1
 64
     7
176
     1
 65
   257
176
     1
 75
     1
176
     1
175
     1
176
     1
 42
1.0
176
     1
 92
        8
176
     1
 66
   257
176
     1
 43
1.0
176
     1
 76
     1
176
     1
 77
     6
176
     1
 78
     2
176
     1
 67
     8
425
  7895160
176
     1
 79
     3
176
     1
170
     0
176
     1
171
     0
176
     1
290
     0
176
     1
 93
        5
176
     1
 44
0.0
176
     1
173
     0
176
     1
  0
VISUALSTYLE
  5
41
102
{ACAD_REACTORS
330
2A
102
}
102
{ACAD_XDICTIONARY
360
435
102
}
330
2A
100
AcDbVisualStyle
  2
Shaded with edges
 70
    26
177
     2
291
     0
 71
     2
176
     1
 72
     2
176
     1
 73
     1
176
     1
 90
        2
176
     1
 40
0.6
176
     1
 41
30.0
176
     1
 62
     5
 63
     7
421
 16777215
176
     1
 74
     1
176
     1
 91
       10
176
     1
 64
     7
176
     1
 65
   257
176
     1
 75
     2
176
     1
175
     1
176
     1
 42
1.0
176
     1
 92
        8
176
     1
 66
   257
176
     1
 43
1.0
176
     1
 76
     1
176
     1
 77
     6
176
     1
 78
     2
176
     1
 67
     7
176
     1
 79
     3
176
     1
170
     0
176
     1
171
     0
176
     1
290
     0
176
     1
 93
        5
176
     1
 44
0.0
176
     1
173
     0
176
     1
  0
VISUALSTYLE
  5
3E
102
{ACAD_REACTORS
330
2A
102
}
102
{ACAD_XDICTIONARY
360
42F
102
}
330
2A
100
AcDbVisualStyle
  2
Shades of Gray
 70
    23
177
     2
291
     0
 71
     2
176
     1
 72
     2
176
     1
 73
     3
176
     1
 90
        0
176
     1
 40
0.6
176
     1
 41
30.0
176
     1
 62
     5
 63
     7
421
 16777215
176
     1
 74
     2
176
     1
 91
        2
176
     1
 64
     7
176
     1
 65
     7
176
     1
 75
     1
176
     1
175
     1
176
     1
 42
40.0
176
     1
 92
        8
176
     1
 66
     7
176
     1
 43
1.0
176
     1
 76
     1
176
     1
 77
     6
176
     1
 78
     2
176
     1
 67
     7
176
     1
 79
     3
176
     1
170
     0
176
     1
171
     0
176
     1
290
     0
176
     1
 93
        1
176
     1
 44
0.0
176
     1
173
     0
176
     1
  0
VISUALSTYLE
  5
3F
102
{ACAD_REACTORS
330
2A
102
}
102
{ACAD_XDICTIONARY
360
431
102
}
330
2A
100
AcDbVisualStyle
  2
Sketchy
 70
    24
177
     2
291
     0
 71
     1
176
     1
 72
     2
176
     1
 73
     2
176
     1
 90
        0
176
     1
 40
0.6
176
     1
 41
30.0
176
     1
 62
     5
 63
     7
421
 16777215
176
     1
 74
     2
176
     1
 91
        2
176
     1
 64
     7
176
     1
 65
     7
176
     1
 75
     1
176
     1
175
     1
176
     1
 42
40.0
176
     1
 92
       11
176
     1
 66
     7
176
     1
 43
1.0
176
     1
 76
     1
176
     1
 77
     6
176
     1
 78
     2
176
     1
 67
     7
176
     1
 79
     6
176
     1
170
     0
176
     1
171
     0
176
     1
290
     0
176
     1
 93
        1
176
     1
 44
0.0
176
     1
173
     0
176
     1
  0
VISUALSTYLE
  5
37
102
{ACAD_REACTORS
330
2A
102
}
102
{ACAD_XDICTIONARY
360
421
102
}
330
2A
100
AcDbVisualStyle
  2
Thicken
 70
    13
177
     2
291
     1
 71
     2
176
     1
 72
     2
176
     1
 73
     0
176
     1
 90
        0
176
     1
 40
0.6
176
     1
 41
30.0
176
     1
 62
     5
 63
     7
421
 16777215
176
     1
 74
     1
176
     1
 91
        4
176
     1
 64
     7
176
     1
 65
   257
176
     1
 75
     1
176
     1
175
     1
176
     1
 42
1.0
176
     1
 92
       12
176
     1
 66
     7
176
     1
 43
1.0
176
     1
 76
     1
176
     1
 77
     6
176
     1
 78
     2
176
     1
 67
     7
176
     1
 79
     5
176
     1
170
     0
176
     1
171
     0
176
     1
290
     0
176
     1
 93
        1
176
     1
 44
0.0
176
     1
173
     0
176
     1
  0
VISUALSTYLE
  5
30
102
{ACAD_REACTORS
330
2A
102
}
102
{ACAD_XDICTIONARY
360
413
102
}
330
2A
100
AcDbVisualStyle
  2
Wireframe
 70
     5
177
     2
291
     0
 71
     0
176
     1
 72
     2
176
     1
 73
     0
176
     1
 90
        0
176
     1
 40
0.6
176
     1
 41
30.0
176
     1
 62
     5
 63
     7
421
 16777215
176
     1
 74
     1
176
     1
 91
        4
176
     1
 64
     7
176
     1
 65
   257
176
     1
 75
     1
176
     1
175
     1
176
     1
 42
1.0
176
     1
 92
        0
176
     1
 66
   257
176
     1
 43
1.0
176
     1
 76
     1
176
     1
 77
     6
176
     1
 78
     2
176
     1
 67
     7
176
     1
 79
     3
176
     1
170
     0
176
     1
171
     0
176
     1
290
     0
176
     1
 93
        1
176
     1
 44
0.0
176
     1
173
     0
176
     1
  0
VISUALSTYLE
  5
40
102
{ACAD_REACTORS
330
2A
102
}
102
{ACAD_XDICTIONARY
360
433
102
}
330
2A
100
AcDbVisualStyle
  2
X-Ray
 70
    25
177
     2
291
     0
 71
     2
176
     1
 72
     2
176
     1
 73
     1
176
     1
 90
        1
176
     1
 40
0.5
176
     1
 41
30.0
176
     1
 62
     5
 63
     7
421
 16777215
176
     1
 74
     1
176
     1
 91
        0
176
     1
 64
     7
176
     1
 65
   257
176
     1
 75
     1
176
     1
175
     1
176
     1
 42
1.0
176
     1
 92
        8
176
     1
 66
     7
176
     1
 43
1.0
176
     1
 76
     1
176
     1
 77
     6
176
     1
 78
     2
176
     1
 67
     7
176
     1
 79
     3
176
     1
170
     0
176
     1
171
     0
176
     1
290
     0
176
     1
 93
       13
176
     1
 44
0.0
176
     1
173
     0
176
     1
  0
DICTIONARYVAR
  5
408
102
{ACAD_REACTORS
330
407
102
}
330
407
100
DictionaryVariables
280
     0
  1
1:1
  0
DICTIONARYVAR
  5
440
102
{ACAD_REACTORS
330
407
102
}
330
407
100
DictionaryVariables
280
     0
  1
3.500000
  0
DICTIONARYVAR
  5
441
102
{ACAD_REACTORS
330
407
102
}
330
407
100
DictionaryVariables
280
     0
  1
acadiso.lin
  0
DICTIONARYVAR
  5
43D
102
{ACAD_REACTORS
330
407
102
}
330
407
100
DictionaryVariables
280
     0
  1
Standard
  0
DICTIONARYVAR
  5
43C
102
{ACAD_REACTORS
330
407
102
}
330
407
100
DictionaryVariables
280
     0
  1
Standard
  0
DICTIONARY
  5
439
330
5A
100
AcDbDictionary
280
     1
281
     1
  3
ACAD_ROUNDTRIP_2008_TABLESTYLE_CELLSTYLEMAP
360
43A
  0
DICTIONARY
  5
411
330
2F
100
AcDbDictionary
280
     1
281
     1
  3
ACAD_XREC_ROUNDTRIP
360
412
  0
DICTIONARY
  5
417
330
32
100
AcDbDictionary
280
     1
281
     1
  3
ACAD_XREC_ROUNDTRIP
360
418
  0
DICTIONARY
  5
41F
330
36
100
AcDbDictionary
280
     1
281
     1
  3
ACAD_XREC_ROUNDTRIP
360
420
  0
DICTIONARY
  5
427
330
3A
100
AcDbDictionary
280
     1
281
     1
  3
ACAD_XREC_ROUNDTRIP
360
428
  0
DICTIONARY
  5
41B
330
34
100
AcDbDictionary
280
     1
281
     1
  3
ACAD_XREC_ROUNDTRIP
360
41C
  0
DICTIONARY
  5
41D
330
35
100
AcDbDictionary
280
     1
281
     1
  3
ACAD_XREC_ROUNDTRIP
360
41E
  0
DICTIONARY
  5
42D
330
3D
100
AcDbDictionary
280
     1
281
     1
  3
ACAD_XREC_ROUNDTRIP
360
42E
  0
DICTIONARY
  5
425
330
39
100
AcDbDictionary
280
     1
281
     1
  3
ACAD_XREC_ROUNDTRIP
360
426
  0
DICTIONARY
  5
409
330
2B
100
AcDbDictionary
280
     1
281
     1
  3
ACAD_XREC_ROUNDTRIP
360
40A
  0
DICTIONARY
  5
40B
330
2C
100
AcDbDictionary
280
     1
281
     1
  3
ACAD_XREC_ROUNDTRIP
360
40C
  0
DICTIONARY
  5
40D
330
2D
100
AcDbDictionary
280
     1
281
     1
  3
ACAD_XREC_ROUNDTRIP
360
40E
  0
DICTIONARY
  5
40F
330
2E
100
AcDbDictionary
280
     1
281
     1
  3
ACAD_XREC_ROUNDTRIP
360
410
  0
DICTIONARY
  5
415
330
31
100
AcDbDictionary
280
     1
281
     1
  3
ACAD_XREC_ROUNDTRIP
360
416
  0
DICTIONARY
  5
429
330
3B
100
AcDbDictionary
280
     1
281
     1
  3
ACAD_XREC_ROUNDTRIP
360
42A
  0
DICTIONARY
  5
423
330
38
100
AcDbDictionary
280
     1
281
     1
  3
ACAD_XREC_ROUNDTRIP
360
424
  0
DICTIONARY
  5
42B
330
3C
100
AcDbDictionary
280
     1
281
     1
  3
ACAD_XREC_ROUNDTRIP
360
42C
  0
DICTIONARY
  5
419
330
33
100
AcDbDictionary
280
     1
281
     1
  3
ACAD_XREC_ROUNDTRIP
360
41A
  0
DICTIONARY
  5
437
330
42
100
AcDbDictionary
280
     1
281
     1
  3
ACAD_XREC_ROUNDTRIP
360
438
  0
DICTIONARY
  5
435
330
41
100
AcDbDictionary
280
     1
281
     1
  3
ACAD_XREC_ROUNDTRIP
360
436
  0
DICTIONARY
  5
42F
330
3E
100
AcDbDictionary
280
     1
281
     1
  3
ACAD_XREC_ROUNDTRIP
360
430
  0
DICTIONARY
  5
431
330
3F
100
AcDbDictionary
280
     1
281
     1
  3
ACAD_XREC_ROUNDTRIP
360
432
  0
DICTIONARY
  5
421
330
37
100
AcDbDictionary
280
     1
281
     1
  3
ACAD_XREC_ROUNDTRIP
360
422
  0
DICTIONARY
  5
413
330
30
100
AcDbDictionary
280
     1
281
     1
  3
ACAD_XREC_ROUNDTRIP
360
414
  0
DICTIONARY
  5
433
330
40
100
AcDbDictionary
280
     1
281
     1
  3
ACAD_XREC_ROUNDTRIP
360
434
  0
CELLSTYLEMAP
  5
43A
102
{ACAD_REACTORS
330
439
102
}
330
439
100
AcDbCellStyleMap
 90
        3
300
CELLSTYLE
  1
TABLEFORMAT_BEGIN
 90
        5
170
     1
 91
        0
 92
    32768
 62
   257
 93
        1
300
CONTENTFORMAT
  1
CONTENTFORMAT_BEGIN
 90
        0
 91
        0
 92
        4
 93
        0
300

 40
0.0
140
1.0
 94
        5
 62
     0
340
11
144
6.0
309
CONTENTFORMAT_END
171
     1
301
MARGIN
  1
CELLMARGIN_BEGIN
 40
1.5
 40
1.5
 40
1.5
 40
1.5
 40
1.5
 40
1.5
309
CELLMARGIN_END
 94
        6
 95
        1
302
GRIDFORMAT
  1
GRIDFORMAT_BEGIN
 90
        0
 91
        1
 62
     0
 92
       -2
340
14
 93
        0
 40
0.045
309
GRIDFORMAT_END
 95
        2
302
GRIDFORMAT
  1
GRIDFORMAT_BEGIN
 90
        0
 91
        1
 62
     0
 92
       -2
340
14
 93
        0
 40
0.045
309
GRIDFORMAT_END
 95
        4
302
GRIDFORMAT
  1
GRIDFORMAT_BEGIN
 90
        0
 91
        1
 62
     0
 92
       -2
340
14
 93
        0
 40
0.045
309
GRIDFORMAT_END
 95
        8
302
GRIDFORMAT
  1
GRIDFORMAT_BEGIN
 90
        0
 91
        1
 62
     0
 92
       -2
340
14
 93
        0
 40
0.045
309
GRIDFORMAT_END
 95
       16
302
GRIDFORMAT
  1
GRIDFORMAT_BEGIN
 90
        0
 91
        1
 62
     0
 92
       -2
340
14
 93
        0
 40
0.045
309
GRIDFORMAT_END
 95
       32
302
GRIDFORMAT
  1
GRIDFORMAT_BEGIN
 90
        0
 91
        1
 62
     0
 92
       -2
340
14
 93
        0
 40
0.045
309
GRIDFORMAT_END
309
TABLEFORMAT_END
  1
CELLSTYLE_BEGIN
 90
        1
 91
        1
300
_TITLE
309
CELLSTYLE_END
300
CELLSTYLE
  1
TABLEFORMAT_BEGIN
 90
        5
170
     1
 91
        0
 92
        0
 62
   257
 93
        1
300
CONTENTFORMAT
  1
CONTENTFORMAT_BEGIN
 90
        0
 91
        0
 92
        4
 93
        0
300

 40
0.0
140
1.0
 94
        5
 62
     0
340
11
144
4.5
309
CONTENTFORMAT_END
171
     1
301
MARGIN
  1
CELLMARGIN_BEGIN
 40
1.5
 40
1.5
 40
1.5
 40
1.5
 40
1.5
 40
1.5
309
CELLMARGIN_END
 94
        6
 95
        1
302
GRIDFORMAT
  1
GRIDFORMAT_BEGIN
 90
        0
 91
        1
 62
     0
 92
       -2
340
14
 93
        0
 40
0.045
309
GRIDFORMAT_END
 95
        2
302
GRIDFORMAT
  1
GRIDFORMAT_BEGIN
 90
        0
 91
        1
 62
     0
 92
       -2
340
14
 93
        0
 40
0.045
309
GRIDFORMAT_END
 95
        4
302
GRIDFORMAT
  1
GRIDFORMAT_BEGIN
 90
        0
 91
        1
 62
     0
 92
       -2
340
14
 93
        0
 40
0.045
309
GRIDFORMAT_END
 95
        8
302
GRIDFORMAT
  1
GRIDFORMAT_BEGIN
 90
        0
 91
        1
 62
     0
 92
       -2
340
14
 93
        0
 40
0.045
309
GRIDFORMAT_END
 95
       16
302
GRIDFORMAT
  1
GRIDFORMAT_BEGIN
 90
        0
 91
        1
 62
     0
 92
       -2
340
14
 93
        0
 40
0.045
309
GRIDFORMAT_END
 95
       32
302
GRIDFORMAT
  1
GRIDFORMAT_BEGIN
 90
        0
 91
        1
 62
     0
 92
       -2
340
14
 93
        0
 40
0.045
309
GRIDFORMAT_END
309
TABLEFORMAT_END
  1
CELLSTYLE_BEGIN
 90
        2
 91
        1
300
_HEADER
309
CELLSTYLE_END
300
CELLSTYLE
  1
TABLEFORMAT_BEGIN
 90
        5
170
     1
 91
        0
 92
        0
 62
   257
 93
        1
300
CONTENTFORMAT
  1
CONTENTFORMAT_BEGIN
 90
        0
 91
        0
 92
        4
 93
        0
300

 40
0.0
140
1.0
 94
        2
 62
     0
340
11
144
4.5
309
CONTENTFORMAT_END
171
     1
301
MARGIN
  1
CELLMARGIN_BEGIN
 40
1.5
 40
1.5
 40
1.5
 40
1.5
 40
1.5
 40
1.5
309
CELLMARGIN_END
 94
        6
 95
        1
302
GRIDFORMAT
  1
GRIDFORMAT_BEGIN
 90
        0
 91
        1
 62
     0
 92
       -2
340
14
 93
        0
 40
0.045
309
GRIDFORMAT_END
 95
        2
302
GRIDFORMAT
  1
GRIDFORMAT_BEGIN
 90
        0
 91
        1
 62
     0
 92
       -2
340
14
 93
        0
 40
0.045
309
GRIDFORMAT_END
 95
        4
302
GRIDFORMAT
  1
GRIDFORMAT_BEGIN
 90
        0
 91
        1
 62
     0
 92
       -2
340
14
 93
        0
 40
0.045
309
GRIDFORMAT_END
 95
        8
302
GRIDFORMAT
  1
GRIDFORMAT_BEGIN
 90
        0
 91
        1
 62
     0
 92
       -2
340
14
 93
        0
 40
0.045
309
GRIDFORMAT_END
 95
       16
302
GRIDFORMAT
  1
GRIDFORMAT_BEGIN
 90
        0
 91
        1
 62
     0
 92
       -2
340
14
 93
        0
 40
0.045
309
GRIDFORMAT_END
 95
       32
302
GRIDFORMAT
  1
GRIDFORMAT_BEGIN
 90
        0
 91
        1
 62
     0
 92
       -2
340
14
 93
        0
 40
0.045
309
GRIDFORMAT_END
309
TABLEFORMAT_END
  1
CELLSTYLE_BEGIN
 90
        3
 91
        2
300
_DATA
309
CELLSTYLE_END
  0
XRECORD
  5
412
102
{ACAD_REACTORS
330
411
102
}
330
411
100
AcDbXrecord
280
     1
102
RTVSPost2010Prop28
280
     1
102
RTVSPost2010PropOp28
 70
     1
102
RTVSPost2010Prop29
280
     1
102
RTVSPost2010PropOp29
 70
     1
102
RTVSPost2010Prop30
280
     0
102
RTVSPost2010PropOp30
 70
     1
102
RTVSPost2010Prop31
280
     0
102
RTVSPost2010PropOp31
 70
     1
102
RTVSPost2010Prop32
280
     0
102
RTVSPost2010PropOp32
 70
     1
102
RTVSPost2010Prop33
280
     0
102
RTVSPost2010PropOp33
 70
     1
102
RTVSPost2010Prop34
280
     0
102
RTVSPost2010PropOp34
 70
     1
102
RTVSPost2010Prop35
280
     0
102
RTVSPost2010PropOp35
 70
     1
102
RTVSPost2010Prop36
280
     0
102
RTVSPost2010PropOp36
 70
     1
102
RTVSPost2010Prop37
 90
       50
102
RTVSPost2010PropOp37
 70
     1
102
RTVSPost2010Prop38
140
0.0
102
RTVSPost2010PropOp38
 70
     1
102
RTVSPost2010Prop39
140
1.0
102
RTVSPost2010PropOp39
 70
     1
102
RTVSPost2010Prop40
 90
        0
102
RTVSPost2010PropOp40
 70
     1
102
RTVSPost2010Prop41ColorIndex
 90
       18
102
RTVSPost2010Prop41ColorRGB
 90
        0
102
RTVSPost2010PropOp41
 70
     1
102
RTVSPost2010Prop42
 90
       50
102
RTVSPost2010PropOp42
 70
     1
102
RTVSPost2010Prop43
 90
        3
102
RTVSPost2010PropOp43
 70
     1
102
RTVSPost2010Prop44ColorIndex
 90
        5
102
RTVSPost2010Prop44ColorRGB
 90
      255
102
RTVSPost2010PropOp44
 70
     1
102
RTVSPost2010Prop45
280
     0
102
RTVSPost2010PropOp45
 70
     1
102
RTVSPost2010Prop46
 90
       50
102
RTVSPost2010PropOp46
 70
     1
102
RTVSPost2010Prop47
 90
       50
102
RTVSPost2010PropOp47
 70
     1
102
RTVSPost2010Prop48
 90
       50
102
RTVSPost2010PropOp48
 70
     1
102
RTVSPost2010Prop49
280
     0
102
RTVSPost2010PropOp49
 70
     1
102
RTVSPost2010Prop50
 90
       50
102
RTVSPost2010PropOp50
 70
     1
102
RTVSPost2010Prop51ColorIndex
 90
      256
102
RTVSPost2010Prop51ColorRGB
 90
-16777216
102
RTVSPost2010PropOp51
 70
     0
102
RTVSPost2010Prop52
140
1.0
102
RTVSPost2010PropOp52
 70
     0
102
RTVSPost2010Prop53
 90
        2
102
RTVSPost2010PropOp53
 70
     1
102
RTVSPost2010Prop54
  1
strokes_ogs.tif
102
RTVSPost2010PropOp54
 70
     1
102
RTVSPost2010Prop55
280
     0
102
RTVSPost2010PropOp55
 70
     1
102
RTVSPost2010Prop56
140
1.0
102
RTVSPost2010PropOp56
 70
     1
102
RTVSPost2010Prop57
140
1.0
102
RTVSPost2010PropOp57
 70
     1
  0
XRECORD
  5
418
102
{ACAD_REACTORS
330
417
102
}
330
417
100
AcDbXrecord
280
     1
102
RTVSPost2010Prop28
280
     0
102
RTVSPost2010PropOp28
 70
     1
102
RTVSPost2010Prop29
280
     1
102
RTVSPost2010PropOp29
 70
     1
102
RTVSPost2010Prop30
280
     1
102
RTVSPost2010PropOp30
 70
     1
102
RTVSPost2010Prop31
280
     0
102
RTVSPost2010PropOp31
 70
     1
102
RTVSPost2010Prop32
280
     0
102
RTVSPost2010PropOp32
 70
     1
102
RTVSPost2010Prop33
280
     0
102
RTVSPost2010PropOp33
 70
     1
102
RTVSPost2010Prop34
280
     0
102
RTVSPost2010PropOp34
 70
     1
102
RTVSPost2010Prop35
280
     0
102
RTVSPost2010PropOp35
 70
     1
102
RTVSPost2010Prop36
280
     0
102
RTVSPost2010PropOp36
 70
     1
102
RTVSPost2010Prop37
 90
       50
102
RTVSPost2010PropOp37
 70
     1
102
RTVSPost2010Prop38
140
0.0
102
RTVSPost2010PropOp38
 70
     1
102
RTVSPost2010Prop39
140
1.0
102
RTVSPost2010PropOp39
 70
     1
102
RTVSPost2010Prop40
 90
        0
102
RTVSPost2010PropOp40
 70
     1
102
RTVSPost2010Prop41ColorIndex
 90
       18
102
RTVSPost2010Prop41ColorRGB
 90
        0
102
RTVSPost2010PropOp41
 70
     1
102
RTVSPost2010Prop42
 90
       50
102
RTVSPost2010PropOp42
 70
     1
102
RTVSPost2010Prop43
 90
        3
102
RTVSPost2010PropOp43
 70
     1
102
RTVSPost2010Prop44ColorIndex
 90
        5
102
RTVSPost2010Prop44ColorRGB
 90
      255
102
RTVSPost2010PropOp44
 70
     1
102
RTVSPost2010Prop45
280
     0
102
RTVSPost2010PropOp45
 70
     1
102
RTVSPost2010Prop46
 90
       50
102
RTVSPost2010PropOp46
 70
     1
102
RTVSPost2010Prop47
 90
       50
102
RTVSPost2010PropOp47
 70
     1
102
RTVSPost2010Prop48
 90
       50
102
RTVSPost2010PropOp48
 70
     1
102
RTVSPost2010Prop49
280
     0
102
RTVSPost2010PropOp49
 70
     1
102
RTVSPost2010Prop50
 90
       50
102
RTVSPost2010PropOp50
 70
     1
102
RTVSPost2010Prop51ColorIndex
 90
      256
102
RTVSPost2010Prop51ColorRGB
 90
-16777216
102
RTVSPost2010PropOp51
 70
     0
102
RTVSPost2010Prop52
140
1.0
102
RTVSPost2010PropOp52
 70
     0
102
RTVSPost2010Prop53
 90
        2
102
RTVSPost2010PropOp53
 70
     1
102
RTVSPost2010Prop54
  1
strokes_ogs.tif
102
RTVSPost2010PropOp54
 70
     1
102
RTVSPost2010Prop55
280
     0
102
RTVSPost2010PropOp55
 70
     1
102
RTVSPost2010Prop56
140
1.0
102
RTVSPost2010PropOp56
 70
     1
102
RTVSPost2010Prop57
140
1.0
102
RTVSPost2010PropOp57
 70
     1
  0
XRECORD
  5
420
102
{ACAD_REACTORS
330
41F
102
}
330
41F
100
AcDbXrecord
280
     1
102
RTVSPost2010Prop28
280
     0
102
RTVSPost2010PropOp28
 70
     1
102
RTVSPost2010Prop29
280
     1
102
RTVSPost2010PropOp29
 70
     1
102
RTVSPost2010Prop30
280
     1
102
RTVSPost2010PropOp30
 70
     1
102
RTVSPost2010Prop31
280
     0
102
RTVSPost2010PropOp31
 70
     1
102
RTVSPost2010Prop32
280
     0
102
RTVSPost2010PropOp32
 70
     1
102
RTVSPost2010Prop33
280
     0
102
RTVSPost2010PropOp33
 70
     1
102
RTVSPost2010Prop34
280
     0
102
RTVSPost2010PropOp34
 70
     1
102
RTVSPost2010Prop35
280
     0
102
RTVSPost2010PropOp35
 70
     1
102
RTVSPost2010Prop36
280
     0
102
RTVSPost2010PropOp36
 70
     1
102
RTVSPost2010Prop37
 90
       50
102
RTVSPost2010PropOp37
 70
     1
102
RTVSPost2010Prop38
140
0.0
102
RTVSPost2010PropOp38
 70
     1
102
RTVSPost2010Prop39
140
1.0
102
RTVSPost2010PropOp39
 70
     1
102
RTVSPost2010Prop40
 90
        0
102
RTVSPost2010PropOp40
 70
     1
102
RTVSPost2010Prop41ColorIndex
 90
       18
102
RTVSPost2010Prop41ColorRGB
 90
        0
102
RTVSPost2010PropOp41
 70
     1
102
RTVSPost2010Prop42
 90
       50
102
RTVSPost2010PropOp42
 70
     1
102
RTVSPost2010Prop43
 90
        3
102
RTVSPost2010PropOp43
 70
     1
102
RTVSPost2010Prop44ColorIndex
 90
        5
102
RTVSPost2010Prop44ColorRGB
 90
      255
102
RTVSPost2010PropOp44
 70
     1
102
RTVSPost2010Prop45
280
     0
102
RTVSPost2010PropOp45
 70
     1
102
RTVSPost2010Prop46
 90
       50
102
RTVSPost2010PropOp46
 70
     1
102
RTVSPost2010Prop47
 90
       50
102
RTVSPost2010PropOp47
 70
     1
102
RTVSPost2010Prop48
 90
       50
102
RTVSPost2010PropOp48
 70
     1
102
RTVSPost2010Prop49
280
     0
102
RTVSPost2010PropOp49
 70
     1
102
RTVSPost2010Prop50
 90
       50
102
RTVSPost2010PropOp50
 70
     1
102
RTVSPost2010Prop51ColorIndex
 90
      256
102
RTVSPost2010Prop51ColorRGB
 90
-16777216
102
RTVSPost2010PropOp51
 70
     0
102
RTVSPost2010Prop52
140
1.0
102
RTVSPost2010PropOp52
 70
     0
102
RTVSPost2010Prop53
 90
        2
102
RTVSPost2010PropOp53
 70
     1
102
RTVSPost2010Prop54
  1
strokes_ogs.tif
102
RTVSPost2010PropOp54
 70
     1
102
RTVSPost2010Prop55
280
     0
102
RTVSPost2010PropOp55
 70
     1
102
RTVSPost2010Prop56
140
1.0
102
RTVSPost2010PropOp56
 70
     1
102
RTVSPost2010Prop57
140
1.0
102
RTVSPost2010PropOp57
 70
     1
  0
XRECORD
  5
428
102
{ACAD_REACTORS
330
427
102
}
330
427
100
AcDbXrecord
280
     1
102
RTVSPost2010Prop28
280
     0
102
RTVSPost2010PropOp28
 70
     1
102
RTVSPost2010Prop29
280
     1
102
RTVSPost2010PropOp29
 70
     1
102
RTVSPost2010Prop30
280
     1
102
RTVSPost2010PropOp30
 70
     1
102
RTVSPost2010Prop31
280
     0
102
RTVSPost2010PropOp31
 70
     1
102
RTVSPost2010Prop32
280
     0
102
RTVSPost2010PropOp32
 70
     1
102
RTVSPost2010Prop33
280
     0
102
RTVSPost2010PropOp33
 70
     1
102
RTVSPost2010Prop34
280
     0
102
RTVSPost2010PropOp34
 70
     1
102
RTVSPost2010Prop35
280
     0
102
RTVSPost2010PropOp35
 70
     1
102
RTVSPost2010Prop36
280
     0
102
RTVSPost2010PropOp36
 70
     1
102
RTVSPost2010Prop37
 90
       50
102
RTVSPost2010PropOp37
 70
     1
102
RTVSPost2010Prop38
140
0.0
102
RTVSPost2010PropOp38
 70
     1
102
RTVSPost2010Prop39
140
1.0
102
RTVSPost2010PropOp39
 70
     1
102
RTVSPost2010Prop40
 90
        0
102
RTVSPost2010PropOp40
 70
     1
102
RTVSPost2010Prop41ColorIndex
 90
       18
102
RTVSPost2010Prop41ColorRGB
 90
        0
102
RTVSPost2010PropOp41
 70
     1
102
RTVSPost2010Prop42
 90
       50
102
RTVSPost2010PropOp42
 70
     1
102
RTVSPost2010Prop43
 90
        3
102
RTVSPost2010PropOp43
 70
     1
102
RTVSPost2010Prop44ColorIndex
 90
        5
102
RTVSPost2010Prop44ColorRGB
 90
      255
102
RTVSPost2010PropOp44
 70
     1
102
RTVSPost2010Prop45
280
     0
102
RTVSPost2010PropOp45
 70
     1
102
RTVSPost2010Prop46
 90
       50
102
RTVSPost2010PropOp46
 70
     1
102
RTVSPost2010Prop47
 90
       50
102
RTVSPost2010PropOp47
 70
     1
102
RTVSPost2010Prop48
 90
       50
102
RTVSPost2010PropOp48
 70
     1
102
RTVSPost2010Prop49
280
     0
102
RTVSPost2010PropOp49
 70
     1
102
RTVSPost2010Prop50
 90
       50
102
RTVSPost2010PropOp50
 70
     1
102
RTVSPost2010Prop51ColorIndex
 90
      256
102
RTVSPost2010Prop51ColorRGB
 90
-16777216
102
RTVSPost2010PropOp51
 70
     0
102
RTVSPost2010Prop52
140
1.0
102
RTVSPost2010PropOp52
 70
     0
102
RTVSPost2010Prop53
 90
        2
102
RTVSPost2010PropOp53
 70
     1
102
RTVSPost2010Prop54
  1
strokes_ogs.tif
102
RTVSPost2010PropOp54
 70
     1
102
RTVSPost2010Prop55
280
     0
102
RTVSPost2010PropOp55
 70
     1
102
RTVSPost2010Prop56
140
1.0
102
RTVSPost2010PropOp56
 70
     1
102
RTVSPost2010Prop57
140
1.0
102
RTVSPost2010PropOp57
 70
     1
  0
XRECORD
  5
41C
102
{ACAD_REACTORS
330
41B
102
}
330
41B
100
AcDbXrecord
280
     1
102
RTVSPost2010Prop28
280
     0
102
RTVSPost2010PropOp28
 70
     1
102
RTVSPost2010Prop29
280
     1
102
RTVSPost2010PropOp29
 70
     1
102
RTVSPost2010Prop30
280
     1
102
RTVSPost2010PropOp30
 70
     1
102
RTVSPost2010Prop31
280
     0
102
RTVSPost2010PropOp31
 70
     1
102
RTVSPost2010Prop32
280
     0
102
RTVSPost2010PropOp32
 70
     1
102
RTVSPost2010Prop33
280
     0
102
RTVSPost2010PropOp33
 70
     1
102
RTVSPost2010Prop34
280
     0
102
RTVSPost2010PropOp34
 70
     1
102
RTVSPost2010Prop35
280
     0
102
RTVSPost2010PropOp35
 70
     1
102
RTVSPost2010Prop36
280
     0
102
RTVSPost2010PropOp36
 70
     1
102
RTVSPost2010Prop37
 90
       50
102
RTVSPost2010PropOp37
 70
     1
102
RTVSPost2010Prop38
140
0.0
102
RTVSPost2010PropOp38
 70
     1
102
RTVSPost2010Prop39
140
1.0
102
RTVSPost2010PropOp39
 70
     1
102
RTVSPost2010Prop40
 90
        0
102
RTVSPost2010PropOp40
 70
     1
102
RTVSPost2010Prop41ColorIndex
 90
       18
102
RTVSPost2010Prop41ColorRGB
 90
        0
102
RTVSPost2010PropOp41
 70
     1
102
RTVSPost2010Prop42
 90
       50
102
RTVSPost2010PropOp42
 70
     1
102
RTVSPost2010Prop43
 90
        3
102
RTVSPost2010PropOp43
 70
     1
102
RTVSPost2010Prop44ColorIndex
 90
        5
102
RTVSPost2010Prop44ColorRGB
 90
      255
102
RTVSPost2010PropOp44
 70
     1
102
RTVSPost2010Prop45
280
     0
102
RTVSPost2010PropOp45
 70
     1
102
RTVSPost2010Prop46
 90
       50
102
RTVSPost2010PropOp46
 70
     1
102
RTVSPost2010Prop47
 90
       50
102
RTVSPost2010PropOp47
 70
     1
102
RTVSPost2010Prop48
 90
       50
102
RTVSPost2010PropOp48
 70
     1
102
RTVSPost2010Prop49
280
     0
102
RTVSPost2010PropOp49
 70
     1
102
RTVSPost2010Prop50
 90
       50
102
RTVSPost2010PropOp50
 70
     1
102
RTVSPost2010Prop51ColorIndex
 90
      256
102
RTVSPost2010Prop51ColorRGB
 90
-16777216
102
RTVSPost2010PropOp51
 70
     0
102
RTVSPost2010Prop52
140
1.0
102
RTVSPost2010PropOp52
 70
     0
102
RTVSPost2010Prop53
 90
        2
102
RTVSPost2010PropOp53
 70
     1
102
RTVSPost2010Prop54
  1
strokes_ogs.tif
102
RTVSPost2010PropOp54
 70
     1
102
RTVSPost2010Prop55
280
     0
102
RTVSPost2010PropOp55
 70
     1
102
RTVSPost2010Prop56
140
1.0
102
RTVSPost2010PropOp56
 70
     1
102
RTVSPost2010Prop57
140
1.0
102
RTVSPost2010PropOp57
 70
     1
  0
XRECORD
  5
41E
102
{ACAD_REACTORS
330
41D
102
}
330
41D
100
AcDbXrecord
280
     1
102
RTVSPost2010Prop28
280
     0
102
RTVSPost2010PropOp28
 70
     1
102
RTVSPost2010Prop29
280
     1
102
RTVSPost2010PropOp29
 70
     1
102
RTVSPost2010Prop30
280
     1
102
RTVSPost2010PropOp30
 70
     1
102
RTVSPost2010Prop31
280
     0
102
RTVSPost2010PropOp31
 70
     1
102
RTVSPost2010Prop32
280
     0
102
RTVSPost2010PropOp32
 70
     1
102
RTVSPost2010Prop33
280
     0
102
RTVSPost2010PropOp33
 70
     1
102
RTVSPost2010Prop34
280
     0
102
RTVSPost2010PropOp34
 70
     1
102
RTVSPost2010Prop35
280
     0
102
RTVSPost2010PropOp35
 70
     1
102
RTVSPost2010Prop36
280
     0
102
RTVSPost2010PropOp36
 70
     1
102
RTVSPost2010Prop37
 90
       50
102
RTVSPost2010PropOp37
 70
     1
102
RTVSPost2010Prop38
140
0.0
102
RTVSPost2010PropOp38
 70
     1
102
RTVSPost2010Prop39
140
1.0
102
RTVSPost2010PropOp39
 70
     1
102
RTVSPost2010Prop40
 90
        0
102
RTVSPost2010PropOp40
 70
     1
102
RTVSPost2010Prop41ColorIndex
 90
       18
102
RTVSPost2010Prop41ColorRGB
 90
        0
102
RTVSPost2010PropOp41
 70
     1
102
RTVSPost2010Prop42
 90
       50
102
RTVSPost2010PropOp42
 70
     1
102
RTVSPost2010Prop43
 90
        3
102
RTVSPost2010PropOp43
 70
     1
102
RTVSPost2010Prop44ColorIndex
 90
        5
102
RTVSPost2010Prop44ColorRGB
 90
      255
102
RTVSPost2010PropOp44
 70
     1
102
RTVSPost2010Prop45
280
     0
102
RTVSPost2010PropOp45
 70
     1
102
RTVSPost2010Prop46
 90
       50
102
RTVSPost2010PropOp46
 70
     1
102
RTVSPost2010Prop47
 90
       50
102
RTVSPost2010PropOp47
 70
     1
102
RTVSPost2010Prop48
 90
       50
102
RTVSPost2010PropOp48
 70
     1
102
RTVSPost2010Prop49
280
     0
102
RTVSPost2010PropOp49
 70
     1
102
RTVSPost2010Prop50
 90
       50
102
RTVSPost2010PropOp50
 70
     1
102
RTVSPost2010Prop51ColorIndex
 90
      256
102
RTVSPost2010Prop51ColorRGB
 90
-16777216
102
RTVSPost2010PropOp51
 70
     0
102
RTVSPost2010Prop52
140
1.0
102
RTVSPost2010PropOp52
 70
     0
102
RTVSPost2010Prop53
 90
        2
102
RTVSPost2010PropOp53
 70
     1
102
RTVSPost2010Prop54
  1
strokes_ogs.tif
102
RTVSPost2010PropOp54
 70
     1
102
RTVSPost2010Prop55
280
     0
102
RTVSPost2010PropOp55
 70
     1
102
RTVSPost2010Prop56
140
1.0
102
RTVSPost2010PropOp56
 70
     1
102
RTVSPost2010Prop57
140
1.0
102
RTVSPost2010PropOp57
 70
     1
  0
XRECORD
  5
42E
102
{ACAD_REACTORS
330
42D
102
}
330
42D
100
AcDbXrecord
280
     1
102
RTVSPost2010Prop28
280
     0
102
RTVSPost2010PropOp28
 70
     0
102
RTVSPost2010Prop29
280
     1
102
RTVSPost2010PropOp29
 70
     0
102
RTVSPost2010Prop30
280
     1
102
RTVSPost2010PropOp30
 70
     0
102
RTVSPost2010Prop31
280
     0
102
RTVSPost2010PropOp31
 70
     0
102
RTVSPost2010Prop32
280
     0
102
RTVSPost2010PropOp32
 70
     0
102
RTVSPost2010Prop33
280
     0
102
RTVSPost2010PropOp33
 70
     0
102
RTVSPost2010Prop34
280
     0
102
RTVSPost2010PropOp34
 70
     0
102
RTVSPost2010Prop35
280
     0
102
RTVSPost2010PropOp35
 70
     0
102
RTVSPost2010Prop36
280
     0
102
RTVSPost2010PropOp36
 70
     0
102
RTVSPost2010Prop37
 90
       50
102
RTVSPost2010PropOp37
 70
     0
102
RTVSPost2010Prop38
140
0.0
102
RTVSPost2010PropOp38
 70
     0
102
RTVSPost2010Prop39
140
1.0
102
RTVSPost2010PropOp39
 70
     0
102
RTVSPost2010Prop40
 90
        0
102
RTVSPost2010PropOp40
 70
     0
102
RTVSPost2010Prop41ColorIndex
 90
       18
102
RTVSPost2010Prop41ColorRGB
 90
        0
102
RTVSPost2010PropOp41
 70
     0
102
RTVSPost2010Prop42
 90
       50
102
RTVSPost2010PropOp42
 70
     0
102
RTVSPost2010Prop43
 90
        3
102
RTVSPost2010PropOp43
 70
     0
102
RTVSPost2010Prop44ColorIndex
 90
        5
102
RTVSPost2010Prop44ColorRGB
 90
      255
102
RTVSPost2010PropOp44
 70
     0
102
RTVSPost2010Prop45
280
     0
102
RTVSPost2010PropOp45
 70
     0
102
RTVSPost2010Prop46
 90
       50
102
RTVSPost2010PropOp46
 70
     0
102
RTVSPost2010Prop47
 90
       50
102
RTVSPost2010PropOp47
 70
     0
102
RTVSPost2010Prop48
 90
       50
102
RTVSPost2010PropOp48
 70
     0
102
RTVSPost2010Prop49
280
     0
102
RTVSPost2010PropOp49
 70
     0
102
RTVSPost2010Prop50
 90
       50
102
RTVSPost2010PropOp50
 70
     0
102
RTVSPost2010Prop51ColorIndex
 90
      256
102
RTVSPost2010Prop51ColorRGB
 90
-16777216
102
RTVSPost2010PropOp51
 70
     0
102
RTVSPost2010Prop52
140
1.0
102
RTVSPost2010PropOp52
 70
     0
102
RTVSPost2010Prop53
 90
        2
102
RTVSPost2010PropOp53
 70
     0
102
RTVSPost2010Prop54
  1
strokes_ogs.tif
102
RTVSPost2010PropOp54
 70
     0
102
RTVSPost2010Prop55
280
     0
102
RTVSPost2010PropOp55
 70
     0
102
RTVSPost2010Prop56
140
1.0
102
RTVSPost2010PropOp56
 70
     0
102
RTVSPost2010Prop57
140
1.0
102
RTVSPost2010PropOp57
 70
     0
  0
XRECORD
  5
426
102
{ACAD_REACTORS
330
425
102
}
330
425
100
AcDbXrecord
280
     1
102
RTVSPost2010Prop28
280
     0
102
RTVSPost2010PropOp28
 70
     1
102
RTVSPost2010Prop29
280
     1
102
RTVSPost2010PropOp29
 70
     1
102
RTVSPost2010Prop30
280
     1
102
RTVSPost2010PropOp30
 70
     1
102
RTVSPost2010Prop31
280
     0
102
RTVSPost2010PropOp31
 70
     1
102
RTVSPost2010Prop32
280
     0
102
RTVSPost2010PropOp32
 70
     1
102
RTVSPost2010Prop33
280
     0
102
RTVSPost2010PropOp33
 70
     1
102
RTVSPost2010Prop34
280
     0
102
RTVSPost2010PropOp34
 70
     1
102
RTVSPost2010Prop35
280
     0
102
RTVSPost2010PropOp35
 70
     1
102
RTVSPost2010Prop36
280
     0
102
RTVSPost2010PropOp36
 70
     1
102
RTVSPost2010Prop37
 90
       50
102
RTVSPost2010PropOp37
 70
     1
102
RTVSPost2010Prop38
140
0.0
102
RTVSPost2010PropOp38
 70
     1
102
RTVSPost2010Prop39
140
1.0
102
RTVSPost2010PropOp39
 70
     1
102
RTVSPost2010Prop40
 90
        0
102
RTVSPost2010PropOp40
 70
     1
102
RTVSPost2010Prop41ColorIndex
 90
       18
102
RTVSPost2010Prop41ColorRGB
 90
        0
102
RTVSPost2010PropOp41
 70
     1
102
RTVSPost2010Prop42
 90
       50
102
RTVSPost2010PropOp42
 70
     1
102
RTVSPost2010Prop43
 90
        3
102
RTVSPost2010PropOp43
 70
     1
102
RTVSPost2010Prop44ColorIndex
 90
        5
102
RTVSPost2010Prop44ColorRGB
 90
      255
102
RTVSPost2010PropOp44
 70
     1
102
RTVSPost2010Prop45
280
     0
102
RTVSPost2010PropOp45
 70
     1
102
RTVSPost2010Prop46
 90
       50
102
RTVSPost2010PropOp46
 70
     1
102
RTVSPost2010Prop47
 90
       50
102
RTVSPost2010PropOp47
 70
     1
102
RTVSPost2010Prop48
 90
       50
102
RTVSPost2010PropOp48
 70
     1
102
RTVSPost2010Prop49
280
     0
102
RTVSPost2010PropOp49
 70
     1
102
RTVSPost2010Prop50
 90
       50
102
RTVSPost2010PropOp50
 70
     1
102
RTVSPost2010Prop51ColorIndex
 90
      256
102
RTVSPost2010Prop51ColorRGB
 90
-16777216
102
RTVSPost2010PropOp51
 70
     0
102
RTVSPost2010Prop52
140
1.0
102
RTVSPost2010PropOp52
 70
     0
102
RTVSPost2010Prop53
 90
        2
102
RTVSPost2010PropOp53
 70
     1
102
RTVSPost2010Prop54
  1
strokes_ogs.tif
102
RTVSPost2010PropOp54
 70
     1
102
RTVSPost2010Prop55
280
     0
102
RTVSPost2010PropOp55
 70
     1
102
RTVSPost2010Prop56
140
1.0
102
RTVSPost2010PropOp56
 70
     1
102
RTVSPost2010Prop57
140
1.0
102
RTVSPost2010PropOp57
 70
     1
  0
XRECORD
  5
40A
102
{ACAD_REACTORS
330
409
102
}
330
409
100
AcDbXrecord
280
     1
102
RTVSPost2010Prop28
280
     0
102
RTVSPost2010PropOp28
 70
     1
102
RTVSPost2010Prop29
280
     1
102
RTVSPost2010PropOp29
 70
     1
102
RTVSPost2010Prop30
280
     1
102
RTVSPost2010PropOp30
 70
     1
102
RTVSPost2010Prop31
280
     0
102
RTVSPost2010PropOp31
 70
     1
102
RTVSPost2010Prop32
280
     0
102
RTVSPost2010PropOp32
 70
     1
102
RTVSPost2010Prop33
280
     0
102
RTVSPost2010PropOp33
 70
     1
102
RTVSPost2010Prop34
280
     0
102
RTVSPost2010PropOp34
 70
     1
102
RTVSPost2010Prop35
280
     0
102
RTVSPost2010PropOp35
 70
     1
102
RTVSPost2010Prop36
280
     0
102
RTVSPost2010PropOp36
 70
     1
102
RTVSPost2010Prop37
 90
       50
102
RTVSPost2010PropOp37
 70
     1
102
RTVSPost2010Prop38
140
0.0
102
RTVSPost2010PropOp38
 70
     1
102
RTVSPost2010Prop39
140
1.0
102
RTVSPost2010PropOp39
 70
     1
102
RTVSPost2010Prop40
 90
        0
102
RTVSPost2010PropOp40
 70
     1
102
RTVSPost2010Prop41ColorIndex
 90
       18
102
RTVSPost2010Prop41ColorRGB
 90
        0
102
RTVSPost2010PropOp41
 70
     1
102
RTVSPost2010Prop42
 90
       50
102
RTVSPost2010PropOp42
 70
     1
102
RTVSPost2010Prop43
 90
        3
102
RTVSPost2010PropOp43
 70
     1
102
RTVSPost2010Prop44ColorIndex
 90
        5
102
RTVSPost2010Prop44ColorRGB
 90
      255
102
RTVSPost2010PropOp44
 70
     1
102
RTVSPost2010Prop45
280
     0
102
RTVSPost2010PropOp45
 70
     1
102
RTVSPost2010Prop46
 90
       50
102
RTVSPost2010PropOp46
 70
     1
102
RTVSPost2010Prop47
 90
       50
102
RTVSPost2010PropOp47
 70
     1
102
RTVSPost2010Prop48
 90
       50
102
RTVSPost2010PropOp48
 70
     1
102
RTVSPost2010Prop49
280
     0
102
RTVSPost2010PropOp49
 70
     1
102
RTVSPost2010Prop50
 90
       50
102
RTVSPost2010PropOp50
 70
     1
102
RTVSPost2010Prop51ColorIndex
 90
      256
102
RTVSPost2010Prop51ColorRGB
 90
-16777216
102
RTVSPost2010PropOp51
 70
     0
102
RTVSPost2010Prop52
140
1.0
102
RTVSPost2010PropOp52
 70
     0
102
RTVSPost2010Prop53
 90
        2
102
RTVSPost2010PropOp53
 70
     1
102
RTVSPost2010Prop54
  1
strokes_ogs.tif
102
RTVSPost2010PropOp54
 70
     1
102
RTVSPost2010Prop55
280
     0
102
RTVSPost2010PropOp55
 70
     1
102
RTVSPost2010Prop56
140
1.0
102
RTVSPost2010PropOp56
 70
     1
102
RTVSPost2010Prop57
140
1.0
102
RTVSPost2010PropOp57
 70
     1
  0
XRECORD
  5
40C
102
{ACAD_REACTORS
330
40B
102
}
330
40B
100
AcDbXrecord
280
     1
102
RTVSPost2010Prop28
280
     0
102
RTVSPost2010PropOp28
 70
     1
102
RTVSPost2010Prop29
280
     1
102
RTVSPost2010PropOp29
 70
     1
102
RTVSPost2010Prop30
280
     1
102
RTVSPost2010PropOp30
 70
     1
102
RTVSPost2010Prop31
280
     0
102
RTVSPost2010PropOp31
 70
     1
102
RTVSPost2010Prop32
280
     0
102
RTVSPost2010PropOp32
 70
     1
102
RTVSPost2010Prop33
280
     0
102
RTVSPost2010PropOp33
 70
     1
102
RTVSPost2010Prop34
280
     0
102
RTVSPost2010PropOp34
 70
     1
102
RTVSPost2010Prop35
280
     0
102
RTVSPost2010PropOp35
 70
     1
102
RTVSPost2010Prop36
280
     0
102
RTVSPost2010PropOp36
 70
     1
102
RTVSPost2010Prop37
 90
       50
102
RTVSPost2010PropOp37
 70
     1
102
RTVSPost2010Prop38
140
0.0
102
RTVSPost2010PropOp38
 70
     1
102
RTVSPost2010Prop39
140
1.0
102
RTVSPost2010PropOp39
 70
     1
102
RTVSPost2010Prop40
 90
        0
102
RTVSPost2010PropOp40
 70
     1
102
RTVSPost2010Prop41ColorIndex
 90
       18
102
RTVSPost2010Prop41ColorRGB
 90
        0
102
RTVSPost2010PropOp41
 70
     1
102
RTVSPost2010Prop42
 90
       50
102
RTVSPost2010PropOp42
 70
     1
102
RTVSPost2010Prop43
 90
        3
102
RTVSPost2010PropOp43
 70
     1
102
RTVSPost2010Prop44ColorIndex
 90
        5
102
RTVSPost2010Prop44ColorRGB
 90
      255
102
RTVSPost2010PropOp44
 70
     1
102
RTVSPost2010Prop45
280
     0
102
RTVSPost2010PropOp45
 70
     1
102
RTVSPost2010Prop46
 90
       50
102
RTVSPost2010PropOp46
 70
     1
102
RTVSPost2010Prop47
 90
       50
102
RTVSPost2010PropOp47
 70
     1
102
RTVSPost2010Prop48
 90
       50
102
RTVSPost2010PropOp48
 70
     1
102
RTVSPost2010Prop49
280
     0
102
RTVSPost2010PropOp49
 70
     1
102
RTVSPost2010Prop50
 90
       50
102
RTVSPost2010PropOp50
 70
     1
102
RTVSPost2010Prop51ColorIndex
 90
      256
102
RTVSPost2010Prop51ColorRGB
 90
-16777216
102
RTVSPost2010PropOp51
 70
     0
102
RTVSPost2010Prop52
140
1.0
102
RTVSPost2010PropOp52
 70
     0
102
RTVSPost2010Prop53
 90
        2
102
RTVSPost2010PropOp53
 70
     1
102
RTVSPost2010Prop54
  1
strokes_ogs.tif
102
RTVSPost2010PropOp54
 70
     1
102
RTVSPost2010Prop55
280
     0
102
RTVSPost2010PropOp55
 70
     1
102
RTVSPost2010Prop56
140
1.0
102
RTVSPost2010PropOp56
 70
     1
102
RTVSPost2010Prop57
140
1.0
102
RTVSPost2010PropOp57
 70
     1
  0
XRECORD
  5
40E
102
{ACAD_REACTORS
330
40D
102
}
330
40D
100
AcDbXrecord
280
     1
102
RTVSPost2010Prop28
280
     0
102
RTVSPost2010PropOp28
 70
     1
102
RTVSPost2010Prop29
280
     1
102
RTVSPost2010PropOp29
 70
     1
102
RTVSPost2010Prop30
280
     1
102
RTVSPost2010PropOp30
 70
     1
102
RTVSPost2010Prop31
280
     0
102
RTVSPost2010PropOp31
 70
     1
102
RTVSPost2010Prop32
280
     0
102
RTVSPost2010PropOp32
 70
     1
102
RTVSPost2010Prop33
280
     0
102
RTVSPost2010PropOp33
 70
     1
102
RTVSPost2010Prop34
280
     0
102
RTVSPost2010PropOp34
 70
     1
102
RTVSPost2010Prop35
280
     0
102
RTVSPost2010PropOp35
 70
     1
102
RTVSPost2010Prop36
280
     0
102
RTVSPost2010PropOp36
 70
     1
102
RTVSPost2010Prop37
 90
       50
102
RTVSPost2010PropOp37
 70
     1
102
RTVSPost2010Prop38
140
0.0
102
RTVSPost2010PropOp38
 70
     1
102
RTVSPost2010Prop39
140
1.0
102
RTVSPost2010PropOp39
 70
     1
102
RTVSPost2010Prop40
 90
        0
102
RTVSPost2010PropOp40
 70
     1
102
RTVSPost2010Prop41ColorIndex
 90
       18
102
RTVSPost2010Prop41ColorRGB
 90
        0
102
RTVSPost2010PropOp41
 70
     1
102
RTVSPost2010Prop42
 90
       50
102
RTVSPost2010PropOp42
 70
     1
102
RTVSPost2010Prop43
 90
        3
102
RTVSPost2010PropOp43
 70
     1
102
RTVSPost2010Prop44ColorIndex
 90
        5
102
RTVSPost2010Prop44ColorRGB
 90
      255
102
RTVSPost2010PropOp44
 70
     1
102
RTVSPost2010Prop45
280
     0
102
RTVSPost2010PropOp45
 70
     1
102
RTVSPost2010Prop46
 90
       50
102
RTVSPost2010PropOp46
 70
     1
102
RTVSPost2010Prop47
 90
       50
102
RTVSPost2010PropOp47
 70
     1
102
RTVSPost2010Prop48
 90
       50
102
RTVSPost2010PropOp48
 70
     1
102
RTVSPost2010Prop49
280
     0
102
RTVSPost2010PropOp49
 70
     1
102
RTVSPost2010Prop50
 90
       50
102
RTVSPost2010PropOp50
 70
     1
102
RTVSPost2010Prop51ColorIndex
 90
      256
102
RTVSPost2010Prop51ColorRGB
 90
-16777216
102
RTVSPost2010PropOp51
 70
     0
102
RTVSPost2010Prop52
140
1.0
102
RTVSPost2010PropOp52
 70
     0
102
RTVSPost2010Prop53
 90
        2
102
RTVSPost2010PropOp53
 70
     1
102
RTVSPost2010Prop54
  1
strokes_ogs.tif
102
RTVSPost2010PropOp54
 70
     1
102
RTVSPost2010Prop55
280
     0
102
RTVSPost2010PropOp55
 70
     1
102
RTVSPost2010Prop56
140
1.0
102
RTVSPost2010PropOp56
 70
     1
102
RTVSPost2010Prop57
140
1.0
102
RTVSPost2010PropOp57
 70
     1
  0
XRECORD
  5
410
102
{ACAD_REACTORS
330
40F
102
}
330
40F
100
AcDbXrecord
280
     1
102
RTVSPost2010Prop28
280
     0
102
RTVSPost2010PropOp28
 70
     1
102
RTVSPost2010Prop29
280
     1
102
RTVSPost2010PropOp29
 70
     1
102
RTVSPost2010Prop30
280
     1
102
RTVSPost2010PropOp30
 70
     1
102
RTVSPost2010Prop31
280
     0
102
RTVSPost2010PropOp31
 70
     1
102
RTVSPost2010Prop32
280
     0
102
RTVSPost2010PropOp32
 70
     1
102
RTVSPost2010Prop33
280
     0
102
RTVSPost2010PropOp33
 70
     1
102
RTVSPost2010Prop34
280
     0
102
RTVSPost2010PropOp34
 70
     1
102
RTVSPost2010Prop35
280
     0
102
RTVSPost2010PropOp35
 70
     1
102
RTVSPost2010Prop36
280
     0
102
RTVSPost2010PropOp36
 70
     1
102
RTVSPost2010Prop37
 90
       50
102
RTVSPost2010PropOp37
 70
     1
102
RTVSPost2010Prop38
140
0.0
102
RTVSPost2010PropOp38
 70
     1
102
RTVSPost2010Prop39
140
1.0
102
RTVSPost2010PropOp39
 70
     1
102
RTVSPost2010Prop40
 90
        0
102
RTVSPost2010PropOp40
 70
     1
102
RTVSPost2010Prop41ColorIndex
 90
       18
102
RTVSPost2010Prop41ColorRGB
 90
        0
102
RTVSPost2010PropOp41
 70
     1
102
RTVSPost2010Prop42
 90
       50
102
RTVSPost2010PropOp42
 70
     1
102
RTVSPost2010Prop43
 90
        3
102
RTVSPost2010PropOp43
 70
     1
102
RTVSPost2010Prop44ColorIndex
 90
        5
102
RTVSPost2010Prop44ColorRGB
 90
      255
102
RTVSPost2010PropOp44
 70
     1
102
RTVSPost2010Prop45
280
     0
102
RTVSPost2010PropOp45
 70
     1
102
RTVSPost2010Prop46
 90
       50
102
RTVSPost2010PropOp46
 70
     1
102
RTVSPost2010Prop47
 90
       50
102
RTVSPost2010PropOp47
 70
     1
102
RTVSPost2010Prop48
 90
       50
102
RTVSPost2010PropOp48
 70
     1
102
RTVSPost2010Prop49
280
     0
102
RTVSPost2010PropOp49
 70
     1
102
RTVSPost2010Prop50
 90
       50
102
RTVSPost2010PropOp50
 70
     1
102
RTVSPost2010Prop51ColorIndex
 90
      256
102
RTVSPost2010Prop51ColorRGB
 90
-16777216
102
RTVSPost2010PropOp51
 70
     0
102
RTVSPost2010Prop52
140
1.0
102
RTVSPost2010PropOp52
 70
     0
102
RTVSPost2010Prop53
 90
        2
102
RTVSPost2010PropOp53
 70
     1
102
RTVSPost2010Prop54
  1
strokes_ogs.tif
102
RTVSPost2010PropOp54
 70
     1
102
RTVSPost2010Prop55
280
     0
102
RTVSPost2010PropOp55
 70
     1
102
RTVSPost2010Prop56
140
1.0
102
RTVSPost2010PropOp56
 70
     1
102
RTVSPost2010Prop57
140
1.0
102
RTVSPost2010PropOp57
 70
     1
  0
XRECORD
  5
416
102
{ACAD_REACTORS
330
415
102
}
330
415
100
AcDbXrecord
280
     1
102
RTVSPost2010Prop28
280
     0
102
RTVSPost2010PropOp28
 70
     1
102
RTVSPost2010Prop29
280
     1
102
RTVSPost2010PropOp29
 70
     1
102
RTVSPost2010Prop30
280
     1
102
RTVSPost2010PropOp30
 70
     1
102
RTVSPost2010Prop31
280
     0
102
RTVSPost2010PropOp31
 70
     1
102
RTVSPost2010Prop32
280
     0
102
RTVSPost2010PropOp32
 70
     1
102
RTVSPost2010Prop33
280
     0
102
RTVSPost2010PropOp33
 70
     1
102
RTVSPost2010Prop34
280
     0
102
RTVSPost2010PropOp34
 70
     1
102
RTVSPost2010Prop35
280
     0
102
RTVSPost2010PropOp35
 70
     1
102
RTVSPost2010Prop36
280
     0
102
RTVSPost2010PropOp36
 70
     1
102
RTVSPost2010Prop37
 90
       50
102
RTVSPost2010PropOp37
 70
     1
102
RTVSPost2010Prop38
140
0.0
102
RTVSPost2010PropOp38
 70
     1
102
RTVSPost2010Prop39
140
1.0
102
RTVSPost2010PropOp39
 70
     1
102
RTVSPost2010Prop40
 90
        0
102
RTVSPost2010PropOp40
 70
     1
102
RTVSPost2010Prop41ColorIndex
 90
       18
102
RTVSPost2010Prop41ColorRGB
 90
        0
102
RTVSPost2010PropOp41
 70
     1
102
RTVSPost2010Prop42
 90
       50
102
RTVSPost2010PropOp42
 70
     1
102
RTVSPost2010Prop43
 90
        3
102
RTVSPost2010PropOp43
 70
     1
102
RTVSPost2010Prop44ColorIndex
 90
        5
102
RTVSPost2010Prop44ColorRGB
 90
      255
102
RTVSPost2010PropOp44
 70
     1
102
RTVSPost2010Prop45
280
     0
102
RTVSPost2010PropOp45
 70
     1
102
RTVSPost2010Prop46
 90
       50
102
RTVSPost2010PropOp46
 70
     1
102
RTVSPost2010Prop47
 90
       50
102
RTVSPost2010PropOp47
 70
     1
102
RTVSPost2010Prop48
 90
       50
102
RTVSPost2010PropOp48
 70
     1
102
RTVSPost2010Prop49
280
     0
102
RTVSPost2010PropOp49
 70
     1
102
RTVSPost2010Prop50
 90
       50
102
RTVSPost2010PropOp50
 70
     1
102
RTVSPost2010Prop51ColorIndex
 90
      256
102
RTVSPost2010Prop51ColorRGB
 90
-16777216
102
RTVSPost2010PropOp51
 70
     0
102
RTVSPost2010Prop52
140
1.0
102
RTVSPost2010PropOp52
 70
     0
102
RTVSPost2010Prop53
 90
        2
102
RTVSPost2010PropOp53
 70
     1
102
RTVSPost2010Prop54
  1
strokes_ogs.tif
102
RTVSPost2010PropOp54
 70
     1
102
RTVSPost2010Prop55
280
     0
102
RTVSPost2010PropOp55
 70
     1
102
RTVSPost2010Prop56
140
1.0
102
RTVSPost2010PropOp56
 70
     1
102
RTVSPost2010Prop57
140
1.0
102
RTVSPost2010PropOp57
 70
     1
  0
XRECORD
  5
42A
102
{ACAD_REACTORS
330
429
102
}
330
429
100
AcDbXrecord
280
     1
102
RTVSPost2010Prop28
280
     0
102
RTVSPost2010PropOp28
 70
     0
102
RTVSPost2010Prop29
280
     1
102
RTVSPost2010PropOp29
 70
     0
102
RTVSPost2010Prop30
280
     1
102
RTVSPost2010PropOp30
 70
     0
102
RTVSPost2010Prop31
280
     0
102
RTVSPost2010PropOp31
 70
     0
102
RTVSPost2010Prop32
280
     0
102
RTVSPost2010PropOp32
 70
     0
102
RTVSPost2010Prop33
280
     0
102
RTVSPost2010PropOp33
 70
     0
102
RTVSPost2010Prop34
280
     0
102
RTVSPost2010PropOp34
 70
     0
102
RTVSPost2010Prop35
280
     0
102
RTVSPost2010PropOp35
 70
     0
102
RTVSPost2010Prop36
280
     0
102
RTVSPost2010PropOp36
 70
     0
102
RTVSPost2010Prop37
 90
       50
102
RTVSPost2010PropOp37
 70
     0
102
RTVSPost2010Prop38
140
0.0
102
RTVSPost2010PropOp38
 70
     0
102
RTVSPost2010Prop39
140
1.0
102
RTVSPost2010PropOp39
 70
     0
102
RTVSPost2010Prop40
 90
        0
102
RTVSPost2010PropOp40
 70
     0
102
RTVSPost2010Prop41ColorIndex
 90
       18
102
RTVSPost2010Prop41ColorRGB
 90
        0
102
RTVSPost2010PropOp41
 70
     0
102
RTVSPost2010Prop42
 90
       50
102
RTVSPost2010PropOp42
 70
     0
102
RTVSPost2010Prop43
 90
        3
102
RTVSPost2010PropOp43
 70
     0
102
RTVSPost2010Prop44ColorIndex
 90
        5
102
RTVSPost2010Prop44ColorRGB
 90
      255
102
RTVSPost2010PropOp44
 70
     0
102
RTVSPost2010Prop45
280
     0
102
RTVSPost2010PropOp45
 70
     0
102
RTVSPost2010Prop46
 90
       50
102
RTVSPost2010PropOp46
 70
     0
102
RTVSPost2010Prop47
 90
       50
102
RTVSPost2010PropOp47
 70
     0
102
RTVSPost2010Prop48
 90
       50
102
RTVSPost2010PropOp48
 70
     0
102
RTVSPost2010Prop49
280
     0
102
RTVSPost2010PropOp49
 70
     0
102
RTVSPost2010Prop50
 90
       50
102
RTVSPost2010PropOp50
 70
     0
102
RTVSPost2010Prop51ColorIndex
 90
      256
102
RTVSPost2010Prop51ColorRGB
 90
-16777216
102
RTVSPost2010PropOp51
 70
     0
102
RTVSPost2010Prop52
140
1.0
102
RTVSPost2010PropOp52
 70
     0
102
RTVSPost2010Prop53
 90
        2
102
RTVSPost2010PropOp53
 70
     0
102
RTVSPost2010Prop54
  1
strokes_ogs.tif
102
RTVSPost2010PropOp54
 70
     0
102
RTVSPost2010Prop55
280
     0
102
RTVSPost2010PropOp55
 70
     0
102
RTVSPost2010Prop56
140
1.0
102
RTVSPost2010PropOp56
 70
     0
102
RTVSPost2010Prop57
140
1.0
102
RTVSPost2010PropOp57
 70
     0
  0
XRECORD
  5
424
102
{ACAD_REACTORS
330
423
102
}
330
423
100
AcDbXrecord
280
     1
102
RTVSPost2010Prop28
280
     0
102
RTVSPost2010PropOp28
 70
     1
102
RTVSPost2010Prop29
280
     1
102
RTVSPost2010PropOp29
 70
     1
102
RTVSPost2010Prop30
280
     1
102
RTVSPost2010PropOp30
 70
     1
102
RTVSPost2010Prop31
280
     0
102
RTVSPost2010PropOp31
 70
     1
102
RTVSPost2010Prop32
280
     0
102
RTVSPost2010PropOp32
 70
     1
102
RTVSPost2010Prop33
280
     0
102
RTVSPost2010PropOp33
 70
     1
102
RTVSPost2010Prop34
280
     0
102
RTVSPost2010PropOp34
 70
     1
102
RTVSPost2010Prop35
280
     0
102
RTVSPost2010PropOp35
 70
     1
102
RTVSPost2010Prop36
280
     0
102
RTVSPost2010PropOp36
 70
     1
102
RTVSPost2010Prop37
 90
       50
102
RTVSPost2010PropOp37
 70
     1
102
RTVSPost2010Prop38
140
0.0
102
RTVSPost2010PropOp38
 70
     1
102
RTVSPost2010Prop39
140
1.0
102
RTVSPost2010PropOp39
 70
     1
102
RTVSPost2010Prop40
 90
        0
102
RTVSPost2010PropOp40
 70
     1
102
RTVSPost2010Prop41ColorIndex
 90
       18
102
RTVSPost2010Prop41ColorRGB
 90
        0
102
RTVSPost2010PropOp41
 70
     1
102
RTVSPost2010Prop42
 90
       50
102
RTVSPost2010PropOp42
 70
     1
102
RTVSPost2010Prop43
 90
        3
102
RTVSPost2010PropOp43
 70
     1
102
RTVSPost2010Prop44ColorIndex
 90
        5
102
RTVSPost2010Prop44ColorRGB
 90
      255
102
RTVSPost2010PropOp44
 70
     1
102
RTVSPost2010Prop45
280
     0
102
RTVSPost2010PropOp45
 70
     1
102
RTVSPost2010Prop46
 90
       50
102
RTVSPost2010PropOp46
 70
     1
102
RTVSPost2010Prop47
 90
       50
102
RTVSPost2010PropOp47
 70
     1
102
RTVSPost2010Prop48
 90
       50
102
RTVSPost2010PropOp48
 70
     1
102
RTVSPost2010Prop49
280
     0
102
RTVSPost2010PropOp49
 70
     1
102
RTVSPost2010Prop50
 90
       50
102
RTVSPost2010PropOp50
 70
     1
102
RTVSPost2010Prop51ColorIndex
 90
      256
102
RTVSPost2010Prop51ColorRGB
 90
-16777216
102
RTVSPost2010PropOp51
 70
     0
102
RTVSPost2010Prop52
140
1.0
102
RTVSPost2010PropOp52
 70
     0
102
RTVSPost2010Prop53
 90
        2
102
RTVSPost2010PropOp53
 70
     1
102
RTVSPost2010Prop54
  1
strokes_ogs.tif
102
RTVSPost2010PropOp54
 70
     1
102
RTVSPost2010Prop55
280
     0
102
RTVSPost2010PropOp55
 70
     1
102
RTVSPost2010Prop56
140
1.0
102
RTVSPost2010PropOp56
 70
     1
102
RTVSPost2010Prop57
140
1.0
102
RTVSPost2010PropOp57
 70
     1
  0
XRECORD
  5
42C
102
{ACAD_REACTORS
330
42B
102
}
330
42B
100
AcDbXrecord
280
     1
102
RTVSPost2010Prop28
280
     0
102
RTVSPost2010PropOp28
 70
     0
102
RTVSPost2010Prop29
280
     1
102
RTVSPost2010PropOp29
 70
     0
102
RTVSPost2010Prop30
280
     1
102
RTVSPost2010PropOp30
 70
     0
102
RTVSPost2010Prop31
280
     0
102
RTVSPost2010PropOp31
 70
     0
102
RTVSPost2010Prop32
280
     0
102
RTVSPost2010PropOp32
 70
     0
102
RTVSPost2010Prop33
280
     0
102
RTVSPost2010PropOp33
 70
     0
102
RTVSPost2010Prop34
280
     0
102
RTVSPost2010PropOp34
 70
     0
102
RTVSPost2010Prop35
280
     0
102
RTVSPost2010PropOp35
 70
     0
102
RTVSPost2010Prop36
280
     0
102
RTVSPost2010PropOp36
 70
     0
102
RTVSPost2010Prop37
 90
       50
102
RTVSPost2010PropOp37
 70
     0
102
RTVSPost2010Prop38
140
0.0
102
RTVSPost2010PropOp38
 70
     0
102
RTVSPost2010Prop39
140
1.0
102
RTVSPost2010PropOp39
 70
     0
102
RTVSPost2010Prop40
 90
        0
102
RTVSPost2010PropOp40
 70
     0
102
RTVSPost2010Prop41ColorIndex
 90
       18
102
RTVSPost2010Prop41ColorRGB
 90
        0
102
RTVSPost2010PropOp41
 70
     0
102
RTVSPost2010Prop42
 90
       50
102
RTVSPost2010PropOp42
 70
     0
102
RTVSPost2010Prop43
 90
        3
102
RTVSPost2010PropOp43
 70
     0
102
RTVSPost2010Prop44ColorIndex
 90
        5
102
RTVSPost2010Prop44ColorRGB
 90
      255
102
RTVSPost2010PropOp44
 70
     0
102
RTVSPost2010Prop45
280
     0
102
RTVSPost2010PropOp45
 70
     0
102
RTVSPost2010Prop46
 90
       50
102
RTVSPost2010PropOp46
 70
     0
102
RTVSPost2010Prop47
 90
       50
102
RTVSPost2010PropOp47
 70
     0
102
RTVSPost2010Prop48
 90
       50
102
RTVSPost2010PropOp48
 70
     0
102
RTVSPost2010Prop49
280
     0
102
RTVSPost2010PropOp49
 70
     0
102
RTVSPost2010Prop50
 90
       50
102
RTVSPost2010PropOp50
 70
     0
102
RTVSPost2010Prop51ColorIndex
 90
      256
102
RTVSPost2010Prop51ColorRGB
 90
-16777216
102
RTVSPost2010PropOp51
 70
     0
102
RTVSPost2010Prop52
140
1.0
102
RTVSPost2010PropOp52
 70
     0
102
RTVSPost2010Prop53
 90
        2
102
RTVSPost2010PropOp53
 70
     0
102
RTVSPost2010Prop54
  1
strokes_ogs.tif
102
RTVSPost2010PropOp54
 70
     0
102
RTVSPost2010Prop55
280
     0
102
RTVSPost2010PropOp55
 70
     0
102
RTVSPost2010Prop56
140
1.0
102
RTVSPost2010PropOp56
 70
     0
102
RTVSPost2010Prop57
140
1.0
102
RTVSPost2010PropOp57
 70
     0
  0
XRECORD
  5
41A
102
{ACAD_REACTORS
330
419
102
}
330
419
100
AcDbXrecord
280
     1
102
RTVSPost2010Prop28
280
     0
102
RTVSPost2010PropOp28
 70
     1
102
RTVSPost2010Prop29
280
     1
102
RTVSPost2010PropOp29
 70
     1
102
RTVSPost2010Prop30
280
     1
102
RTVSPost2010PropOp30
 70
     1
102
RTVSPost2010Prop31
280
     0
102
RTVSPost2010PropOp31
 70
     1
102
RTVSPost2010Prop32
280
     0
102
RTVSPost2010PropOp32
 70
     1
102
RTVSPost2010Prop33
280
     0
102
RTVSPost2010PropOp33
 70
     1
102
RTVSPost2010Prop34
280
     0
102
RTVSPost2010PropOp34
 70
     1
102
RTVSPost2010Prop35
280
     0
102
RTVSPost2010PropOp35
 70
     1
102
RTVSPost2010Prop36
280
     0
102
RTVSPost2010PropOp36
 70
     1
102
RTVSPost2010Prop37
 90
       50
102
RTVSPost2010PropOp37
 70
     1
102
RTVSPost2010Prop38
140
0.0
102
RTVSPost2010PropOp38
 70
     1
102
RTVSPost2010Prop39
140
1.0
102
RTVSPost2010PropOp39
 70
     1
102
RTVSPost2010Prop40
 90
        0
102
RTVSPost2010PropOp40
 70
     1
102
RTVSPost2010Prop41ColorIndex
 90
       18
102
RTVSPost2010Prop41ColorRGB
 90
        0
102
RTVSPost2010PropOp41
 70
     1
102
RTVSPost2010Prop42
 90
       50
102
RTVSPost2010PropOp42
 70
     1
102
RTVSPost2010Prop43
 90
        3
102
RTVSPost2010PropOp43
 70
     1
102
RTVSPost2010Prop44ColorIndex
 90
        5
102
RTVSPost2010Prop44ColorRGB
 90
      255
102
RTVSPost2010PropOp44
 70
     1
102
RTVSPost2010Prop45
280
     0
102
RTVSPost2010PropOp45
 70
     1
102
RTVSPost2010Prop46
 90
       50
102
RTVSPost2010PropOp46
 70
     1
102
RTVSPost2010Prop47
 90
       50
102
RTVSPost2010PropOp47
 70
     1
102
RTVSPost2010Prop48
 90
       50
102
RTVSPost2010PropOp48
 70
     1
102
RTVSPost2010Prop49
280
     0
102
RTVSPost2010PropOp49
 70
     1
102
RTVSPost2010Prop50
 90
       50
102
RTVSPost2010PropOp50
 70
     1
102
RTVSPost2010Prop51ColorIndex
 90
      256
102
RTVSPost2010Prop51ColorRGB
 90
-16777216
102
RTVSPost2010PropOp51
 70
     0
102
RTVSPost2010Prop52
140
1.0
102
RTVSPost2010PropOp52
 70
     0
102
RTVSPost2010Prop53
 90
        2
102
RTVSPost2010PropOp53
 70
     1
102
RTVSPost2010Prop54
  1
strokes_ogs.tif
102
RTVSPost2010PropOp54
 70
     1
102
RTVSPost2010Prop55
280
     0
102
RTVSPost2010PropOp55
 70
     1
102
RTVSPost2010Prop56
140
1.0
102
RTVSPost2010PropOp56
 70
     1
102
RTVSPost2010Prop57
140
1.0
102
RTVSPost2010PropOp57
 70
     1
  0
XRECORD
  5
438
102
{ACAD_REACTORS
330
437
102
}
330
437
100
AcDbXrecord
280
     1
102
RTVSPost2010Prop28
280
     0
102
RTVSPost2010PropOp28
 70
     1
102
RTVSPost2010Prop29
280
     1
102
RTVSPost2010PropOp29
 70
     1
102
RTVSPost2010Prop30
280
     1
102
RTVSPost2010PropOp30
 70
     1
102
RTVSPost2010Prop31
280
     0
102
RTVSPost2010PropOp31
 70
     1
102
RTVSPost2010Prop32
280
     0
102
RTVSPost2010PropOp32
 70
     1
102
RTVSPost2010Prop33
280
     0
102
RTVSPost2010PropOp33
 70
     1
102
RTVSPost2010Prop34
280
     0
102
RTVSPost2010PropOp34
 70
     1
102
RTVSPost2010Prop35
280
     0
102
RTVSPost2010PropOp35
 70
     1
102
RTVSPost2010Prop36
280
     0
102
RTVSPost2010PropOp36
 70
     1
102
RTVSPost2010Prop37
 90
       50
102
RTVSPost2010PropOp37
 70
     1
102
RTVSPost2010Prop38
140
0.0
102
RTVSPost2010PropOp38
 70
     1
102
RTVSPost2010Prop39
140
1.0
102
RTVSPost2010PropOp39
 70
     1
102
RTVSPost2010Prop40
 90
        0
102
RTVSPost2010PropOp40
 70
     1
102
RTVSPost2010Prop41ColorIndex
 90
       18
102
RTVSPost2010Prop41ColorRGB
 90
        0
102
RTVSPost2010PropOp41
 70
     1
102
RTVSPost2010Prop42
 90
       50
102
RTVSPost2010PropOp42
 70
     1
102
RTVSPost2010Prop43
 90
        3
102
RTVSPost2010PropOp43
 70
     1
102
RTVSPost2010Prop44ColorIndex
 90
        5
102
RTVSPost2010Prop44ColorRGB
 90
      255
102
RTVSPost2010PropOp44
 70
     1
102
RTVSPost2010Prop45
280
     0
102
RTVSPost2010PropOp45
 70
     1
102
RTVSPost2010Prop46
 90
       50
102
RTVSPost2010PropOp46
 70
     1
102
RTVSPost2010Prop47
 90
       50
102
RTVSPost2010PropOp47
 70
     1
102
RTVSPost2010Prop48
 90
       50
102
RTVSPost2010PropOp48
 70
     1
102
RTVSPost2010Prop49
280
     0
102
RTVSPost2010PropOp49
 70
     1
102
RTVSPost2010Prop50
 90
       50
102
RTVSPost2010PropOp50
 70
     1
102
RTVSPost2010Prop51ColorIndex
 90
      256
102
RTVSPost2010Prop51ColorRGB
 90
-16777216
102
RTVSPost2010PropOp51
 70
     0
102
RTVSPost2010Prop52
140
1.0
102
RTVSPost2010PropOp52
 70
     0
102
RTVSPost2010Prop53
 90
        2
102
RTVSPost2010PropOp53
 70
     1
102
RTVSPost2010Prop54
  1
strokes_ogs.tif
102
RTVSPost2010PropOp54
 70
     1
102
RTVSPost2010Prop55
280
     0
102
RTVSPost2010PropOp55
 70
     1
102
RTVSPost2010Prop56
140
1.0
102
RTVSPost2010PropOp56
 70
     1
102
RTVSPost2010Prop57
140
1.0
102
RTVSPost2010PropOp57
 70
     1
  0
XRECORD
  5
436
102
{ACAD_REACTORS
330
435
102
}
330
435
100
AcDbXrecord
280
     1
102
RTVSPost2010Prop28
280
     0
102
RTVSPost2010PropOp28
 70
     1
102
RTVSPost2010Prop29
280
     1
102
RTVSPost2010PropOp29
 70
     1
102
RTVSPost2010Prop30
280
     1
102
RTVSPost2010PropOp30
 70
     1
102
RTVSPost2010Prop31
280
     0
102
RTVSPost2010PropOp31
 70
     1
102
RTVSPost2010Prop32
280
     0
102
RTVSPost2010PropOp32
 70
     1
102
RTVSPost2010Prop33
280
     0
102
RTVSPost2010PropOp33
 70
     1
102
RTVSPost2010Prop34
280
     0
102
RTVSPost2010PropOp34
 70
     1
102
RTVSPost2010Prop35
280
     0
102
RTVSPost2010PropOp35
 70
     1
102
RTVSPost2010Prop36
280
     0
102
RTVSPost2010PropOp36
 70
     1
102
RTVSPost2010Prop37
 90
       50
102
RTVSPost2010PropOp37
 70
     1
102
RTVSPost2010Prop38
140
0.0
102
RTVSPost2010PropOp38
 70
     1
102
RTVSPost2010Prop39
140
1.0
102
RTVSPost2010PropOp39
 70
     1
102
RTVSPost2010Prop40
 90
        0
102
RTVSPost2010PropOp40
 70
     1
102
RTVSPost2010Prop41ColorIndex
 90
       18
102
RTVSPost2010Prop41ColorRGB
 90
        0
102
RTVSPost2010PropOp41
 70
     1
102
RTVSPost2010Prop42
 90
       50
102
RTVSPost2010PropOp42
 70
     1
102
RTVSPost2010Prop43
 90
        3
102
RTVSPost2010PropOp43
 70
     1
102
RTVSPost2010Prop44ColorIndex
 90
        5
102
RTVSPost2010Prop44ColorRGB
 90
      255
102
RTVSPost2010PropOp44
 70
     1
102
RTVSPost2010Prop45
280
     0
102
RTVSPost2010PropOp45
 70
     1
102
RTVSPost2010Prop46
 90
       50
102
RTVSPost2010PropOp46
 70
     1
102
RTVSPost2010Prop47
 90
       50
102
RTVSPost2010PropOp47
 70
     1
102
RTVSPost2010Prop48
 90
       50
102
RTVSPost2010PropOp48
 70
     1
102
RTVSPost2010Prop49
280
     0
102
RTVSPost2010PropOp49
 70
     1
102
RTVSPost2010Prop50
 90
       50
102
RTVSPost2010PropOp50
 70
     1
102
RTVSPost2010Prop51ColorIndex
 90
      256
102
RTVSPost2010Prop51ColorRGB
 90
-16777216
102
RTVSPost2010PropOp51
 70
     0
102
RTVSPost2010Prop52
140
1.0
102
RTVSPost2010PropOp52
 70
     0
102
RTVSPost2010Prop53
 90
        2
102
RTVSPost2010PropOp53
 70
     1
102
RTVSPost2010Prop54
  1
strokes_ogs.tif
102
RTVSPost2010PropOp54
 70
     1
102
RTVSPost2010Prop55
280
     0
102
RTVSPost2010PropOp55
 70
     1
102
RTVSPost2010Prop56
140
1.0
102
RTVSPost2010PropOp56
 70
     1
102
RTVSPost2010Prop57
140
1.0
102
RTVSPost2010PropOp57
 70
     1
  0
XRECORD
  5
430
102
{ACAD_REACTORS
330
42F
102
}
330
42F
100
AcDbXrecord
280
     1
102
RTVSPost2010Prop28
280
     0
102
RTVSPost2010PropOp28
 70
     1
102
RTVSPost2010Prop29
280
     1
102
RTVSPost2010PropOp29
 70
     1
102
RTVSPost2010Prop30
280
     1
102
RTVSPost2010PropOp30
 70
     1
102
RTVSPost2010Prop31
280
     0
102
RTVSPost2010PropOp31
 70
     1
102
RTVSPost2010Prop32
280
     0
102
RTVSPost2010PropOp32
 70
     1
102
RTVSPost2010Prop33
280
     0
102
RTVSPost2010PropOp33
 70
     1
102
RTVSPost2010Prop34
280
     0
102
RTVSPost2010PropOp34
 70
     1
102
RTVSPost2010Prop35
280
     0
102
RTVSPost2010PropOp35
 70
     1
102
RTVSPost2010Prop36
280
     0
102
RTVSPost2010PropOp36
 70
     1
102
RTVSPost2010Prop37
 90
       50
102
RTVSPost2010PropOp37
 70
     1
102
RTVSPost2010Prop38
140
0.0
102
RTVSPost2010PropOp38
 70
     1
102
RTVSPost2010Prop39
140
1.0
102
RTVSPost2010PropOp39
 70
     1
102
RTVSPost2010Prop40
 90
        0
102
RTVSPost2010PropOp40
 70
     1
102
RTVSPost2010Prop41ColorIndex
 90
       18
102
RTVSPost2010Prop41ColorRGB
 90
        0
102
RTVSPost2010PropOp41
 70
     1
102
RTVSPost2010Prop42
 90
       50
102
RTVSPost2010PropOp42
 70
     1
102
RTVSPost2010Prop43
 90
        3
102
RTVSPost2010PropOp43
 70
     1
102
RTVSPost2010Prop44ColorIndex
 90
        5
102
RTVSPost2010Prop44ColorRGB
 90
      255
102
RTVSPost2010PropOp44
 70
     1
102
RTVSPost2010Prop45
280
     0
102
RTVSPost2010PropOp45
 70
     1
102
RTVSPost2010Prop46
 90
       50
102
RTVSPost2010PropOp46
 70
     1
102
RTVSPost2010Prop47
 90
       50
102
RTVSPost2010PropOp47
 70
     1
102
RTVSPost2010Prop48
 90
       50
102
RTVSPost2010PropOp48
 70
     1
102
RTVSPost2010Prop49
280
     0
102
RTVSPost2010PropOp49
 70
     1
102
RTVSPost2010Prop50
 90
       50
102
RTVSPost2010PropOp50
 70
     1
102
RTVSPost2010Prop51ColorIndex
 90
      256
102
RTVSPost2010Prop51ColorRGB
 90
-16777216
102
RTVSPost2010PropOp51
 70
     0
102
RTVSPost2010Prop52
140
1.0
102
RTVSPost2010PropOp52
 70
     0
102
RTVSPost2010Prop53
 90
        2
102
RTVSPost2010PropOp53
 70
     1
102
RTVSPost2010Prop54
  1
strokes_ogs.tif
102
RTVSPost2010PropOp54
 70
     1
102
RTVSPost2010Prop55
280
     0
102
RTVSPost2010PropOp55
 70
     1
102
RTVSPost2010Prop56
140
1.0
102
RTVSPost2010PropOp56
 70
     1
102
RTVSPost2010Prop57
140
1.0
102
RTVSPost2010PropOp57
 70
     1
  0
XRECORD
  5
432
102
{ACAD_REACTORS
330
431
102
}
330
431
100
AcDbXrecord
280
     1
102
RTVSPost2010Prop28
280
     0
102
RTVSPost2010PropOp28
 70
     1
102
RTVSPost2010Prop29
280
     1
102
RTVSPost2010PropOp29
 70
     1
102
RTVSPost2010Prop30
280
     1
102
RTVSPost2010PropOp30
 70
     1
102
RTVSPost2010Prop31
280
     0
102
RTVSPost2010PropOp31
 70
     1
102
RTVSPost2010Prop32
280
     0
102
RTVSPost2010PropOp32
 70
     1
102
RTVSPost2010Prop33
280
     0
102
RTVSPost2010PropOp33
 70
     1
102
RTVSPost2010Prop34
280
     0
102
RTVSPost2010PropOp34
 70
     1
102
RTVSPost2010Prop35
280
     0
102
RTVSPost2010PropOp35
 70
     1
102
RTVSPost2010Prop36
280
     0
102
RTVSPost2010PropOp36
 70
     1
102
RTVSPost2010Prop37
 90
       50
102
RTVSPost2010PropOp37
 70
     1
102
RTVSPost2010Prop38
140
0.0
102
RTVSPost2010PropOp38
 70
     1
102
RTVSPost2010Prop39
140
1.0
102
RTVSPost2010PropOp39
 70
     1
102
RTVSPost2010Prop40
 90
        0
102
RTVSPost2010PropOp40
 70
     1
102
RTVSPost2010Prop41ColorIndex
 90
       18
102
RTVSPost2010Prop41ColorRGB
 90
        0
102
RTVSPost2010PropOp41
 70
     1
102
RTVSPost2010Prop42
 90
       50
102
RTVSPost2010PropOp42
 70
     1
102
RTVSPost2010Prop43
 90
        3
102
RTVSPost2010PropOp43
 70
     1
102
RTVSPost2010Prop44ColorIndex
 90
        5
102
RTVSPost2010Prop44ColorRGB
 90
      255
102
RTVSPost2010PropOp44
 70
     1
102
RTVSPost2010Prop45
280
     0
102
RTVSPost2010PropOp45
 70
     1
102
RTVSPost2010Prop46
 90
       50
102
RTVSPost2010PropOp46
 70
     1
102
RTVSPost2010Prop47
 90
       50
102
RTVSPost2010PropOp47
 70
     1
102
RTVSPost2010Prop48
 90
       50
102
RTVSPost2010PropOp48
 70
     1
102
RTVSPost2010Prop49
280
     0
102
RTVSPost2010PropOp49
 70
     1
102
RTVSPost2010Prop50
 90
       50
102
RTVSPost2010PropOp50
 70
     1
102
RTVSPost2010Prop51ColorIndex
 90
      256
102
RTVSPost2010Prop51ColorRGB
 90
-16777216
102
RTVSPost2010PropOp51
 70
     0
102
RTVSPost2010Prop52
140
1.0
102
RTVSPost2010PropOp52
 70
     0
102
RTVSPost2010Prop53
 90
        2
102
RTVSPost2010PropOp53
 70
     1
102
RTVSPost2010Prop54
  1
strokes_ogs.tif
102
RTVSPost2010PropOp54
 70
     1
102
RTVSPost2010Prop55
280
     0
102
RTVSPost2010PropOp55
 70
     1
102
RTVSPost2010Prop56
140
1.0
102
RTVSPost2010PropOp56
 70
     1
102
RTVSPost2010Prop57
140
1.0
102
RTVSPost2010PropOp57
 70
     1
  0
XRECORD
  5
422
102
{ACAD_REACTORS
330
421
102
}
330
421
100
AcDbXrecord
280
     1
102
RTVSPost2010Prop28
280
     0
102
RTVSPost2010PropOp28
 70
     1
102
RTVSPost2010Prop29
280
     1
102
RTVSPost2010PropOp29
 70
     1
102
RTVSPost2010Prop30
280
     1
102
RTVSPost2010PropOp30
 70
     1
102
RTVSPost2010Prop31
280
     0
102
RTVSPost2010PropOp31
 70
     1
102
RTVSPost2010Prop32
280
     0
102
RTVSPost2010PropOp32
 70
     1
102
RTVSPost2010Prop33
280
     0
102
RTVSPost2010PropOp33
 70
     1
102
RTVSPost2010Prop34
280
     0
102
RTVSPost2010PropOp34
 70
     1
102
RTVSPost2010Prop35
280
     0
102
RTVSPost2010PropOp35
 70
     1
102
RTVSPost2010Prop36
280
     0
102
RTVSPost2010PropOp36
 70
     1
102
RTVSPost2010Prop37
 90
       50
102
RTVSPost2010PropOp37
 70
     1
102
RTVSPost2010Prop38
140
0.0
102
RTVSPost2010PropOp38
 70
     1
102
RTVSPost2010Prop39
140
1.0
102
RTVSPost2010PropOp39
 70
     1
102
RTVSPost2010Prop40
 90
        0
102
RTVSPost2010PropOp40
 70
     1
102
RTVSPost2010Prop41ColorIndex
 90
       18
102
RTVSPost2010Prop41ColorRGB
 90
        0
102
RTVSPost2010PropOp41
 70
     1
102
RTVSPost2010Prop42
 90
       50
102
RTVSPost2010PropOp42
 70
     1
102
RTVSPost2010Prop43
 90
        3
102
RTVSPost2010PropOp43
 70
     1
102
RTVSPost2010Prop44ColorIndex
 90
        5
102
RTVSPost2010Prop44ColorRGB
 90
      255
102
RTVSPost2010PropOp44
 70
     1
102
RTVSPost2010Prop45
280
     0
102
RTVSPost2010PropOp45
 70
     1
102
RTVSPost2010Prop46
 90
       50
102
RTVSPost2010PropOp46
 70
     1
102
RTVSPost2010Prop47
 90
       50
102
RTVSPost2010PropOp47
 70
     1
102
RTVSPost2010Prop48
 90
       50
102
RTVSPost2010PropOp48
 70
     1
102
RTVSPost2010Prop49
280
     0
102
RTVSPost2010PropOp49
 70
     1
102
RTVSPost2010Prop50
 90
       50
102
RTVSPost2010PropOp50
 70
     1
102
RTVSPost2010Prop51ColorIndex
 90
      256
102
RTVSPost2010Prop51ColorRGB
 90
-16777216
102
RTVSPost2010PropOp51
 70
     0
102
RTVSPost2010Prop52
140
1.0
102
RTVSPost2010PropOp52
 70
     0
102
RTVSPost2010Prop53
 90
        2
102
RTVSPost2010PropOp53
 70
     1
102
RTVSPost2010Prop54
  1
strokes_ogs.tif
102
RTVSPost2010PropOp54
 70
     1
102
RTVSPost2010Prop55
280
     0
102
RTVSPost2010PropOp55
 70
     1
102
RTVSPost2010Prop56
140
1.0
102
RTVSPost2010PropOp56
 70
     1
102
RTVSPost2010Prop57
140
1.0
102
RTVSPost2010PropOp57
 70
     1
  0
XRECORD
  5
414
102
{ACAD_REACTORS
330
413
102
}
330
413
100
AcDbXrecord
280
     1
102
RTVSPost2010Prop28
280
     0
102
RTVSPost2010PropOp28
 70
     1
102
RTVSPost2010Prop29
280
     1
102
RTVSPost2010PropOp29
 70
     1
102
RTVSPost2010Prop30
280
     1
102
RTVSPost2010PropOp30
 70
     1
102
RTVSPost2010Prop31
280
     0
102
RTVSPost2010PropOp31
 70
     1
102
RTVSPost2010Prop32
280
     0
102
RTVSPost2010PropOp32
 70
     1
102
RTVSPost2010Prop33
280
     0
102
RTVSPost2010PropOp33
 70
     1
102
RTVSPost2010Prop34
280
     0
102
RTVSPost2010PropOp34
 70
     1
102
RTVSPost2010Prop35
280
     0
102
RTVSPost2010PropOp35
 70
     1
102
RTVSPost2010Prop36
280
     0
102
RTVSPost2010PropOp36
 70
     1
102
RTVSPost2010Prop37
 90
       50
102
RTVSPost2010PropOp37
 70
     1
102
RTVSPost2010Prop38
140
0.0
102
RTVSPost2010PropOp38
 70
     1
102
RTVSPost2010Prop39
140
1.0
102
RTVSPost2010PropOp39
 70
     1
102
RTVSPost2010Prop40
 90
        0
102
RTVSPost2010PropOp40
 70
     1
102
RTVSPost2010Prop41ColorIndex
 90
       18
102
RTVSPost2010Prop41ColorRGB
 90
        0
102
RTVSPost2010PropOp41
 70
     1
102
RTVSPost2010Prop42
 90
       50
102
RTVSPost2010PropOp42
 70
     1
102
RTVSPost2010Prop43
 90
        3
102
RTVSPost2010PropOp43
 70
     1
102
RTVSPost2010Prop44ColorIndex
 90
        5
102
RTVSPost2010Prop44ColorRGB
 90
      255
102
RTVSPost2010PropOp44
 70
     1
102
RTVSPost2010Prop45
280
     0
102
RTVSPost2010PropOp45
 70
     1
102
RTVSPost2010Prop46
 90
       50
102
RTVSPost2010PropOp46
 70
     1
102
RTVSPost2010Prop47
 90
       50
102
RTVSPost2010PropOp47
 70
     1
102
RTVSPost2010Prop48
 90
       50
102
RTVSPost2010PropOp48
 70
     1
102
RTVSPost2010Prop49
280
     0
102
RTVSPost2010PropOp49
 70
     1
102
RTVSPost2010Prop50
 90
       50
102
RTVSPost2010PropOp50
 70
     1
102
RTVSPost2010Prop51ColorIndex
 90
      256
102
RTVSPost2010Prop51ColorRGB
 90
-16777216
102
RTVSPost2010PropOp51
 70
     0
102
RTVSPost2010Prop52
140
1.0
102
RTVSPost2010PropOp52
 70
     0
102
RTVSPost2010Prop53
 90
        2
102
RTVSPost2010PropOp53
 70
     1
102
RTVSPost2010Prop54
  1
strokes_ogs.tif
102
RTVSPost2010PropOp54
 70
     1
102
RTVSPost2010Prop55
280
     0
102
RTVSPost2010PropOp55
 70
     1
102
RTVSPost2010Prop56
140
1.0
102
RTVSPost2010PropOp56
 70
     1
102
RTVSPost2010Prop57
140
1.0
102
RTVSPost2010PropOp57
 70
     1
  0
XRECORD
  5
434
102
{ACAD_REACTORS
330
433
102
}
330
433
100
AcDbXrecord
280
     1
102
RTVSPost2010Prop28
280
     0
102
RTVSPost2010PropOp28
 70
     1
102
RTVSPost2010Prop29
280
     1
102
RTVSPost2010PropOp29
 70
     1
102
RTVSPost2010Prop30
280
     1
102
RTVSPost2010PropOp30
 70
     1
102
RTVSPost2010Prop31
280
     0
102
RTVSPost2010PropOp31
 70
     1
102
RTVSPost2010Prop32
280
     0
102
RTVSPost2010PropOp32
 70
     1
102
RTVSPost2010Prop33
280
     0
102
RTVSPost2010PropOp33
 70
     1
102
RTVSPost2010Prop34
280
     0
102
RTVSPost2010PropOp34
 70
     1
102
RTVSPost2010Prop35
280
     0
102
RTVSPost2010PropOp35
 70
     1
102
RTVSPost2010Prop36
280
     0
102
RTVSPost2010PropOp36
 70
     1
102
RTVSPost2010Prop37
 90
       50
102
RTVSPost2010PropOp37
 70
     1
102
RTVSPost2010Prop38
140
0.0
102
RTVSPost2010PropOp38
 70
     1
102
RTVSPost2010Prop39
140
1.0
102
RTVSPost2010PropOp39
 70
     1
102
RTVSPost2010Prop40
 90
        0
102
RTVSPost2010PropOp40
 70
     1
102
RTVSPost2010Prop41ColorIndex
 90
       18
102
RTVSPost2010Prop41ColorRGB
 90
        0
102
RTVSPost2010PropOp41
 70
     1
102
RTVSPost2010Prop42
 90
       50
102
RTVSPost2010PropOp42
 70
     1
102
RTVSPost2010Prop43
 90
        3
102
RTVSPost2010PropOp43
 70
     1
102
RTVSPost2010Prop44ColorIndex
 90
        5
102
RTVSPost2010Prop44ColorRGB
 90
      255
102
RTVSPost2010PropOp44
 70
     1
102
RTVSPost2010Prop45
280
     0
102
RTVSPost2010PropOp45
 70
     1
102
RTVSPost2010Prop46
 90
       50
102
RTVSPost2010PropOp46
 70
     1
102
RTVSPost2010Prop47
 90
       50
102
RTVSPost2010PropOp47
 70
     1
102
RTVSPost2010Prop48
 90
       50
102
RTVSPost2010PropOp48
 70
     1
102
RTVSPost2010Prop49
280
     0
102
RTVSPost2010PropOp49
 70
     1
102
RTVSPost2010Prop50
 90
       50
102
RTVSPost2010PropOp50
 70
     1
102
RTVSPost2010Prop51ColorIndex
 90
      256
102
RTVSPost2010Prop51ColorRGB
 90
-16777216
102
RTVSPost2010PropOp51
 70
     0
102
RTVSPost2010Prop52
140
1.0
102
RTVSPost2010PropOp52
 70
     0
102
RTVSPost2010Prop53
 90
        2
102
RTVSPost2010PropOp53
 70
     1
102
RTVSPost2010Prop54
  1
strokes_ogs.tif
102
RTVSPost2010PropOp54
 70
     1
102
RTVSPost2010Prop55
280
     0
102
RTVSPost2010PropOp55
 70
     1
102
RTVSPost2010Prop56
140
1.0
102
RTVSPost2010PropOp56
 70
     1
102
RTVSPost2010Prop57
140
1.0
102
RTVSPost2010PropOp57
 70
     1
  0
ENDSEC
  0
EOF
