ISO-10303-21;
HEADER;

/* File generated by Shapr3D Version 26.150.0.11562 */

FILE_DESCRIPTION(('HOOPS Exchange Step'),'2;1');

FILE_NAME('/Users/tdbell11/Library/Containers/com.shapr3d.shapr/Data/tmp/export/temp_export',
'2026-08-29T15:41:03-07:00',
('tysonbell'),
('Shapr3D Limited'),
'HOOPS Exchange 2026.3',
'Shapr3D',
'Authorized');

FILE_SCHEMA( ('AP242_MANAGED_MODEL_BASED_3D_ENGINEERING_MIM_LF {1 0 10303 442 1 1 4}') );

ENDSEC;

DATA;
#3=(NAMED_UNIT(*)PLANE_ANGLE_UNIT()SI_UNIT($,.RADIAN.));
#4=PLANE_ANGLE_MEASURE_WITH_UNIT(PLANE_ANGLE_MEASURE(0.0174532925),#3);
#5=(CONVERSION_BASED_UNIT('DEGREE',#4)NAMED_UNIT(#6)PLANE_ANGLE_UNIT());
#6=DIMENSIONAL_EXPONENTS(0.,0.,0.,0.,0.,0.,0.);
#7=(NAMED_UNIT(*)SI_UNIT($,.STERADIAN.)SOLID_ANGLE_UNIT());
#8=(LENGTH_UNIT()NAMED_UNIT(*)SI_UNIT(.MILLI.,.METRE.));
#9=UNCERTAINTY_MEASURE_WITH_UNIT(LENGTH_MEASURE(1.000000E-05),#8,'DISTANCE_ACCURACY_VALUE','Maximum Tolerance applied to model');
#10=(GEOMETRIC_REPRESENTATION_CONTEXT(3)GLOBAL_UNCERTAINTY_ASSIGNED_CONTEXT((#9))GLOBAL_UNIT_ASSIGNED_CONTEXT((#8,#5,#7))REPRESENTATION_CONTEXT('','root'));
#12=CARTESIAN_POINT('',(0.,0.,0.));
#13=DIRECTION('',(0.,0.,1.));
#14=DIRECTION('',(1.,0.,0.));
#15=AXIS2_PLACEMENT_3D('TS3D_PRODUCT_CSYS',#12,#13,#14);
#27=CARTESIAN_POINT('',(75.,29.753701852,33.131250063));
#28=DIRECTION('',(-1.,0.,0.));
#29=DIRECTION('',(0.,0.422618262,0.906307787));
#30=AXIS2_PLACEMENT_3D('',#27,#28,#29);
#31=PLANE('',#30);
#32=CARTESIAN_POINT('',(75.,44.120770518,70.566892677));
#33=VERTEX_POINT('',#32);
#34=CARTESIAN_POINT('',(75.,12.847019149,3.500116437));
#35=VERTEX_POINT('',#34);
#36=CARTESIAN_POINT('',(75.,44.120770518,70.566892677));
#37=DIRECTION('',(0.,-0.422618262,-0.906307787));
#38=VECTOR('',#37,74.);
#39=LINE('',#36,#38);
#40=EDGE_CURVE('',#33,#35,#39,.T.);
#41=ORIENTED_EDGE('',*,*,#40,.T.);
#42=CARTESIAN_POINT('',(75.,15.384680953,2.316785304));
#43=VERTEX_POINT('',#42);
#44=CARTESIAN_POINT('',(75.,15.384680953,2.316785304));
#45=DIRECTION('',(0.,-0.906307787,0.422618262));
#46=VECTOR('',#45,2.8);
#47=LINE('',#44,#46);
#48=EDGE_CURVE('',#43,#35,#47,.T.);
#49=ORIENTED_EDGE('',*,*,#48,.F.);
#50=CARTESIAN_POINT('',(75.,46.658432322,69.383561545));
#51=VERTEX_POINT('',#50);
#52=CARTESIAN_POINT('',(75.,46.658432322,69.383561545));
#53=DIRECTION('',(0.,-0.422618262,-0.906307787));
#54=VECTOR('',#53,74.);
#55=LINE('',#52,#54);
#56=EDGE_CURVE('',#51,#43,#55,.T.);
#57=ORIENTED_EDGE('',*,*,#56,.F.);
#58=CARTESIAN_POINT('',(75.,46.658432322,69.383561545));
#59=DIRECTION('',(0.,-0.906307787,0.422618262));
#60=VECTOR('',#59,2.8);
#61=LINE('',#58,#60);
#62=EDGE_CURVE('',#51,#33,#61,.T.);
#63=ORIENTED_EDGE('',*,*,#62,.T.);
#64=EDGE_LOOP('',(#41,#49,#57,#63));
#65=FACE_BOUND('',#64,.T.);
#66=ADVANCED_FACE('',(#65),#31,.F.);
#67=CARTESIAN_POINT('',(38.,46.658432322,69.383561545));
#68=DIRECTION('',(0.,-0.422618262,-0.906307787));
#69=DIRECTION('',(-1.,0.,0.));
#70=AXIS2_PLACEMENT_3D('',#67,#68,#69);
#71=PLANE('',#70);
#72=CARTESIAN_POINT('',(1.,44.120770518,70.566892677));
#73=VERTEX_POINT('',#72);
#74=CARTESIAN_POINT('',(1.,44.120770518,70.566892677));
#75=DIRECTION('',(1.,0.,-0.));
#76=VECTOR('',#75,74.);
#77=LINE('',#74,#76);
#78=EDGE_CURVE('',#73,#33,#77,.T.);
#79=ORIENTED_EDGE('',*,*,#78,.T.);
#80=ORIENTED_EDGE('',*,*,#62,.F.);
#81=CARTESIAN_POINT('',(1.,46.658432322,69.383561545));
#82=VERTEX_POINT('',#81);
#83=CARTESIAN_POINT('',(1.,46.658432322,69.383561545));
#84=DIRECTION('',(1.,0.,-0.));
#85=VECTOR('',#84,74.);
#86=LINE('',#83,#85);
#87=EDGE_CURVE('',#82,#51,#86,.T.);
#88=ORIENTED_EDGE('',*,*,#87,.F.);
#89=CARTESIAN_POINT('',(1.,46.658432322,69.383561545));
#90=DIRECTION('',(0.,-0.906307787,0.422618262));
#91=VECTOR('',#90,2.8);
#92=LINE('',#89,#91);
#93=EDGE_CURVE('',#82,#73,#92,.T.);
#94=ORIENTED_EDGE('',*,*,#93,.T.);
#95=EDGE_LOOP('',(#79,#80,#88,#94));
#96=FACE_BOUND('',#95,.T.);
#97=ADVANCED_FACE('',(#96),#71,.F.);
#98=CARTESIAN_POINT('',(1.,29.753701852,33.131250063));
#99=DIRECTION('',(1.,0.,0.));
#100=DIRECTION('',(0.,-0.422618262,-0.906307787));
#101=AXIS2_PLACEMENT_3D('',#98,#99,#100);
#102=PLANE('',#101);
#103=CARTESIAN_POINT('',(1.,12.847019149,3.500116437));
#104=VERTEX_POINT('',#103);
#105=CARTESIAN_POINT('',(1.,12.847019149,3.500116437));
#106=DIRECTION('',(0.,0.422618262,0.906307787));
#107=VECTOR('',#106,74.);
#108=LINE('',#105,#107);
#109=EDGE_CURVE('',#104,#73,#108,.T.);
#110=ORIENTED_EDGE('',*,*,#109,.T.);
#111=ORIENTED_EDGE('',*,*,#93,.F.);
#112=CARTESIAN_POINT('',(1.,15.384680953,2.316785304));
#113=VERTEX_POINT('',#112);
#114=CARTESIAN_POINT('',(1.,15.384680953,2.316785304));
#115=DIRECTION('',(0.,0.422618262,0.906307787));
#116=VECTOR('',#115,74.);
#117=LINE('',#114,#116);
#118=EDGE_CURVE('',#113,#82,#117,.T.);
#119=ORIENTED_EDGE('',*,*,#118,.F.);
#120=CARTESIAN_POINT('',(1.,15.384680953,2.316785304));
#121=DIRECTION('',(0.,-0.906307787,0.422618262));
#122=VECTOR('',#121,2.8);
#123=LINE('',#120,#122);
#124=EDGE_CURVE('',#113,#104,#123,.T.);
#125=ORIENTED_EDGE('',*,*,#124,.T.);
#126=EDGE_LOOP('',(#110,#111,#119,#125));
#127=FACE_BOUND('',#126,.T.);
#128=ADVANCED_FACE('',(#127),#102,.F.);
#129=CARTESIAN_POINT('',(38.,15.384680953,2.316785304));
#130=DIRECTION('',(0.,0.422618262,0.906307787));
#131=DIRECTION('',(1.,-0.,-0.));
#132=AXIS2_PLACEMENT_3D('',#129,#130,#131);
#133=PLANE('',#132);
#134=CARTESIAN_POINT('',(75.,12.847019149,3.500116437));
#135=DIRECTION('',(-1.,0.,0.));
#136=VECTOR('',#135,74.);
#137=LINE('',#134,#136);
#138=EDGE_CURVE('',#35,#104,#137,.T.);
#139=ORIENTED_EDGE('',*,*,#138,.T.);
#140=ORIENTED_EDGE('',*,*,#124,.F.);
#141=CARTESIAN_POINT('',(75.,15.384680953,2.316785304));
#142=DIRECTION('',(-1.,0.,0.));
#143=VECTOR('',#142,74.);
#144=LINE('',#141,#143);
#145=EDGE_CURVE('',#43,#113,#144,.T.);
#146=ORIENTED_EDGE('',*,*,#145,.F.);
#147=ORIENTED_EDGE('',*,*,#48,.T.);
#148=EDGE_LOOP('',(#139,#140,#146,#147));
#149=FACE_BOUND('',#148,.T.);
#150=ADVANCED_FACE('',(#149),#133,.F.);
#151=CARTESIAN_POINT('',(0.,14.539444429,0.50416973));
#152=DIRECTION('',(0.,-0.906307787,0.422618262));
#153=DIRECTION('',(1.,0.,0.));
#154=AXIS2_PLACEMENT_3D('',#151,#152,#153);
#155=PLANE('',#154);
#156=ORIENTED_EDGE('',*,*,#56,.T.);
#157=ORIENTED_EDGE('',*,*,#145,.T.);
#158=ORIENTED_EDGE('',*,*,#118,.T.);
#159=ORIENTED_EDGE('',*,*,#87,.T.);
#160=EDGE_LOOP('',(#156,#157,#158,#159));
#161=FACE_BOUND('',#160,.T.);
#162=ADVANCED_FACE('',(#161),#155,.F.);
#163=CARTESIAN_POINT('',(0.,12.001782626,1.687500863));
#164=DIRECTION('',(0.,-0.906307787,0.422618262));
#165=DIRECTION('',(1.,0.,0.));
#166=AXIS2_PLACEMENT_3D('',#163,#164,#165);
#167=PLANE('',#166);
#168=ORIENTED_EDGE('',*,*,#40,.F.);
#169=ORIENTED_EDGE('',*,*,#78,.F.);
#170=ORIENTED_EDGE('',*,*,#109,.F.);
#171=ORIENTED_EDGE('',*,*,#138,.F.);
#172=EDGE_LOOP('',(#168,#169,#170,#171));
#173=FACE_BOUND('',#172,.T.);
#174=ADVANCED_FACE('',(#173),#167,.T.);
#175=CLOSED_SHELL('',(#66,#97,#128,#150,#162,#174));
#176=MANIFOLD_SOLID_BREP('Divider Subtractor (1)',#175);
#177=COLOUR_RGB('',0.627451003,0.627451003,0.643137276);
#178=FILL_AREA_STYLE_COLOUR('',#177);
#179=FILL_AREA_STYLE('',(#178));
#180=SURFACE_STYLE_FILL_AREA(#179);
#181=SURFACE_SIDE_STYLE('',(#180));
#182=SURFACE_STYLE_USAGE(.BOTH.,#181);
#183=PRESENTATION_STYLE_ASSIGNMENT((#182));
#26=STYLED_ITEM('',(#183),#176);
#185=CARTESIAN_POINT('',(0.,0.,70.));
#186=DIRECTION('',(0.,0.,1.));
#187=DIRECTION('',(1.,0.,0.));
#188=AXIS2_PLACEMENT_3D('',#185,#186,#187);
#189=PLANE('',#188);
#190=CARTESIAN_POINT('',(2.,47.070518281,70.));
#191=VERTEX_POINT('',#190);
#192=CARTESIAN_POINT('',(2.,265.968472575,70.));
#193=VERTEX_POINT('',#192);
#194=CARTESIAN_POINT('',(2.,47.070518281,70.));
#195=DIRECTION('',(-0.,1.,-0.));
#196=VECTOR('',#195,218.897954294);
#197=LINE('',#194,#196);
#198=EDGE_CURVE('',#191,#193,#197,.T.);
#199=ORIENTED_EDGE('',*,*,#198,.T.);
#200=CARTESIAN_POINT('',(74.,265.968472575,70.));
#201=VERTEX_POINT('',#200);
#202=CARTESIAN_POINT('',(2.,265.968472575,70.));
#203=DIRECTION('',(1.,-0.,-0.));
#204=VECTOR('',#203,72.);
#205=LINE('',#202,#204);
#206=EDGE_CURVE('',#193,#201,#205,.T.);
#207=ORIENTED_EDGE('',*,*,#206,.T.);
#208=CARTESIAN_POINT('',(74.,47.070518281,70.));
#209=VERTEX_POINT('',#208);
#210=CARTESIAN_POINT('',(74.,265.968472575,70.));
#211=DIRECTION('',(0.,-1.,-0.));
#212=VECTOR('',#211,218.897954294);
#213=LINE('',#210,#212);
#214=EDGE_CURVE('',#201,#209,#213,.T.);
#215=ORIENTED_EDGE('',*,*,#214,.T.);
#216=CARTESIAN_POINT('',(74.983659655,47.070518281,70.));
#217=VERTEX_POINT('',#216);
#218=CARTESIAN_POINT('',(74.,47.070518281,70.));
#219=DIRECTION('',(1.,0.,-0.));
#220=VECTOR('',#219,0.983659655);
#221=LINE('',#218,#220);
#222=EDGE_CURVE('',#209,#217,#221,.T.);
#223=ORIENTED_EDGE('',*,*,#222,.T.);
#224=CARTESIAN_POINT('',(74.983659655,43.981060107,70.));
#225=VERTEX_POINT('',#224);
#226=CARTESIAN_POINT('',(74.983659655,47.070518281,70.));
#227=DIRECTION('',(0.,-1.,0.));
#228=VECTOR('',#227,3.089458173);
#229=LINE('',#226,#228);
#230=EDGE_CURVE('',#217,#225,#229,.T.);
#231=ORIENTED_EDGE('',*,*,#230,.T.);
#232=CARTESIAN_POINT('',(74.,43.981060107,70.));
#233=VERTEX_POINT('',#232);
#234=CARTESIAN_POINT('',(74.,43.981060107,70.));
#235=DIRECTION('',(1.,0.,-0.));
#236=VECTOR('',#235,0.983659655);
#237=LINE('',#234,#236);
#238=EDGE_CURVE('',#233,#225,#237,.T.);
#239=ORIENTED_EDGE('',*,*,#238,.F.);
#240=CARTESIAN_POINT('',(74.,34.381984251,70.));
#241=VERTEX_POINT('',#240);
#242=CARTESIAN_POINT('',(74.,43.981060107,70.));
#243=DIRECTION('',(0.,-1.,-0.));
#244=VECTOR('',#243,9.599075857);
#245=LINE('',#242,#244);
#246=EDGE_CURVE('',#233,#241,#245,.T.);
#247=ORIENTED_EDGE('',*,*,#246,.T.);
#248=CARTESIAN_POINT('',(67.,34.381984251,70.));
#249=VERTEX_POINT('',#248);
#250=CARTESIAN_POINT('',(74.,34.381984251,70.));
#251=DIRECTION('',(-1.,-0.,-0.));
#252=VECTOR('',#251,7.);
#253=LINE('',#250,#252);
#254=EDGE_CURVE('',#241,#249,#253,.T.);
#255=ORIENTED_EDGE('',*,*,#254,.T.);
#256=CARTESIAN_POINT('',(67.,33.278606332,70.));
#257=VERTEX_POINT('',#256);
#258=CARTESIAN_POINT('',(67.,34.381984251,70.));
#259=DIRECTION('',(0.,-1.,0.));
#260=VECTOR('',#259,1.103377919);
#261=LINE('',#258,#260);
#262=EDGE_CURVE('',#249,#257,#261,.T.);
#263=ORIENTED_EDGE('',*,*,#262,.T.);
#264=CARTESIAN_POINT('',(75.,33.278606332,70.));
#265=VERTEX_POINT('',#264);
#266=CARTESIAN_POINT('',(67.,33.278606332,70.));
#267=DIRECTION('',(1.,0.,0.));
#268=VECTOR('',#267,8.);
#269=LINE('',#266,#268);
#270=EDGE_CURVE('',#257,#265,#269,.T.);
#271=ORIENTED_EDGE('',*,*,#270,.T.);
#272=CARTESIAN_POINT('',(75.,267.071850494,70.));
#273=VERTEX_POINT('',#272);
#274=CARTESIAN_POINT('',(75.,33.278606332,70.));
#275=DIRECTION('',(-0.,1.,0.));
#276=VECTOR('',#275,233.793244162);
#277=LINE('',#274,#276);
#278=EDGE_CURVE('',#265,#273,#277,.T.);
#279=ORIENTED_EDGE('',*,*,#278,.T.);
#280=CARTESIAN_POINT('',(1.,267.071850494,70.));
#281=VERTEX_POINT('',#280);
#282=CARTESIAN_POINT('',(75.,267.071850494,70.));
#283=DIRECTION('',(-1.,0.,0.));
#284=VECTOR('',#283,74.);
#285=LINE('',#282,#284);
#286=EDGE_CURVE('',#273,#281,#285,.T.);
#287=ORIENTED_EDGE('',*,*,#286,.T.);
#288=CARTESIAN_POINT('',(1.,47.070518281,70.));
#289=VERTEX_POINT('',#288);
#290=CARTESIAN_POINT('',(1.,267.071850494,70.));
#291=DIRECTION('',(0.,-1.,0.));
#292=VECTOR('',#291,220.001332213);
#293=LINE('',#290,#292);
#294=EDGE_CURVE('',#281,#289,#293,.T.);
#295=ORIENTED_EDGE('',*,*,#294,.T.);
#296=CARTESIAN_POINT('',(1.,47.070518281,70.));
#297=DIRECTION('',(1.,0.,-0.));
#298=VECTOR('',#297,1.);
#299=LINE('',#296,#298);
#300=EDGE_CURVE('',#289,#191,#299,.T.);
#301=ORIENTED_EDGE('',*,*,#300,.T.);
#302=EDGE_LOOP('',(#199,#207,#215,#223,#231,#239,#247,#255,#263,#271,#279,#287,#295,#301));
#303=FACE_BOUND('',#302,.T.);
#304=ADVANCED_FACE('',(#303),#189,.T.);
#305=CARTESIAN_POINT('',(0.,0.,70.));
#306=DIRECTION('',(0.,0.,1.));
#307=DIRECTION('',(1.,0.,0.));
#308=AXIS2_PLACEMENT_3D('',#305,#306,#307);
#309=PLANE('',#308);
#310=CARTESIAN_POINT('',(9.,33.278606332,70.));
#311=VERTEX_POINT('',#310);
#312=CARTESIAN_POINT('',(9.,34.381984251,70.));
#313=VERTEX_POINT('',#312);
#314=CARTESIAN_POINT('',(9.,33.278606332,70.));
#315=DIRECTION('',(-0.,1.,-0.));
#316=VECTOR('',#315,1.103377919);
#317=LINE('',#314,#316);
#318=EDGE_CURVE('',#311,#313,#317,.T.);
#319=ORIENTED_EDGE('',*,*,#318,.T.);
#320=CARTESIAN_POINT('',(2.,34.381984251,70.));
#321=VERTEX_POINT('',#320);
#322=CARTESIAN_POINT('',(9.,34.381984251,70.));
#323=DIRECTION('',(-1.,-0.,-0.));
#324=VECTOR('',#323,7.);
#325=LINE('',#322,#324);
#326=EDGE_CURVE('',#313,#321,#325,.T.);
#327=ORIENTED_EDGE('',*,*,#326,.T.);
#328=CARTESIAN_POINT('',(2.,43.981060107,70.));
#329=VERTEX_POINT('',#328);
#330=CARTESIAN_POINT('',(2.,34.381984251,70.));
#331=DIRECTION('',(-0.,1.,-0.));
#332=VECTOR('',#331,9.599075857);
#333=LINE('',#330,#332);
#334=EDGE_CURVE('',#321,#329,#333,.T.);
#335=ORIENTED_EDGE('',*,*,#334,.T.);
#336=CARTESIAN_POINT('',(1.,43.981060107,70.));
#337=VERTEX_POINT('',#336);
#338=CARTESIAN_POINT('',(1.,43.981060107,70.));
#339=DIRECTION('',(1.,0.,-0.));
#340=VECTOR('',#339,1.);
#341=LINE('',#338,#340);
#342=EDGE_CURVE('',#337,#329,#341,.T.);
#343=ORIENTED_EDGE('',*,*,#342,.F.);
#344=CARTESIAN_POINT('',(1.,33.278606332,70.));
#345=VERTEX_POINT('',#344);
#346=CARTESIAN_POINT('',(1.,43.981060107,70.));
#347=DIRECTION('',(0.,-1.,0.));
#348=VECTOR('',#347,10.702453776);
#349=LINE('',#346,#348);
#350=EDGE_CURVE('',#337,#345,#349,.T.);
#351=ORIENTED_EDGE('',*,*,#350,.T.);
#352=CARTESIAN_POINT('',(1.,33.278606332,70.));
#353=DIRECTION('',(1.,0.,0.));
#354=VECTOR('',#353,8.);
#355=LINE('',#352,#354);
#356=EDGE_CURVE('',#345,#311,#355,.T.);
#357=ORIENTED_EDGE('',*,*,#356,.T.);
#358=EDGE_LOOP('',(#319,#327,#335,#343,#351,#357));
#359=FACE_BOUND('',#358,.T.);
#360=ADVANCED_FACE('',(#359),#309,.T.);
#361=CARTESIAN_POINT('',(73.,118.,70.));
#362=DIRECTION('',(-1.,-0.,0.));
#363=DIRECTION('',(0.,-1.,0.));
#364=AXIS2_PLACEMENT_3D('',#361,#362,#363);
#365=PLANE('',#364);
#366=CARTESIAN_POINT('',(73.,56.153541133,12.189627165));
#367=VERTEX_POINT('',#366);
#368=CARTESIAN_POINT('',(73.,47.090463263,7.963444548));
#369=VERTEX_POINT('',#368);
#370=CARTESIAN_POINT('',(73.,51.622002198,10.076535856));
#371=DIRECTION('',(-1.,-0.,0.));
#372=DIRECTION('',(0.,-1.,0.));
#373=AXIS2_PLACEMENT_3D('',#370,#371,#372);
#374=CIRCLE('',#373,5.);
#375=EDGE_CURVE('',#367,#369,#374,.T.);
#376=ORIENTED_EDGE('',*,*,#375,.F.);
#377=CARTESIAN_POINT('',(73.,46.502240254,32.886908691));
#378=VERTEX_POINT('',#377);
#379=CARTESIAN_POINT('',(73.,56.153541133,12.189627165));
#380=DIRECTION('',(0.,-0.422618262,0.906307787));
#381=VECTOR('',#380,22.836923418);
#382=LINE('',#379,#381);
#383=EDGE_CURVE('',#367,#378,#382,.T.);
#384=ORIENTED_EDGE('',*,*,#383,.T.);
#385=CARTESIAN_POINT('',(73.,35.468461065,32.886908691));
#386=VERTEX_POINT('',#385);
#387=CARTESIAN_POINT('',(73.,35.468461065,32.886908691));
#388=DIRECTION('',(-0.,1.,0.));
#389=VECTOR('',#388,11.03377919);
#390=LINE('',#387,#389);
#391=EDGE_CURVE('',#386,#378,#390,.T.);
#392=ORIENTED_EDGE('',*,*,#391,.F.);
#393=CARTESIAN_POINT('',(73.,47.090463263,7.963444548));
#394=DIRECTION('',(0.,-0.422618262,0.906307787));
#395=VECTOR('',#394,27.5);
#396=LINE('',#393,#395);
#397=EDGE_CURVE('',#369,#386,#396,.T.);
#398=ORIENTED_EDGE('',*,*,#397,.F.);
#399=EDGE_LOOP('',(#376,#384,#392,#398));
#400=FACE_BOUND('',#399,.T.);
#401=CARTESIAN_POINT('',(73.,230.468461065,32.886908691));
#402=VERTEX_POINT('',#401);
#403=CARTESIAN_POINT('',(73.,218.846458867,57.810372835));
#404=VERTEX_POINT('',#403);
#405=CARTESIAN_POINT('',(73.,230.468461065,32.886908691));
#406=DIRECTION('',(0.,-0.422618262,0.906307787));
#407=VECTOR('',#406,27.5);
#408=LINE('',#405,#407);
#409=EDGE_CURVE('',#402,#404,#408,.T.);
#410=ORIENTED_EDGE('',*,*,#409,.F.);
#411=CARTESIAN_POINT('',(73.,239.531538935,37.113091309));
#412=VERTEX_POINT('',#411);
#413=CARTESIAN_POINT('',(73.,239.531538935,37.113091309));
#414=DIRECTION('',(0.,-0.906307787,-0.422618262));
#415=VECTOR('',#414,10.);
#416=LINE('',#413,#415);
#417=EDGE_CURVE('',#412,#402,#416,.T.);
#418=ORIENTED_EDGE('',*,*,#417,.F.);
#419=CARTESIAN_POINT('',(73.,227.909536737,62.036555452));
#420=VERTEX_POINT('',#419);
#421=CARTESIAN_POINT('',(73.,239.531538935,37.113091309));
#422=DIRECTION('',(0.,-0.422618262,0.906307787));
#423=VECTOR('',#422,27.5);
#424=LINE('',#421,#423);
#425=EDGE_CURVE('',#412,#420,#424,.T.);
#426=ORIENTED_EDGE('',*,*,#425,.T.);
#427=CARTESIAN_POINT('',(73.,223.377997802,59.923464144));
#428=DIRECTION('',(-1.,-0.,0.));
#429=DIRECTION('',(0.,-1.,0.));
#430=AXIS2_PLACEMENT_3D('',#427,#428,#429);
#431=CIRCLE('',#430,5.);
#432=EDGE_CURVE('',#404,#420,#431,.T.);
#433=ORIENTED_EDGE('',*,*,#432,.F.);
#434=EDGE_LOOP('',(#410,#418,#426,#433));
#435=FACE_BOUND('',#434,.T.);
#436=CARTESIAN_POINT('',(73.,76.153541133,12.189627165));
#437=VERTEX_POINT('',#436);
#438=CARTESIAN_POINT('',(73.,67.090463263,7.963444548));
#439=VERTEX_POINT('',#438);
#440=CARTESIAN_POINT('',(73.,71.622002198,10.076535856));
#441=DIRECTION('',(-1.,-0.,0.));
#442=DIRECTION('',(0.,-1.,0.));
#443=AXIS2_PLACEMENT_3D('',#440,#441,#442);
#444=CIRCLE('',#443,5.);
#445=EDGE_CURVE('',#437,#439,#444,.T.);
#446=ORIENTED_EDGE('',*,*,#445,.F.);
#447=CARTESIAN_POINT('',(73.,52.909536737,62.036555452));
#448=VERTEX_POINT('',#447);
#449=CARTESIAN_POINT('',(73.,76.153541133,12.189627165));
#450=DIRECTION('',(0.,-0.422618262,0.906307787));
#451=VECTOR('',#450,55.);
#452=LINE('',#449,#451);
#453=EDGE_CURVE('',#437,#448,#452,.T.);
#454=ORIENTED_EDGE('',*,*,#453,.T.);
#455=CARTESIAN_POINT('',(73.,43.846458867,57.810372835));
#456=VERTEX_POINT('',#455);
#457=CARTESIAN_POINT('',(73.,48.377997802,59.923464144));
#458=DIRECTION('',(-1.,-0.,0.));
#459=DIRECTION('',(0.,-1.,0.));
#460=AXIS2_PLACEMENT_3D('',#457,#458,#459);
#461=CIRCLE('',#460,5.);
#462=EDGE_CURVE('',#456,#448,#461,.T.);
#463=ORIENTED_EDGE('',*,*,#462,.F.);
#464=CARTESIAN_POINT('',(73.,67.090463263,7.963444548));
#465=DIRECTION('',(0.,-0.422618262,0.906307787));
#466=VECTOR('',#465,55.);
#467=LINE('',#464,#466);
#468=EDGE_CURVE('',#439,#456,#467,.T.);
#469=ORIENTED_EDGE('',*,*,#468,.F.);
#470=EDGE_LOOP('',(#446,#454,#463,#469));
#471=FACE_BOUND('',#470,.T.);
#472=CARTESIAN_POINT('',(73.,93.375763355,12.189627165));
#473=VERTEX_POINT('',#472);
#474=CARTESIAN_POINT('',(73.,84.312685485,7.963444548));
#475=VERTEX_POINT('',#474);
#476=CARTESIAN_POINT('',(73.,88.84422442,10.076535856));
#477=DIRECTION('',(-1.,-0.,0.));
#478=DIRECTION('',(0.,-1.,0.));
#479=AXIS2_PLACEMENT_3D('',#476,#477,#478);
#480=CIRCLE('',#479,5.);
#481=EDGE_CURVE('',#473,#475,#480,.T.);
#482=ORIENTED_EDGE('',*,*,#481,.F.);
#483=CARTESIAN_POINT('',(73.,70.13175896,62.036555452));
#484=VERTEX_POINT('',#483);
#485=CARTESIAN_POINT('',(73.,93.375763355,12.189627165));
#486=DIRECTION('',(0.,-0.422618262,0.906307787));
#487=VECTOR('',#486,55.);
#488=LINE('',#485,#487);
#489=EDGE_CURVE('',#473,#484,#488,.T.);
#490=ORIENTED_EDGE('',*,*,#489,.T.);
#491=CARTESIAN_POINT('',(73.,61.068681089,57.810372835));
#492=VERTEX_POINT('',#491);
#493=CARTESIAN_POINT('',(73.,65.600220024,59.923464144));
#494=DIRECTION('',(-1.,-0.,0.));
#495=DIRECTION('',(0.,-1.,0.));
#496=AXIS2_PLACEMENT_3D('',#493,#494,#495);
#497=CIRCLE('',#496,5.);
#498=EDGE_CURVE('',#492,#484,#497,.T.);
#499=ORIENTED_EDGE('',*,*,#498,.F.);
#500=CARTESIAN_POINT('',(73.,84.312685485,7.963444548));
#501=DIRECTION('',(0.,-0.422618262,0.906307787));
#502=VECTOR('',#501,55.);
#503=LINE('',#500,#502);
#504=EDGE_CURVE('',#475,#492,#503,.T.);
#505=ORIENTED_EDGE('',*,*,#504,.F.);
#506=EDGE_LOOP('',(#482,#490,#499,#505));
#507=FACE_BOUND('',#506,.T.);
#508=CARTESIAN_POINT('',(73.,110.597985577,12.189627165));
#509=VERTEX_POINT('',#508);
#510=CARTESIAN_POINT('',(73.,101.534907707,7.963444548));
#511=VERTEX_POINT('',#510);
#512=CARTESIAN_POINT('',(73.,106.066446642,10.076535856));
#513=DIRECTION('',(-1.,-0.,0.));
#514=DIRECTION('',(0.,-1.,0.));
#515=AXIS2_PLACEMENT_3D('',#512,#513,#514);
#516=CIRCLE('',#515,5.);
#517=EDGE_CURVE('',#509,#511,#516,.T.);
#518=ORIENTED_EDGE('',*,*,#517,.F.);
#519=CARTESIAN_POINT('',(73.,87.353981182,62.036555452));
#520=VERTEX_POINT('',#519);
#521=CARTESIAN_POINT('',(73.,110.597985577,12.189627165));
#522=DIRECTION('',(0.,-0.422618262,0.906307787));
#523=VECTOR('',#522,55.);
#524=LINE('',#521,#523);
#525=EDGE_CURVE('',#509,#520,#524,.T.);
#526=ORIENTED_EDGE('',*,*,#525,.T.);
#527=CARTESIAN_POINT('',(73.,78.290903311,57.810372835));
#528=VERTEX_POINT('',#527);
#529=CARTESIAN_POINT('',(73.,82.822442247,59.923464144));
#530=DIRECTION('',(-1.,-0.,0.));
#531=DIRECTION('',(0.,-1.,0.));
#532=AXIS2_PLACEMENT_3D('',#529,#530,#531);
#533=CIRCLE('',#532,5.);
#534=EDGE_CURVE('',#528,#520,#533,.T.);
#535=ORIENTED_EDGE('',*,*,#534,.F.);
#536=CARTESIAN_POINT('',(73.,101.534907707,7.963444548));
#537=DIRECTION('',(0.,-0.422618262,0.906307787));
#538=VECTOR('',#537,55.);
#539=LINE('',#536,#538);
#540=EDGE_CURVE('',#511,#528,#539,.T.);
#541=ORIENTED_EDGE('',*,*,#540,.F.);
#542=EDGE_LOOP('',(#518,#526,#535,#541));
#543=FACE_BOUND('',#542,.T.);
#544=CARTESIAN_POINT('',(73.,127.8202078,12.189627165));
#545=VERTEX_POINT('',#544);
#546=CARTESIAN_POINT('',(73.,118.757129929,7.963444548));
#547=VERTEX_POINT('',#546);
#548=CARTESIAN_POINT('',(73.,123.288668865,10.076535856));
#549=DIRECTION('',(-1.,-0.,0.));
#550=DIRECTION('',(0.,-1.,0.));
#551=AXIS2_PLACEMENT_3D('',#548,#549,#550);
#552=CIRCLE('',#551,5.);
#553=EDGE_CURVE('',#545,#547,#552,.T.);
#554=ORIENTED_EDGE('',*,*,#553,.F.);
#555=CARTESIAN_POINT('',(73.,104.576203404,62.036555452));
#556=VERTEX_POINT('',#555);
#557=CARTESIAN_POINT('',(73.,127.8202078,12.189627165));
#558=DIRECTION('',(0.,-0.422618262,0.906307787));
#559=VECTOR('',#558,55.);
#560=LINE('',#557,#559);
#561=EDGE_CURVE('',#545,#556,#560,.T.);
#562=ORIENTED_EDGE('',*,*,#561,.T.);
#563=CARTESIAN_POINT('',(73.,95.513125534,57.810372835));
#564=VERTEX_POINT('',#563);
#565=CARTESIAN_POINT('',(73.,100.044664469,59.923464144));
#566=DIRECTION('',(-1.,-0.,0.));
#567=DIRECTION('',(0.,-1.,0.));
#568=AXIS2_PLACEMENT_3D('',#565,#566,#567);
#569=CIRCLE('',#568,5.);
#570=EDGE_CURVE('',#564,#556,#569,.T.);
#571=ORIENTED_EDGE('',*,*,#570,.F.);
#572=CARTESIAN_POINT('',(73.,118.757129929,7.963444548));
#573=DIRECTION('',(0.,-0.422618262,0.906307787));
#574=VECTOR('',#573,55.);
#575=LINE('',#572,#574);
#576=EDGE_CURVE('',#547,#564,#575,.T.);
#577=ORIENTED_EDGE('',*,*,#576,.F.);
#578=EDGE_LOOP('',(#554,#562,#571,#577));
#579=FACE_BOUND('',#578,.T.);
#580=CARTESIAN_POINT('',(73.,145.042430022,12.189627165));
#581=VERTEX_POINT('',#580);
#582=CARTESIAN_POINT('',(73.,135.979352152,7.963444548));
#583=VERTEX_POINT('',#582);
#584=CARTESIAN_POINT('',(73.,140.510891087,10.076535856));
#585=DIRECTION('',(-1.,-0.,0.));
#586=DIRECTION('',(0.,-1.,0.));
#587=AXIS2_PLACEMENT_3D('',#584,#585,#586);
#588=CIRCLE('',#587,5.);
#589=EDGE_CURVE('',#581,#583,#588,.T.);
#590=ORIENTED_EDGE('',*,*,#589,.F.);
#591=CARTESIAN_POINT('',(73.,121.798425626,62.036555452));
#592=VERTEX_POINT('',#591);
#593=CARTESIAN_POINT('',(73.,145.042430022,12.189627165));
#594=DIRECTION('',(0.,-0.422618262,0.906307787));
#595=VECTOR('',#594,55.);
#596=LINE('',#593,#595);
#597=EDGE_CURVE('',#581,#592,#596,.T.);
#598=ORIENTED_EDGE('',*,*,#597,.T.);
#599=CARTESIAN_POINT('',(73.,112.735347756,57.810372835));
#600=VERTEX_POINT('',#599);
#601=CARTESIAN_POINT('',(73.,117.266886691,59.923464144));
#602=DIRECTION('',(-1.,-0.,0.));
#603=DIRECTION('',(0.,-1.,0.));
#604=AXIS2_PLACEMENT_3D('',#601,#602,#603);
#605=CIRCLE('',#604,5.);
#606=EDGE_CURVE('',#600,#592,#605,.T.);
#607=ORIENTED_EDGE('',*,*,#606,.F.);
#608=CARTESIAN_POINT('',(73.,135.979352152,7.963444548));
#609=DIRECTION('',(0.,-0.422618262,0.906307787));
#610=VECTOR('',#609,55.);
#611=LINE('',#608,#610);
#612=EDGE_CURVE('',#583,#600,#611,.T.);
#613=ORIENTED_EDGE('',*,*,#612,.F.);
#614=EDGE_LOOP('',(#590,#598,#607,#613));
#615=FACE_BOUND('',#614,.T.);
#616=CARTESIAN_POINT('',(73.,162.264652244,12.189627165));
#617=VERTEX_POINT('',#616);
#618=CARTESIAN_POINT('',(73.,153.201574374,7.963444548));
#619=VERTEX_POINT('',#618);
#620=CARTESIAN_POINT('',(73.,157.733113309,10.076535856));
#621=DIRECTION('',(-1.,-0.,0.));
#622=DIRECTION('',(0.,-1.,0.));
#623=AXIS2_PLACEMENT_3D('',#620,#621,#622);
#624=CIRCLE('',#623,5.);
#625=EDGE_CURVE('',#617,#619,#624,.T.);
#626=ORIENTED_EDGE('',*,*,#625,.F.);
#627=CARTESIAN_POINT('',(73.,139.020647848,62.036555452));
#628=VERTEX_POINT('',#627);
#629=CARTESIAN_POINT('',(73.,162.264652244,12.189627165));
#630=DIRECTION('',(0.,-0.422618262,0.906307787));
#631=VECTOR('',#630,55.);
#632=LINE('',#629,#631);
#633=EDGE_CURVE('',#617,#628,#632,.T.);
#634=ORIENTED_EDGE('',*,*,#633,.T.);
#635=CARTESIAN_POINT('',(73.,129.957569978,57.810372835));
#636=VERTEX_POINT('',#635);
#637=CARTESIAN_POINT('',(73.,134.489108913,59.923464144));
#638=DIRECTION('',(-1.,-0.,0.));
#639=DIRECTION('',(0.,-1.,0.));
#640=AXIS2_PLACEMENT_3D('',#637,#638,#639);
#641=CIRCLE('',#640,5.);
#642=EDGE_CURVE('',#636,#628,#641,.T.);
#643=ORIENTED_EDGE('',*,*,#642,.F.);
#644=CARTESIAN_POINT('',(73.,153.201574374,7.963444548));
#645=DIRECTION('',(0.,-0.422618262,0.906307787));
#646=VECTOR('',#645,55.);
#647=LINE('',#644,#646);
#648=EDGE_CURVE('',#619,#636,#647,.T.);
#649=ORIENTED_EDGE('',*,*,#648,.F.);
#650=EDGE_LOOP('',(#626,#634,#643,#649));
#651=FACE_BOUND('',#650,.T.);
#652=CARTESIAN_POINT('',(73.,179.486874466,12.189627165));
#653=VERTEX_POINT('',#652);
#654=CARTESIAN_POINT('',(73.,170.423796596,7.963444548));
#655=VERTEX_POINT('',#654);
#656=CARTESIAN_POINT('',(73.,174.955335531,10.076535856));
#657=DIRECTION('',(-1.,-0.,0.));
#658=DIRECTION('',(0.,-1.,0.));
#659=AXIS2_PLACEMENT_3D('',#656,#657,#658);
#660=CIRCLE('',#659,5.);
#661=EDGE_CURVE('',#653,#655,#660,.T.);
#662=ORIENTED_EDGE('',*,*,#661,.F.);
#663=CARTESIAN_POINT('',(73.,156.242870071,62.036555452));
#664=VERTEX_POINT('',#663);
#665=CARTESIAN_POINT('',(73.,179.486874466,12.189627165));
#666=DIRECTION('',(0.,-0.422618262,0.906307787));
#667=VECTOR('',#666,55.);
#668=LINE('',#665,#667);
#669=EDGE_CURVE('',#653,#664,#668,.T.);
#670=ORIENTED_EDGE('',*,*,#669,.T.);
#671=CARTESIAN_POINT('',(73.,147.1797922,57.810372835));
#672=VERTEX_POINT('',#671);
#673=CARTESIAN_POINT('',(73.,151.711331135,59.923464144));
#674=DIRECTION('',(-1.,-0.,0.));
#675=DIRECTION('',(0.,-1.,0.));
#676=AXIS2_PLACEMENT_3D('',#673,#674,#675);
#677=CIRCLE('',#676,5.);
#678=EDGE_CURVE('',#672,#664,#677,.T.);
#679=ORIENTED_EDGE('',*,*,#678,.F.);
#680=CARTESIAN_POINT('',(73.,170.423796596,7.963444548));
#681=DIRECTION('',(0.,-0.422618262,0.906307787));
#682=VECTOR('',#681,55.);
#683=LINE('',#680,#682);
#684=EDGE_CURVE('',#655,#672,#683,.T.);
#685=ORIENTED_EDGE('',*,*,#684,.F.);
#686=EDGE_LOOP('',(#662,#670,#679,#685));
#687=FACE_BOUND('',#686,.T.);
#688=CARTESIAN_POINT('',(73.,196.709096689,12.189627165));
#689=VERTEX_POINT('',#688);
#690=CARTESIAN_POINT('',(73.,187.646018818,7.963444548));
#691=VERTEX_POINT('',#690);
#692=CARTESIAN_POINT('',(73.,192.177557753,10.076535856));
#693=DIRECTION('',(-1.,-0.,0.));
#694=DIRECTION('',(0.,-1.,0.));
#695=AXIS2_PLACEMENT_3D('',#692,#693,#694);
#696=CIRCLE('',#695,5.);
#697=EDGE_CURVE('',#689,#691,#696,.T.);
#698=ORIENTED_EDGE('',*,*,#697,.F.);
#699=CARTESIAN_POINT('',(73.,173.465092293,62.036555452));
#700=VERTEX_POINT('',#699);
#701=CARTESIAN_POINT('',(73.,196.709096689,12.189627165));
#702=DIRECTION('',(0.,-0.422618262,0.906307787));
#703=VECTOR('',#702,55.);
#704=LINE('',#701,#703);
#705=EDGE_CURVE('',#689,#700,#704,.T.);
#706=ORIENTED_EDGE('',*,*,#705,.T.);
#707=CARTESIAN_POINT('',(73.,164.402014423,57.810372835));
#708=VERTEX_POINT('',#707);
#709=CARTESIAN_POINT('',(73.,168.933553358,59.923464144));
#710=DIRECTION('',(-1.,-0.,0.));
#711=DIRECTION('',(0.,-1.,0.));
#712=AXIS2_PLACEMENT_3D('',#709,#710,#711);
#713=CIRCLE('',#712,5.);
#714=EDGE_CURVE('',#708,#700,#713,.T.);
#715=ORIENTED_EDGE('',*,*,#714,.F.);
#716=CARTESIAN_POINT('',(73.,187.646018818,7.963444548));
#717=DIRECTION('',(0.,-0.422618262,0.906307787));
#718=VECTOR('',#717,55.);
#719=LINE('',#716,#718);
#720=EDGE_CURVE('',#691,#708,#719,.T.);
#721=ORIENTED_EDGE('',*,*,#720,.F.);
#722=EDGE_LOOP('',(#698,#706,#715,#721));
#723=FACE_BOUND('',#722,.T.);
#724=CARTESIAN_POINT('',(73.,213.931318911,12.189627165));
#725=VERTEX_POINT('',#724);
#726=CARTESIAN_POINT('',(73.,204.86824104,7.963444548));
#727=VERTEX_POINT('',#726);
#728=CARTESIAN_POINT('',(73.,209.399779976,10.076535856));
#729=DIRECTION('',(-1.,-0.,0.));
#730=DIRECTION('',(0.,-1.,0.));
#731=AXIS2_PLACEMENT_3D('',#728,#729,#730);
#732=CIRCLE('',#731,5.);
#733=EDGE_CURVE('',#725,#727,#732,.T.);
#734=ORIENTED_EDGE('',*,*,#733,.F.);
#735=CARTESIAN_POINT('',(73.,190.687314515,62.036555452));
#736=VERTEX_POINT('',#735);
#737=CARTESIAN_POINT('',(73.,213.931318911,12.189627165));
#738=DIRECTION('',(0.,-0.422618262,0.906307787));
#739=VECTOR('',#738,55.);
#740=LINE('',#737,#739);
#741=EDGE_CURVE('',#725,#736,#740,.T.);
#742=ORIENTED_EDGE('',*,*,#741,.T.);
#743=CARTESIAN_POINT('',(73.,181.624236645,57.810372835));
#744=VERTEX_POINT('',#743);
#745=CARTESIAN_POINT('',(73.,186.15577558,59.923464144));
#746=DIRECTION('',(-1.,-0.,0.));
#747=DIRECTION('',(0.,-1.,0.));
#748=AXIS2_PLACEMENT_3D('',#745,#746,#747);
#749=CIRCLE('',#748,5.);
#750=EDGE_CURVE('',#744,#736,#749,.T.);
#751=ORIENTED_EDGE('',*,*,#750,.F.);
#752=CARTESIAN_POINT('',(73.,204.86824104,7.963444548));
#753=DIRECTION('',(0.,-0.422618262,0.906307787));
#754=VECTOR('',#753,55.);
#755=LINE('',#752,#754);
#756=EDGE_CURVE('',#727,#744,#755,.T.);
#757=ORIENTED_EDGE('',*,*,#756,.F.);
#758=EDGE_LOOP('',(#734,#742,#751,#757));
#759=FACE_BOUND('',#758,.T.);
#760=CARTESIAN_POINT('',(73.,231.153541133,12.189627165));
#761=VERTEX_POINT('',#760);
#762=CARTESIAN_POINT('',(73.,222.090463263,7.963444548));
#763=VERTEX_POINT('',#762);
#764=CARTESIAN_POINT('',(73.,226.622002198,10.076535856));
#765=DIRECTION('',(-1.,-0.,0.));
#766=DIRECTION('',(0.,-1.,0.));
#767=AXIS2_PLACEMENT_3D('',#764,#765,#766);
#768=CIRCLE('',#767,5.);
#769=EDGE_CURVE('',#761,#763,#768,.T.);
#770=ORIENTED_EDGE('',*,*,#769,.F.);
#771=CARTESIAN_POINT('',(73.,207.909536737,62.036555452));
#772=VERTEX_POINT('',#771);
#773=CARTESIAN_POINT('',(73.,231.153541133,12.189627165));
#774=DIRECTION('',(0.,-0.422618262,0.906307787));
#775=VECTOR('',#774,55.);
#776=LINE('',#773,#775);
#777=EDGE_CURVE('',#761,#772,#776,.T.);
#778=ORIENTED_EDGE('',*,*,#777,.T.);
#779=CARTESIAN_POINT('',(73.,198.846458867,57.810372835));
#780=VERTEX_POINT('',#779);
#781=CARTESIAN_POINT('',(73.,203.377997802,59.923464144));
#782=DIRECTION('',(-1.,-0.,0.));
#783=DIRECTION('',(0.,-1.,0.));
#784=AXIS2_PLACEMENT_3D('',#781,#782,#783);
#785=CIRCLE('',#784,5.);
#786=EDGE_CURVE('',#780,#772,#785,.T.);
#787=ORIENTED_EDGE('',*,*,#786,.F.);
#788=CARTESIAN_POINT('',(73.,222.090463263,7.963444548));
#789=DIRECTION('',(0.,-0.422618262,0.906307787));
#790=VECTOR('',#789,55.);
#791=LINE('',#788,#790);
#792=EDGE_CURVE('',#763,#780,#791,.T.);
#793=ORIENTED_EDGE('',*,*,#792,.F.);
#794=EDGE_LOOP('',(#770,#778,#787,#793));
#795=FACE_BOUND('',#794,.T.);
#796=CARTESIAN_POINT('',(73.,15.827905184,3.));
#797=VERTEX_POINT('',#796);
#798=CARTESIAN_POINT('',(73.,46.604210622,69.));
#799=VERTEX_POINT('',#798);
#800=CARTESIAN_POINT('',(73.,15.827905184,3.));
#801=DIRECTION('',(-0.,0.422618262,0.906307787));
#802=VECTOR('',#801,72.822942652);
#803=LINE('',#800,#802);
#804=EDGE_CURVE('',#797,#799,#803,.T.);
#805=ORIENTED_EDGE('',*,*,#804,.T.);
#806=CARTESIAN_POINT('',(73.,264.865094656,69.));
#807=VERTEX_POINT('',#806);
#808=CARTESIAN_POINT('',(73.,46.604210622,69.));
#809=DIRECTION('',(-0.,1.,0.));
#810=VECTOR('',#809,218.260884033);
#811=LINE('',#808,#810);
#812=EDGE_CURVE('',#799,#807,#811,.T.);
#813=ORIENTED_EDGE('',*,*,#812,.T.);
#814=CARTESIAN_POINT('',(73.,234.088789218,3.));
#815=VERTEX_POINT('',#814);
#816=CARTESIAN_POINT('',(73.,264.865094656,69.));
#817=DIRECTION('',(0.,-0.422618262,-0.906307787));
#818=VECTOR('',#817,72.822942652);
#819=LINE('',#816,#818);
#820=EDGE_CURVE('',#807,#815,#819,.T.);
#821=ORIENTED_EDGE('',*,*,#820,.T.);
#822=CARTESIAN_POINT('',(73.,15.827905184,3.));
#823=DIRECTION('',(-0.,1.,0.));
#824=VECTOR('',#823,218.260884033);
#825=LINE('',#822,#824);
#826=EDGE_CURVE('',#797,#815,#825,.T.);
#827=ORIENTED_EDGE('',*,*,#826,.F.);
#828=EDGE_LOOP('',(#805,#813,#821,#827));
#829=FACE_BOUND('',#828,.T.);
#830=ADVANCED_FACE('',(#400,#435,#471,#507,#543,#579,#615,#651,#687,#723,#759,#795,#829),#365,.T.);
#831=CARTESIAN_POINT('',(3.,118.,70.));
#832=DIRECTION('',(1.,0.,0.));
#833=DIRECTION('',(-0.,1.,0.));
#834=AXIS2_PLACEMENT_3D('',#831,#832,#833);
#835=PLANE('',#834);
#836=CARTESIAN_POINT('',(3.,47.090463263,7.963444548));
#837=VERTEX_POINT('',#836);
#838=CARTESIAN_POINT('',(3.,56.153541133,12.189627165));
#839=VERTEX_POINT('',#838);
#840=CARTESIAN_POINT('',(3.,51.622002198,10.076535856));
#841=DIRECTION('',(1.,0.,0.));
#842=DIRECTION('',(-0.,1.,0.));
#843=AXIS2_PLACEMENT_3D('',#840,#841,#842);
#844=CIRCLE('',#843,5.);
#845=EDGE_CURVE('',#837,#839,#844,.T.);
#846=ORIENTED_EDGE('',*,*,#845,.F.);
#847=CARTESIAN_POINT('',(3.,35.468461065,32.886908691));
#848=VERTEX_POINT('',#847);
#849=CARTESIAN_POINT('',(3.,35.468461065,32.886908691));
#850=DIRECTION('',(-0.,0.422618262,-0.906307787));
#851=VECTOR('',#850,27.5);
#852=LINE('',#849,#851);
#853=EDGE_CURVE('',#848,#837,#852,.T.);
#854=ORIENTED_EDGE('',*,*,#853,.F.);
#855=CARTESIAN_POINT('',(3.,46.502240254,32.886908691));
#856=VERTEX_POINT('',#855);
#857=CARTESIAN_POINT('',(3.,46.502240254,32.886908691));
#858=DIRECTION('',(0.,-1.,-0.));
#859=VECTOR('',#858,11.03377919);
#860=LINE('',#857,#859);
#861=EDGE_CURVE('',#856,#848,#860,.T.);
#862=ORIENTED_EDGE('',*,*,#861,.F.);
#863=CARTESIAN_POINT('',(3.,46.502240254,32.886908691));
#864=DIRECTION('',(-0.,0.422618262,-0.906307787));
#865=VECTOR('',#864,22.836923418);
#866=LINE('',#863,#865);
#867=EDGE_CURVE('',#856,#839,#866,.T.);
#868=ORIENTED_EDGE('',*,*,#867,.T.);
#869=EDGE_LOOP('',(#846,#854,#862,#868));
#870=FACE_BOUND('',#869,.T.);
#871=CARTESIAN_POINT('',(3.,218.846458867,57.810372835));
#872=VERTEX_POINT('',#871);
#873=CARTESIAN_POINT('',(3.,230.468461065,32.886908691));
#874=VERTEX_POINT('',#873);
#875=CARTESIAN_POINT('',(3.,218.846458867,57.810372835));
#876=DIRECTION('',(-0.,0.422618262,-0.906307787));
#877=VECTOR('',#876,27.5);
#878=LINE('',#875,#877);
#879=EDGE_CURVE('',#872,#874,#878,.T.);
#880=ORIENTED_EDGE('',*,*,#879,.F.);
#881=CARTESIAN_POINT('',(3.,227.909536737,62.036555452));
#882=VERTEX_POINT('',#881);
#883=CARTESIAN_POINT('',(3.,223.377997802,59.923464144));
#884=DIRECTION('',(1.,0.,0.));
#885=DIRECTION('',(-0.,1.,0.));
#886=AXIS2_PLACEMENT_3D('',#883,#884,#885);
#887=CIRCLE('',#886,5.);
#888=EDGE_CURVE('',#882,#872,#887,.T.);
#889=ORIENTED_EDGE('',*,*,#888,.F.);
#890=CARTESIAN_POINT('',(3.,239.531538935,37.113091309));
#891=VERTEX_POINT('',#890);
#892=CARTESIAN_POINT('',(3.,227.909536737,62.036555452));
#893=DIRECTION('',(-0.,0.422618262,-0.906307787));
#894=VECTOR('',#893,27.5);
#895=LINE('',#892,#894);
#896=EDGE_CURVE('',#882,#891,#895,.T.);
#897=ORIENTED_EDGE('',*,*,#896,.T.);
#898=CARTESIAN_POINT('',(3.,230.468461065,32.886908691));
#899=DIRECTION('',(-0.,0.906307787,0.422618262));
#900=VECTOR('',#899,10.);
#901=LINE('',#898,#900);
#902=EDGE_CURVE('',#874,#891,#901,.T.);
#903=ORIENTED_EDGE('',*,*,#902,.F.);
#904=EDGE_LOOP('',(#880,#889,#897,#903));
#905=FACE_BOUND('',#904,.T.);
#906=CARTESIAN_POINT('',(3.,67.090463263,7.963444548));
#907=VERTEX_POINT('',#906);
#908=CARTESIAN_POINT('',(3.,76.153541133,12.189627165));
#909=VERTEX_POINT('',#908);
#910=CARTESIAN_POINT('',(3.,71.622002198,10.076535856));
#911=DIRECTION('',(1.,0.,0.));
#912=DIRECTION('',(-0.,1.,0.));
#913=AXIS2_PLACEMENT_3D('',#910,#911,#912);
#914=CIRCLE('',#913,5.);
#915=EDGE_CURVE('',#907,#909,#914,.T.);
#916=ORIENTED_EDGE('',*,*,#915,.F.);
#917=CARTESIAN_POINT('',(3.,43.846458867,57.810372835));
#918=VERTEX_POINT('',#917);
#919=CARTESIAN_POINT('',(3.,43.846458867,57.810372835));
#920=DIRECTION('',(-0.,0.422618262,-0.906307787));
#921=VECTOR('',#920,55.);
#922=LINE('',#919,#921);
#923=EDGE_CURVE('',#918,#907,#922,.T.);
#924=ORIENTED_EDGE('',*,*,#923,.F.);
#925=CARTESIAN_POINT('',(3.,52.909536737,62.036555452));
#926=VERTEX_POINT('',#925);
#927=CARTESIAN_POINT('',(3.,48.377997802,59.923464144));
#928=DIRECTION('',(1.,0.,0.));
#929=DIRECTION('',(-0.,1.,0.));
#930=AXIS2_PLACEMENT_3D('',#927,#928,#929);
#931=CIRCLE('',#930,5.);
#932=EDGE_CURVE('',#926,#918,#931,.T.);
#933=ORIENTED_EDGE('',*,*,#932,.F.);
#934=CARTESIAN_POINT('',(3.,52.909536737,62.036555452));
#935=DIRECTION('',(-0.,0.422618262,-0.906307787));
#936=VECTOR('',#935,55.);
#937=LINE('',#934,#936);
#938=EDGE_CURVE('',#926,#909,#937,.T.);
#939=ORIENTED_EDGE('',*,*,#938,.T.);
#940=EDGE_LOOP('',(#916,#924,#933,#939));
#941=FACE_BOUND('',#940,.T.);
#942=CARTESIAN_POINT('',(3.,84.312685485,7.963444548));
#943=VERTEX_POINT('',#942);
#944=CARTESIAN_POINT('',(3.,93.375763355,12.189627165));
#945=VERTEX_POINT('',#944);
#946=CARTESIAN_POINT('',(3.,88.84422442,10.076535856));
#947=DIRECTION('',(1.,0.,0.));
#948=DIRECTION('',(-0.,1.,0.));
#949=AXIS2_PLACEMENT_3D('',#946,#947,#948);
#950=CIRCLE('',#949,5.);
#951=EDGE_CURVE('',#943,#945,#950,.T.);
#952=ORIENTED_EDGE('',*,*,#951,.F.);
#953=CARTESIAN_POINT('',(3.,61.068681089,57.810372835));
#954=VERTEX_POINT('',#953);
#955=CARTESIAN_POINT('',(3.,61.068681089,57.810372835));
#956=DIRECTION('',(-0.,0.422618262,-0.906307787));
#957=VECTOR('',#956,55.);
#958=LINE('',#955,#957);
#959=EDGE_CURVE('',#954,#943,#958,.T.);
#960=ORIENTED_EDGE('',*,*,#959,.F.);
#961=CARTESIAN_POINT('',(3.,70.13175896,62.036555452));
#962=VERTEX_POINT('',#961);
#963=CARTESIAN_POINT('',(3.,65.600220024,59.923464144));
#964=DIRECTION('',(1.,0.,0.));
#965=DIRECTION('',(-0.,1.,0.));
#966=AXIS2_PLACEMENT_3D('',#963,#964,#965);
#967=CIRCLE('',#966,5.);
#968=EDGE_CURVE('',#962,#954,#967,.T.);
#969=ORIENTED_EDGE('',*,*,#968,.F.);
#970=CARTESIAN_POINT('',(3.,70.13175896,62.036555452));
#971=DIRECTION('',(-0.,0.422618262,-0.906307787));
#972=VECTOR('',#971,55.);
#973=LINE('',#970,#972);
#974=EDGE_CURVE('',#962,#945,#973,.T.);
#975=ORIENTED_EDGE('',*,*,#974,.T.);
#976=EDGE_LOOP('',(#952,#960,#969,#975));
#977=FACE_BOUND('',#976,.T.);
#978=CARTESIAN_POINT('',(3.,101.534907707,7.963444548));
#979=VERTEX_POINT('',#978);
#980=CARTESIAN_POINT('',(3.,110.597985577,12.189627165));
#981=VERTEX_POINT('',#980);
#982=CARTESIAN_POINT('',(3.,106.066446642,10.076535856));
#983=DIRECTION('',(1.,0.,0.));
#984=DIRECTION('',(-0.,1.,0.));
#985=AXIS2_PLACEMENT_3D('',#982,#983,#984);
#986=CIRCLE('',#985,5.);
#987=EDGE_CURVE('',#979,#981,#986,.T.);
#988=ORIENTED_EDGE('',*,*,#987,.F.);
#989=CARTESIAN_POINT('',(3.,78.290903311,57.810372835));
#990=VERTEX_POINT('',#989);
#991=CARTESIAN_POINT('',(3.,78.290903311,57.810372835));
#992=DIRECTION('',(-0.,0.422618262,-0.906307787));
#993=VECTOR('',#992,55.);
#994=LINE('',#991,#993);
#995=EDGE_CURVE('',#990,#979,#994,.T.);
#996=ORIENTED_EDGE('',*,*,#995,.F.);
#997=CARTESIAN_POINT('',(3.,87.353981182,62.036555452));
#998=VERTEX_POINT('',#997);
#999=CARTESIAN_POINT('',(3.,82.822442247,59.923464144));
#1000=DIRECTION('',(1.,0.,0.));
#1001=DIRECTION('',(-0.,1.,0.));
#1002=AXIS2_PLACEMENT_3D('',#999,#1000,#1001);
#1003=CIRCLE('',#1002,5.);
#1004=EDGE_CURVE('',#998,#990,#1003,.T.);
#1005=ORIENTED_EDGE('',*,*,#1004,.F.);
#1006=CARTESIAN_POINT('',(3.,87.353981182,62.036555452));
#1007=DIRECTION('',(-0.,0.422618262,-0.906307787));
#1008=VECTOR('',#1007,55.);
#1009=LINE('',#1006,#1008);
#1010=EDGE_CURVE('',#998,#981,#1009,.T.);
#1011=ORIENTED_EDGE('',*,*,#1010,.T.);
#1012=EDGE_LOOP('',(#988,#996,#1005,#1011));
#1013=FACE_BOUND('',#1012,.T.);
#1014=CARTESIAN_POINT('',(3.,118.757129929,7.963444548));
#1015=VERTEX_POINT('',#1014);
#1016=CARTESIAN_POINT('',(3.,127.8202078,12.189627165));
#1017=VERTEX_POINT('',#1016);
#1018=CARTESIAN_POINT('',(3.,123.288668865,10.076535856));
#1019=DIRECTION('',(1.,0.,0.));
#1020=DIRECTION('',(-0.,1.,0.));
#1021=AXIS2_PLACEMENT_3D('',#1018,#1019,#1020);
#1022=CIRCLE('',#1021,5.);
#1023=EDGE_CURVE('',#1015,#1017,#1022,.T.);
#1024=ORIENTED_EDGE('',*,*,#1023,.F.);
#1025=CARTESIAN_POINT('',(3.,95.513125534,57.810372835));
#1026=VERTEX_POINT('',#1025);
#1027=CARTESIAN_POINT('',(3.,95.513125534,57.810372835));
#1028=DIRECTION('',(-0.,0.422618262,-0.906307787));
#1029=VECTOR('',#1028,55.);
#1030=LINE('',#1027,#1029);
#1031=EDGE_CURVE('',#1026,#1015,#1030,.T.);
#1032=ORIENTED_EDGE('',*,*,#1031,.F.);
#1033=CARTESIAN_POINT('',(3.,104.576203404,62.036555452));
#1034=VERTEX_POINT('',#1033);
#1035=CARTESIAN_POINT('',(3.,100.044664469,59.923464144));
#1036=DIRECTION('',(1.,0.,0.));
#1037=DIRECTION('',(-0.,1.,0.));
#1038=AXIS2_PLACEMENT_3D('',#1035,#1036,#1037);
#1039=CIRCLE('',#1038,5.);
#1040=EDGE_CURVE('',#1034,#1026,#1039,.T.);
#1041=ORIENTED_EDGE('',*,*,#1040,.F.);
#1042=CARTESIAN_POINT('',(3.,104.576203404,62.036555452));
#1043=DIRECTION('',(-0.,0.422618262,-0.906307787));
#1044=VECTOR('',#1043,55.);
#1045=LINE('',#1042,#1044);
#1046=EDGE_CURVE('',#1034,#1017,#1045,.T.);
#1047=ORIENTED_EDGE('',*,*,#1046,.T.);
#1048=EDGE_LOOP('',(#1024,#1032,#1041,#1047));
#1049=FACE_BOUND('',#1048,.T.);
#1050=CARTESIAN_POINT('',(3.,135.979352152,7.963444548));
#1051=VERTEX_POINT('',#1050);
#1052=CARTESIAN_POINT('',(3.,145.042430022,12.189627165));
#1053=VERTEX_POINT('',#1052);
#1054=CARTESIAN_POINT('',(3.,140.510891087,10.076535856));
#1055=DIRECTION('',(1.,0.,0.));
#1056=DIRECTION('',(-0.,1.,0.));
#1057=AXIS2_PLACEMENT_3D('',#1054,#1055,#1056);
#1058=CIRCLE('',#1057,5.);
#1059=EDGE_CURVE('',#1051,#1053,#1058,.T.);
#1060=ORIENTED_EDGE('',*,*,#1059,.F.);
#1061=CARTESIAN_POINT('',(3.,112.735347756,57.810372835));
#1062=VERTEX_POINT('',#1061);
#1063=CARTESIAN_POINT('',(3.,112.735347756,57.810372835));
#1064=DIRECTION('',(-0.,0.422618262,-0.906307787));
#1065=VECTOR('',#1064,55.);
#1066=LINE('',#1063,#1065);
#1067=EDGE_CURVE('',#1062,#1051,#1066,.T.);
#1068=ORIENTED_EDGE('',*,*,#1067,.F.);
#1069=CARTESIAN_POINT('',(3.,121.798425626,62.036555452));
#1070=VERTEX_POINT('',#1069);
#1071=CARTESIAN_POINT('',(3.,117.266886691,59.923464144));
#1072=DIRECTION('',(1.,0.,0.));
#1073=DIRECTION('',(-0.,1.,0.));
#1074=AXIS2_PLACEMENT_3D('',#1071,#1072,#1073);
#1075=CIRCLE('',#1074,5.);
#1076=EDGE_CURVE('',#1070,#1062,#1075,.T.);
#1077=ORIENTED_EDGE('',*,*,#1076,.F.);
#1078=CARTESIAN_POINT('',(3.,121.798425626,62.036555452));
#1079=DIRECTION('',(-0.,0.422618262,-0.906307787));
#1080=VECTOR('',#1079,55.);
#1081=LINE('',#1078,#1080);
#1082=EDGE_CURVE('',#1070,#1053,#1081,.T.);
#1083=ORIENTED_EDGE('',*,*,#1082,.T.);
#1084=EDGE_LOOP('',(#1060,#1068,#1077,#1083));
#1085=FACE_BOUND('',#1084,.T.);
#1086=CARTESIAN_POINT('',(3.,153.201574374,7.963444548));
#1087=VERTEX_POINT('',#1086);
#1088=CARTESIAN_POINT('',(3.,162.264652244,12.189627165));
#1089=VERTEX_POINT('',#1088);
#1090=CARTESIAN_POINT('',(3.,157.733113309,10.076535856));
#1091=DIRECTION('',(1.,0.,0.));
#1092=DIRECTION('',(-0.,1.,0.));
#1093=AXIS2_PLACEMENT_3D('',#1090,#1091,#1092);
#1094=CIRCLE('',#1093,5.);
#1095=EDGE_CURVE('',#1087,#1089,#1094,.T.);
#1096=ORIENTED_EDGE('',*,*,#1095,.F.);
#1097=CARTESIAN_POINT('',(3.,129.957569978,57.810372835));
#1098=VERTEX_POINT('',#1097);
#1099=CARTESIAN_POINT('',(3.,129.957569978,57.810372835));
#1100=DIRECTION('',(-0.,0.422618262,-0.906307787));
#1101=VECTOR('',#1100,55.);
#1102=LINE('',#1099,#1101);
#1103=EDGE_CURVE('',#1098,#1087,#1102,.T.);
#1104=ORIENTED_EDGE('',*,*,#1103,.F.);
#1105=CARTESIAN_POINT('',(3.,139.020647848,62.036555452));
#1106=VERTEX_POINT('',#1105);
#1107=CARTESIAN_POINT('',(3.,134.489108913,59.923464144));
#1108=DIRECTION('',(1.,0.,0.));
#1109=DIRECTION('',(-0.,1.,0.));
#1110=AXIS2_PLACEMENT_3D('',#1107,#1108,#1109);
#1111=CIRCLE('',#1110,5.);
#1112=EDGE_CURVE('',#1106,#1098,#1111,.T.);
#1113=ORIENTED_EDGE('',*,*,#1112,.F.);
#1114=CARTESIAN_POINT('',(3.,139.020647848,62.036555452));
#1115=DIRECTION('',(-0.,0.422618262,-0.906307787));
#1116=VECTOR('',#1115,55.);
#1117=LINE('',#1114,#1116);
#1118=EDGE_CURVE('',#1106,#1089,#1117,.T.);
#1119=ORIENTED_EDGE('',*,*,#1118,.T.);
#1120=EDGE_LOOP('',(#1096,#1104,#1113,#1119));
#1121=FACE_BOUND('',#1120,.T.);
#1122=CARTESIAN_POINT('',(3.,170.423796596,7.963444548));
#1123=VERTEX_POINT('',#1122);
#1124=CARTESIAN_POINT('',(3.,179.486874466,12.189627165));
#1125=VERTEX_POINT('',#1124);
#1126=CARTESIAN_POINT('',(3.,174.955335531,10.076535856));
#1127=DIRECTION('',(1.,0.,0.));
#1128=DIRECTION('',(-0.,1.,0.));
#1129=AXIS2_PLACEMENT_3D('',#1126,#1127,#1128);
#1130=CIRCLE('',#1129,5.);
#1131=EDGE_CURVE('',#1123,#1125,#1130,.T.);
#1132=ORIENTED_EDGE('',*,*,#1131,.F.);
#1133=CARTESIAN_POINT('',(3.,147.1797922,57.810372835));
#1134=VERTEX_POINT('',#1133);
#1135=CARTESIAN_POINT('',(3.,147.1797922,57.810372835));
#1136=DIRECTION('',(-0.,0.422618262,-0.906307787));
#1137=VECTOR('',#1136,55.);
#1138=LINE('',#1135,#1137);
#1139=EDGE_CURVE('',#1134,#1123,#1138,.T.);
#1140=ORIENTED_EDGE('',*,*,#1139,.F.);
#1141=CARTESIAN_POINT('',(3.,156.242870071,62.036555452));
#1142=VERTEX_POINT('',#1141);
#1143=CARTESIAN_POINT('',(3.,151.711331135,59.923464144));
#1144=DIRECTION('',(1.,0.,0.));
#1145=DIRECTION('',(-0.,1.,0.));
#1146=AXIS2_PLACEMENT_3D('',#1143,#1144,#1145);
#1147=CIRCLE('',#1146,5.);
#1148=EDGE_CURVE('',#1142,#1134,#1147,.T.);
#1149=ORIENTED_EDGE('',*,*,#1148,.F.);
#1150=CARTESIAN_POINT('',(3.,156.242870071,62.036555452));
#1151=DIRECTION('',(-0.,0.422618262,-0.906307787));
#1152=VECTOR('',#1151,55.);
#1153=LINE('',#1150,#1152);
#1154=EDGE_CURVE('',#1142,#1125,#1153,.T.);
#1155=ORIENTED_EDGE('',*,*,#1154,.T.);
#1156=EDGE_LOOP('',(#1132,#1140,#1149,#1155));
#1157=FACE_BOUND('',#1156,.T.);
#1158=CARTESIAN_POINT('',(3.,187.646018818,7.963444548));
#1159=VERTEX_POINT('',#1158);
#1160=CARTESIAN_POINT('',(3.,196.709096689,12.189627165));
#1161=VERTEX_POINT('',#1160);
#1162=CARTESIAN_POINT('',(3.,192.177557753,10.076535856));
#1163=DIRECTION('',(1.,0.,0.));
#1164=DIRECTION('',(-0.,1.,0.));
#1165=AXIS2_PLACEMENT_3D('',#1162,#1163,#1164);
#1166=CIRCLE('',#1165,5.);
#1167=EDGE_CURVE('',#1159,#1161,#1166,.T.);
#1168=ORIENTED_EDGE('',*,*,#1167,.F.);
#1169=CARTESIAN_POINT('',(3.,164.402014423,57.810372835));
#1170=VERTEX_POINT('',#1169);
#1171=CARTESIAN_POINT('',(3.,164.402014423,57.810372835));
#1172=DIRECTION('',(-0.,0.422618262,-0.906307787));
#1173=VECTOR('',#1172,55.);
#1174=LINE('',#1171,#1173);
#1175=EDGE_CURVE('',#1170,#1159,#1174,.T.);
#1176=ORIENTED_EDGE('',*,*,#1175,.F.);
#1177=CARTESIAN_POINT('',(3.,173.465092293,62.036555452));
#1178=VERTEX_POINT('',#1177);
#1179=CARTESIAN_POINT('',(3.,168.933553358,59.923464144));
#1180=DIRECTION('',(1.,0.,0.));
#1181=DIRECTION('',(-0.,1.,0.));
#1182=AXIS2_PLACEMENT_3D('',#1179,#1180,#1181);
#1183=CIRCLE('',#1182,5.);
#1184=EDGE_CURVE('',#1178,#1170,#1183,.T.);
#1185=ORIENTED_EDGE('',*,*,#1184,.F.);
#1186=CARTESIAN_POINT('',(3.,173.465092293,62.036555452));
#1187=DIRECTION('',(-0.,0.422618262,-0.906307787));
#1188=VECTOR('',#1187,55.);
#1189=LINE('',#1186,#1188);
#1190=EDGE_CURVE('',#1178,#1161,#1189,.T.);
#1191=ORIENTED_EDGE('',*,*,#1190,.T.);
#1192=EDGE_LOOP('',(#1168,#1176,#1185,#1191));
#1193=FACE_BOUND('',#1192,.T.);
#1194=CARTESIAN_POINT('',(3.,204.86824104,7.963444548));
#1195=VERTEX_POINT('',#1194);
#1196=CARTESIAN_POINT('',(3.,213.931318911,12.189627165));
#1197=VERTEX_POINT('',#1196);
#1198=CARTESIAN_POINT('',(3.,209.399779976,10.076535856));
#1199=DIRECTION('',(1.,0.,0.));
#1200=DIRECTION('',(-0.,1.,0.));
#1201=AXIS2_PLACEMENT_3D('',#1198,#1199,#1200);
#1202=CIRCLE('',#1201,5.);
#1203=EDGE_CURVE('',#1195,#1197,#1202,.T.);
#1204=ORIENTED_EDGE('',*,*,#1203,.F.);
#1205=CARTESIAN_POINT('',(3.,181.624236645,57.810372835));
#1206=VERTEX_POINT('',#1205);
#1207=CARTESIAN_POINT('',(3.,181.624236645,57.810372835));
#1208=DIRECTION('',(-0.,0.422618262,-0.906307787));
#1209=VECTOR('',#1208,55.);
#1210=LINE('',#1207,#1209);
#1211=EDGE_CURVE('',#1206,#1195,#1210,.T.);
#1212=ORIENTED_EDGE('',*,*,#1211,.F.);
#1213=CARTESIAN_POINT('',(3.,190.687314515,62.036555452));
#1214=VERTEX_POINT('',#1213);
#1215=CARTESIAN_POINT('',(3.,186.15577558,59.923464144));
#1216=DIRECTION('',(1.,0.,0.));
#1217=DIRECTION('',(-0.,1.,0.));
#1218=AXIS2_PLACEMENT_3D('',#1215,#1216,#1217);
#1219=CIRCLE('',#1218,5.);
#1220=EDGE_CURVE('',#1214,#1206,#1219,.T.);
#1221=ORIENTED_EDGE('',*,*,#1220,.F.);
#1222=CARTESIAN_POINT('',(3.,190.687314515,62.036555452));
#1223=DIRECTION('',(-0.,0.422618262,-0.906307787));
#1224=VECTOR('',#1223,55.);
#1225=LINE('',#1222,#1224);
#1226=EDGE_CURVE('',#1214,#1197,#1225,.T.);
#1227=ORIENTED_EDGE('',*,*,#1226,.T.);
#1228=EDGE_LOOP('',(#1204,#1212,#1221,#1227));
#1229=FACE_BOUND('',#1228,.T.);
#1230=CARTESIAN_POINT('',(3.,222.090463263,7.963444548));
#1231=VERTEX_POINT('',#1230);
#1232=CARTESIAN_POINT('',(3.,231.153541133,12.189627165));
#1233=VERTEX_POINT('',#1232);
#1234=CARTESIAN_POINT('',(3.,226.622002198,10.076535856));
#1235=DIRECTION('',(1.,0.,0.));
#1236=DIRECTION('',(-0.,1.,0.));
#1237=AXIS2_PLACEMENT_3D('',#1234,#1235,#1236);
#1238=CIRCLE('',#1237,5.);
#1239=EDGE_CURVE('',#1231,#1233,#1238,.T.);
#1240=ORIENTED_EDGE('',*,*,#1239,.F.);
#1241=CARTESIAN_POINT('',(3.,198.846458867,57.810372835));
#1242=VERTEX_POINT('',#1241);
#1243=CARTESIAN_POINT('',(3.,198.846458867,57.810372835));
#1244=DIRECTION('',(-0.,0.422618262,-0.906307787));
#1245=VECTOR('',#1244,55.);
#1246=LINE('',#1243,#1245);
#1247=EDGE_CURVE('',#1242,#1231,#1246,.T.);
#1248=ORIENTED_EDGE('',*,*,#1247,.F.);
#1249=CARTESIAN_POINT('',(3.,207.909536737,62.036555452));
#1250=VERTEX_POINT('',#1249);
#1251=CARTESIAN_POINT('',(3.,203.377997802,59.923464144));
#1252=DIRECTION('',(1.,0.,0.));
#1253=DIRECTION('',(-0.,1.,0.));
#1254=AXIS2_PLACEMENT_3D('',#1251,#1252,#1253);
#1255=CIRCLE('',#1254,5.);
#1256=EDGE_CURVE('',#1250,#1242,#1255,.T.);
#1257=ORIENTED_EDGE('',*,*,#1256,.F.);
#1258=CARTESIAN_POINT('',(3.,207.909536737,62.036555452));
#1259=DIRECTION('',(-0.,0.422618262,-0.906307787));
#1260=VECTOR('',#1259,55.);
#1261=LINE('',#1258,#1260);
#1262=EDGE_CURVE('',#1250,#1233,#1261,.T.);
#1263=ORIENTED_EDGE('',*,*,#1262,.T.);
#1264=EDGE_LOOP('',(#1240,#1248,#1257,#1263));
#1265=FACE_BOUND('',#1264,.T.);
#1266=CARTESIAN_POINT('',(3.,264.865094656,69.));
#1267=VERTEX_POINT('',#1266);
#1268=CARTESIAN_POINT('',(3.,234.088789218,3.));
#1269=VERTEX_POINT('',#1268);
#1270=CARTESIAN_POINT('',(3.,264.865094656,69.));
#1271=DIRECTION('',(0.,-0.422618262,-0.906307787));
#1272=VECTOR('',#1271,72.822942652);
#1273=LINE('',#1270,#1272);
#1274=EDGE_CURVE('',#1267,#1269,#1273,.T.);
#1275=ORIENTED_EDGE('',*,*,#1274,.F.);
#1276=CARTESIAN_POINT('',(3.,46.604210622,69.));
#1277=VERTEX_POINT('',#1276);
#1278=CARTESIAN_POINT('',(3.,264.865094656,69.));
#1279=DIRECTION('',(0.,-1.,0.));
#1280=VECTOR('',#1279,218.260884033);
#1281=LINE('',#1278,#1280);
#1282=EDGE_CURVE('',#1267,#1277,#1281,.T.);
#1283=ORIENTED_EDGE('',*,*,#1282,.T.);
#1284=CARTESIAN_POINT('',(3.,15.827905184,3.));
#1285=VERTEX_POINT('',#1284);
#1286=CARTESIAN_POINT('',(3.,46.604210622,69.));
#1287=DIRECTION('',(0.,-0.422618262,-0.906307787));
#1288=VECTOR('',#1287,72.822942652);
#1289=LINE('',#1286,#1288);
#1290=EDGE_CURVE('',#1277,#1285,#1289,.T.);
#1291=ORIENTED_EDGE('',*,*,#1290,.T.);
#1292=CARTESIAN_POINT('',(3.,234.088789218,3.));
#1293=DIRECTION('',(0.,-1.,0.));
#1294=VECTOR('',#1293,218.260884033);
#1295=LINE('',#1292,#1294);
#1296=EDGE_CURVE('',#1269,#1285,#1295,.T.);
#1297=ORIENTED_EDGE('',*,*,#1296,.F.);
#1298=EDGE_LOOP('',(#1275,#1283,#1291,#1297));
#1299=FACE_BOUND('',#1298,.T.);
#1300=ADVANCED_FACE('',(#870,#905,#941,#977,#1013,#1049,#1085,#1121,#1157,#1193,#1229,#1265,#1299),#835,.T.);
#1301=CARTESIAN_POINT('',(0.,0.,3.));
#1302=DIRECTION('',(0.,0.,1.));
#1303=DIRECTION('',(1.,0.,0.));
#1304=AXIS2_PLACEMENT_3D('',#1301,#1302,#1303);
#1305=PLANE('',#1304);
#1306=ORIENTED_EDGE('',*,*,#1296,.T.);
#1307=CARTESIAN_POINT('',(3.,15.827905184,3.));
#1308=DIRECTION('',(1.,0.,-0.));
#1309=VECTOR('',#1308,70.);
#1310=LINE('',#1307,#1309);
#1311=EDGE_CURVE('',#1285,#797,#1310,.T.);
#1312=ORIENTED_EDGE('',*,*,#1311,.T.);
#1313=ORIENTED_EDGE('',*,*,#826,.T.);
#1314=CARTESIAN_POINT('',(73.,234.088789218,3.));
#1315=DIRECTION('',(-1.,0.,0.));
#1316=VECTOR('',#1315,70.);
#1317=LINE('',#1314,#1316);
#1318=EDGE_CURVE('',#815,#1269,#1317,.T.);
#1319=ORIENTED_EDGE('',*,*,#1318,.T.);
#1320=EDGE_LOOP('',(#1306,#1312,#1313,#1319));
#1321=FACE_BOUND('',#1320,.T.);
#1322=ADVANCED_FACE('',(#1321),#1305,.T.);
#1323=CARTESIAN_POINT('',(38.,29.583278322,63.441545093));
#1324=DIRECTION('',(-0.,0.906307787,-0.422618262));
#1325=DIRECTION('',(0.,0.422618262,0.906307787));
#1326=AXIS2_PLACEMENT_3D('',#1323,#1324,#1325);
#1327=PLANE('',#1326);
#1328=CARTESIAN_POINT('',(1.,32.372298545,69.422618262));
#1329=VERTEX_POINT('',#1328);
#1330=CARTESIAN_POINT('',(1.,0.66337779,1.422618262));
#1331=VERTEX_POINT('',#1330);
#1332=CARTESIAN_POINT('',(1.,32.372298545,69.422618262));
#1333=DIRECTION('',(0.,-0.422618262,-0.906307787));
#1334=VECTOR('',#1333,75.029698489);
#1335=LINE('',#1332,#1334);
#1336=EDGE_CURVE('',#1329,#1331,#1335,.T.);
#1337=ORIENTED_EDGE('',*,*,#1336,.T.);
#1338=CARTESIAN_POINT('',(75.,0.66337779,1.422618262));
#1339=VERTEX_POINT('',#1338);
#1340=CARTESIAN_POINT('',(1.,0.66337779,1.422618262));
#1341=DIRECTION('',(1.,0.,-0.));
#1342=VECTOR('',#1341,74.);
#1343=LINE('',#1340,#1342);
#1344=EDGE_CURVE('',#1331,#1339,#1343,.T.);
#1345=ORIENTED_EDGE('',*,*,#1344,.T.);
#1346=CARTESIAN_POINT('',(75.,32.372298545,69.422618262));
#1347=VERTEX_POINT('',#1346);
#1348=CARTESIAN_POINT('',(75.,0.66337779,1.422618262));
#1349=DIRECTION('',(-0.,0.422618262,0.906307787));
#1350=VECTOR('',#1349,75.029698489);
#1351=LINE('',#1348,#1350);
#1352=EDGE_CURVE('',#1339,#1347,#1351,.T.);
#1353=ORIENTED_EDGE('',*,*,#1352,.T.);
#1354=CARTESIAN_POINT('',(67.,32.372298545,69.422618262));
#1355=VERTEX_POINT('',#1354);
#1356=CARTESIAN_POINT('',(75.,32.372298545,69.422618262));
#1357=DIRECTION('',(-1.,-0.,-0.));
#1358=VECTOR('',#1357,8.);
#1359=LINE('',#1356,#1358);
#1360=EDGE_CURVE('',#1347,#1355,#1359,.T.);
#1361=ORIENTED_EDGE('',*,*,#1360,.T.);
#1362=CARTESIAN_POINT('',(67.,5.79276203,12.422618262));
#1363=VERTEX_POINT('',#1362);
#1364=CARTESIAN_POINT('',(67.,32.372298545,69.422618262));
#1365=DIRECTION('',(0.,-0.422618262,-0.906307787));
#1366=VECTOR('',#1365,62.892541381);
#1367=LINE('',#1364,#1366);
#1368=EDGE_CURVE('',#1355,#1363,#1367,.T.);
#1369=ORIENTED_EDGE('',*,*,#1368,.T.);
#1370=CARTESIAN_POINT('',(9.,5.79276203,12.422618262));
#1371=VERTEX_POINT('',#1370);
#1372=CARTESIAN_POINT('',(67.,5.79276203,12.422618262));
#1373=DIRECTION('',(-1.,-0.,0.));
#1374=VECTOR('',#1373,58.);
#1375=LINE('',#1372,#1374);
#1376=EDGE_CURVE('',#1363,#1371,#1375,.T.);
#1377=ORIENTED_EDGE('',*,*,#1376,.T.);
#1378=CARTESIAN_POINT('',(9.,32.372298545,69.422618262));
#1379=VERTEX_POINT('',#1378);
#1380=CARTESIAN_POINT('',(9.,5.79276203,12.422618262));
#1381=DIRECTION('',(-0.,0.422618262,0.906307787));
#1382=VECTOR('',#1381,62.892541381);
#1383=LINE('',#1380,#1382);
#1384=EDGE_CURVE('',#1371,#1379,#1383,.T.);
#1385=ORIENTED_EDGE('',*,*,#1384,.T.);
#1386=CARTESIAN_POINT('',(9.,32.372298545,69.422618262));
#1387=DIRECTION('',(-1.,-0.,-0.));
#1388=VECTOR('',#1387,8.);
#1389=LINE('',#1386,#1388);
#1390=EDGE_CURVE('',#1379,#1329,#1389,.T.);
#1391=ORIENTED_EDGE('',*,*,#1390,.T.);
#1392=EDGE_LOOP('',(#1337,#1345,#1353,#1361,#1369,#1377,#1385,#1391));
#1393=FACE_BOUND('',#1392,.T.);
#1394=ADVANCED_FACE('',(#1393),#1327,.F.);
#1395=CARTESIAN_POINT('',(76.,118.,70.));
#1396=DIRECTION('',(-1.,-0.,0.));
#1397=DIRECTION('',(0.,-1.,0.));
#1398=AXIS2_PLACEMENT_3D('',#1395,#1396,#1397);
#1399=PLANE('',#1398);
#1400=CARTESIAN_POINT('',(76.,56.153541133,12.189627165));
#1401=VERTEX_POINT('',#1400);
#1402=CARTESIAN_POINT('',(76.,46.502240254,32.886908691));
#1403=VERTEX_POINT('',#1402);
#1404=CARTESIAN_POINT('',(76.,56.153541133,12.189627165));
#1405=DIRECTION('',(0.,-0.422618262,0.906307787));
#1406=VECTOR('',#1405,22.836923418);
#1407=LINE('',#1404,#1406);
#1408=EDGE_CURVE('',#1401,#1403,#1407,.T.);
#1409=ORIENTED_EDGE('',*,*,#1408,.F.);
#1410=CARTESIAN_POINT('',(76.,47.090463263,7.963444548));
#1411=VERTEX_POINT('',#1410);
#1412=CARTESIAN_POINT('',(76.,51.622002198,10.076535856));
#1413=DIRECTION('',(-1.,-0.,0.));
#1414=DIRECTION('',(0.,-1.,0.));
#1415=AXIS2_PLACEMENT_3D('',#1412,#1413,#1414);
#1416=CIRCLE('',#1415,5.);
#1417=EDGE_CURVE('',#1401,#1411,#1416,.T.);
#1418=ORIENTED_EDGE('',*,*,#1417,.T.);
#1419=CARTESIAN_POINT('',(76.,35.468461065,32.886908691));
#1420=VERTEX_POINT('',#1419);
#1421=CARTESIAN_POINT('',(76.,47.090463263,7.963444548));
#1422=DIRECTION('',(0.,-0.422618262,0.906307787));
#1423=VECTOR('',#1422,27.5);
#1424=LINE('',#1421,#1423);
#1425=EDGE_CURVE('',#1411,#1420,#1424,.T.);
#1426=ORIENTED_EDGE('',*,*,#1425,.T.);
#1427=CARTESIAN_POINT('',(76.,35.468461065,32.886908691));
#1428=DIRECTION('',(-0.,1.,0.));
#1429=VECTOR('',#1428,11.03377919);
#1430=LINE('',#1427,#1429);
#1431=EDGE_CURVE('',#1420,#1403,#1430,.T.);
#1432=ORIENTED_EDGE('',*,*,#1431,.T.);
#1433=EDGE_LOOP('',(#1409,#1418,#1426,#1432));
#1434=FACE_BOUND('',#1433,.T.);
#1435=CARTESIAN_POINT('',(76.,239.531538935,37.113091309));
#1436=VERTEX_POINT('',#1435);
#1437=CARTESIAN_POINT('',(76.,230.468461065,32.886908691));
#1438=VERTEX_POINT('',#1437);
#1439=CARTESIAN_POINT('',(76.,239.531538935,37.113091309));
#1440=DIRECTION('',(0.,-0.906307787,-0.422618262));
#1441=VECTOR('',#1440,10.);
#1442=LINE('',#1439,#1441);
#1443=EDGE_CURVE('',#1436,#1438,#1442,.T.);
#1444=ORIENTED_EDGE('',*,*,#1443,.T.);
#1445=CARTESIAN_POINT('',(76.,218.846458867,57.810372835));
#1446=VERTEX_POINT('',#1445);
#1447=CARTESIAN_POINT('',(76.,230.468461065,32.886908691));
#1448=DIRECTION('',(0.,-0.422618262,0.906307787));
#1449=VECTOR('',#1448,27.5);
#1450=LINE('',#1447,#1449);
#1451=EDGE_CURVE('',#1438,#1446,#1450,.T.);
#1452=ORIENTED_EDGE('',*,*,#1451,.T.);
#1453=CARTESIAN_POINT('',(76.,227.909536737,62.036555452));
#1454=VERTEX_POINT('',#1453);
#1455=CARTESIAN_POINT('',(76.,223.377997802,59.923464144));
#1456=DIRECTION('',(-1.,-0.,0.));
#1457=DIRECTION('',(0.,-1.,0.));
#1458=AXIS2_PLACEMENT_3D('',#1455,#1456,#1457);
#1459=CIRCLE('',#1458,5.);
#1460=EDGE_CURVE('',#1446,#1454,#1459,.T.);
#1461=ORIENTED_EDGE('',*,*,#1460,.T.);
#1462=CARTESIAN_POINT('',(76.,239.531538935,37.113091309));
#1463=DIRECTION('',(0.,-0.422618262,0.906307787));
#1464=VECTOR('',#1463,27.5);
#1465=LINE('',#1462,#1464);
#1466=EDGE_CURVE('',#1436,#1454,#1465,.T.);
#1467=ORIENTED_EDGE('',*,*,#1466,.F.);
#1468=EDGE_LOOP('',(#1444,#1452,#1461,#1467));
#1469=FACE_BOUND('',#1468,.T.);
#1470=CARTESIAN_POINT('',(76.,76.153541133,12.189627165));
#1471=VERTEX_POINT('',#1470);
#1472=CARTESIAN_POINT('',(76.,52.909536737,62.036555452));
#1473=VERTEX_POINT('',#1472);
#1474=CARTESIAN_POINT('',(76.,76.153541133,12.189627165));
#1475=DIRECTION('',(0.,-0.422618262,0.906307787));
#1476=VECTOR('',#1475,55.);
#1477=LINE('',#1474,#1476);
#1478=EDGE_CURVE('',#1471,#1473,#1477,.T.);
#1479=ORIENTED_EDGE('',*,*,#1478,.F.);
#1480=CARTESIAN_POINT('',(76.,67.090463263,7.963444548));
#1481=VERTEX_POINT('',#1480);
#1482=CARTESIAN_POINT('',(76.,71.622002198,10.076535856));
#1483=DIRECTION('',(-1.,-0.,0.));
#1484=DIRECTION('',(0.,-1.,0.));
#1485=AXIS2_PLACEMENT_3D('',#1482,#1483,#1484);
#1486=CIRCLE('',#1485,5.);
#1487=EDGE_CURVE('',#1471,#1481,#1486,.T.);
#1488=ORIENTED_EDGE('',*,*,#1487,.T.);
#1489=CARTESIAN_POINT('',(76.,43.846458867,57.810372835));
#1490=VERTEX_POINT('',#1489);
#1491=CARTESIAN_POINT('',(76.,67.090463263,7.963444548));
#1492=DIRECTION('',(0.,-0.422618262,0.906307787));
#1493=VECTOR('',#1492,55.);
#1494=LINE('',#1491,#1493);
#1495=EDGE_CURVE('',#1481,#1490,#1494,.T.);
#1496=ORIENTED_EDGE('',*,*,#1495,.T.);
#1497=CARTESIAN_POINT('',(76.,48.377997802,59.923464144));
#1498=DIRECTION('',(-1.,-0.,0.));
#1499=DIRECTION('',(0.,-1.,0.));
#1500=AXIS2_PLACEMENT_3D('',#1497,#1498,#1499);
#1501=CIRCLE('',#1500,5.);
#1502=EDGE_CURVE('',#1490,#1473,#1501,.T.);
#1503=ORIENTED_EDGE('',*,*,#1502,.T.);
#1504=EDGE_LOOP('',(#1479,#1488,#1496,#1503));
#1505=FACE_BOUND('',#1504,.T.);
#1506=CARTESIAN_POINT('',(76.,93.375763355,12.189627165));
#1507=VERTEX_POINT('',#1506);
#1508=CARTESIAN_POINT('',(76.,70.13175896,62.036555452));
#1509=VERTEX_POINT('',#1508);
#1510=CARTESIAN_POINT('',(76.,93.375763355,12.189627165));
#1511=DIRECTION('',(0.,-0.422618262,0.906307787));
#1512=VECTOR('',#1511,55.);
#1513=LINE('',#1510,#1512);
#1514=EDGE_CURVE('',#1507,#1509,#1513,.T.);
#1515=ORIENTED_EDGE('',*,*,#1514,.F.);
#1516=CARTESIAN_POINT('',(76.,84.312685485,7.963444548));
#1517=VERTEX_POINT('',#1516);
#1518=CARTESIAN_POINT('',(76.,88.84422442,10.076535856));
#1519=DIRECTION('',(-1.,-0.,0.));
#1520=DIRECTION('',(0.,-1.,0.));
#1521=AXIS2_PLACEMENT_3D('',#1518,#1519,#1520);
#1522=CIRCLE('',#1521,5.);
#1523=EDGE_CURVE('',#1507,#1517,#1522,.T.);
#1524=ORIENTED_EDGE('',*,*,#1523,.T.);
#1525=CARTESIAN_POINT('',(76.,61.068681089,57.810372835));
#1526=VERTEX_POINT('',#1525);
#1527=CARTESIAN_POINT('',(76.,84.312685485,7.963444548));
#1528=DIRECTION('',(0.,-0.422618262,0.906307787));
#1529=VECTOR('',#1528,55.);
#1530=LINE('',#1527,#1529);
#1531=EDGE_CURVE('',#1517,#1526,#1530,.T.);
#1532=ORIENTED_EDGE('',*,*,#1531,.T.);
#1533=CARTESIAN_POINT('',(76.,65.600220024,59.923464144));
#1534=DIRECTION('',(-1.,-0.,0.));
#1535=DIRECTION('',(0.,-1.,0.));
#1536=AXIS2_PLACEMENT_3D('',#1533,#1534,#1535);
#1537=CIRCLE('',#1536,5.);
#1538=EDGE_CURVE('',#1526,#1509,#1537,.T.);
#1539=ORIENTED_EDGE('',*,*,#1538,.T.);
#1540=EDGE_LOOP('',(#1515,#1524,#1532,#1539));
#1541=FACE_BOUND('',#1540,.T.);
#1542=CARTESIAN_POINT('',(76.,110.597985577,12.189627165));
#1543=VERTEX_POINT('',#1542);
#1544=CARTESIAN_POINT('',(76.,87.353981182,62.036555452));
#1545=VERTEX_POINT('',#1544);
#1546=CARTESIAN_POINT('',(76.,110.597985577,12.189627165));
#1547=DIRECTION('',(0.,-0.422618262,0.906307787));
#1548=VECTOR('',#1547,55.);
#1549=LINE('',#1546,#1548);
#1550=EDGE_CURVE('',#1543,#1545,#1549,.T.);
#1551=ORIENTED_EDGE('',*,*,#1550,.F.);
#1552=CARTESIAN_POINT('',(76.,101.534907707,7.963444548));
#1553=VERTEX_POINT('',#1552);
#1554=CARTESIAN_POINT('',(76.,106.066446642,10.076535856));
#1555=DIRECTION('',(-1.,-0.,0.));
#1556=DIRECTION('',(0.,-1.,0.));
#1557=AXIS2_PLACEMENT_3D('',#1554,#1555,#1556);
#1558=CIRCLE('',#1557,5.);
#1559=EDGE_CURVE('',#1543,#1553,#1558,.T.);
#1560=ORIENTED_EDGE('',*,*,#1559,.T.);
#1561=CARTESIAN_POINT('',(76.,78.290903311,57.810372835));
#1562=VERTEX_POINT('',#1561);
#1563=CARTESIAN_POINT('',(76.,101.534907707,7.963444548));
#1564=DIRECTION('',(0.,-0.422618262,0.906307787));
#1565=VECTOR('',#1564,55.);
#1566=LINE('',#1563,#1565);
#1567=EDGE_CURVE('',#1553,#1562,#1566,.T.);
#1568=ORIENTED_EDGE('',*,*,#1567,.T.);
#1569=CARTESIAN_POINT('',(76.,82.822442247,59.923464144));
#1570=DIRECTION('',(-1.,-0.,0.));
#1571=DIRECTION('',(0.,-1.,0.));
#1572=AXIS2_PLACEMENT_3D('',#1569,#1570,#1571);
#1573=CIRCLE('',#1572,5.);
#1574=EDGE_CURVE('',#1562,#1545,#1573,.T.);
#1575=ORIENTED_EDGE('',*,*,#1574,.T.);
#1576=EDGE_LOOP('',(#1551,#1560,#1568,#1575));
#1577=FACE_BOUND('',#1576,.T.);
#1578=CARTESIAN_POINT('',(76.,127.8202078,12.189627165));
#1579=VERTEX_POINT('',#1578);
#1580=CARTESIAN_POINT('',(76.,104.576203404,62.036555452));
#1581=VERTEX_POINT('',#1580);
#1582=CARTESIAN_POINT('',(76.,127.8202078,12.189627165));
#1583=DIRECTION('',(0.,-0.422618262,0.906307787));
#1584=VECTOR('',#1583,55.);
#1585=LINE('',#1582,#1584);
#1586=EDGE_CURVE('',#1579,#1581,#1585,.T.);
#1587=ORIENTED_EDGE('',*,*,#1586,.F.);
#1588=CARTESIAN_POINT('',(76.,118.757129929,7.963444548));
#1589=VERTEX_POINT('',#1588);
#1590=CARTESIAN_POINT('',(76.,123.288668865,10.076535856));
#1591=DIRECTION('',(-1.,-0.,0.));
#1592=DIRECTION('',(0.,-1.,0.));
#1593=AXIS2_PLACEMENT_3D('',#1590,#1591,#1592);
#1594=CIRCLE('',#1593,5.);
#1595=EDGE_CURVE('',#1579,#1589,#1594,.T.);
#1596=ORIENTED_EDGE('',*,*,#1595,.T.);
#1597=CARTESIAN_POINT('',(76.,95.513125534,57.810372835));
#1598=VERTEX_POINT('',#1597);
#1599=CARTESIAN_POINT('',(76.,118.757129929,7.963444548));
#1600=DIRECTION('',(0.,-0.422618262,0.906307787));
#1601=VECTOR('',#1600,55.);
#1602=LINE('',#1599,#1601);
#1603=EDGE_CURVE('',#1589,#1598,#1602,.T.);
#1604=ORIENTED_EDGE('',*,*,#1603,.T.);
#1605=CARTESIAN_POINT('',(76.,100.044664469,59.923464144));
#1606=DIRECTION('',(-1.,-0.,0.));
#1607=DIRECTION('',(0.,-1.,0.));
#1608=AXIS2_PLACEMENT_3D('',#1605,#1606,#1607);
#1609=CIRCLE('',#1608,5.);
#1610=EDGE_CURVE('',#1598,#1581,#1609,.T.);
#1611=ORIENTED_EDGE('',*,*,#1610,.T.);
#1612=EDGE_LOOP('',(#1587,#1596,#1604,#1611));
#1613=FACE_BOUND('',#1612,.T.);
#1614=CARTESIAN_POINT('',(76.,145.042430022,12.189627165));
#1615=VERTEX_POINT('',#1614);
#1616=CARTESIAN_POINT('',(76.,121.798425626,62.036555452));
#1617=VERTEX_POINT('',#1616);
#1618=CARTESIAN_POINT('',(76.,145.042430022,12.189627165));
#1619=DIRECTION('',(0.,-0.422618262,0.906307787));
#1620=VECTOR('',#1619,55.);
#1621=LINE('',#1618,#1620);
#1622=EDGE_CURVE('',#1615,#1617,#1621,.T.);
#1623=ORIENTED_EDGE('',*,*,#1622,.F.);
#1624=CARTESIAN_POINT('',(76.,135.979352152,7.963444548));
#1625=VERTEX_POINT('',#1624);
#1626=CARTESIAN_POINT('',(76.,140.510891087,10.076535856));
#1627=DIRECTION('',(-1.,-0.,0.));
#1628=DIRECTION('',(0.,-1.,0.));
#1629=AXIS2_PLACEMENT_3D('',#1626,#1627,#1628);
#1630=CIRCLE('',#1629,5.);
#1631=EDGE_CURVE('',#1615,#1625,#1630,.T.);
#1632=ORIENTED_EDGE('',*,*,#1631,.T.);
#1633=CARTESIAN_POINT('',(76.,112.735347756,57.810372835));
#1634=VERTEX_POINT('',#1633);
#1635=CARTESIAN_POINT('',(76.,135.979352152,7.963444548));
#1636=DIRECTION('',(0.,-0.422618262,0.906307787));
#1637=VECTOR('',#1636,55.);
#1638=LINE('',#1635,#1637);
#1639=EDGE_CURVE('',#1625,#1634,#1638,.T.);
#1640=ORIENTED_EDGE('',*,*,#1639,.T.);
#1641=CARTESIAN_POINT('',(76.,117.266886691,59.923464144));
#1642=DIRECTION('',(-1.,-0.,0.));
#1643=DIRECTION('',(0.,-1.,0.));
#1644=AXIS2_PLACEMENT_3D('',#1641,#1642,#1643);
#1645=CIRCLE('',#1644,5.);
#1646=EDGE_CURVE('',#1634,#1617,#1645,.T.);
#1647=ORIENTED_EDGE('',*,*,#1646,.T.);
#1648=EDGE_LOOP('',(#1623,#1632,#1640,#1647));
#1649=FACE_BOUND('',#1648,.T.);
#1650=CARTESIAN_POINT('',(76.,162.264652244,12.189627165));
#1651=VERTEX_POINT('',#1650);
#1652=CARTESIAN_POINT('',(76.,139.020647848,62.036555452));
#1653=VERTEX_POINT('',#1652);
#1654=CARTESIAN_POINT('',(76.,162.264652244,12.189627165));
#1655=DIRECTION('',(0.,-0.422618262,0.906307787));
#1656=VECTOR('',#1655,55.);
#1657=LINE('',#1654,#1656);
#1658=EDGE_CURVE('',#1651,#1653,#1657,.T.);
#1659=ORIENTED_EDGE('',*,*,#1658,.F.);
#1660=CARTESIAN_POINT('',(76.,153.201574374,7.963444548));
#1661=VERTEX_POINT('',#1660);
#1662=CARTESIAN_POINT('',(76.,157.733113309,10.076535856));
#1663=DIRECTION('',(-1.,-0.,0.));
#1664=DIRECTION('',(0.,-1.,0.));
#1665=AXIS2_PLACEMENT_3D('',#1662,#1663,#1664);
#1666=CIRCLE('',#1665,5.);
#1667=EDGE_CURVE('',#1651,#1661,#1666,.T.);
#1668=ORIENTED_EDGE('',*,*,#1667,.T.);
#1669=CARTESIAN_POINT('',(76.,129.957569978,57.810372835));
#1670=VERTEX_POINT('',#1669);
#1671=CARTESIAN_POINT('',(76.,153.201574374,7.963444548));
#1672=DIRECTION('',(0.,-0.422618262,0.906307787));
#1673=VECTOR('',#1672,55.);
#1674=LINE('',#1671,#1673);
#1675=EDGE_CURVE('',#1661,#1670,#1674,.T.);
#1676=ORIENTED_EDGE('',*,*,#1675,.T.);
#1677=CARTESIAN_POINT('',(76.,134.489108913,59.923464144));
#1678=DIRECTION('',(-1.,-0.,0.));
#1679=DIRECTION('',(0.,-1.,0.));
#1680=AXIS2_PLACEMENT_3D('',#1677,#1678,#1679);
#1681=CIRCLE('',#1680,5.);
#1682=EDGE_CURVE('',#1670,#1653,#1681,.T.);
#1683=ORIENTED_EDGE('',*,*,#1682,.T.);
#1684=EDGE_LOOP('',(#1659,#1668,#1676,#1683));
#1685=FACE_BOUND('',#1684,.T.);
#1686=CARTESIAN_POINT('',(76.,179.486874466,12.189627165));
#1687=VERTEX_POINT('',#1686);
#1688=CARTESIAN_POINT('',(76.,156.242870071,62.036555452));
#1689=VERTEX_POINT('',#1688);
#1690=CARTESIAN_POINT('',(76.,179.486874466,12.189627165));
#1691=DIRECTION('',(0.,-0.422618262,0.906307787));
#1692=VECTOR('',#1691,55.);
#1693=LINE('',#1690,#1692);
#1694=EDGE_CURVE('',#1687,#1689,#1693,.T.);
#1695=ORIENTED_EDGE('',*,*,#1694,.F.);
#1696=CARTESIAN_POINT('',(76.,170.423796596,7.963444548));
#1697=VERTEX_POINT('',#1696);
#1698=CARTESIAN_POINT('',(76.,174.955335531,10.076535856));
#1699=DIRECTION('',(-1.,-0.,0.));
#1700=DIRECTION('',(0.,-1.,0.));
#1701=AXIS2_PLACEMENT_3D('',#1698,#1699,#1700);
#1702=CIRCLE('',#1701,5.);
#1703=EDGE_CURVE('',#1687,#1697,#1702,.T.);
#1704=ORIENTED_EDGE('',*,*,#1703,.T.);
#1705=CARTESIAN_POINT('',(76.,147.1797922,57.810372835));
#1706=VERTEX_POINT('',#1705);
#1707=CARTESIAN_POINT('',(76.,170.423796596,7.963444548));
#1708=DIRECTION('',(0.,-0.422618262,0.906307787));
#1709=VECTOR('',#1708,55.);
#1710=LINE('',#1707,#1709);
#1711=EDGE_CURVE('',#1697,#1706,#1710,.T.);
#1712=ORIENTED_EDGE('',*,*,#1711,.T.);
#1713=CARTESIAN_POINT('',(76.,151.711331135,59.923464144));
#1714=DIRECTION('',(-1.,-0.,0.));
#1715=DIRECTION('',(0.,-1.,0.));
#1716=AXIS2_PLACEMENT_3D('',#1713,#1714,#1715);
#1717=CIRCLE('',#1716,5.);
#1718=EDGE_CURVE('',#1706,#1689,#1717,.T.);
#1719=ORIENTED_EDGE('',*,*,#1718,.T.);
#1720=EDGE_LOOP('',(#1695,#1704,#1712,#1719));
#1721=FACE_BOUND('',#1720,.T.);
#1722=CARTESIAN_POINT('',(76.,196.709096689,12.189627165));
#1723=VERTEX_POINT('',#1722);
#1724=CARTESIAN_POINT('',(76.,173.465092293,62.036555452));
#1725=VERTEX_POINT('',#1724);
#1726=CARTESIAN_POINT('',(76.,196.709096689,12.189627165));
#1727=DIRECTION('',(0.,-0.422618262,0.906307787));
#1728=VECTOR('',#1727,55.);
#1729=LINE('',#1726,#1728);
#1730=EDGE_CURVE('',#1723,#1725,#1729,.T.);
#1731=ORIENTED_EDGE('',*,*,#1730,.F.);
#1732=CARTESIAN_POINT('',(76.,187.646018818,7.963444548));
#1733=VERTEX_POINT('',#1732);
#1734=CARTESIAN_POINT('',(76.,192.177557753,10.076535856));
#1735=DIRECTION('',(-1.,-0.,0.));
#1736=DIRECTION('',(0.,-1.,0.));
#1737=AXIS2_PLACEMENT_3D('',#1734,#1735,#1736);
#1738=CIRCLE('',#1737,5.);
#1739=EDGE_CURVE('',#1723,#1733,#1738,.T.);
#1740=ORIENTED_EDGE('',*,*,#1739,.T.);
#1741=CARTESIAN_POINT('',(76.,164.402014423,57.810372835));
#1742=VERTEX_POINT('',#1741);
#1743=CARTESIAN_POINT('',(76.,187.646018818,7.963444548));
#1744=DIRECTION('',(0.,-0.422618262,0.906307787));
#1745=VECTOR('',#1744,55.);
#1746=LINE('',#1743,#1745);
#1747=EDGE_CURVE('',#1733,#1742,#1746,.T.);
#1748=ORIENTED_EDGE('',*,*,#1747,.T.);
#1749=CARTESIAN_POINT('',(76.,168.933553358,59.923464144));
#1750=DIRECTION('',(-1.,-0.,0.));
#1751=DIRECTION('',(0.,-1.,0.));
#1752=AXIS2_PLACEMENT_3D('',#1749,#1750,#1751);
#1753=CIRCLE('',#1752,5.);
#1754=EDGE_CURVE('',#1742,#1725,#1753,.T.);
#1755=ORIENTED_EDGE('',*,*,#1754,.T.);
#1756=EDGE_LOOP('',(#1731,#1740,#1748,#1755));
#1757=FACE_BOUND('',#1756,.T.);
#1758=CARTESIAN_POINT('',(76.,213.931318911,12.189627165));
#1759=VERTEX_POINT('',#1758);
#1760=CARTESIAN_POINT('',(76.,190.687314515,62.036555452));
#1761=VERTEX_POINT('',#1760);
#1762=CARTESIAN_POINT('',(76.,213.931318911,12.189627165));
#1763=DIRECTION('',(0.,-0.422618262,0.906307787));
#1764=VECTOR('',#1763,55.);
#1765=LINE('',#1762,#1764);
#1766=EDGE_CURVE('',#1759,#1761,#1765,.T.);
#1767=ORIENTED_EDGE('',*,*,#1766,.F.);
#1768=CARTESIAN_POINT('',(76.,204.86824104,7.963444548));
#1769=VERTEX_POINT('',#1768);
#1770=CARTESIAN_POINT('',(76.,209.399779976,10.076535856));
#1771=DIRECTION('',(-1.,-0.,0.));
#1772=DIRECTION('',(0.,-1.,0.));
#1773=AXIS2_PLACEMENT_3D('',#1770,#1771,#1772);
#1774=CIRCLE('',#1773,5.);
#1775=EDGE_CURVE('',#1759,#1769,#1774,.T.);
#1776=ORIENTED_EDGE('',*,*,#1775,.T.);
#1777=CARTESIAN_POINT('',(76.,181.624236645,57.810372835));
#1778=VERTEX_POINT('',#1777);
#1779=CARTESIAN_POINT('',(76.,204.86824104,7.963444548));
#1780=DIRECTION('',(0.,-0.422618262,0.906307787));
#1781=VECTOR('',#1780,55.);
#1782=LINE('',#1779,#1781);
#1783=EDGE_CURVE('',#1769,#1778,#1782,.T.);
#1784=ORIENTED_EDGE('',*,*,#1783,.T.);
#1785=CARTESIAN_POINT('',(76.,186.15577558,59.923464144));
#1786=DIRECTION('',(-1.,-0.,0.));
#1787=DIRECTION('',(0.,-1.,0.));
#1788=AXIS2_PLACEMENT_3D('',#1785,#1786,#1787);
#1789=CIRCLE('',#1788,5.);
#1790=EDGE_CURVE('',#1778,#1761,#1789,.T.);
#1791=ORIENTED_EDGE('',*,*,#1790,.T.);
#1792=EDGE_LOOP('',(#1767,#1776,#1784,#1791));
#1793=FACE_BOUND('',#1792,.T.);
#1794=CARTESIAN_POINT('',(76.,231.153541133,12.189627165));
#1795=VERTEX_POINT('',#1794);
#1796=CARTESIAN_POINT('',(76.,207.909536737,62.036555452));
#1797=VERTEX_POINT('',#1796);
#1798=CARTESIAN_POINT('',(76.,231.153541133,12.189627165));
#1799=DIRECTION('',(0.,-0.422618262,0.906307787));
#1800=VECTOR('',#1799,55.);
#1801=LINE('',#1798,#1800);
#1802=EDGE_CURVE('',#1795,#1797,#1801,.T.);
#1803=ORIENTED_EDGE('',*,*,#1802,.F.);
#1804=CARTESIAN_POINT('',(76.,222.090463263,7.963444548));
#1805=VERTEX_POINT('',#1804);
#1806=CARTESIAN_POINT('',(76.,226.622002198,10.076535856));
#1807=DIRECTION('',(-1.,-0.,0.));
#1808=DIRECTION('',(0.,-1.,0.));
#1809=AXIS2_PLACEMENT_3D('',#1806,#1807,#1808);
#1810=CIRCLE('',#1809,5.);
#1811=EDGE_CURVE('',#1795,#1805,#1810,.T.);
#1812=ORIENTED_EDGE('',*,*,#1811,.T.);
#1813=CARTESIAN_POINT('',(76.,198.846458867,57.810372835));
#1814=VERTEX_POINT('',#1813);
#1815=CARTESIAN_POINT('',(76.,222.090463263,7.963444548));
#1816=DIRECTION('',(0.,-0.422618262,0.906307787));
#1817=VECTOR('',#1816,55.);
#1818=LINE('',#1815,#1817);
#1819=EDGE_CURVE('',#1805,#1814,#1818,.T.);
#1820=ORIENTED_EDGE('',*,*,#1819,.T.);
#1821=CARTESIAN_POINT('',(76.,203.377997802,59.923464144));
#1822=DIRECTION('',(-1.,-0.,0.));
#1823=DIRECTION('',(0.,-1.,0.));
#1824=AXIS2_PLACEMENT_3D('',#1821,#1822,#1823);
#1825=CIRCLE('',#1824,5.);
#1826=EDGE_CURVE('',#1814,#1797,#1825,.T.);
#1827=ORIENTED_EDGE('',*,*,#1826,.T.);
#1828=EDGE_LOOP('',(#1803,#1812,#1820,#1827));
#1829=FACE_BOUND('',#1828,.T.);
#1830=CARTESIAN_POINT('',(76.,33.278606332,69.));
#1831=VERTEX_POINT('',#1830);
#1832=CARTESIAN_POINT('',(76.,1.569685577,1.));
#1833=VERTEX_POINT('',#1832);
#1834=CARTESIAN_POINT('',(76.,33.278606332,69.));
#1835=DIRECTION('',(0.,-0.422618262,-0.906307787));
#1836=VECTOR('',#1835,75.029698489);
#1837=LINE('',#1834,#1836);
#1838=EDGE_CURVE('',#1831,#1833,#1837,.T.);
#1839=ORIENTED_EDGE('',*,*,#1838,.T.);
#1840=CARTESIAN_POINT('',(76.,235.362929739,1.));
#1841=VERTEX_POINT('',#1840);
#1842=CARTESIAN_POINT('',(76.,1.569685577,1.));
#1843=DIRECTION('',(-0.,1.,0.));
#1844=VECTOR('',#1843,233.793244162);
#1845=LINE('',#1842,#1844);
#1846=EDGE_CURVE('',#1833,#1841,#1845,.T.);
#1847=ORIENTED_EDGE('',*,*,#1846,.T.);
#1848=CARTESIAN_POINT('',(76.,267.071850494,69.));
#1849=VERTEX_POINT('',#1848);
#1850=CARTESIAN_POINT('',(76.,235.362929739,1.));
#1851=DIRECTION('',(-0.,0.422618262,0.906307787));
#1852=VECTOR('',#1851,75.029698489);
#1853=LINE('',#1850,#1852);
#1854=EDGE_CURVE('',#1841,#1849,#1853,.T.);
#1855=ORIENTED_EDGE('',*,*,#1854,.T.);
#1856=CARTESIAN_POINT('',(76.,267.071850494,69.));
#1857=DIRECTION('',(0.,-1.,-0.));
#1858=VECTOR('',#1857,233.793244162);
#1859=LINE('',#1856,#1858);
#1860=EDGE_CURVE('',#1849,#1831,#1859,.T.);
#1861=ORIENTED_EDGE('',*,*,#1860,.T.);
#1862=EDGE_LOOP('',(#1839,#1847,#1855,#1861));
#1863=FACE_BOUND('',#1862,.T.);
#1864=ADVANCED_FACE('',(#1434,#1469,#1505,#1541,#1577,#1613,#1649,#1685,#1721,#1757,#1793,#1829,#1863),#1399,.F.);
#1865=CARTESIAN_POINT('',(38.,265.583278322,63.441545093));
#1866=DIRECTION('',(0.,-0.906307787,0.422618262));
#1867=DIRECTION('',(0.,-0.422618262,-0.906307787));
#1868=AXIS2_PLACEMENT_3D('',#1865,#1866,#1867);
#1869=PLANE('',#1868);
#1870=CARTESIAN_POINT('',(75.,267.978158281,68.577381738));
#1871=VERTEX_POINT('',#1870);
#1872=CARTESIAN_POINT('',(75.,236.269237526,0.577381738));
#1873=VERTEX_POINT('',#1872);
#1874=CARTESIAN_POINT('',(75.,267.978158281,68.577381738));
#1875=DIRECTION('',(0.,-0.422618262,-0.906307787));
#1876=VECTOR('',#1875,75.029698489);
#1877=LINE('',#1874,#1876);
#1878=EDGE_CURVE('',#1871,#1873,#1877,.T.);
#1879=ORIENTED_EDGE('',*,*,#1878,.T.);
#1880=CARTESIAN_POINT('',(1.,236.269237526,0.577381738));
#1881=VERTEX_POINT('',#1880);
#1882=CARTESIAN_POINT('',(75.,236.269237526,0.577381738));
#1883=DIRECTION('',(-1.,0.,0.));
#1884=VECTOR('',#1883,74.);
#1885=LINE('',#1882,#1884);
#1886=EDGE_CURVE('',#1873,#1881,#1885,.T.);
#1887=ORIENTED_EDGE('',*,*,#1886,.T.);
#1888=CARTESIAN_POINT('',(1.,267.978158281,68.577381738));
#1889=VERTEX_POINT('',#1888);
#1890=CARTESIAN_POINT('',(1.,236.269237526,0.577381738));
#1891=DIRECTION('',(-0.,0.422618262,0.906307787));
#1892=VECTOR('',#1891,75.029698489);
#1893=LINE('',#1890,#1892);
#1894=EDGE_CURVE('',#1881,#1889,#1893,.T.);
#1895=ORIENTED_EDGE('',*,*,#1894,.T.);
#1896=CARTESIAN_POINT('',(1.,267.978158281,68.577381738));
#1897=DIRECTION('',(1.,-0.,-0.));
#1898=VECTOR('',#1897,74.);
#1899=LINE('',#1896,#1898);
#1900=EDGE_CURVE('',#1889,#1871,#1899,.T.);
#1901=ORIENTED_EDGE('',*,*,#1900,.T.);
#1902=EDGE_LOOP('',(#1879,#1887,#1895,#1901));
#1903=FACE_BOUND('',#1902,.T.);
#1904=ADVANCED_FACE('',(#1903),#1869,.F.);
#1905=CARTESIAN_POINT('',(-0.,118.,70.));
#1906=DIRECTION('',(1.,0.,0.));
#1907=DIRECTION('',(-0.,1.,0.));
#1908=AXIS2_PLACEMENT_3D('',#1905,#1906,#1907);
#1909=PLANE('',#1908);
#1910=CARTESIAN_POINT('',(-0.,35.468461065,32.886908691));
#1911=VERTEX_POINT('',#1910);
#1912=CARTESIAN_POINT('',(-0.,47.090463263,7.963444548));
#1913=VERTEX_POINT('',#1912);
#1914=CARTESIAN_POINT('',(-0.,35.468461065,32.886908691));
#1915=DIRECTION('',(-0.,0.422618262,-0.906307787));
#1916=VECTOR('',#1915,27.5);
#1917=LINE('',#1914,#1916);
#1918=EDGE_CURVE('',#1911,#1913,#1917,.T.);
#1919=ORIENTED_EDGE('',*,*,#1918,.T.);
#1920=CARTESIAN_POINT('',(-0.,56.153541133,12.189627165));
#1921=VERTEX_POINT('',#1920);
#1922=CARTESIAN_POINT('',(-0.,51.622002198,10.076535856));
#1923=DIRECTION('',(1.,0.,0.));
#1924=DIRECTION('',(-0.,1.,0.));
#1925=AXIS2_PLACEMENT_3D('',#1922,#1923,#1924);
#1926=CIRCLE('',#1925,5.);
#1927=EDGE_CURVE('',#1913,#1921,#1926,.T.);
#1928=ORIENTED_EDGE('',*,*,#1927,.T.);
#1929=CARTESIAN_POINT('',(0.,46.502240254,32.886908691));
#1930=VERTEX_POINT('',#1929);
#1931=CARTESIAN_POINT('',(-0.,46.502240254,32.886908691));
#1932=DIRECTION('',(-0.,0.422618262,-0.906307787));
#1933=VECTOR('',#1932,22.836923418);
#1934=LINE('',#1931,#1933);
#1935=EDGE_CURVE('',#1930,#1921,#1934,.T.);
#1936=ORIENTED_EDGE('',*,*,#1935,.F.);
#1937=CARTESIAN_POINT('',(-0.,46.502240254,32.886908691));
#1938=DIRECTION('',(0.,-1.,-0.));
#1939=VECTOR('',#1938,11.03377919);
#1940=LINE('',#1937,#1939);
#1941=EDGE_CURVE('',#1930,#1911,#1940,.T.);
#1942=ORIENTED_EDGE('',*,*,#1941,.T.);
#1943=EDGE_LOOP('',(#1919,#1928,#1936,#1942));
#1944=FACE_BOUND('',#1943,.T.);
#1945=CARTESIAN_POINT('',(-0.,227.909536737,62.036555452));
#1946=VERTEX_POINT('',#1945);
#1947=CARTESIAN_POINT('',(-0.,218.846458867,57.810372835));
#1948=VERTEX_POINT('',#1947);
#1949=CARTESIAN_POINT('',(-0.,223.377997802,59.923464144));
#1950=DIRECTION('',(1.,0.,0.));
#1951=DIRECTION('',(-0.,1.,0.));
#1952=AXIS2_PLACEMENT_3D('',#1949,#1950,#1951);
#1953=CIRCLE('',#1952,5.);
#1954=EDGE_CURVE('',#1946,#1948,#1953,.T.);
#1955=ORIENTED_EDGE('',*,*,#1954,.T.);
#1956=CARTESIAN_POINT('',(-0.,230.468461065,32.886908691));
#1957=VERTEX_POINT('',#1956);
#1958=CARTESIAN_POINT('',(-0.,218.846458867,57.810372835));
#1959=DIRECTION('',(-0.,0.422618262,-0.906307787));
#1960=VECTOR('',#1959,27.5);
#1961=LINE('',#1958,#1960);
#1962=EDGE_CURVE('',#1948,#1957,#1961,.T.);
#1963=ORIENTED_EDGE('',*,*,#1962,.T.);
#1964=CARTESIAN_POINT('',(-0.,239.531538935,37.113091309));
#1965=VERTEX_POINT('',#1964);
#1966=CARTESIAN_POINT('',(-0.,230.468461065,32.886908691));
#1967=DIRECTION('',(-0.,0.906307787,0.422618262));
#1968=VECTOR('',#1967,10.);
#1969=LINE('',#1966,#1968);
#1970=EDGE_CURVE('',#1957,#1965,#1969,.T.);
#1971=ORIENTED_EDGE('',*,*,#1970,.T.);
#1972=CARTESIAN_POINT('',(-0.,227.909536737,62.036555452));
#1973=DIRECTION('',(-0.,0.422618262,-0.906307787));
#1974=VECTOR('',#1973,27.5);
#1975=LINE('',#1972,#1974);
#1976=EDGE_CURVE('',#1946,#1965,#1975,.T.);
#1977=ORIENTED_EDGE('',*,*,#1976,.F.);
#1978=EDGE_LOOP('',(#1955,#1963,#1971,#1977));
#1979=FACE_BOUND('',#1978,.T.);
#1980=CARTESIAN_POINT('',(-0.,43.846458867,57.810372835));
#1981=VERTEX_POINT('',#1980);
#1982=CARTESIAN_POINT('',(-0.,67.090463263,7.963444548));
#1983=VERTEX_POINT('',#1982);
#1984=CARTESIAN_POINT('',(-0.,43.846458867,57.810372835));
#1985=DIRECTION('',(-0.,0.422618262,-0.906307787));
#1986=VECTOR('',#1985,55.);
#1987=LINE('',#1984,#1986);
#1988=EDGE_CURVE('',#1981,#1983,#1987,.T.);
#1989=ORIENTED_EDGE('',*,*,#1988,.T.);
#1990=CARTESIAN_POINT('',(-0.,76.153541133,12.189627165));
#1991=VERTEX_POINT('',#1990);
#1992=CARTESIAN_POINT('',(-0.,71.622002198,10.076535856));
#1993=DIRECTION('',(1.,0.,0.));
#1994=DIRECTION('',(-0.,1.,0.));
#1995=AXIS2_PLACEMENT_3D('',#1992,#1993,#1994);
#1996=CIRCLE('',#1995,5.);
#1997=EDGE_CURVE('',#1983,#1991,#1996,.T.);
#1998=ORIENTED_EDGE('',*,*,#1997,.T.);
#1999=CARTESIAN_POINT('',(-0.,52.909536737,62.036555452));
#2000=VERTEX_POINT('',#1999);
#2001=CARTESIAN_POINT('',(-0.,52.909536737,62.036555452));
#2002=DIRECTION('',(-0.,0.422618262,-0.906307787));
#2003=VECTOR('',#2002,55.);
#2004=LINE('',#2001,#2003);
#2005=EDGE_CURVE('',#2000,#1991,#2004,.T.);
#2006=ORIENTED_EDGE('',*,*,#2005,.F.);
#2007=CARTESIAN_POINT('',(-0.,48.377997802,59.923464144));
#2008=DIRECTION('',(1.,0.,0.));
#2009=DIRECTION('',(-0.,1.,0.));
#2010=AXIS2_PLACEMENT_3D('',#2007,#2008,#2009);
#2011=CIRCLE('',#2010,5.);
#2012=EDGE_CURVE('',#2000,#1981,#2011,.T.);
#2013=ORIENTED_EDGE('',*,*,#2012,.T.);
#2014=EDGE_LOOP('',(#1989,#1998,#2006,#2013));
#2015=FACE_BOUND('',#2014,.T.);
#2016=CARTESIAN_POINT('',(-0.,61.068681089,57.810372835));
#2017=VERTEX_POINT('',#2016);
#2018=CARTESIAN_POINT('',(-0.,84.312685485,7.963444548));
#2019=VERTEX_POINT('',#2018);
#2020=CARTESIAN_POINT('',(-0.,61.068681089,57.810372835));
#2021=DIRECTION('',(-0.,0.422618262,-0.906307787));
#2022=VECTOR('',#2021,55.);
#2023=LINE('',#2020,#2022);
#2024=EDGE_CURVE('',#2017,#2019,#2023,.T.);
#2025=ORIENTED_EDGE('',*,*,#2024,.T.);
#2026=CARTESIAN_POINT('',(-0.,93.375763355,12.189627165));
#2027=VERTEX_POINT('',#2026);
#2028=CARTESIAN_POINT('',(-0.,88.84422442,10.076535856));
#2029=DIRECTION('',(1.,0.,0.));
#2030=DIRECTION('',(-0.,1.,0.));
#2031=AXIS2_PLACEMENT_3D('',#2028,#2029,#2030);
#2032=CIRCLE('',#2031,5.);
#2033=EDGE_CURVE('',#2019,#2027,#2032,.T.);
#2034=ORIENTED_EDGE('',*,*,#2033,.T.);
#2035=CARTESIAN_POINT('',(-0.,70.13175896,62.036555452));
#2036=VERTEX_POINT('',#2035);
#2037=CARTESIAN_POINT('',(-0.,70.13175896,62.036555452));
#2038=DIRECTION('',(-0.,0.422618262,-0.906307787));
#2039=VECTOR('',#2038,55.);
#2040=LINE('',#2037,#2039);
#2041=EDGE_CURVE('',#2036,#2027,#2040,.T.);
#2042=ORIENTED_EDGE('',*,*,#2041,.F.);
#2043=CARTESIAN_POINT('',(-0.,65.600220024,59.923464144));
#2044=DIRECTION('',(1.,0.,0.));
#2045=DIRECTION('',(-0.,1.,0.));
#2046=AXIS2_PLACEMENT_3D('',#2043,#2044,#2045);
#2047=CIRCLE('',#2046,5.);
#2048=EDGE_CURVE('',#2036,#2017,#2047,.T.);
#2049=ORIENTED_EDGE('',*,*,#2048,.T.);
#2050=EDGE_LOOP('',(#2025,#2034,#2042,#2049));
#2051=FACE_BOUND('',#2050,.T.);
#2052=CARTESIAN_POINT('',(-0.,78.290903311,57.810372835));
#2053=VERTEX_POINT('',#2052);
#2054=CARTESIAN_POINT('',(-0.,101.534907707,7.963444548));
#2055=VERTEX_POINT('',#2054);
#2056=CARTESIAN_POINT('',(-0.,78.290903311,57.810372835));
#2057=DIRECTION('',(-0.,0.422618262,-0.906307787));
#2058=VECTOR('',#2057,55.);
#2059=LINE('',#2056,#2058);
#2060=EDGE_CURVE('',#2053,#2055,#2059,.T.);
#2061=ORIENTED_EDGE('',*,*,#2060,.T.);
#2062=CARTESIAN_POINT('',(-0.,110.597985577,12.189627165));
#2063=VERTEX_POINT('',#2062);
#2064=CARTESIAN_POINT('',(-0.,106.066446642,10.076535856));
#2065=DIRECTION('',(1.,0.,0.));
#2066=DIRECTION('',(-0.,1.,0.));
#2067=AXIS2_PLACEMENT_3D('',#2064,#2065,#2066);
#2068=CIRCLE('',#2067,5.);
#2069=EDGE_CURVE('',#2055,#2063,#2068,.T.);
#2070=ORIENTED_EDGE('',*,*,#2069,.T.);
#2071=CARTESIAN_POINT('',(-0.,87.353981182,62.036555452));
#2072=VERTEX_POINT('',#2071);
#2073=CARTESIAN_POINT('',(-0.,87.353981182,62.036555452));
#2074=DIRECTION('',(-0.,0.422618262,-0.906307787));
#2075=VECTOR('',#2074,55.);
#2076=LINE('',#2073,#2075);
#2077=EDGE_CURVE('',#2072,#2063,#2076,.T.);
#2078=ORIENTED_EDGE('',*,*,#2077,.F.);
#2079=CARTESIAN_POINT('',(-0.,82.822442247,59.923464144));
#2080=DIRECTION('',(1.,0.,0.));
#2081=DIRECTION('',(-0.,1.,0.));
#2082=AXIS2_PLACEMENT_3D('',#2079,#2080,#2081);
#2083=CIRCLE('',#2082,5.);
#2084=EDGE_CURVE('',#2072,#2053,#2083,.T.);
#2085=ORIENTED_EDGE('',*,*,#2084,.T.);
#2086=EDGE_LOOP('',(#2061,#2070,#2078,#2085));
#2087=FACE_BOUND('',#2086,.T.);
#2088=CARTESIAN_POINT('',(-0.,95.513125534,57.810372835));
#2089=VERTEX_POINT('',#2088);
#2090=CARTESIAN_POINT('',(-0.,118.757129929,7.963444548));
#2091=VERTEX_POINT('',#2090);
#2092=CARTESIAN_POINT('',(-0.,95.513125534,57.810372835));
#2093=DIRECTION('',(-0.,0.422618262,-0.906307787));
#2094=VECTOR('',#2093,55.);
#2095=LINE('',#2092,#2094);
#2096=EDGE_CURVE('',#2089,#2091,#2095,.T.);
#2097=ORIENTED_EDGE('',*,*,#2096,.T.);
#2098=CARTESIAN_POINT('',(-0.,127.8202078,12.189627165));
#2099=VERTEX_POINT('',#2098);
#2100=CARTESIAN_POINT('',(-0.,123.288668865,10.076535856));
#2101=DIRECTION('',(1.,0.,0.));
#2102=DIRECTION('',(-0.,1.,0.));
#2103=AXIS2_PLACEMENT_3D('',#2100,#2101,#2102);
#2104=CIRCLE('',#2103,5.);
#2105=EDGE_CURVE('',#2091,#2099,#2104,.T.);
#2106=ORIENTED_EDGE('',*,*,#2105,.T.);
#2107=CARTESIAN_POINT('',(-0.,104.576203404,62.036555452));
#2108=VERTEX_POINT('',#2107);
#2109=CARTESIAN_POINT('',(-0.,104.576203404,62.036555452));
#2110=DIRECTION('',(-0.,0.422618262,-0.906307787));
#2111=VECTOR('',#2110,55.);
#2112=LINE('',#2109,#2111);
#2113=EDGE_CURVE('',#2108,#2099,#2112,.T.);
#2114=ORIENTED_EDGE('',*,*,#2113,.F.);
#2115=CARTESIAN_POINT('',(-0.,100.044664469,59.923464144));
#2116=DIRECTION('',(1.,0.,0.));
#2117=DIRECTION('',(-0.,1.,0.));
#2118=AXIS2_PLACEMENT_3D('',#2115,#2116,#2117);
#2119=CIRCLE('',#2118,5.);
#2120=EDGE_CURVE('',#2108,#2089,#2119,.T.);
#2121=ORIENTED_EDGE('',*,*,#2120,.T.);
#2122=EDGE_LOOP('',(#2097,#2106,#2114,#2121));
#2123=FACE_BOUND('',#2122,.T.);
#2124=CARTESIAN_POINT('',(-0.,112.735347756,57.810372835));
#2125=VERTEX_POINT('',#2124);
#2126=CARTESIAN_POINT('',(-0.,135.979352152,7.963444548));
#2127=VERTEX_POINT('',#2126);
#2128=CARTESIAN_POINT('',(-0.,112.735347756,57.810372835));
#2129=DIRECTION('',(-0.,0.422618262,-0.906307787));
#2130=VECTOR('',#2129,55.);
#2131=LINE('',#2128,#2130);
#2132=EDGE_CURVE('',#2125,#2127,#2131,.T.);
#2133=ORIENTED_EDGE('',*,*,#2132,.T.);
#2134=CARTESIAN_POINT('',(-0.,145.042430022,12.189627165));
#2135=VERTEX_POINT('',#2134);
#2136=CARTESIAN_POINT('',(-0.,140.510891087,10.076535856));
#2137=DIRECTION('',(1.,0.,0.));
#2138=DIRECTION('',(-0.,1.,0.));
#2139=AXIS2_PLACEMENT_3D('',#2136,#2137,#2138);
#2140=CIRCLE('',#2139,5.);
#2141=EDGE_CURVE('',#2127,#2135,#2140,.T.);
#2142=ORIENTED_EDGE('',*,*,#2141,.T.);
#2143=CARTESIAN_POINT('',(-0.,121.798425626,62.036555452));
#2144=VERTEX_POINT('',#2143);
#2145=CARTESIAN_POINT('',(-0.,121.798425626,62.036555452));
#2146=DIRECTION('',(-0.,0.422618262,-0.906307787));
#2147=VECTOR('',#2146,55.);
#2148=LINE('',#2145,#2147);
#2149=EDGE_CURVE('',#2144,#2135,#2148,.T.);
#2150=ORIENTED_EDGE('',*,*,#2149,.F.);
#2151=CARTESIAN_POINT('',(-0.,117.266886691,59.923464144));
#2152=DIRECTION('',(1.,0.,0.));
#2153=DIRECTION('',(-0.,1.,0.));
#2154=AXIS2_PLACEMENT_3D('',#2151,#2152,#2153);
#2155=CIRCLE('',#2154,5.);
#2156=EDGE_CURVE('',#2144,#2125,#2155,.T.);
#2157=ORIENTED_EDGE('',*,*,#2156,.T.);
#2158=EDGE_LOOP('',(#2133,#2142,#2150,#2157));
#2159=FACE_BOUND('',#2158,.T.);
#2160=CARTESIAN_POINT('',(-0.,129.957569978,57.810372835));
#2161=VERTEX_POINT('',#2160);
#2162=CARTESIAN_POINT('',(-0.,153.201574374,7.963444548));
#2163=VERTEX_POINT('',#2162);
#2164=CARTESIAN_POINT('',(-0.,129.957569978,57.810372835));
#2165=DIRECTION('',(-0.,0.422618262,-0.906307787));
#2166=VECTOR('',#2165,55.);
#2167=LINE('',#2164,#2166);
#2168=EDGE_CURVE('',#2161,#2163,#2167,.T.);
#2169=ORIENTED_EDGE('',*,*,#2168,.T.);
#2170=CARTESIAN_POINT('',(-0.,162.264652244,12.189627165));
#2171=VERTEX_POINT('',#2170);
#2172=CARTESIAN_POINT('',(-0.,157.733113309,10.076535856));
#2173=DIRECTION('',(1.,0.,0.));
#2174=DIRECTION('',(-0.,1.,0.));
#2175=AXIS2_PLACEMENT_3D('',#2172,#2173,#2174);
#2176=CIRCLE('',#2175,5.);
#2177=EDGE_CURVE('',#2163,#2171,#2176,.T.);
#2178=ORIENTED_EDGE('',*,*,#2177,.T.);
#2179=CARTESIAN_POINT('',(-0.,139.020647848,62.036555452));
#2180=VERTEX_POINT('',#2179);
#2181=CARTESIAN_POINT('',(-0.,139.020647848,62.036555452));
#2182=DIRECTION('',(-0.,0.422618262,-0.906307787));
#2183=VECTOR('',#2182,55.);
#2184=LINE('',#2181,#2183);
#2185=EDGE_CURVE('',#2180,#2171,#2184,.T.);
#2186=ORIENTED_EDGE('',*,*,#2185,.F.);
#2187=CARTESIAN_POINT('',(-0.,134.489108913,59.923464144));
#2188=DIRECTION('',(1.,0.,0.));
#2189=DIRECTION('',(-0.,1.,0.));
#2190=AXIS2_PLACEMENT_3D('',#2187,#2188,#2189);
#2191=CIRCLE('',#2190,5.);
#2192=EDGE_CURVE('',#2180,#2161,#2191,.T.);
#2193=ORIENTED_EDGE('',*,*,#2192,.T.);
#2194=EDGE_LOOP('',(#2169,#2178,#2186,#2193));
#2195=FACE_BOUND('',#2194,.T.);
#2196=CARTESIAN_POINT('',(-0.,147.1797922,57.810372835));
#2197=VERTEX_POINT('',#2196);
#2198=CARTESIAN_POINT('',(-0.,170.423796596,7.963444548));
#2199=VERTEX_POINT('',#2198);
#2200=CARTESIAN_POINT('',(-0.,147.1797922,57.810372835));
#2201=DIRECTION('',(-0.,0.422618262,-0.906307787));
#2202=VECTOR('',#2201,55.);
#2203=LINE('',#2200,#2202);
#2204=EDGE_CURVE('',#2197,#2199,#2203,.T.);
#2205=ORIENTED_EDGE('',*,*,#2204,.T.);
#2206=CARTESIAN_POINT('',(-0.,179.486874466,12.189627165));
#2207=VERTEX_POINT('',#2206);
#2208=CARTESIAN_POINT('',(-0.,174.955335531,10.076535856));
#2209=DIRECTION('',(1.,0.,0.));
#2210=DIRECTION('',(-0.,1.,0.));
#2211=AXIS2_PLACEMENT_3D('',#2208,#2209,#2210);
#2212=CIRCLE('',#2211,5.);
#2213=EDGE_CURVE('',#2199,#2207,#2212,.T.);
#2214=ORIENTED_EDGE('',*,*,#2213,.T.);
#2215=CARTESIAN_POINT('',(-0.,156.242870071,62.036555452));
#2216=VERTEX_POINT('',#2215);
#2217=CARTESIAN_POINT('',(-0.,156.242870071,62.036555452));
#2218=DIRECTION('',(-0.,0.422618262,-0.906307787));
#2219=VECTOR('',#2218,55.);
#2220=LINE('',#2217,#2219);
#2221=EDGE_CURVE('',#2216,#2207,#2220,.T.);
#2222=ORIENTED_EDGE('',*,*,#2221,.F.);
#2223=CARTESIAN_POINT('',(-0.,151.711331135,59.923464144));
#2224=DIRECTION('',(1.,0.,0.));
#2225=DIRECTION('',(-0.,1.,0.));
#2226=AXIS2_PLACEMENT_3D('',#2223,#2224,#2225);
#2227=CIRCLE('',#2226,5.);
#2228=EDGE_CURVE('',#2216,#2197,#2227,.T.);
#2229=ORIENTED_EDGE('',*,*,#2228,.T.);
#2230=EDGE_LOOP('',(#2205,#2214,#2222,#2229));
#2231=FACE_BOUND('',#2230,.T.);
#2232=CARTESIAN_POINT('',(-0.,164.402014423,57.810372835));
#2233=VERTEX_POINT('',#2232);
#2234=CARTESIAN_POINT('',(-0.,187.646018818,7.963444548));
#2235=VERTEX_POINT('',#2234);
#2236=CARTESIAN_POINT('',(-0.,164.402014423,57.810372835));
#2237=DIRECTION('',(-0.,0.422618262,-0.906307787));
#2238=VECTOR('',#2237,55.);
#2239=LINE('',#2236,#2238);
#2240=EDGE_CURVE('',#2233,#2235,#2239,.T.);
#2241=ORIENTED_EDGE('',*,*,#2240,.T.);
#2242=CARTESIAN_POINT('',(-0.,196.709096689,12.189627165));
#2243=VERTEX_POINT('',#2242);
#2244=CARTESIAN_POINT('',(-0.,192.177557753,10.076535856));
#2245=DIRECTION('',(1.,0.,0.));
#2246=DIRECTION('',(-0.,1.,0.));
#2247=AXIS2_PLACEMENT_3D('',#2244,#2245,#2246);
#2248=CIRCLE('',#2247,5.);
#2249=EDGE_CURVE('',#2235,#2243,#2248,.T.);
#2250=ORIENTED_EDGE('',*,*,#2249,.T.);
#2251=CARTESIAN_POINT('',(-0.,173.465092293,62.036555452));
#2252=VERTEX_POINT('',#2251);
#2253=CARTESIAN_POINT('',(-0.,173.465092293,62.036555452));
#2254=DIRECTION('',(-0.,0.422618262,-0.906307787));
#2255=VECTOR('',#2254,55.);
#2256=LINE('',#2253,#2255);
#2257=EDGE_CURVE('',#2252,#2243,#2256,.T.);
#2258=ORIENTED_EDGE('',*,*,#2257,.F.);
#2259=CARTESIAN_POINT('',(-0.,168.933553358,59.923464144));
#2260=DIRECTION('',(1.,0.,0.));
#2261=DIRECTION('',(-0.,1.,0.));
#2262=AXIS2_PLACEMENT_3D('',#2259,#2260,#2261);
#2263=CIRCLE('',#2262,5.);
#2264=EDGE_CURVE('',#2252,#2233,#2263,.T.);
#2265=ORIENTED_EDGE('',*,*,#2264,.T.);
#2266=EDGE_LOOP('',(#2241,#2250,#2258,#2265));
#2267=FACE_BOUND('',#2266,.T.);
#2268=CARTESIAN_POINT('',(-0.,181.624236645,57.810372835));
#2269=VERTEX_POINT('',#2268);
#2270=CARTESIAN_POINT('',(-0.,204.86824104,7.963444548));
#2271=VERTEX_POINT('',#2270);
#2272=CARTESIAN_POINT('',(-0.,181.624236645,57.810372835));
#2273=DIRECTION('',(-0.,0.422618262,-0.906307787));
#2274=VECTOR('',#2273,55.);
#2275=LINE('',#2272,#2274);
#2276=EDGE_CURVE('',#2269,#2271,#2275,.T.);
#2277=ORIENTED_EDGE('',*,*,#2276,.T.);
#2278=CARTESIAN_POINT('',(-0.,213.931318911,12.189627165));
#2279=VERTEX_POINT('',#2278);
#2280=CARTESIAN_POINT('',(-0.,209.399779976,10.076535856));
#2281=DIRECTION('',(1.,0.,0.));
#2282=DIRECTION('',(-0.,1.,0.));
#2283=AXIS2_PLACEMENT_3D('',#2280,#2281,#2282);
#2284=CIRCLE('',#2283,5.);
#2285=EDGE_CURVE('',#2271,#2279,#2284,.T.);
#2286=ORIENTED_EDGE('',*,*,#2285,.T.);
#2287=CARTESIAN_POINT('',(-0.,190.687314515,62.036555452));
#2288=VERTEX_POINT('',#2287);
#2289=CARTESIAN_POINT('',(-0.,190.687314515,62.036555452));
#2290=DIRECTION('',(-0.,0.422618262,-0.906307787));
#2291=VECTOR('',#2290,55.);
#2292=LINE('',#2289,#2291);
#2293=EDGE_CURVE('',#2288,#2279,#2292,.T.);
#2294=ORIENTED_EDGE('',*,*,#2293,.F.);
#2295=CARTESIAN_POINT('',(-0.,186.15577558,59.923464144));
#2296=DIRECTION('',(1.,0.,0.));
#2297=DIRECTION('',(-0.,1.,0.));
#2298=AXIS2_PLACEMENT_3D('',#2295,#2296,#2297);
#2299=CIRCLE('',#2298,5.);
#2300=EDGE_CURVE('',#2288,#2269,#2299,.T.);
#2301=ORIENTED_EDGE('',*,*,#2300,.T.);
#2302=EDGE_LOOP('',(#2277,#2286,#2294,#2301));
#2303=FACE_BOUND('',#2302,.T.);
#2304=CARTESIAN_POINT('',(-0.,198.846458867,57.810372835));
#2305=VERTEX_POINT('',#2304);
#2306=CARTESIAN_POINT('',(-0.,222.090463263,7.963444548));
#2307=VERTEX_POINT('',#2306);
#2308=CARTESIAN_POINT('',(-0.,198.846458867,57.810372835));
#2309=DIRECTION('',(-0.,0.422618262,-0.906307787));
#2310=VECTOR('',#2309,55.);
#2311=LINE('',#2308,#2310);
#2312=EDGE_CURVE('',#2305,#2307,#2311,.T.);
#2313=ORIENTED_EDGE('',*,*,#2312,.T.);
#2314=CARTESIAN_POINT('',(-0.,231.153541133,12.189627165));
#2315=VERTEX_POINT('',#2314);
#2316=CARTESIAN_POINT('',(-0.,226.622002198,10.076535856));
#2317=DIRECTION('',(1.,0.,0.));
#2318=DIRECTION('',(-0.,1.,0.));
#2319=AXIS2_PLACEMENT_3D('',#2316,#2317,#2318);
#2320=CIRCLE('',#2319,5.);
#2321=EDGE_CURVE('',#2307,#2315,#2320,.T.);
#2322=ORIENTED_EDGE('',*,*,#2321,.T.);
#2323=CARTESIAN_POINT('',(-0.,207.909536737,62.036555452));
#2324=VERTEX_POINT('',#2323);
#2325=CARTESIAN_POINT('',(-0.,207.909536737,62.036555452));
#2326=DIRECTION('',(-0.,0.422618262,-0.906307787));
#2327=VECTOR('',#2326,55.);
#2328=LINE('',#2325,#2327);
#2329=EDGE_CURVE('',#2324,#2315,#2328,.T.);
#2330=ORIENTED_EDGE('',*,*,#2329,.F.);
#2331=CARTESIAN_POINT('',(-0.,203.377997802,59.923464144));
#2332=DIRECTION('',(1.,0.,0.));
#2333=DIRECTION('',(-0.,1.,0.));
#2334=AXIS2_PLACEMENT_3D('',#2331,#2332,#2333);
#2335=CIRCLE('',#2334,5.);
#2336=EDGE_CURVE('',#2324,#2305,#2335,.T.);
#2337=ORIENTED_EDGE('',*,*,#2336,.T.);
#2338=EDGE_LOOP('',(#2313,#2322,#2330,#2337));
#2339=FACE_BOUND('',#2338,.T.);
#2340=CARTESIAN_POINT('',(-0.,267.071850494,69.));
#2341=VERTEX_POINT('',#2340);
#2342=CARTESIAN_POINT('',(-0.,235.362929739,1.));
#2343=VERTEX_POINT('',#2342);
#2344=CARTESIAN_POINT('',(-0.,267.071850494,69.));
#2345=DIRECTION('',(0.,-0.422618262,-0.906307787));
#2346=VECTOR('',#2345,75.029698489);
#2347=LINE('',#2344,#2346);
#2348=EDGE_CURVE('',#2341,#2343,#2347,.T.);
#2349=ORIENTED_EDGE('',*,*,#2348,.T.);
#2350=CARTESIAN_POINT('',(-0.,1.569685577,1.));
#2351=VERTEX_POINT('',#2350);
#2352=CARTESIAN_POINT('',(-0.,235.362929739,1.));
#2353=DIRECTION('',(0.,-1.,0.));
#2354=VECTOR('',#2353,233.793244162);
#2355=LINE('',#2352,#2354);
#2356=EDGE_CURVE('',#2343,#2351,#2355,.T.);
#2357=ORIENTED_EDGE('',*,*,#2356,.T.);
#2358=CARTESIAN_POINT('',(-0.,33.278606332,69.));
#2359=VERTEX_POINT('',#2358);
#2360=CARTESIAN_POINT('',(-0.,1.569685577,1.));
#2361=DIRECTION('',(-0.,0.422618262,0.906307787));
#2362=VECTOR('',#2361,75.029698489);
#2363=LINE('',#2360,#2362);
#2364=EDGE_CURVE('',#2351,#2359,#2363,.T.);
#2365=ORIENTED_EDGE('',*,*,#2364,.T.);
#2366=CARTESIAN_POINT('',(-0.,33.278606332,69.));
#2367=DIRECTION('',(-0.,1.,-0.));
#2368=VECTOR('',#2367,233.793244162);
#2369=LINE('',#2366,#2368);
#2370=EDGE_CURVE('',#2359,#2341,#2369,.T.);
#2371=ORIENTED_EDGE('',*,*,#2370,.T.);
#2372=EDGE_LOOP('',(#2349,#2357,#2365,#2371));
#2373=FACE_BOUND('',#2372,.T.);
#2374=ADVANCED_FACE('',(#1944,#1979,#2015,#2051,#2087,#2123,#2159,#2195,#2231,#2267,#2303,#2339,#2373),#1909,.F.);
#2375=CARTESIAN_POINT('',(0.,0.,0.));
#2376=DIRECTION('',(0.,0.,1.));
#2377=DIRECTION('',(1.,0.,0.));
#2378=AXIS2_PLACEMENT_3D('',#2375,#2376,#2377);
#2379=PLANE('',#2378);
#2380=CARTESIAN_POINT('',(75.,1.569685577,0.));
#2381=VERTEX_POINT('',#2380);
#2382=CARTESIAN_POINT('',(1.,1.569685577,0.));
#2383=VERTEX_POINT('',#2382);
#2384=CARTESIAN_POINT('',(75.,1.569685577,0.));
#2385=DIRECTION('',(-1.,-0.,-0.));
#2386=VECTOR('',#2385,74.);
#2387=LINE('',#2384,#2386);
#2388=EDGE_CURVE('',#2381,#2383,#2387,.T.);
#2389=ORIENTED_EDGE('',*,*,#2388,.T.);
#2390=CARTESIAN_POINT('',(1.,235.362929739,0.));
#2391=VERTEX_POINT('',#2390);
#2392=CARTESIAN_POINT('',(1.,1.569685577,0.));
#2393=DIRECTION('',(-0.,1.,-0.));
#2394=VECTOR('',#2393,233.793244162);
#2395=LINE('',#2392,#2394);
#2396=EDGE_CURVE('',#2383,#2391,#2395,.T.);
#2397=ORIENTED_EDGE('',*,*,#2396,.T.);
#2398=CARTESIAN_POINT('',(75.,235.362929739,0.));
#2399=VERTEX_POINT('',#2398);
#2400=CARTESIAN_POINT('',(1.,235.362929739,0.));
#2401=DIRECTION('',(1.,-0.,-0.));
#2402=VECTOR('',#2401,74.);
#2403=LINE('',#2400,#2402);
#2404=EDGE_CURVE('',#2391,#2399,#2403,.T.);
#2405=ORIENTED_EDGE('',*,*,#2404,.T.);
#2406=CARTESIAN_POINT('',(75.,235.362929739,0.));
#2407=DIRECTION('',(0.,-1.,-0.));
#2408=VECTOR('',#2407,233.793244162);
#2409=LINE('',#2406,#2408);
#2410=EDGE_CURVE('',#2399,#2381,#2409,.T.);
#2411=ORIENTED_EDGE('',*,*,#2410,.T.);
#2412=EDGE_LOOP('',(#2389,#2397,#2405,#2411));
#2413=FACE_BOUND('',#2412,.T.);
#2414=ADVANCED_FACE('',(#2413),#2379,.F.);
#2415=CARTESIAN_POINT('',(38.,32.302201683,62.173690307));
#2416=DIRECTION('',(-0.,0.906307787,-0.422618262));
#2417=DIRECTION('',(0.,0.422618262,0.906307787));
#2418=AXIS2_PLACEMENT_3D('',#2415,#2416,#2417);
#2419=PLANE('',#2418);
#2420=CARTESIAN_POINT('',(9.,35.288292038,68.577381738));
#2421=VERTEX_POINT('',#2420);
#2422=CARTESIAN_POINT('',(9.,8.708755523,11.577381738));
#2423=VERTEX_POINT('',#2422);
#2424=CARTESIAN_POINT('',(9.,35.288292038,68.577381738));
#2425=DIRECTION('',(0.,-0.422618262,-0.906307787));
#2426=VECTOR('',#2425,62.892541381);
#2427=LINE('',#2424,#2426);
#2428=EDGE_CURVE('',#2421,#2423,#2427,.T.);
#2429=ORIENTED_EDGE('',*,*,#2428,.T.);
#2430=CARTESIAN_POINT('',(67.,8.708755523,11.577381738));
#2431=VERTEX_POINT('',#2430);
#2432=CARTESIAN_POINT('',(9.,8.708755523,11.577381738));
#2433=DIRECTION('',(1.,0.,0.));
#2434=VECTOR('',#2433,58.);
#2435=LINE('',#2432,#2434);
#2436=EDGE_CURVE('',#2423,#2431,#2435,.T.);
#2437=ORIENTED_EDGE('',*,*,#2436,.T.);
#2438=CARTESIAN_POINT('',(67.,35.288292038,68.577381738));
#2439=VERTEX_POINT('',#2438);
#2440=CARTESIAN_POINT('',(67.,8.708755523,11.577381738));
#2441=DIRECTION('',(-0.,0.422618262,0.906307787));
#2442=VECTOR('',#2441,62.892541381);
#2443=LINE('',#2440,#2442);
#2444=EDGE_CURVE('',#2431,#2439,#2443,.T.);
#2445=ORIENTED_EDGE('',*,*,#2444,.T.);
#2446=CARTESIAN_POINT('',(73.,35.288292038,68.577381738));
#2447=VERTEX_POINT('',#2446);
#2448=CARTESIAN_POINT('',(67.,35.288292038,68.577381738));
#2449=DIRECTION('',(1.,0.,-0.));
#2450=VECTOR('',#2449,6.);
#2451=LINE('',#2448,#2450);
#2452=EDGE_CURVE('',#2439,#2447,#2451,.T.);
#2453=ORIENTED_EDGE('',*,*,#2452,.T.);
#2454=CARTESIAN_POINT('',(73.,4.709056731,3.));
#2455=VERTEX_POINT('',#2454);
#2456=CARTESIAN_POINT('',(73.,35.288292038,68.577381738));
#2457=DIRECTION('',(-0.,-0.422618262,-0.906307787));
#2458=VECTOR('',#2457,72.356634993);
#2459=LINE('',#2456,#2458);
#2460=EDGE_CURVE('',#2447,#2455,#2459,.T.);
#2461=ORIENTED_EDGE('',*,*,#2460,.T.);
#2462=CARTESIAN_POINT('',(3.,4.709056731,3.));
#2463=VERTEX_POINT('',#2462);
#2464=CARTESIAN_POINT('',(3.,4.709056731,3.));
#2465=DIRECTION('',(1.,0.,0.));
#2466=VECTOR('',#2465,70.);
#2467=LINE('',#2464,#2466);
#2468=EDGE_CURVE('',#2463,#2455,#2467,.T.);
#2469=ORIENTED_EDGE('',*,*,#2468,.F.);
#2470=CARTESIAN_POINT('',(3.,35.288292038,68.577381738));
#2471=VERTEX_POINT('',#2470);
#2472=CARTESIAN_POINT('',(3.,35.288292038,68.577381738));
#2473=DIRECTION('',(-0.,-0.422618262,-0.906307787));
#2474=VECTOR('',#2473,72.356634993);
#2475=LINE('',#2472,#2474);
#2476=EDGE_CURVE('',#2471,#2463,#2475,.T.);
#2477=ORIENTED_EDGE('',*,*,#2476,.F.);
#2478=CARTESIAN_POINT('',(3.,35.288292038,68.577381738));
#2479=DIRECTION('',(1.,0.,-0.));
#2480=VECTOR('',#2479,6.);
#2481=LINE('',#2478,#2480);
#2482=EDGE_CURVE('',#2471,#2421,#2481,.T.);
#2483=ORIENTED_EDGE('',*,*,#2482,.T.);
#2484=EDGE_LOOP('',(#2429,#2437,#2445,#2453,#2461,#2469,#2477,#2483));
#2485=FACE_BOUND('',#2484,.T.);
#2486=ADVANCED_FACE('',(#2485),#2419,.T.);
#2487=CARTESIAN_POINT('',(73.,118.,70.));
#2488=DIRECTION('',(-1.,-0.,0.));
#2489=DIRECTION('',(0.,-1.,0.));
#2490=AXIS2_PLACEMENT_3D('',#2487,#2488,#2489);
#2491=PLANE('',#2490);
#2492=CARTESIAN_POINT('',(73.,35.381984251,69.));
#2493=VERTEX_POINT('',#2492);
#2494=CARTESIAN_POINT('',(73.,34.381984251,69.));
#2495=DIRECTION('',(1.,0.,-0.));
#2496=DIRECTION('',(0.,-1.,0.));
#2497=AXIS2_PLACEMENT_3D('',#2494,#2495,#2496);
#2498=CIRCLE('',#2497,1.);
#2499=EDGE_CURVE('',#2447,#2493,#2498,.T.);
#2500=ORIENTED_EDGE('',*,*,#2499,.T.);
#2501=CARTESIAN_POINT('',(73.,43.514752449,69.));
#2502=VERTEX_POINT('',#2501);
#2503=CARTESIAN_POINT('',(73.,35.381984251,69.));
#2504=DIRECTION('',(-0.,1.,0.));
#2505=VECTOR('',#2504,8.132768199);
#2506=LINE('',#2503,#2505);
#2507=EDGE_CURVE('',#2493,#2502,#2506,.T.);
#2508=ORIENTED_EDGE('',*,*,#2507,.T.);
#2509=CARTESIAN_POINT('',(73.,12.738447011,3.));
#2510=VERTEX_POINT('',#2509);
#2511=CARTESIAN_POINT('',(73.,12.738447011,3.));
#2512=DIRECTION('',(-0.,0.422618262,0.906307787));
#2513=VECTOR('',#2512,72.822942652);
#2514=LINE('',#2511,#2513);
#2515=EDGE_CURVE('',#2510,#2502,#2514,.T.);
#2516=ORIENTED_EDGE('',*,*,#2515,.F.);
#2517=CARTESIAN_POINT('',(73.,4.709056731,3.));
#2518=DIRECTION('',(-0.,1.,0.));
#2519=VECTOR('',#2518,8.02939028);
#2520=LINE('',#2517,#2519);
#2521=EDGE_CURVE('',#2455,#2510,#2520,.T.);
#2522=ORIENTED_EDGE('',*,*,#2521,.F.);
#2523=ORIENTED_EDGE('',*,*,#2460,.F.);
#2524=EDGE_LOOP('',(#2500,#2508,#2516,#2522,#2523));
#2525=FACE_BOUND('',#2524,.T.);
#2526=ADVANCED_FACE('',(#2525),#2491,.T.);
#2527=CARTESIAN_POINT('',(38.,262.864354961,64.709399878));
#2528=DIRECTION('',(0.,-0.906307787,0.422618262));
#2529=DIRECTION('',(0.,-0.422618262,-0.906307787));
#2530=AXIS2_PLACEMENT_3D('',#2527,#2528,#2529);
#2531=PLANE('',#2530);
#2532=CARTESIAN_POINT('',(73.093692213,265.062164788,69.422618262));
#2533=VERTEX_POINT('',#2532);
#2534=CARTESIAN_POINT('',(74.,264.865094656,69.));
#2535=DIRECTION('',(-0.,0.906307787,-0.422618262));
#2536=DIRECTION('',(-0.,0.422618262,0.906307787));
#2537=AXIS2_PLACEMENT_3D('',#2534,#2535,#2536);
#2538=ELLIPSE('',#2537,1.103377919,1.);
#2539=EDGE_CURVE('',#807,#2533,#2538,.T.);
#2540=ORIENTED_EDGE('',*,*,#2539,.T.);
#2541=CARTESIAN_POINT('',(2.906307787,265.062164788,69.422618262));
#2542=VERTEX_POINT('',#2541);
#2543=CARTESIAN_POINT('',(73.093692213,265.062164788,69.422618262));
#2544=DIRECTION('',(-1.,0.,0.));
#2545=VECTOR('',#2544,70.187384426);
#2546=LINE('',#2543,#2545);
#2547=EDGE_CURVE('',#2533,#2542,#2546,.T.);
#2548=ORIENTED_EDGE('',*,*,#2547,.T.);
#2549=CARTESIAN_POINT('',(2.,264.865094656,69.));
#2550=DIRECTION('',(-0.,0.906307787,-0.422618262));
#2551=DIRECTION('',(0.,-0.422618262,-0.906307787));
#2552=AXIS2_PLACEMENT_3D('',#2549,#2550,#2551);
#2553=ELLIPSE('',#2552,1.103377919,1.);
#2554=EDGE_CURVE('',#2542,#1267,#2553,.T.);
#2555=ORIENTED_EDGE('',*,*,#2554,.T.);
#2556=ORIENTED_EDGE('',*,*,#1274,.T.);
#2557=ORIENTED_EDGE('',*,*,#1318,.F.);
#2558=ORIENTED_EDGE('',*,*,#820,.F.);
#2559=EDGE_LOOP('',(#2540,#2548,#2555,#2556,#2557,#2558));
#2560=FACE_BOUND('',#2559,.T.);
#2561=ADVANCED_FACE('',(#2560),#2531,.T.);
#2562=CARTESIAN_POINT('',(3.,118.,70.));
#2563=DIRECTION('',(1.,0.,0.));
#2564=DIRECTION('',(-0.,1.,0.));
#2565=AXIS2_PLACEMENT_3D('',#2562,#2563,#2564);
#2566=PLANE('',#2565);
#2567=CARTESIAN_POINT('',(3.,43.514752449,69.));
#2568=VERTEX_POINT('',#2567);
#2569=CARTESIAN_POINT('',(3.,12.738447011,3.));
#2570=VERTEX_POINT('',#2569);
#2571=CARTESIAN_POINT('',(3.,43.514752449,69.));
#2572=DIRECTION('',(0.,-0.422618262,-0.906307787));
#2573=VECTOR('',#2572,72.822942652);
#2574=LINE('',#2571,#2573);
#2575=EDGE_CURVE('',#2568,#2570,#2574,.T.);
#2576=ORIENTED_EDGE('',*,*,#2575,.F.);
#2577=CARTESIAN_POINT('',(3.,35.381984251,69.));
#2578=VERTEX_POINT('',#2577);
#2579=CARTESIAN_POINT('',(3.,43.514752449,69.));
#2580=DIRECTION('',(0.,-1.,0.));
#2581=VECTOR('',#2580,8.132768199);
#2582=LINE('',#2579,#2581);
#2583=EDGE_CURVE('',#2568,#2578,#2582,.T.);
#2584=ORIENTED_EDGE('',*,*,#2583,.T.);
#2585=CARTESIAN_POINT('',(3.,34.381984251,69.));
#2586=DIRECTION('',(-1.,-0.,-0.));
#2587=DIRECTION('',(-0.,1.,0.));
#2588=AXIS2_PLACEMENT_3D('',#2585,#2586,#2587);
#2589=CIRCLE('',#2588,1.);
#2590=EDGE_CURVE('',#2578,#2471,#2589,.T.);
#2591=ORIENTED_EDGE('',*,*,#2590,.T.);
#2592=ORIENTED_EDGE('',*,*,#2476,.T.);
#2593=CARTESIAN_POINT('',(3.,12.738447011,3.));
#2594=DIRECTION('',(0.,-1.,0.));
#2595=VECTOR('',#2594,8.02939028);
#2596=LINE('',#2593,#2595);
#2597=EDGE_CURVE('',#2570,#2463,#2596,.T.);
#2598=ORIENTED_EDGE('',*,*,#2597,.F.);
#2599=EDGE_LOOP('',(#2576,#2584,#2591,#2592,#2598));
#2600=FACE_BOUND('',#2599,.T.);
#2601=ADVANCED_FACE('',(#2600),#2566,.T.);
#2602=CARTESIAN_POINT('',(0.,0.,3.));
#2603=DIRECTION('',(0.,0.,1.));
#2604=DIRECTION('',(1.,0.,0.));
#2605=AXIS2_PLACEMENT_3D('',#2602,#2603,#2604);
#2606=PLANE('',#2605);
#2607=CARTESIAN_POINT('',(3.,12.738447011,3.));
#2608=DIRECTION('',(1.,0.,-0.));
#2609=VECTOR('',#2608,70.);
#2610=LINE('',#2607,#2609);
#2611=EDGE_CURVE('',#2570,#2510,#2610,.T.);
#2612=ORIENTED_EDGE('',*,*,#2611,.F.);
#2613=ORIENTED_EDGE('',*,*,#2597,.T.);
#2614=ORIENTED_EDGE('',*,*,#2468,.T.);
#2615=ORIENTED_EDGE('',*,*,#2521,.T.);
#2616=EDGE_LOOP('',(#2612,#2613,#2614,#2615));
#2617=FACE_BOUND('',#2616,.T.);
#2618=ADVANCED_FACE('',(#2617),#2606,.T.);
#2619=CARTESIAN_POINT('',(38.,15.,13.));
#2620=DIRECTION('',(0.,0.,-1.));
#2621=DIRECTION('',(-1.,0.,0.));
#2622=AXIS2_PLACEMENT_3D('',#2619,#2620,#2621);
#2623=PLANE('',#2622);
#2624=CARTESIAN_POINT('',(66.,7.802447736,13.));
#2625=VERTEX_POINT('',#2624);
#2626=CARTESIAN_POINT('',(66.,7.165377475,13.));
#2627=VERTEX_POINT('',#2626);
#2628=CARTESIAN_POINT('',(66.,7.802447736,13.));
#2629=DIRECTION('',(0.,-1.,0.));
#2630=VECTOR('',#2629,0.637070261);
#2631=LINE('',#2628,#2630);
#2632=EDGE_CURVE('',#2625,#2627,#2631,.T.);
#2633=ORIENTED_EDGE('',*,*,#2632,.F.);
#2634=CARTESIAN_POINT('',(10.,7.802447736,13.));
#2635=VERTEX_POINT('',#2634);
#2636=CARTESIAN_POINT('',(66.,7.802447736,13.));
#2637=DIRECTION('',(-1.,-0.,0.));
#2638=VECTOR('',#2637,56.);
#2639=LINE('',#2636,#2638);
#2640=EDGE_CURVE('',#2625,#2635,#2639,.T.);
#2641=ORIENTED_EDGE('',*,*,#2640,.T.);
#2642=CARTESIAN_POINT('',(10.,7.165377475,13.));
#2643=VERTEX_POINT('',#2642);
#2644=CARTESIAN_POINT('',(10.,7.802447736,13.));
#2645=DIRECTION('',(0.,-1.,0.));
#2646=VECTOR('',#2645,0.637070261);
#2647=LINE('',#2644,#2646);
#2648=EDGE_CURVE('',#2635,#2643,#2647,.T.);
#2649=ORIENTED_EDGE('',*,*,#2648,.T.);
#2650=CARTESIAN_POINT('',(9.906307787,6.699069817,13.));
#2651=VERTEX_POINT('',#2650);
#2652=CARTESIAN_POINT('',(9.,7.165377475,13.));
#2653=DIRECTION('',(0.,0.,-1.));
#2654=DIRECTION('',(0.,-1.,0.));
#2655=AXIS2_PLACEMENT_3D('',#2652,#2653,#2654);
#2656=ELLIPSE('',#2655,1.103377919,1.);
#2657=EDGE_CURVE('',#2643,#2651,#2656,.T.);
#2658=ORIENTED_EDGE('',*,*,#2657,.T.);
#2659=CARTESIAN_POINT('',(66.093692213,6.699069817,13.));
#2660=VERTEX_POINT('',#2659);
#2661=CARTESIAN_POINT('',(9.906307787,6.699069817,13.));
#2662=DIRECTION('',(1.,0.,0.));
#2663=VECTOR('',#2662,56.187384426);
#2664=LINE('',#2661,#2663);
#2665=EDGE_CURVE('',#2651,#2660,#2664,.T.);
#2666=ORIENTED_EDGE('',*,*,#2665,.T.);
#2667=CARTESIAN_POINT('',(67.,7.165377475,13.));
#2668=DIRECTION('',(0.,0.,-1.));
#2669=DIRECTION('',(-0.,1.,0.));
#2670=AXIS2_PLACEMENT_3D('',#2667,#2668,#2669);
#2671=ELLIPSE('',#2670,1.103377919,1.);
#2672=EDGE_CURVE('',#2660,#2627,#2671,.T.);
#2673=ORIENTED_EDGE('',*,*,#2672,.T.);
#2674=EDGE_LOOP('',(#2633,#2641,#2649,#2658,#2666,#2673));
#2675=FACE_BOUND('',#2674,.T.);
#2676=ADVANCED_FACE('',(#2675),#2623,.F.);
#2677=CARTESIAN_POINT('',(66.,15.,37.5));
#2678=DIRECTION('',(1.,0.,0.));
#2679=DIRECTION('',(0.,0.,-1.));
#2680=AXIS2_PLACEMENT_3D('',#2677,#2678,#2679);
#2681=PLANE('',#2680);
#2682=CARTESIAN_POINT('',(66.,33.278606332,69.));
#2683=VERTEX_POINT('',#2682);
#2684=CARTESIAN_POINT('',(66.,34.381984251,69.));
#2685=VERTEX_POINT('',#2684);
#2686=CARTESIAN_POINT('',(66.,33.278606332,69.));
#2687=DIRECTION('',(-0.,1.,-0.));
#2688=VECTOR('',#2687,1.103377919);
#2689=LINE('',#2686,#2688);
#2690=EDGE_CURVE('',#2683,#2685,#2689,.T.);
#2691=ORIENTED_EDGE('',*,*,#2690,.T.);
#2692=CARTESIAN_POINT('',(66.,8.225065998,12.906307787));
#2693=VERTEX_POINT('',#2692);
#2694=CARTESIAN_POINT('',(66.,34.381984251,69.));
#2695=DIRECTION('',(0.,-0.422618262,-0.906307787));
#2696=VECTOR('',#2695,61.892541381);
#2697=LINE('',#2694,#2696);
#2698=EDGE_CURVE('',#2685,#2693,#2697,.T.);
#2699=ORIENTED_EDGE('',*,*,#2698,.T.);
#2700=CARTESIAN_POINT('',(66.,7.802447736,12.));
#2701=DIRECTION('',(1.,0.,0.));
#2702=DIRECTION('',(0.,0.,-1.));
#2703=AXIS2_PLACEMENT_3D('',#2700,#2701,#2702);
#2704=CIRCLE('',#2703,1.);
#2705=EDGE_CURVE('',#2693,#2625,#2704,.T.);
#2706=ORIENTED_EDGE('',*,*,#2705,.T.);
#2707=ORIENTED_EDGE('',*,*,#2632,.T.);
#2708=CARTESIAN_POINT('',(66.,7.165377475,13.));
#2709=DIRECTION('',(-0.,0.422618262,0.906307787));
#2710=VECTOR('',#2709,61.789163462);
#2711=LINE('',#2708,#2710);
#2712=EDGE_CURVE('',#2627,#2683,#2711,.T.);
#2713=ORIENTED_EDGE('',*,*,#2712,.T.);
#2714=EDGE_LOOP('',(#2691,#2699,#2706,#2707,#2713));
#2715=FACE_BOUND('',#2714,.T.);
#2716=ADVANCED_FACE('',(#2715),#2681,.F.);
#2717=CARTESIAN_POINT('',(10.,15.,37.5));
#2718=DIRECTION('',(-1.,0.,-0.));
#2719=DIRECTION('',(-0.,0.,1.));
#2720=AXIS2_PLACEMENT_3D('',#2717,#2718,#2719);
#2721=PLANE('',#2720);
#2722=ORIENTED_EDGE('',*,*,#2648,.F.);
#2723=CARTESIAN_POINT('',(10.,8.225065998,12.906307787));
#2724=VERTEX_POINT('',#2723);
#2725=CARTESIAN_POINT('',(10.,7.802447736,12.));
#2726=DIRECTION('',(-1.,0.,-0.));
#2727=DIRECTION('',(-0.,0.,1.));
#2728=AXIS2_PLACEMENT_3D('',#2725,#2726,#2727);
#2729=CIRCLE('',#2728,1.);
#2730=EDGE_CURVE('',#2635,#2724,#2729,.T.);
#2731=ORIENTED_EDGE('',*,*,#2730,.T.);
#2732=CARTESIAN_POINT('',(10.,34.381984251,69.));
#2733=VERTEX_POINT('',#2732);
#2734=CARTESIAN_POINT('',(10.,8.225065998,12.906307787));
#2735=DIRECTION('',(-0.,0.422618262,0.906307787));
#2736=VECTOR('',#2735,61.892541381);
#2737=LINE('',#2734,#2736);
#2738=EDGE_CURVE('',#2724,#2733,#2737,.T.);
#2739=ORIENTED_EDGE('',*,*,#2738,.T.);
#2740=CARTESIAN_POINT('',(10.,33.278606332,69.));
#2741=VERTEX_POINT('',#2740);
#2742=CARTESIAN_POINT('',(10.,34.381984251,69.));
#2743=DIRECTION('',(0.,-1.,0.));
#2744=VECTOR('',#2743,1.103377919);
#2745=LINE('',#2742,#2744);
#2746=EDGE_CURVE('',#2733,#2741,#2745,.T.);
#2747=ORIENTED_EDGE('',*,*,#2746,.T.);
#2748=CARTESIAN_POINT('',(10.,33.278606332,69.));
#2749=DIRECTION('',(0.,-0.422618262,-0.906307787));
#2750=VECTOR('',#2749,61.789163462);
#2751=LINE('',#2748,#2750);
#2752=EDGE_CURVE('',#2741,#2643,#2751,.T.);
#2753=ORIENTED_EDGE('',*,*,#2752,.T.);
#2754=EDGE_LOOP('',(#2722,#2731,#2739,#2747,#2753));
#2755=FACE_BOUND('',#2754,.T.);
#2756=ADVANCED_FACE('',(#2755),#2721,.F.);
#2757=CARTESIAN_POINT('',(80.,219.531538935,37.113091309));
#2758=DIRECTION('',(0.,-0.906307787,-0.422618262));
#2759=DIRECTION('',(1.,0.,0.));
#2760=AXIS2_PLACEMENT_3D('',#2757,#2758,#2759);
#2761=PLANE('',#2760);
#2762=ORIENTED_EDGE('',*,*,#2329,.T.);
#2763=CARTESIAN_POINT('',(3.,231.153541133,12.189627165));
#2764=DIRECTION('',(-1.,-0.,-0.));
#2765=VECTOR('',#2764,3.);
#2766=LINE('',#2763,#2765);
#2767=EDGE_CURVE('',#1233,#2315,#2766,.T.);
#2768=ORIENTED_EDGE('',*,*,#2767,.F.);
#2769=ORIENTED_EDGE('',*,*,#1262,.F.);
#2770=CARTESIAN_POINT('',(3.,207.909536737,62.036555452));
#2771=DIRECTION('',(-1.,-0.,-0.));
#2772=VECTOR('',#2771,3.);
#2773=LINE('',#2770,#2772);
#2774=EDGE_CURVE('',#1250,#2324,#2773,.T.);
#2775=ORIENTED_EDGE('',*,*,#2774,.T.);
#2776=EDGE_LOOP('',(#2762,#2768,#2769,#2775));
#2777=FACE_BOUND('',#2776,.T.);
#2778=ADVANCED_FACE('',(#2777),#2761,.T.);
#2779=CARTESIAN_POINT('',(80.,203.377997802,59.923464144));
#2780=DIRECTION('',(-1.,-0.,-0.));
#2781=DIRECTION('',(0.,-0.906307787,-0.422618262));
#2782=AXIS2_PLACEMENT_3D('',#2779,#2780,#2781);
#2783=CYLINDRICAL_SURFACE('',#2782,5.);
#2784=ORIENTED_EDGE('',*,*,#2774,.F.);
#2785=ORIENTED_EDGE('',*,*,#1256,.T.);
#2786=CARTESIAN_POINT('',(3.,198.846458867,57.810372835));
#2787=DIRECTION('',(-1.,-0.,-0.));
#2788=VECTOR('',#2787,3.);
#2789=LINE('',#2786,#2788);
#2790=EDGE_CURVE('',#1242,#2305,#2789,.T.);
#2791=ORIENTED_EDGE('',*,*,#2790,.T.);
#2792=ORIENTED_EDGE('',*,*,#2336,.F.);
#2793=EDGE_LOOP('',(#2784,#2785,#2791,#2792));
#2794=FACE_BOUND('',#2793,.T.);
#2795=ADVANCED_FACE('',(#2794),#2783,.F.);
#2796=CARTESIAN_POINT('',(80.,210.468461065,32.886908691));
#2797=DIRECTION('',(0.,-0.906307787,-0.422618262));
#2798=DIRECTION('',(1.,0.,0.));
#2799=AXIS2_PLACEMENT_3D('',#2796,#2797,#2798);
#2800=PLANE('',#2799);
#2801=ORIENTED_EDGE('',*,*,#2790,.F.);
#2802=ORIENTED_EDGE('',*,*,#1247,.T.);
#2803=CARTESIAN_POINT('',(3.,222.090463263,7.963444548));
#2804=DIRECTION('',(-1.,-0.,-0.));
#2805=VECTOR('',#2804,3.);
#2806=LINE('',#2803,#2805);
#2807=EDGE_CURVE('',#1231,#2307,#2806,.T.);
#2808=ORIENTED_EDGE('',*,*,#2807,.T.);
#2809=ORIENTED_EDGE('',*,*,#2312,.F.);
#2810=EDGE_LOOP('',(#2801,#2802,#2808,#2809));
#2811=FACE_BOUND('',#2810,.T.);
#2812=ADVANCED_FACE('',(#2811),#2800,.F.);
#2813=CARTESIAN_POINT('',(80.,226.622002198,10.076535856));
#2814=DIRECTION('',(-1.,-0.,-0.));
#2815=DIRECTION('',(0.,-0.906307787,-0.422618262));
#2816=AXIS2_PLACEMENT_3D('',#2813,#2814,#2815);
#2817=CYLINDRICAL_SURFACE('',#2816,5.);
#2818=ORIENTED_EDGE('',*,*,#2807,.F.);
#2819=ORIENTED_EDGE('',*,*,#1239,.T.);
#2820=ORIENTED_EDGE('',*,*,#2767,.T.);
#2821=ORIENTED_EDGE('',*,*,#2321,.F.);
#2822=EDGE_LOOP('',(#2818,#2819,#2820,#2821));
#2823=FACE_BOUND('',#2822,.T.);
#2824=ADVANCED_FACE('',(#2823),#2817,.F.);
#2825=CARTESIAN_POINT('',(80.,226.622002198,10.076535856));
#2826=DIRECTION('',(-1.,-0.,-0.));
#2827=DIRECTION('',(0.,-0.906307787,-0.422618262));
#2828=AXIS2_PLACEMENT_3D('',#2825,#2826,#2827);
#2829=CYLINDRICAL_SURFACE('',#2828,5.);
#2830=CARTESIAN_POINT('',(76.,231.153541133,12.189627165));
#2831=DIRECTION('',(-1.,-0.,-0.));
#2832=VECTOR('',#2831,3.);
#2833=LINE('',#2830,#2832);
#2834=EDGE_CURVE('',#1795,#761,#2833,.T.);
#2835=ORIENTED_EDGE('',*,*,#2834,.T.);
#2836=ORIENTED_EDGE('',*,*,#769,.T.);
#2837=CARTESIAN_POINT('',(76.,222.090463263,7.963444548));
#2838=DIRECTION('',(-1.,-0.,-0.));
#2839=VECTOR('',#2838,3.);
#2840=LINE('',#2837,#2839);
#2841=EDGE_CURVE('',#1805,#763,#2840,.T.);
#2842=ORIENTED_EDGE('',*,*,#2841,.F.);
#2843=ORIENTED_EDGE('',*,*,#1811,.F.);
#2844=EDGE_LOOP('',(#2835,#2836,#2842,#2843));
#2845=FACE_BOUND('',#2844,.T.);
#2846=ADVANCED_FACE('',(#2845),#2829,.F.);
#2847=CARTESIAN_POINT('',(80.,210.468461065,32.886908691));
#2848=DIRECTION('',(0.,-0.906307787,-0.422618262));
#2849=DIRECTION('',(1.,0.,0.));
#2850=AXIS2_PLACEMENT_3D('',#2847,#2848,#2849);
#2851=PLANE('',#2850);
#2852=ORIENTED_EDGE('',*,*,#2841,.T.);
#2853=ORIENTED_EDGE('',*,*,#792,.T.);
#2854=CARTESIAN_POINT('',(76.,198.846458867,57.810372835));
#2855=DIRECTION('',(-1.,-0.,-0.));
#2856=VECTOR('',#2855,3.);
#2857=LINE('',#2854,#2856);
#2858=EDGE_CURVE('',#1814,#780,#2857,.T.);
#2859=ORIENTED_EDGE('',*,*,#2858,.F.);
#2860=ORIENTED_EDGE('',*,*,#1819,.F.);
#2861=EDGE_LOOP('',(#2852,#2853,#2859,#2860));
#2862=FACE_BOUND('',#2861,.T.);
#2863=ADVANCED_FACE('',(#2862),#2851,.F.);
#2864=CARTESIAN_POINT('',(80.,203.377997802,59.923464144));
#2865=DIRECTION('',(-1.,-0.,-0.));
#2866=DIRECTION('',(0.,-0.906307787,-0.422618262));
#2867=AXIS2_PLACEMENT_3D('',#2864,#2865,#2866);
#2868=CYLINDRICAL_SURFACE('',#2867,5.);
#2869=ORIENTED_EDGE('',*,*,#2858,.T.);
#2870=ORIENTED_EDGE('',*,*,#786,.T.);
#2871=CARTESIAN_POINT('',(76.,207.909536737,62.036555452));
#2872=DIRECTION('',(-1.,-0.,-0.));
#2873=VECTOR('',#2872,3.);
#2874=LINE('',#2871,#2873);
#2875=EDGE_CURVE('',#1797,#772,#2874,.T.);
#2876=ORIENTED_EDGE('',*,*,#2875,.F.);
#2877=ORIENTED_EDGE('',*,*,#1826,.F.);
#2878=EDGE_LOOP('',(#2869,#2870,#2876,#2877));
#2879=FACE_BOUND('',#2878,.T.);
#2880=ADVANCED_FACE('',(#2879),#2868,.F.);
#2881=CARTESIAN_POINT('',(80.,219.531538935,37.113091309));
#2882=DIRECTION('',(0.,-0.906307787,-0.422618262));
#2883=DIRECTION('',(1.,0.,0.));
#2884=AXIS2_PLACEMENT_3D('',#2881,#2882,#2883);
#2885=PLANE('',#2884);
#2886=ORIENTED_EDGE('',*,*,#1802,.T.);
#2887=ORIENTED_EDGE('',*,*,#2875,.T.);
#2888=ORIENTED_EDGE('',*,*,#777,.F.);
#2889=ORIENTED_EDGE('',*,*,#2834,.F.);
#2890=EDGE_LOOP('',(#2886,#2887,#2888,#2889));
#2891=FACE_BOUND('',#2890,.T.);
#2892=ADVANCED_FACE('',(#2891),#2885,.T.);
#2893=CARTESIAN_POINT('',(80.,202.309316713,37.113091309));
#2894=DIRECTION('',(0.,-0.906307787,-0.422618262));
#2895=DIRECTION('',(1.,0.,0.));
#2896=AXIS2_PLACEMENT_3D('',#2893,#2894,#2895);
#2897=PLANE('',#2896);
#2898=ORIENTED_EDGE('',*,*,#2293,.T.);
#2899=CARTESIAN_POINT('',(3.,213.931318911,12.189627165));
#2900=DIRECTION('',(-1.,-0.,-0.));
#2901=VECTOR('',#2900,3.);
#2902=LINE('',#2899,#2901);
#2903=EDGE_CURVE('',#1197,#2279,#2902,.T.);
#2904=ORIENTED_EDGE('',*,*,#2903,.F.);
#2905=ORIENTED_EDGE('',*,*,#1226,.F.);
#2906=CARTESIAN_POINT('',(3.,190.687314515,62.036555452));
#2907=DIRECTION('',(-1.,-0.,-0.));
#2908=VECTOR('',#2907,3.);
#2909=LINE('',#2906,#2908);
#2910=EDGE_CURVE('',#1214,#2288,#2909,.T.);
#2911=ORIENTED_EDGE('',*,*,#2910,.T.);
#2912=EDGE_LOOP('',(#2898,#2904,#2905,#2911));
#2913=FACE_BOUND('',#2912,.T.);
#2914=ADVANCED_FACE('',(#2913),#2897,.T.);
#2915=CARTESIAN_POINT('',(80.,186.15577558,59.923464144));
#2916=DIRECTION('',(-1.,-0.,-0.));
#2917=DIRECTION('',(0.,-0.906307787,-0.422618262));
#2918=AXIS2_PLACEMENT_3D('',#2915,#2916,#2917);
#2919=CYLINDRICAL_SURFACE('',#2918,5.);
#2920=ORIENTED_EDGE('',*,*,#2910,.F.);
#2921=ORIENTED_EDGE('',*,*,#1220,.T.);
#2922=CARTESIAN_POINT('',(3.,181.624236645,57.810372835));
#2923=DIRECTION('',(-1.,-0.,-0.));
#2924=VECTOR('',#2923,3.);
#2925=LINE('',#2922,#2924);
#2926=EDGE_CURVE('',#1206,#2269,#2925,.T.);
#2927=ORIENTED_EDGE('',*,*,#2926,.T.);
#2928=ORIENTED_EDGE('',*,*,#2300,.F.);
#2929=EDGE_LOOP('',(#2920,#2921,#2927,#2928));
#2930=FACE_BOUND('',#2929,.T.);
#2931=ADVANCED_FACE('',(#2930),#2919,.F.);
#2932=CARTESIAN_POINT('',(80.,193.246238843,32.886908691));
#2933=DIRECTION('',(0.,-0.906307787,-0.422618262));
#2934=DIRECTION('',(1.,0.,0.));
#2935=AXIS2_PLACEMENT_3D('',#2932,#2933,#2934);
#2936=PLANE('',#2935);
#2937=ORIENTED_EDGE('',*,*,#2926,.F.);
#2938=ORIENTED_EDGE('',*,*,#1211,.T.);
#2939=CARTESIAN_POINT('',(3.,204.86824104,7.963444548));
#2940=DIRECTION('',(-1.,-0.,-0.));
#2941=VECTOR('',#2940,3.);
#2942=LINE('',#2939,#2941);
#2943=EDGE_CURVE('',#1195,#2271,#2942,.T.);
#2944=ORIENTED_EDGE('',*,*,#2943,.T.);
#2945=ORIENTED_EDGE('',*,*,#2276,.F.);
#2946=EDGE_LOOP('',(#2937,#2938,#2944,#2945));
#2947=FACE_BOUND('',#2946,.T.);
#2948=ADVANCED_FACE('',(#2947),#2936,.F.);
#2949=CARTESIAN_POINT('',(80.,209.399779976,10.076535856));
#2950=DIRECTION('',(-1.,-0.,-0.));
#2951=DIRECTION('',(0.,-0.906307787,-0.422618262));
#2952=AXIS2_PLACEMENT_3D('',#2949,#2950,#2951);
#2953=CYLINDRICAL_SURFACE('',#2952,5.);
#2954=ORIENTED_EDGE('',*,*,#2943,.F.);
#2955=ORIENTED_EDGE('',*,*,#1203,.T.);
#2956=ORIENTED_EDGE('',*,*,#2903,.T.);
#2957=ORIENTED_EDGE('',*,*,#2285,.F.);
#2958=EDGE_LOOP('',(#2954,#2955,#2956,#2957));
#2959=FACE_BOUND('',#2958,.T.);
#2960=ADVANCED_FACE('',(#2959),#2953,.F.);
#2961=CARTESIAN_POINT('',(80.,209.399779976,10.076535856));
#2962=DIRECTION('',(-1.,-0.,-0.));
#2963=DIRECTION('',(0.,-0.906307787,-0.422618262));
#2964=AXIS2_PLACEMENT_3D('',#2961,#2962,#2963);
#2965=CYLINDRICAL_SURFACE('',#2964,5.);
#2966=CARTESIAN_POINT('',(76.,213.931318911,12.189627165));
#2967=DIRECTION('',(-1.,-0.,-0.));
#2968=VECTOR('',#2967,3.);
#2969=LINE('',#2966,#2968);
#2970=EDGE_CURVE('',#1759,#725,#2969,.T.);
#2971=ORIENTED_EDGE('',*,*,#2970,.T.);
#2972=ORIENTED_EDGE('',*,*,#733,.T.);
#2973=CARTESIAN_POINT('',(76.,204.86824104,7.963444548));
#2974=DIRECTION('',(-1.,-0.,-0.));
#2975=VECTOR('',#2974,3.);
#2976=LINE('',#2973,#2975);
#2977=EDGE_CURVE('',#1769,#727,#2976,.T.);
#2978=ORIENTED_EDGE('',*,*,#2977,.F.);
#2979=ORIENTED_EDGE('',*,*,#1775,.F.);
#2980=EDGE_LOOP('',(#2971,#2972,#2978,#2979));
#2981=FACE_BOUND('',#2980,.T.);
#2982=ADVANCED_FACE('',(#2981),#2965,.F.);
#2983=CARTESIAN_POINT('',(80.,193.246238843,32.886908691));
#2984=DIRECTION('',(0.,-0.906307787,-0.422618262));
#2985=DIRECTION('',(1.,0.,0.));
#2986=AXIS2_PLACEMENT_3D('',#2983,#2984,#2985);
#2987=PLANE('',#2986);
#2988=ORIENTED_EDGE('',*,*,#2977,.T.);
#2989=ORIENTED_EDGE('',*,*,#756,.T.);
#2990=CARTESIAN_POINT('',(76.,181.624236645,57.810372835));
#2991=DIRECTION('',(-1.,-0.,-0.));
#2992=VECTOR('',#2991,3.);
#2993=LINE('',#2990,#2992);
#2994=EDGE_CURVE('',#1778,#744,#2993,.T.);
#2995=ORIENTED_EDGE('',*,*,#2994,.F.);
#2996=ORIENTED_EDGE('',*,*,#1783,.F.);
#2997=EDGE_LOOP('',(#2988,#2989,#2995,#2996));
#2998=FACE_BOUND('',#2997,.T.);
#2999=ADVANCED_FACE('',(#2998),#2987,.F.);
#3000=CARTESIAN_POINT('',(80.,186.15577558,59.923464144));
#3001=DIRECTION('',(-1.,-0.,-0.));
#3002=DIRECTION('',(0.,-0.906307787,-0.422618262));
#3003=AXIS2_PLACEMENT_3D('',#3000,#3001,#3002);
#3004=CYLINDRICAL_SURFACE('',#3003,5.);
#3005=ORIENTED_EDGE('',*,*,#2994,.T.);
#3006=ORIENTED_EDGE('',*,*,#750,.T.);
#3007=CARTESIAN_POINT('',(76.,190.687314515,62.036555452));
#3008=DIRECTION('',(-1.,-0.,-0.));
#3009=VECTOR('',#3008,3.);
#3010=LINE('',#3007,#3009);
#3011=EDGE_CURVE('',#1761,#736,#3010,.T.);
#3012=ORIENTED_EDGE('',*,*,#3011,.F.);
#3013=ORIENTED_EDGE('',*,*,#1790,.F.);
#3014=EDGE_LOOP('',(#3005,#3006,#3012,#3013));
#3015=FACE_BOUND('',#3014,.T.);
#3016=ADVANCED_FACE('',(#3015),#3004,.F.);
#3017=CARTESIAN_POINT('',(80.,202.309316713,37.113091309));
#3018=DIRECTION('',(0.,-0.906307787,-0.422618262));
#3019=DIRECTION('',(1.,0.,0.));
#3020=AXIS2_PLACEMENT_3D('',#3017,#3018,#3019);
#3021=PLANE('',#3020);
#3022=ORIENTED_EDGE('',*,*,#1766,.T.);
#3023=ORIENTED_EDGE('',*,*,#3011,.T.);
#3024=ORIENTED_EDGE('',*,*,#741,.F.);
#3025=ORIENTED_EDGE('',*,*,#2970,.F.);
#3026=EDGE_LOOP('',(#3022,#3023,#3024,#3025));
#3027=FACE_BOUND('',#3026,.T.);
#3028=ADVANCED_FACE('',(#3027),#3021,.T.);
#3029=CARTESIAN_POINT('',(80.,185.087094491,37.113091309));
#3030=DIRECTION('',(0.,-0.906307787,-0.422618262));
#3031=DIRECTION('',(1.,0.,0.));
#3032=AXIS2_PLACEMENT_3D('',#3029,#3030,#3031);
#3033=PLANE('',#3032);
#3034=ORIENTED_EDGE('',*,*,#2257,.T.);
#3035=CARTESIAN_POINT('',(3.,196.709096689,12.189627165));
#3036=DIRECTION('',(-1.,-0.,-0.));
#3037=VECTOR('',#3036,3.);
#3038=LINE('',#3035,#3037);
#3039=EDGE_CURVE('',#1161,#2243,#3038,.T.);
#3040=ORIENTED_EDGE('',*,*,#3039,.F.);
#3041=ORIENTED_EDGE('',*,*,#1190,.F.);
#3042=CARTESIAN_POINT('',(3.,173.465092293,62.036555452));
#3043=DIRECTION('',(-1.,-0.,-0.));
#3044=VECTOR('',#3043,3.);
#3045=LINE('',#3042,#3044);
#3046=EDGE_CURVE('',#1178,#2252,#3045,.T.);
#3047=ORIENTED_EDGE('',*,*,#3046,.T.);
#3048=EDGE_LOOP('',(#3034,#3040,#3041,#3047));
#3049=FACE_BOUND('',#3048,.T.);
#3050=ADVANCED_FACE('',(#3049),#3033,.T.);
#3051=CARTESIAN_POINT('',(80.,168.933553358,59.923464144));
#3052=DIRECTION('',(-1.,-0.,-0.));
#3053=DIRECTION('',(0.,-0.906307787,-0.422618262));
#3054=AXIS2_PLACEMENT_3D('',#3051,#3052,#3053);
#3055=CYLINDRICAL_SURFACE('',#3054,5.);
#3056=ORIENTED_EDGE('',*,*,#3046,.F.);
#3057=ORIENTED_EDGE('',*,*,#1184,.T.);
#3058=CARTESIAN_POINT('',(3.,164.402014423,57.810372835));
#3059=DIRECTION('',(-1.,-0.,-0.));
#3060=VECTOR('',#3059,3.);
#3061=LINE('',#3058,#3060);
#3062=EDGE_CURVE('',#1170,#2233,#3061,.T.);
#3063=ORIENTED_EDGE('',*,*,#3062,.T.);
#3064=ORIENTED_EDGE('',*,*,#2264,.F.);
#3065=EDGE_LOOP('',(#3056,#3057,#3063,#3064));
#3066=FACE_BOUND('',#3065,.T.);
#3067=ADVANCED_FACE('',(#3066),#3055,.F.);
#3068=CARTESIAN_POINT('',(80.,176.02401662,32.886908691));
#3069=DIRECTION('',(0.,-0.906307787,-0.422618262));
#3070=DIRECTION('',(1.,0.,0.));
#3071=AXIS2_PLACEMENT_3D('',#3068,#3069,#3070);
#3072=PLANE('',#3071);
#3073=ORIENTED_EDGE('',*,*,#3062,.F.);
#3074=ORIENTED_EDGE('',*,*,#1175,.T.);
#3075=CARTESIAN_POINT('',(3.,187.646018818,7.963444548));
#3076=DIRECTION('',(-1.,-0.,-0.));
#3077=VECTOR('',#3076,3.);
#3078=LINE('',#3075,#3077);
#3079=EDGE_CURVE('',#1159,#2235,#3078,.T.);
#3080=ORIENTED_EDGE('',*,*,#3079,.T.);
#3081=ORIENTED_EDGE('',*,*,#2240,.F.);
#3082=EDGE_LOOP('',(#3073,#3074,#3080,#3081));
#3083=FACE_BOUND('',#3082,.T.);
#3084=ADVANCED_FACE('',(#3083),#3072,.F.);
#3085=CARTESIAN_POINT('',(80.,192.177557753,10.076535856));
#3086=DIRECTION('',(-1.,-0.,-0.));
#3087=DIRECTION('',(0.,-0.906307787,-0.422618262));
#3088=AXIS2_PLACEMENT_3D('',#3085,#3086,#3087);
#3089=CYLINDRICAL_SURFACE('',#3088,5.);
#3090=ORIENTED_EDGE('',*,*,#3079,.F.);
#3091=ORIENTED_EDGE('',*,*,#1167,.T.);
#3092=ORIENTED_EDGE('',*,*,#3039,.T.);
#3093=ORIENTED_EDGE('',*,*,#2249,.F.);
#3094=EDGE_LOOP('',(#3090,#3091,#3092,#3093));
#3095=FACE_BOUND('',#3094,.T.);
#3096=ADVANCED_FACE('',(#3095),#3089,.F.);
#3097=CARTESIAN_POINT('',(80.,192.177557753,10.076535856));
#3098=DIRECTION('',(-1.,-0.,-0.));
#3099=DIRECTION('',(0.,-0.906307787,-0.422618262));
#3100=AXIS2_PLACEMENT_3D('',#3097,#3098,#3099);
#3101=CYLINDRICAL_SURFACE('',#3100,5.);
#3102=CARTESIAN_POINT('',(76.,196.709096689,12.189627165));
#3103=DIRECTION('',(-1.,-0.,-0.));
#3104=VECTOR('',#3103,3.);
#3105=LINE('',#3102,#3104);
#3106=EDGE_CURVE('',#1723,#689,#3105,.T.);
#3107=ORIENTED_EDGE('',*,*,#3106,.T.);
#3108=ORIENTED_EDGE('',*,*,#697,.T.);
#3109=CARTESIAN_POINT('',(76.,187.646018818,7.963444548));
#3110=DIRECTION('',(-1.,-0.,-0.));
#3111=VECTOR('',#3110,3.);
#3112=LINE('',#3109,#3111);
#3113=EDGE_CURVE('',#1733,#691,#3112,.T.);
#3114=ORIENTED_EDGE('',*,*,#3113,.F.);
#3115=ORIENTED_EDGE('',*,*,#1739,.F.);
#3116=EDGE_LOOP('',(#3107,#3108,#3114,#3115));
#3117=FACE_BOUND('',#3116,.T.);
#3118=ADVANCED_FACE('',(#3117),#3101,.F.);
#3119=CARTESIAN_POINT('',(80.,176.02401662,32.886908691));
#3120=DIRECTION('',(0.,-0.906307787,-0.422618262));
#3121=DIRECTION('',(1.,0.,0.));
#3122=AXIS2_PLACEMENT_3D('',#3119,#3120,#3121);
#3123=PLANE('',#3122);
#3124=ORIENTED_EDGE('',*,*,#3113,.T.);
#3125=ORIENTED_EDGE('',*,*,#720,.T.);
#3126=CARTESIAN_POINT('',(76.,164.402014423,57.810372835));
#3127=DIRECTION('',(-1.,-0.,-0.));
#3128=VECTOR('',#3127,3.);
#3129=LINE('',#3126,#3128);
#3130=EDGE_CURVE('',#1742,#708,#3129,.T.);
#3131=ORIENTED_EDGE('',*,*,#3130,.F.);
#3132=ORIENTED_EDGE('',*,*,#1747,.F.);
#3133=EDGE_LOOP('',(#3124,#3125,#3131,#3132));
#3134=FACE_BOUND('',#3133,.T.);
#3135=ADVANCED_FACE('',(#3134),#3123,.F.);
#3136=CARTESIAN_POINT('',(80.,168.933553358,59.923464144));
#3137=DIRECTION('',(-1.,-0.,-0.));
#3138=DIRECTION('',(0.,-0.906307787,-0.422618262));
#3139=AXIS2_PLACEMENT_3D('',#3136,#3137,#3138);
#3140=CYLINDRICAL_SURFACE('',#3139,5.);
#3141=ORIENTED_EDGE('',*,*,#3130,.T.);
#3142=ORIENTED_EDGE('',*,*,#714,.T.);
#3143=CARTESIAN_POINT('',(76.,173.465092293,62.036555452));
#3144=DIRECTION('',(-1.,-0.,-0.));
#3145=VECTOR('',#3144,3.);
#3146=LINE('',#3143,#3145);
#3147=EDGE_CURVE('',#1725,#700,#3146,.T.);
#3148=ORIENTED_EDGE('',*,*,#3147,.F.);
#3149=ORIENTED_EDGE('',*,*,#1754,.F.);
#3150=EDGE_LOOP('',(#3141,#3142,#3148,#3149));
#3151=FACE_BOUND('',#3150,.T.);
#3152=ADVANCED_FACE('',(#3151),#3140,.F.);
#3153=CARTESIAN_POINT('',(80.,185.087094491,37.113091309));
#3154=DIRECTION('',(0.,-0.906307787,-0.422618262));
#3155=DIRECTION('',(1.,0.,0.));
#3156=AXIS2_PLACEMENT_3D('',#3153,#3154,#3155);
#3157=PLANE('',#3156);
#3158=ORIENTED_EDGE('',*,*,#1730,.T.);
#3159=ORIENTED_EDGE('',*,*,#3147,.T.);
#3160=ORIENTED_EDGE('',*,*,#705,.F.);
#3161=ORIENTED_EDGE('',*,*,#3106,.F.);
#3162=EDGE_LOOP('',(#3158,#3159,#3160,#3161));
#3163=FACE_BOUND('',#3162,.T.);
#3164=ADVANCED_FACE('',(#3163),#3157,.T.);
#3165=CARTESIAN_POINT('',(80.,167.864872269,37.113091309));
#3166=DIRECTION('',(0.,-0.906307787,-0.422618262));
#3167=DIRECTION('',(1.,0.,0.));
#3168=AXIS2_PLACEMENT_3D('',#3165,#3166,#3167);
#3169=PLANE('',#3168);
#3170=ORIENTED_EDGE('',*,*,#2221,.T.);
#3171=CARTESIAN_POINT('',(3.,179.486874466,12.189627165));
#3172=DIRECTION('',(-1.,-0.,-0.));
#3173=VECTOR('',#3172,3.);
#3174=LINE('',#3171,#3173);
#3175=EDGE_CURVE('',#1125,#2207,#3174,.T.);
#3176=ORIENTED_EDGE('',*,*,#3175,.F.);
#3177=ORIENTED_EDGE('',*,*,#1154,.F.);
#3178=CARTESIAN_POINT('',(3.,156.242870071,62.036555452));
#3179=DIRECTION('',(-1.,-0.,-0.));
#3180=VECTOR('',#3179,3.);
#3181=LINE('',#3178,#3180);
#3182=EDGE_CURVE('',#1142,#2216,#3181,.T.);
#3183=ORIENTED_EDGE('',*,*,#3182,.T.);
#3184=EDGE_LOOP('',(#3170,#3176,#3177,#3183));
#3185=FACE_BOUND('',#3184,.T.);
#3186=ADVANCED_FACE('',(#3185),#3169,.T.);
#3187=CARTESIAN_POINT('',(80.,151.711331135,59.923464144));
#3188=DIRECTION('',(-1.,-0.,-0.));
#3189=DIRECTION('',(0.,-0.906307787,-0.422618262));
#3190=AXIS2_PLACEMENT_3D('',#3187,#3188,#3189);
#3191=CYLINDRICAL_SURFACE('',#3190,5.);
#3192=ORIENTED_EDGE('',*,*,#3182,.F.);
#3193=ORIENTED_EDGE('',*,*,#1148,.T.);
#3194=CARTESIAN_POINT('',(3.,147.1797922,57.810372835));
#3195=DIRECTION('',(-1.,-0.,-0.));
#3196=VECTOR('',#3195,3.);
#3197=LINE('',#3194,#3196);
#3198=EDGE_CURVE('',#1134,#2197,#3197,.T.);
#3199=ORIENTED_EDGE('',*,*,#3198,.T.);
#3200=ORIENTED_EDGE('',*,*,#2228,.F.);
#3201=EDGE_LOOP('',(#3192,#3193,#3199,#3200));
#3202=FACE_BOUND('',#3201,.T.);
#3203=ADVANCED_FACE('',(#3202),#3191,.F.);
#3204=CARTESIAN_POINT('',(80.,158.801794398,32.886908691));
#3205=DIRECTION('',(0.,-0.906307787,-0.422618262));
#3206=DIRECTION('',(1.,0.,0.));
#3207=AXIS2_PLACEMENT_3D('',#3204,#3205,#3206);
#3208=PLANE('',#3207);
#3209=ORIENTED_EDGE('',*,*,#3198,.F.);
#3210=ORIENTED_EDGE('',*,*,#1139,.T.);
#3211=CARTESIAN_POINT('',(3.,170.423796596,7.963444548));
#3212=DIRECTION('',(-1.,-0.,-0.));
#3213=VECTOR('',#3212,3.);
#3214=LINE('',#3211,#3213);
#3215=EDGE_CURVE('',#1123,#2199,#3214,.T.);
#3216=ORIENTED_EDGE('',*,*,#3215,.T.);
#3217=ORIENTED_EDGE('',*,*,#2204,.F.);
#3218=EDGE_LOOP('',(#3209,#3210,#3216,#3217));
#3219=FACE_BOUND('',#3218,.T.);
#3220=ADVANCED_FACE('',(#3219),#3208,.F.);
#3221=CARTESIAN_POINT('',(80.,174.955335531,10.076535856));
#3222=DIRECTION('',(-1.,-0.,-0.));
#3223=DIRECTION('',(0.,-0.906307787,-0.422618262));
#3224=AXIS2_PLACEMENT_3D('',#3221,#3222,#3223);
#3225=CYLINDRICAL_SURFACE('',#3224,5.);
#3226=ORIENTED_EDGE('',*,*,#3215,.F.);
#3227=ORIENTED_EDGE('',*,*,#1131,.T.);
#3228=ORIENTED_EDGE('',*,*,#3175,.T.);
#3229=ORIENTED_EDGE('',*,*,#2213,.F.);
#3230=EDGE_LOOP('',(#3226,#3227,#3228,#3229));
#3231=FACE_BOUND('',#3230,.T.);
#3232=ADVANCED_FACE('',(#3231),#3225,.F.);
#3233=CARTESIAN_POINT('',(80.,174.955335531,10.076535856));
#3234=DIRECTION('',(-1.,-0.,-0.));
#3235=DIRECTION('',(0.,-0.906307787,-0.422618262));
#3236=AXIS2_PLACEMENT_3D('',#3233,#3234,#3235);
#3237=CYLINDRICAL_SURFACE('',#3236,5.);
#3238=CARTESIAN_POINT('',(76.,179.486874466,12.189627165));
#3239=DIRECTION('',(-1.,-0.,-0.));
#3240=VECTOR('',#3239,3.);
#3241=LINE('',#3238,#3240);
#3242=EDGE_CURVE('',#1687,#653,#3241,.T.);
#3243=ORIENTED_EDGE('',*,*,#3242,.T.);
#3244=ORIENTED_EDGE('',*,*,#661,.T.);
#3245=CARTESIAN_POINT('',(76.,170.423796596,7.963444548));
#3246=DIRECTION('',(-1.,-0.,-0.));
#3247=VECTOR('',#3246,3.);
#3248=LINE('',#3245,#3247);
#3249=EDGE_CURVE('',#1697,#655,#3248,.T.);
#3250=ORIENTED_EDGE('',*,*,#3249,.F.);
#3251=ORIENTED_EDGE('',*,*,#1703,.F.);
#3252=EDGE_LOOP('',(#3243,#3244,#3250,#3251));
#3253=FACE_BOUND('',#3252,.T.);
#3254=ADVANCED_FACE('',(#3253),#3237,.F.);
#3255=CARTESIAN_POINT('',(80.,158.801794398,32.886908691));
#3256=DIRECTION('',(0.,-0.906307787,-0.422618262));
#3257=DIRECTION('',(1.,0.,0.));
#3258=AXIS2_PLACEMENT_3D('',#3255,#3256,#3257);
#3259=PLANE('',#3258);
#3260=ORIENTED_EDGE('',*,*,#3249,.T.);
#3261=ORIENTED_EDGE('',*,*,#684,.T.);
#3262=CARTESIAN_POINT('',(76.,147.1797922,57.810372835));
#3263=DIRECTION('',(-1.,-0.,-0.));
#3264=VECTOR('',#3263,3.);
#3265=LINE('',#3262,#3264);
#3266=EDGE_CURVE('',#1706,#672,#3265,.T.);
#3267=ORIENTED_EDGE('',*,*,#3266,.F.);
#3268=ORIENTED_EDGE('',*,*,#1711,.F.);
#3269=EDGE_LOOP('',(#3260,#3261,#3267,#3268));
#3270=FACE_BOUND('',#3269,.T.);
#3271=ADVANCED_FACE('',(#3270),#3259,.F.);
#3272=CARTESIAN_POINT('',(80.,151.711331135,59.923464144));
#3273=DIRECTION('',(-1.,-0.,-0.));
#3274=DIRECTION('',(0.,-0.906307787,-0.422618262));
#3275=AXIS2_PLACEMENT_3D('',#3272,#3273,#3274);
#3276=CYLINDRICAL_SURFACE('',#3275,5.);
#3277=ORIENTED_EDGE('',*,*,#3266,.T.);
#3278=ORIENTED_EDGE('',*,*,#678,.T.);
#3279=CARTESIAN_POINT('',(76.,156.242870071,62.036555452));
#3280=DIRECTION('',(-1.,-0.,-0.));
#3281=VECTOR('',#3280,3.);
#3282=LINE('',#3279,#3281);
#3283=EDGE_CURVE('',#1689,#664,#3282,.T.);
#3284=ORIENTED_EDGE('',*,*,#3283,.F.);
#3285=ORIENTED_EDGE('',*,*,#1718,.F.);
#3286=EDGE_LOOP('',(#3277,#3278,#3284,#3285));
#3287=FACE_BOUND('',#3286,.T.);
#3288=ADVANCED_FACE('',(#3287),#3276,.F.);
#3289=CARTESIAN_POINT('',(80.,167.864872269,37.113091309));
#3290=DIRECTION('',(0.,-0.906307787,-0.422618262));
#3291=DIRECTION('',(1.,0.,0.));
#3292=AXIS2_PLACEMENT_3D('',#3289,#3290,#3291);
#3293=PLANE('',#3292);
#3294=ORIENTED_EDGE('',*,*,#1694,.T.);
#3295=ORIENTED_EDGE('',*,*,#3283,.T.);
#3296=ORIENTED_EDGE('',*,*,#669,.F.);
#3297=ORIENTED_EDGE('',*,*,#3242,.F.);
#3298=EDGE_LOOP('',(#3294,#3295,#3296,#3297));
#3299=FACE_BOUND('',#3298,.T.);
#3300=ADVANCED_FACE('',(#3299),#3293,.T.);
#3301=CARTESIAN_POINT('',(80.,150.642650046,37.113091309));
#3302=DIRECTION('',(0.,-0.906307787,-0.422618262));
#3303=DIRECTION('',(1.,0.,0.));
#3304=AXIS2_PLACEMENT_3D('',#3301,#3302,#3303);
#3305=PLANE('',#3304);
#3306=ORIENTED_EDGE('',*,*,#2185,.T.);
#3307=CARTESIAN_POINT('',(3.,162.264652244,12.189627165));
#3308=DIRECTION('',(-1.,-0.,-0.));
#3309=VECTOR('',#3308,3.);
#3310=LINE('',#3307,#3309);
#3311=EDGE_CURVE('',#1089,#2171,#3310,.T.);
#3312=ORIENTED_EDGE('',*,*,#3311,.F.);
#3313=ORIENTED_EDGE('',*,*,#1118,.F.);
#3314=CARTESIAN_POINT('',(3.,139.020647848,62.036555452));
#3315=DIRECTION('',(-1.,-0.,-0.));
#3316=VECTOR('',#3315,3.);
#3317=LINE('',#3314,#3316);
#3318=EDGE_CURVE('',#1106,#2180,#3317,.T.);
#3319=ORIENTED_EDGE('',*,*,#3318,.T.);
#3320=EDGE_LOOP('',(#3306,#3312,#3313,#3319));
#3321=FACE_BOUND('',#3320,.T.);
#3322=ADVANCED_FACE('',(#3321),#3305,.T.);
#3323=CARTESIAN_POINT('',(80.,134.489108913,59.923464144));
#3324=DIRECTION('',(-1.,-0.,-0.));
#3325=DIRECTION('',(0.,-0.906307787,-0.422618262));
#3326=AXIS2_PLACEMENT_3D('',#3323,#3324,#3325);
#3327=CYLINDRICAL_SURFACE('',#3326,5.);
#3328=ORIENTED_EDGE('',*,*,#3318,.F.);
#3329=ORIENTED_EDGE('',*,*,#1112,.T.);
#3330=CARTESIAN_POINT('',(3.,129.957569978,57.810372835));
#3331=DIRECTION('',(-1.,-0.,-0.));
#3332=VECTOR('',#3331,3.);
#3333=LINE('',#3330,#3332);
#3334=EDGE_CURVE('',#1098,#2161,#3333,.T.);
#3335=ORIENTED_EDGE('',*,*,#3334,.T.);
#3336=ORIENTED_EDGE('',*,*,#2192,.F.);
#3337=EDGE_LOOP('',(#3328,#3329,#3335,#3336));
#3338=FACE_BOUND('',#3337,.T.);
#3339=ADVANCED_FACE('',(#3338),#3327,.F.);
#3340=CARTESIAN_POINT('',(80.,141.579572176,32.886908691));
#3341=DIRECTION('',(0.,-0.906307787,-0.422618262));
#3342=DIRECTION('',(1.,0.,0.));
#3343=AXIS2_PLACEMENT_3D('',#3340,#3341,#3342);
#3344=PLANE('',#3343);
#3345=ORIENTED_EDGE('',*,*,#3334,.F.);
#3346=ORIENTED_EDGE('',*,*,#1103,.T.);
#3347=CARTESIAN_POINT('',(3.,153.201574374,7.963444548));
#3348=DIRECTION('',(-1.,-0.,-0.));
#3349=VECTOR('',#3348,3.);
#3350=LINE('',#3347,#3349);
#3351=EDGE_CURVE('',#1087,#2163,#3350,.T.);
#3352=ORIENTED_EDGE('',*,*,#3351,.T.);
#3353=ORIENTED_EDGE('',*,*,#2168,.F.);
#3354=EDGE_LOOP('',(#3345,#3346,#3352,#3353));
#3355=FACE_BOUND('',#3354,.T.);
#3356=ADVANCED_FACE('',(#3355),#3344,.F.);
#3357=CARTESIAN_POINT('',(80.,157.733113309,10.076535856));
#3358=DIRECTION('',(-1.,-0.,-0.));
#3359=DIRECTION('',(0.,-0.906307787,-0.422618262));
#3360=AXIS2_PLACEMENT_3D('',#3357,#3358,#3359);
#3361=CYLINDRICAL_SURFACE('',#3360,5.);
#3362=ORIENTED_EDGE('',*,*,#3351,.F.);
#3363=ORIENTED_EDGE('',*,*,#1095,.T.);
#3364=ORIENTED_EDGE('',*,*,#3311,.T.);
#3365=ORIENTED_EDGE('',*,*,#2177,.F.);
#3366=EDGE_LOOP('',(#3362,#3363,#3364,#3365));
#3367=FACE_BOUND('',#3366,.T.);
#3368=ADVANCED_FACE('',(#3367),#3361,.F.);
#3369=CARTESIAN_POINT('',(80.,157.733113309,10.076535856));
#3370=DIRECTION('',(-1.,-0.,-0.));
#3371=DIRECTION('',(0.,-0.906307787,-0.422618262));
#3372=AXIS2_PLACEMENT_3D('',#3369,#3370,#3371);
#3373=CYLINDRICAL_SURFACE('',#3372,5.);
#3374=CARTESIAN_POINT('',(76.,162.264652244,12.189627165));
#3375=DIRECTION('',(-1.,-0.,-0.));
#3376=VECTOR('',#3375,3.);
#3377=LINE('',#3374,#3376);
#3378=EDGE_CURVE('',#1651,#617,#3377,.T.);
#3379=ORIENTED_EDGE('',*,*,#3378,.T.);
#3380=ORIENTED_EDGE('',*,*,#625,.T.);
#3381=CARTESIAN_POINT('',(76.,153.201574374,7.963444548));
#3382=DIRECTION('',(-1.,-0.,-0.));
#3383=VECTOR('',#3382,3.);
#3384=LINE('',#3381,#3383);
#3385=EDGE_CURVE('',#1661,#619,#3384,.T.);
#3386=ORIENTED_EDGE('',*,*,#3385,.F.);
#3387=ORIENTED_EDGE('',*,*,#1667,.F.);
#3388=EDGE_LOOP('',(#3379,#3380,#3386,#3387));
#3389=FACE_BOUND('',#3388,.T.);
#3390=ADVANCED_FACE('',(#3389),#3373,.F.);
#3391=CARTESIAN_POINT('',(80.,141.579572176,32.886908691));
#3392=DIRECTION('',(0.,-0.906307787,-0.422618262));
#3393=DIRECTION('',(1.,0.,0.));
#3394=AXIS2_PLACEMENT_3D('',#3391,#3392,#3393);
#3395=PLANE('',#3394);
#3396=ORIENTED_EDGE('',*,*,#3385,.T.);
#3397=ORIENTED_EDGE('',*,*,#648,.T.);
#3398=CARTESIAN_POINT('',(76.,129.957569978,57.810372835));
#3399=DIRECTION('',(-1.,-0.,-0.));
#3400=VECTOR('',#3399,3.);
#3401=LINE('',#3398,#3400);
#3402=EDGE_CURVE('',#1670,#636,#3401,.T.);
#3403=ORIENTED_EDGE('',*,*,#3402,.F.);
#3404=ORIENTED_EDGE('',*,*,#1675,.F.);
#3405=EDGE_LOOP('',(#3396,#3397,#3403,#3404));
#3406=FACE_BOUND('',#3405,.T.);
#3407=ADVANCED_FACE('',(#3406),#3395,.F.);
#3408=CARTESIAN_POINT('',(80.,134.489108913,59.923464144));
#3409=DIRECTION('',(-1.,-0.,-0.));
#3410=DIRECTION('',(0.,-0.906307787,-0.422618262));
#3411=AXIS2_PLACEMENT_3D('',#3408,#3409,#3410);
#3412=CYLINDRICAL_SURFACE('',#3411,5.);
#3413=ORIENTED_EDGE('',*,*,#3402,.T.);
#3414=ORIENTED_EDGE('',*,*,#642,.T.);
#3415=CARTESIAN_POINT('',(76.,139.020647848,62.036555452));
#3416=DIRECTION('',(-1.,-0.,-0.));
#3417=VECTOR('',#3416,3.);
#3418=LINE('',#3415,#3417);
#3419=EDGE_CURVE('',#1653,#628,#3418,.T.);
#3420=ORIENTED_EDGE('',*,*,#3419,.F.);
#3421=ORIENTED_EDGE('',*,*,#1682,.F.);
#3422=EDGE_LOOP('',(#3413,#3414,#3420,#3421));
#3423=FACE_BOUND('',#3422,.T.);
#3424=ADVANCED_FACE('',(#3423),#3412,.F.);
#3425=CARTESIAN_POINT('',(80.,150.642650046,37.113091309));
#3426=DIRECTION('',(0.,-0.906307787,-0.422618262));
#3427=DIRECTION('',(1.,0.,0.));
#3428=AXIS2_PLACEMENT_3D('',#3425,#3426,#3427);
#3429=PLANE('',#3428);
#3430=ORIENTED_EDGE('',*,*,#1658,.T.);
#3431=ORIENTED_EDGE('',*,*,#3419,.T.);
#3432=ORIENTED_EDGE('',*,*,#633,.F.);
#3433=ORIENTED_EDGE('',*,*,#3378,.F.);
#3434=EDGE_LOOP('',(#3430,#3431,#3432,#3433));
#3435=FACE_BOUND('',#3434,.T.);
#3436=ADVANCED_FACE('',(#3435),#3429,.T.);
#3437=CARTESIAN_POINT('',(80.,133.420427824,37.113091309));
#3438=DIRECTION('',(0.,-0.906307787,-0.422618262));
#3439=DIRECTION('',(1.,0.,0.));
#3440=AXIS2_PLACEMENT_3D('',#3437,#3438,#3439);
#3441=PLANE('',#3440);
#3442=ORIENTED_EDGE('',*,*,#2149,.T.);
#3443=CARTESIAN_POINT('',(3.,145.042430022,12.189627165));
#3444=DIRECTION('',(-1.,-0.,-0.));
#3445=VECTOR('',#3444,3.);
#3446=LINE('',#3443,#3445);
#3447=EDGE_CURVE('',#1053,#2135,#3446,.T.);
#3448=ORIENTED_EDGE('',*,*,#3447,.F.);
#3449=ORIENTED_EDGE('',*,*,#1082,.F.);
#3450=CARTESIAN_POINT('',(3.,121.798425626,62.036555452));
#3451=DIRECTION('',(-1.,-0.,-0.));
#3452=VECTOR('',#3451,3.);
#3453=LINE('',#3450,#3452);
#3454=EDGE_CURVE('',#1070,#2144,#3453,.T.);
#3455=ORIENTED_EDGE('',*,*,#3454,.T.);
#3456=EDGE_LOOP('',(#3442,#3448,#3449,#3455));
#3457=FACE_BOUND('',#3456,.T.);
#3458=ADVANCED_FACE('',(#3457),#3441,.T.);
#3459=CARTESIAN_POINT('',(80.,117.266886691,59.923464144));
#3460=DIRECTION('',(-1.,-0.,-0.));
#3461=DIRECTION('',(0.,-0.906307787,-0.422618262));
#3462=AXIS2_PLACEMENT_3D('',#3459,#3460,#3461);
#3463=CYLINDRICAL_SURFACE('',#3462,5.);
#3464=ORIENTED_EDGE('',*,*,#3454,.F.);
#3465=ORIENTED_EDGE('',*,*,#1076,.T.);
#3466=CARTESIAN_POINT('',(3.,112.735347756,57.810372835));
#3467=DIRECTION('',(-1.,-0.,-0.));
#3468=VECTOR('',#3467,3.);
#3469=LINE('',#3466,#3468);
#3470=EDGE_CURVE('',#1062,#2125,#3469,.T.);
#3471=ORIENTED_EDGE('',*,*,#3470,.T.);
#3472=ORIENTED_EDGE('',*,*,#2156,.F.);
#3473=EDGE_LOOP('',(#3464,#3465,#3471,#3472));
#3474=FACE_BOUND('',#3473,.T.);
#3475=ADVANCED_FACE('',(#3474),#3463,.F.);
#3476=CARTESIAN_POINT('',(80.,124.357349954,32.886908691));
#3477=DIRECTION('',(0.,-0.906307787,-0.422618262));
#3478=DIRECTION('',(1.,0.,0.));
#3479=AXIS2_PLACEMENT_3D('',#3476,#3477,#3478);
#3480=PLANE('',#3479);
#3481=ORIENTED_EDGE('',*,*,#3470,.F.);
#3482=ORIENTED_EDGE('',*,*,#1067,.T.);
#3483=CARTESIAN_POINT('',(3.,135.979352152,7.963444548));
#3484=DIRECTION('',(-1.,-0.,-0.));
#3485=VECTOR('',#3484,3.);
#3486=LINE('',#3483,#3485);
#3487=EDGE_CURVE('',#1051,#2127,#3486,.T.);
#3488=ORIENTED_EDGE('',*,*,#3487,.T.);
#3489=ORIENTED_EDGE('',*,*,#2132,.F.);
#3490=EDGE_LOOP('',(#3481,#3482,#3488,#3489));
#3491=FACE_BOUND('',#3490,.T.);
#3492=ADVANCED_FACE('',(#3491),#3480,.F.);
#3493=CARTESIAN_POINT('',(80.,140.510891087,10.076535856));
#3494=DIRECTION('',(-1.,-0.,-0.));
#3495=DIRECTION('',(0.,-0.906307787,-0.422618262));
#3496=AXIS2_PLACEMENT_3D('',#3493,#3494,#3495);
#3497=CYLINDRICAL_SURFACE('',#3496,5.);
#3498=ORIENTED_EDGE('',*,*,#3487,.F.);
#3499=ORIENTED_EDGE('',*,*,#1059,.T.);
#3500=ORIENTED_EDGE('',*,*,#3447,.T.);
#3501=ORIENTED_EDGE('',*,*,#2141,.F.);
#3502=EDGE_LOOP('',(#3498,#3499,#3500,#3501));
#3503=FACE_BOUND('',#3502,.T.);
#3504=ADVANCED_FACE('',(#3503),#3497,.F.);
#3505=CARTESIAN_POINT('',(80.,140.510891087,10.076535856));
#3506=DIRECTION('',(-1.,-0.,-0.));
#3507=DIRECTION('',(0.,-0.906307787,-0.422618262));
#3508=AXIS2_PLACEMENT_3D('',#3505,#3506,#3507);
#3509=CYLINDRICAL_SURFACE('',#3508,5.);
#3510=CARTESIAN_POINT('',(76.,145.042430022,12.189627165));
#3511=DIRECTION('',(-1.,-0.,-0.));
#3512=VECTOR('',#3511,3.);
#3513=LINE('',#3510,#3512);
#3514=EDGE_CURVE('',#1615,#581,#3513,.T.);
#3515=ORIENTED_EDGE('',*,*,#3514,.T.);
#3516=ORIENTED_EDGE('',*,*,#589,.T.);
#3517=CARTESIAN_POINT('',(76.,135.979352152,7.963444548));
#3518=DIRECTION('',(-1.,-0.,-0.));
#3519=VECTOR('',#3518,3.);
#3520=LINE('',#3517,#3519);
#3521=EDGE_CURVE('',#1625,#583,#3520,.T.);
#3522=ORIENTED_EDGE('',*,*,#3521,.F.);
#3523=ORIENTED_EDGE('',*,*,#1631,.F.);
#3524=EDGE_LOOP('',(#3515,#3516,#3522,#3523));
#3525=FACE_BOUND('',#3524,.T.);
#3526=ADVANCED_FACE('',(#3525),#3509,.F.);
#3527=CARTESIAN_POINT('',(80.,124.357349954,32.886908691));
#3528=DIRECTION('',(0.,-0.906307787,-0.422618262));
#3529=DIRECTION('',(1.,0.,0.));
#3530=AXIS2_PLACEMENT_3D('',#3527,#3528,#3529);
#3531=PLANE('',#3530);
#3532=ORIENTED_EDGE('',*,*,#3521,.T.);
#3533=ORIENTED_EDGE('',*,*,#612,.T.);
#3534=CARTESIAN_POINT('',(76.,112.735347756,57.810372835));
#3535=DIRECTION('',(-1.,-0.,-0.));
#3536=VECTOR('',#3535,3.);
#3537=LINE('',#3534,#3536);
#3538=EDGE_CURVE('',#1634,#600,#3537,.T.);
#3539=ORIENTED_EDGE('',*,*,#3538,.F.);
#3540=ORIENTED_EDGE('',*,*,#1639,.F.);
#3541=EDGE_LOOP('',(#3532,#3533,#3539,#3540));
#3542=FACE_BOUND('',#3541,.T.);
#3543=ADVANCED_FACE('',(#3542),#3531,.F.);
#3544=CARTESIAN_POINT('',(80.,117.266886691,59.923464144));
#3545=DIRECTION('',(-1.,-0.,-0.));
#3546=DIRECTION('',(0.,-0.906307787,-0.422618262));
#3547=AXIS2_PLACEMENT_3D('',#3544,#3545,#3546);
#3548=CYLINDRICAL_SURFACE('',#3547,5.);
#3549=ORIENTED_EDGE('',*,*,#3538,.T.);
#3550=ORIENTED_EDGE('',*,*,#606,.T.);
#3551=CARTESIAN_POINT('',(76.,121.798425626,62.036555452));
#3552=DIRECTION('',(-1.,-0.,-0.));
#3553=VECTOR('',#3552,3.);
#3554=LINE('',#3551,#3553);
#3555=EDGE_CURVE('',#1617,#592,#3554,.T.);
#3556=ORIENTED_EDGE('',*,*,#3555,.F.);
#3557=ORIENTED_EDGE('',*,*,#1646,.F.);
#3558=EDGE_LOOP('',(#3549,#3550,#3556,#3557));
#3559=FACE_BOUND('',#3558,.T.);
#3560=ADVANCED_FACE('',(#3559),#3548,.F.);
#3561=CARTESIAN_POINT('',(80.,133.420427824,37.113091309));
#3562=DIRECTION('',(0.,-0.906307787,-0.422618262));
#3563=DIRECTION('',(1.,0.,0.));
#3564=AXIS2_PLACEMENT_3D('',#3561,#3562,#3563);
#3565=PLANE('',#3564);
#3566=ORIENTED_EDGE('',*,*,#1622,.T.);
#3567=ORIENTED_EDGE('',*,*,#3555,.T.);
#3568=ORIENTED_EDGE('',*,*,#597,.F.);
#3569=ORIENTED_EDGE('',*,*,#3514,.F.);
#3570=EDGE_LOOP('',(#3566,#3567,#3568,#3569));
#3571=FACE_BOUND('',#3570,.T.);
#3572=ADVANCED_FACE('',(#3571),#3565,.T.);
#3573=CARTESIAN_POINT('',(80.,116.198205602,37.113091309));
#3574=DIRECTION('',(0.,-0.906307787,-0.422618262));
#3575=DIRECTION('',(1.,0.,0.));
#3576=AXIS2_PLACEMENT_3D('',#3573,#3574,#3575);
#3577=PLANE('',#3576);
#3578=ORIENTED_EDGE('',*,*,#2113,.T.);
#3579=CARTESIAN_POINT('',(3.,127.8202078,12.189627165));
#3580=DIRECTION('',(-1.,-0.,-0.));
#3581=VECTOR('',#3580,3.);
#3582=LINE('',#3579,#3581);
#3583=EDGE_CURVE('',#1017,#2099,#3582,.T.);
#3584=ORIENTED_EDGE('',*,*,#3583,.F.);
#3585=ORIENTED_EDGE('',*,*,#1046,.F.);
#3586=CARTESIAN_POINT('',(3.,104.576203404,62.036555452));
#3587=DIRECTION('',(-1.,-0.,-0.));
#3588=VECTOR('',#3587,3.);
#3589=LINE('',#3586,#3588);
#3590=EDGE_CURVE('',#1034,#2108,#3589,.T.);
#3591=ORIENTED_EDGE('',*,*,#3590,.T.);
#3592=EDGE_LOOP('',(#3578,#3584,#3585,#3591));
#3593=FACE_BOUND('',#3592,.T.);
#3594=ADVANCED_FACE('',(#3593),#3577,.T.);
#3595=CARTESIAN_POINT('',(80.,100.044664469,59.923464144));
#3596=DIRECTION('',(-1.,-0.,-0.));
#3597=DIRECTION('',(0.,-0.906307787,-0.422618262));
#3598=AXIS2_PLACEMENT_3D('',#3595,#3596,#3597);
#3599=CYLINDRICAL_SURFACE('',#3598,5.);
#3600=ORIENTED_EDGE('',*,*,#3590,.F.);
#3601=ORIENTED_EDGE('',*,*,#1040,.T.);
#3602=CARTESIAN_POINT('',(3.,95.513125534,57.810372835));
#3603=DIRECTION('',(-1.,-0.,-0.));
#3604=VECTOR('',#3603,3.);
#3605=LINE('',#3602,#3604);
#3606=EDGE_CURVE('',#1026,#2089,#3605,.T.);
#3607=ORIENTED_EDGE('',*,*,#3606,.T.);
#3608=ORIENTED_EDGE('',*,*,#2120,.F.);
#3609=EDGE_LOOP('',(#3600,#3601,#3607,#3608));
#3610=FACE_BOUND('',#3609,.T.);
#3611=ADVANCED_FACE('',(#3610),#3599,.F.);
#3612=CARTESIAN_POINT('',(80.,107.135127731,32.886908691));
#3613=DIRECTION('',(0.,-0.906307787,-0.422618262));
#3614=DIRECTION('',(1.,0.,0.));
#3615=AXIS2_PLACEMENT_3D('',#3612,#3613,#3614);
#3616=PLANE('',#3615);
#3617=ORIENTED_EDGE('',*,*,#3606,.F.);
#3618=ORIENTED_EDGE('',*,*,#1031,.T.);
#3619=CARTESIAN_POINT('',(3.,118.757129929,7.963444548));
#3620=DIRECTION('',(-1.,-0.,-0.));
#3621=VECTOR('',#3620,3.);
#3622=LINE('',#3619,#3621);
#3623=EDGE_CURVE('',#1015,#2091,#3622,.T.);
#3624=ORIENTED_EDGE('',*,*,#3623,.T.);
#3625=ORIENTED_EDGE('',*,*,#2096,.F.);
#3626=EDGE_LOOP('',(#3617,#3618,#3624,#3625));
#3627=FACE_BOUND('',#3626,.T.);
#3628=ADVANCED_FACE('',(#3627),#3616,.F.);
#3629=CARTESIAN_POINT('',(80.,123.288668865,10.076535856));
#3630=DIRECTION('',(-1.,-0.,-0.));
#3631=DIRECTION('',(0.,-0.906307787,-0.422618262));
#3632=AXIS2_PLACEMENT_3D('',#3629,#3630,#3631);
#3633=CYLINDRICAL_SURFACE('',#3632,5.);
#3634=ORIENTED_EDGE('',*,*,#3623,.F.);
#3635=ORIENTED_EDGE('',*,*,#1023,.T.);
#3636=ORIENTED_EDGE('',*,*,#3583,.T.);
#3637=ORIENTED_EDGE('',*,*,#2105,.F.);
#3638=EDGE_LOOP('',(#3634,#3635,#3636,#3637));
#3639=FACE_BOUND('',#3638,.T.);
#3640=ADVANCED_FACE('',(#3639),#3633,.F.);
#3641=CARTESIAN_POINT('',(80.,123.288668865,10.076535856));
#3642=DIRECTION('',(-1.,-0.,-0.));
#3643=DIRECTION('',(0.,-0.906307787,-0.422618262));
#3644=AXIS2_PLACEMENT_3D('',#3641,#3642,#3643);
#3645=CYLINDRICAL_SURFACE('',#3644,5.);
#3646=CARTESIAN_POINT('',(76.,127.8202078,12.189627165));
#3647=DIRECTION('',(-1.,-0.,-0.));
#3648=VECTOR('',#3647,3.);
#3649=LINE('',#3646,#3648);
#3650=EDGE_CURVE('',#1579,#545,#3649,.T.);
#3651=ORIENTED_EDGE('',*,*,#3650,.T.);
#3652=ORIENTED_EDGE('',*,*,#553,.T.);
#3653=CARTESIAN_POINT('',(76.,118.757129929,7.963444548));
#3654=DIRECTION('',(-1.,-0.,-0.));
#3655=VECTOR('',#3654,3.);
#3656=LINE('',#3653,#3655);
#3657=EDGE_CURVE('',#1589,#547,#3656,.T.);
#3658=ORIENTED_EDGE('',*,*,#3657,.F.);
#3659=ORIENTED_EDGE('',*,*,#1595,.F.);
#3660=EDGE_LOOP('',(#3651,#3652,#3658,#3659));
#3661=FACE_BOUND('',#3660,.T.);
#3662=ADVANCED_FACE('',(#3661),#3645,.F.);
#3663=CARTESIAN_POINT('',(80.,107.135127731,32.886908691));
#3664=DIRECTION('',(0.,-0.906307787,-0.422618262));
#3665=DIRECTION('',(1.,0.,0.));
#3666=AXIS2_PLACEMENT_3D('',#3663,#3664,#3665);
#3667=PLANE('',#3666);
#3668=ORIENTED_EDGE('',*,*,#3657,.T.);
#3669=ORIENTED_EDGE('',*,*,#576,.T.);
#3670=CARTESIAN_POINT('',(76.,95.513125534,57.810372835));
#3671=DIRECTION('',(-1.,-0.,-0.));
#3672=VECTOR('',#3671,3.);
#3673=LINE('',#3670,#3672);
#3674=EDGE_CURVE('',#1598,#564,#3673,.T.);
#3675=ORIENTED_EDGE('',*,*,#3674,.F.);
#3676=ORIENTED_EDGE('',*,*,#1603,.F.);
#3677=EDGE_LOOP('',(#3668,#3669,#3675,#3676));
#3678=FACE_BOUND('',#3677,.T.);
#3679=ADVANCED_FACE('',(#3678),#3667,.F.);
#3680=CARTESIAN_POINT('',(80.,100.044664469,59.923464144));
#3681=DIRECTION('',(-1.,-0.,-0.));
#3682=DIRECTION('',(0.,-0.906307787,-0.422618262));
#3683=AXIS2_PLACEMENT_3D('',#3680,#3681,#3682);
#3684=CYLINDRICAL_SURFACE('',#3683,5.);
#3685=ORIENTED_EDGE('',*,*,#3674,.T.);
#3686=ORIENTED_EDGE('',*,*,#570,.T.);
#3687=CARTESIAN_POINT('',(76.,104.576203404,62.036555452));
#3688=DIRECTION('',(-1.,-0.,-0.));
#3689=VECTOR('',#3688,3.);
#3690=LINE('',#3687,#3689);
#3691=EDGE_CURVE('',#1581,#556,#3690,.T.);
#3692=ORIENTED_EDGE('',*,*,#3691,.F.);
#3693=ORIENTED_EDGE('',*,*,#1610,.F.);
#3694=EDGE_LOOP('',(#3685,#3686,#3692,#3693));
#3695=FACE_BOUND('',#3694,.T.);
#3696=ADVANCED_FACE('',(#3695),#3684,.F.);
#3697=CARTESIAN_POINT('',(80.,116.198205602,37.113091309));
#3698=DIRECTION('',(0.,-0.906307787,-0.422618262));
#3699=DIRECTION('',(1.,0.,0.));
#3700=AXIS2_PLACEMENT_3D('',#3697,#3698,#3699);
#3701=PLANE('',#3700);
#3702=ORIENTED_EDGE('',*,*,#1586,.T.);
#3703=ORIENTED_EDGE('',*,*,#3691,.T.);
#3704=ORIENTED_EDGE('',*,*,#561,.F.);
#3705=ORIENTED_EDGE('',*,*,#3650,.F.);
#3706=EDGE_LOOP('',(#3702,#3703,#3704,#3705));
#3707=FACE_BOUND('',#3706,.T.);
#3708=ADVANCED_FACE('',(#3707),#3701,.T.);
#3709=CARTESIAN_POINT('',(80.,98.97598338,37.113091309));
#3710=DIRECTION('',(0.,-0.906307787,-0.422618262));
#3711=DIRECTION('',(1.,0.,0.));
#3712=AXIS2_PLACEMENT_3D('',#3709,#3710,#3711);
#3713=PLANE('',#3712);
#3714=ORIENTED_EDGE('',*,*,#2077,.T.);
#3715=CARTESIAN_POINT('',(3.,110.597985577,12.189627165));
#3716=DIRECTION('',(-1.,-0.,-0.));
#3717=VECTOR('',#3716,3.);
#3718=LINE('',#3715,#3717);
#3719=EDGE_CURVE('',#981,#2063,#3718,.T.);
#3720=ORIENTED_EDGE('',*,*,#3719,.F.);
#3721=ORIENTED_EDGE('',*,*,#1010,.F.);
#3722=CARTESIAN_POINT('',(3.,87.353981182,62.036555452));
#3723=DIRECTION('',(-1.,-0.,-0.));
#3724=VECTOR('',#3723,3.);
#3725=LINE('',#3722,#3724);
#3726=EDGE_CURVE('',#998,#2072,#3725,.T.);
#3727=ORIENTED_EDGE('',*,*,#3726,.T.);
#3728=EDGE_LOOP('',(#3714,#3720,#3721,#3727));
#3729=FACE_BOUND('',#3728,.T.);
#3730=ADVANCED_FACE('',(#3729),#3713,.T.);
#3731=CARTESIAN_POINT('',(80.,82.822442247,59.923464144));
#3732=DIRECTION('',(-1.,-0.,-0.));
#3733=DIRECTION('',(0.,-0.906307787,-0.422618262));
#3734=AXIS2_PLACEMENT_3D('',#3731,#3732,#3733);
#3735=CYLINDRICAL_SURFACE('',#3734,5.);
#3736=ORIENTED_EDGE('',*,*,#3726,.F.);
#3737=ORIENTED_EDGE('',*,*,#1004,.T.);
#3738=CARTESIAN_POINT('',(3.,78.290903311,57.810372835));
#3739=DIRECTION('',(-1.,-0.,-0.));
#3740=VECTOR('',#3739,3.);
#3741=LINE('',#3738,#3740);
#3742=EDGE_CURVE('',#990,#2053,#3741,.T.);
#3743=ORIENTED_EDGE('',*,*,#3742,.T.);
#3744=ORIENTED_EDGE('',*,*,#2084,.F.);
#3745=EDGE_LOOP('',(#3736,#3737,#3743,#3744));
#3746=FACE_BOUND('',#3745,.T.);
#3747=ADVANCED_FACE('',(#3746),#3735,.F.);
#3748=CARTESIAN_POINT('',(80.,89.912905509,32.886908691));
#3749=DIRECTION('',(0.,-0.906307787,-0.422618262));
#3750=DIRECTION('',(1.,0.,0.));
#3751=AXIS2_PLACEMENT_3D('',#3748,#3749,#3750);
#3752=PLANE('',#3751);
#3753=ORIENTED_EDGE('',*,*,#3742,.F.);
#3754=ORIENTED_EDGE('',*,*,#995,.T.);
#3755=CARTESIAN_POINT('',(3.,101.534907707,7.963444548));
#3756=DIRECTION('',(-1.,-0.,-0.));
#3757=VECTOR('',#3756,3.);
#3758=LINE('',#3755,#3757);
#3759=EDGE_CURVE('',#979,#2055,#3758,.T.);
#3760=ORIENTED_EDGE('',*,*,#3759,.T.);
#3761=ORIENTED_EDGE('',*,*,#2060,.F.);
#3762=EDGE_LOOP('',(#3753,#3754,#3760,#3761));
#3763=FACE_BOUND('',#3762,.T.);
#3764=ADVANCED_FACE('',(#3763),#3752,.F.);
#3765=CARTESIAN_POINT('',(80.,106.066446642,10.076535856));
#3766=DIRECTION('',(-1.,-0.,-0.));
#3767=DIRECTION('',(0.,-0.906307787,-0.422618262));
#3768=AXIS2_PLACEMENT_3D('',#3765,#3766,#3767);
#3769=CYLINDRICAL_SURFACE('',#3768,5.);
#3770=ORIENTED_EDGE('',*,*,#3759,.F.);
#3771=ORIENTED_EDGE('',*,*,#987,.T.);
#3772=ORIENTED_EDGE('',*,*,#3719,.T.);
#3773=ORIENTED_EDGE('',*,*,#2069,.F.);
#3774=EDGE_LOOP('',(#3770,#3771,#3772,#3773));
#3775=FACE_BOUND('',#3774,.T.);
#3776=ADVANCED_FACE('',(#3775),#3769,.F.);
#3777=CARTESIAN_POINT('',(80.,106.066446642,10.076535856));
#3778=DIRECTION('',(-1.,-0.,-0.));
#3779=DIRECTION('',(0.,-0.906307787,-0.422618262));
#3780=AXIS2_PLACEMENT_3D('',#3777,#3778,#3779);
#3781=CYLINDRICAL_SURFACE('',#3780,5.);
#3782=CARTESIAN_POINT('',(76.,110.597985577,12.189627165));
#3783=DIRECTION('',(-1.,-0.,-0.));
#3784=VECTOR('',#3783,3.);
#3785=LINE('',#3782,#3784);
#3786=EDGE_CURVE('',#1543,#509,#3785,.T.);
#3787=ORIENTED_EDGE('',*,*,#3786,.T.);
#3788=ORIENTED_EDGE('',*,*,#517,.T.);
#3789=CARTESIAN_POINT('',(76.,101.534907707,7.963444548));
#3790=DIRECTION('',(-1.,-0.,-0.));
#3791=VECTOR('',#3790,3.);
#3792=LINE('',#3789,#3791);
#3793=EDGE_CURVE('',#1553,#511,#3792,.T.);
#3794=ORIENTED_EDGE('',*,*,#3793,.F.);
#3795=ORIENTED_EDGE('',*,*,#1559,.F.);
#3796=EDGE_LOOP('',(#3787,#3788,#3794,#3795));
#3797=FACE_BOUND('',#3796,.T.);
#3798=ADVANCED_FACE('',(#3797),#3781,.F.);
#3799=CARTESIAN_POINT('',(80.,89.912905509,32.886908691));
#3800=DIRECTION('',(0.,-0.906307787,-0.422618262));
#3801=DIRECTION('',(1.,0.,0.));
#3802=AXIS2_PLACEMENT_3D('',#3799,#3800,#3801);
#3803=PLANE('',#3802);
#3804=ORIENTED_EDGE('',*,*,#3793,.T.);
#3805=ORIENTED_EDGE('',*,*,#540,.T.);
#3806=CARTESIAN_POINT('',(76.,78.290903311,57.810372835));
#3807=DIRECTION('',(-1.,-0.,-0.));
#3808=VECTOR('',#3807,3.);
#3809=LINE('',#3806,#3808);
#3810=EDGE_CURVE('',#1562,#528,#3809,.T.);
#3811=ORIENTED_EDGE('',*,*,#3810,.F.);
#3812=ORIENTED_EDGE('',*,*,#1567,.F.);
#3813=EDGE_LOOP('',(#3804,#3805,#3811,#3812));
#3814=FACE_BOUND('',#3813,.T.);
#3815=ADVANCED_FACE('',(#3814),#3803,.F.);
#3816=CARTESIAN_POINT('',(80.,82.822442247,59.923464144));
#3817=DIRECTION('',(-1.,-0.,-0.));
#3818=DIRECTION('',(0.,-0.906307787,-0.422618262));
#3819=AXIS2_PLACEMENT_3D('',#3816,#3817,#3818);
#3820=CYLINDRICAL_SURFACE('',#3819,5.);
#3821=ORIENTED_EDGE('',*,*,#3810,.T.);
#3822=ORIENTED_EDGE('',*,*,#534,.T.);
#3823=CARTESIAN_POINT('',(76.,87.353981182,62.036555452));
#3824=DIRECTION('',(-1.,-0.,-0.));
#3825=VECTOR('',#3824,3.);
#3826=LINE('',#3823,#3825);
#3827=EDGE_CURVE('',#1545,#520,#3826,.T.);
#3828=ORIENTED_EDGE('',*,*,#3827,.F.);
#3829=ORIENTED_EDGE('',*,*,#1574,.F.);
#3830=EDGE_LOOP('',(#3821,#3822,#3828,#3829));
#3831=FACE_BOUND('',#3830,.T.);
#3832=ADVANCED_FACE('',(#3831),#3820,.F.);
#3833=CARTESIAN_POINT('',(80.,98.97598338,37.113091309));
#3834=DIRECTION('',(0.,-0.906307787,-0.422618262));
#3835=DIRECTION('',(1.,0.,0.));
#3836=AXIS2_PLACEMENT_3D('',#3833,#3834,#3835);
#3837=PLANE('',#3836);
#3838=ORIENTED_EDGE('',*,*,#1550,.T.);
#3839=ORIENTED_EDGE('',*,*,#3827,.T.);
#3840=ORIENTED_EDGE('',*,*,#525,.F.);
#3841=ORIENTED_EDGE('',*,*,#3786,.F.);
#3842=EDGE_LOOP('',(#3838,#3839,#3840,#3841));
#3843=FACE_BOUND('',#3842,.T.);
#3844=ADVANCED_FACE('',(#3843),#3837,.T.);
#3845=CARTESIAN_POINT('',(80.,81.753761157,37.113091309));
#3846=DIRECTION('',(0.,-0.906307787,-0.422618262));
#3847=DIRECTION('',(1.,0.,0.));
#3848=AXIS2_PLACEMENT_3D('',#3845,#3846,#3847);
#3849=PLANE('',#3848);
#3850=ORIENTED_EDGE('',*,*,#2041,.T.);
#3851=CARTESIAN_POINT('',(3.,93.375763355,12.189627165));
#3852=DIRECTION('',(-1.,-0.,-0.));
#3853=VECTOR('',#3852,3.);
#3854=LINE('',#3851,#3853);
#3855=EDGE_CURVE('',#945,#2027,#3854,.T.);
#3856=ORIENTED_EDGE('',*,*,#3855,.F.);
#3857=ORIENTED_EDGE('',*,*,#974,.F.);
#3858=CARTESIAN_POINT('',(3.,70.13175896,62.036555452));
#3859=DIRECTION('',(-1.,-0.,-0.));
#3860=VECTOR('',#3859,3.);
#3861=LINE('',#3858,#3860);
#3862=EDGE_CURVE('',#962,#2036,#3861,.T.);
#3863=ORIENTED_EDGE('',*,*,#3862,.T.);
#3864=EDGE_LOOP('',(#3850,#3856,#3857,#3863));
#3865=FACE_BOUND('',#3864,.T.);
#3866=ADVANCED_FACE('',(#3865),#3849,.T.);
#3867=CARTESIAN_POINT('',(80.,65.600220024,59.923464144));
#3868=DIRECTION('',(-1.,-0.,-0.));
#3869=DIRECTION('',(0.,-0.906307787,-0.422618262));
#3870=AXIS2_PLACEMENT_3D('',#3867,#3868,#3869);
#3871=CYLINDRICAL_SURFACE('',#3870,5.);
#3872=ORIENTED_EDGE('',*,*,#3862,.F.);
#3873=ORIENTED_EDGE('',*,*,#968,.T.);
#3874=CARTESIAN_POINT('',(3.,61.068681089,57.810372835));
#3875=DIRECTION('',(-1.,-0.,-0.));
#3876=VECTOR('',#3875,3.);
#3877=LINE('',#3874,#3876);
#3878=EDGE_CURVE('',#954,#2017,#3877,.T.);
#3879=ORIENTED_EDGE('',*,*,#3878,.T.);
#3880=ORIENTED_EDGE('',*,*,#2048,.F.);
#3881=EDGE_LOOP('',(#3872,#3873,#3879,#3880));
#3882=FACE_BOUND('',#3881,.T.);
#3883=ADVANCED_FACE('',(#3882),#3871,.F.);
#3884=CARTESIAN_POINT('',(80.,72.690683287,32.886908691));
#3885=DIRECTION('',(0.,-0.906307787,-0.422618262));
#3886=DIRECTION('',(1.,0.,0.));
#3887=AXIS2_PLACEMENT_3D('',#3884,#3885,#3886);
#3888=PLANE('',#3887);
#3889=ORIENTED_EDGE('',*,*,#3878,.F.);
#3890=ORIENTED_EDGE('',*,*,#959,.T.);
#3891=CARTESIAN_POINT('',(3.,84.312685485,7.963444548));
#3892=DIRECTION('',(-1.,-0.,-0.));
#3893=VECTOR('',#3892,3.);
#3894=LINE('',#3891,#3893);
#3895=EDGE_CURVE('',#943,#2019,#3894,.T.);
#3896=ORIENTED_EDGE('',*,*,#3895,.T.);
#3897=ORIENTED_EDGE('',*,*,#2024,.F.);
#3898=EDGE_LOOP('',(#3889,#3890,#3896,#3897));
#3899=FACE_BOUND('',#3898,.T.);
#3900=ADVANCED_FACE('',(#3899),#3888,.F.);
#3901=CARTESIAN_POINT('',(80.,88.84422442,10.076535856));
#3902=DIRECTION('',(-1.,-0.,-0.));
#3903=DIRECTION('',(0.,-0.906307787,-0.422618262));
#3904=AXIS2_PLACEMENT_3D('',#3901,#3902,#3903);
#3905=CYLINDRICAL_SURFACE('',#3904,5.);
#3906=ORIENTED_EDGE('',*,*,#3895,.F.);
#3907=ORIENTED_EDGE('',*,*,#951,.T.);
#3908=ORIENTED_EDGE('',*,*,#3855,.T.);
#3909=ORIENTED_EDGE('',*,*,#2033,.F.);
#3910=EDGE_LOOP('',(#3906,#3907,#3908,#3909));
#3911=FACE_BOUND('',#3910,.T.);
#3912=ADVANCED_FACE('',(#3911),#3905,.F.);
#3913=CARTESIAN_POINT('',(80.,88.84422442,10.076535856));
#3914=DIRECTION('',(-1.,-0.,-0.));
#3915=DIRECTION('',(0.,-0.906307787,-0.422618262));
#3916=AXIS2_PLACEMENT_3D('',#3913,#3914,#3915);
#3917=CYLINDRICAL_SURFACE('',#3916,5.);
#3918=CARTESIAN_POINT('',(76.,93.375763355,12.189627165));
#3919=DIRECTION('',(-1.,-0.,-0.));
#3920=VECTOR('',#3919,3.);
#3921=LINE('',#3918,#3920);
#3922=EDGE_CURVE('',#1507,#473,#3921,.T.);
#3923=ORIENTED_EDGE('',*,*,#3922,.T.);
#3924=ORIENTED_EDGE('',*,*,#481,.T.);
#3925=CARTESIAN_POINT('',(76.,84.312685485,7.963444548));
#3926=DIRECTION('',(-1.,-0.,-0.));
#3927=VECTOR('',#3926,3.);
#3928=LINE('',#3925,#3927);
#3929=EDGE_CURVE('',#1517,#475,#3928,.T.);
#3930=ORIENTED_EDGE('',*,*,#3929,.F.);
#3931=ORIENTED_EDGE('',*,*,#1523,.F.);
#3932=EDGE_LOOP('',(#3923,#3924,#3930,#3931));
#3933=FACE_BOUND('',#3932,.T.);
#3934=ADVANCED_FACE('',(#3933),#3917,.F.);
#3935=CARTESIAN_POINT('',(80.,72.690683287,32.886908691));
#3936=DIRECTION('',(0.,-0.906307787,-0.422618262));
#3937=DIRECTION('',(1.,0.,0.));
#3938=AXIS2_PLACEMENT_3D('',#3935,#3936,#3937);
#3939=PLANE('',#3938);
#3940=ORIENTED_EDGE('',*,*,#3929,.T.);
#3941=ORIENTED_EDGE('',*,*,#504,.T.);
#3942=CARTESIAN_POINT('',(76.,61.068681089,57.810372835));
#3943=DIRECTION('',(-1.,-0.,-0.));
#3944=VECTOR('',#3943,3.);
#3945=LINE('',#3942,#3944);
#3946=EDGE_CURVE('',#1526,#492,#3945,.T.);
#3947=ORIENTED_EDGE('',*,*,#3946,.F.);
#3948=ORIENTED_EDGE('',*,*,#1531,.F.);
#3949=EDGE_LOOP('',(#3940,#3941,#3947,#3948));
#3950=FACE_BOUND('',#3949,.T.);
#3951=ADVANCED_FACE('',(#3950),#3939,.F.);
#3952=CARTESIAN_POINT('',(80.,65.600220024,59.923464144));
#3953=DIRECTION('',(-1.,-0.,-0.));
#3954=DIRECTION('',(0.,-0.906307787,-0.422618262));
#3955=AXIS2_PLACEMENT_3D('',#3952,#3953,#3954);
#3956=CYLINDRICAL_SURFACE('',#3955,5.);
#3957=ORIENTED_EDGE('',*,*,#3946,.T.);
#3958=ORIENTED_EDGE('',*,*,#498,.T.);
#3959=CARTESIAN_POINT('',(76.,70.13175896,62.036555452));
#3960=DIRECTION('',(-1.,-0.,-0.));
#3961=VECTOR('',#3960,3.);
#3962=LINE('',#3959,#3961);
#3963=EDGE_CURVE('',#1509,#484,#3962,.T.);
#3964=ORIENTED_EDGE('',*,*,#3963,.F.);
#3965=ORIENTED_EDGE('',*,*,#1538,.F.);
#3966=EDGE_LOOP('',(#3957,#3958,#3964,#3965));
#3967=FACE_BOUND('',#3966,.T.);
#3968=ADVANCED_FACE('',(#3967),#3956,.F.);
#3969=CARTESIAN_POINT('',(80.,81.753761157,37.113091309));
#3970=DIRECTION('',(0.,-0.906307787,-0.422618262));
#3971=DIRECTION('',(1.,0.,0.));
#3972=AXIS2_PLACEMENT_3D('',#3969,#3970,#3971);
#3973=PLANE('',#3972);
#3974=ORIENTED_EDGE('',*,*,#1514,.T.);
#3975=ORIENTED_EDGE('',*,*,#3963,.T.);
#3976=ORIENTED_EDGE('',*,*,#489,.F.);
#3977=ORIENTED_EDGE('',*,*,#3922,.F.);
#3978=EDGE_LOOP('',(#3974,#3975,#3976,#3977));
#3979=FACE_BOUND('',#3978,.T.);
#3980=ADVANCED_FACE('',(#3979),#3973,.T.);
#3981=CARTESIAN_POINT('',(80.,64.531538935,37.113091309));
#3982=DIRECTION('',(0.,-0.906307787,-0.422618262));
#3983=DIRECTION('',(1.,0.,0.));
#3984=AXIS2_PLACEMENT_3D('',#3981,#3982,#3983);
#3985=PLANE('',#3984);
#3986=ORIENTED_EDGE('',*,*,#2005,.T.);
#3987=CARTESIAN_POINT('',(3.,76.153541133,12.189627165));
#3988=DIRECTION('',(-1.,-0.,-0.));
#3989=VECTOR('',#3988,3.);
#3990=LINE('',#3987,#3989);
#3991=EDGE_CURVE('',#909,#1991,#3990,.T.);
#3992=ORIENTED_EDGE('',*,*,#3991,.F.);
#3993=ORIENTED_EDGE('',*,*,#938,.F.);
#3994=CARTESIAN_POINT('',(3.,52.909536737,62.036555452));
#3995=DIRECTION('',(-1.,-0.,-0.));
#3996=VECTOR('',#3995,3.);
#3997=LINE('',#3994,#3996);
#3998=EDGE_CURVE('',#926,#2000,#3997,.T.);
#3999=ORIENTED_EDGE('',*,*,#3998,.T.);
#4000=EDGE_LOOP('',(#3986,#3992,#3993,#3999));
#4001=FACE_BOUND('',#4000,.T.);
#4002=ADVANCED_FACE('',(#4001),#3985,.T.);
#4003=CARTESIAN_POINT('',(80.,48.377997802,59.923464144));
#4004=DIRECTION('',(-1.,-0.,-0.));
#4005=DIRECTION('',(0.,-0.906307787,-0.422618262));
#4006=AXIS2_PLACEMENT_3D('',#4003,#4004,#4005);
#4007=CYLINDRICAL_SURFACE('',#4006,5.);
#4008=ORIENTED_EDGE('',*,*,#3998,.F.);
#4009=ORIENTED_EDGE('',*,*,#932,.T.);
#4010=CARTESIAN_POINT('',(3.,43.846458867,57.810372835));
#4011=DIRECTION('',(-1.,-0.,-0.));
#4012=VECTOR('',#4011,3.);
#4013=LINE('',#4010,#4012);
#4014=EDGE_CURVE('',#918,#1981,#4013,.T.);
#4015=ORIENTED_EDGE('',*,*,#4014,.T.);
#4016=ORIENTED_EDGE('',*,*,#2012,.F.);
#4017=EDGE_LOOP('',(#4008,#4009,#4015,#4016));
#4018=FACE_BOUND('',#4017,.T.);
#4019=ADVANCED_FACE('',(#4018),#4007,.F.);
#4020=CARTESIAN_POINT('',(80.,55.468461065,32.886908691));
#4021=DIRECTION('',(0.,-0.906307787,-0.422618262));
#4022=DIRECTION('',(1.,0.,0.));
#4023=AXIS2_PLACEMENT_3D('',#4020,#4021,#4022);
#4024=PLANE('',#4023);
#4025=ORIENTED_EDGE('',*,*,#4014,.F.);
#4026=ORIENTED_EDGE('',*,*,#923,.T.);
#4027=CARTESIAN_POINT('',(3.,67.090463263,7.963444548));
#4028=DIRECTION('',(-1.,-0.,-0.));
#4029=VECTOR('',#4028,3.);
#4030=LINE('',#4027,#4029);
#4031=EDGE_CURVE('',#907,#1983,#4030,.T.);
#4032=ORIENTED_EDGE('',*,*,#4031,.T.);
#4033=ORIENTED_EDGE('',*,*,#1988,.F.);
#4034=EDGE_LOOP('',(#4025,#4026,#4032,#4033));
#4035=FACE_BOUND('',#4034,.T.);
#4036=ADVANCED_FACE('',(#4035),#4024,.F.);
#4037=CARTESIAN_POINT('',(80.,71.622002198,10.076535856));
#4038=DIRECTION('',(-1.,-0.,-0.));
#4039=DIRECTION('',(0.,-0.906307787,-0.422618262));
#4040=AXIS2_PLACEMENT_3D('',#4037,#4038,#4039);
#4041=CYLINDRICAL_SURFACE('',#4040,5.);
#4042=ORIENTED_EDGE('',*,*,#4031,.F.);
#4043=ORIENTED_EDGE('',*,*,#915,.T.);
#4044=ORIENTED_EDGE('',*,*,#3991,.T.);
#4045=ORIENTED_EDGE('',*,*,#1997,.F.);
#4046=EDGE_LOOP('',(#4042,#4043,#4044,#4045));
#4047=FACE_BOUND('',#4046,.T.);
#4048=ADVANCED_FACE('',(#4047),#4041,.F.);
#4049=CARTESIAN_POINT('',(80.,71.622002198,10.076535856));
#4050=DIRECTION('',(-1.,-0.,-0.));
#4051=DIRECTION('',(0.,-0.906307787,-0.422618262));
#4052=AXIS2_PLACEMENT_3D('',#4049,#4050,#4051);
#4053=CYLINDRICAL_SURFACE('',#4052,5.);
#4054=CARTESIAN_POINT('',(76.,76.153541133,12.189627165));
#4055=DIRECTION('',(-1.,-0.,-0.));
#4056=VECTOR('',#4055,3.);
#4057=LINE('',#4054,#4056);
#4058=EDGE_CURVE('',#1471,#437,#4057,.T.);
#4059=ORIENTED_EDGE('',*,*,#4058,.T.);
#4060=ORIENTED_EDGE('',*,*,#445,.T.);
#4061=CARTESIAN_POINT('',(76.,67.090463263,7.963444548));
#4062=DIRECTION('',(-1.,-0.,-0.));
#4063=VECTOR('',#4062,3.);
#4064=LINE('',#4061,#4063);
#4065=EDGE_CURVE('',#1481,#439,#4064,.T.);
#4066=ORIENTED_EDGE('',*,*,#4065,.F.);
#4067=ORIENTED_EDGE('',*,*,#1487,.F.);
#4068=EDGE_LOOP('',(#4059,#4060,#4066,#4067));
#4069=FACE_BOUND('',#4068,.T.);
#4070=ADVANCED_FACE('',(#4069),#4053,.F.);
#4071=CARTESIAN_POINT('',(80.,55.468461065,32.886908691));
#4072=DIRECTION('',(0.,-0.906307787,-0.422618262));
#4073=DIRECTION('',(1.,0.,0.));
#4074=AXIS2_PLACEMENT_3D('',#4071,#4072,#4073);
#4075=PLANE('',#4074);
#4076=ORIENTED_EDGE('',*,*,#4065,.T.);
#4077=ORIENTED_EDGE('',*,*,#468,.T.);
#4078=CARTESIAN_POINT('',(76.,43.846458867,57.810372835));
#4079=DIRECTION('',(-1.,-0.,-0.));
#4080=VECTOR('',#4079,3.);
#4081=LINE('',#4078,#4080);
#4082=EDGE_CURVE('',#1490,#456,#4081,.T.);
#4083=ORIENTED_EDGE('',*,*,#4082,.F.);
#4084=ORIENTED_EDGE('',*,*,#1495,.F.);
#4085=EDGE_LOOP('',(#4076,#4077,#4083,#4084));
#4086=FACE_BOUND('',#4085,.T.);
#4087=ADVANCED_FACE('',(#4086),#4075,.F.);
#4088=CARTESIAN_POINT('',(80.,48.377997802,59.923464144));
#4089=DIRECTION('',(-1.,-0.,-0.));
#4090=DIRECTION('',(0.,-0.906307787,-0.422618262));
#4091=AXIS2_PLACEMENT_3D('',#4088,#4089,#4090);
#4092=CYLINDRICAL_SURFACE('',#4091,5.);
#4093=ORIENTED_EDGE('',*,*,#4082,.T.);
#4094=ORIENTED_EDGE('',*,*,#462,.T.);
#4095=CARTESIAN_POINT('',(76.,52.909536737,62.036555452));
#4096=DIRECTION('',(-1.,-0.,-0.));
#4097=VECTOR('',#4096,3.);
#4098=LINE('',#4095,#4097);
#4099=EDGE_CURVE('',#1473,#448,#4098,.T.);
#4100=ORIENTED_EDGE('',*,*,#4099,.F.);
#4101=ORIENTED_EDGE('',*,*,#1502,.F.);
#4102=EDGE_LOOP('',(#4093,#4094,#4100,#4101));
#4103=FACE_BOUND('',#4102,.T.);
#4104=ADVANCED_FACE('',(#4103),#4092,.F.);
#4105=CARTESIAN_POINT('',(80.,64.531538935,37.113091309));
#4106=DIRECTION('',(0.,-0.906307787,-0.422618262));
#4107=DIRECTION('',(1.,0.,0.));
#4108=AXIS2_PLACEMENT_3D('',#4105,#4106,#4107);
#4109=PLANE('',#4108);
#4110=ORIENTED_EDGE('',*,*,#1478,.T.);
#4111=ORIENTED_EDGE('',*,*,#4099,.T.);
#4112=ORIENTED_EDGE('',*,*,#453,.F.);
#4113=ORIENTED_EDGE('',*,*,#4058,.F.);
#4114=EDGE_LOOP('',(#4110,#4111,#4112,#4113));
#4115=FACE_BOUND('',#4114,.T.);
#4116=ADVANCED_FACE('',(#4115),#4109,.T.);
#4117=CARTESIAN_POINT('',(85.342774561,235.,35.));
#4118=DIRECTION('',(-0.,0.422618262,-0.906307787));
#4119=DIRECTION('',(0.,0.906307787,0.422618262));
#4120=AXIS2_PLACEMENT_3D('',#4117,#4118,#4119);
#4121=PLANE('',#4120);
#4122=CARTESIAN_POINT('',(3.,230.468461065,32.886908691));
#4123=DIRECTION('',(-1.,-0.,-0.));
#4124=VECTOR('',#4123,3.);
#4125=LINE('',#4122,#4124);
#4126=EDGE_CURVE('',#874,#1957,#4125,.T.);
#4127=ORIENTED_EDGE('',*,*,#4126,.F.);
#4128=ORIENTED_EDGE('',*,*,#902,.T.);
#4129=CARTESIAN_POINT('',(3.,239.531538935,37.113091309));
#4130=DIRECTION('',(-1.,-0.,-0.));
#4131=VECTOR('',#4130,3.);
#4132=LINE('',#4129,#4131);
#4133=EDGE_CURVE('',#891,#1965,#4132,.T.);
#4134=ORIENTED_EDGE('',*,*,#4133,.T.);
#4135=ORIENTED_EDGE('',*,*,#1970,.F.);
#4136=EDGE_LOOP('',(#4127,#4128,#4134,#4135));
#4137=FACE_BOUND('',#4136,.T.);
#4138=ADVANCED_FACE('',(#4137),#4121,.F.);
#4139=CARTESIAN_POINT('',(80.,239.531538935,37.113091309));
#4140=DIRECTION('',(0.,-0.906307787,-0.422618262));
#4141=DIRECTION('',(1.,0.,0.));
#4142=AXIS2_PLACEMENT_3D('',#4139,#4140,#4141);
#4143=PLANE('',#4142);
#4144=ORIENTED_EDGE('',*,*,#1976,.T.);
#4145=ORIENTED_EDGE('',*,*,#4133,.F.);
#4146=ORIENTED_EDGE('',*,*,#896,.F.);
#4147=CARTESIAN_POINT('',(3.,227.909536737,62.036555452));
#4148=DIRECTION('',(-1.,-0.,-0.));
#4149=VECTOR('',#4148,3.);
#4150=LINE('',#4147,#4149);
#4151=EDGE_CURVE('',#882,#1946,#4150,.T.);
#4152=ORIENTED_EDGE('',*,*,#4151,.T.);
#4153=EDGE_LOOP('',(#4144,#4145,#4146,#4152));
#4154=FACE_BOUND('',#4153,.T.);
#4155=ADVANCED_FACE('',(#4154),#4143,.T.);
#4156=CARTESIAN_POINT('',(80.,223.377997802,59.923464144));
#4157=DIRECTION('',(-1.,-0.,-0.));
#4158=DIRECTION('',(0.,-0.906307787,-0.422618262));
#4159=AXIS2_PLACEMENT_3D('',#4156,#4157,#4158);
#4160=CYLINDRICAL_SURFACE('',#4159,5.);
#4161=ORIENTED_EDGE('',*,*,#4151,.F.);
#4162=ORIENTED_EDGE('',*,*,#888,.T.);
#4163=CARTESIAN_POINT('',(3.,218.846458867,57.810372835));
#4164=DIRECTION('',(-1.,-0.,-0.));
#4165=VECTOR('',#4164,3.);
#4166=LINE('',#4163,#4165);
#4167=EDGE_CURVE('',#872,#1948,#4166,.T.);
#4168=ORIENTED_EDGE('',*,*,#4167,.T.);
#4169=ORIENTED_EDGE('',*,*,#1954,.F.);
#4170=EDGE_LOOP('',(#4161,#4162,#4168,#4169));
#4171=FACE_BOUND('',#4170,.T.);
#4172=ADVANCED_FACE('',(#4171),#4160,.F.);
#4173=CARTESIAN_POINT('',(80.,230.468461065,32.886908691));
#4174=DIRECTION('',(0.,-0.906307787,-0.422618262));
#4175=DIRECTION('',(1.,0.,0.));
#4176=AXIS2_PLACEMENT_3D('',#4173,#4174,#4175);
#4177=PLANE('',#4176);
#4178=ORIENTED_EDGE('',*,*,#4167,.F.);
#4179=ORIENTED_EDGE('',*,*,#879,.T.);
#4180=ORIENTED_EDGE('',*,*,#4126,.T.);
#4181=ORIENTED_EDGE('',*,*,#1962,.F.);
#4182=EDGE_LOOP('',(#4178,#4179,#4180,#4181));
#4183=FACE_BOUND('',#4182,.T.);
#4184=ADVANCED_FACE('',(#4183),#4177,.F.);
#4185=CARTESIAN_POINT('',(80.,230.468461065,32.886908691));
#4186=DIRECTION('',(0.,-0.906307787,-0.422618262));
#4187=DIRECTION('',(1.,0.,0.));
#4188=AXIS2_PLACEMENT_3D('',#4185,#4186,#4187);
#4189=PLANE('',#4188);
#4190=CARTESIAN_POINT('',(76.,230.468461065,32.886908691));
#4191=DIRECTION('',(-1.,-0.,-0.));
#4192=VECTOR('',#4191,3.);
#4193=LINE('',#4190,#4192);
#4194=EDGE_CURVE('',#1438,#402,#4193,.T.);
#4195=ORIENTED_EDGE('',*,*,#4194,.T.);
#4196=ORIENTED_EDGE('',*,*,#409,.T.);
#4197=CARTESIAN_POINT('',(76.,218.846458867,57.810372835));
#4198=DIRECTION('',(-1.,-0.,-0.));
#4199=VECTOR('',#4198,3.);
#4200=LINE('',#4197,#4199);
#4201=EDGE_CURVE('',#1446,#404,#4200,.T.);
#4202=ORIENTED_EDGE('',*,*,#4201,.F.);
#4203=ORIENTED_EDGE('',*,*,#1451,.F.);
#4204=EDGE_LOOP('',(#4195,#4196,#4202,#4203));
#4205=FACE_BOUND('',#4204,.T.);
#4206=ADVANCED_FACE('',(#4205),#4189,.F.);
#4207=CARTESIAN_POINT('',(80.,223.377997802,59.923464144));
#4208=DIRECTION('',(-1.,-0.,-0.));
#4209=DIRECTION('',(0.,-0.906307787,-0.422618262));
#4210=AXIS2_PLACEMENT_3D('',#4207,#4208,#4209);
#4211=CYLINDRICAL_SURFACE('',#4210,5.);
#4212=ORIENTED_EDGE('',*,*,#4201,.T.);
#4213=ORIENTED_EDGE('',*,*,#432,.T.);
#4214=CARTESIAN_POINT('',(76.,227.909536737,62.036555452));
#4215=DIRECTION('',(-1.,-0.,-0.));
#4216=VECTOR('',#4215,3.);
#4217=LINE('',#4214,#4216);
#4218=EDGE_CURVE('',#1454,#420,#4217,.T.);
#4219=ORIENTED_EDGE('',*,*,#4218,.F.);
#4220=ORIENTED_EDGE('',*,*,#1460,.F.);
#4221=EDGE_LOOP('',(#4212,#4213,#4219,#4220));
#4222=FACE_BOUND('',#4221,.T.);
#4223=ADVANCED_FACE('',(#4222),#4211,.F.);
#4224=CARTESIAN_POINT('',(80.,239.531538935,37.113091309));
#4225=DIRECTION('',(0.,-0.906307787,-0.422618262));
#4226=DIRECTION('',(1.,0.,0.));
#4227=AXIS2_PLACEMENT_3D('',#4224,#4225,#4226);
#4228=PLANE('',#4227);
#4229=ORIENTED_EDGE('',*,*,#1466,.T.);
#4230=ORIENTED_EDGE('',*,*,#4218,.T.);
#4231=ORIENTED_EDGE('',*,*,#425,.F.);
#4232=CARTESIAN_POINT('',(76.,239.531538935,37.113091309));
#4233=DIRECTION('',(-1.,-0.,-0.));
#4234=VECTOR('',#4233,3.);
#4235=LINE('',#4232,#4234);
#4236=EDGE_CURVE('',#1436,#412,#4235,.T.);
#4237=ORIENTED_EDGE('',*,*,#4236,.F.);
#4238=EDGE_LOOP('',(#4229,#4230,#4231,#4237));
#4239=FACE_BOUND('',#4238,.T.);
#4240=ADVANCED_FACE('',(#4239),#4228,.T.);
#4241=CARTESIAN_POINT('',(85.342774561,235.,35.));
#4242=DIRECTION('',(-0.,0.422618262,-0.906307787));
#4243=DIRECTION('',(0.,0.906307787,0.422618262));
#4244=AXIS2_PLACEMENT_3D('',#4241,#4242,#4243);
#4245=PLANE('',#4244);
#4246=ORIENTED_EDGE('',*,*,#4236,.T.);
#4247=ORIENTED_EDGE('',*,*,#417,.T.);
#4248=ORIENTED_EDGE('',*,*,#4194,.F.);
#4249=ORIENTED_EDGE('',*,*,#1443,.F.);
#4250=EDGE_LOOP('',(#4246,#4247,#4248,#4249));
#4251=FACE_BOUND('',#4250,.T.);
#4252=ADVANCED_FACE('',(#4251),#4245,.F.);
#4253=CARTESIAN_POINT('',(80.,51.622002198,10.076535856));
#4254=DIRECTION('',(-1.,-0.,-0.));
#4255=DIRECTION('',(0.,-0.906307787,-0.422618262));
#4256=AXIS2_PLACEMENT_3D('',#4253,#4254,#4255);
#4257=CYLINDRICAL_SURFACE('',#4256,5.);
#4258=CARTESIAN_POINT('',(3.,47.090463263,7.963444548));
#4259=DIRECTION('',(-1.,-0.,-0.));
#4260=VECTOR('',#4259,3.);
#4261=LINE('',#4258,#4260);
#4262=EDGE_CURVE('',#837,#1913,#4261,.T.);
#4263=ORIENTED_EDGE('',*,*,#4262,.F.);
#4264=ORIENTED_EDGE('',*,*,#845,.T.);
#4265=CARTESIAN_POINT('',(3.,56.153541133,12.189627165));
#4266=DIRECTION('',(-1.,-0.,-0.));
#4267=VECTOR('',#4266,3.);
#4268=LINE('',#4265,#4267);
#4269=EDGE_CURVE('',#839,#1921,#4268,.T.);
#4270=ORIENTED_EDGE('',*,*,#4269,.T.);
#4271=ORIENTED_EDGE('',*,*,#1927,.F.);
#4272=EDGE_LOOP('',(#4263,#4264,#4270,#4271));
#4273=FACE_BOUND('',#4272,.T.);
#4274=ADVANCED_FACE('',(#4273),#4257,.F.);
#4275=CARTESIAN_POINT('',(172.353780178,40.98535066,32.886908691));
#4276=DIRECTION('',(-0.,-0.,1.));
#4277=DIRECTION('',(0.,-1.,-0.));
#4278=AXIS2_PLACEMENT_3D('',#4275,#4276,#4277);
#4279=PLANE('',#4278);
#4280=CARTESIAN_POINT('',(3.,46.502240254,32.886908691));
#4281=DIRECTION('',(-1.,-0.,-0.));
#4282=VECTOR('',#4281,3.);
#4283=LINE('',#4280,#4282);
#4284=EDGE_CURVE('',#856,#1930,#4283,.T.);
#4285=ORIENTED_EDGE('',*,*,#4284,.F.);
#4286=ORIENTED_EDGE('',*,*,#861,.T.);
#4287=CARTESIAN_POINT('',(3.,35.468461065,32.886908691));
#4288=DIRECTION('',(-1.,-0.,-0.));
#4289=VECTOR('',#4288,3.);
#4290=LINE('',#4287,#4289);
#4291=EDGE_CURVE('',#848,#1911,#4290,.T.);
#4292=ORIENTED_EDGE('',*,*,#4291,.T.);
#4293=ORIENTED_EDGE('',*,*,#1941,.F.);
#4294=EDGE_LOOP('',(#4285,#4286,#4292,#4293));
#4295=FACE_BOUND('',#4294,.T.);
#4296=ADVANCED_FACE('',(#4295),#4279,.F.);
#4297=CARTESIAN_POINT('',(80.,44.531538935,37.113091309));
#4298=DIRECTION('',(0.,-0.906307787,-0.422618262));
#4299=DIRECTION('',(1.,0.,0.));
#4300=AXIS2_PLACEMENT_3D('',#4297,#4298,#4299);
#4301=PLANE('',#4300);
#4302=ORIENTED_EDGE('',*,*,#1935,.T.);
#4303=ORIENTED_EDGE('',*,*,#4269,.F.);
#4304=ORIENTED_EDGE('',*,*,#867,.F.);
#4305=ORIENTED_EDGE('',*,*,#4284,.T.);
#4306=EDGE_LOOP('',(#4302,#4303,#4304,#4305));
#4307=FACE_BOUND('',#4306,.T.);
#4308=ADVANCED_FACE('',(#4307),#4301,.T.);
#4309=CARTESIAN_POINT('',(80.,35.468461065,32.886908691));
#4310=DIRECTION('',(0.,-0.906307787,-0.422618262));
#4311=DIRECTION('',(1.,0.,0.));
#4312=AXIS2_PLACEMENT_3D('',#4309,#4310,#4311);
#4313=PLANE('',#4312);
#4314=ORIENTED_EDGE('',*,*,#4291,.F.);
#4315=ORIENTED_EDGE('',*,*,#853,.T.);
#4316=ORIENTED_EDGE('',*,*,#4262,.T.);
#4317=ORIENTED_EDGE('',*,*,#1918,.F.);
#4318=EDGE_LOOP('',(#4314,#4315,#4316,#4317));
#4319=FACE_BOUND('',#4318,.T.);
#4320=ADVANCED_FACE('',(#4319),#4313,.F.);
#4321=CARTESIAN_POINT('',(80.,35.468461065,32.886908691));
#4322=DIRECTION('',(0.,-0.906307787,-0.422618262));
#4323=DIRECTION('',(1.,0.,0.));
#4324=AXIS2_PLACEMENT_3D('',#4321,#4322,#4323);
#4325=PLANE('',#4324);
#4326=CARTESIAN_POINT('',(76.,47.090463263,7.963444548));
#4327=DIRECTION('',(-1.,-0.,-0.));
#4328=VECTOR('',#4327,3.);
#4329=LINE('',#4326,#4328);
#4330=EDGE_CURVE('',#1411,#369,#4329,.T.);
#4331=ORIENTED_EDGE('',*,*,#4330,.T.);
#4332=ORIENTED_EDGE('',*,*,#397,.T.);
#4333=CARTESIAN_POINT('',(76.,35.468461065,32.886908691));
#4334=DIRECTION('',(-1.,-0.,-0.));
#4335=VECTOR('',#4334,3.);
#4336=LINE('',#4333,#4335);
#4337=EDGE_CURVE('',#1420,#386,#4336,.T.);
#4338=ORIENTED_EDGE('',*,*,#4337,.F.);
#4339=ORIENTED_EDGE('',*,*,#1425,.F.);
#4340=EDGE_LOOP('',(#4331,#4332,#4338,#4339));
#4341=FACE_BOUND('',#4340,.T.);
#4342=ADVANCED_FACE('',(#4341),#4325,.F.);
#4343=CARTESIAN_POINT('',(80.,44.531538935,37.113091309));
#4344=DIRECTION('',(0.,-0.906307787,-0.422618262));
#4345=DIRECTION('',(1.,0.,0.));
#4346=AXIS2_PLACEMENT_3D('',#4343,#4344,#4345);
#4347=PLANE('',#4346);
#4348=ORIENTED_EDGE('',*,*,#1408,.T.);
#4349=CARTESIAN_POINT('',(76.,46.502240254,32.886908691));
#4350=DIRECTION('',(-1.,-0.,-0.));
#4351=VECTOR('',#4350,3.);
#4352=LINE('',#4349,#4351);
#4353=EDGE_CURVE('',#1403,#378,#4352,.T.);
#4354=ORIENTED_EDGE('',*,*,#4353,.T.);
#4355=ORIENTED_EDGE('',*,*,#383,.F.);
#4356=CARTESIAN_POINT('',(76.,56.153541133,12.189627165));
#4357=DIRECTION('',(-1.,-0.,-0.));
#4358=VECTOR('',#4357,3.);
#4359=LINE('',#4356,#4358);
#4360=EDGE_CURVE('',#1401,#367,#4359,.T.);
#4361=ORIENTED_EDGE('',*,*,#4360,.F.);
#4362=EDGE_LOOP('',(#4348,#4354,#4355,#4361));
#4363=FACE_BOUND('',#4362,.T.);
#4364=ADVANCED_FACE('',(#4363),#4347,.T.);
#4365=CARTESIAN_POINT('',(80.,51.622002198,10.076535856));
#4366=DIRECTION('',(-1.,-0.,-0.));
#4367=DIRECTION('',(0.,-0.906307787,-0.422618262));
#4368=AXIS2_PLACEMENT_3D('',#4365,#4366,#4367);
#4369=CYLINDRICAL_SURFACE('',#4368,5.);
#4370=ORIENTED_EDGE('',*,*,#4360,.T.);
#4371=ORIENTED_EDGE('',*,*,#375,.T.);
#4372=ORIENTED_EDGE('',*,*,#4330,.F.);
#4373=ORIENTED_EDGE('',*,*,#1417,.F.);
#4374=EDGE_LOOP('',(#4370,#4371,#4372,#4373));
#4375=FACE_BOUND('',#4374,.T.);
#4376=ADVANCED_FACE('',(#4375),#4369,.F.);
#4377=CARTESIAN_POINT('',(172.353780178,40.98535066,32.886908691));
#4378=DIRECTION('',(-0.,-0.,1.));
#4379=DIRECTION('',(0.,-1.,-0.));
#4380=AXIS2_PLACEMENT_3D('',#4377,#4378,#4379);
#4381=PLANE('',#4380);
#4382=ORIENTED_EDGE('',*,*,#4337,.T.);
#4383=ORIENTED_EDGE('',*,*,#391,.T.);
#4384=ORIENTED_EDGE('',*,*,#4353,.F.);
#4385=ORIENTED_EDGE('',*,*,#1431,.F.);
#4386=EDGE_LOOP('',(#4382,#4383,#4384,#4385));
#4387=FACE_BOUND('',#4386,.T.);
#4388=ADVANCED_FACE('',(#4387),#4381,.F.);
#4389=CARTESIAN_POINT('',(74.983659655,30.165787811,33.747688519));
#4390=DIRECTION('',(-1.,0.,0.));
#4391=DIRECTION('',(0.,0.422618262,0.906307787));
#4392=AXIS2_PLACEMENT_3D('',#4389,#4390,#4391);
#4393=PLANE('',#4392);
#4394=CARTESIAN_POINT('',(74.983659655,14.951530388,1.120608185));
#4395=VERTEX_POINT('',#4394);
#4396=CARTESIAN_POINT('',(74.983659655,47.070518281,70.));
#4397=DIRECTION('',(0.,-0.422618262,-0.906307787));
#4398=VECTOR('',#4397,76.);
#4399=LINE('',#4396,#4398);
#4400=EDGE_CURVE('',#217,#4395,#4399,.T.);
#4401=ORIENTED_EDGE('',*,*,#4400,.T.);
#4402=CARTESIAN_POINT('',(74.983659655,12.413868585,2.303939318));
#4403=VERTEX_POINT('',#4402);
#4404=CARTESIAN_POINT('',(74.983659655,14.951530388,1.120608185));
#4405=DIRECTION('',(0.,-0.906307787,0.422618262));
#4406=VECTOR('',#4405,2.8);
#4407=LINE('',#4404,#4406);
#4408=EDGE_CURVE('',#4395,#4403,#4407,.T.);
#4409=ORIENTED_EDGE('',*,*,#4408,.T.);
#4410=CARTESIAN_POINT('',(74.983659655,43.981060107,70.));
#4411=DIRECTION('',(0.,-0.422618262,-0.906307787));
#4412=VECTOR('',#4411,74.694338557);
#4413=LINE('',#4410,#4412);
#4414=EDGE_CURVE('',#225,#4403,#4413,.T.);
#4415=ORIENTED_EDGE('',*,*,#4414,.F.);
#4416=ORIENTED_EDGE('',*,*,#230,.F.);
#4417=EDGE_LOOP('',(#4401,#4409,#4415,#4416));
#4418=FACE_BOUND('',#4417,.T.);
#4419=ADVANCED_FACE('',(#4418),#4393,.T.);
#4420=CARTESIAN_POINT('',(0.983659655,30.165787811,33.747688519));
#4421=DIRECTION('',(1.,0.,0.));
#4422=DIRECTION('',(0.,-0.422618262,-0.906307787));
#4423=AXIS2_PLACEMENT_3D('',#4420,#4421,#4422);
#4424=PLANE('',#4423);
#4425=CARTESIAN_POINT('',(0.983659655,14.951530388,1.120608185));
#4426=VERTEX_POINT('',#4425);
#4427=CARTESIAN_POINT('',(0.983659655,47.070456023,69.999866488));
#4428=VERTEX_POINT('',#4427);
#4429=CARTESIAN_POINT('',(0.983659655,14.951530388,1.120608185));
#4430=DIRECTION('',(0.,0.422618262,0.906307787));
#4431=VECTOR('',#4430,75.999852685);
#4432=LINE('',#4429,#4431);
#4433=EDGE_CURVE('',#4426,#4428,#4432,.T.);
#4434=ORIENTED_EDGE('',*,*,#4433,.T.);
#4435=CARTESIAN_POINT('',(0.983659655,43.98099785,69.999866488));
#4436=VERTEX_POINT('',#4435);
#4437=CARTESIAN_POINT('',(0.983659655,47.070456023,69.999866488));
#4438=DIRECTION('',(0.,-1.,-0.));
#4439=VECTOR('',#4438,3.089458173);
#4440=LINE('',#4437,#4439);
#4441=EDGE_CURVE('',#4428,#4436,#4440,.T.);
#4442=ORIENTED_EDGE('',*,*,#4441,.T.);
#4443=CARTESIAN_POINT('',(0.983659655,12.413868585,2.303939318));
#4444=VERTEX_POINT('',#4443);
#4445=CARTESIAN_POINT('',(0.983659655,12.413868585,2.303939318));
#4446=DIRECTION('',(0.,0.422618262,0.906307787));
#4447=VECTOR('',#4446,74.694191243);
#4448=LINE('',#4445,#4447);
#4449=EDGE_CURVE('',#4444,#4436,#4448,.T.);
#4450=ORIENTED_EDGE('',*,*,#4449,.F.);
#4451=CARTESIAN_POINT('',(0.983659655,14.951530388,1.120608185));
#4452=DIRECTION('',(0.,-0.906307787,0.422618262));
#4453=VECTOR('',#4452,2.8);
#4454=LINE('',#4451,#4453);
#4455=EDGE_CURVE('',#4426,#4444,#4454,.T.);
#4456=ORIENTED_EDGE('',*,*,#4455,.F.);
#4457=EDGE_LOOP('',(#4434,#4442,#4450,#4456));
#4458=FACE_BOUND('',#4457,.T.);
#4459=ADVANCED_FACE('',(#4458),#4424,.T.);
#4460=CARTESIAN_POINT('',(37.983659655,14.951530388,1.120608185));
#4461=DIRECTION('',(0.,0.422618262,0.906307787));
#4462=DIRECTION('',(1.,-0.,-0.));
#4463=AXIS2_PLACEMENT_3D('',#4460,#4461,#4462);
#4464=PLANE('',#4463);
#4465=CARTESIAN_POINT('',(74.983659655,12.413868585,2.303939318));
#4466=DIRECTION('',(-1.,0.,0.));
#4467=VECTOR('',#4466,74.);
#4468=LINE('',#4465,#4467);
#4469=EDGE_CURVE('',#4403,#4444,#4468,.T.);
#4470=ORIENTED_EDGE('',*,*,#4469,.F.);
#4471=ORIENTED_EDGE('',*,*,#4408,.F.);
#4472=CARTESIAN_POINT('',(74.983659655,14.951530388,1.120608185));
#4473=DIRECTION('',(-1.,0.,0.));
#4474=VECTOR('',#4473,74.);
#4475=LINE('',#4472,#4474);
#4476=EDGE_CURVE('',#4395,#4426,#4475,.T.);
#4477=ORIENTED_EDGE('',*,*,#4476,.T.);
#4478=ORIENTED_EDGE('',*,*,#4455,.T.);
#4479=EDGE_LOOP('',(#4470,#4471,#4477,#4478));
#4480=FACE_BOUND('',#4479,.T.);
#4481=ADVANCED_FACE('',(#4480),#4464,.T.);
#4482=CARTESIAN_POINT('',(-0.016340345,14.951530388,1.120608185));
#4483=DIRECTION('',(0.,-0.906307787,0.422618262));
#4484=DIRECTION('',(1.,0.,0.));
#4485=AXIS2_PLACEMENT_3D('',#4482,#4483,#4484);
#4486=PLANE('',#4485);
#4487=ORIENTED_EDGE('',*,*,#222,.F.);
#4488=CARTESIAN_POINT('',(74.,46.604210622,69.));
#4489=DIRECTION('',(0.,-0.906307787,0.422618262));
#4490=DIRECTION('',(-0.,0.422618262,0.906307787));
#4491=AXIS2_PLACEMENT_3D('',#4488,#4489,#4490);
#4492=ELLIPSE('',#4491,1.103377919,1.);
#4493=EDGE_CURVE('',#209,#799,#4492,.T.);
#4494=ORIENTED_EDGE('',*,*,#4493,.T.);
#4495=ORIENTED_EDGE('',*,*,#804,.F.);
#4496=ORIENTED_EDGE('',*,*,#1311,.F.);
#4497=ORIENTED_EDGE('',*,*,#1290,.F.);
#4498=CARTESIAN_POINT('',(2.,46.604210622,69.));
#4499=DIRECTION('',(0.,-0.906307787,0.422618262));
#4500=DIRECTION('',(0.,-0.422618262,-0.906307787));
#4501=AXIS2_PLACEMENT_3D('',#4498,#4499,#4500);
#4502=ELLIPSE('',#4501,1.103377919,1.);
#4503=EDGE_CURVE('',#1277,#191,#4502,.T.);
#4504=ORIENTED_EDGE('',*,*,#4503,.T.);
#4505=ORIENTED_EDGE('',*,*,#300,.F.);
#4506=CARTESIAN_POINT('',(1.,46.604210622,69.));
#4507=DIRECTION('',(0.,-0.906307787,0.422618262));
#4508=DIRECTION('',(-0.,0.422618262,0.906307787));
#4509=AXIS2_PLACEMENT_3D('',#4506,#4507,#4508);
#4510=ELLIPSE('',#4509,1.103377919,1.);
#4511=EDGE_CURVE('',#289,#4428,#4510,.T.);
#4512=ORIENTED_EDGE('',*,*,#4511,.T.);
#4513=ORIENTED_EDGE('',*,*,#4433,.F.);
#4514=ORIENTED_EDGE('',*,*,#4476,.F.);
#4515=ORIENTED_EDGE('',*,*,#4400,.F.);
#4516=EDGE_LOOP('',(#4487,#4494,#4495,#4496,#4497,#4504,#4505,#4512,#4513,#4514,#4515));
#4517=FACE_BOUND('',#4516,.T.);
#4518=ADVANCED_FACE('',(#4517),#4486,.T.);
#4519=CARTESIAN_POINT('',(-0.016340345,12.413868585,2.303939318));
#4520=DIRECTION('',(0.,-0.906307787,0.422618262));
#4521=DIRECTION('',(1.,0.,0.));
#4522=AXIS2_PLACEMENT_3D('',#4519,#4520,#4521);
#4523=PLANE('',#4522);
#4524=ORIENTED_EDGE('',*,*,#2515,.T.);
#4525=CARTESIAN_POINT('',(74.,43.514752449,69.));
#4526=DIRECTION('',(-0.,0.906307787,-0.422618262));
#4527=DIRECTION('',(-0.,0.422618262,0.906307787));
#4528=AXIS2_PLACEMENT_3D('',#4525,#4526,#4527);
#4529=ELLIPSE('',#4528,1.103377919,1.);
#4530=EDGE_CURVE('',#2502,#233,#4529,.T.);
#4531=ORIENTED_EDGE('',*,*,#4530,.T.);
#4532=ORIENTED_EDGE('',*,*,#238,.T.);
#4533=ORIENTED_EDGE('',*,*,#4414,.T.);
#4534=ORIENTED_EDGE('',*,*,#4469,.T.);
#4535=ORIENTED_EDGE('',*,*,#4449,.T.);
#4536=CARTESIAN_POINT('',(1.,43.514752449,69.));
#4537=DIRECTION('',(-0.,0.906307787,-0.422618262));
#4538=DIRECTION('',(-0.,0.422618262,0.906307787));
#4539=AXIS2_PLACEMENT_3D('',#4536,#4537,#4538);
#4540=ELLIPSE('',#4539,1.103377919,1.);
#4541=EDGE_CURVE('',#4436,#337,#4540,.T.);
#4542=ORIENTED_EDGE('',*,*,#4541,.T.);
#4543=ORIENTED_EDGE('',*,*,#342,.T.);
#4544=CARTESIAN_POINT('',(2.,43.514752449,69.));
#4545=DIRECTION('',(-0.,0.906307787,-0.422618262));
#4546=DIRECTION('',(0.,-0.422618262,-0.906307787));
#4547=AXIS2_PLACEMENT_3D('',#4544,#4545,#4546);
#4548=ELLIPSE('',#4547,1.103377919,1.);
#4549=EDGE_CURVE('',#329,#2568,#4548,.T.);
#4550=ORIENTED_EDGE('',*,*,#4549,.T.);
#4551=ORIENTED_EDGE('',*,*,#2575,.T.);
#4552=ORIENTED_EDGE('',*,*,#2611,.T.);
#4553=EDGE_LOOP('',(#4524,#4531,#4532,#4533,#4534,#4535,#4542,#4543,#4550,#4551,#4552));
#4554=FACE_BOUND('',#4553,.T.);
#4555=ADVANCED_FACE('',(#4554),#4523,.F.);
#4556=CARTESIAN_POINT('',(75.,0.,69.));
#4557=DIRECTION('',(0.,-1.,0.));
#4558=DIRECTION('',(1.,0.,0.));
#4559=AXIS2_PLACEMENT_3D('',#4556,#4557,#4558);
#4560=CYLINDRICAL_SURFACE('',#4559,1.);
#4561=ORIENTED_EDGE('',*,*,#1860,.F.);
#4562=CARTESIAN_POINT('',(75.,267.071850494,69.));
#4563=DIRECTION('',(0.,-1.,0.));
#4564=DIRECTION('',(1.,0.,0.));
#4565=AXIS2_PLACEMENT_3D('',#4562,#4563,#4564);
#4566=CIRCLE('',#4565,1.);
#4567=EDGE_CURVE('',#1849,#273,#4566,.T.);
#4568=ORIENTED_EDGE('',*,*,#4567,.T.);
#4569=ORIENTED_EDGE('',*,*,#278,.F.);
#4570=CARTESIAN_POINT('',(75.,33.278606332,69.));
#4571=DIRECTION('',(-0.,1.,-0.));
#4572=DIRECTION('',(1.,0.,0.));
#4573=AXIS2_PLACEMENT_3D('',#4570,#4571,#4572);
#4574=CIRCLE('',#4573,1.);
#4575=EDGE_CURVE('',#265,#1831,#4574,.T.);
#4576=ORIENTED_EDGE('',*,*,#4575,.T.);
#4577=EDGE_LOOP('',(#4561,#4568,#4569,#4576));
#4578=FACE_BOUND('',#4577,.T.);
#4579=ADVANCED_FACE('',(#4578),#4560,.T.);
#4580=CARTESIAN_POINT('',(-0.,33.278606332,69.));
#4581=DIRECTION('',(-1.,-0.,0.));
#4582=DIRECTION('',(0.,-1.,0.));
#4583=AXIS2_PLACEMENT_3D('',#4580,#4581,#4582);
#4584=CYLINDRICAL_SURFACE('',#4583,1.);
#4585=ORIENTED_EDGE('',*,*,#270,.F.);
#4586=CARTESIAN_POINT('',(67.,33.278606332,69.));
#4587=DIRECTION('',(1.,0.,-0.));
#4588=DIRECTION('',(0.,-1.,0.));
#4589=AXIS2_PLACEMENT_3D('',#4586,#4587,#4588);
#4590=CIRCLE('',#4589,1.);
#4591=EDGE_CURVE('',#257,#1355,#4590,.T.);
#4592=ORIENTED_EDGE('',*,*,#4591,.T.);
#4593=ORIENTED_EDGE('',*,*,#1360,.F.);
#4594=CARTESIAN_POINT('',(75.,33.278606332,69.));
#4595=DIRECTION('',(1.,0.,0.));
#4596=DIRECTION('',(0.,0.,-1.));
#4597=AXIS2_PLACEMENT_3D('',#4594,#4595,#4596);
#4598=CIRCLE('',#4597,1.);
#4599=EDGE_CURVE('',#265,#1347,#4598,.T.);
#4600=ORIENTED_EDGE('',*,*,#4599,.F.);
#4601=EDGE_LOOP('',(#4585,#4592,#4593,#4600));
#4602=FACE_BOUND('',#4601,.T.);
#4603=ADVANCED_FACE('',(#4602),#4584,.T.);
#4604=CARTESIAN_POINT('',(75.,33.278606332,69.));
#4605=DIRECTION('',(-0.,0.906307787,-0.422618262));
#4606=DIRECTION('',(0.,0.422618262,0.906307787));
#4607=AXIS2_PLACEMENT_3D('',#4604,#4605,#4606);
#4608=SPHERICAL_SURFACE('',#4607,1.);
#4609=ORIENTED_EDGE('',*,*,#4575,.F.);
#4610=ORIENTED_EDGE('',*,*,#4599,.T.);
#4611=CARTESIAN_POINT('',(75.,33.278606332,69.));
#4612=DIRECTION('',(0.,-0.422618262,-0.906307787));
#4613=DIRECTION('',(0.,0.906307787,-0.422618262));
#4614=AXIS2_PLACEMENT_3D('',#4611,#4612,#4613);
#4615=CIRCLE('',#4614,1.);
#4616=EDGE_CURVE('',#1831,#1347,#4615,.T.);
#4617=ORIENTED_EDGE('',*,*,#4616,.F.);
#4618=EDGE_LOOP('',(#4609,#4610,#4617));
#4619=FACE_BOUND('',#4618,.T.);
#4620=ADVANCED_FACE('',(#4619),#4608,.T.);
#4621=CARTESIAN_POINT('',(75.,48.793394325,102.271570221));
#4622=DIRECTION('',(0.,-0.422618262,-0.906307787));
#4623=DIRECTION('',(0.,0.906307787,-0.422618262));
#4624=AXIS2_PLACEMENT_3D('',#4621,#4622,#4623);
#4625=CYLINDRICAL_SURFACE('',#4624,1.);
#4626=ORIENTED_EDGE('',*,*,#1352,.F.);
#4627=CARTESIAN_POINT('',(75.,1.569685577,1.));
#4628=DIRECTION('',(-0.,0.422618262,0.906307787));
#4629=DIRECTION('',(0.,0.906307787,-0.422618262));
#4630=AXIS2_PLACEMENT_3D('',#4627,#4628,#4629);
#4631=CIRCLE('',#4630,1.);
#4632=EDGE_CURVE('',#1339,#1833,#4631,.T.);
#4633=ORIENTED_EDGE('',*,*,#4632,.T.);
#4634=ORIENTED_EDGE('',*,*,#1838,.F.);
#4635=ORIENTED_EDGE('',*,*,#4616,.T.);
#4636=EDGE_LOOP('',(#4626,#4633,#4634,#4635));
#4637=FACE_BOUND('',#4636,.T.);
#4638=ADVANCED_FACE('',(#4637),#4625,.T.);
#4639=CARTESIAN_POINT('',(-0.,33.278606332,69.));
#4640=DIRECTION('',(-1.,-0.,0.));
#4641=DIRECTION('',(0.,-1.,0.));
#4642=AXIS2_PLACEMENT_3D('',#4639,#4640,#4641);
#4643=CYLINDRICAL_SURFACE('',#4642,1.);
#4644=ORIENTED_EDGE('',*,*,#1390,.F.);
#4645=CARTESIAN_POINT('',(9.,33.278606332,69.));
#4646=DIRECTION('',(-1.,-0.,0.));
#4647=DIRECTION('',(0.,-1.,0.));
#4648=AXIS2_PLACEMENT_3D('',#4645,#4646,#4647);
#4649=CIRCLE('',#4648,1.);
#4650=EDGE_CURVE('',#1379,#311,#4649,.T.);
#4651=ORIENTED_EDGE('',*,*,#4650,.T.);
#4652=ORIENTED_EDGE('',*,*,#356,.F.);
#4653=CARTESIAN_POINT('',(1.,33.278606332,69.));
#4654=DIRECTION('',(1.,0.,-0.));
#4655=DIRECTION('',(0.,-1.,0.));
#4656=AXIS2_PLACEMENT_3D('',#4653,#4654,#4655);
#4657=CIRCLE('',#4656,1.);
#4658=EDGE_CURVE('',#345,#1329,#4657,.T.);
#4659=ORIENTED_EDGE('',*,*,#4658,.T.);
#4660=EDGE_LOOP('',(#4644,#4651,#4652,#4659));
#4661=FACE_BOUND('',#4660,.T.);
#4662=ADVANCED_FACE('',(#4661),#4643,.T.);
#4663=CARTESIAN_POINT('',(1.,0.,69.));
#4664=DIRECTION('',(-0.,1.,0.));
#4665=DIRECTION('',(-1.,-0.,0.));
#4666=AXIS2_PLACEMENT_3D('',#4663,#4664,#4665);
#4667=CYLINDRICAL_SURFACE('',#4666,1.);
#4668=ORIENTED_EDGE('',*,*,#294,.F.);
#4669=CARTESIAN_POINT('',(1.,267.071850494,69.));
#4670=DIRECTION('',(0.,-1.,-0.));
#4671=DIRECTION('',(-1.,-0.,0.));
#4672=AXIS2_PLACEMENT_3D('',#4669,#4670,#4671);
#4673=CIRCLE('',#4672,1.);
#4674=EDGE_CURVE('',#281,#2341,#4673,.T.);
#4675=ORIENTED_EDGE('',*,*,#4674,.T.);
#4676=ORIENTED_EDGE('',*,*,#2370,.F.);
#4677=CARTESIAN_POINT('',(1.,33.278606332,69.));
#4678=DIRECTION('',(0.,-1.,0.));
#4679=DIRECTION('',(0.,0.,-1.));
#4680=AXIS2_PLACEMENT_3D('',#4677,#4678,#4679);
#4681=CIRCLE('',#4680,1.);
#4682=EDGE_CURVE('',#345,#2359,#4681,.T.);
#4683=ORIENTED_EDGE('',*,*,#4682,.F.);
#4684=ORIENTED_EDGE('',*,*,#350,.F.);
#4685=ORIENTED_EDGE('',*,*,#4541,.F.);
#4686=ORIENTED_EDGE('',*,*,#4441,.F.);
#4687=ORIENTED_EDGE('',*,*,#4511,.F.);
#4688=EDGE_LOOP('',(#4668,#4675,#4676,#4683,#4684,#4685,#4686,#4687));
#4689=FACE_BOUND('',#4688,.T.);
#4690=ADVANCED_FACE('',(#4689),#4667,.T.);
#4691=CARTESIAN_POINT('',(1.,33.278606332,69.));
#4692=DIRECTION('',(1.,0.,0.));
#4693=DIRECTION('',(-0.,1.,0.));
#4694=AXIS2_PLACEMENT_3D('',#4691,#4692,#4693);
#4695=SPHERICAL_SURFACE('',#4694,1.);
#4696=ORIENTED_EDGE('',*,*,#4658,.F.);
#4697=ORIENTED_EDGE('',*,*,#4682,.T.);
#4698=CARTESIAN_POINT('',(1.,33.278606332,69.));
#4699=DIRECTION('',(0.,-0.422618262,-0.906307787));
#4700=DIRECTION('',(0.,0.906307787,-0.422618262));
#4701=AXIS2_PLACEMENT_3D('',#4698,#4699,#4700);
#4702=CIRCLE('',#4701,1.);
#4703=EDGE_CURVE('',#1329,#2359,#4702,.T.);
#4704=ORIENTED_EDGE('',*,*,#4703,.F.);
#4705=EDGE_LOOP('',(#4696,#4697,#4704));
#4706=FACE_BOUND('',#4705,.T.);
#4707=ADVANCED_FACE('',(#4706),#4695,.T.);
#4708=CARTESIAN_POINT('',(1.,30.489586109,63.018926831));
#4709=DIRECTION('',(0.,-0.422618262,-0.906307787));
#4710=DIRECTION('',(0.,0.906307787,-0.422618262));
#4711=AXIS2_PLACEMENT_3D('',#4708,#4709,#4710);
#4712=CYLINDRICAL_SURFACE('',#4711,1.);
#4713=ORIENTED_EDGE('',*,*,#2364,.F.);
#4714=CARTESIAN_POINT('',(1.,1.569685577,1.));
#4715=DIRECTION('',(-0.,0.422618262,0.906307787));
#4716=DIRECTION('',(0.,0.906307787,-0.422618262));
#4717=AXIS2_PLACEMENT_3D('',#4714,#4715,#4716);
#4718=CIRCLE('',#4717,1.);
#4719=EDGE_CURVE('',#2351,#1331,#4718,.T.);
#4720=ORIENTED_EDGE('',*,*,#4719,.T.);
#4721=ORIENTED_EDGE('',*,*,#1336,.F.);
#4722=ORIENTED_EDGE('',*,*,#4703,.T.);
#4723=EDGE_LOOP('',(#4713,#4720,#4721,#4722));
#4724=FACE_BOUND('',#4723,.T.);
#4725=ADVANCED_FACE('',(#4724),#4712,.T.);
#4726=CARTESIAN_POINT('',(9.,15.,69.));
#4727=DIRECTION('',(0.,1.,0.));
#4728=DIRECTION('',(0.,-0.,1.));
#4729=AXIS2_PLACEMENT_3D('',#4726,#4727,#4728);
#4730=CYLINDRICAL_SURFACE('',#4729,1.);
#4731=ORIENTED_EDGE('',*,*,#2746,.F.);
#4732=CARTESIAN_POINT('',(9.,34.381984251,69.));
#4733=DIRECTION('',(-0.,-1.,-0.));
#4734=DIRECTION('',(0.,-0.,1.));
#4735=AXIS2_PLACEMENT_3D('',#4732,#4733,#4734);
#4736=CIRCLE('',#4735,1.);
#4737=EDGE_CURVE('',#2733,#313,#4736,.T.);
#4738=ORIENTED_EDGE('',*,*,#4737,.T.);
#4739=ORIENTED_EDGE('',*,*,#318,.F.);
#4740=CARTESIAN_POINT('',(9.,33.278606332,69.));
#4741=DIRECTION('',(0.,-1.,0.));
#4742=DIRECTION('',(0.,0.,-1.));
#4743=AXIS2_PLACEMENT_3D('',#4740,#4741,#4742);
#4744=CIRCLE('',#4743,1.);
#4745=EDGE_CURVE('',#2741,#311,#4744,.T.);
#4746=ORIENTED_EDGE('',*,*,#4745,.F.);
#4747=EDGE_LOOP('',(#4731,#4738,#4739,#4746));
#4748=FACE_BOUND('',#4747,.T.);
#4749=ADVANCED_FACE('',(#4748),#4730,.T.);
#4750=CARTESIAN_POINT('',(9.,33.278606332,69.));
#4751=DIRECTION('',(-1.,0.,-0.));
#4752=DIRECTION('',(-0.,0.,1.));
#4753=AXIS2_PLACEMENT_3D('',#4750,#4751,#4752);
#4754=SPHERICAL_SURFACE('',#4753,1.);
#4755=ORIENTED_EDGE('',*,*,#4745,.T.);
#4756=ORIENTED_EDGE('',*,*,#4650,.F.);
#4757=CARTESIAN_POINT('',(9.,33.278606332,69.));
#4758=DIRECTION('',(0.,-0.422618262,-0.906307787));
#4759=DIRECTION('',(0.,0.906307787,-0.422618262));
#4760=AXIS2_PLACEMENT_3D('',#4757,#4758,#4759);
#4761=CIRCLE('',#4760,1.);
#4762=EDGE_CURVE('',#2741,#1379,#4761,.T.);
#4763=ORIENTED_EDGE('',*,*,#4762,.F.);
#4764=EDGE_LOOP('',(#4755,#4756,#4763));
#4765=FACE_BOUND('',#4764,.T.);
#4766=ADVANCED_FACE('',(#4765),#4754,.T.);
#4767=CARTESIAN_POINT('',(9.,17.948734023,36.124982743));
#4768=DIRECTION('',(0.,-0.422618262,-0.906307787));
#4769=DIRECTION('',(-0.,0.906307787,-0.422618262));
#4770=AXIS2_PLACEMENT_3D('',#4767,#4768,#4769);
#4771=CYLINDRICAL_SURFACE('',#4770,1.);
#4772=ORIENTED_EDGE('',*,*,#4762,.T.);
#4773=ORIENTED_EDGE('',*,*,#1384,.F.);
#4774=CARTESIAN_POINT('',(9.,6.699069817,12.));
#4775=DIRECTION('',(-0.707106781,0.298836239,0.640856382));
#4776=DIRECTION('',(0.707106781,0.298836239,0.640856382));
#4777=AXIS2_PLACEMENT_3D('',#4774,#4775,#4776);
#4778=ELLIPSE('',#4777,1.414213562,1.);
#4779=EDGE_CURVE('',#1371,#2651,#4778,.T.);
#4780=ORIENTED_EDGE('',*,*,#4779,.T.);
#4781=ORIENTED_EDGE('',*,*,#2657,.F.);
#4782=ORIENTED_EDGE('',*,*,#2752,.F.);
#4783=EDGE_LOOP('',(#4772,#4773,#4780,#4781,#4782));
#4784=FACE_BOUND('',#4783,.T.);
#4785=ADVANCED_FACE('',(#4784),#4771,.T.);
#4786=CARTESIAN_POINT('',(67.,17.948734023,36.124982743));
#4787=DIRECTION('',(-0.,0.422618262,0.906307787));
#4788=DIRECTION('',(0.,-0.906307787,0.422618262));
#4789=AXIS2_PLACEMENT_3D('',#4786,#4787,#4788);
#4790=CYLINDRICAL_SURFACE('',#4789,1.);
#4791=ORIENTED_EDGE('',*,*,#2672,.F.);
#4792=CARTESIAN_POINT('',(67.,6.699069817,12.));
#4793=DIRECTION('',(0.707106781,0.298836239,0.640856382));
#4794=DIRECTION('',(0.707106781,-0.298836239,-0.640856382));
#4795=AXIS2_PLACEMENT_3D('',#4792,#4793,#4794);
#4796=ELLIPSE('',#4795,1.414213562,1.);
#4797=EDGE_CURVE('',#2660,#1363,#4796,.T.);
#4798=ORIENTED_EDGE('',*,*,#4797,.T.);
#4799=ORIENTED_EDGE('',*,*,#1368,.F.);
#4800=CARTESIAN_POINT('',(67.,33.278606332,69.));
#4801=DIRECTION('',(0.,0.422618262,0.906307787));
#4802=DIRECTION('',(0.,-0.906307787,0.422618262));
#4803=AXIS2_PLACEMENT_3D('',#4800,#4801,#4802);
#4804=CIRCLE('',#4803,1.);
#4805=EDGE_CURVE('',#2683,#1355,#4804,.T.);
#4806=ORIENTED_EDGE('',*,*,#4805,.F.);
#4807=ORIENTED_EDGE('',*,*,#2712,.F.);
#4808=EDGE_LOOP('',(#4791,#4798,#4799,#4806,#4807));
#4809=FACE_BOUND('',#4808,.T.);
#4810=ADVANCED_FACE('',(#4809),#4790,.T.);
#4811=CARTESIAN_POINT('',(67.,33.278606332,69.));
#4812=DIRECTION('',(1.,0.,0.));
#4813=DIRECTION('',(0.,0.,-1.));
#4814=AXIS2_PLACEMENT_3D('',#4811,#4812,#4813);
#4815=SPHERICAL_SURFACE('',#4814,1.);
#4816=ORIENTED_EDGE('',*,*,#4805,.T.);
#4817=ORIENTED_EDGE('',*,*,#4591,.F.);
#4818=CARTESIAN_POINT('',(67.,33.278606332,69.));
#4819=DIRECTION('',(0.,1.,0.));
#4820=DIRECTION('',(0.,-0.,1.));
#4821=AXIS2_PLACEMENT_3D('',#4818,#4819,#4820);
#4822=CIRCLE('',#4821,1.);
#4823=EDGE_CURVE('',#2683,#257,#4822,.T.);
#4824=ORIENTED_EDGE('',*,*,#4823,.F.);
#4825=EDGE_LOOP('',(#4816,#4817,#4824));
#4826=FACE_BOUND('',#4825,.T.);
#4827=ADVANCED_FACE('',(#4826),#4815,.T.);
#4828=CARTESIAN_POINT('',(67.,0.,69.));
#4829=DIRECTION('',(0.,1.,0.));
#4830=DIRECTION('',(0.,-0.,1.));
#4831=AXIS2_PLACEMENT_3D('',#4828,#4829,#4830);
#4832=CYLINDRICAL_SURFACE('',#4831,1.);
#4833=ORIENTED_EDGE('',*,*,#262,.F.);
#4834=CARTESIAN_POINT('',(67.,34.381984251,69.));
#4835=DIRECTION('',(-0.,-1.,-0.));
#4836=DIRECTION('',(0.,-0.,1.));
#4837=AXIS2_PLACEMENT_3D('',#4834,#4835,#4836);
#4838=CIRCLE('',#4837,1.);
#4839=EDGE_CURVE('',#249,#2685,#4838,.T.);
#4840=ORIENTED_EDGE('',*,*,#4839,.T.);
#4841=ORIENTED_EDGE('',*,*,#2690,.F.);
#4842=ORIENTED_EDGE('',*,*,#4823,.T.);
#4843=EDGE_LOOP('',(#4833,#4840,#4841,#4842));
#4844=FACE_BOUND('',#4843,.T.);
#4845=ADVANCED_FACE('',(#4844),#4832,.T.);
#4846=CARTESIAN_POINT('',(38.,6.699069817,12.));
#4847=DIRECTION('',(1.,0.,0.));
#4848=DIRECTION('',(-0.,1.,0.));
#4849=AXIS2_PLACEMENT_3D('',#4846,#4847,#4848);
#4850=CYLINDRICAL_SURFACE('',#4849,1.);
#4851=ORIENTED_EDGE('',*,*,#4779,.F.);
#4852=ORIENTED_EDGE('',*,*,#1376,.F.);
#4853=ORIENTED_EDGE('',*,*,#4797,.F.);
#4854=ORIENTED_EDGE('',*,*,#2665,.F.);
#4855=EDGE_LOOP('',(#4851,#4852,#4853,#4854));
#4856=FACE_BOUND('',#4855,.T.);
#4857=ADVANCED_FACE('',(#4856),#4850,.T.);
#4858=CARTESIAN_POINT('',(75.,264.676970535,63.864163354));
#4859=DIRECTION('',(0.,-0.422618262,-0.906307787));
#4860=DIRECTION('',(0.,0.906307787,-0.422618262));
#4861=AXIS2_PLACEMENT_3D('',#4858,#4859,#4860);
#4862=CYLINDRICAL_SURFACE('',#4861,1.);
#4863=ORIENTED_EDGE('',*,*,#1854,.F.);
#4864=CARTESIAN_POINT('',(75.,235.362929739,1.));
#4865=DIRECTION('',(-0.,0.422618262,0.906307787));
#4866=DIRECTION('',(0.,0.906307787,-0.422618262));
#4867=AXIS2_PLACEMENT_3D('',#4864,#4865,#4866);
#4868=CIRCLE('',#4867,1.);
#4869=EDGE_CURVE('',#1841,#1873,#4868,.T.);
#4870=ORIENTED_EDGE('',*,*,#4869,.T.);
#4871=ORIENTED_EDGE('',*,*,#1878,.F.);
#4872=CARTESIAN_POINT('',(75.,267.071850494,69.));
#4873=DIRECTION('',(0.,0.422618262,0.906307787));
#4874=DIRECTION('',(0.,-0.906307787,0.422618262));
#4875=AXIS2_PLACEMENT_3D('',#4872,#4873,#4874);
#4876=CIRCLE('',#4875,1.);
#4877=EDGE_CURVE('',#1849,#1871,#4876,.T.);
#4878=ORIENTED_EDGE('',*,*,#4877,.F.);
#4879=EDGE_LOOP('',(#4863,#4870,#4871,#4878));
#4880=FACE_BOUND('',#4879,.T.);
#4881=ADVANCED_FACE('',(#4880),#4862,.T.);
#4882=CARTESIAN_POINT('',(75.,267.071850494,69.));
#4883=DIRECTION('',(0.,-0.906307787,0.422618262));
#4884=DIRECTION('',(0.,-0.422618262,-0.906307787));
#4885=AXIS2_PLACEMENT_3D('',#4882,#4883,#4884);
#4886=SPHERICAL_SURFACE('',#4885,1.);
#4887=ORIENTED_EDGE('',*,*,#4567,.F.);
#4888=ORIENTED_EDGE('',*,*,#4877,.T.);
#4889=CARTESIAN_POINT('',(75.,267.071850494,69.));
#4890=DIRECTION('',(-1.,0.,0.));
#4891=DIRECTION('',(0.,0.,1.));
#4892=AXIS2_PLACEMENT_3D('',#4889,#4890,#4891);
#4893=CIRCLE('',#4892,1.);
#4894=EDGE_CURVE('',#273,#1871,#4893,.T.);
#4895=ORIENTED_EDGE('',*,*,#4894,.F.);
#4896=EDGE_LOOP('',(#4887,#4888,#4895));
#4897=FACE_BOUND('',#4896,.T.);
#4898=ADVANCED_FACE('',(#4897),#4886,.T.);
#4899=CARTESIAN_POINT('',(0.,267.071850494,69.));
#4900=DIRECTION('',(1.,0.,0.));
#4901=DIRECTION('',(0.,0.,-1.));
#4902=AXIS2_PLACEMENT_3D('',#4899,#4900,#4901);
#4903=CYLINDRICAL_SURFACE('',#4902,1.);
#4904=CARTESIAN_POINT('',(1.,267.071850494,69.));
#4905=DIRECTION('',(-1.,0.,0.));
#4906=DIRECTION('',(0.,0.,1.));
#4907=AXIS2_PLACEMENT_3D('',#4904,#4905,#4906);
#4908=CIRCLE('',#4907,1.);
#4909=EDGE_CURVE('',#281,#1889,#4908,.T.);
#4910=ORIENTED_EDGE('',*,*,#4909,.F.);
#4911=ORIENTED_EDGE('',*,*,#286,.F.);
#4912=ORIENTED_EDGE('',*,*,#4894,.T.);
#4913=ORIENTED_EDGE('',*,*,#1900,.F.);
#4914=EDGE_LOOP('',(#4910,#4911,#4912,#4913));
#4915=FACE_BOUND('',#4914,.T.);
#4916=ADVANCED_FACE('',(#4915),#4903,.T.);
#4917=CARTESIAN_POINT('',(1.,267.071850494,69.));
#4918=DIRECTION('',(0.,-0.906307787,0.422618262));
#4919=DIRECTION('',(0.,-0.422618262,-0.906307787));
#4920=AXIS2_PLACEMENT_3D('',#4917,#4918,#4919);
#4921=SPHERICAL_SURFACE('',#4920,1.);
#4922=ORIENTED_EDGE('',*,*,#4674,.F.);
#4923=ORIENTED_EDGE('',*,*,#4909,.T.);
#4924=CARTESIAN_POINT('',(1.,267.071850494,69.));
#4925=DIRECTION('',(-0.,-0.422618262,-0.906307787));
#4926=DIRECTION('',(0.,0.906307787,-0.422618262));
#4927=AXIS2_PLACEMENT_3D('',#4924,#4925,#4926);
#4928=CIRCLE('',#4927,1.);
#4929=EDGE_CURVE('',#2341,#1889,#4928,.T.);
#4930=ORIENTED_EDGE('',*,*,#4929,.F.);
#4931=EDGE_LOOP('',(#4922,#4923,#4930));
#4932=FACE_BOUND('',#4931,.T.);
#4933=ADVANCED_FACE('',(#4932),#4921,.T.);
#4934=CARTESIAN_POINT('',(1.,240.829716694,12.723562457));
#4935=DIRECTION('',(0.,-0.422618262,-0.906307787));
#4936=DIRECTION('',(0.,0.906307787,-0.422618262));
#4937=AXIS2_PLACEMENT_3D('',#4934,#4935,#4936);
#4938=CYLINDRICAL_SURFACE('',#4937,1.);
#4939=ORIENTED_EDGE('',*,*,#1894,.F.);
#4940=CARTESIAN_POINT('',(1.,235.362929739,1.));
#4941=DIRECTION('',(-0.,0.422618262,0.906307787));
#4942=DIRECTION('',(0.,0.906307787,-0.422618262));
#4943=AXIS2_PLACEMENT_3D('',#4940,#4941,#4942);
#4944=CIRCLE('',#4943,1.);
#4945=EDGE_CURVE('',#1881,#2343,#4944,.T.);
#4946=ORIENTED_EDGE('',*,*,#4945,.T.);
#4947=ORIENTED_EDGE('',*,*,#2348,.F.);
#4948=ORIENTED_EDGE('',*,*,#4929,.T.);
#4949=EDGE_LOOP('',(#4939,#4946,#4947,#4948));
#4950=FACE_BOUND('',#4949,.T.);
#4951=ADVANCED_FACE('',(#4950),#4938,.T.);
#4952=CARTESIAN_POINT('',(75.,235.362929739,1.));
#4953=DIRECTION('',(0.,0.,1.));
#4954=DIRECTION('',(1.,0.,-0.));
#4955=AXIS2_PLACEMENT_3D('',#4952,#4953,#4954);
#4956=SPHERICAL_SURFACE('',#4955,1.);
#4957=CARTESIAN_POINT('',(75.,235.362929739,1.));
#4958=DIRECTION('',(-1.,0.,0.));
#4959=DIRECTION('',(0.,0.,1.));
#4960=AXIS2_PLACEMENT_3D('',#4957,#4958,#4959);
#4961=CIRCLE('',#4960,1.);
#4962=EDGE_CURVE('',#1873,#2399,#4961,.T.);
#4963=ORIENTED_EDGE('',*,*,#4962,.F.);
#4964=ORIENTED_EDGE('',*,*,#4869,.F.);
#4965=CARTESIAN_POINT('',(75.,235.362929739,1.));
#4966=DIRECTION('',(0.,-1.,0.));
#4967=DIRECTION('',(0.,0.,-1.));
#4968=AXIS2_PLACEMENT_3D('',#4965,#4966,#4967);
#4969=CIRCLE('',#4968,1.);
#4970=EDGE_CURVE('',#2399,#1841,#4969,.T.);
#4971=ORIENTED_EDGE('',*,*,#4970,.F.);
#4972=EDGE_LOOP('',(#4963,#4964,#4971));
#4973=FACE_BOUND('',#4972,.T.);
#4974=ADVANCED_FACE('',(#4973),#4956,.T.);
#4975=CARTESIAN_POINT('',(75.,118.,1.));
#4976=DIRECTION('',(-0.,1.,0.));
#4977=DIRECTION('',(-1.,-0.,0.));
#4978=AXIS2_PLACEMENT_3D('',#4975,#4976,#4977);
#4979=CYLINDRICAL_SURFACE('',#4978,1.);
#4980=ORIENTED_EDGE('',*,*,#4970,.T.);
#4981=ORIENTED_EDGE('',*,*,#1846,.F.);
#4982=CARTESIAN_POINT('',(75.,1.569685577,1.));
#4983=DIRECTION('',(0.,-1.,0.));
#4984=DIRECTION('',(1.,0.,0.));
#4985=AXIS2_PLACEMENT_3D('',#4982,#4983,#4984);
#4986=CIRCLE('',#4985,1.);
#4987=EDGE_CURVE('',#2381,#1833,#4986,.T.);
#4988=ORIENTED_EDGE('',*,*,#4987,.F.);
#4989=ORIENTED_EDGE('',*,*,#2410,.F.);
#4990=EDGE_LOOP('',(#4980,#4981,#4988,#4989));
#4991=FACE_BOUND('',#4990,.T.);
#4992=ADVANCED_FACE('',(#4991),#4979,.T.);
#4993=CARTESIAN_POINT('',(38.,235.362929739,1.));
#4994=DIRECTION('',(-1.,0.,0.));
#4995=DIRECTION('',(0.,0.,1.));
#4996=AXIS2_PLACEMENT_3D('',#4993,#4994,#4995);
#4997=CYLINDRICAL_SURFACE('',#4996,1.);
#4998=ORIENTED_EDGE('',*,*,#4962,.T.);
#4999=ORIENTED_EDGE('',*,*,#2404,.F.);
#5000=CARTESIAN_POINT('',(1.,235.362929739,1.));
#5001=DIRECTION('',(-1.,-0.,-0.));
#5002=DIRECTION('',(-0.,0.,1.));
#5003=AXIS2_PLACEMENT_3D('',#5000,#5001,#5002);
#5004=CIRCLE('',#5003,1.);
#5005=EDGE_CURVE('',#1881,#2391,#5004,.T.);
#5006=ORIENTED_EDGE('',*,*,#5005,.F.);
#5007=ORIENTED_EDGE('',*,*,#1886,.F.);
#5008=EDGE_LOOP('',(#4998,#4999,#5006,#5007));
#5009=FACE_BOUND('',#5008,.T.);
#5010=ADVANCED_FACE('',(#5009),#4997,.T.);
#5011=CARTESIAN_POINT('',(75.,1.569685577,1.));
#5012=DIRECTION('',(0.,0.,1.));
#5013=DIRECTION('',(1.,0.,-0.));
#5014=AXIS2_PLACEMENT_3D('',#5011,#5012,#5013);
#5015=SPHERICAL_SURFACE('',#5014,1.);
#5016=ORIENTED_EDGE('',*,*,#4987,.T.);
#5017=ORIENTED_EDGE('',*,*,#4632,.F.);
#5018=CARTESIAN_POINT('',(75.,1.569685577,1.));
#5019=DIRECTION('',(-1.,0.,0.));
#5020=DIRECTION('',(-0.,-1.,0.));
#5021=AXIS2_PLACEMENT_3D('',#5018,#5019,#5020);
#5022=CIRCLE('',#5021,1.);
#5023=EDGE_CURVE('',#2381,#1339,#5022,.T.);
#5024=ORIENTED_EDGE('',*,*,#5023,.F.);
#5025=EDGE_LOOP('',(#5016,#5017,#5024));
#5026=FACE_BOUND('',#5025,.T.);
#5027=ADVANCED_FACE('',(#5026),#5015,.T.);
#5028=CARTESIAN_POINT('',(1.,235.362929739,1.));
#5029=DIRECTION('',(0.,0.,1.));
#5030=DIRECTION('',(1.,0.,-0.));
#5031=AXIS2_PLACEMENT_3D('',#5028,#5029,#5030);
#5032=SPHERICAL_SURFACE('',#5031,1.);
#5033=ORIENTED_EDGE('',*,*,#4945,.F.);
#5034=ORIENTED_EDGE('',*,*,#5005,.T.);
#5035=CARTESIAN_POINT('',(1.,235.362929739,1.));
#5036=DIRECTION('',(0.,-1.,0.));
#5037=DIRECTION('',(0.,0.,-1.));
#5038=AXIS2_PLACEMENT_3D('',#5035,#5036,#5037);
#5039=CIRCLE('',#5038,1.);
#5040=EDGE_CURVE('',#2343,#2391,#5039,.T.);
#5041=ORIENTED_EDGE('',*,*,#5040,.F.);
#5042=EDGE_LOOP('',(#5033,#5034,#5041));
#5043=FACE_BOUND('',#5042,.T.);
#5044=ADVANCED_FACE('',(#5043),#5032,.T.);
#5045=CARTESIAN_POINT('',(38.,1.569685577,1.));
#5046=DIRECTION('',(1.,0.,0.));
#5047=DIRECTION('',(-0.,1.,0.));
#5048=AXIS2_PLACEMENT_3D('',#5045,#5046,#5047);
#5049=CYLINDRICAL_SURFACE('',#5048,1.);
#5050=ORIENTED_EDGE('',*,*,#5023,.T.);
#5051=ORIENTED_EDGE('',*,*,#1344,.F.);
#5052=CARTESIAN_POINT('',(1.,1.569685577,1.));
#5053=DIRECTION('',(-1.,0.,0.));
#5054=DIRECTION('',(-0.,-1.,0.));
#5055=AXIS2_PLACEMENT_3D('',#5052,#5053,#5054);
#5056=CIRCLE('',#5055,1.);
#5057=EDGE_CURVE('',#2383,#1331,#5056,.T.);
#5058=ORIENTED_EDGE('',*,*,#5057,.F.);
#5059=ORIENTED_EDGE('',*,*,#2388,.F.);
#5060=EDGE_LOOP('',(#5050,#5051,#5058,#5059));
#5061=FACE_BOUND('',#5060,.T.);
#5062=ADVANCED_FACE('',(#5061),#5049,.T.);
#5063=CARTESIAN_POINT('',(1.,118.,1.));
#5064=DIRECTION('',(0.,-1.,0.));
#5065=DIRECTION('',(1.,0.,0.));
#5066=AXIS2_PLACEMENT_3D('',#5063,#5064,#5065);
#5067=CYLINDRICAL_SURFACE('',#5066,1.);
#5068=ORIENTED_EDGE('',*,*,#5040,.T.);
#5069=ORIENTED_EDGE('',*,*,#2396,.F.);
#5070=CARTESIAN_POINT('',(1.,1.569685577,1.));
#5071=DIRECTION('',(0.,-1.,0.));
#5072=DIRECTION('',(0.,-0.,-1.));
#5073=AXIS2_PLACEMENT_3D('',#5070,#5071,#5072);
#5074=CIRCLE('',#5073,1.);
#5075=EDGE_CURVE('',#2351,#2383,#5074,.T.);
#5076=ORIENTED_EDGE('',*,*,#5075,.F.);
#5077=ORIENTED_EDGE('',*,*,#2356,.F.);
#5078=EDGE_LOOP('',(#5068,#5069,#5076,#5077));
#5079=FACE_BOUND('',#5078,.T.);
#5080=ADVANCED_FACE('',(#5079),#5067,.T.);
#5081=CARTESIAN_POINT('',(1.,1.569685577,1.));
#5082=DIRECTION('',(0.,0.,1.));
#5083=DIRECTION('',(1.,0.,-0.));
#5084=AXIS2_PLACEMENT_3D('',#5081,#5082,#5083);
#5085=SPHERICAL_SURFACE('',#5084,1.);
#5086=ORIENTED_EDGE('',*,*,#5057,.T.);
#5087=ORIENTED_EDGE('',*,*,#4719,.F.);
#5088=ORIENTED_EDGE('',*,*,#5075,.T.);
#5089=EDGE_LOOP('',(#5086,#5087,#5088));
#5090=FACE_BOUND('',#5089,.T.);
#5091=ADVANCED_FACE('',(#5090),#5085,.T.);
#5092=CARTESIAN_POINT('',(2.,118.,69.));
#5093=DIRECTION('',(0.,-1.,0.));
#5094=DIRECTION('',(1.,0.,0.));
#5095=AXIS2_PLACEMENT_3D('',#5092,#5093,#5094);
#5096=CYLINDRICAL_SURFACE('',#5095,1.);
#5097=ORIENTED_EDGE('',*,*,#2554,.F.);
#5098=CARTESIAN_POINT('',(2.,265.968472575,69.));
#5099=DIRECTION('',(-0.707106781,-0.707106781,0.));
#5100=DIRECTION('',(-0.707106781,0.707106781,0.));
#5101=AXIS2_PLACEMENT_3D('',#5098,#5099,#5100);
#5102=ELLIPSE('',#5101,1.414213562,1.);
#5103=EDGE_CURVE('',#2542,#193,#5102,.T.);
#5104=ORIENTED_EDGE('',*,*,#5103,.T.);
#5105=ORIENTED_EDGE('',*,*,#198,.F.);
#5106=ORIENTED_EDGE('',*,*,#4503,.F.);
#5107=ORIENTED_EDGE('',*,*,#1282,.F.);
#5108=EDGE_LOOP('',(#5097,#5104,#5105,#5106,#5107));
#5109=FACE_BOUND('',#5108,.T.);
#5110=ADVANCED_FACE('',(#5109),#5096,.T.);
#5111=CARTESIAN_POINT('',(2.,118.,69.));
#5112=DIRECTION('',(0.,-1.,0.));
#5113=DIRECTION('',(1.,0.,0.));
#5114=AXIS2_PLACEMENT_3D('',#5111,#5112,#5113);
#5115=CYLINDRICAL_SURFACE('',#5114,1.);
#5116=ORIENTED_EDGE('',*,*,#4549,.F.);
#5117=ORIENTED_EDGE('',*,*,#334,.F.);
#5118=CARTESIAN_POINT('',(2.,34.381984251,69.));
#5119=DIRECTION('',(-0.707106781,0.707106781,-0.));
#5120=DIRECTION('',(0.707106781,0.707106781,0.));
#5121=AXIS2_PLACEMENT_3D('',#5118,#5119,#5120);
#5122=ELLIPSE('',#5121,1.414213562,1.);
#5123=EDGE_CURVE('',#321,#2578,#5122,.T.);
#5124=ORIENTED_EDGE('',*,*,#5123,.T.);
#5125=ORIENTED_EDGE('',*,*,#2583,.F.);
#5126=EDGE_LOOP('',(#5116,#5117,#5124,#5125));
#5127=FACE_BOUND('',#5126,.T.);
#5128=ADVANCED_FACE('',(#5127),#5115,.T.);
#5129=CARTESIAN_POINT('',(38.,34.381984251,69.));
#5130=DIRECTION('',(1.,0.,0.));
#5131=DIRECTION('',(-0.,1.,0.));
#5132=AXIS2_PLACEMENT_3D('',#5129,#5130,#5131);
#5133=CYLINDRICAL_SURFACE('',#5132,1.);
#5134=CARTESIAN_POINT('',(9.,35.381984251,69.));
#5135=VERTEX_POINT('',#5134);
#5136=CARTESIAN_POINT('',(9.,35.381984251,69.));
#5137=DIRECTION('',(-1.,-0.,-0.));
#5138=VECTOR('',#5137,6.);
#5139=LINE('',#5136,#5138);
#5140=EDGE_CURVE('',#5135,#2578,#5139,.T.);
#5141=ORIENTED_EDGE('',*,*,#5140,.T.);
#5142=ORIENTED_EDGE('',*,*,#5123,.F.);
#5143=ORIENTED_EDGE('',*,*,#326,.F.);
#5144=CARTESIAN_POINT('',(9.,34.381984251,69.));
#5145=DIRECTION('',(1.,0.,0.));
#5146=DIRECTION('',(0.,0.,-1.));
#5147=AXIS2_PLACEMENT_3D('',#5144,#5145,#5146);
#5148=CIRCLE('',#5147,1.);
#5149=EDGE_CURVE('',#5135,#313,#5148,.T.);
#5150=ORIENTED_EDGE('',*,*,#5149,.F.);
#5151=EDGE_LOOP('',(#5141,#5142,#5143,#5150));
#5152=FACE_BOUND('',#5151,.T.);
#5153=ADVANCED_FACE('',(#5152),#5133,.T.);
#5154=CARTESIAN_POINT('',(9.,34.381984251,69.));
#5155=DIRECTION('',(-0.,0.906307787,-0.422618262));
#5156=DIRECTION('',(0.,0.422618262,0.906307787));
#5157=AXIS2_PLACEMENT_3D('',#5154,#5155,#5156);
#5158=SPHERICAL_SURFACE('',#5157,1.);
#5159=CARTESIAN_POINT('',(9.,34.381984251,69.));
#5160=DIRECTION('',(1.,0.,0.));
#5161=DIRECTION('',(0.,0.,-1.));
#5162=AXIS2_PLACEMENT_3D('',#5159,#5160,#5161);
#5163=CIRCLE('',#5162,1.);
#5164=EDGE_CURVE('',#2421,#5135,#5163,.T.);
#5165=ORIENTED_EDGE('',*,*,#5164,.T.);
#5166=ORIENTED_EDGE('',*,*,#5149,.T.);
#5167=ORIENTED_EDGE('',*,*,#4737,.F.);
#5168=CARTESIAN_POINT('',(9.,34.381984251,69.));
#5169=DIRECTION('',(0.,-0.422618262,-0.906307787));
#5170=DIRECTION('',(0.,0.906307787,-0.422618262));
#5171=AXIS2_PLACEMENT_3D('',#5168,#5169,#5170);
#5172=CIRCLE('',#5171,1.);
#5173=EDGE_CURVE('',#2421,#2733,#5172,.T.);
#5174=ORIENTED_EDGE('',*,*,#5173,.F.);
#5175=EDGE_LOOP('',(#5165,#5166,#5167,#5174));
#5176=FACE_BOUND('',#5175,.T.);
#5177=ADVANCED_FACE('',(#5176),#5158,.T.);
#5178=CARTESIAN_POINT('',(9.,18.85504181,35.702364482));
#5179=DIRECTION('',(0.,-0.422618262,-0.906307787));
#5180=DIRECTION('',(-0.,0.906307787,-0.422618262));
#5181=AXIS2_PLACEMENT_3D('',#5178,#5179,#5180);
#5182=CYLINDRICAL_SURFACE('',#5181,1.);
#5183=ORIENTED_EDGE('',*,*,#2738,.F.);
#5184=CARTESIAN_POINT('',(9.422618262,8.802447736,12.));
#5185=VERTEX_POINT('',#5184);
#5186=CARTESIAN_POINT('',(9.,7.802447736,12.));
#5187=DIRECTION('',(-0.707106781,0.298836239,0.640856382));
#5188=DIRECTION('',(0.707106781,0.298836239,0.640856382));
#5189=AXIS2_PLACEMENT_3D('',#5186,#5187,#5188);
#5190=ELLIPSE('',#5189,1.414213562,1.);
#5191=EDGE_CURVE('',#2724,#5185,#5190,.T.);
#5192=ORIENTED_EDGE('',*,*,#5191,.T.);
#5193=CARTESIAN_POINT('',(9.,7.802447736,12.));
#5194=DIRECTION('',(-0.707106781,0.298836239,0.640856382));
#5195=DIRECTION('',(0.707106781,0.298836239,0.640856382));
#5196=AXIS2_PLACEMENT_3D('',#5193,#5194,#5195);
#5197=ELLIPSE('',#5196,1.414213562,1.);
#5198=EDGE_CURVE('',#5185,#2423,#5197,.T.);
#5199=ORIENTED_EDGE('',*,*,#5198,.T.);
#5200=ORIENTED_EDGE('',*,*,#2428,.F.);
#5201=ORIENTED_EDGE('',*,*,#5173,.T.);
#5202=EDGE_LOOP('',(#5183,#5192,#5199,#5200,#5201));
#5203=FACE_BOUND('',#5202,.T.);
#5204=ADVANCED_FACE('',(#5203),#5182,.T.);
#5205=CARTESIAN_POINT('',(38.,34.381984251,69.));
#5206=DIRECTION('',(1.,0.,0.));
#5207=DIRECTION('',(-0.,1.,0.));
#5208=AXIS2_PLACEMENT_3D('',#5205,#5206,#5207);
#5209=CYLINDRICAL_SURFACE('',#5208,1.);
#5210=CARTESIAN_POINT('',(67.,35.381984251,69.));
#5211=VERTEX_POINT('',#5210);
#5212=CARTESIAN_POINT('',(73.,35.381984251,69.));
#5213=DIRECTION('',(-1.,-0.,-0.));
#5214=VECTOR('',#5213,6.);
#5215=LINE('',#5212,#5214);
#5216=EDGE_CURVE('',#2493,#5211,#5215,.T.);
#5217=ORIENTED_EDGE('',*,*,#5216,.T.);
#5218=CARTESIAN_POINT('',(67.,34.381984251,69.));
#5219=DIRECTION('',(-1.,0.,0.));
#5220=DIRECTION('',(0.,0.,1.));
#5221=AXIS2_PLACEMENT_3D('',#5218,#5219,#5220);
#5222=CIRCLE('',#5221,1.);
#5223=EDGE_CURVE('',#249,#5211,#5222,.T.);
#5224=ORIENTED_EDGE('',*,*,#5223,.F.);
#5225=ORIENTED_EDGE('',*,*,#254,.F.);
#5226=CARTESIAN_POINT('',(74.,34.381984251,69.));
#5227=DIRECTION('',(-0.707106781,-0.707106781,-0.));
#5228=DIRECTION('',(-0.707106781,0.707106781,0.));
#5229=AXIS2_PLACEMENT_3D('',#5226,#5227,#5228);
#5230=ELLIPSE('',#5229,1.414213562,1.);
#5231=EDGE_CURVE('',#241,#2493,#5230,.T.);
#5232=ORIENTED_EDGE('',*,*,#5231,.T.);
#5233=EDGE_LOOP('',(#5217,#5224,#5225,#5232));
#5234=FACE_BOUND('',#5233,.T.);
#5235=ADVANCED_FACE('',(#5234),#5209,.T.);
#5236=CARTESIAN_POINT('',(67.,34.381984251,69.));
#5237=DIRECTION('',(-0.,0.906307787,-0.422618262));
#5238=DIRECTION('',(0.,0.422618262,0.906307787));
#5239=AXIS2_PLACEMENT_3D('',#5236,#5237,#5238);
#5240=SPHERICAL_SURFACE('',#5239,1.);
#5241=ORIENTED_EDGE('',*,*,#4839,.F.);
#5242=ORIENTED_EDGE('',*,*,#5223,.T.);
#5243=CARTESIAN_POINT('',(67.,34.381984251,69.));
#5244=DIRECTION('',(-1.,0.,0.));
#5245=DIRECTION('',(0.,0.,1.));
#5246=AXIS2_PLACEMENT_3D('',#5243,#5244,#5245);
#5247=CIRCLE('',#5246,1.);
#5248=EDGE_CURVE('',#5211,#2439,#5247,.T.);
#5249=ORIENTED_EDGE('',*,*,#5248,.T.);
#5250=CARTESIAN_POINT('',(67.,34.381984251,69.));
#5251=DIRECTION('',(0.,-0.422618262,-0.906307787));
#5252=DIRECTION('',(0.,0.906307787,-0.422618262));
#5253=AXIS2_PLACEMENT_3D('',#5250,#5251,#5252);
#5254=CIRCLE('',#5253,1.);
#5255=EDGE_CURVE('',#2685,#2439,#5254,.T.);
#5256=ORIENTED_EDGE('',*,*,#5255,.F.);
#5257=EDGE_LOOP('',(#5241,#5242,#5249,#5256));
#5258=FACE_BOUND('',#5257,.T.);
#5259=ADVANCED_FACE('',(#5258),#5240,.T.);
#5260=CARTESIAN_POINT('',(67.,18.85504181,35.702364482));
#5261=DIRECTION('',(-0.,0.422618262,0.906307787));
#5262=DIRECTION('',(0.,-0.906307787,0.422618262));
#5263=AXIS2_PLACEMENT_3D('',#5260,#5261,#5262);
#5264=CYLINDRICAL_SURFACE('',#5263,1.);
#5265=ORIENTED_EDGE('',*,*,#5255,.T.);
#5266=ORIENTED_EDGE('',*,*,#2444,.F.);
#5267=CARTESIAN_POINT('',(66.577381738,8.802447736,12.));
#5268=VERTEX_POINT('',#5267);
#5269=CARTESIAN_POINT('',(67.,7.802447736,12.));
#5270=DIRECTION('',(0.707106781,0.298836239,0.640856382));
#5271=DIRECTION('',(0.707106781,-0.298836239,-0.640856382));
#5272=AXIS2_PLACEMENT_3D('',#5269,#5270,#5271);
#5273=ELLIPSE('',#5272,1.414213562,1.);
#5274=EDGE_CURVE('',#2431,#5268,#5273,.T.);
#5275=ORIENTED_EDGE('',*,*,#5274,.T.);
#5276=CARTESIAN_POINT('',(67.,7.802447736,12.));
#5277=DIRECTION('',(0.707106781,0.298836239,0.640856382));
#5278=DIRECTION('',(0.707106781,-0.298836239,-0.640856382));
#5279=AXIS2_PLACEMENT_3D('',#5276,#5277,#5278);
#5280=ELLIPSE('',#5279,1.414213562,1.);
#5281=EDGE_CURVE('',#5268,#2693,#5280,.T.);
#5282=ORIENTED_EDGE('',*,*,#5281,.T.);
#5283=ORIENTED_EDGE('',*,*,#2698,.F.);
#5284=EDGE_LOOP('',(#5265,#5266,#5275,#5282,#5283));
#5285=FACE_BOUND('',#5284,.T.);
#5286=ADVANCED_FACE('',(#5285),#5264,.T.);
#5287=CARTESIAN_POINT('',(74.,118.,69.));
#5288=DIRECTION('',(-0.,1.,0.));
#5289=DIRECTION('',(-1.,-0.,0.));
#5290=AXIS2_PLACEMENT_3D('',#5287,#5288,#5289);
#5291=CYLINDRICAL_SURFACE('',#5290,1.);
#5292=ORIENTED_EDGE('',*,*,#5231,.F.);
#5293=ORIENTED_EDGE('',*,*,#246,.F.);
#5294=ORIENTED_EDGE('',*,*,#4530,.F.);
#5295=ORIENTED_EDGE('',*,*,#2507,.F.);
#5296=EDGE_LOOP('',(#5292,#5293,#5294,#5295));
#5297=FACE_BOUND('',#5296,.T.);
#5298=ADVANCED_FACE('',(#5297),#5291,.T.);
#5299=CARTESIAN_POINT('',(74.,118.,69.));
#5300=DIRECTION('',(-0.,1.,0.));
#5301=DIRECTION('',(-1.,-0.,0.));
#5302=AXIS2_PLACEMENT_3D('',#5299,#5300,#5301);
#5303=CYLINDRICAL_SURFACE('',#5302,1.);
#5304=ORIENTED_EDGE('',*,*,#4493,.F.);
#5305=ORIENTED_EDGE('',*,*,#214,.F.);
#5306=CARTESIAN_POINT('',(74.,265.968472575,69.));
#5307=DIRECTION('',(0.707106781,-0.707106781,-0.));
#5308=DIRECTION('',(-0.707106781,-0.707106781,0.));
#5309=AXIS2_PLACEMENT_3D('',#5306,#5307,#5308);
#5310=ELLIPSE('',#5309,1.414213562,1.);
#5311=EDGE_CURVE('',#201,#2533,#5310,.T.);
#5312=ORIENTED_EDGE('',*,*,#5311,.T.);
#5313=ORIENTED_EDGE('',*,*,#2539,.F.);
#5314=ORIENTED_EDGE('',*,*,#812,.F.);
#5315=EDGE_LOOP('',(#5304,#5305,#5312,#5313,#5314));
#5316=FACE_BOUND('',#5315,.T.);
#5317=ADVANCED_FACE('',(#5316),#5303,.T.);
#5318=CARTESIAN_POINT('',(38.,265.968472575,69.));
#5319=DIRECTION('',(-1.,0.,0.));
#5320=DIRECTION('',(0.,0.,1.));
#5321=AXIS2_PLACEMENT_3D('',#5318,#5319,#5320);
#5322=CYLINDRICAL_SURFACE('',#5321,1.);
#5323=ORIENTED_EDGE('',*,*,#5311,.F.);
#5324=ORIENTED_EDGE('',*,*,#206,.F.);
#5325=ORIENTED_EDGE('',*,*,#5103,.F.);
#5326=ORIENTED_EDGE('',*,*,#2547,.F.);
#5327=EDGE_LOOP('',(#5323,#5324,#5325,#5326));
#5328=FACE_BOUND('',#5327,.T.);
#5329=ADVANCED_FACE('',(#5328),#5322,.T.);
#5330=CARTESIAN_POINT('',(38.,7.802447736,12.));
#5331=DIRECTION('',(1.,0.,0.));
#5332=DIRECTION('',(-0.,1.,0.));
#5333=AXIS2_PLACEMENT_3D('',#5330,#5331,#5332);
#5334=CYLINDRICAL_SURFACE('',#5333,1.);
#5335=CARTESIAN_POINT('',(66.577381738,8.802447736,12.));
#5336=DIRECTION('',(-1.,-0.,-0.));
#5337=VECTOR('',#5336,57.154763477);
#5338=LINE('',#5335,#5337);
#5339=EDGE_CURVE('',#5268,#5185,#5338,.T.);
#5340=ORIENTED_EDGE('',*,*,#5339,.T.);
#5341=ORIENTED_EDGE('',*,*,#5191,.F.);
#5342=ORIENTED_EDGE('',*,*,#2730,.F.);
#5343=ORIENTED_EDGE('',*,*,#2640,.F.);
#5344=ORIENTED_EDGE('',*,*,#2705,.F.);
#5345=ORIENTED_EDGE('',*,*,#5281,.F.);
#5346=EDGE_LOOP('',(#5340,#5341,#5342,#5343,#5344,#5345));
#5347=FACE_BOUND('',#5346,.T.);
#5348=ADVANCED_FACE('',(#5347),#5334,.T.);
#5349=CARTESIAN_POINT('',(38.,34.381984251,69.));
#5350=DIRECTION('',(1.,0.,0.));
#5351=DIRECTION('',(-0.,1.,0.));
#5352=AXIS2_PLACEMENT_3D('',#5349,#5350,#5351);
#5353=CYLINDRICAL_SURFACE('',#5352,1.);
#5354=ORIENTED_EDGE('',*,*,#5140,.F.);
#5355=ORIENTED_EDGE('',*,*,#5164,.F.);
#5356=ORIENTED_EDGE('',*,*,#2482,.F.);
#5357=ORIENTED_EDGE('',*,*,#2590,.F.);
#5358=EDGE_LOOP('',(#5354,#5355,#5356,#5357));
#5359=FACE_BOUND('',#5358,.T.);
#5360=ADVANCED_FACE('',(#5359),#5353,.T.);
#5361=CARTESIAN_POINT('',(38.,34.381984251,69.));
#5362=DIRECTION('',(1.,0.,0.));
#5363=DIRECTION('',(-0.,1.,0.));
#5364=AXIS2_PLACEMENT_3D('',#5361,#5362,#5363);
#5365=CYLINDRICAL_SURFACE('',#5364,1.);
#5366=ORIENTED_EDGE('',*,*,#5216,.F.);
#5367=ORIENTED_EDGE('',*,*,#2499,.F.);
#5368=ORIENTED_EDGE('',*,*,#2452,.F.);
#5369=ORIENTED_EDGE('',*,*,#5248,.F.);
#5370=EDGE_LOOP('',(#5366,#5367,#5368,#5369));
#5371=FACE_BOUND('',#5370,.T.);
#5372=ADVANCED_FACE('',(#5371),#5365,.T.);
#5373=CARTESIAN_POINT('',(38.,7.802447736,12.));
#5374=DIRECTION('',(1.,0.,0.));
#5375=DIRECTION('',(-0.,1.,0.));
#5376=AXIS2_PLACEMENT_3D('',#5373,#5374,#5375);
#5377=CYLINDRICAL_SURFACE('',#5376,1.);
#5378=ORIENTED_EDGE('',*,*,#5339,.F.);
#5379=ORIENTED_EDGE('',*,*,#5274,.F.);
#5380=ORIENTED_EDGE('',*,*,#2436,.F.);
#5381=ORIENTED_EDGE('',*,*,#5198,.F.);
#5382=EDGE_LOOP('',(#5378,#5379,#5380,#5381));
#5383=FACE_BOUND('',#5382,.T.);
#5384=ADVANCED_FACE('',(#5383),#5377,.T.);
#5385=CLOSED_SHELL('',(#304,#360,#830,#1300,#1322,#1394,#1864,#1904,#2374,#2414,#2486,#2526,#2561,#2601,#2618,#2676,#2716,#2756,#2778,#2795,#2812,#2824,#2846,#2863,#2880,#2892,
#2914,#2931,#2948,#2960,#2982,#2999,#3016,#3028,#3050,#3067,#3084,#3096,#3118,#3135,#3152,#3164,#3186,#3203,#3220,#3232,#3254,#3271,#3288,#3300,#3322,
#3339,#3356,#3368,#3390,#3407,#3424,#3436,#3458,#3475,#3492,#3504,#3526,#3543,#3560,#3572,#3594,#3611,#3628,#3640,#3662,#3679,#3696,#3708,#3730,#3747,
#3764,#3776,#3798,#3815,#3832,#3844,#3866,#3883,#3900,#3912,#3934,#3951,#3968,#3980,#4002,#4019,#4036,#4048,#4070,#4087,#4104,#4116,#4138,#4155,#4172,
#4184,#4206,#4223,#4240,#4252,#4274,#4296,#4308,#4320,#4342,#4364,#4376,#4388,#4419,#4459,#4481,#4518,#4555,#4579,#4603,#4620,#4638,#4662,#4690,#4707,
#4725,#4749,#4766,#4785,#4810,#4827,#4845,#4857,#4881,#4898,#4916,#4933,#4951,#4974,#4992,#5010,#5027,#5044,#5062,#5080,#5091,#5110,#5128,#5153,#5177,
#5204,#5235,#5259,#5286,#5298,#5317,#5329,#5348,#5360,#5372,#5384));
#5386=MANIFOLD_SOLID_BREP('Main Body',#5385);
#184=STYLED_ITEM('',(#183),#5386);
#16=SHAPE_REPRESENTATION('root',(#15),#10);
#17=ADVANCED_BREP_SHAPE_REPRESENTATION('root',(#176,#5386),#10);
#5394=SHAPE_REPRESENTATION_RELATIONSHIP('','',#16,#17);
#5395=CARTESIAN_POINT('',(0.,0.,0.));
#5396=DIRECTION('',(0.,0.,1.));
#5397=DIRECTION('',(1.,0.,0.));
#5398=AXIS2_PLACEMENT_3D('',#5395,#5396,#5397);
#5400=MAPPED_ITEM('',#5399,#5398);
#5399=REPRESENTATION_MAP(#5398,#16);
#5401=APPLICATION_CONTEXT('Managed model based 3d engineering');
#5402=APPLICATION_PROTOCOL_DEFINITION('international standard','ap242_managed_model_based_3d_engineering',2014,#5401);
#5403=PRODUCT_CONTEXT('',#5401,'mechanical');
#5404=PRODUCT_DEFINITION_CONTEXT('part definition',#5401,'design');
#24=PRODUCT('root','root','',(#5403));
#5405=PRODUCT_RELATED_PRODUCT_CATEGORY('part','',(#24));
#5406=PRODUCT_DEFINITION_FORMATION_WITH_SPECIFIED_SOURCE('','',#24,.NOT_KNOWN.);
#25=PRODUCT_DEFINITION('design','',#5406,#5404);
#23=PRODUCT_DEFINITION_SHAPE('','',#25);
#5407=SHAPE_DEFINITION_REPRESENTATION(#23,#16);
#11=DRAUGHTING_MODEL('',(#5400),#10);
#5408=DESCRIPTIVE_REPRESENTATION_ITEM('KEY','/Users/tdbell11/Library/Containers/com.shapr3d.shapr/Data/tmp/9D4B5446-5379-4AEE-A35F-2FB15A9C2389.tmp');
#5409=PROPERTY_DEFINITION('KEY','',#25);
#5410=REPRESENTATION('',(#5408),#10);
#5411=PROPERTY_DEFINITION_REPRESENTATION(#5409,#5410);
#5412=GENERAL_PROPERTY('','KEY','');
#5413=GENERAL_PROPERTY_ASSOCIATION('','',#5412,#5409);
#1=MECHANICAL_DESIGN_GEOMETRIC_PRESENTATION_REPRESENTATION('',(#26,#184),#10);
ENDSEC;
END-ISO-10303-21;
