  0
SECTION
  2
HEADER
  9
$ACADVER
  1
AC1024
  9
$ACADMAINTVER
 70
     6
  9
$DWGCODEPAGE
  3
MAC-ROMAN
  9
$INSBASE
 10
0.0
 20
0.0
 30
0.0
  9
$EXTMIN
 10
1.000000000000000E+20
 20
1.000000000000000E+20
 30
1.000000000000000E+20
  9
$EXTMAX
 10
-1.000000000000000E+20
 20
-1.000000000000000E+20
 30
-1.000000000000000E+20
  9
$LIMMIN
 10
0.0
 20
0.0
  9
$LIMMAX
 10
420.0
 20
297.0
  9
$ORTHOMODE
 70
     0
  9
$REGENMODE
 70
     1
  9
$FILLMODE
 70
     1
  9
$QTEXTMODE
 70
     0
  9
$MIRRTEXT
 70
     1
  9
$LTSCALE
 40
1.0
  9
$ATTMODE
 70
     1
  9
$TEXTSIZE
 40
2.5
  9
$TRACEWID
 40
1.0
  9
$TEXTSTYLE
  7
Standard
  9
$CLAYER
  8
0
  9
$CELTYPE
  6
ByLayer
  9
$CECOLOR
 62
   256
  9
$CELTSCALE
 40
1.0
  9
$DISPSILH
 70
     0
  9
$DIMSCALE
 40
1.0
  9
$DIMASZ
 40
2.5
  9
$DIMEXO
 40
0.625
  9
$DIMDLI
 40
3.75
  9
$DIMRND
 40
0.01
  9
$DIMDLE
 40
0.0
  9
$DIMEXE
 40
1.25
  9
$DIMTP
 40
0.0
  9
$DIMTM
 40
0.0
  9
$DIMTXT
 40
2.5
  9
$DIMCEN
 40
2.5
  9
$DIMTSZ
 40
0.0
  9
$DIMTOL
 70
     0
  9
$DIMLIM
 70
     0
  9
$DIMTIH
 70
     0
  9
$DIMTOH
 70
     0
  9
$DIMSE1
 70
     0
  9
$DIMSE2
 70
     0
  9
$DIMTAD
 70
     1
  9
$DIMZIN
 70
     8
  9
$DIMBLK
  1

  9
$DIMASO
 70
     1
  9
$DIMSHO
 70
     1
  9
$DIMPOST
  1

  9
$DIMAPOST
  1

  9
$DIMALT
 70
     0
  9
$DIMALTD
 70
     3
  9
$DIMALTF
 40
0.0393700787401575
  9
$DIMLFAC
 40
1.0
  9
$DIMTOFL
 70
     1
  9
$DIMTVP
 40
0.0
  9
$DIMTIX
 70
     0
  9
$DIMSOXD
 70
     0
  9
$DIMSAH
 70
     0
  9
$DIMBLK1
  1

  9
$DIMBLK2
  1

  9
$DIMSTYLE
  2
ISO-25
  9
$DIMCLRD
 70
     0
  9
$DIMCLRE
 70
     0
  9
$DIMCLRT
 70
     0
  9
$DIMTFAC
 40
1.0
  9
$DIMGAP
 40
0.7
  9
$DIMJUST
 70
     0
  9
$DIMSD1
 70
     0
  9
$DIMSD2
 70
     0
  9
$DIMTOLJ
 70
     0
  9
$DIMTZIN
 70
     8
  9
$DIMALTZ
 70
     0
  9
$DIMALTTZ
 70
     0
  9
$DIMUPT
 70
     0
  9
$DIMDEC
 70
     2
  9
$DIMTDEC
 70
     2
  9
$DIMALTU
 70
     2
  9
$DIMALTTD
 70
     3
  9
$DIMTXSTY
  7
Standard
  9
$DIMAUNIT
 70
     0
  9
$DIMADEC
 70
     2
  9
$DIMALTRND
 40
0.0
  9
$DIMAZIN
 70
     0
  9
$DIMDSEP
 70
    44
  9
$DIMATFIT
 70
     3
  9
$DIMFRAC
 70
     2
  9
$DIMLDRBLK
  1

  9
$DIMLUNIT
 70
     2
  9
$DIMLWD
 70
    15
  9
$DIMLWE
 70
    15
  9
$DIMTMOVE
 70
     0
  9
$DIMFXL
 40
1.0
  9
$DIMFXLON
 70
     0
  9
$DIMJOGANG
 40
0.7853981633974483
  9
$DIMTFILL
 70
     0
  9
$DIMTFILLCLR
 70
     0
  9
$DIMARCSYM
 70
     0
  9
$DIMLTYPE
  6

  9
$DIMLTEX1
  6

  9
$DIMLTEX2
  6

  9
$DIMTXTDIRECTION
 70
     0
  9
$LUNITS
 70
     2
  9
$LUPREC
 70
     4
  9
$SKETCHINC
 40
1.0
  9
$FILLETRAD
 40
0.0
  9
$AUNITS
 70
     0
  9
$AUPREC
 70
     0
  9
$MENU
  1
.
  9
$ELEVATION
 40
0.0
  9
$PELEVATION
 40
0.0
  9
$THICKNESS
 40
0.0
  9
$LIMCHECK
 70
     0
  9
$CHAMFERA
 40
0.0
  9
$CHAMFERB
 40
0.0
  9
$CHAMFERC
 40
0.0
  9
$CHAMFERD
 40
0.0
  9
$SKPOLY
 70
     0
  9
$TDCREATE
 40
2461283.647969109
  9
$TDUCREATE
 40
2461283.981302442
  9
$TDUPDATE
 40
2461283.647969364
  9
$TDUUPDATE
 40
2461283.981302697
  9
$TDINDWG
 40
0.0000000116
  9
$TDUSRTIMER
 40
0.0000000116
  9
$USRTIMER
 70
     1
  9
$ANGBASE
 50
0.0
  9
$ANGDIR
 70
     0
  9
$PDMODE
 70
     0
  9
$PDSIZE
 40
0.0
  9
$PLINEWID
 40
0.0
  9
$SPLFRAME
 70
     0
  9
$SPLINETYPE
 70
     6
  9
$SPLINESEGS
 70
     8
  9
$HANDSEED
  5
30C
  9
$SURFTAB1
 70
     6
  9
$SURFTAB2
 70
     6
  9
$SURFTYPE
 70
     6
  9
$SURFU
 70
     6
  9
$SURFV
 70
     6
  9
$UCSBASE
  2

  9
$UCSNAME
  2

  9
$UCSORG
 10
0.0
 20
0.0
 30
0.0
  9
$UCSXDIR
 10
1.0
 20
0.0
 30
0.0
  9
$UCSYDIR
 10
0.0
 20
1.0
 30
0.0
  9
$UCSORTHOREF
  2

  9
$UCSORTHOVIEW
 70
     0
  9
$UCSORGTOP
 10
0.0
 20
0.0
 30
0.0
  9
$UCSORGBOTTOM
 10
0.0
 20
0.0
 30
0.0
  9
$UCSORGLEFT
 10
0.0
 20
0.0
 30
0.0
  9
$UCSORGRIGHT
 10
0.0
 20
0.0
 30
0.0
  9
$UCSORGFRONT
 10
0.0
 20
0.0
 30
0.0
  9
$UCSORGBACK
 10
0.0
 20
0.0
 30
0.0
  9
$PUCSBASE
  2

  9
$PUCSNAME
  2

  9
$PUCSORG
 10
0.0
 20
0.0
 30
0.0
  9
$PUCSXDIR
 10
1.0
 20
0.0
 30
0.0
  9
$PUCSYDIR
 10
0.0
 20
1.0
 30
0.0
  9
$PUCSORTHOREF
  2

  9
$PUCSORTHOVIEW
 70
     0
  9
$PUCSORGTOP
 10
0.0
 20
0.0
 30
0.0
  9
$PUCSORGBOTTOM
 10
0.0
 20
0.0
 30
0.0
  9
$PUCSORGLEFT
 10
0.0
 20
0.0
 30
0.0
  9
$PUCSORGRIGHT
 10
0.0
 20
0.0
 30
0.0
  9
$PUCSORGFRONT
 10
0.0
 20
0.0
 30
0.0
  9
$PUCSORGBACK
 10
0.0
 20
0.0
 30
0.0
  9
$USERI1
 70
     0
  9
$USERI2
 70
     0
  9
$USERI3
 70
     0
  9
$USERI4
 70
     0
  9
$USERI5
 70
     0
  9
$USERR1
 40
0.0
  9
$USERR2
 40
0.0
  9
$USERR3
 40
0.0
  9
$USERR4
 40
0.0
  9
$USERR5
 40
0.0
  9
$WORLDVIEW
 70
     1
  9
$SHADEDGE
 70
     3
  9
$SHADEDIF
 70
    70
  9
$TILEMODE
 70
     0
  9
$MAXACTVP
 70
    64
  9
$PINSBASE
 10
0.0
 20
0.0
 30
0.0
  9
$PLIMCHECK
 70
     0
  9
$PEXTMIN
 10
0.0
 20
0.0
 30
0.0
  9
$PEXTMAX
 10
0.0
 20
0.0
 30
0.0
  9
$PLIMMIN
 10
-20.0
 20
-7.5
  9
$PLIMMAX
 10
277.0
 20
202.5
  9
$UNITMODE
 70
     0
  9
$VISRETAIN
 70
     1
  9
$PLINEGEN
 70
     0
  9
$PSLTSCALE
 70
     1
  9
$TREEDEPTH
 70
  3020
  9
$CMLSTYLE
  2
Standard
  9
$CMLJUST
 70
     0
  9
$CMLSCALE
 40
20.0
  9
$PROXYGRAPHICS
 70
     1
  9
$MEASUREMENT
 70
     1
  9
$CELWEIGHT
370
    -1
  9
$ENDCAPS
280
     0
  9
$JOINSTYLE
280
     0
  9
$LWDISPLAY
290
     0
  9
$INSUNITS
 70
     4
  9
$HYPERLINKBASE
  1

  9
$STYLESHEET
  1

  9
$XEDIT
290
     1
  9
$CEPSNTYPE
380
     0
  9
$PSTYLEMODE
290
     1
  9
$FINGERPRINTGUID
  2
{9cb322db-d262-2a43-bc02-ec3676a0141d}
  9
$VERSIONGUID
  2
{FAEB1C32-E019-11D5-929B-00C0DF256EC4}
  9
$EXTNAMES
290
     1
  9
$PSVPSCALE
 40
0.0
  9
$OLESTARTUP
290
     0
  9
$SORTENTS
280
   127
  9
$INDEXCTL
280
     0
  9
$HIDETEXT
280
     1
  9
$XCLIPFRAME
280
     2
  9
$HALOGAP
280
     0
  9
$OBSCOLOR
 70
   257
  9
$OBSLTYPE
280
     0
  9
$INTERSECTIONDISPLAY
280
     0
  9
$INTERSECTIONCOLOR
 70
   257
  9
$DIMASSOC
280
     2
  9
$PROJECTNAME
  1

  9
$CAMERADISPLAY
290
     0
  9
$LENSLENGTH
 40
50.0
  9
$CAMERAHEIGHT
 40
0.0
  9
$STEPSPERSEC
 40
2.0
  9
$STEPSIZE
 40
6.0
  9
$3DDWFPREC
 40
2.0
  9
$PSOLWIDTH
 40
5.0
  9
$PSOLHEIGHT
 40
80.0
  9
$LOFTANG1
 40
1.570796326794897
  9
$LOFTANG2
 40
1.570796326794897
  9
$LOFTMAG1
 40
0.0
  9
$LOFTMAG2
 40
0.0
  9
$LOFTPARAM
 70
     7
  9
$LOFTNORMALS
280
     1
  9
$LATITUDE
 40
37.795
  9
$LONGITUDE
 40
-122.394
  9
$NORTHDIRECTION
 40
0.0
  9
$TIMEZONE
 70
 -8000
  9
$LIGHTGLYPHDISPLAY
280
     1
  9
$TILEMODELIGHTSYNCH
280
     1
  9
$CMATERIAL
347
44
  9
$SOLIDHIST
280
     0
  9
$SHOWHIST
280
     1
  9
$DWFFRAME
280
     2
  9
$DGNFRAME
280
     2
  9
$REALWORLDSCALE
290
     1
  9
$INTERFERECOLOR
 62
   256
  9
$CSHADOW
280
     0
  9
$SHADOWPLANELOCATION
 40
0.0
  0
ENDSEC
  0
SECTION
  2
CLASSES
  0
CLASS
  1
ACDBDICTIONARYWDFLT
  2
AcDbDictionaryWithDefault
  3
ObjectDBX Classes
 90
        0
 91
        3
280
     0
281
     0
  0
CLASS
  1
VISUALSTYLE
  2
AcDbVisualStyle
  3
ObjectDBX Classes
 90
     4095
 91
        3
280
     0
281
     0
  0
CLASS
  1
MATERIAL
  2
AcDbMaterial
  3
ObjectDBX Classes
 90
     1153
 91
        3
280
     0
281
     0
  0
CLASS
  1
SCALE
  2
AcDbScale
  3
ObjectDBX Classes
 90
     1153
 91
        3
280
     0
281
     0
  0
CLASS
  1
TABLESTYLE
  2
AcDbTableStyle
  3
ObjectDBX Classes
 90
     4095
 91
        3
280
     0
281
     0
  0
CLASS
  1
MLEADERSTYLE
  2
AcDbMLeaderStyle
  3
ACDB_MLEADERSTYLE_CLASS
 90
     4095
 91
        3
280
     0
281
     0
  0
CLASS
  1
SUN
  2
AcDbSun
  3
SCENEOE
 90
     1153
 91
        3
280
     0
281
     0
  0
CLASS
  1
DICTIONARYVAR
  2
AcDbDictionaryVar
  3
ObjectDBX Classes
 90
        0
 91
        3
280
     0
281
     0
  0
CLASS
  1
CELLSTYLEMAP
  2
AcDbCellStyleMap
  3
ObjectDBX Classes
 90
     1152
 91
        3
280
     0
281
     0
  0
ENDSEC
  0
SECTION
  2
TABLES
  0
TABLE
  2
VPORT
  5
8
330
0
100
AcDbSymbolTable
 70
     1
  0
VPORT
  5
29
330
8
100
AcDbSymbolTableRecord
100
AcDbViewportTableRecord
  2
*Active
 70
     0
 10
0.0
 20
0.0
 11
1.0
 21
1.0
 12
210.0
 22
148.5
 13
0.0
 23
0.0
 14
10.0
 24
10.0
 15
10.0
 25
10.0
 16
0.0
 26
0.0
 36
1.0
 17
0.0
 27
0.0
 37
0.0
 40
297.0
 41
1.414141414141414
 42
50.0
 43
0.0
 44
0.0
 50
0.0
 51
0.0
 71
     0
 72
   100
 73
     1
 74
     3
 75
     0
 76
     0
 77
     0
 78
     0
281
     0
 65
     1
110
0.0
120
0.0
130
0.0
111
1.0
121
0.0
131
0.0
112
0.0
122
1.0
132
0.0
 79
     0
146
0.0
348
2F
 60
     3
 61
     5
292
     1
282
     1
141
0.0
142
0.0
 63
   250
361
5D
  0
ENDTAB
  0
TABLE
  2
LTYPE
  5
5
330
0
100
AcDbSymbolTable
 70
     6
  0
LTYPE
  5
14
330
5
100
AcDbSymbolTableRecord
100
AcDbLinetypeTableRecord
  2
ByBlock
 70
     0
  3

 72
    65
 73
     0
 40
0.0
  0
LTYPE
  5
15
330
5
100
AcDbSymbolTableRecord
100
AcDbLinetypeTableRecord
  2
ByLayer
 70
     0
  3

 72
    65
 73
     0
 40
0.0
  0
LTYPE
  5
16
330
5
100
AcDbSymbolTableRecord
100
AcDbLinetypeTableRecord
  2
Continuous
 70
     0
  3
Solid line
 72
    65
 73
     0
 40
0.0
  0
LTYPE
  5
61
330
5
100
AcDbSymbolTableRecord
100
AcDbLinetypeTableRecord
  2
CenterLine
 70
     0
  3

 72
    65
 73
     4
 40
8.0
 49
5.0
 74
     0
 49
-1.0
 74
     0
 49
1.0
 74
     0
 49
-1.0
 74
     0
  0
LTYPE
  5
62
330
5
100
AcDbSymbolTableRecord
100
AcDbLinetypeTableRecord
  2
DraftedLine
 70
     0
  3

 72
    65
 73
     2
 40
3.0
 49
2.0
 74
     0
 49
-1.0
 74
     0
  0
LTYPE
  5
63
330
5
100
AcDbSymbolTableRecord
100
AcDbLinetypeTableRecord
  2
SectionLineISO
 70
     0
  3

 72
    65
 73
     5
 40
13.75833333333342
 49
4.23333333333336
 74
     0
 49
-2.11666666666668
 74
     0
 49
1.05833333333334
 74
     0
 49
-2.11666666666668
 74
     0
 49
4.23333333333336
 74
     0
  0
LTYPE
  5
64
330
5
100
AcDbSymbolTableRecord
100
AcDbLinetypeTableRecord
  2
SectionLineANSI
 70
     0
  3

 72
    65
 73
     7
 40
11.99444444444452
 49
4.23333333333336
 74
     0
 49
-1.05833333333334
 74
     0
 49
0.17638888888889
 74
     0
 49
-1.05833333333334
 74
     0
 49
0.17638888888889
 74
     0
 49
-1.05833333333334
 74
     0
 49
4.23333333333336
 74
     0
  0
LTYPE
  5
65
330
5
100
AcDbSymbolTableRecord
100
AcDbLinetypeTableRecord
  2
DetailCircleISO
 70
     0
  3

 72
    65
 73
     5
 40
13.75833333333342
 49
4.23333333333336
 74
     0
 49
-2.11666666666668
 74
     0
 49
1.05833333333334
 74
     0
 49
-2.11666666666668
 74
     0
 49
4.23333333333336
 74
     0
  0
ENDTAB
  0
TABLE
  2
LAYER
  5
2
330
0
100
AcDbSymbolTable
 70
     5
  0
LAYER
  5
10
330
2
100
AcDbSymbolTableRecord
100
AcDbLayerTableRecord
  2
0
 70
     0
 62
     7
  6
Continuous
370
    -3
390
F
347
46
  0
LAYER
  5
5E
330
2
100
AcDbSymbolTableRecord
100
AcDbLayerTableRecord
  2
Geometries
 70
     0
 62
     7
  6
Continuous
370
    -3
390
F
347
46
  0
LAYER
  5
5F
330
2
100
AcDbSymbolTableRecord
100
AcDbLayerTableRecord
  2
Annotations
 70
     0
 62
     7
  6
Continuous
370
    -3
390
F
347
46
  0
LAYER
  5
60
330
2
100
AcDbSymbolTableRecord
100
AcDbLayerTableRecord
  2
Border
 70
     0
 62
     7
  6
Continuous
370
    -3
390
F
347
46
  0
LAYER
  5
1A2
330
2
100
AcDbSymbolTableRecord
100
AcDbLayerTableRecord
  2
Defpoints
 70
     0
 62
     7
  6
Continuous
290
     0
370
    -3
390
F
347
46
  0
ENDTAB
  0
TABLE
  2
STYLE
  5
3
330
0
100
AcDbSymbolTable
 70
    67
  0
STYLE
  5
11
330
3
100
AcDbSymbolTableRecord
100
AcDbTextStyleTableRecord
  2
Standard
 70
     0
 40
0.0
 41
1.0
 50
0.0
 71
     0
 42
2.5
  3
txt
  4

  0
STYLE
  5
66
330
3
100
AcDbSymbolTableRecord
100
AcDbTextStyleTableRecord
  2
Shapr0
 70
     0
 40
3.3495
 41
1.0
 50
0.0
 71
     0
 42
2.5
  3

  4

  0
STYLE
  5
67
330
3
100
AcDbSymbolTableRecord
100
AcDbTextStyleTableRecord
  2
Shapr1
 70
     0
 40
3.3495
 41
1.0
 50
0.0
 71
     0
 42
2.5
  3

  4

  0
STYLE
  5
68
330
3
100
AcDbSymbolTableRecord
100
AcDbTextStyleTableRecord
  2
Shapr2
 70
     0
 40
3.3495
 41
1.0
 50
0.0
 71
     0
 42
2.5
  3

  4

  0
STYLE
  5
69
330
3
100
AcDbSymbolTableRecord
100
AcDbTextStyleTableRecord
  2
Shapr3
 70
     0
 40
3.3495
 41
1.0
 50
0.0
 71
     0
 42
2.5
  3

  4

  0
STYLE
  5
6A
330
3
100
AcDbSymbolTableRecord
100
AcDbTextStyleTableRecord
  2
Shapr4
 70
     0
 40
3.3495
 41
1.0
 50
0.0
 71
     0
 42
2.5
  3

  4

  0
STYLE
  5
6B
330
3
100
AcDbSymbolTableRecord
100
AcDbTextStyleTableRecord
  2
Shapr5
 70
     0
 40
3.3495
 41
1.0
 50
0.0
 71
     0
 42
2.5
  3

  4

  0
STYLE
  5
6C
330
3
100
AcDbSymbolTableRecord
100
AcDbTextStyleTableRecord
  2
Shapr6
 70
     0
 40
3.3495
 41
1.0
 50
0.0
 71
     0
 42
2.5
  3

  4

  0
STYLE
  5
6D
330
3
100
AcDbSymbolTableRecord
100
AcDbTextStyleTableRecord
  2
Shapr7
 70
     0
 40
3.3495
 41
1.0
 50
0.0
 71
     0
 42
2.5
  3

  4

  0
STYLE
  5
6E
330
3
100
AcDbSymbolTableRecord
100
AcDbTextStyleTableRecord
  2
Shapr8
 70
     0
 40
3.3495
 41
1.0
 50
0.0
 71
     0
 42
2.5
  3

  4

  0
STYLE
  5
6F
330
3
100
AcDbSymbolTableRecord
100
AcDbTextStyleTableRecord
  2
Shapr9
 70
     0
 40
3.3495
 41
1.0
 50
0.0
 71
     0
 42
2.5
  3

  4

  0
STYLE
  5
70
330
3
100
AcDbSymbolTableRecord
100
AcDbTextStyleTableRecord
  2
Shapr10
 70
     0
 40
3.3495
 41
1.0
 50
0.0
 71
     0
 42
2.5
  3

  4

  0
STYLE
  5
71
330
3
100
AcDbSymbolTableRecord
100
AcDbTextStyleTableRecord
  2
Shapr11
 70
     0
 40
3.3495
 41
1.0
 50
0.0
 71
     0
 42
2.5
  3

  4

  0
STYLE
  5
72
330
3
100
AcDbSymbolTableRecord
100
AcDbTextStyleTableRecord
  2
Shapr12
 70
     0
 40
3.3495
 41
1.0
 50
0.0
 71
     0
 42
2.5
  3

  4

  0
STYLE
  5
73
330
3
100
AcDbSymbolTableRecord
100
AcDbTextStyleTableRecord
  2
Shapr13
 70
     0
 40
3.3495
 41
1.0
 50
0.0
 71
     0
 42
2.5
  3

  4

  0
STYLE
  5
74
330
3
100
AcDbSymbolTableRecord
100
AcDbTextStyleTableRecord
  2
Shapr14
 70
     0
 40
3.3495
 41
1.0
 50
0.0
 71
     0
 42
2.5
  3

  4

  0
STYLE
  5
75
330
3
100
AcDbSymbolTableRecord
100
AcDbTextStyleTableRecord
  2
Shapr15
 70
     0
 40
3.3495
 41
1.0
 50
0.0
 71
     0
 42
2.5
  3

  4

  0
STYLE
  5
76
330
3
100
AcDbSymbolTableRecord
100
AcDbTextStyleTableRecord
  2
Shapr16
 70
     0
 40
3.3495
 41
1.0
 50
0.0
 71
     0
 42
2.5
  3

  4

  0
STYLE
  5
77
330
3
100
AcDbSymbolTableRecord
100
AcDbTextStyleTableRecord
  2
Shapr17
 70
     0
 40
3.3495
 41
1.0
 50
0.0
 71
     0
 42
2.5
  3

  4

  0
STYLE
  5
78
330
3
100
AcDbSymbolTableRecord
100
AcDbTextStyleTableRecord
  2
Shapr18
 70
     0
 40
3.3495
 41
1.0
 50
0.0
 71
     0
 42
2.5
  3

  4

  0
STYLE
  5
79
330
3
100
AcDbSymbolTableRecord
100
AcDbTextStyleTableRecord
  2
Shapr19
 70
     0
 40
3.3495
 41
1.0
 50
0.0
 71
     0
 42
2.5
  3

  4

  0
STYLE
  5
7A
330
3
100
AcDbSymbolTableRecord
100
AcDbTextStyleTableRecord
  2
Shapr20
 70
     0
 40
3.3495
 41
1.0
 50
0.0
 71
     0
 42
2.5
  3

  4

  0
STYLE
  5
7B
330
3
100
AcDbSymbolTableRecord
100
AcDbTextStyleTableRecord
  2
Shapr21
 70
     0
 40
3.3495
 41
1.0
 50
0.0
 71
     0
 42
2.5
  3

  4

  0
STYLE
  5
7C
330
3
100
AcDbSymbolTableRecord
100
AcDbTextStyleTableRecord
  2
Shapr22
 70
     0
 40
3.3495
 41
1.0
 50
0.0
 71
     0
 42
2.5
  3

  4

  0
STYLE
  5
7D
330
3
100
AcDbSymbolTableRecord
100
AcDbTextStyleTableRecord
  2
Shapr23
 70
     0
 40
3.3495
 41
1.0
 50
0.0
 71
     0
 42
2.5
  3

  4

  0
STYLE
  5
7E
330
3
100
AcDbSymbolTableRecord
100
AcDbTextStyleTableRecord
  2
Shapr24
 70
     0
 40
3.3495
 41
1.0
 50
0.0
 71
     0
 42
2.5
  3

  4

  0
STYLE
  5
7F
330
3
100
AcDbSymbolTableRecord
100
AcDbTextStyleTableRecord
  2
Shapr25
 70
     0
 40
3.3495
 41
1.0
 50
0.0
 71
     0
 42
2.5
  3

  4

  0
STYLE
  5
80
330
3
100
AcDbSymbolTableRecord
100
AcDbTextStyleTableRecord
  2
Shapr26
 70
     0
 40
3.3495
 41
1.0
 50
0.0
 71
     0
 42
2.5
  3

  4

  0
STYLE
  5
81
330
3
100
AcDbSymbolTableRecord
100
AcDbTextStyleTableRecord
  2
Shapr27
 70
     0
 40
3.3495
 41
1.0
 50
0.0
 71
     0
 42
2.5
  3

  4

  0
STYLE
  5
82
330
3
100
AcDbSymbolTableRecord
100
AcDbTextStyleTableRecord
  2
Shapr28
 70
     0
 40
3.3495
 41
1.0
 50
0.0
 71
     0
 42
2.5
  3

  4

  0
STYLE
  5
83
330
3
100
AcDbSymbolTableRecord
100
AcDbTextStyleTableRecord
  2
Shapr29
 70
     0
 40
3.3495
 41
1.0
 50
0.0
 71
     0
 42
2.5
  3

  4

  0
STYLE
  5
84
330
3
100
AcDbSymbolTableRecord
100
AcDbTextStyleTableRecord
  2
Shapr30
 70
     0
 40
3.3495
 41
1.0
 50
0.0
 71
     0
 42
2.5
  3

  4

  0
STYLE
  5
85
330
3
100
AcDbSymbolTableRecord
100
AcDbTextStyleTableRecord
  2
Shapr31
 70
     0
 40
3.3495
 41
1.0
 50
0.0
 71
     0
 42
2.5
  3

  4

  0
STYLE
  5
86
330
3
100
AcDbSymbolTableRecord
100
AcDbTextStyleTableRecord
  2
Shapr32
 70
     0
 40
3.3495
 41
1.0
 50
0.0
 71
     0
 42
2.5
  3

  4

  0
STYLE
  5
87
330
3
100
AcDbSymbolTableRecord
100
AcDbTextStyleTableRecord
  2
Shapr33
 70
     0
 40
3.3495
 41
1.0
 50
0.0
 71
     0
 42
2.5
  3

  4

  0
STYLE
  5
88
330
3
100
AcDbSymbolTableRecord
100
AcDbTextStyleTableRecord
  2
Shapr34
 70
     0
 40
3.3495
 41
1.0
 50
0.0
 71
     0
 42
2.5
  3

  4

  0
STYLE
  5
89
330
3
100
AcDbSymbolTableRecord
100
AcDbTextStyleTableRecord
  2
Shapr35
 70
     0
 40
3.3495
 41
1.0
 50
0.0
 71
     0
 42
2.5
  3

  4

  0
STYLE
  5
8A
330
3
100
AcDbSymbolTableRecord
100
AcDbTextStyleTableRecord
  2
Shapr36
 70
     0
 40
3.3495
 41
1.0
 50
0.0
 71
     0
 42
2.5
  3

  4

  0
STYLE
  5
8B
330
3
100
AcDbSymbolTableRecord
100
AcDbTextStyleTableRecord
  2
Shapr37
 70
     0
 40
3.3495
 41
1.0
 50
0.0
 71
     0
 42
2.5
  3

  4

  0
STYLE
  5
8C
330
3
100
AcDbSymbolTableRecord
100
AcDbTextStyleTableRecord
  2
Shapr38
 70
     0
 40
3.3495
 41
1.0
 50
0.0
 71
     0
 42
2.5
  3

  4

  0
STYLE
  5
8D
330
3
100
AcDbSymbolTableRecord
100
AcDbTextStyleTableRecord
  2
Shapr39
 70
     0
 40
3.3495
 41
1.0
 50
0.0
 71
     0
 42
2.5
  3

  4

  0
STYLE
  5
8E
330
3
100
AcDbSymbolTableRecord
100
AcDbTextStyleTableRecord
  2
Shapr40
 70
     0
 40
3.3495
 41
1.0
 50
0.0
 71
     0
 42
2.5
  3

  4

  0
STYLE
  5
8F
330
3
100
AcDbSymbolTableRecord
100
AcDbTextStyleTableRecord
  2
Shapr41
 70
     0
 40
3.3495
 41
1.0
 50
0.0
 71
     0
 42
2.5
  3

  4

  0
STYLE
  5
90
330
3
100
AcDbSymbolTableRecord
100
AcDbTextStyleTableRecord
  2
Shapr42
 70
     0
 40
3.3495
 41
1.0
 50
0.0
 71
     0
 42
2.5
  3

  4

  0
STYLE
  5
91
330
3
100
AcDbSymbolTableRecord
100
AcDbTextStyleTableRecord
  2
Shapr43
 70
     0
 40
3.3495
 41
1.0
 50
0.0
 71
     0
 42
2.5
  3

  4

  0
STYLE
  5
92
330
3
100
AcDbSymbolTableRecord
100
AcDbTextStyleTableRecord
  2
Shapr44
 70
     0
 40
3.3495
 41
1.0
 50
0.0
 71
     0
 42
2.5
  3

  4

  0
STYLE
  5
93
330
3
100
AcDbSymbolTableRecord
100
AcDbTextStyleTableRecord
  2
Shapr45
 70
     0
 40
3.3495
 41
1.0
 50
0.0
 71
     0
 42
2.5
  3

  4

  0
STYLE
  5
94
330
3
100
AcDbSymbolTableRecord
100
AcDbTextStyleTableRecord
  2
Shapr46
 70
     0
 40
3.3495
 41
1.0
 50
0.0
 71
     0
 42
2.5
  3

  4

  0
STYLE
  5
95
330
3
100
AcDbSymbolTableRecord
100
AcDbTextStyleTableRecord
  2
Shapr47
 70
     0
 40
3.3495
 41
1.0
 50
0.0
 71
     0
 42
2.5
  3

  4

  0
STYLE
  5
96
330
3
100
AcDbSymbolTableRecord
100
AcDbTextStyleTableRecord
  2
Shapr48
 70
     0
 40
3.3495
 41
1.0
 50
0.0
 71
     0
 42
2.5
  3

  4

  0
STYLE
  5
97
330
3
100
AcDbSymbolTableRecord
100
AcDbTextStyleTableRecord
  2
Shapr49
 70
     0
 40
3.3495
 41
1.0
 50
0.0
 71
     0
 42
2.5
  3

  4

  0
STYLE
  5
98
330
3
100
AcDbSymbolTableRecord
100
AcDbTextStyleTableRecord
  2
Shapr50
 70
     0
 40
3.3495
 41
1.0
 50
0.0
 71
     0
 42
2.5
  3

  4

  0
STYLE
  5
99
330
3
100
AcDbSymbolTableRecord
100
AcDbTextStyleTableRecord
  2
Shapr51
 70
     0
 40
3.3495
 41
1.0
 50
0.0
 71
     0
 42
2.5
  3

  4

  0
STYLE
  5
9A
330
3
100
AcDbSymbolTableRecord
100
AcDbTextStyleTableRecord
  2
Shapr52
 70
     0
 40
3.3495
 41
1.0
 50
0.0
 71
     0
 42
2.5
  3

  4

  0
STYLE
  5
9B
330
3
100
AcDbSymbolTableRecord
100
AcDbTextStyleTableRecord
  2
Shapr53
 70
     0
 40
3.3495
 41
1.0
 50
0.0
 71
     0
 42
2.5
  3

  4

  0
STYLE
  5
9C
330
3
100
AcDbSymbolTableRecord
100
AcDbTextStyleTableRecord
  2
Shapr54
 70
     0
 40
3.3495
 41
1.0
 50
0.0
 71
     0
 42
2.5
  3

  4

  0
STYLE
  5
9D
330
3
100
AcDbSymbolTableRecord
100
AcDbTextStyleTableRecord
  2
Shapr55
 70
     0
 40
3.3495
 41
1.0
 50
0.0
 71
     0
 42
2.5
  3

  4

  0
STYLE
  5
9E
330
3
100
AcDbSymbolTableRecord
100
AcDbTextStyleTableRecord
  2
Shapr56
 70
     0
 40
3.3495
 41
1.0
 50
0.0
 71
     0
 42
2.5
  3

  4

  0
STYLE
  5
9F
330
3
100
AcDbSymbolTableRecord
100
AcDbTextStyleTableRecord
  2
Shapr57
 70
     0
 40
3.3495
 41
1.0
 50
0.0
 71
     0
 42
2.5
  3

  4

  0
STYLE
  5
A0
330
3
100
AcDbSymbolTableRecord
100
AcDbTextStyleTableRecord
  2
Shapr58
 70
     0
 40
3.3495
 41
1.0
 50
0.0
 71
     0
 42
2.5
  3

  4

  0
STYLE
  5
A1
330
3
100
AcDbSymbolTableRecord
100
AcDbTextStyleTableRecord
  2
Shapr59
 70
     0
 40
3.3495
 41
1.0
 50
0.0
 71
     0
 42
2.5
  3

  4

  0
STYLE
  5
A2
330
3
100
AcDbSymbolTableRecord
100
AcDbTextStyleTableRecord
  2
Shapr60
 70
     0
 40
3.3495
 41
1.0
 50
0.0
 71
     0
 42
2.5
  3

  4

  0
STYLE
  5
A3
330
3
100
AcDbSymbolTableRecord
100
AcDbTextStyleTableRecord
  2
Shapr61
 70
     0
 40
3.3495
 41
1.0
 50
0.0
 71
     0
 42
2.5
  3

  4

  0
STYLE
  5
A4
330
3
100
AcDbSymbolTableRecord
100
AcDbTextStyleTableRecord
  2
Shapr62
 70
     0
 40
3.3495
 41
1.0
 50
0.0
 71
     0
 42
2.5
  3

  4

  0
STYLE
  5
A5
330
3
100
AcDbSymbolTableRecord
100
AcDbTextStyleTableRecord
  2
Shapr63
 70
     0
 40
3.3495
 41
1.0
 50
0.0
 71
     0
 42
2.5
  3

  4

  0
STYLE
  5
A6
330
3
100
AcDbSymbolTableRecord
100
AcDbTextStyleTableRecord
  2
Shapr64
 70
     0
 40
3.3495
 41
1.0
 50
0.0
 71
     0
 42
2.5
  3

  4

  0
STYLE
  5
A7
330
3
100
AcDbSymbolTableRecord
100
AcDbTextStyleTableRecord
  2
Shapr65
 70
     0
 40
3.3495
 41
1.0
 50
0.0
 71
     0
 42
2.5
  3

  4

  0
ENDTAB
  0
TABLE
  2
VIEW
  5
6
330
0
100
AcDbSymbolTable
 70
     0
  0
ENDTAB
  0
TABLE
  2
UCS
  5
7
330
0
100
AcDbSymbolTable
 70
     0
  0
ENDTAB
  0
TABLE
  2
APPID
  5
9
330
0
100
AcDbSymbolTable
 70
     2
  0
APPID
  5
12
330
9
100
AcDbSymbolTableRecord
100
AcDbRegAppTableRecord
  2
ACAD
 70
     0
  0
APPID
  5
23F
330
9
100
AcDbSymbolTableRecord
100
AcDbRegAppTableRecord
  2
ACAD_DSTYLE_DIMRADIAL_EXTENSION
 70
     0
  0
ENDTAB
  0
TABLE
  2
DIMSTYLE
  5
A
330
0
100
AcDbSymbolTable
 70
     1
100
AcDbDimStyleTable
  0
DIMSTYLE
105
27
102
{ACAD_REACTORS
330
1A3
330
1B0
330
1BD
330
1CA
330
1D7
330
1E4
330
1F1
330
1FE
330
20B
330
218
330
225
330
232
330
240
330
24C
330
259
330
265
102
}
330
A
100
AcDbSymbolTableRecord
100
AcDbDimStyleTableRecord
  2
ISO-25
 70
     0
 41
2.5
 42
0.625
 43
3.75
 44
1.25
 73
     0
 74
     0
 77
     1
 78
     8
140
2.5
141
2.5
143
0.0393700787401575
147
0.625
171
     3
172
     1
178
     0
271
     2
272
     2
274
     3
278
    44
283
     0
284
     8
340
11
  0
ENDTAB
  0
TABLE
  2
BLOCK_RECORD
  5
1
330
0
100
AcDbSymbolTable
 70
    19
  0
BLOCK_RECORD
  5
1F
330
1
100
AcDbSymbolTableRecord
100
AcDbBlockTableRecord
  2
*Model_Space
340
22
 70
     4
280
     1
281
     0
  0
BLOCK_RECORD
  5
A8
330
1
100
AcDbSymbolTableRecord
100
AcDbBlockTableRecord
  2
*Paper_Space
340
A9
 70
     0
280
     1
281
     0
  0
BLOCK_RECORD
  5
23
330
1
100
AcDbSymbolTableRecord
100
AcDbBlockTableRecord
  2
*Paper_Space0
340
26
 70
     0
280
     1
281
     0
  0
BLOCK_RECORD
  5
1B
330
1
100
AcDbSymbolTableRecord
100
AcDbBlockTableRecord
  2
*Paper_Space1
340
1E
 70
     4
280
     1
281
     0
  0
BLOCK_RECORD
  5
1A4
330
1
100
AcDbSymbolTableRecord
100
AcDbBlockTableRecord
  2
*D2
340
0
 70
     0
280
     1
281
     0
  0
BLOCK_RECORD
  5
1B1
330
1
100
AcDbSymbolTableRecord
100
AcDbBlockTableRecord
  2
*D3
340
0
 70
     0
280
     1
281
     0
  0
BLOCK_RECORD
  5
1BE
330
1
100
AcDbSymbolTableRecord
100
AcDbBlockTableRecord
  2
*D4
340
0
 70
     0
280
     1
281
     0
  0
BLOCK_RECORD
  5
1CB
330
1
100
AcDbSymbolTableRecord
100
AcDbBlockTableRecord
  2
*D5
340
0
 70
     0
280
     1
281
     0
  0
BLOCK_RECORD
  5
1D8
330
1
100
AcDbSymbolTableRecord
100
AcDbBlockTableRecord
  2
*D6
340
0
 70
     0
280
     1
281
     0
  0
BLOCK_RECORD
  5
1E5
330
1
100
AcDbSymbolTableRecord
100
AcDbBlockTableRecord
  2
*D7
340
0
 70
     0
280
     1
281
     0
  0
BLOCK_RECORD
  5
1F2
330
1
100
AcDbSymbolTableRecord
100
AcDbBlockTableRecord
  2
*D8
340
0
 70
     0
280
     1
281
     0
  0
BLOCK_RECORD
  5
1FF
330
1
100
AcDbSymbolTableRecord
100
AcDbBlockTableRecord
  2
*D9
340
0
 70
     0
280
     1
281
     0
  0
BLOCK_RECORD
  5
20C
330
1
100
AcDbSymbolTableRecord
100
AcDbBlockTableRecord
  2
*D10
340
0
 70
     0
280
     1
281
     0
  0
BLOCK_RECORD
  5
219
330
1
100
AcDbSymbolTableRecord
100
AcDbBlockTableRecord
  2
*D11
340
0
 70
     0
280
     1
281
     0
  0
BLOCK_RECORD
  5
226
330
1
100
AcDbSymbolTableRecord
100
AcDbBlockTableRecord
  2
*D12
340
0
 70
     0
280
     1
281
     0
  0
BLOCK_RECORD
  5
233
330
1
100
AcDbSymbolTableRecord
100
AcDbBlockTableRecord
  2
*D13
340
0
 70
     0
280
     1
281
     0
  0
BLOCK_RECORD
  5
241
330
1
100
AcDbSymbolTableRecord
100
AcDbBlockTableRecord
  2
*D14
340
0
 70
     0
280
     1
281
     0
  0
BLOCK_RECORD
  5
24D
330
1
100
AcDbSymbolTableRecord
100
AcDbBlockTableRecord
  2
*D15
340
0
 70
     0
280
     1
281
     0
  0
BLOCK_RECORD
  5
25A
330
1
100
AcDbSymbolTableRecord
100
AcDbBlockTableRecord
  2
*D16
340
0
 70
     0
280
     1
281
     0
  0
BLOCK_RECORD
  5
266
330
1
100
AcDbSymbolTableRecord
100
AcDbBlockTableRecord
  2
*D17
340
0
 70
     0
280
     1
281
     0
  0
BLOCK_RECORD
  5
2A9
330
1
100
AcDbSymbolTableRecord
100
AcDbBlockTableRecord
  2
*U18
340
0
102
{BLKREFS
331
2C3
102
}
 70
     0
280
     1
281
     0
  0
ENDTAB
  0
ENDSEC
  0
SECTION
  2
BLOCKS
  0
BLOCK
  5
20
330
1F
100
AcDbEntity
  8
0
100
AcDbBlockBegin
  2
*Model_Space
 70
     0
 10
0.0
 20
0.0
 30
0.0
  3
*Model_Space
  1

  0
ENDBLK
  5
21
330
1F
100
AcDbEntity
  8
0
100
AcDbBlockEnd
  0
BLOCK
  5
AA
330
A8
100
AcDbEntity
 67
     1
  8
0
100
AcDbBlockBegin
  2
*Paper_Space
 70
     0
 10
0.0
 20
0.0
 30
0.0
  3
*Paper_Space
  1

  0
ENDBLK
  5
AB
330
A8
100
AcDbEntity
 67
     1
  8
0
100
AcDbBlockEnd
  0
BLOCK
  5
24
330
23
100
AcDbEntity
  8
0
100
AcDbBlockBegin
  2
*Paper_Space0
 70
     0
 10
0.0
 20
0.0
 30
0.0
  3
*Paper_Space0
  1

  0
ENDBLK
  5
25
330
23
100
AcDbEntity
  8
0
100
AcDbBlockEnd
  0
BLOCK
  5
1C
330
1B
100
AcDbEntity
  8
0
100
AcDbBlockBegin
  2
*Paper_Space1
 70
     0
 10
0.0
 20
0.0
 30
0.0
  3
*Paper_Space1
  1

  0
ENDBLK
  5
1D
330
1B
100
AcDbEntity
  8
0
100
AcDbBlockEnd
  0
BLOCK
  5
1A5
330
1A4
100
AcDbEntity
  8
0
100
AcDbBlockBegin
  2
*D2
 70
     1
 10
0.0
 20
0.0
 30
0.0
  3
*D2
  1

  0
LINE
  5
1A7
330
1A4
100
AcDbEntity
  8
Annotations
  6
Continuous
 62
     0
370
    15
100
AcDbLine
 10
82.5
 20
164.775
 30
0.0
 11
82.5
 21
179.0
 31
0.0
  0
LINE
  5
1A8
330
1A4
100
AcDbEntity
  8
Annotations
  6
Continuous
 62
     0
370
    15
100
AcDbLine
 10
152.5
 20
164.775
 30
0.0
 11
152.5
 21
179.0
 31
0.0
  0
LINE
  5
1A9
330
1A4
100
AcDbEntity
  8
Annotations
  6
Continuous
 62
     0
370
    15
100
AcDbLine
 10
85.0
 20
177.75
 30
0.0
 11
150.0
 21
177.75
 31
0.0
  0
SOLID
  5
1AA
330
1A4
100
AcDbEntity
  8
Annotations
 62
     0
100
AcDbTrace
 10
85.0
 20
178.1666666666667
 30
0.0
 11
85.0
 21
177.3333333333333
 31
0.0
 12
82.5
 22
177.75
 32
0.0
 13
82.5
 23
177.75
 33
0.0
  0
SOLID
  5
1AB
330
1A4
100
AcDbEntity
  8
Annotations
 62
     0
100
AcDbTrace
 10
150.0
 20
177.3333333333333
 30
0.0
 11
150.0
 21
178.1666666666667
 31
0.0
 12
152.5
 22
177.75
 32
0.0
 13
152.5
 23
177.75
 33
0.0
  0
MTEXT
  5
1AC
330
1A4
100
AcDbEntity
  8
Annotations
 62
     0
370
    15
100
AcDbMText
 10
117.5
 20
180.12475
 30
0.0
 40
3.3495
 41
0.0
 46
0.0
 71
     5
 72
     1
  1
\A1;70
  7
Shapr17
 73
     1
 44
1.0
  0
POINT
  5
1AD
330
1A4
100
AcDbEntity
  8
Defpoints
 62
     0
100
AcDbPoint
 10
82.5
 20
164.15
 30
0.0
  0
POINT
  5
1AE
330
1A4
100
AcDbEntity
  8
Defpoints
 62
     0
100
AcDbPoint
 10
152.5
 20
164.15
 30
0.0
  0
POINT
  5
1AF
330
1A4
100
AcDbEntity
  8
Defpoints
 62
     0
100
AcDbPoint
 10
152.5
 20
177.75
 30
0.0
  0
ENDBLK
  5
1A6
330
1A4
100
AcDbEntity
  8
0
100
AcDbBlockEnd
  0
BLOCK
  5
1B2
330
1B1
100
AcDbEntity
  8
0
100
AcDbBlockBegin
  2
*D3
 70
     1
 10
0.0
 20
0.0
 30
0.0
  3
*D3
  1

  0
LINE
  5
1B4
330
1B1
100
AcDbEntity
  8
Annotations
  6
Continuous
 62
     0
370
    15
100
AcDbLine
 10
84.1
 20
166.375
 30
0.0
 11
84.1
 21
172.5632190704346
 31
0.0
  0
LINE
  5
1B5
330
1B1
100
AcDbEntity
  8
Annotations
  6
Continuous
 62
     0
370
    15
100
AcDbLine
 10
150.9
 20
166.375
 30
0.0
 11
150.9
 21
172.5632190704346
 31
0.0
  0
LINE
  5
1B6
330
1B1
100
AcDbEntity
  8
Annotations
  6
Continuous
 62
     0
370
    15
100
AcDbLine
 10
86.6
 20
171.3132190704346
 30
0.0
 11
148.4
 21
171.3132190704346
 31
0.0
  0
SOLID
  5
1B7
330
1B1
100
AcDbEntity
  8
Annotations
 62
     0
100
AcDbTrace
 10
86.6
 20
171.7298857371012
 30
0.0
 11
86.6
 21
170.8965524037679
 31
0.0
 12
84.1
 22
171.3132190704346
 32
0.0
 13
84.1
 23
171.3132190704346
 33
0.0
  0
SOLID
  5
1B8
330
1B1
100
AcDbEntity
  8
Annotations
 62
     0
100
AcDbTrace
 10
148.4
 20
170.8965524037679
 30
0.0
 11
148.4
 21
171.7298857371012
 31
0.0
 12
150.9
 22
171.3132190704346
 32
0.0
 13
150.9
 23
171.3132190704346
 33
0.0
  0
MTEXT
  5
1B9
330
1B1
100
AcDbEntity
  8
Annotations
 62
     0
370
    15
100
AcDbMText
 10
117.5
 20
174.0069690704346
 30
0.0
 40
3.3495
 41
0.0
 46
0.0
 71
     5
 72
     1
  1
\A1;66,8
  7
Shapr17
 73
     1
 44
1.0
  0
POINT
  5
1BA
330
1B1
100
AcDbEntity
  8
Defpoints
 62
     0
100
AcDbPoint
 10
84.1
 20
165.75
 30
0.0
  0
POINT
  5
1BB
330
1B1
100
AcDbEntity
  8
Defpoints
 62
     0
100
AcDbPoint
 10
150.9
 20
165.75
 30
0.0
  0
POINT
  5
1BC
330
1B1
100
AcDbEntity
  8
Defpoints
 62
     0
100
AcDbPoint
 10
150.9
 20
171.3132190704346
 30
0.0
  0
ENDBLK
  5
1B3
330
1B1
100
AcDbEntity
  8
0
100
AcDbBlockEnd
  0
BLOCK
  5
1BF
330
1BE
100
AcDbEntity
  8
0
100
AcDbBlockBegin
  2
*D4
 70
     1
 10
0.0
 20
0.0
 30
0.0
  3
*D4
  1

  0
LINE
  5
1C1
330
1BE
100
AcDbEntity
  8
Annotations
  6
Continuous
 62
     0
370
    15
100
AcDbLine
 10
84.10000000000001
 20
218.075
 30
0.0
 11
84.10000000000001
 21
205.45
 31
0.0
  0
LINE
  5
1C2
330
1BE
100
AcDbEntity
  8
Annotations
  6
Continuous
 62
     0
370
    15
100
AcDbLine
 10
150.9
 20
218.075
 30
0.0
 11
150.9
 21
205.45
 31
0.0
  0
LINE
  5
1C3
330
1BE
100
AcDbEntity
  8
Annotations
  6
Continuous
 62
     0
370
    15
100
AcDbLine
 10
86.60000000000001
 20
206.7
 30
0.0
 11
148.4
 21
206.7
 31
0.0
  0
SOLID
  5
1C4
330
1BE
100
AcDbEntity
  8
Annotations
 62
     0
100
AcDbTrace
 10
86.60000000000001
 20
207.1166666666666
 30
0.0
 11
86.60000000000001
 21
206.2833333333333
 31
0.0
 12
84.10000000000001
 22
206.7
 32
0.0
 13
84.10000000000001
 23
206.7
 33
0.0
  0
SOLID
  5
1C5
330
1BE
100
AcDbEntity
  8
Annotations
 62
     0
100
AcDbTrace
 10
148.4
 20
206.2833333333333
 30
0.0
 11
148.4
 21
207.1166666666666
 31
0.0
 12
150.9
 22
206.7
 32
0.0
 13
150.9
 23
206.7
 33
0.0
  0
MTEXT
  5
1C6
330
1BE
100
AcDbEntity
  8
Annotations
 62
     0
370
    15
100
AcDbMText
 10
117.5
 20
209.39375
 30
0.0
 40
3.3495
 41
0.0
 46
0.0
 71
     5
 72
     1
  1
\A1;66,8
  7
Shapr15
 73
     1
 44
1.0
  0
POINT
  5
1C7
330
1BE
100
AcDbEntity
  8
Defpoints
 62
     0
100
AcDbPoint
 10
84.10000000000001
 20
218.7
 30
0.0
  0
POINT
  5
1C8
330
1BE
100
AcDbEntity
  8
Defpoints
 62
     0
100
AcDbPoint
 10
150.9
 20
218.7
 30
0.0
  0
POINT
  5
1C9
330
1BE
100
AcDbEntity
  8
Defpoints
 62
     0
100
AcDbPoint
 10
150.9
 20
206.7
 30
0.0
  0
ENDBLK
  5
1C0
330
1BE
100
AcDbEntity
  8
0
100
AcDbBlockEnd
  0
BLOCK
  5
1CC
330
1CB
100
AcDbEntity
  8
0
100
AcDbBlockBegin
  2
*D5
 70
     1
 10
0.0
 20
0.0
 30
0.0
  3
*D5
  1

  0
LINE
  5
1CE
330
1CB
100
AcDbEntity
  8
Annotations
  6
Continuous
 62
     0
370
    15
100
AcDbLine
 10
87.5
 20
234.825
 30
0.0
 11
87.5
 21
248.05
 31
0.0
  0
LINE
  5
1CF
330
1CB
100
AcDbEntity
  8
Annotations
  6
Continuous
 62
     0
370
    15
100
AcDbLine
 10
147.5
 20
234.825
 30
0.0
 11
147.5
 21
248.05
 31
0.0
  0
LINE
  5
1D0
330
1CB
100
AcDbEntity
  8
Annotations
  6
Continuous
 62
     0
370
    15
100
AcDbLine
 10
90.0
 20
246.8
 30
0.0
 11
145.0
 21
246.8
 31
0.0
  0
SOLID
  5
1D1
330
1CB
100
AcDbEntity
  8
Annotations
 62
     0
100
AcDbTrace
 10
90.0
 20
247.2166666666667
 30
0.0
 11
90.0
 21
246.3833333333334
 31
0.0
 12
87.5
 22
246.8
 32
0.0
 13
87.5
 23
246.8
 33
0.0
  0
SOLID
  5
1D2
330
1CB
100
AcDbEntity
  8
Annotations
 62
     0
100
AcDbTrace
 10
145.0
 20
246.3833333333334
 30
0.0
 11
145.0
 21
247.2166666666667
 31
0.0
 12
147.5
 22
246.8
 32
0.0
 13
147.5
 23
246.8
 33
0.0
  0
MTEXT
  5
1D3
330
1CB
100
AcDbEntity
  8
Annotations
 62
     0
370
    15
100
AcDbMText
 10
117.5
 20
249.17475
 30
0.0
 40
3.3495
 41
0.0
 46
0.0
 71
     5
 72
     1
  1
\A1;60
  7
Shapr15
 73
     1
 44
1.0
  0
POINT
  5
1D4
330
1CB
100
AcDbEntity
  8
Defpoints
 62
     0
100
AcDbPoint
 10
87.5
 20
234.2
 30
0.0
  0
POINT
  5
1D5
330
1CB
100
AcDbEntity
  8
Defpoints
 62
     0
100
AcDbPoint
 10
147.5
 20
234.2
 30
0.0
  0
POINT
  5
1D6
330
1CB
100
AcDbEntity
  8
Defpoints
 62
     0
100
AcDbPoint
 10
147.5
 20
246.8
 30
0.0
  0
ENDBLK
  5
1CD
330
1CB
100
AcDbEntity
  8
0
100
AcDbBlockEnd
  0
BLOCK
  5
1D9
330
1D8
100
AcDbEntity
  8
0
100
AcDbBlockBegin
  2
*D6
 70
     1
 10
0.0
 20
0.0
 30
0.0
  3
*D6
  1

  0
LINE
  5
1DB
330
1D8
100
AcDbEntity
  8
Annotations
  6
Continuous
 62
     0
370
    15
100
AcDbLine
 10
88.1
 20
235.425
 30
0.0
 11
88.1
 21
242.0271385192871
 31
0.0
  0
LINE
  5
1DC
330
1D8
100
AcDbEntity
  8
Annotations
  6
Continuous
 62
     0
370
    15
100
AcDbLine
 10
146.9
 20
235.425
 30
0.0
 11
146.9
 21
242.0271385192871
 31
0.0
  0
LINE
  5
1DD
330
1D8
100
AcDbEntity
  8
Annotations
  6
Continuous
 62
     0
370
    15
100
AcDbLine
 10
90.6
 20
240.7771385192871
 30
0.0
 11
144.4
 21
240.7771385192871
 31
0.0
  0
SOLID
  5
1DE
330
1D8
100
AcDbEntity
  8
Annotations
 62
     0
100
AcDbTrace
 10
90.6
 20
241.1938051859538
 30
0.0
 11
90.6
 21
240.3604718526205
 31
0.0
 12
88.1
 22
240.7771385192871
 32
0.0
 13
88.1
 23
240.7771385192871
 33
0.0
  0
SOLID
  5
1DF
330
1D8
100
AcDbEntity
  8
Annotations
 62
     0
100
AcDbTrace
 10
144.4
 20
240.3604718526205
 30
0.0
 11
144.4
 21
241.1938051859538
 31
0.0
 12
146.9
 22
240.7771385192871
 32
0.0
 13
146.9
 23
240.7771385192871
 33
0.0
  0
MTEXT
  5
1E0
330
1D8
100
AcDbEntity
  8
Annotations
 62
     0
370
    15
100
AcDbMText
 10
117.5
 20
243.4708885192871
 30
0.0
 40
3.3495
 41
0.0
 46
0.0
 71
     5
 72
     1
  1
\A1;58,8
  7
Shapr15
 73
     1
 44
1.0
  0
POINT
  5
1E1
330
1D8
100
AcDbEntity
  8
Defpoints
 62
     0
100
AcDbPoint
 10
88.1
 20
234.8
 30
0.0
  0
POINT
  5
1E2
330
1D8
100
AcDbEntity
  8
Defpoints
 62
     0
100
AcDbPoint
 10
146.9
 20
234.8
 30
0.0
  0
POINT
  5
1E3
330
1D8
100
AcDbEntity
  8
Defpoints
 62
     0
100
AcDbPoint
 10
146.9
 20
240.7771385192871
 30
0.0
  0
ENDBLK
  5
1DA
330
1D8
100
AcDbEntity
  8
0
100
AcDbBlockEnd
  0
BLOCK
  5
1E6
330
1E5
100
AcDbEntity
  8
0
100
AcDbBlockBegin
  2
*D7
 70
     1
 10
0.0
 20
0.0
 30
0.0
  3
*D7
  1

  0
LINE
  5
1E8
330
1E5
100
AcDbEntity
  8
Annotations
  6
Continuous
 62
     0
370
    15
100
AcDbLine
 10
254.6
 20
218.075
 30
0.0
 11
254.6
 21
205.45
 31
0.0
  0
LINE
  5
1E9
330
1E5
100
AcDbEntity
  8
Annotations
  6
Continuous
 62
     0
370
    15
100
AcDbLine
 10
370.4
 20
218.075
 30
0.0
 11
370.4
 21
205.45
 31
0.0
  0
LINE
  5
1EA
330
1E5
100
AcDbEntity
  8
Annotations
  6
Continuous
 62
     0
370
    15
100
AcDbLine
 10
257.1
 20
206.7
 30
0.0
 11
367.9
 21
206.7
 31
0.0
  0
SOLID
  5
1EB
330
1E5
100
AcDbEntity
  8
Annotations
 62
     0
100
AcDbTrace
 10
257.1
 20
207.1166666666666
 30
0.0
 11
257.1
 21
206.2833333333333
 31
0.0
 12
254.6
 22
206.7
 32
0.0
 13
254.6
 23
206.7
 33
0.0
  0
SOLID
  5
1EC
330
1E5
100
AcDbEntity
  8
Annotations
 62
     0
100
AcDbTrace
 10
367.9
 20
206.2833333333333
 30
0.0
 11
367.9
 21
207.1166666666666
 31
0.0
 12
370.4
 22
206.7
 32
0.0
 13
370.4
 23
206.7
 33
0.0
  0
MTEXT
  5
1ED
330
1E5
100
AcDbEntity
  8
Annotations
 62
     0
370
    15
100
AcDbMText
 10
312.5
 20
209.39375
 30
0.0
 40
3.3495
 41
0.0
 46
0.0
 71
     5
 72
     1
  1
\A1;115,8
  7
Shapr16
 73
     1
 44
1.0
  0
POINT
  5
1EE
330
1E5
100
AcDbEntity
  8
Defpoints
 62
     0
100
AcDbPoint
 10
254.6
 20
218.7
 30
0.0
  0
POINT
  5
1EF
330
1E5
100
AcDbEntity
  8
Defpoints
 62
     0
100
AcDbPoint
 10
370.4
 20
218.7
 30
0.0
  0
POINT
  5
1F0
330
1E5
100
AcDbEntity
  8
Defpoints
 62
     0
100
AcDbPoint
 10
370.4
 20
206.7
 30
0.0
  0
ENDBLK
  5
1E7
330
1E5
100
AcDbEntity
  8
0
100
AcDbBlockEnd
  0
BLOCK
  5
1F3
330
1F2
100
AcDbEntity
  8
0
100
AcDbBlockBegin
  2
*D8
 70
     1
 10
0.0
 20
0.0
 30
0.0
  3
*D8
  1

  0
LINE
  5
1F5
330
1F2
100
AcDbEntity
  8
Annotations
  6
Continuous
 62
     0
370
    15
100
AcDbLine
 10
280.9
 20
226.925
 30
0.0
 11
280.9
 21
248.05
 31
0.0
  0
LINE
  5
1F6
330
1F2
100
AcDbEntity
  8
Annotations
  6
Continuous
 62
     0
370
    15
100
AcDbLine
 10
253.0
 20
226.925
 30
0.0
 11
253.0
 21
248.05
 31
0.0
  0
LINE
  5
1F7
330
1F2
100
AcDbEntity
  8
Annotations
  6
Continuous
 62
     0
370
    15
100
AcDbLine
 10
278.4
 20
246.8
 30
0.0
 11
255.5
 21
246.8
 31
0.0
  0
SOLID
  5
1F8
330
1F2
100
AcDbEntity
  8
Annotations
 62
     0
100
AcDbTrace
 10
278.4
 20
246.3833333333334
 30
0.0
 11
278.4
 21
247.2166666666667
 31
0.0
 12
280.9
 22
246.8
 32
0.0
 13
280.9
 23
246.8
 33
0.0
  0
SOLID
  5
1F9
330
1F2
100
AcDbEntity
  8
Annotations
 62
     0
100
AcDbTrace
 10
255.5
 20
247.2166666666667
 30
0.0
 11
255.5
 21
246.3833333333334
 31
0.0
 12
253.0
 22
246.8
 32
0.0
 13
253.0
 23
246.8
 33
0.0
  0
MTEXT
  5
1FA
330
1F2
100
AcDbEntity
  8
Annotations
 62
     0
370
    15
100
AcDbMText
 10
266.95
 20
249.49375
 30
0.0
 40
3.3495
 41
0.0
 46
0.0
 71
     5
 72
     1
  1
\A1;27,9
  7
Shapr16
 73
     1
 44
1.0
  0
POINT
  5
1FB
330
1F2
100
AcDbEntity
  8
Defpoints
 62
     0
100
AcDbPoint
 10
280.9
 20
226.3
 30
0.0
  0
POINT
  5
1FC
330
1F2
100
AcDbEntity
  8
Defpoints
 62
     0
100
AcDbPoint
 10
253.0
 20
226.3
 30
0.0
  0
POINT
  5
1FD
330
1F2
100
AcDbEntity
  8
Defpoints
 62
     0
100
AcDbPoint
 10
253.0
 20
246.8
 30
0.0
  0
ENDBLK
  5
1F4
330
1F2
100
AcDbEntity
  8
0
100
AcDbBlockEnd
  0
BLOCK
  5
200
330
1FF
100
AcDbEntity
  8
0
100
AcDbBlockBegin
  2
*D9
 70
     1
 10
0.0
 20
0.0
 30
0.0
  3
*D9
  1

  0
LINE
  5
202
330
1FF
100
AcDbEntity
  8
Annotations
  6
Continuous
 62
     0
370
    15
100
AcDbLine
 10
282.5
 20
234.825
 30
0.0
 11
282.5
 21
248.05
 31
0.0
  0
LINE
  5
203
330
1FF
100
AcDbEntity
  8
Annotations
  6
Continuous
 62
     0
370
    15
100
AcDbLine
 10
342.5
 20
234.825
 30
0.0
 11
342.5
 21
248.05
 31
0.0
  0
LINE
  5
204
330
1FF
100
AcDbEntity
  8
Annotations
  6
Continuous
 62
     0
370
    15
100
AcDbLine
 10
285.0
 20
246.8
 30
0.0
 11
340.0
 21
246.8
 31
0.0
  0
SOLID
  5
205
330
1FF
100
AcDbEntity
  8
Annotations
 62
     0
100
AcDbTrace
 10
285.0
 20
247.2166666666667
 30
0.0
 11
285.0
 21
246.3833333333334
 31
0.0
 12
282.5
 22
246.8
 32
0.0
 13
282.5
 23
246.8
 33
0.0
  0
SOLID
  5
206
330
1FF
100
AcDbEntity
  8
Annotations
 62
     0
100
AcDbTrace
 10
340.0
 20
246.3833333333334
 30
0.0
 11
340.0
 21
247.2166666666667
 31
0.0
 12
342.5
 22
246.8
 32
0.0
 13
342.5
 23
246.8
 33
0.0
  0
MTEXT
  5
207
330
1FF
100
AcDbEntity
  8
Annotations
 62
     0
370
    15
100
AcDbMText
 10
312.5
 20
249.17475
 30
0.0
 40
3.3495
 41
0.0
 46
0.0
 71
     5
 72
     1
  1
\A1;60
  7
Shapr16
 73
     1
 44
1.0
  0
POINT
  5
208
330
1FF
100
AcDbEntity
  8
Defpoints
 62
     0
100
AcDbPoint
 10
282.5
 20
234.2
 30
0.0
  0
POINT
  5
209
330
1FF
100
AcDbEntity
  8
Defpoints
 62
     0
100
AcDbPoint
 10
342.5
 20
234.2
 30
0.0
  0
POINT
  5
20A
330
1FF
100
AcDbEntity
  8
Defpoints
 62
     0
100
AcDbPoint
 10
342.5
 20
246.8
 30
0.0
  0
ENDBLK
  5
201
330
1FF
100
AcDbEntity
  8
0
100
AcDbBlockEnd
  0
BLOCK
  5
20D
330
20C
100
AcDbEntity
  8
0
100
AcDbBlockBegin
  2
*D10
 70
     1
 10
0.0
 20
0.0
 30
0.0
  3
*D10
  1

  0
LINE
  5
20F
330
20C
100
AcDbEntity
  8
Annotations
  6
Continuous
 62
     0
370
    15
100
AcDbLine
 10
344.1
 20
226.925
 30
0.0
 11
344.1
 21
248.05
 31
0.0
  0
LINE
  5
210
330
20C
100
AcDbEntity
  8
Annotations
  6
Continuous
 62
     0
370
    15
100
AcDbLine
 10
372.0
 20
226.925
 30
0.0
 11
372.0
 21
248.05
 31
0.0
  0
LINE
  5
211
330
20C
100
AcDbEntity
  8
Annotations
  6
Continuous
 62
     0
370
    15
100
AcDbLine
 10
346.6
 20
246.8
 30
0.0
 11
369.5
 21
246.8
 31
0.0
  0
SOLID
  5
212
330
20C
100
AcDbEntity
  8
Annotations
 62
     0
100
AcDbTrace
 10
346.6
 20
247.2166666666667
 30
0.0
 11
346.6
 21
246.3833333333334
 31
0.0
 12
344.1
 22
246.8
 32
0.0
 13
344.1
 23
246.8
 33
0.0
  0
SOLID
  5
213
330
20C
100
AcDbEntity
  8
Annotations
 62
     0
100
AcDbTrace
 10
369.5
 20
246.3833333333334
 30
0.0
 11
369.5
 21
247.2166666666667
 31
0.0
 12
372.0
 22
246.8
 32
0.0
 13
372.0
 23
246.8
 33
0.0
  0
MTEXT
  5
214
330
20C
100
AcDbEntity
  8
Annotations
 62
     0
370
    15
100
AcDbMText
 10
358.05
 20
249.49375
 30
0.0
 40
3.3495
 41
0.0
 46
0.0
 71
     5
 72
     1
  1
\A1;27,9
  7
Shapr16
 73
     1
 44
1.0
  0
POINT
  5
215
330
20C
100
AcDbEntity
  8
Defpoints
 62
     0
100
AcDbPoint
 10
344.1
 20
226.3
 30
0.0
  0
POINT
  5
216
330
20C
100
AcDbEntity
  8
Defpoints
 62
     0
100
AcDbPoint
 10
372.0
 20
226.3
 30
0.0
  0
POINT
  5
217
330
20C
100
AcDbEntity
  8
Defpoints
 62
     0
100
AcDbPoint
 10
372.0
 20
246.8
 30
0.0
  0
ENDBLK
  5
20E
330
20C
100
AcDbEntity
  8
0
100
AcDbBlockEnd
  0
BLOCK
  5
21A
330
219
100
AcDbEntity
  8
0
100
AcDbBlockBegin
  2
*D11
 70
     1
 10
0.0
 20
0.0
 30
0.0
  3
*D11
  1

  0
LINE
  5
21C
330
219
100
AcDbEntity
  8
Annotations
  6
Continuous
 62
     0
370
    15
100
AcDbLine
 10
253.0
 20
225.675
 30
0.0
 11
253.0
 21
199.0676538467407
 31
0.0
  0
LINE
  5
21D
330
219
100
AcDbEntity
  8
Annotations
  6
Continuous
 62
     0
370
    15
100
AcDbLine
 10
372.0
 20
225.675
 30
0.0
 11
372.0
 21
199.0676538467407
 31
0.0
  0
LINE
  5
21E
330
219
100
AcDbEntity
  8
Annotations
  6
Continuous
 62
     0
370
    15
100
AcDbLine
 10
255.5
 20
200.3176538467407
 30
0.0
 11
369.5
 21
200.3176538467407
 31
0.0
  0
SOLID
  5
21F
330
219
100
AcDbEntity
  8
Annotations
 62
     0
100
AcDbTrace
 10
255.5
 20
200.7343205134074
 30
0.0
 11
255.5
 21
199.9009871800741
 31
0.0
 12
253.0
 22
200.3176538467407
 32
0.0
 13
253.0
 23
200.3176538467407
 33
0.0
  0
SOLID
  5
220
330
219
100
AcDbEntity
  8
Annotations
 62
     0
100
AcDbTrace
 10
369.5
 20
199.9009871800741
 30
0.0
 11
369.5
 21
200.7343205134074
 31
0.0
 12
372.0
 22
200.3176538467407
 32
0.0
 13
372.0
 23
200.3176538467407
 33
0.0
  0
MTEXT
  5
221
330
219
100
AcDbEntity
  8
Annotations
 62
     0
370
    15
100
AcDbMText
 10
312.5
 20
202.6924038467407
 30
0.0
 40
3.3495
 41
0.0
 46
0.0
 71
     5
 72
     1
  1
\A1;119
  7
Shapr16
 73
     1
 44
1.0
  0
POINT
  5
222
330
219
100
AcDbEntity
  8
Defpoints
 62
     0
100
AcDbPoint
 10
253.0
 20
226.3
 30
0.0
  0
POINT
  5
223
330
219
100
AcDbEntity
  8
Defpoints
 62
     0
100
AcDbPoint
 10
372.0
 20
226.3
 30
0.0
  0
POINT
  5
224
330
219
100
AcDbEntity
  8
Defpoints
 62
     0
100
AcDbPoint
 10
372.0
 20
200.3176538467407
 30
0.0
  0
ENDBLK
  5
21B
330
219
100
AcDbEntity
  8
0
100
AcDbBlockEnd
  0
BLOCK
  5
227
330
226
100
AcDbEntity
  8
0
100
AcDbBlockBegin
  2
*D12
 70
     1
 10
0.0
 20
0.0
 30
0.0
  3
*D12
  1

  0
LINE
  5
229
330
226
100
AcDbEntity
  8
Annotations
  6
Continuous
 62
     0
370
    15
100
AcDbLine
 10
153.125
 20
164.15
 30
0.0
 11
165.75
 21
164.15
 31
0.0
  0
LINE
  5
22A
330
226
100
AcDbEntity
  8
Annotations
  6
Continuous
 62
     0
370
    15
100
AcDbLine
 10
153.125
 20
48.34999999999999
 30
0.0
 11
165.75
 21
48.34999999999999
 31
0.0
  0
LINE
  5
22B
330
226
100
AcDbEntity
  8
Annotations
  6
Continuous
 62
     0
370
    15
100
AcDbLine
 10
164.5
 20
161.65
 30
0.0
 11
164.5
 21
50.84999999999999
 31
0.0
  0
SOLID
  5
22C
330
226
100
AcDbEntity
  8
Annotations
 62
     0
100
AcDbTrace
 10
164.9166666666667
 20
161.65
 30
0.0
 11
164.0833333333333
 21
161.65
 31
0.0
 12
164.5
 22
164.15
 32
0.0
 13
164.5
 23
164.15
 33
0.0
  0
SOLID
  5
22D
330
226
100
AcDbEntity
  8
Annotations
 62
     0
100
AcDbTrace
 10
164.0833333333333
 20
50.84999999999999
 30
0.0
 11
164.9166666666667
 21
50.84999999999999
 31
0.0
 12
164.5
 22
48.34999999999999
 32
0.0
 13
164.5
 23
48.34999999999999
 33
0.0
  0
MTEXT
  5
22E
330
226
100
AcDbEntity
  8
Annotations
 62
     0
370
    15
100
AcDbMText
 10
161.80625
 20
95.75419425964355
 30
0.0
 40
3.3495
 41
0.0
 46
0.0
 71
     5
 72
     1
  1
\A1;115,8
  7
Shapr17
 11
0.0
 21
1.0
 31
0.0
 73
     1
 44
1.0
  0
POINT
  5
22F
330
226
100
AcDbEntity
  8
Defpoints
 62
     0
100
AcDbPoint
 10
152.5
 20
164.15
 30
0.0
  0
POINT
  5
230
330
226
100
AcDbEntity
  8
Defpoints
 62
     0
100
AcDbPoint
 10
152.5
 20
48.34999999999999
 30
0.0
  0
POINT
  5
231
330
226
100
AcDbEntity
  8
Defpoints
 62
     0
100
AcDbPoint
 10
164.5
 20
48.34999999999999
 30
0.0
  0
ENDBLK
  5
228
330
226
100
AcDbEntity
  8
0
100
AcDbBlockEnd
  0
BLOCK
  5
234
330
233
100
AcDbEntity
  8
0
100
AcDbBlockBegin
  2
*D13
 70
     1
 10
0.0
 20
0.0
 30
0.0
  3
*D13
  1

  0
LINE
  5
236
330
233
100
AcDbEntity
  8
Annotations
  6
Continuous
 62
     0
370
    15
100
AcDbLine
 10
151.525
 20
165.75
 30
0.0
 11
173.75
 21
165.75
 31
0.0
  0
LINE
  5
237
330
233
100
AcDbEntity
  8
Annotations
  6
Continuous
 62
     0
370
    15
100
AcDbLine
 10
151.525
 20
46.74999999999999
 30
0.0
 11
173.75
 21
46.74999999999999
 31
0.0
  0
LINE
  5
238
330
233
100
AcDbEntity
  8
Annotations
  6
Continuous
 62
     0
370
    15
100
AcDbLine
 10
172.5
 20
163.25
 30
0.0
 11
172.5
 21
49.24999999999999
 31
0.0
  0
SOLID
  5
239
330
233
100
AcDbEntity
  8
Annotations
 62
     0
100
AcDbTrace
 10
172.9166666666667
 20
163.25
 30
0.0
 11
172.0833333333333
 21
163.25
 31
0.0
 12
172.5
 22
165.75
 32
0.0
 13
172.5
 23
165.75
 33
0.0
  0
SOLID
  5
23A
330
233
100
AcDbEntity
  8
Annotations
 62
     0
100
AcDbTrace
 10
172.0833333333333
 20
49.24999999999999
 30
0.0
 11
172.9166666666667
 21
49.24999999999999
 31
0.0
 12
172.5
 22
46.74999999999999
 32
0.0
 13
172.5
 23
46.74999999999999
 33
0.0
  0
MTEXT
  5
23B
330
233
100
AcDbEntity
  8
Annotations
 62
     0
370
    15
100
AcDbMText
 10
170.12525
 20
106.25
 30
0.0
 40
3.3495
 41
0.0
 46
0.0
 71
     5
 72
     1
  1
\A1;119
  7
Shapr17
 11
0.0
 21
1.0
 31
0.0
 73
     1
 44
1.0
  0
POINT
  5
23C
330
233
100
AcDbEntity
  8
Defpoints
 62
     0
100
AcDbPoint
 10
150.9
 20
165.75
 30
0.0
  0
POINT
  5
23D
330
233
100
AcDbEntity
  8
Defpoints
 62
     0
100
AcDbPoint
 10
150.9
 20
46.74999999999999
 30
0.0
  0
POINT
  5
23E
330
233
100
AcDbEntity
  8
Defpoints
 62
     0
100
AcDbPoint
 10
172.5
 20
46.74999999999999
 30
0.0
  0
ENDBLK
  5
235
330
233
100
AcDbEntity
  8
0
100
AcDbBlockEnd
  0
BLOCK
  5
242
330
241
100
AcDbEntity
  8
0
100
AcDbBlockBegin
  2
*D14
 70
     1
 10
0.0
 20
0.0
 30
0.0
  3
*D14
  1

  0
LINE
  5
244
330
241
100
AcDbEntity
  8
Annotations
  6
Continuous
 62
     0
370
    15
100
AcDbLine
 10
128.8135557409678
 20
133.7377987750205
 30
0.0
 11
138.7342416466809
 21
157.8414337532752
 31
0.0
  0
LINE
  5
245
330
241
100
AcDbEntity
  8
Annotations
  6
Continuous
 62
     0
370
    15
100
AcDbLine
 10
106.1864442590323
 20
78.76220122497953
 30
0.0
 11
105.23492569377
 21
76.45035944406949
 31
0.0
  0
MTEXT
  5
246
330
241
100
AcDbEntity
  8
Annotations
 62
     0
370
    15
100
AcDbMText
 10
132.8504023795948
 20
150.6233607691543
 30
0.0
 40
3.3495
 41
0.0
 46
0.0
 71
     5
 72
     1
  1
\A1;%%c54,45
  7
Shapr17
 11
0.3806074261048861
 21
0.9247367123640187
 31
0.0
 73
     1
 44
1.0
  0
LINE
  5
247
330
241
100
AcDbEntity
  8
Annotations
  6
Continuous
 62
     0
370
    15
100
AcDbLine
 10
107.1379628242945
 20
81.07404300588958
 30
0.0
 11
127.8620371757055
 21
131.4259569941104
 31
0.0
  0
SOLID
  5
248
330
241
100
AcDbEntity
  8
Annotations
 62
     0
100
AcDbTrace
 10
106.5717512225173
 20
78.60361479743584
 30
0.0
 11
105.8011372955472
 21
78.92078765252323
 31
0.0
 12
107.1379628242945
 22
81.07404300588958
 32
0.0
 13
107.1379628242945
 23
81.07404300588958
 33
0.0
  0
SOLID
  5
249
330
241
100
AcDbEntity
  8
Annotations
 62
     0
100
AcDbTrace
 10
128.4282487774827
 20
133.8963852025642
 30
0.0
 11
129.1988627044528
 21
133.5792123474768
 31
0.0
 12
127.8620371757055
 22
131.4259569941104
 32
0.0
 13
127.8620371757055
 23
131.4259569941104
 33
0.0
  0
POINT
  5
24A
330
241
100
AcDbEntity
  8
Defpoints
 62
     0
100
AcDbPoint
 10
127.8620371757055
 20
131.4259569941104
 30
0.0
  0
POINT
  5
24B
330
241
100
AcDbEntity
  8
Defpoints
 62
     0
100
AcDbPoint
 10
107.1379628242945
 20
81.07404300588958
 30
0.0
  0
ENDBLK
  5
243
330
241
100
AcDbEntity
  8
0
100
AcDbBlockEnd
  0
BLOCK
  5
24E
330
24D
100
AcDbEntity
  8
0
100
AcDbBlockBegin
  2
*D15
 70
     1
 10
0.0
 20
0.0
 30
0.0
  3
*D15
  1

  0
LINE
  5
250
330
24D
100
AcDbEntity
  8
Annotations
  6
Continuous
 62
     0
370
    15
100
AcDbLine
 10
133.0986635750756
 20
130.3706824047665
 30
0.0
 11
146.6433193342716
 21
151.3151907773613
 31
0.0
  0
LINE
  5
251
330
24D
100
AcDbEntity
  8
Annotations
  6
Continuous
 62
     0
370
    15
100
AcDbLine
 10
101.9013364249244
 20
82.12931759523352
 30
0.0
 11
100.5437503870589
 21
80.03004149386132
 31
0.0
  0
MTEXT
  5
252
330
24D
100
AcDbEntity
  8
Annotations
 62
     0
370
    15
100
AcDbMText
 10
139.5406047998258
 20
145.2926009384986
 30
0.0
 40
3.3495
 41
0.0
 46
0.0
 71
     5
 72
     1
  1
\A1;%%c52,45
  7
Shapr17
 11
0.5430344151462335
 21
0.8397104405488764
 31
0.0
 73
     1
 44
1.0
  0
LINE
  5
253
330
24D
100
AcDbEntity
  8
Annotations
  6
Continuous
 62
     0
370
    15
100
AcDbLine
 10
103.25892246279
 20
84.22859369660571
 30
0.0
 11
131.74107753721
 21
128.2714063033943
 31
0.0
  0
SOLID
  5
254
330
24D
100
AcDbEntity
  8
Annotations
 62
     0
100
AcDbTrace
 10
102.2512157751531
 20
81.90305325558926
 30
0.0
 11
101.5514570746957
 21
82.35558193487778
 31
0.0
 12
103.25892246279
 22
84.22859369660571
 32
0.0
 13
103.25892246279
 23
84.22859369660571
 33
0.0
  0
SOLID
  5
255
330
24D
100
AcDbEntity
  8
Annotations
 62
     0
100
AcDbTrace
 10
132.7487842248469
 20
130.5969467444108
 30
0.0
 11
133.4485429253043
 21
130.1444180651222
 31
0.0
 12
131.74107753721
 22
128.2714063033943
 32
0.0
 13
131.74107753721
 23
128.2714063033943
 33
0.0
  0
ARC
  5
256
330
24D
100
AcDbEntity
  8
Annotations
 62
     0
370
    15
100
AcDbCircle
 10
117.5
 20
106.25
 30
0.0
 40
26.225
100
AcDbArc
 50
54.37832551493475
 51
89.72693673713225
  0
POINT
  5
257
330
24D
100
AcDbEntity
  8
Defpoints
 62
     0
100
AcDbPoint
 10
131.74107753721
 20
128.2714063033943
 30
0.0
  0
POINT
  5
258
330
24D
100
AcDbEntity
  8
Defpoints
 62
     0
100
AcDbPoint
 10
103.25892246279
 20
84.22859369660571
 30
0.0
  0
ENDBLK
  5
24F
330
24D
100
AcDbEntity
  8
0
100
AcDbBlockEnd
  0
BLOCK
  5
25B
330
25A
100
AcDbEntity
  8
0
100
AcDbBlockBegin
  2
*D16
 70
     1
 10
0.0
 20
0.0
 30
0.0
  3
*D16
  1

  0
LINE
  5
25D
330
25A
100
AcDbEntity
  8
Annotations
  6
Continuous
 62
     0
370
    15
100
AcDbLine
 10
107.4500963849988
 20
136.5255584148201
 30
0.0
 11
101.0652138900264
 21
155.760159098926
 31
0.0
  0
LINE
  5
25E
330
25A
100
AcDbEntity
  8
Annotations
  6
Continuous
 62
     0
370
    15
100
AcDbLine
 10
127.5499036150012
 20
75.97444158517989
 30
0.0
 11
128.3375136161769
 21
73.60174891944163
 31
0.0
  0
MTEXT
  5
25F
330
25A
100
AcDbEntity
  8
Annotations
 62
     0
370
    15
100
AcDbMText
 10
105.9276760378013
 20
149.6622765577108
 30
0.0
 40
3.3495
 41
0.0
 46
0.0
 71
     5
 72
     1
  1
\A1;%%c58,8
  7
Shapr17
 11
0.3150440004702575
 21
-0.9490770662953018
 31
0.0
 73
     1
 44
1.0
  0
LINE
  5
260
330
25A
100
AcDbEntity
  8
Annotations
  6
Continuous
 62
     0
370
    15
100
AcDbLine
 10
126.7622936138256
 20
78.34713425091815
 30
0.0
 11
108.2377063861744
 21
134.1528657490819
 31
0.0
  0
SOLID
  5
261
330
25A
100
AcDbEntity
  8
Annotations
 62
     0
100
AcDbTrace
 10
127.9453523926243
 20
76.10570991870917
 30
0.0
 11
127.1544548373782
 21
75.84317325165061
 31
0.0
 12
126.7622936138256
 22
78.34713425091815
 32
0.0
 13
126.7622936138256
 23
78.34713425091815
 33
0.0
  0
SOLID
  5
262
330
25A
100
AcDbEntity
  8
Annotations
 62
     0
100
AcDbTrace
 10
107.0546476073757
 20
136.3942900812908
 30
0.0
 11
107.8455451626218
 21
136.6568267483494
 31
0.0
 12
108.2377063861744
 22
134.1528657490819
 32
0.0
 13
108.2377063861744
 23
134.1528657490819
 33
0.0
  0
POINT
  5
263
330
25A
100
AcDbEntity
  8
Defpoints
 62
     0
100
AcDbPoint
 10
108.2377063861744
 20
134.1528657490819
 30
0.0
  0
POINT
  5
264
330
25A
100
AcDbEntity
  8
Defpoints
 62
     0
100
AcDbPoint
 10
126.7622936138256
 20
78.34713425091815
 30
0.0
  0
ENDBLK
  5
25C
330
25A
100
AcDbEntity
  8
0
100
AcDbBlockEnd
  0
BLOCK
  5
267
330
266
100
AcDbEntity
  8
0
100
AcDbBlockBegin
  2
*D17
 70
     1
 10
0.0
 20
0.0
 30
0.0
  3
*D17
  1

  0
LINE
  5
269
330
266
100
AcDbEntity
  8
Annotations
  6
Continuous
 62
     0
370
    15
100
AcDbLine
 10
99.23016024810852
 20
135.0427587327127
 30
0.0
 11
89.20085893105356
 21
150.8486583465692
 31
0.0
  0
LINE
  5
26A
330
266
100
AcDbEntity
  8
Annotations
  6
Continuous
 62
     0
370
    15
100
AcDbLine
 10
135.7698397518915
 20
77.45724126728727
 30
0.0
 11
137.1092708187457
 21
75.34633520183912
 31
0.0
  0
MTEXT
  5
26B
330
266
100
AcDbEntity
  8
Annotations
 62
     0
370
    15
100
AcDbMText
 10
95.39681255100302
 20
146.1117956332921
 30
0.0
 40
3.3495
 41
0.0
 46
0.0
 71
     5
 72
     1
  1
\A1;%%c63,2
  7
Shapr17
 11
0.5357724267416857
 21
-0.8443624261792593
 31
0.0
 73
     1
 44
1.0
  0
LINE
  5
26C
330
266
100
AcDbEntity
  8
Annotations
  6
Continuous
 62
     0
370
    15
100
AcDbLine
 10
134.4304086850373
 20
79.56814733273542
 30
0.0
 11
100.5695913149627
 21
132.9318526672646
 31
0.0
  0
SOLID
  5
26D
330
266
100
AcDbEntity
  8
Annotations
 62
     0
100
AcDbTrace
 10
136.1216574294662
 20
77.68047977842964
 30
0.0
 11
135.4180220743168
 21
77.2340027561449
 31
0.0
 12
134.4304086850373
 22
79.56814733273542
 32
0.0
 13
134.4304086850373
 23
79.56814733273542
 33
0.0
  0
SOLID
  5
26E
330
266
100
AcDbEntity
  8
Annotations
 62
     0
100
AcDbTrace
 10
98.87834257053383
 20
134.8195202215704
 30
0.0
 11
99.5819779256832
 21
135.2659972438551
 31
0.0
 12
100.5695913149627
 22
132.9318526672646
 32
0.0
 13
100.5695913149627
 23
132.9318526672646
 33
0.0
  0
POINT
  5
26F
330
266
100
AcDbEntity
  8
Defpoints
 62
     0
100
AcDbPoint
 10
100.5695913149627
 20
132.9318526672646
 30
0.0
  0
POINT
  5
270
330
266
100
AcDbEntity
  8
Defpoints
 62
     0
100
AcDbPoint
 10
134.4304086850373
 20
79.56814733273542
 30
0.0
  0
ENDBLK
  5
268
330
266
100
AcDbEntity
  8
0
100
AcDbBlockEnd
  0
BLOCK
  5
2C1
330
2A9
100
AcDbEntity
  8
0
100
AcDbBlockBegin
  2
*U18
 70
     1
 10
0.0
 20
0.0
 30
0.0
  3
*U18
  1

  0
LINE
  5
2AA
330
2A9
100
AcDbEntity
  8
Border
  6
Continuous
370
    15
100
AcDbLine
 10
410.0
 20
10.0
 30
0.0
 11
338.0
 21
10.0
 31
0.0
  0
LINE
  5
2AB
330
2A9
100
AcDbEntity
  8
Border
  6
Continuous
370
    15
100
AcDbLine
 10
410.0
 20
22.0
 30
0.0
 11
338.0
 21
22.0
 31
0.0
  0
LINE
  5
2AC
330
2A9
100
AcDbEntity
  8
Border
  6
Continuous
370
    15
100
AcDbLine
 10
410.0
 20
34.0
 30
0.0
 11
338.0
 21
34.0
 31
0.0
  0
LINE
  5
2AD
330
2A9
100
AcDbEntity
  8
Border
  6
Continuous
370
    15
100
AcDbLine
 10
410.0
 20
46.0
 30
0.0
 11
338.0
 21
46.0
 31
0.0
  0
LINE
  5
2AE
330
2A9
100
AcDbEntity
  8
Border
  6
Continuous
370
    15
100
AcDbLine
 10
410.0
 20
10.0
 30
0.0
 11
410.0
 21
46.0
 31
0.0
  0
LINE
  5
2AF
330
2A9
100
AcDbEntity
  8
Border
  6
Continuous
370
    15
100
AcDbLine
 10
390.0
 20
10.0
 30
0.0
 11
390.0
 21
34.0
 31
0.0
  0
LINE
  5
2B0
330
2A9
100
AcDbEntity
  8
Border
  6
Continuous
370
    15
100
AcDbLine
 10
358.0
 20
10.0
 30
0.0
 11
358.0
 21
34.0
 31
0.0
  0
LINE
  5
2B1
330
2A9
100
AcDbEntity
  8
Border
  6
Continuous
370
    15
100
AcDbLine
 10
338.0
 20
10.0
 30
0.0
 11
338.0
 21
46.0
 31
0.0
  0
CIRCLE
  5
2B2
330
2A9
100
AcDbEntity
  8
Border
  6
Continuous
370
    40
100
AcDbCircle
 10
369.5333333333333
 20
26.23333333333333
 30
0.0
 40
1.083333333333333
  0
CIRCLE
  5
2B3
330
2A9
100
AcDbEntity
  8
Border
  6
Continuous
370
    40
100
AcDbCircle
 10
369.5333333333333
 20
26.23333333333333
 30
0.0
 40
2.166666666666667
  0
LINE
  5
2B4
330
2A9
100
AcDbEntity
  8
Border
  6
Continuous
370
    15
100
AcDbLine
 10
369.3166666666667
 20
26.23333333333333
 30
0.0
 11
369.7499999999999
 21
26.23333333333333
 31
0.0
  0
LINE
  5
2B5
330
2A9
100
AcDbEntity
  8
Border
  6
Continuous
370
    15
100
AcDbLine
 10
368.8833333333333
 20
26.23333333333333
 30
0.0
 11
366.9333333333333
 21
26.23333333333333
 31
0.0
  0
LINE
  5
2B6
330
2A9
100
AcDbEntity
  8
Border
  6
Continuous
370
    15
100
AcDbLine
 10
370.1833333333333
 20
26.23333333333333
 30
0.0
 11
372.1333333333333
 21
26.23333333333333
 31
0.0
  0
LINE
  5
2B7
330
2A9
100
AcDbEntity
  8
Border
  6
Continuous
370
    15
100
AcDbLine
 10
369.5333333333333
 20
26.01666666666667
 30
0.0
 11
369.5333333333333
 21
26.45
 31
0.0
  0
LINE
  5
2B8
330
2A9
100
AcDbEntity
  8
Border
  6
Continuous
370
    15
100
AcDbLine
 10
369.5333333333333
 20
25.58333333333333
 30
0.0
 11
369.5333333333333
 21
23.63333333333333
 31
0.0
  0
LINE
  5
2B9
330
2A9
100
AcDbEntity
  8
Border
  6
Continuous
370
    15
100
AcDbLine
 10
369.5333333333333
 20
26.88333333333333
 30
0.0
 11
369.5333333333333
 21
28.83333333333333
 31
0.0
  0
LINE
  5
2BA
330
2A9
100
AcDbEntity
  8
Border
  6
Continuous
370
    40
100
AcDbLine
 10
360.4333333333333
 20
27.31666666666666
 30
0.0
 11
360.4333333333333
 21
25.15
 31
0.0
  0
LINE
  5
2BB
330
2A9
100
AcDbEntity
  8
Border
  6
Continuous
370
    40
100
AcDbLine
 10
360.4333333333333
 20
27.31666666666666
 30
0.0
 11
365.6333333333333
 21
28.4
 31
0.0
  0
LINE
  5
2BC
330
2A9
100
AcDbEntity
  8
Border
  6
Continuous
370
    40
100
AcDbLine
 10
360.4333333333333
 20
25.15
 30
0.0
 11
365.6333333333333
 21
24.06666666666666
 31
0.0
  0
LINE
  5
2BD
330
2A9
100
AcDbEntity
  8
Border
  6
Continuous
370
    40
100
AcDbLine
 10
365.6333333333333
 20
28.4
 30
0.0
 11
365.6333333333333
 21
24.06666666666666
 31
0.0
  0
LINE
  5
2BE
330
2A9
100
AcDbEntity
  8
Border
  6
Continuous
370
    15
100
AcDbLine
 10
360.0
 20
26.23333333333333
 30
0.0
 11
362.3833333333333
 21
26.23333333333333
 31
0.0
  0
LINE
  5
2BF
330
2A9
100
AcDbEntity
  8
Border
  6
Continuous
370
    15
100
AcDbLine
 10
362.8166666666667
 20
26.23333333333333
 30
0.0
 11
363.25
 21
26.23333333333333
 31
0.0
  0
LINE
  5
2C0
330
2A9
100
AcDbEntity
  8
Border
  6
Continuous
370
    15
100
AcDbLine
 10
366.0666666666667
 20
26.23333333333333
 30
0.0
 11
363.6833333333333
 21
26.23333333333333
 31
0.0
  0
ENDBLK
  5
2C2
330
2A9
100
AcDbEntity
  8
0
100
AcDbBlockEnd
  0
ENDSEC
  0
SECTION
  2
ENTITIES
  0
ARC
  5
B0
330
1F
100
AcDbEntity
  8
Geometries
  6
Continuous
370
    40
100
AcDbCircle
 10
85.9
 20
227.9
 30
0.0
 40
1.600000000000001
100
AcDbArc
 50
270.0
 51
0.0
  0
ARC
  5
B1
330
1F
100
AcDbEntity
  8
Geometries
  6
Continuous
370
    40
100
AcDbCircle
 10
88.1
 20
234.2
 30
0.0
 40
0.5999999999999999
100
AcDbArc
 50
90.0
 51
180.0
  0
LINE
  5
B2
330
1F
100
AcDbEntity
  8
Geometries
  6
Continuous
370
    40
100
AcDbLine
 10
152.5
 20
218.7
 30
0.0
 11
150.9
 21
218.7
 31
0.0
  0
LINE
  5
B3
330
1F
100
AcDbEntity
  8
Geometries
  6
Continuous
370
    40
100
AcDbLine
 10
84.10000000000001
 20
226.3
 30
0.0
 11
84.10000000000001
 21
218.7
 31
0.0
  0
LINE
  5
B4
330
1F
100
AcDbEntity
  8
Geometries
  6
Continuous
370
    40
100
AcDbLine
 10
84.10000000000001
 20
218.7
 30
0.0
 11
82.50000000000001
 21
218.7
 31
0.0
  0
LINE
  5
B5
330
1F
100
AcDbEntity
  8
Geometries
  6
Continuous
370
    40
100
AcDbLine
 10
150.9
 20
218.7
 30
0.0
 11
84.10000000000001
 21
218.7
 31
0.0
  0
LINE
  5
B6
330
1F
100
AcDbEntity
  8
Geometries
  6
Continuous
370
    40
100
AcDbLine
 10
149.1
 20
226.3
 30
0.0
 11
85.9
 21
226.3
 31
0.0
  0
ARC
  5
B7
330
1F
100
AcDbEntity
  8
Geometries
  6
Continuous
370
    40
100
AcDbCircle
 10
146.9
 20
234.2
 30
0.0
 40
0.5999999999999999
100
AcDbArc
 50
0.0
 51
90.0
  0
LINE
  5
B8
330
1F
100
AcDbEntity
  8
Geometries
  6
Continuous
370
    40
100
AcDbLine
 10
87.5
 20
234.2
 30
0.0
 11
87.5
 21
227.9
 31
0.0
  0
LINE
  5
B9
330
1F
100
AcDbEntity
  8
Geometries
  6
Continuous
370
    40
100
AcDbLine
 10
147.5
 20
227.9
 30
0.0
 11
147.5
 21
234.2
 31
0.0
  0
LINE
  5
BA
330
1F
100
AcDbEntity
  8
Geometries
  6
Continuous
370
    40
100
AcDbLine
 10
87.5
 20
227.9
 30
0.0
 11
147.5
 21
227.9
 31
0.0
  0
LINE
  5
BB
330
1F
100
AcDbEntity
  8
Geometries
  6
Continuous
370
    40
100
AcDbLine
 10
85.9
 20
226.3
 30
0.0
 11
84.10000000000001
 21
226.3
 31
0.0
  0
ARC
  5
BC
330
1F
100
AcDbEntity
  8
Geometries
  6
Continuous
370
    40
100
AcDbCircle
 10
149.1
 20
227.9
 30
0.0
 40
1.600000000000001
100
AcDbArc
 50
180.0
 51
270.0
  0
LINE
  5
BD
330
1F
100
AcDbEntity
  8
Geometries
  6
Continuous
370
    40
100
AcDbLine
 10
82.50000000000001
 20
226.3
 30
0.0
 11
84.10000000000001
 21
226.3
 31
0.0
  0
LINE
  5
BE
330
1F
100
AcDbEntity
  8
Geometries
  6
Continuous
370
    40
100
AcDbLine
 10
152.5
 20
226.3
 30
0.0
 11
152.5
 21
218.7
 31
0.0
  0
LINE
  5
BF
330
1F
100
AcDbEntity
  8
Geometries
  6
Continuous
370
    40
100
AcDbLine
 10
150.9
 20
226.3
 30
0.0
 11
152.5
 21
226.3
 31
0.0
  0
LINE
  5
C0
330
1F
100
AcDbEntity
  8
Geometries
  6
Continuous
370
    40
100
AcDbLine
 10
147.5
 20
234.2
 30
0.0
 11
87.5
 21
234.2
 31
0.0
  0
LINE
  5
C1
330
1F
100
AcDbEntity
  8
Geometries
  6
Continuous
370
    40
100
AcDbLine
 10
82.50000000000001
 20
218.7
 30
0.0
 11
82.50000000000001
 21
226.3
 31
0.0
  0
LINE
  5
C2
330
1F
100
AcDbEntity
  8
Geometries
  6
Continuous
370
    40
100
AcDbLine
 10
150.9
 20
218.7
 30
0.0
 11
150.9
 21
226.3
 31
0.0
  0
LINE
  5
C3
330
1F
100
AcDbEntity
  8
Geometries
  6
Continuous
370
    40
100
AcDbLine
 10
88.1
 20
234.8
 30
0.0
 11
146.9
 21
234.8
 31
0.0
  0
LINE
  5
C4
330
1F
100
AcDbEntity
  8
Geometries
  6
Continuous
370
    40
100
AcDbLine
 10
150.9
 20
226.3
 30
0.0
 11
149.1
 21
226.3
 31
0.0
  0
ARC
  5
C5
330
1F
100
AcDbEntity
  8
Geometries
  6
Continuous
370
    40
100
AcDbCircle
 10
280.9
 20
227.9
 30
0.0
 40
1.600000000000001
100
AcDbArc
 50
270.0
 51
0.0
  0
ARC
  5
C6
330
1F
100
AcDbEntity
  8
Geometries
  6
Continuous
370
    40
100
AcDbCircle
 10
341.9
 20
234.2
 30
0.0
 40
0.5999999999999999
100
AcDbArc
 50
0.0
 51
90.0
  0
LINE
  5
C7
330
1F
100
AcDbEntity
  8
Geometries
  6
Continuous
370
    40
100
AcDbLine
 10
370.4
 20
218.7
 30
0.0
 11
254.6
 21
218.7
 31
0.0
  0
LINE
  5
C8
330
1F
100
AcDbEntity
  8
Geometries
  6
Continuous
370
    40
100
AcDbLine
 10
370.4
 20
226.3
 30
0.0
 11
372.0
 21
226.3
 31
0.0
  0
LINE
  5
C9
330
1F
100
AcDbEntity
  8
Geometries
  6
Continuous
370
    40
100
AcDbLine
 10
280.9
 20
226.3
 30
0.0
 11
254.6
 21
226.3
 31
0.0
  0
ARC
  5
CA
330
1F
100
AcDbEntity
  8
Geometries
  6
Continuous
370
    40
100
AcDbCircle
 10
283.1
 20
234.2
 30
0.0
 40
0.5999999999999999
100
AcDbArc
 50
90.0
 51
180.0
  0
LINE
  5
CB
330
1F
100
AcDbEntity
  8
Geometries
  6
Continuous
370
    40
100
AcDbLine
 10
282.5
 20
234.2
 30
0.0
 11
282.5
 21
227.9
 31
0.0
  0
LINE
  5
CC
330
1F
100
AcDbEntity
  8
Geometries
  6
Continuous
370
    40
100
AcDbLine
 10
342.5
 20
227.9
 30
0.0
 11
342.5
 21
234.2
 31
0.0
  0
LINE
  5
CD
330
1F
100
AcDbEntity
  8
Geometries
  6
Continuous
370
    40
100
AcDbLine
 10
283.1
 20
234.8
 30
0.0
 11
341.9
 21
234.8
 31
0.0
  0
LINE
  5
CE
330
1F
100
AcDbEntity
  8
Geometries
  6
Continuous
370
    40
100
AcDbLine
 10
344.1
 20
226.3
 30
0.0
 11
280.9
 21
226.3
 31
0.0
  0
ARC
  5
CF
330
1F
100
AcDbEntity
  8
Geometries
  6
Continuous
370
    40
100
AcDbCircle
 10
344.1
 20
227.9
 30
0.0
 40
1.600000000000001
100
AcDbArc
 50
180.0
 51
270.0
  0
LINE
  5
D0
330
1F
100
AcDbEntity
  8
Geometries
  6
Continuous
370
    40
100
AcDbLine
 10
254.6
 20
218.7
 30
0.0
 11
253.0
 21
218.7
 31
0.0
  0
LINE
  5
D1
330
1F
100
AcDbEntity
  8
Geometries
  6
Continuous
370
    40
100
AcDbLine
 10
372.0
 20
226.3
 30
0.0
 11
372.0
 21
218.7
 31
0.0
  0
LINE
  5
D2
330
1F
100
AcDbEntity
  8
Geometries
  6
Continuous
370
    40
100
AcDbLine
 10
370.4
 20
218.7
 30
0.0
 11
370.4
 21
226.3
 31
0.0
  0
LINE
  5
D3
330
1F
100
AcDbEntity
  8
Geometries
  6
Continuous
370
    40
100
AcDbLine
 10
342.5
 20
234.2
 30
0.0
 11
282.5
 21
234.2
 31
0.0
  0
LINE
  5
D4
330
1F
100
AcDbEntity
  8
Geometries
  6
Continuous
370
    40
100
AcDbLine
 10
253.0
 20
226.3
 30
0.0
 11
254.6
 21
226.3
 31
0.0
  0
LINE
  5
D5
330
1F
100
AcDbEntity
  8
Geometries
  6
Continuous
370
    40
100
AcDbLine
 10
254.6
 20
226.3
 30
0.0
 11
254.6
 21
218.7
 31
0.0
  0
LINE
  5
D6
330
1F
100
AcDbEntity
  8
Geometries
  6
Continuous
370
    40
100
AcDbLine
 10
282.5
 20
227.9
 30
0.0
 11
342.5
 21
227.9
 31
0.0
  0
LINE
  5
D7
330
1F
100
AcDbEntity
  8
Geometries
  6
Continuous
370
    40
100
AcDbLine
 10
372.0
 20
218.7
 30
0.0
 11
370.4
 21
218.7
 31
0.0
  0
LINE
  5
D8
330
1F
100
AcDbEntity
  8
Geometries
  6
Continuous
370
    40
100
AcDbLine
 10
370.4
 20
226.3
 30
0.0
 11
344.1
 21
226.3
 31
0.0
  0
LINE
  5
D9
330
1F
100
AcDbEntity
  8
Geometries
  6
Continuous
370
    40
100
AcDbLine
 10
253.0
 20
218.7
 30
0.0
 11
253.0
 21
226.3
 31
0.0
  0
LWPOLYLINE
  5
DA
330
1F
100
AcDbEntity
  8
Geometries
  6
Continuous
370
    40
100
AcDbPolyline
 90
       69
 70
   128
 43
0.0
 10
104.9651033422007
 20
83.06224660424755
 10
104.9479742238055
 20
83.05990757496778
 10
104.9309119012345
 20
83.05700577517098
 10
104.9139357236063
 20
83.05352138625932
 10
104.8970650400396
 20
83.04943458963506
 10
104.8803016513366
 20
83.04471948232002
 10
104.8636691982264
 20
83.03935200991265
 10
104.84719803581
 20
83.03330944009953
 10
104.8309185191881
 20
83.0265690405673
 10
104.8140937927081
 20
83.01872908849373
 10
104.7975390555952
 20
83.0100614995116
 10
104.786616932834
 20
83.00377488728834
 10
104.7758458914397
 20
82.9970925736891
 10
104.7652438793527
 20
82.99000776638835
 10
104.7527398759386
 20
82.98094187952685
 10
104.7405215824313
 20
82.97125989331893
 10
104.7286286844126
 20
82.96095616254087
 10
104.7171008674644
 20
82.950025041969
 10
104.7057482007945
 20
82.93821290558978
 10
104.6948440586791
 20
82.92572697942205
 10
104.6877970679589
 20
82.91696620690604
 10
104.6809820899923
 20
82.90789935128498
 10
104.6744149356994
 20
82.89853168259953
 10
104.6653055976659
 20
82.88433047541328
 10
104.6567879757294
 20
82.86950343453768
 10
104.651414704188
 20
82.85919207250004
 10
104.6463366472827
 20
82.84861004230392
 10
104.6415671958111
 20
82.83777065540558
 10
104.6369945747589
 20
82.82636184470448
 10
104.6327668119274
 20
82.81469585389038
 10
104.6288955178646
 20
82.80279155987692
 10
104.6253546160911
 20
82.79053308208152
 10
104.6221908614076
 20
82.7780530719286
 10
104.6194118841375
 20
82.76537437862945
 10
104.6164662945287
 20
82.74914532498983
 10
104.6141419872884
 20
82.7326549814941
 10
104.6124321611004
 20
82.71581835678957
 10
104.6113531433674
 20
82.69878633607259
 10
104.6108994349251
 20
82.68118467398088
 10
104.6110939455317
 20
82.66343614662732
 10
104.6119238932187
 20
82.64558799370073
 10
104.6133764960177
 20
82.62768745488998
 10
104.6150803886663
 20
82.61252918102863
 10
104.6172083625598
 20
82.59735836837113
 10
104.6197484757545
 20
82.58219765907629
 10
104.6227151218222
 20
82.5669389488409
 10
104.6260780646359
 20
82.55171205552345
 10
104.6298238210869
 20
82.53653521181795
 10
104.6340321547869
 20
82.5210977689653
 10
104.6386154979432
 20
82.50572893662698
 10
104.6435595113529
 20
82.49044337636182
 10
104.6516748129658
 20
82.467554213321
 10
104.6605425008695
 20
82.44489230046679
 10
104.6698643254468
 20
82.42305968139868
 10
104.6798316923894
 20
82.40146767263035
 10
104.6904078750675
 20
82.38013732660993
 10
104.7015561468514
 20
82.35908969578551
 10
104.7132431150947
 20
82.33833883436904
 10
104.7254538681057
 20
82.3178681696038
 10
104.7381598930082
 20
82.29768850717495
 10
104.7513326769261
 20
82.27781065276767
 10
104.7656442249612
 20
82.25726283253354
 10
104.7804307589125
 20
82.23704026360042
 10
104.7956670837701
 20
82.21714942539491
 10
104.811328004524
 20
82.19759679734366
 10
104.8251466229072
 20
82.18102208488725
 10
104.8392577477128
 20
82.16469478531414
 10
104.8536689673073
 20
82.14859473325136
 10
104.8683526242589
 20
82.1327424947418
  0
LWPOLYLINE
  5
DB
330
1F
100
AcDbEntity
  8
Geometries
  6
Continuous
370
    40
100
AcDbPolyline
 90
        8
 70
   128
 43
0.0
 10
104.9603378911549
 20
83.14391603349111
 10
104.9606041722233
 20
83.1323966327478
 10
104.9610371820608
 20
83.12005360494365
 10
104.961666693935
 20
83.10690489287381
 10
104.962293525998
 20
83.09640989490038
 10
104.9630656614055
 20
83.08546067271817
 10
104.9639974751442
 20
83.07406898845721
 10
104.9651033422007
 20
83.06224660424755
  0
CIRCLE
  5
DC
330
1F
100
AcDbEntity
  8
Geometries
  6
Continuous
370
    40
100
AcDbCircle
 10
117.5
 20
106.25
 30
0.0
 40
31.59999999999999
  0
CIRCLE
  5
DD
330
1F
100
AcDbEntity
  8
Geometries
  6
Continuous
370
    40
100
AcDbCircle
 10
117.5
 20
106.25
 30
0.0
 40
30.0
  0
ARC
  5
DE
330
1F
100
AcDbEntity
  8
Geometries
  6
Continuous
370
    40
100
AcDbCircle
 10
117.5
 20
106.25
 30
0.0
 40
26.225
100
AcDbArc
 50
151.0924547433192
 51
180.0
  0
ARC
  5
DF
330
1F
100
AcDbEntity
  8
Geometries
  6
Continuous
370
    40
100
AcDbCircle
 10
117.5
 20
106.25
 30
0.0
 40
26.225
100
AcDbArc
 50
331.0924547433191
 51
28.90754525668093
  0
ARC
  5
E0
330
1F
100
AcDbEntity
  8
Geometries
  6
Continuous
370
    40
100
AcDbCircle
 10
117.5
 20
106.25
 30
0.0
 40
26.225
100
AcDbArc
 50
328.9075452566809
 51
331.0924547433191
  0
ARC
  5
E1
330
1F
100
AcDbEntity
  8
Geometries
  6
Continuous
370
    40
100
AcDbCircle
 10
117.5
 20
106.25
 30
0.0
 40
26.22500000000001
100
AcDbArc
 50
295.7337717005605
 51
328.9075452566809
  0
ARC
  5
E2
330
1F
100
AcDbEntity
  8
Geometries
  6
Continuous
370
    40
100
AcDbCircle
 10
105.9601870571291
 20
83.16128397236876
 30
0.0
 40
1.500000000000001
100
AcDbArc
 50
223.2902358486619
 51
227.8912865984239
  0
ARC
  5
E3
330
1F
100
AcDbEntity
  8
Geometries
  6
Continuous
370
    40
100
AcDbCircle
 10
127.885707371491
 20
82.60927421832474
 30
0.0
 40
1.500000000000001
100
AcDbArc
 50
308.7088514397147
 51
314.9534372108805
  0
ARC
  5
E4
330
1F
100
AcDbEntity
  8
Geometries
  6
Continuous
370
    40
100
AcDbCircle
 10
116.666522188713
 20
95.00659799247728
 30
0.0
 40
16.96674908003406
100
AcDbArc
 50
269.6990027521683
 51
270.9134005810245
  0
ARC
  5
E5
330
1F
100
AcDbEntity
  8
Geometries
  6
Continuous
370
    40
100
AcDbCircle
 10
116.666522188713
 20
95.00659799247728
 30
0.0
 40
17.46674908003406
100
AcDbArc
 50
227.8912865984237
 51
270.8649025758166
  0
ARC
  5
E6
330
1F
100
AcDbEntity
  8
Geometries
  6
Continuous
370
    40
100
AcDbCircle
 10
117.5
 20
106.25
 30
0.0
 40
27.22500000000002
100
AcDbArc
 50
294.8601109865384
 51
242.35626508905
  0
ARC
  5
E7
330
1F
100
AcDbEntity
  8
Geometries
  6
Continuous
370
    40
100
AcDbCircle
 10
117.5
 20
106.25
 30
0.0
 40
26.225
100
AcDbArc
 50
241.4317119848724
 51
295.7337717005605
  0
ARC
  5
E8
330
1F
100
AcDbEntity
  8
Geometries
  6
Continuous
370
    40
100
AcDbCircle
 10
117.5
 20
106.25
 30
0.0
 40
26.225
100
AcDbArc
 50
31.0924547433191
 51
88.90754525668088
  0
ARC
  5
E9
330
1F
100
AcDbEntity
  8
Geometries
  6
Continuous
370
    40
100
AcDbCircle
 10
84.10000000000002
 20
48.34999999999999
 30
0.0
 40
1.599999999999997
100
AcDbArc
 50
180.0
 51
270.0
  0
ARC
  5
EA
330
1F
100
AcDbEntity
  8
Geometries
  6
Continuous
370
    40
100
AcDbCircle
 10
150.9
 20
164.15
 30
0.0
 40
1.599999999999997
100
AcDbArc
 50
0.0
 51
90.0
  0
ARC
  5
EB
330
1F
100
AcDbEntity
  8
Geometries
  6
Continuous
370
    40
100
AcDbCircle
 10
150.9
 20
48.34999999999999
 30
0.0
 40
1.599999999999997
100
AcDbArc
 50
270.0
 51
0.0
  0
ARC
  5
EC
330
1F
100
AcDbEntity
  8
Geometries
  6
Continuous
370
    40
100
AcDbCircle
 10
117.5
 20
106.25
 30
0.0
 40
26.225
100
AcDbArc
 50
208.9075452566809
 51
211.0924547433191
  0
ARC
  5
ED
330
1F
100
AcDbEntity
  8
Geometries
  6
Continuous
370
    40
100
AcDbCircle
 10
117.5
 20
106.25
 30
0.0
 40
26.225
100
AcDbArc
 50
148.9075452566809
 51
151.0924547433191
  0
LINE
  5
EE
330
1F
100
AcDbEntity
  8
Geometries
  6
Continuous
370
    40
100
AcDbLine
 10
128.8852716270572
 20
82.57975644411297
 30
0.0
 11
128.8866361247016
 21
82.62596260662372
 31
0.0
  0
LINE
  5
EF
330
1F
100
AcDbEntity
  8
Geometries
  6
Continuous
370
    40
100
AcDbLine
 10
140.959480821423
 20
119.2169872981078
 30
0.0
 11
140.459480821423
 21
120.0830127018922
 31
0.0
  0
LINE
  5
F0
330
1F
100
AcDbEntity
  8
Geometries
  6
Continuous
370
    40
100
AcDbLine
 10
139.9573879772641
 20
92.70687073684107
 30
0.0
 11
140.459480821423
 21
92.41698729810778
 31
0.0
  0
LINE
  5
F1
330
1F
100
AcDbEntity
  8
Geometries
  6
Continuous
370
    40
100
AcDbLine
 10
140.459480821423
 20
92.41698729810778
 30
0.0
 11
140.959480821423
 21
93.28301270189222
 31
0.0
  0
LINE
  5
F2
330
1F
100
AcDbEntity
  8
Geometries
  6
Continuous
370
    40
100
AcDbLine
 10
140.459480821423
 20
120.0830127018922
 30
0.0
 11
139.9573879772641
 21
119.7931292631589
 31
0.0
  0
ARC
  5
F3
330
1F
100
AcDbEntity
  8
Geometries
  6
Continuous
370
    40
100
AcDbCircle
 10
117.5
 20
106.25
 30
0.0
 40
28.225
100
AcDbArc
 50
263.3939930308883
 51
268.1267989236003
  0
ARC
  5
F4
330
1F
100
AcDbEntity
  8
Geometries
  6
Continuous
370
    40
100
AcDbCircle
 10
116.666522188713
 20
95.00659799247728
 30
0.0
 40
16.96674908003406
100
AcDbArc
 50
227.8912865984237
 51
261.8217892023199
  0
LINE
  5
F5
330
1F
100
AcDbEntity
  8
Geometries
  6
Continuous
370
    40
100
AcDbLine
 10
105.5
 20
127.25
 30
0.0
 11
105.5
 21
128.25
 31
0.0
  0
LINE
  5
F6
330
1F
100
AcDbEntity
  8
Geometries
  6
Continuous
370
    40
100
AcDbLine
 10
118.0
 20
132.4702331225334
 30
0.0
 11
118.0
 21
133.05
 31
0.0
  0
LINE
  5
F7
330
1F
100
AcDbEntity
  8
Geometries
  6
Continuous
370
    40
100
AcDbLine
 10
94.54261202273588
 20
93.57289614062549
 30
0.0
 11
94.04051917857706
 21
93.2830127018922
 31
0.0
  0
LINE
  5
F8
330
1F
100
AcDbEntity
  8
Geometries
  6
Continuous
370
    40
100
AcDbLine
 10
118.0
 20
133.05
 30
0.0
 11
117.0
 21
133.05
 31
0.0
  0
ARC
  5
F9
330
1F
100
AcDbEntity
  8
Geometries
  6
Continuous
370
    40
100
AcDbCircle
 10
116.666522188713
 20
95.00659799247728
 30
0.0
 40
16.96674908003406
100
AcDbArc
 50
261.8217892023199
 51
269.6990027521682
  0
LINE
  5
FA
330
1F
100
AcDbEntity
  8
Geometries
  6
Continuous
370
    40
100
AcDbLine
 10
94.54051917857704
 20
120.0830127018922
 30
0.0
 11
94.04051917857704
 21
119.2169872981078
 31
0.0
  0
LINE
  5
FB
330
1F
100
AcDbEntity
  8
Geometries
  6
Continuous
370
    40
100
AcDbLine
 10
94.04051917857704
 20
119.2169872981078
 30
0.0
 11
94.54261202273585
 21
118.9271038593745
 31
0.0
  0
ARC
  5
FC
330
1F
100
AcDbEntity
  8
Geometries
  6
Continuous
370
    40
100
AcDbCircle
 10
117.5
 20
106.25
 30
0.0
 40
26.225
100
AcDbArc
 50
28.9075452566809
 51
31.0924547433191
  0
LINE
  5
FD
330
1F
100
AcDbEntity
  8
Geometries
  6
Continuous
370
    40
100
AcDbLine
 10
105.2896476080579
 20
82.41941009680816
 30
0.0
 11
104.9543778835223
 21
82.04847315902786
 31
0.0
  0
LINE
  5
FE
330
1F
100
AcDbEntity
  8
Geometries
  6
Continuous
370
    40
100
AcDbLine
 10
129.5
 20
128.25
 30
0.0
 11
129.5
 21
127.25
 31
0.0
  0
LWPOLYLINE
  5
FF
330
1F
100
AcDbEntity
  8
Geometries
  6
Continuous
370
    40
100
AcDbPolyline
 90
       13
 70
   128
 43
0.0
 10
128.8762921547891
 20
82.47237357151006
 10
128.8777576609972
 20
82.48343199997956
 10
128.8790542204346
 20
82.49411311391307
 10
128.8801935253169
 20
82.50440625444149
 10
128.88119264785
 20
82.51435765842649
 10
128.8820569681016
 20
82.52390694476249
 10
128.8827977554807
 20
82.53304583676542
 10
128.8834356019669
 20
82.54190574557401
 10
128.8839690190759
 20
82.55033512165987
 10
128.8844087468912
 20
82.55832755234384
 10
128.8847671270061
 20
82.56591791075815
 10
128.8850515922224
 20
82.57306242551118
 10
128.8852716270572
 20
82.57975644411297
  0
LINE
  5
100
330
1F
100
AcDbEntity
  8
Geometries
  6
Continuous
370
    40
100
AcDbLine
 10
104.9590518485749
 20
83.21795179617611
 30
0.0
 11
104.9603378911549
 21
83.14391603349111
 31
0.0
  0
LINE
  5
101
330
1F
100
AcDbEntity
  8
Geometries
  6
Continuous
370
    40
100
AcDbLine
 10
129.5
 20
127.25
 30
0.0
 11
129.5
 21
115.25
 31
0.0
  0
CIRCLE
  5
102
330
1F
100
AcDbEntity
  8
Geometries
  6
Continuous
370
    40
100
AcDbCircle
 10
117.5
 20
106.25
 30
0.0
 40
29.4
  0
LINE
  5
103
330
1F
100
AcDbEntity
  8
Geometries
  6
Continuous
370
    40
100
AcDbLine
 10
128.5110705865353
 20
81.82894041201527
 30
0.0
 11
128.8237521940574
 21
81.43877350886052
 31
0.0
  0
LINE
  5
104
330
1F
100
AcDbEntity
  8
Geometries
  6
Continuous
370
    40
100
AcDbLine
 10
129.5
 20
127.25
 30
0.0
 11
105.5
 21
127.25
 31
0.0
  0
LINE
  5
105
330
1F
100
AcDbEntity
  8
Geometries
  6
Continuous
370
    40
100
AcDbLine
 10
116.9369920589467
 20
78.04200485281925
 30
0.0
 11
116.9301796982666
 21
77.54183895770888
 31
0.0
  0
ARC
  5
106
330
1F
100
AcDbEntity
  8
Geometries
  6
Continuous
370
    40
100
AcDbCircle
 10
117.684195866214
 20
95.3388114080982
 30
0.0
 40
17.81293824110561
100
AcDbArc
 50
267.5739625042736
 51
308.7088514397143
  0
LINE
  5
107
330
1F
100
AcDbEntity
  8
Geometries
  6
Continuous
370
    40
100
AcDbLine
 10
105.5
 20
115.25
 30
0.0
 11
105.5
 21
127.25
 31
0.0
  0
LINE
  5
108
330
1F
100
AcDbEntity
  8
Geometries
  6
Continuous
370
    40
100
AcDbLine
 10
140.959480821423
 20
93.28301270189222
 30
0.0
 11
140.4573879772641
 21
93.5728961406255
 31
0.0
  0
ARC
  5
109
330
1F
100
AcDbEntity
  8
Geometries
  6
Continuous
370
    40
100
AcDbCircle
 10
117.5
 20
106.25
 30
0.0
 40
26.225
100
AcDbArc
 50
211.0924547433191
 51
241.4317119848724
  0
LINE
  5
10A
330
1F
100
AcDbEntity
  8
Geometries
  6
Continuous
370
    40
100
AcDbLine
 10
82.50000000000003
 20
48.34999999999999
 30
0.0
 11
82.5
 21
164.15
 31
0.0
  0
ARC
  5
10B
330
1F
100
AcDbEntity
  8
Geometries
  6
Continuous
370
    40
100
AcDbCircle
 10
117.5
 20
106.25
 30
0.0
 40
26.225
100
AcDbArc
 50
180.0
 51
208.907545256681
  0
LINE
  5
10C
330
1F
100
AcDbEntity
  8
Geometries
  6
Continuous
370
    40
100
AcDbLine
 10
84.1
 20
165.75
 30
0.0
 11
150.9
 21
165.75
 31
0.0
  0
LINE
  5
10D
330
1F
100
AcDbEntity
  8
Geometries
  6
Continuous
370
    40
100
AcDbLine
 10
94.04051917857706
 20
93.2830127018922
 30
0.0
 11
94.54051917857706
 21
92.41698729810777
 31
0.0
  0
ARC
  5
10E
330
1F
100
AcDbEntity
  8
Geometries
  6
Continuous
370
    40
100
AcDbCircle
 10
117.5
 20
106.25
 30
0.0
 40
26.225
100
AcDbArc
 50
91.09245474331908
 51
148.9075452566809
  0
LINE
  5
10F
330
1F
100
AcDbEntity
  8
Geometries
  6
Continuous
370
    40
100
AcDbLine
 10
105.5
 20
128.25
 30
0.0
 11
129.5
 21
128.25
 31
0.0
  0
LINE
  5
110
330
1F
100
AcDbEntity
  8
Geometries
  6
Continuous
370
    40
100
AcDbLine
 10
95.04261202273585
 20
119.7931292631589
 30
0.0
 11
94.54051917857704
 21
120.0830127018922
 31
0.0
  0
ARC
  5
111
330
1F
100
AcDbEntity
  8
Geometries
  6
Continuous
370
    40
100
AcDbCircle
 10
84.1
 20
164.15
 30
0.0
 40
1.599999999999997
100
AcDbArc
 50
90.0
 51
180.0
  0
LINE
  5
112
330
1F
100
AcDbEntity
  8
Geometries
  6
Continuous
370
    40
100
AcDbLine
 10
150.9
 20
46.74999999999999
 30
0.0
 11
84.10000000000002
 21
46.74999999999999
 31
0.0
  0
ARC
  5
113
330
1F
100
AcDbEntity
  8
Geometries
  6
Continuous
370
    40
100
AcDbCircle
 10
117.684195866214
 20
95.3388114080982
 30
0.0
 40
17.31293824110556
100
AcDbArc
 50
267.5264206558032
 51
308.7088514397144
  0
LINE
  5
114
330
1F
100
AcDbEntity
  8
Geometries
  6
Continuous
370
    40
100
AcDbLine
 10
117.0
 20
133.05
 30
0.0
 11
117.0
 21
132.4702331225334
 31
0.0
  0
ARC
  5
115
330
1F
100
AcDbEntity
  8
Geometries
  6
Continuous
370
    40
100
AcDbCircle
 10
117.5
 20
106.25
 30
0.0
 40
26.225
100
AcDbArc
 50
88.90754525668088
 51
91.09245474331908
  0
LWPOLYLINE
  5
116
330
1F
100
AcDbEntity
  8
Geometries
  6
Continuous
370
    40
100
AcDbPolyline
 90
       67
 70
   128
 43
0.0
 10
128.9455052221928
 20
81.54775242596824
 10
128.9627936894515
 20
81.5653527374262
 10
128.9797332517665
 20
81.58329588758633
 10
128.9963037589787
 20
81.60157876104661
 10
129.012485060929
 20
81.62019824240498
 10
129.0282676967963
 20
81.63916478800869
 10
129.0436304959548
 20
81.65847786768819
 10
129.0585470971927
 20
81.67813123410477
 10
129.072991139298
 20
81.69811863991973
 10
129.0874101546667
 20
81.71914425846909
 10
129.101277957441
 20
81.74053627225771
 10
129.1145558890156
 20
81.76227996468037
 10
129.1272052907855
 20
81.78436061913185
 10
129.1389329186638
 20
81.80627149746456
 10
129.1499993249521
 20
81.8285059066702
 10
129.1603577935244
 20
81.85103507554261
 10
129.1699616082545
 20
81.87383023287563
 10
129.1760358676146
 20
81.88946338469594
 10
129.1817311176132
 20
81.90520969027693
 10
129.187030627901
 20
81.9210542089925
 10
129.1919527916396
 20
81.93710106287185
 10
129.1964450334553
 20
81.95323080536733
 10
129.200489833063
 20
81.96942258153082
 10
129.2045494187372
 20
81.98801420544379
 10
129.2079837366045
 20
82.00665955453877
 10
129.2107695231123
 20
82.02531497430131
 10
129.2128835147082
 20
82.043936810217
 10
129.2143324063844
 20
82.06293634052875
 10
129.2150440419087
 20
82.08183948025868
 10
129.2150003835906
 20
82.10074837602525
 10
129.2141843531061
 20
82.11947190130489
 10
129.2126527899733
 20
82.13737300470493
 10
129.2103925104515
 20
82.15501509906788
 10
129.2073786892512
 20
82.17249938710339
 10
129.2036378891576
 20
82.18963638937072
 10
129.2006657100895
 20
82.20114114651912
 10
129.1973647004343
 20
82.212455719681
 10
129.1937432536322
 20
82.22356341395633
 10
129.1897712573048
 20
82.23455167414778
 10
129.1854876651297
 20
82.2453146916819
 10
129.180903878693
 20
82.25583866939564
 10
129.1744042523764
 20
82.26935997120012
 10
129.1674154925045
 20
82.28245043035895
 10
129.159968415547
 20
82.29509042710394
 10
129.152093837974
 20
82.30726034166689
 10
129.1436180489533
 20
82.31922227945662
 10
129.1347387638908
 20
82.3307002857565
 10
129.1254884012198
 20
82.34168797613808
 10
129.1158993793739
 20
82.35217896617293
 10
129.1061880535196
 20
82.3619913922548
 10
129.0961907849085
 20
82.37134406085893
 10
129.0859340804852
 20
82.380238985887
 10
129.0753522506561
 20
82.38875041336988
 10
129.0645431315807
 20
82.39681658950252
 10
129.0535294590369
 20
82.4044435279147
 10
129.0420925990483
 20
82.41178684213246
 10
129.0304737002672
 20
82.4186957117292
 10
129.0186923585181
 20
82.42517860882162
 10
129.0066965472595
 20
82.43127910371197
 10
128.9945615314498
 20
82.43697262669183
 10
128.982303123562
 20
82.44226846174817
 10
128.9650963883859
 20
82.4489836740935
 10
128.9476951743223
 20
82.45498264598007
 10
128.9301312443624
 20
82.46028949158678
 10
128.9123064773797
 20
82.46495952352656
 10
128.8943524721599
 20
82.46898023064043
 10
128.8762921547891
 20
82.47237357151006
  0
LINE
  5
117
330
1F
100
AcDbEntity
  8
Geometries
  6
Continuous
370
    40
100
AcDbLine
 10
94.54051917857706
 20
92.41698729810777
 30
0.0
 11
95.04261202273588
 21
92.70687073684104
 31
0.0
  0
ARC
  5
118
330
1F
100
AcDbEntity
  8
Geometries
  6
Continuous
370
    40
100
AcDbCircle
 10
105.9601870571291
 20
83.16128397236876
 30
0.0
 40
0.9999999999999998
100
AcDbArc
 50
185.6837405600792
 51
227.8912865984239
  0
LINE
  5
119
330
1F
100
AcDbEntity
  8
Geometries
  6
Continuous
370
    40
100
AcDbLine
 10
129.5
 20
115.25
 30
0.0
 11
105.5
 21
115.25
 31
0.0
  0
LINE
  5
11A
330
1F
100
AcDbEntity
  8
Geometries
  6
Continuous
370
    40
100
AcDbLine
 10
140.4573879772641
 20
118.9271038593745
 30
0.0
 11
140.959480821423
 21
119.2169872981078
 31
0.0
  0
ARC
  5
11B
330
1F
100
AcDbEntity
  8
Geometries
  6
Continuous
370
    40
100
AcDbCircle
 10
127.885707371491
 20
82.60927421832474
 30
0.0
 40
0.9999999999999989
100
AcDbArc
 50
308.7088514397146
 51
352.1314605215772
  0
LINE
  5
11C
330
1F
100
AcDbEntity
  8
Geometries
  6
Continuous
370
    40
100
AcDbLine
 10
152.5
 20
164.15
 30
0.0
 11
152.5
 21
48.34999999999999
 31
0.0
  0
LWPOLYLINE
  5
11D
330
1F
100
AcDbEntity
  8
Geometries
  6
Continuous
370
    40
100
AcDbPolyline
 90
       63
 70
   128
 43
0.0
 10
338.0603211268654
 20
110.8808655431529
 10
338.0599190151416
 20
110.8998011240275
 10
338.0586401891893
 20
110.9185995878995
 10
338.0564560969675
 20
110.9372139426093
 10
338.0542047328022
 20
110.9510347945312
 10
338.0514114626582
 20
110.9647127752016
 10
338.0480620638795
 20
110.9782208147635
 10
338.0441423138097
 20
110.9915318433597
 10
338.0394707399002
 20
111.0050675358327
 10
338.0341503192688
 20
111.018341937227
 10
338.0281641223652
 20
111.0313132755486
 10
338.021495219639
 20
111.0439397788033
 10
338.0142945741882
 20
111.0559159585515
 10
338.0063976035931
 20
111.067492661162
 10
337.997791618879
 20
111.0786158387693
 10
337.9884639310716
 20
111.0892314435078
 10
337.9817047733923
 20
111.0961301941876
 10
337.9745976038319
 20
111.1027567696924
 10
337.967141156865
 20
111.1090903738308
 10
337.9592748130279
 20
111.1151539094701
 10
337.9510458573811
 20
111.1208831335348
 10
337.9424566478876
 20
111.1262546722176
 10
337.9321809451045
 20
111.1319361751586
 10
337.9214251217746
 20
111.137094137641
 10
337.9102035964852
 20
111.1416926495341
 10
337.8985307878239
 20
111.145695800707
 10
337.8861206122306
 20
111.1491453564289
 10
337.8732572762468
 20
111.1519105372909
 10
337.8598557967327
 20
111.1539737593887
 10
337.8460392443505
 20
111.1552850319394
 10
337.8322982740686
 20
111.1558151264182
 10
337.818225170533
 20
111.1556026001754
 10
337.8037308184909
 20
111.1546227536996
 10
337.7889679828651
 20
111.1528683437413
 10
337.7735750002207
 20
111.1502584937737
 10
337.7579813898378
 20
111.1468343591256
 10
337.7420896301034
 20
111.1425628587366
 10
337.7260805287664
 20
111.1374873486252
 10
337.7119235947264
 20
111.1323671557325
 10
337.6977254427888
 20
111.1266510770363
 10
337.6835217367596
 20
111.1203627747356
 10
337.6693481404448
 20
111.1135259110297
 10
337.6548964852252
 20
111.1059811697805
 10
337.6405017064562
 20
111.0978986822749
 10
337.6261912419047
 20
111.0893077825095
 10
337.6119925293375
 20
111.0802378044811
 10
337.5981871519493
 20
111.0708974924263
 10
337.5845046801289
 20
111.0611348125868
 10
337.570962433073
 20
111.0509760973191
 10
337.5574614613527
 20
111.040354969659
 10
337.5441146121143
 20
111.0293691087725
 10
337.5309337097018
 20
111.0180425825562
 10
337.5176541211686
 20
111.0061473736094
 10
337.5045530105084
 20
110.9939317692785
 10
337.4916382433703
 20
110.981417751568
 10
337.4725149262042
 20
110.9620135122494
 10
337.4538228176769
 20
110.9420185841078
 10
337.4369074463653
 20
110.923026778323
 10
337.4203610161989
 20
110.9036027715114
 10
337.4041889357047
 20
110.8837870269817
 10
337.3882827108452
 20
110.863471730379
 10
337.3727442427395
 20
110.8428107160566
 10
337.3575742155164
 20
110.8218361382379
  0
LWPOLYLINE
  5
11E
330
1F
100
AcDbEntity
  8
Geometries
  6
Continuous
370
    40
100
AcDbPolyline
 90
        9
 70
   128
 43
0.0
 10
305.1633001106792
 20
101.3330287496925
 10
305.159948051907
 20
101.3371994674579
 10
305.1549620974371
 20
101.3426312358312
 10
305.1498361578372
 20
101.3473198771334
 10
305.1445723801027
 20
101.3512646014027
 10
305.1391768665558
 20
101.3544613323349
 10
305.1336557195189
 20
101.3569059936255
 10
305.1277174067653
 20
101.3586630952236
 10
305.1253096790411
 20
101.359132954489
  0
LWPOLYLINE
  5
11F
330
1F
100
AcDbEntity
  8
Geometries
  6
Continuous
370
    40
100
AcDbPolyline
 90
       41
 70
   128
 43
0.0
 10
293.1959848736072
 20
126.9542046193662
 10
293.21360262991
 20
126.9342665237338
 10
293.2309866204451
 20
126.9139011275689
 10
293.2481170864208
 20
126.893131971455
 10
293.2649742690458
 20
126.8719825959753
 10
293.2815513497598
 20
126.8504605821279
 10
293.2978423566965
 20
126.8285746546317
 10
293.3138288085488
 20
126.8063500601503
 10
293.3294922240096
 20
126.7838120453474
 10
293.3456054832984
 20
126.7597862611476
 10
293.3613481746644
 20
126.7354336597608
 10
293.3767006127793
 20
126.7107852484075
 10
293.391643112315
 20
126.6858720343081
 10
293.4054682788819
 20
126.6619406232322
 10
293.4189116212676
 20
126.6377883583722
 10
293.4319579660018
 20
126.6134430059303
 10
293.4445921396144
 20
126.5889323321088
 10
293.4568087498739
 20
126.5642654952376
 10
293.4686036717497
 20
126.5394521415642
 10
293.4799636392935
 20
126.5145207558689
 10
293.490875386557
 20
126.489499822932
 10
293.5018596660526
 20
126.463105828032
 10
293.5123391362894
 20
126.4366345754153
 10
293.5223008483424
 20
126.4101196112753
 10
293.5317318532865
 20
126.3835944818051
 10
293.5402037508161
 20
126.3583708610714
 10
293.5481888761391
 20
126.33315784131
 10
293.5556783625007
 20
126.3079842758094
 10
293.5626633431459
 20
126.2828790178583
 10
293.5691404647899
 20
126.2578517708697
 10
293.5751079211525
 20
126.2329120086932
 10
293.5805591685606
 20
126.208088230683
 10
293.5854876633411
 20
126.1834089361937
 10
293.5901029949534
 20
126.1576266996023
 10
293.5941363439613
 20
126.1320255435516
 10
293.597582971235
 20
126.1066377512343
 10
293.6004381376449
 20
126.0814956058431
 10
293.6028401896253
 20
126.0548287091914
 10
293.604559287653
 20
126.0284820015521
 10
293.6055961258621
 20
126.0023802914769
 10
293.6059419641712
 20
125.9766525670896
  0
LWPOLYLINE
  5
120
330
1F
100
AcDbEntity
  8
Geometries
  6
Continuous
370
    40
100
AcDbPolyline
 90
       41
 70
   128
 43
0.0
 10
294.3130487453577
 20
126.3849008575535
 10
294.3127783201496
 20
126.4076147682534
 10
294.3119678695077
 20
126.4306318358495
 10
294.310618630906
 20
126.4539255442776
 10
294.3087318418182
 20
126.4774693774739
 10
294.3063075086594
 20
126.5012546516324
 10
294.3033472774561
 20
126.5252719487258
 10
294.2998548453255
 20
126.5494936488684
 10
294.2958339093852
 20
126.5738921321748
 10
294.2910371125323
 20
126.5997259459403
 10
294.2856597677316
 20
126.6257339602761
 10
294.2797090492856
 20
126.6518831644661
 10
294.2731921314969
 20
126.6781405477943
 10
294.2664704038071
 20
126.7032040802055
 10
294.2592416035473
 20
126.7283458365497
 10
294.2515142979884
 20
126.7535370024373
 10
294.2432970544011
 20
126.7787487634791
 10
294.2345923723001
 20
126.8039714894853
 10
294.2254042342167
 20
126.8291955264534
 10
294.2157434355622
 20
126.8543920134996
 10
294.2056207717481
 20
126.8795320897403
 10
294.194483129867
 20
126.9058931992404
 10
294.1828438871578
 20
126.9321701787201
 10
294.1707180867861
 20
126.9583298537788
 10
294.1581207719171
 20
126.984339050016
 10
294.1457051302629
 20
127.0089286898833
 10
294.132872482557
 20
127.0333628478532
 10
294.1196377550905
 20
127.0576136604604
 10
294.1060158741547
 20
127.0816532642394
 10
294.0920115467313
 20
127.1054721725649
 10
294.0776306385206
 20
127.1290615827794
 10
294.0628898213776
 20
127.1523946444016
 10
294.0478057671568
 20
127.1754445069498
 10
294.0315819950027
 20
127.1993636934557
 10
294.014992015172
 20
127.2229499631231
 10
293.9980570392767
 20
127.2461737106542
 10
293.9807982789291
 20
127.2690053307516
 10
293.9619116956559
 20
127.2930762000683
 10
293.9426787393162
 20
127.3166606209038
 10
293.9230406845242
 20
127.3398248084028
 10
293.9030916547938
 20
127.3624529098301
  0
LWPOLYLINE
  5
121
330
1F
100
AcDbEntity
  8
Geometries
  6
Continuous
370
    40
100
AcDbPolyline
 90
       41
 70
   128
 43
0.0
 10
338.2574026219958
 20
120.5008171237632
 10
338.2333363193285
 20
120.4873275744952
 10
338.2095893466384
 20
120.4733251604854
 10
338.1861886949369
 20
120.4588261900972
 10
338.163161355235
 20
120.4438469716945
 10
338.1405166418592
 20
120.428392590509
 10
338.1182627125303
 20
120.4124695854049
 10
338.0964248131837
 20
120.3960964384179
 10
338.0750281897542
 20
120.3792916315836
 10
338.053017068228
 20
120.3611637096213
 10
338.0315121518981
 20
120.3425733331984
 10
338.010540331423
 20
120.3235443042052
 10
337.9901284974612
 20
120.3041004245318
 10
337.9712429687193
 20
120.285229375631
 10
337.9528790215087
 20
120.2659977155959
 10
337.9350573831753
 20
120.2464276567532
 10
337.9177987810646
 20
120.2265414114298
 10
337.901110581102
 20
120.2063461642617
 10
337.884998418184
 20
120.1858500516305
 10
337.869480413933
 20
120.1650767026424
 10
337.8545746899714
 20
120.1440497464036
 10
337.8395698851382
 20
120.1216762768413
 10
337.8252546625765
 20
120.0990407765495
 10
337.8116467108468
 20
120.076172052086
 10
337.7987637185099
 20
120.0530989100086
 10
337.7871908912663
 20
120.030976218989
 10
337.7762830072227
 20
120.0086859579482
 10
337.7660521785915
 20
119.9862537347172
 10
337.7565105175851
 20
119.9637051571272
 10
337.747662604876
 20
119.9410487012038
 10
337.7395109078888
 20
119.9182931796519
 10
337.7320643654471
 20
119.8954646966754
 10
337.7253319163744
 20
119.8725893564781
 10
337.7190272561451
 20
119.8484964485038
 10
337.713517598938
 20
119.8243716006523
 10
337.7088094185248
 20
119.8002453614746
 10
337.7049091886768
 20
119.7761482795214
 10
337.7016279246504
 20
119.7503605949157
 10
337.6992795930729
 20
119.7246431208262
 10
337.6978632457397
 20
119.6989209198751
 10
337.6973908218238
 20
119.6733197810945
  0
LWPOLYLINE
  5
122
330
1F
100
AcDbEntity
  8
Geometries
  6
Continuous
370
    40
100
AcDbPolyline
 90
        7
 70
   128
 43
0.0
 10
338.5162216670983
 20
119.943139587938
 10
338.4730874061132
 20
120.0350979895201
 10
338.4299523436632
 20
120.1274473565222
 10
338.3868170091021
 20
120.2201919334651
 10
338.3436784314842
 20
120.313341742067
 10
338.300540125957
 20
120.4068856477637
 10
338.2574026219958
 20
120.5008171237632
  0
LWPOLYLINE
  5
123
330
1F
100
AcDbEntity
  8
Geometries
  6
Continuous
370
    40
100
AcDbPolyline
 90
        8
 70
   128
 43
0.0
 10
338.3573656277782
 20
119.8400441667102
 10
338.3633629321291
 20
119.844595015822
 10
338.3864965394145
 20
119.8616201319631
 10
338.4100724444871
 20
119.8781346073353
 10
338.435871997029
 20
119.8952925073834
 10
338.4621447039789
 20
119.9118371776087
 10
338.4889707857057
 20
119.9278133381729
 10
338.5162216670983
 20
119.943139587938
  0
LWPOLYLINE
  5
124
330
1F
100
AcDbEntity
  8
Geometries
  6
Continuous
370
    40
100
AcDbPolyline
 90
        7
 70
   128
 43
0.0
 10
337.262727294663
 20
110.5817818472622
 10
337.2620078491539
 20
110.5761951844655
 10
337.259958193866
 20
110.5577803905103
 10
337.258359439051
 20
110.5390339679698
 10
337.2572075364582
 20
110.519835385463
 10
337.2565155663319
 20
110.5003211634811
 10
337.2562846585412
 20
110.4805132168266
  0
LWPOLYLINE
  5
125
330
1F
100
AcDbEntity
  8
Geometries
  6
Continuous
370
    40
100
AcDbPolyline
 90
        6
 70
   128
 43
0.0
 10
337.3575742155164
 20
110.8218361382379
 10
337.350790995134
 20
110.8134420367525
 10
337.3441551130113
 20
110.8046096943448
 10
337.3376823737522
 20
110.795352135338
 10
337.3313521548304
 20
110.785625489468
 10
337.3287331092998
 20
110.7813913121687
  0
LWPOLYLINE
  5
126
330
1F
100
AcDbEntity
  8
Geometries
  6
Continuous
370
    40
100
AcDbPolyline
 90
      180
 70
   128
 43
0.0
 10
319.9412906438392
 20
101.3702681297374
 10
319.9380682450266
 20
101.3697268621309
 10
319.8621413643374
 20
101.3570470010841
 10
319.7861461380401
 20
101.3444968867573
 10
319.7100832709137
 20
101.3320766490088
 10
319.6339534683913
 20
101.3197864163303
 10
319.5577574365562
 20
101.3076263158475
 10
319.4814958821333
 20
101.2955964733185
 10
319.4051695124827
 20
101.2836970131336
 10
319.3287790355927
 20
101.2719280583148
 10
319.2523251600681
 20
101.2602897305142
 10
319.1758085951273
 20
101.2487821500145
 10
319.099230050598
 20
101.2374054357283
 10
319.0225902369023
 20
101.2261597051967
 10
318.9458898650534
 20
101.2150450745892
 10
318.8691296466491
 20
101.2040616587034
 10
318.7923102938655
 20
101.1932095709641
 10
318.7154325194433
 20
101.1824889234224
 10
318.6384970366933
 20
101.1718998267565
 10
318.5615045594701
 20
101.1614423902686
 10
318.4844558021844
 20
101.1511167218874
 10
318.407351479785
 20
101.1409229281654
 10
318.3301923077529
 20
101.1308611142794
 10
318.2529790020977
 20
101.1209313840298
 10
318.1757122793434
 20
101.1111338398394
 10
318.0983928565317
 20
101.1014685827545
 10
318.0210214512038
 20
101.0919357124426
 10
317.9435987814042
 20
101.0825353271937
 10
317.8661255656593
 20
101.0732675239177
 10
317.788602522987
 20
101.0641323981464
 10
317.7110303728786
 20
101.0551300440314
 10
317.6334098352906
 20
101.0462605543436
 10
317.5557416306457
 20
101.037524020474
 10
317.4780264798242
 20
101.0289205324325
 10
317.400265104144
 20
101.0204501788468
 10
317.3224582253751
 20
101.0121130469639
 10
317.2446065657136
 20
101.0039092226477
 10
317.1667108477839
 20
100.9958387903797
 10
317.0887717946327
 20
100.9879018332585
 10
317.0107901297145
 20
100.9800984329993
 10
316.9327665768918
 20
100.9724286699334
 10
316.854701860424
 20
100.9648926230082
 10
316.7765967049642
 20
100.9574903697865
 10
316.6984518355479
 20
100.9502219864466
 10
316.620267977587
 20
100.9430875477813
 10
316.5420458568639
 20
100.936087127198
 10
316.4637861995259
 20
100.9292207967187
 10
316.3854897320724
 20
100.9224886269788
 10
316.3071571813589
 20
100.915890687228
 10
316.2287892745738
 20
100.9094270453283
 10
316.1503867392481
 20
100.9030977677558
 10
316.0719503032371
 20
100.8969029195987
 10
315.9934806947164
 20
100.8908425645576
 10
315.9149786421792
 20
100.8849167649457
 10
315.8364448744228
 20
100.8791255816878
 10
315.7578801205437
 20
100.8734690743203
 10
315.679285109936
 20
100.8679473009914
 10
315.6006605722758
 20
100.8625603184601
 10
315.5220072375195
 20
100.8573081820964
 10
315.4433258358966
 20
100.8521909458812
 10
315.3646170979007
 20
100.8472086624055
 10
315.2858817542839
 20
100.8423613828707
 10
315.207120536051
 20
100.8376491570884
 10
315.1283341744465
 20
100.8330720334797
 10
315.0495234009582
 20
100.8286300590755
 10
314.9706889473018
 20
100.8243232795162
 10
314.8918315454143
 20
100.8201517390511
 10
314.8129519274525
 20
100.8161154805389
 10
314.7340508257861
 20
100.8122145454472
 10
314.6551289729754
 20
100.8084489738517
 10
314.5761871017887
 20
100.8048188044374
 10
314.4972259451772
 20
100.8013240744971
 10
314.4182462362763
 20
100.7979648199322
 10
314.3392487083927
 20
100.7947410752519
 10
314.2602340950064
 20
100.7916528735734
 10
314.1812031297552
 20
100.7887002466217
 10
314.1021565464309
 20
100.7858832247296
 10
314.0230950789752
 20
100.7832018368372
 10
313.9440194614653
 20
100.780656110492
 10
313.8649304281199
 20
100.7782460718492
 10
313.7858287132754
 20
100.7759717456707
 10
313.7067150513906
 20
100.7738331553256
 10
313.6275901770422
 20
100.7718303227904
 10
313.548454824904
 20
100.7699632686478
 10
313.4693097297582
 20
100.7682320120881
 10
313.3901556264698
 20
100.7666365709077
 10
313.3109932499956
 20
100.76517696151
 10
313.2318233353659
 20
100.7638531989048
 10
313.1526466176879
 20
100.7626652967087
 10
313.0734638321287
 20
100.7616132671446
 10
312.9942757139121
 20
100.7606971210418
 10
312.9150829983158
 20
100.7599168678359
 10
312.83588642066
 20
100.7592725155692
 10
312.7566867163007
 20
100.75876407089
 10
312.6774846206276
 20
100.7583915390528
 10
312.5982808690487
 20
100.7581549239186
 10
312.5190761969862
 20
100.7580542279546
 10
312.4398713398811
 20
100.758089452234
 10
312.3606670344867
 20
100.7582605964325
 10
312.2814640200033
 20
100.7585676588111
 10
312.2022630318543
 20
100.7590106362357
 10
312.1230648054401
 20
100.7595895241783
 10
312.0438700761387
 20
100.7603043167171
 10
311.9646795792936
 20
100.7611550065367
 10
311.8854940502098
 20
100.7621415849278
 10
311.8063142241443
 20
100.7632640417877
 10
311.7271408363051
 20
100.7645223656197
 10
311.6479746218379
 20
100.7659165435337
 10
311.5688163158196
 20
100.7674465612462
 10
311.4896666532545
 20
100.7691124030799
 10
311.4105263690699
 20
100.7709140519643
 10
311.3313961980975
 20
100.7728514894353
 10
311.2522768750827
 20
100.7749246956357
 10
311.1731691346656
 20
100.7771336493151
 10
311.0940737113774
 20
100.7794783278298
 10
311.0149913396334
 20
100.7819587071431
 10
310.9359227537311
 20
100.7845747618253
 10
310.8568686878355
 20
100.787326465054
 10
310.7778298759741
 20
100.790213788614
 10
310.6988070520388
 20
100.7932367028971
 10
310.6198009497607
 20
100.7963951769032
 10
310.5408123027242
 20
100.7996891782393
 10
310.4618418443434
 20
100.8031186731203
 10
310.3828903078667
 20
100.8066836263688
 10
310.303958426363
 20
100.8103840014156
 10
310.2250469327138
 20
100.8142197602997
 10
310.1461565596157
 20
100.818190863668
 10
310.0672880395633
 20
100.822297270776
 10
309.9884421048438
 20
100.8265389394881
 10
309.9096194875358
 20
100.8309158262772
 10
309.8308209195002
 20
100.835427886225
 10
309.7520471323661
 20
100.8400750730227
 10
309.6732988575357
 20
100.8448573389706
 10
309.5945768261708
 20
100.8497746349783
 10
309.515881769181
 20
100.8548269105656
 10
309.437214417227
 20
100.8600141138618
 10
309.358575500708
 20
100.8653361916063
 10
309.2799657497555
 20
100.8707930891492
 10
309.2013858942257
 20
100.8763847504507
 10
309.1228366636956
 20
100.8821111180819
 10
309.044318787447
 20
100.8879721332254
 10
308.9658329944763
 20
100.8939677356743
 10
308.8873800134672
 20
100.9000978638338
 10
308.8089605728024
 20
100.9063624547204
 10
308.730575400543
 20
100.912761443963
 10
308.6522252244301
 20
100.9192947658024
 10
308.5739107718709
 20
100.9259623530923
 10
308.4956327699375
 20
100.9327641372992
 10
308.4173919453577
 20
100.9397000485024
 10
308.3391890245053
 20
100.9467700153952
 10
308.2610247334009
 20
100.9539739652838
 10
308.1828997976918
 20
100.9613118240894
 10
308.1048149426628
 20
100.9687835163465
 10
308.0267708932128
 20
100.9763889652049
 10
307.9487683738523
 20
100.9841280924297
 10
307.8708081087026
 20
100.9920008184006
 10
307.7928908214875
 20
101.0000070621128
 10
307.7150172355148
 20
101.0081467411786
 10
307.6371880736823
 20
101.0164197718258
 10
307.5594040584663
 20
101.0248260688992
 10
307.4816659119147
 20
101.0333655458605
 10
307.4039743556369
 20
101.0420381147892
 10
307.3263301108039
 20
101.0508436863824
 10
307.2487338981323
 20
101.0597821699555
 10
307.1711864378833
 20
101.0688534734428
 10
307.093688449855
 20
101.0780575033974
 10
307.0162406533742
 20
101.0873941649919
 10
306.9388437672854
 20
101.0968633620191
 10
306.8614985099555
 20
101.1064649968916
 10
306.7842055992502
 20
101.1161989706436
 10
306.7069657525412
 20
101.1260651829297
 10
306.6297796866938
 20
101.1360635320265
 10
306.5526481180533
 20
101.1461939148332
 10
306.4755717624522
 20
101.1564562268709
 10
306.3985513351885
 20
101.1668503622843
 10
306.3215875510267
 20
101.1773762138416
 10
306.2446811241884
 20
101.1880336729353
 10
306.1678327683465
 20
101.1988226295822
 10
306.0910431966194
 20
101.2097429724239
 10
306.0902287682417
 20
101.2098595425078
  0
LWPOLYLINE
  5
127
330
1F
100
AcDbEntity
  8
Geometries
  6
Continuous
370
    40
100
AcDbPolyline
 90
        7
 70
   128
 43
0.0
 10
290.1222178775314
 20
107.8522181043907
 10
290.0857742650514
 20
107.8858164120807
 10
290.0452844842263
 20
107.9233807532393
 10
290.0049966814491
 20
107.961007540866
 10
289.964911150888
 20
107.9986964355467
 10
289.9250281844691
 20
108.0364470985535
 10
289.8987843033515
 20
108.061426953318
  0
LWPOLYLINE
  5
128
330
1F
100
AcDbEntity
  8
Geometries
  6
Continuous
370
    40
100
AcDbPolyline
 90
        4
 70
   128
 43
0.0
 10
286.2758340153164
 20
115.3603545985339
 10
286.275762565866
 20
115.3654370750941
 10
286.2752784659509
 20
115.4093501561699
 10
286.2750632377756
 20
115.4444537507817
  0
LWPOLYLINE
  5
129
330
1F
100
AcDbEntity
  8
Geometries
  6
Continuous
370
    40
100
AcDbPolyline
 90
        4
 70
   128
 43
0.0
 10
338.7249999999579
 20
115.476437443948
 10
338.724999987688
 20
115.4759654513791
 10
338.7248781462608
 20
115.4320499604897
 10
338.7246116023298
 20
115.3972117145864
  0
LWPOLYLINE
  5
12A
330
1F
100
AcDbEntity
  8
Geometries
  6
Continuous
370
    40
100
AcDbPolyline
 90
        8
 70
   128
 43
0.0
 10
305.1253096790411
 20
101.359132954489
 10
305.121645052699
 20
101.3595870309939
 10
305.1154464213088
 20
101.3596771712398
 10
305.1091292765838
 20
101.3589328862645
 10
305.1022163073151
 20
101.3572042030393
 10
305.0951765567049
 20
101.3545159169249
 10
305.0879885297701
 20
101.3508540226971
 10
305.0806866781079
 20
101.3462312427318
  0
LWPOLYLINE
  5
12B
330
1F
100
AcDbEntity
  8
Geometries
  6
Continuous
370
    40
100
AcDbPolyline
 90
       30
 70
   128
 43
0.0
 10
286.9923796479824
 20
112.0920288516855
 10
286.9893449860309
 20
112.0989862536369
 10
286.9801629352493
 20
112.1187485265577
 10
286.9702882104556
 20
112.1381891078839
 10
286.9597325147592
 20
112.1572859400198
 10
286.9485075512699
 20
112.1760169653694
 10
286.9366167343881
 20
112.1943745250481
 10
286.9240655043527
 20
112.2123521059765
 10
286.9108686079699
 20
112.2299293613436
 10
286.8970407920457
 20
112.2470859443382
 10
286.8818264902978
 20
112.2646630726287
 10
286.8659269890764
 20
112.2817604707982
 10
286.8493628377274
 20
112.2983568286166
 10
286.8321545855969
 20
112.3144308358541
 10
286.8151945036929
 20
112.3292285678686
 10
286.7976647809289
 20
112.3435419356818
 10
286.7795858069975
 20
112.357354847823
 10
286.7609779715918
 20
112.3706512128216
 10
286.7418477045685
 20
112.3834252563314
 10
286.7222030186232
 20
112.3956728018274
 10
286.7020666879333
 20
112.4073801475052
 10
286.6814614866757
 20
112.4185335915607
 10
286.659299401768
 20
112.4296574923792
 10
286.6366370678709
 20
112.4401596574707
 10
286.6135034605855
 20
112.4500272106083
 10
286.5899275555129
 20
112.4592472755656
 10
286.564128002971
 20
112.4684227662773
 10
286.5378552960211
 20
112.4768386326829
 10
286.5110292142943
 20
112.4845147746756
 10
286.4837783329017
 20
112.4914095723952
  0
LWPOLYLINE
  5
12C
330
1F
100
AcDbEntity
  8
Geometries
  6
Continuous
370
    40
100
AcDbPolyline
 90
        9
 70
   128
 43
0.0
 10
337.3287331092998
 20
110.7813913121687
 10
337.3252109564177
 20
110.7754881422138
 10
337.3192725996891
 20
110.7649543174047
 10
337.3134587236656
 20
110.7538569192427
 10
337.3078754375291
 20
110.7423709814776
 10
337.3025348701144
 20
110.7305118694117
 10
337.2974210892174
 20
110.7182262162782
 10
337.2925703016708
 20
110.7055844727555
 10
337.2879925038478
 20
110.6926022419931
  0
LWPOLYLINE
  5
12D
330
1F
100
AcDbEntity
  8
Geometries
  6
Continuous
370
    40
100
AcDbPolyline
 90
      165
 70
   128
 43
0.0
 10
333.5889393668845
 20
128.3251249787626
 10
333.5570557371352
 20
128.3435054080418
 10
333.4964659068539
 20
128.3782830947654
 10
333.4357097731014
 20
128.412958382229
 10
333.3747876155592
 20
128.4475311389286
 10
333.3136999342113
 20
128.4820011080649
 10
333.2524472300818
 20
128.5163680337515
 10
333.1910300052345
 20
128.5506316610112
 10
333.129448762771
 20
128.5847917357738
 10
333.0677040068277
 20
128.6188480048742
 10
333.0057962425781
 20
128.6528002160476
 10
332.9437259762199
 20
128.6866481179336
 10
332.8814937149881
 20
128.7203914600652
 10
332.8190999671376
 20
128.7540299928757
 10
332.7565452419461
 20
128.7875634676937
 10
332.6938300497202
 20
128.8209916367367
 10
332.6309549017822
 20
128.8543142531158
 10
332.5679203104694
 20
128.8875310708323
 10
332.5047267891397
 20
128.9206418447725
 10
332.4413748521605
 20
128.953646330711
 10
332.3778650149112
 20
128.9865442853059
 10
332.3141977937804
 20
129.0193354660985
 10
332.250373706165
 20
129.0520196315106
 10
332.1863932704628
 20
129.0845965408464
 10
332.1222570060766
 20
129.1170659542873
 10
332.0579654334113
 20
129.1494276328914
 10
331.9935190738661
 20
129.1816813385955
 10
331.9289184498391
 20
129.2138268342098
 10
331.864164084722
 20
129.2458638834188
 10
331.7992565028998
 20
129.2777922507794
 10
331.7341962297435
 20
129.309611701722
 10
331.6689837916184
 20
129.341322002545
 10
331.6036197158694
 20
129.3729229204196
 10
331.5381045308293
 20
129.4044142233841
 10
331.4724387658111
 20
129.4357956803454
 10
331.4066229511055
 20
129.467067061079
 10
331.3406576179819
 20
129.4982281362261
 10
331.2745432986897
 20
129.5292786772919
 10
331.2082805264449
 20
129.5602184566497
 10
331.1418698354345
 20
129.5910472475376
 10
331.0753117608212
 20
129.6217648240547
 10
331.0086068387296
 20
129.652370961166
 10
330.9417556062487
 20
129.6828654346994
 10
330.8747586014334
 20
129.7132480213444
 10
330.8076163632959
 20
129.7435184986535
 10
330.7403294318052
 20
129.7736766450422
 10
330.6728983478935
 20
129.8037222397842
 10
330.6053236534411
 20
129.8336550630169
 10
330.53760589128
 20
129.8634748957388
 10
330.4697456051924
 20
129.8931815198088
 10
330.4017433399105
 20
129.9227747179454
 10
330.3335996411089
 20
129.9522542737285
 10
330.2653150554049
 20
129.9816199715988
 10
330.1968901303578
 20
130.0108715968561
 10
330.1283254144617
 20
130.0400089356626
 10
330.0596214571535
 20
130.0690317750375
 10
329.9907788087984
 20
130.0979399028629
 10
329.9217980206905
 20
130.1267331078821
 10
329.8526796450573
 20
130.1554111796974
 10
329.7834242350549
 20
130.1839739087706
 10
329.7140323447587
 20
130.2124210864269
 10
329.6445045291672
 20
130.2407525048516
 10
329.5748413441993
 20
130.2689679570913
 10
329.5050433466911
 20
130.2970672370538
 10
329.4351110943924
 20
130.3250501395094
 10
329.3650451459641
 20
130.3529164600908
 10
329.2948460609798
 20
130.3806659952921
 10
329.2245143999139
 20
130.408298542473
 10
329.154050724155
 20
130.4358138998524
 10
329.0834555959842
 20
130.4632118665171
 10
329.0127295785875
 20
130.4904922424158
 10
328.9418732360443
 20
130.5176548283634
 10
328.8708871333338
 20
130.5446994260377
 10
328.7997718363195
 20
130.5716258379856
 10
328.7285279117575
 20
130.5984338676182
 10
328.6571559272915
 20
130.6251233192139
 10
328.5856564514477
 20
130.6516939979182
 10
328.5140300536314
 20
130.6781457097463
 10
328.4422773041271
 20
130.7044782615811
 10
328.3703987740957
 20
130.7306914611751
 10
328.2983950355688
 20
130.7567851171514
 10
328.2262666614513
 20
130.7827590390029
 10
328.1540142255098
 20
130.8086130370961
 10
328.0816383023786
 20
130.8343469226682
 10
328.0091394675534
 20
130.8599605078301
 10
327.9365182973864
 20
130.8854536055669
 10
327.863775369089
 20
130.9108260297372
 10
327.7909112607185
 20
130.9360775950776
 10
327.7179265511869
 20
130.9612081171992
 10
327.6448218202519
 20
130.9862174125908
 10
327.5715976485167
 20
131.0111052986185
 10
327.4982546174206
 20
131.0358715935293
 10
327.4247933092432
 20
131.0605161164488
 10
327.3512143070994
 20
131.0850386873833
 10
327.2775181949349
 20
131.1094391272211
 10
327.2037055575193
 20
131.1337172577346
 10
327.1297769804565
 20
131.157872901577
 10
327.0557330501647
 20
131.1819058822884
 10
326.9815743538845
 20
131.2058160242936
 10
326.907301479671
 20
131.2296031529041
 10
326.832915016394
 20
131.2532670943184
 10
326.7584155537274
 20
131.2768076756253
 10
326.6838036821571
 20
131.3002247248013
 10
326.6090799929693
 20
131.3235180707141
 10
326.5342450782486
 20
131.3466875431236
 10
326.4592995308766
 20
131.3697329726822
 10
326.3842439445276
 20
131.3926541909359
 10
326.3090789136663
 20
131.4154510303254
 10
326.2338050335405
 20
131.4381233241882
 10
326.1584229001855
 20
131.4606709067575
 10
326.0829331104092
 20
131.4830936131663
 10
326.007336261802
 20
131.505391279445
 10
325.9316329527222
 20
131.5275637425255
 10
325.8558237822967
 20
131.5496108402414
 10
325.7799093504221
 20
131.5715324113275
 10
325.7038902577532
 20
131.593328295423
 10
325.6277671057
 20
131.6149983330732
 10
325.5515404964341
 20
131.6365423657271
 10
325.4752110328729
 20
131.6579602357423
 10
325.3987793186833
 20
131.6792517863841
 10
325.3222459582756
 20
131.7004168618274
 10
325.2456115567998
 20
131.7214553071575
 10
325.1688767201431
 20
131.7423669683713
 10
325.0920420549257
 20
131.7631516923786
 10
325.0151081684913
 20
131.7838093270046
 10
324.9380756689201
 20
131.8043397209867
 10
324.8609451650011
 20
131.824742723982
 10
324.7837172662528
 20
131.8450181865622
 10
324.7063925828979
 20
131.8651659602201
 10
324.6289717258747
 20
131.8851858973669
 10
324.5514553068274
 20
131.9050778513353
 10
324.4738439380984
 20
131.9248416763809
 10
324.3961382327345
 20
131.9444772276816
 10
324.3183388044758
 20
131.9639843613401
 10
324.2404462677501
 20
131.9833629343855
 10
324.162461237673
 20
132.002612804774
 10
324.084384330044
 20
132.0217338313893
 10
324.0062161613441
 20
132.0407258740441
 10
323.9279573487212
 20
132.0595887934833
 10
323.8496085100051
 20
132.0783224513811
 10
323.7711702636835
 20
132.0969267103466
 10
323.6926432289124
 20
132.1154014339215
 10
323.6140280255026
 20
132.133746486584
 10
323.5353252739221
 20
132.1519617337479
 10
323.4565355952893
 20
132.1700470417646
 10
323.3776596113687
 20
132.1880022779245
 10
323.2986979445682
 20
132.2058273104576
 10
323.2196512179315
 20
132.2235220085354
 10
323.1405200551393
 20
132.2410862422713
 10
323.0613050805009
 20
132.2585198827221
 10
322.9820069189518
 20
132.2758228018893
 10
322.9026261960488
 20
132.2929948727199
 10
322.8231635379665
 20
132.310035969108
 10
322.7436195714931
 20
132.3269459658952
 10
322.6639949240221
 20
132.3437247388735
 10
322.5842902235561
 20
132.3603721647837
 10
322.5045060986964
 20
132.3768881213187
 10
322.4246431786391
 20
132.3932724871241
 10
322.3447020931754
 20
132.4095251417986
 10
322.2646834726776
 20
132.4256459658969
 10
322.1845879481079
 20
132.4416348409281
 10
322.1044161510021
 20
132.4574916493597
 10
322.0241687134737
 20
132.4732162746162
 10
321.9438462682053
 20
132.488808601082
 10
321.9149019780943
 20
132.4943913494557
  0
LWPOLYLINE
  5
12E
330
1F
100
AcDbEntity
  8
Geometries
  6
Continuous
370
    40
100
AcDbPolyline
 90
      163
 70
   128
 43
0.0
 10
340.8615004726634
 20
121.5555474547899
 10
340.833672377823
 20
121.6027314756131
 10
340.8056010392415
 20
121.6498935000589
 10
340.7773009786474
 20
121.6970087448003
 10
340.7487724182934
 20
121.7440767890921
 10
340.7200155832057
 20
121.7910972124992
 10
340.6910307011734
 20
121.8380695949277
 10
340.6618180027473
 20
121.8849935166419
 10
340.6323777212248
 20
121.9318685583006
 10
340.6027100926461
 20
121.9786943009756
 10
340.5728153557851
 20
122.0254703261765
 10
340.5426937521371
 20
122.0721962158794
 10
340.5123455259114
 20
122.1188715525481
 10
340.4817709240176
 20
122.1654959191625
 10
340.4509701960587
 20
122.2120688992363
 10
340.4199435943164
 20
122.2585900768455
 10
340.3886913737405
 20
122.3050590366492
 10
340.3572137919367
 20
122.351475363912
 10
340.3255111091516
 20
122.3978386445305
 10
340.2935835882643
 20
122.4441484650477
 10
340.2614314947684
 20
122.4904044126811
 10
340.2290550967603
 20
122.5366060753411
 10
340.1964546649245
 20
122.5827530416521
 10
340.1636304725193
 20
122.6288449009728
 10
340.1305827953631
 20
122.6748812434148
 10
340.097311911815
 20
122.7208616598669
 10
340.0638181027662
 20
122.7667857420061
 10
340.0301016516178
 20
122.8126530823247
 10
339.996162844269
 20
122.8584632741426
 10
339.9620019690994
 20
122.9042159116273
 10
339.9276193169542
 20
122.9499105898091
 10
339.8930151811242
 20
122.995546904603
 10
339.8581898573329
 20
123.0411244528189
 10
339.8231436437179
 20
123.0866428321809
 10
339.7878768408127
 20
123.1321016413436
 10
339.7523897515325
 20
123.1775004799033
 10
339.7166826811542
 20
123.2228389484163
 10
339.6807559372984
 20
123.2681166484128
 10
339.644609829916
 20
123.3133331824072
 10
339.6082446712643
 20
123.3584881539164
 10
339.5716607758951
 20
123.4035811674681
 10
339.5348584606344
 20
123.4486118286141
 10
339.4978380445623
 20
123.4935797439464
 10
339.4605998489998
 20
123.5384845211018
 10
339.4231441974872
 20
123.5833257687781
 10
339.3854714157667
 20
123.6281030967439
 10
339.3475818317659
 20
123.6728161158469
 10
339.3094757755788
 20
123.7174644380248
 10
339.2711535794473
 20
123.7620476763153
 10
339.2326155777441
 20
123.8065654448645
 10
339.1938621069548
 20
123.8510173589346
 10
339.1548935056589
 20
123.895403034914
 10
339.1157101145142
 20
123.9397220903223
 10
339.0763122762361
 20
123.9839741438207
 10
339.0367003355824
 20
124.0281588152166
 10
338.9968746393351
 20
124.0722757254703
 10
338.9568355362806
 20
124.1163244967042
 10
338.916583377196
 20
124.1603047522041
 10
338.8761185148294
 20
124.2042161164278
 10
338.8354413038815
 20
124.2480582150104
 10
338.7945521009934
 20
124.291830674765
 10
338.7534512647233
 20
124.335533123693
 10
338.7121391555335
 20
124.3791651909847
 10
338.6706161357741
 20
124.4227265070217
 10
338.6288825696633
 20
124.4662167033843
 10
338.5869388232724
 20
124.5096354128533
 10
338.5447852645126
 20
124.5529822694085
 10
338.5024222631131
 20
124.5962569082379
 10
338.4598501906079
 20
124.6394589657374
 10
338.4170694203243
 20
124.6825880795072
 10
338.3740803273589
 20
124.7256438883625
 10
338.3308832885661
 20
124.7686260323313
 10
338.2874786825466
 20
124.8115341526506
 10
338.2438668896252
 20
124.8543678917752
 10
338.2000482918407
 20
124.8971268933729
 10
338.1560232729292
 20
124.9398108023267
 10
338.1117922183105
 20
124.9824192647347
 10
338.0673555150726
 20
125.02495192791
 10
338.0227135519583
 20
125.06740844038
 10
337.9778667193504
 20
125.1097884518868
 10
337.9328154092609
 20
125.1520916133833
 10
337.8875600153114
 20
125.1943175770379
 10
337.8421009327267
 20
125.2364659962264
 10
337.7964385583143
 20
125.2785365255383
 10
337.7505732904576
 20
125.3205288207682
 10
337.704505529101
 20
125.362442538917
 10
337.6582356757359
 20
125.404277338191
 10
337.6117641333883
 20
125.4460328779993
 10
337.56509130661
 20
125.4877088189492
 10
337.5182176014611
 20
125.5293048228483
 10
337.4711434255033
 20
125.5708205526978
 10
337.4238691877861
 20
125.6122556726909
 10
337.3763952988336
 20
125.6536098482127
 10
337.3287221706389
 20
125.6948827458319
 10
337.2808502166434
 20
125.7360740333056
 10
337.2327798517369
 20
125.777183379568
 10
337.1845114922394
 20
125.8182104547322
 10
337.1360455558948
 20
125.8591549300845
 10
337.0873824618573
 20
125.9000164780834
 10
337.0385226306829
 20
125.9407947723543
 10
336.9894664843218
 20
125.9814894876845
 10
336.9402144461047
 20
126.0221003000232
 10
336.890766940734
 20
126.0626268864759
 10
336.8411243942789
 20
126.1030689252987
 10
336.7912872341605
 20
126.1434260958972
 10
336.7412558891487
 20
126.1836980788197
 10
336.6910307893461
 20
126.2238845557576
 10
336.6406123661845
 20
126.263985209538
 10
336.5900010524179
 20
126.3039997241184
 10
336.539197282108
 20
126.3439277845875
 10
336.4882014906244
 20
126.3837690771544
 10
336.4370141146274
 20
126.4235232891516
 10
336.3856355920709
 20
126.4631901090229
 10
336.3340663621827
 20
126.5027692263278
 10
336.2823068654687
 20
126.5422603317294
 10
336.2303575436972
 20
126.5816631169952
 10
336.1782188398985
 20
126.6209772749887
 10
336.1258911983492
 20
126.6602024996715
 10
336.073375064577
 20
126.6993384860898
 10
336.0206708853422
 20
126.7383849303796
 10
335.9677791086414
 20
126.7773415297542
 10
335.9147001836919
 20
126.816207982507
 10
335.8614345609362
 20
126.8549839879993
 10
335.8079826920242
 20
126.8936692466647
 10
335.7543450298161
 20
126.9322634599978
 10
335.7005220283734
 20
126.970766330553
 10
335.6465141429537
 20
127.0091775619391
 10
335.5923218300015
 20
127.0474968588183
 10
335.5379455471507
 20
127.0857239268959
 10
335.483385753211
 20
127.1238584729223
 10
335.4286429081691
 20
127.1619002046839
 10
335.3737174731809
 20
127.1998488310015
 10
335.3186099105631
 20
127.2377040617277
 10
335.2633206837976
 20
127.2754656077371
 10
335.2078502575172
 20
127.3131331809288
 10
335.1521990975044
 20
127.3507064942195
 10
335.0963676706921
 20
127.3881852615366
 10
335.0403564451485
 20
127.4255691978209
 10
334.984165890082
 20
127.4628580190167
 10
334.9277964758342
 20
127.5000514420702
 10
334.8712486738743
 20
127.537149184926
 10
334.8145229567964
 20
127.5741509665228
 10
334.7576197983122
 20
127.6110565067916
 10
334.7005396732584
 20
127.6478655266451
 10
334.6432830575764
 20
127.6845777479842
 10
334.5858504343502
 20
127.7211928898539
 10
334.5282422835769
 20
127.757710675013
 10
334.4704590844423
 20
127.7941308284203
 10
334.4125013172307
 20
127.8304530760022
 10
334.3543694633182
 20
127.8666771446506
 10
334.2960640051746
 20
127.9028027622162
 10
334.2375854263601
 20
127.938829657506
 10
334.1789342115167
 20
127.9747575602827
 10
334.1201108463689
 20
128.0105862012597
 10
334.061115817721
 20
128.0463153120973
 10
334.0019496134526
 20
128.081944625401
 10
333.9426127225173
 20
128.1174738747172
 10
333.8831056349368
 20
128.1529027945323
 10
333.8234288418049
 20
128.1882311202654
 10
333.7635828352725
 20
128.223458588273
 10
333.7035681085572
 20
128.2585849358391
 10
333.6433851559362
 20
128.2936099011743
 10
333.5889393668845
 20
128.3251249787626
  0
LWPOLYLINE
  5
12F
330
1F
100
AcDbEntity
  8
Geometries
  6
Continuous
370
    40
100
AcDbPolyline
 90
      119
 70
   128
 43
0.0
 10
342.4999747635422
 20
115.8259210877081
 10
342.4997531065281
 20
115.8746714338423
 10
342.4992902798128
 20
115.9245089376697
 10
342.4985886269249
 20
115.974345397062
 10
342.4976481524038
 20
116.0241804595377
 10
342.4964688614305
 20
116.0740137725859
 10
342.4950507598286
 20
116.1238449836307
 10
342.4933938540685
 20
116.1736737400017
 10
342.4914981512714
 20
116.2234996888992
 10
342.4893636592146
 20
116.273322477368
 10
342.4869903863379
 20
116.3231417522602
 10
342.484378341751
 20
116.3729571602076
 10
342.4815275352416
 20
116.4227683475893
 10
342.4784379772849
 20
116.4725749605025
 10
342.4751096790535
 20
116.5223766447323
 10
342.4715426524289
 20
116.5721730457194
 10
342.4677369100139
 20
116.6219638085296
 10
342.4636924651446
 20
116.6717485778305
 10
342.4594093319059
 20
116.7215269978557
 10
342.4548875251451
 20
116.7712987123794
 10
342.4501270604883
 20
116.8210633646889
 10
342.4451279543571
 20
116.8708205975548
 10
342.4398902239856
 20
116.9205700532057
 10
342.4344138874397
 20
116.9703113732993
 10
342.4286989636346
 20
117.0200441989024
 10
342.4227454723568
 20
117.0697681704561
 10
342.4165534342833
 20
117.1194829277581
 10
342.4101228710039
 20
117.1691881099346
 10
342.4034538050429
 20
117.2188833554206
 10
342.3965462598824
 20
117.2685683019319
 10
342.389400259986
 20
117.3182425864458
 10
342.3820158308229
 20
117.3679058451795
 10
342.3743929988924
 20
117.4175577135688
 10
342.3665317917507
 20
117.4671978262463
 10
342.3584322380358
 20
117.5168258170251
 10
342.350094367495
 20
117.5664413188765
 10
342.3415182110117
 20
117.6160439639156
 10
342.3327038006336
 20
117.6656333833807
 10
342.3236511696001
 20
117.715209207623
 10
342.3143603523725
 20
117.7647710660813
 10
342.304831384662
 20
117.8143185872772
 10
342.295064303459
 20
117.8638513987968
 10
342.2850591470639
 20
117.9133691272782
 10
342.2748159551174
 20
117.9628713983989
 10
342.2643347686304
 20
118.0123578368645
 10
342.253615630015
 20
118.0618280664022
 10
342.2426585831161
 20
118.1112817097449
 10
342.231463673242
 20
118.1607183886306
 10
342.2200309471967
 20
118.2101377237869
 10
342.2083604533111
 20
118.2595393349308
 10
342.1964522414755
 20
118.3089228407571
 10
342.1843063631698
 20
118.3582878589418
 10
342.1719228714986
 20
118.4076340061267
 10
342.1593018212196
 20
118.4569608979297
 10
342.146443268779
 20
118.5062681489301
 10
342.1333472723409
 20
118.5555553726792
 10
342.1200138918218
 20
118.6048221816878
 10
342.1064431889203
 20
118.6540681874382
 10
342.0926352271504
 20
118.7032930003798
 10
342.0785900718728
 20
118.7524962299313
 10
342.0643077903263
 20
118.8016774844886
 10
342.0497884516597
 20
118.8508363714233
 10
342.0350321269619
 20
118.8999724970935
 10
342.0200388892945
 20
118.949085466846
 10
342.0048088137214
 20
118.9981748850229
 10
341.9893419773385
 20
119.0472403549753
 10
341.973638459306
 20
119.0962814790632
 10
341.9576983408763
 20
119.145297858671
 10
341.9415217054226
 20
119.1942890942198
 10
341.9251086384717
 20
119.2432547851686
 10
341.9084592277267
 20
119.2921945300414
 10
341.8915735631013
 20
119.3411079264239
 10
341.8744517367431
 20
119.3899945709884
 10
341.8570938430624
 20
119.4388540595044
 10
341.8394999787589
 20
119.4876859868531
 10
341.8216702428474
 20
119.5364899470439
 10
341.8036047366847
 20
119.5852655332287
 10
341.7853035639929
 20
119.6340123377234
 10
341.7667668308843
 20
119.6827299520241
 10
341.7479946458866
 20
119.7314179668225
 10
341.7289871199649
 20
119.7800759720295
 10
341.7097443665442
 20
119.8287035567929
 10
341.6902665015338
 20
119.877300309515
 10
341.6705536433441
 20
119.9258658178813
 10
341.6506059129129
 20
119.9743996688726
 10
341.6304234337207
 20
120.0229014487938
 10
341.6100063318121
 20
120.0713707432953
 10
341.5893547358162
 20
120.1198071373903
 10
341.5684687769596
 20
120.1682102154896
 10
341.5473485890894
 20
120.2165795614127
 10
341.5259943086847
 20
120.2649147584236
 10
341.5044060748764
 20
120.3132153892465
 10
341.4825840294595
 20
120.3614810360963
 10
341.4605283169084
 20
120.4097112807031
 10
341.438239084391
 20
120.457905704336
 10
341.4157164817793
 20
120.5060638878338
 10
341.3929606616641
 20
120.5541854116265
 10
341.3699717793651
 20
120.6022698557634
 10
341.3467499929402
 20
120.6503167999438
 10
341.3232954631976
 20
120.6983258235385
 10
341.2996083537035
 20
120.7462965056198
 10
341.2756888307896
 20
120.7942284249912
 10
341.2515370635622
 20
120.8421211602109
 10
341.2271532239066
 20
120.8899742896249
 10
341.2025374864966
 20
120.9377873913876
 10
341.1776900287957
 20
120.9855600434979
 10
341.1526110310641
 20
121.0332918238225
 10
341.1273006763631
 20
121.0809823101227
 10
341.1017591505549
 20
121.1286310800881
 10
341.0759866423069
 20
121.1762377113616
 10
341.0499833430952
 20
121.2238017815641
 10
341.0237494472011
 20
121.2713228683299
 10
340.9972851517129
 20
121.318800549332
 10
340.9705906565298
 20
121.3662344023026
 10
340.9436661643517
 20
121.4136240050758
 10
340.9165118806859
 20
121.4609689356018
 10
340.8891280138404
 20
121.5082687719801
 10
340.861514774919
 20
121.555523092491
 10
340.8615004726634
 20
121.5555474547899
  0
LWPOLYLINE
  5
130
330
1F
100
AcDbEntity
  8
Geometries
  6
Continuous
370
    40
100
AcDbPolyline
 90
        3
 70
   128
 43
0.0
 10
342.499998413962
 20
115.8087536533684
 10
342.4999771031643
 20
115.8248332410446
 10
342.499975677627
 20
115.8255023319562
  0
ELLIPSE
  5
131
330
1F
100
AcDbEntity
  8
Geometries
  6
Continuous
370
    40
100
AcDbEllipse
 10
312.5
 20
115.8030099968544
 30
0.0
 11
30.0
 21
0.0
 31
0.0
210
0.0
220
0.0
230
1.0
 40
0.5773502691896255
 41
6.283185307179586
 42
6.283504163284463
  0
ELLIPSE
  5
132
330
1F
100
AcDbEntity
  8
Geometries
  6
Continuous
370
    40
100
AcDbEllipse
 10
320.3456215902055
 20
111.5053832128668
 30
0.0
 11
-17.31293824110556
 21
8.673617379884035E-16
 31
0.0
210
0.0
220
0.0
230
1.0
 40
0.5773502691896256
 41
2.370532264983175
 42
2.925601606492542
  0
ELLIPSE
  5
133
330
1F
100
AcDbEntity
  8
Geometries
  6
Continuous
370
    40
100
AcDbEllipse
 10
312.5
 20
105.5968027352578
 30
0.0
 11
-26.225
 21
3.469446951953614E-15
 31
0.0
210
0.0
220
0.0
230
0.9999999999999999
 40
0.5773502691896256
 41
4.463757561352322
 42
4.469656524785488
  0
ELLIPSE
  5
134
330
1F
100
AcDbEntity
  8
Geometries
  6
Continuous
370
    40
100
AcDbEllipse
 10
312.5
 20
105.5968027352578
 30
0.0
 11
-26.225
 21
3.469446951953614E-15
 31
0.0
210
0.0
220
0.0
230
0.9999999999999999
 40
0.5773502691896256
 41
3.477086996188258
 42
4.431522660385593
  0
ELLIPSE
  5
135
330
1F
100
AcDbEntity
  8
Geometries
  6
Continuous
370
    40
100
AcDbEllipse
 10
320.3456215902055
 20
111.9136315033307
 30
0.0
 11
17.81293824110556
 21
-2.602085213965211E-15
 31
0.0
210
0.0
220
0.0
230
1.0
 40
0.5773502691896257
 41
5.483652031631713
 42
6.173384051070499
  0
ELLIPSE
  5
136
330
1F
100
AcDbEntity
  8
Geometries
  6
Continuous
370
    40
100
AcDbEllipse
 10
247.9411508776682
 20
113.1493961088393
 30
0.0
 11
1.6
 21
-7.047314121155779E-16
 31
0.0
210
0.0
220
0.0
230
1.0
 40
0.5773502691896256
 41
3.14159265358979
 42
3.92699081698724
  0
ELLIPSE
  5
137
330
1F
100
AcDbEntity
  8
Geometries
  6
Continuous
370
    40
100
AcDbEllipse
 10
312.5
 20
115.4764113644833
 30
0.0
 11
-26.225
 21
3.469446951953614E-15
 31
0.0
210
0.0
220
0.0
230
0.9999999999999999
 40
0.5773502691896256
 41
3.42245897358889
 42
4.431522660385593
  0
ELLIPSE
  5
138
330
1F
100
AcDbEntity
  8
Geometries
  6
Continuous
370
    40
100
AcDbEllipse
 10
312.5
 20
115.4764113644833
 30
0.0
 11
-26.225
 21
8.673617379884035E-16
 31
0.0
210
0.0
220
0.0
230
1.0
 40
0.5773502691896257
 41
5.516854075982085
 42
6.283186355920543
  0
ELLIPSE
  5
139
330
1F
100
AcDbEntity
  8
Geometries
  6
Continuous
370
    40
100
AcDbEllipse
 10
377.0588491223318
 20
99.35060389116072
 30
0.0
 11
-1.6
 21
3.252606517456513E-16
 31
0.0
210
0.0
220
0.0
230
0.9999999999999999
 40
0.5773502691896255
 41
3.141592653589794
 42
3.926990816987245
  0
ELLIPSE
  5
13A
330
1F
100
AcDbEntity
  8
Geometries
  6
Continuous
370
    40
100
AcDbEllipse
 10
329.8241161390704
 20
72.07961808817467
 30
0.0
 11
-1.6
 21
3.252606517456513E-16
 31
0.0
210
0.0
220
0.0
230
0.9999999999999999
 40
0.5773502691896255
 41
0.785398163397451
 42
2.356194490192346
  0
ELLIPSE
  5
13B
330
1F
100
AcDbEntity
  8
Geometries
  6
Continuous
370
    40
100
AcDbEllipse
 10
312.5
 20
109.3526870075254
 30
0.0
 11
31.6
 21
-5.204170427930421E-15
 31
0.0
210
0.0
220
0.0
230
0.9999999999999999
 40
0.5773502691896255
 41
2.822011495918131
 42
6.602766464851248
  0
ELLIPSE
  5
13C
330
1F
100
AcDbEntity
  8
Geometries
  6
Continuous
370
    40
100
AcDbEllipse
 10
305.4289321881345
 20
117.8442514491737
 30
0.0
 11
-0.4999999999999999
 21
0.8660254037844388
 31
0.0
210
0.0
220
0.0
230
1.0
 40
0.5773502691896258
 41
3.141592653589793
 42
3.926990816987242
  0
ELLIPSE
  5
13D
330
1F
100
AcDbEntity
  8
Geometries
  6
Continuous
370
    40
100
AcDbEllipse
 10
319.8609279907962
 20
110.9542941147806
 30
0.0
 11
-16.96674908003406
 21
0.0
 31
0.0
210
0.0
220
0.0
230
1.0
 40
0.5773502691896257
 41
2.370822723692592
 42
2.372136337720851
  0
ELLIPSE
  5
13E
330
1F
100
AcDbEntity
  8
Geometries
  6
Continuous
370
    40
100
AcDbEllipse
 10
312.5
 20
105.5968027352578
 30
0.0
 11
-26.225
 21
3.469446951953614E-15
 31
0.0
210
0.0
220
0.0
230
0.9999999999999999
 40
0.5773502691896256
 41
5.478720211582189
 42
5.500651115400819
  0
ELLIPSE
  5
13F
330
1F
100
AcDbEntity
  8
Geometries
  6
Continuous
370
    40
100
AcDbEllipse
 10
312.5
 20
105.5968027352578
 30
0.0
 11
-26.225
 21
3.469446951953614E-15
 31
0.0
210
0.0
220
0.0
230
0.9999999999999999
 40
0.5773502691896256
 41
5.500651115400819
 42
5.516854075982085
  0
ELLIPSE
  5
140
330
1F
100
AcDbEntity
  8
Geometries
  6
Continuous
370
    40
100
AcDbEllipse
 10
312.5
 20
105.5968027352578
 30
0.0
 11
-26.225
 21
3.469446951953614E-15
 31
0.0
210
0.0
220
0.0
230
0.9999999999999999
 40
0.5773502691896256
 41
4.469656524785488
 42
5.478720211582189
  0
ELLIPSE
  5
141
330
1F
100
AcDbEntity
  8
Geometries
  6
Continuous
370
    40
100
AcDbEllipse
 10
320.3456215902055
 20
111.5053832128668
 30
0.0
 11
-17.31293824110556
 21
8.673617379884035E-16
 31
0.0
210
0.0
220
0.0
230
1.0
 40
0.5773502691896256
 41
2.925601606492541
 42
2.934320544051911
  0
ELLIPSE
  5
142
330
1F
100
AcDbEntity
  8
Geometries
  6
Continuous
370
    40
100
AcDbEllipse
 10
320.3456215902055
 20
111.9136315033307
 30
0.0
 11
17.81293824110556
 21
-2.602085213965211E-15
 31
0.0
210
0.0
220
0.0
230
1.0
 40
0.5773502691896257
 41
5.455444801704873
 42
5.483652031631713
  0
ELLIPSE
  5
143
330
1F
100
AcDbEntity
  8
Geometries
  6
Continuous
370
    40
100
AcDbEllipse
 10
247.9411508776682
 20
119.35477012389
 30
0.0
 11
-1.6
 21
3.252606517456513E-16
 31
0.0
210
0.0
220
0.0
230
0.9999999999999999
 40
0.5773502691896255
 41
6.283185307179583
 42
7.068583470577033
  0
ELLIPSE
  5
144
330
1F
100
AcDbEntity
  8
Geometries
  6
Continuous
370
    40
100
AcDbEllipse
 10
312.5
 20
116.292907945411
 30
0.0
 11
-29.4
 21
3.469446951953615E-15
 31
0.0
210
0.0
220
0.0
230
1.0
 40
0.5773502691896256
 41
0.0
 42
6.283185307179586
  0
ARC
  5
145
330
1F
100
AcDbEntity
  8
Geometries
  6
Continuous
370
    40
100
AcDbCircle
 10
286.5637748545177
 20
111.1461009091078
 30
0.0
 40
0.8076758556831602
100
AcDbArc
 50
53.53245410070789
 51
77.20850025038631
  0
ARC
  5
146
330
1F
100
AcDbEntity
  8
Geometries
  6
Continuous
370
    40
100
AcDbCircle
 10
323.1910439984869
 20
130.0975475817167
 30
0.0
 40
4.388369597186102
100
AcDbArc
 50
164.9404370716627
 51
179.0074981512258
  0
ARC
  5
147
330
1F
100
AcDbEntity
  8
Geometries
  6
Continuous
370
    40
100
AcDbCircle
 10
324.1536335960005
 20
129.9485887585896
 30
0.0
 40
4.385025739904835
100
AcDbArc
 50
164.9350464266268
 51
179.0128887962614
  0
ARC
  5
148
330
1F
100
AcDbEntity
  8
Geometries
  6
Continuous
370
    40
100
AcDbCircle
 10
296.9022758626181
 20
116.4071293760112
 30
0.0
 40
10.81029802172622
100
AcDbArc
 50
206.5974855346134
 51
212.3106839596498
  0
ARC
  5
149
330
1F
100
AcDbEntity
  8
Geometries
  6
Continuous
370
    40
100
AcDbCircle
 10
298.8301829002896
 20
117.6840979995626
 30
0.0
 40
13.12233516711096
100
AcDbArc
 50
212.5235845579391
 51
223.9374255810985
  0
ARC
  5
14A
330
1F
100
AcDbEntity
  8
Geometries
  6
Continuous
370
    40
100
AcDbCircle
 10
300.7199915451219
 20
119.4115513079144
 30
0.0
 40
15.6819593493335
100
AcDbArc
 50
223.6913532709939
 51
226.3665832952634
  0
ARC
  5
14B
330
1F
100
AcDbEntity
  8
Geometries
  6
Continuous
370
    40
100
AcDbCircle
 10
328.1057558759875
 20
116.4055441213277
 30
0.0
 40
10.80251841336525
100
AcDbArc
 50
328.6251316821819
 51
332.6117778968377
  0
ARC
  5
14C
330
1F
100
AcDbEntity
  8
Geometries
  6
Continuous
370
    40
100
AcDbCircle
 10
329.3272769340506
 20
115.816779367605
 30
0.0
 40
9.445788261338539
100
AcDbArc
 50
335.9970059158031
 51
340.9809171003254
  0
ELLIPSE
  5
14D
330
1F
100
AcDbEntity
  8
Geometries
  6
Continuous
370
    40
100
AcDbEllipse
 10
329.8241161390704
 20
65.87424407312395
 30
0.0
 11
1.6
 21
-7.047314121155779E-16
 31
0.0
210
0.0
220
0.0
230
1.0
 40
0.5773502691896256
 41
3.926990816987242
 42
5.497787143782138
  0
LINE
  5
14E
330
1F
100
AcDbEntity
  8
Geometries
  6
Continuous
370
    40
100
AcDbLine
 10
328.692745289172
 20
71.4264208234325
 30
0.0
 11
246.8097800277697
 21
118.7015728591478
 31
0.0
  0
ELLIPSE
  5
14F
330
1F
100
AcDbEntity
  8
Geometries
  6
Continuous
370
    40
100
AcDbEllipse
 10
377.0588491223318
 20
99.35060389116072
 30
0.0
 11
-1.6
 21
3.252606517456513E-16
 31
0.0
210
0.0
220
0.0
230
0.9999999999999999
 40
0.5773502691896255
 41
2.356194490192338
 42
3.141592653589794
  0
LINE
  5
150
330
1F
100
AcDbEntity
  8
Geometries
  6
Continuous
370
    40
100
AcDbLine
 10
337.5542995182876
 20
110.4100545699662
 30
0.0
 11
338.0512884663341
 21
110.786669620952
 31
0.0
  0
LINE
  5
151
330
1F
100
AcDbEntity
  8
Geometries
  6
Continuous
370
    40
100
AcDbLine
 10
246.8097800277697
 20
120.0079673886322
 30
0.0
 11
294.0445130110311
 21
147.2789531916182
 31
0.0
  0
ELLIPSE
  5
152
330
1F
100
AcDbEntity
  8
Geometries
  6
Continuous
370
    40
100
AcDbEllipse
 10
312.5
 20
115.4764113644833
 30
0.0
 11
-26.225
 21
3.469446951953614E-15
 31
0.0
210
0.0
220
0.0
230
0.9999999999999999
 40
0.5773502691896256
 41
3.141594519289856
 42
3.384325109188995
  0
LINE
  5
153
330
1F
100
AcDbEntity
  8
Geometries
  6
Continuous
370
    40
100
AcDbLine
 10
340.8615004148073
 20
121.5555474408851
 30
0.0
 11
378.1902199722302
 21
100.0038011559029
 31
0.0
  0
ELLIPSE
  5
154
330
1F
100
AcDbEntity
  8
Geometries
  6
Continuous
370
    40
100
AcDbEllipse
 10
247.9411508776682
 20
119.35477012389
 30
0.0
 11
-1.6
 21
3.252606517456513E-16
 31
0.0
210
0.0
220
0.0
230
0.9999999999999999
 40
0.5773502691896255
 41
5.497787143782138
 42
6.283185307179583
  0
LINE
  5
155
330
1F
100
AcDbEntity
  8
Geometries
  6
Continuous
370
    40
100
AcDbLine
 10
296.307254710828
 20
147.2789531916182
 30
0.0
 11
321.9148934152624
 21
132.4943760923024
 31
0.0
  0
LINE
  5
156
330
1F
100
AcDbEntity
  8
Geometries
  6
Continuous
370
    40
100
AcDbLine
 10
337.2562846585412
 20
109.3631643375288
 30
0.0
 11
337.2562846585412
 21
110.4805132168266
 31
0.0
  0
LINE
  5
157
330
1F
100
AcDbEntity
  8
Geometries
  6
Continuous
370
    40
100
AcDbLine
 10
328.692745289172
 20
65.22104680838177
 30
0.0
 11
328.692745289172
 21
71.4264208234325
 31
0.0
  0
ELLIPSE
  5
158
330
1F
100
AcDbEntity
  8
Geometries
  6
Continuous
370
    40
100
AcDbEllipse
 10
319.8609279907962
 20
111.3625424052445
 30
0.0
 11
17.46674908003405
 21
0.0
 31
0.0
210
0.0
220
0.0
230
1.0
 40
0.5773502691896257
 41
4.762851451145972
 42
5.483369806760409
  0
LINE
  5
159
330
1F
100
AcDbEntity
  8
Geometries
  6
Continuous
370
    40
100
AcDbLine
 10
378.1902199722303
 20
92.4920326113678
 30
0.0
 11
378.1902199722302
 21
98.69740662641853
 31
0.0
  0
ELLIPSE
  5
15A
330
1F
100
AcDbEntity
  8
Geometries
  6
Continuous
370
    40
100
AcDbEllipse
 10
305.4289321881345
 20
118.6607480301014
 30
0.0
 11
-0.4999999999999999
 21
0.8660254037844388
 31
0.0
210
0.0
220
0.0
230
1.0
 40
0.5773502691896258
 41
3.926990816987242
 42
5.497787143782137
  0
LINE
  5
15B
330
1F
100
AcDbEntity
  8
Geometries
  6
Continuous
370
    40
100
AcDbLine
 10
282.5
 20
115.0844697435799
 30
0.0
 11
282.5
 21
110.6590815370097
 31
0.0
  0
LWPOLYLINE
  5
15C
330
1F
100
AcDbEntity
  8
Geometries
  6
Continuous
370
    40
100
AcDbPolyline
 90
        9
 70
   128
 43
0.0
 10
306.046612504397
 20
101.1968019973704
 10
306.0530610507615
 20
101.2009302044053
 10
306.0594240329165
 20
101.2043117809305
 10
306.0656942186422
 20
101.2069432765181
 10
306.0718643757192
 20
101.2088212407402
 10
306.0779320083811
 20
101.2099439402688
 10
306.0838949307732
 20
101.2103119421014
 10
306.0897463782675
 20
101.2099252469667
 10
306.0902292036674
 20
101.2098594801804
  0
LINE
  5
15D
330
1F
100
AcDbEntity
  8
Geometries
  6
Continuous
370
    40
100
AcDbLine
 10
342.499975677627
 20
115.8255023319562
 30
0.0
 11
342.4999747635422
 21
115.8259210877081
 31
0.0
  0
LWPOLYLINE
  5
15E
330
1F
100
AcDbEntity
  8
Geometries
  6
Continuous
370
    40
100
AcDbPolyline
 90
        7
 70
   128
 43
0.0
 10
305.1632838290206
 20
101.3329005097846
 10
305.2416659316512
 20
101.3203446517557
 10
305.4026481763023
 20
101.2948468365567
 10
305.5636314364857
 20
101.2697434878773
 10
305.7246267999219
 20
101.2450365106609
 10
305.8856211479022
 20
101.2207243739046
 10
306.046612504397
 20
101.1968019973704
  0
LINE
  5
15F
330
1F
100
AcDbEntity
  8
Geometries
  6
Continuous
370
    40
100
AcDbLine
 10
289.8725830020305
 20
108.8627890589687
 30
0.0
 11
288.4583694396574
 21
109.6792856398964
 31
0.0
  0
ELLIPSE
  5
160
330
1F
100
AcDbEntity
  8
Geometries
  6
Continuous
370
    40
100
AcDbEllipse
 10
312.5
 20
105.5968027352578
 30
0.0
 11
-26.225
 21
3.469446951953614E-15
 31
0.0
210
0.0
220
0.0
230
0.9999999999999999
 40
0.5773502691896256
 41
5.516854075982085
 42
5.944389484001647
  0
LWPOLYLINE
  5
161
330
1F
100
AcDbEntity
  8
Geometries
  6
Continuous
370
    40
100
AcDbPolyline
 90
        7
 70
   128
 43
0.0
 10
286.4837783329017
 20
112.4914095723952
 10
286.5269125938868
 20
112.3974851432431
 10
286.5700476563368
 20
112.303948225677
 10
286.6131829908979
 20
112.2108053454161
 10
286.6563215685158
 20
112.1180537211816
 10
286.699459874043
 20
112.0256973665895
 10
286.7425973780042
 20
111.93373203657
  0
LINE
  5
162
330
1F
100
AcDbEntity
  8
Geometries
  6
Continuous
370
    40
100
AcDbLine
 10
282.5
 20
115.8030099968544
 30
0.0
 11
282.5
 21
115.0844697435799
 31
0.0
  0
LINE
  5
163
330
1F
100
AcDbEntity
  8
Geometries
  6
Continuous
370
    40
100
AcDbLine
 10
378.1902199722302
 20
98.69740662641853
 30
0.0
 11
330.9554869889689
 21
71.4264208234325
 31
0.0
  0
LWPOLYLINE
  5
164
330
1F
100
AcDbEntity
  8
Geometries
  6
Continuous
370
    40
100
AcDbPolyline
 90
        7
 70
   128
 43
0.0
 10
293.9030916547938
 20
127.3624529098301
 10
293.7852466622356
 20
127.293432057869
 10
293.6673994800345
 20
127.2247991802199
 10
293.5495515544122
 20
127.1565604969794
 10
293.4316947685939
 20
127.0887149421451
 10
293.3138387261409
 20
127.0212644998615
 10
293.1959848736072
 20
126.9542046193662
  0
LINE
  5
165
330
1F
100
AcDbEntity
  8
Geometries
  6
Continuous
370
    40
100
AcDbLine
 10
246.3411508776682
 20
119.35477012389
 30
0.0
 11
246.3411508776682
 21
113.1493961088393
 31
0.0
  0
ELLIPSE
  5
166
330
1F
100
AcDbEntity
  8
Geometries
  6
Continuous
370
    40
100
AcDbEllipse
 10
377.0588491223318
 20
93.14522987611
 30
0.0
 11
1.6
 21
-7.047314121155779E-16
 31
0.0
210
0.0
220
0.0
230
1.0
 40
0.5773502691896256
 41
5.497787143782137
 42
6.283185307179586
  0
LWPOLYLINE
  5
167
330
1F
100
AcDbEntity
  8
Geometries
  6
Continuous
370
    40
100
AcDbPolyline
 90
       30
 70
   128
 43
0.0
 10
337.9562098669264
 20
119.1156422452693
 10
337.9565792746305
 20
119.1382571734733
 10
337.9576863707958
 20
119.1609775955459
 10
337.9595294650016
 20
119.18377744837
 10
337.9621068668271
 20
119.2066306688286
 10
337.9654185675092
 20
119.2295285754638
 10
337.9694623185341
 20
119.2524623527356
 10
337.9742330695454
 20
119.2754057339975
 10
337.9797257701869
 20
119.2983324526027
 10
337.9862783165447
 20
119.3224105168633
 10
337.9936239061474
 20
119.3464502863971
 10
338.0017527387154
 20
119.3704213764651
 10
338.0106550139691
 20
119.3942934023283
 10
338.0198370647506
 20
119.4168966116477
 10
338.0297117895444
 20
119.4393924434579
 10
338.0402674852408
 20
119.4617552192082
 10
338.0514924487301
 20
119.4839592603479
 10
338.0633832656119
 20
119.5059958515733
 10
338.0759344956473
 20
119.5278567965894
 10
338.0891313920301
 20
119.5495171859072
 10
338.1029592079543
 20
119.570952110038
 10
338.1181735097022
 20
119.5932365596714
 10
338.1340730109236
 20
119.6152532806387
 10
338.1506371622726
 20
119.6369746047201
 10
338.1678454144031
 20
119.6583728636958
 10
338.1848054963071
 20
119.6784180633133
 10
338.2023352190711
 20
119.698155146225
 10
338.2204141930025
 20
119.7175617123673
 10
338.2390220284082
 20
119.7366153616765
 10
338.257392648678
 20
119.7545831388615
  0
LINE
  5
168
330
1F
100
AcDbEntity
  8
Geometries
  6
Continuous
370
    40
100
AcDbLine
 10
306.1360389693211
 20
117.4360031587098
 30
0.0
 11
306.1360389693211
 21
118.2524997396376
 31
0.0
  0
LWPOLYLINE
  5
169
330
1F
100
AcDbEntity
  8
Geometries
  6
Continuous
370
    40
100
AcDbPolyline
 90
      248
 70
   128
 43
0.0
 10
305.1253054062232
 20
101.3591336656524
 10
305.0984515277748
 20
101.3636104064347
 10
305.022559481719
 20
101.3763576948268
 10
304.9467368447701
 20
101.3892345344451
 10
304.8709843201501
 20
101.4022407920126
 10
304.795302610402
 20
101.4153763328874
 10
304.719692417375
 20
101.4286410210648
 10
304.6441544422289
 20
101.4420347191761
 10
304.5686893854206
 20
101.4555572884904
 10
304.4932979466971
 20
101.469208588915
 10
304.417980825084
 20
101.4829884789973
 10
304.3427387188887
 20
101.4968968159234
 10
304.2675723256818
 20
101.5109334555208
 10
304.1924823422966
 20
101.5250982522585
 10
304.1174694648201
 20
101.5393910592472
 10
304.0425343885821
 20
101.5538117282417
 10
303.9676778081529
 20
101.5683601096398
 10
303.8929004173348
 20
101.5830360524845
 10
303.8182029091521
 20
101.5978394044641
 10
303.7435859758407
 20
101.6127700119145
 10
303.6690503088521
 20
101.6278277198177
 10
303.5945965988353
 20
101.6430123718045
 10
303.5202255356298
 20
101.6583238101554
 10
303.4459378082653
 20
101.6737618758004
 10
303.3717341049458
 20
101.6893264083212
 10
303.2976151130506
 20
101.7050172459507
 10
303.2235815191162
 20
101.7208342255761
 10
303.1496340088368
 20
101.7367771827381
 10
303.0757732670569
 20
101.752845951632
 10
303.0019999777568
 20
101.7690403651101
 10
302.9283148240515
 20
101.7853602546813
 10
302.8547184881812
 20
101.8018054505129
 10
302.7812116515038
 20
101.8183757814312
 10
302.7077949944831
 20
101.8350710749237
 10
302.6344691966876
 20
101.8518911571388
 10
302.5612349367794
 20
101.8688358528878
 10
302.4880928925066
 20
101.8859049856456
 10
302.4150437406968
 20
101.9030983775523
 10
302.3420881572441
 20
101.9204158494148
 10
302.2692268171113
 20
101.9378572207065
 10
302.1964603943147
 20
101.9554223095694
 10
302.1237895619148
 20
101.9731109328167
 10
302.051214992016
 20
101.9909229059313
 10
301.9787373557512
 20
102.0088580430696
 10
301.9063573232793
 20
102.0269161570613
 10
301.8340755637726
 20
102.0450970594119
 10
301.7618927454168
 20
102.0634005603021
 10
301.6898095353892
 20
102.0818264685927
 10
301.6178265998672
 20
102.1003745918217
 10
301.5459446040095
 20
102.1190447362088
 10
301.4741642119499
 20
102.1378367066563
 10
301.402486086793
 20
102.1567503067494
 10
301.330910890601
 20
102.1757853387594
 10
301.2594392843919
 20
102.1949416036435
 10
301.1880719281226
 20
102.2142189010484
 10
301.1168094806947
 20
102.2336170293088
 10
301.04565259993
 20
102.2531357854529
 10
300.974601942574
 20
102.272774965201
 10
300.9036581642837
 20
102.2925343629686
 10
300.832821919618
 20
102.3124137718682
 10
300.7620938620382
 20
102.3324129837087
 10
300.6914746438821
 20
102.352531789002
 10
300.6209649163787
 20
102.3727699769589
 10
300.5505653296187
 20
102.3931273354959
 10
300.4802765325633
 20
102.4136036512334
 10
300.4100991730203
 20
102.4341987095012
 10
300.3400338976523
 20
102.454912294336
 10
300.2700813519554
 20
102.475744188487
 10
300.2002421802561
 20
102.4966941734165
 10
300.130517025702
 20
102.5177620293023
 10
300.0609065302576
 20
102.5389475350381
 10
299.9914113346866
 20
102.5602504682387
 10
299.9220320785539
 20
102.5816706052391
 10
299.8527694002107
 20
102.603207721098
 10
299.7836239367865
 20
102.6248615896009
 10
299.7145963241837
 20
102.6466319832602
 10
299.6456871970678
 20
102.6685186733188
 10
299.5768971888584
 20
102.6905214297523
 10
299.50822693172
 20
102.7126400212713
 10
299.4396770565557
 20
102.7348742153232
 10
299.3712481929951
 20
102.7572237780962
 10
299.3029409693934
 20
102.7796884745186
 10
299.234756012807
 20
102.8022680682668
 10
299.1666939490061
 20
102.8249623217611
 10
299.0987554024521
 20
102.8477709961726
 10
299.0309409962883
 20
102.870693851426
 10
298.9632513523391
 20
102.8937306462001
 10
298.8956870910957
 20
102.9168811379317
 10
298.8282488317089
 20
102.9401450828187
 10
298.7609371919826
 20
102.9635222358216
 10
298.69375278836
 20
102.9870123506682
 10
298.626696235919
 20
103.0106151798552
 10
298.5597681483598
 20
103.0343304746524
 10
298.4929691380055
 20
103.0581579851025
 10
298.4262998157779
 20
103.0820974600293
 10
298.3597607912011
 20
103.1061486470367
 10
298.2933526723875
 20
103.1303112925138
 10
298.227076066033
 20
103.1545851416363
 10
298.1609315773983
 20
103.1789699383735
 10
298.0949198103133
 20
103.2034654254872
 10
298.0290413671577
 20
103.228071344538
 10
297.963296848857
 20
103.2527874358882
 10
297.8976868548732
 20
103.2776134387042
 10
297.8322119831927
 20
103.3025490909621
 10
297.7668728303215
 20
103.3275941294493
 10
297.701669991273
 20
103.3527482897697
 10
297.6366040595605
 20
103.3780113063467
 10
297.5716756271908
 20
103.403382912426
 10
297.5068852846434
 20
103.4288628400842
 10
297.4422336208805
 20
103.4544508202252
 10
297.3777212233198
 20
103.4801465825914
 10
297.3133486778339
 20
103.5059498557642
 10
297.2491165687449
 20
103.531860367167
 10
297.1850254788051
 20
103.5578778430734
 10
297.121075989197
 20
103.5840020086077
 10
297.0572686795166
 20
103.6102325877526
 10
296.9936041277704
 20
103.6365693033507
 10
296.9300829103622
 20
103.6630118771112
 10
296.8667056020857
 20
103.6895600296131
 10
296.8034727761149
 20
103.7162134803109
 10
296.7403850039931
 20
103.7429719475394
 10
296.6774428556257
 20
103.7698351485178
 10
296.6146468992703
 20
103.7968027993552
 10
296.5519977015294
 20
103.8238746150545
 10
296.4894958273356
 20
103.85105030952
 10
296.427141839946
 20
103.878329595561
 10
296.3649363009351
 20
103.9057121848958
 10
296.3028797701807
 20
103.9331977881596
 10
296.2409728058547
 20
103.9607861149097
 10
296.1792159644205
 20
103.9884768736279
 10
296.1176098006139
 20
104.0162697717308
 10
296.0561548674395
 20
104.0441645155727
 10
295.9948517161618
 20
104.0721608104513
 10
295.9337008962934
 20
104.1002583606147
 10
295.8727029555837
 20
104.1284568692686
 10
295.8118584400183
 20
104.1567560385778
 10
295.7511678937958
 20
104.1851555696794
 10
295.6906318593319
 20
104.2136551626825
 10
295.6302508772414
 20
104.2422545166788
 10
295.5700254863314
 20
104.2709533297479
 10
295.50995622359
 20
104.2997512989649
 10
295.4500436241838
 20
104.3286481204039
 10
295.3902882214374
 20
104.3576434891501
 10
295.3306905468348
 20
104.3867370993018
 10
295.2712511300017
 20
104.415928643981
 10
295.211970498701
 20
104.4452178153392
 10
295.1528491788204
 20
104.4746043045651
 10
295.0938876943677
 20
104.5040878018908
 10
295.0350865674534
 20
104.5336679966025
 10
294.9764463182887
 20
104.5633445770454
 10
294.9179674651774
 20
104.59311723063
 10
294.8596505244941
 20
104.622985643847
 10
294.8014960106892
 20
104.652949502268
 10
294.7435044362725
 20
104.6830084905572
 10
294.6856763118064
 20
104.7131622924786
 10
294.6280121458934
 20
104.7434105909061
 10
294.5705124451688
 20
104.7737530678312
 10
294.5131777142938
 20
104.8041894043702
 10
294.4560084559437
 20
104.8347192807752
 10
294.399005170797
 20
104.8653423764432
 10
294.3421683575304
 20
104.8960583699238
 10
294.2854985128053
 20
104.9268669389301
 10
294.2289961312637
 20
104.9577677603465
 10
294.172661705514
 20
104.98876051024
 10
294.1164957261286
 20
105.0198448638672
 10
294.0604986816269
 20
105.0510204956884
 10
294.0046710584703
 20
105.0822870793751
 10
293.9490133410573
 20
105.1136442878186
 10
293.8935260117056
 20
105.145091793145
 10
293.8382095506547
 20
105.1766292667196
 10
293.7830644360449
 20
105.2082563791641
 10
293.7280911439186
 20
105.2399728003626
 10
293.673290148207
 20
105.2717781994743
 10
293.6186619207203
 20
105.3036722449461
 10
293.5642069311449
 20
105.33565460452
 10
293.50992564703
 20
105.3677249452484
 10
293.4558185337794
 20
105.3998829335047
 10
293.4018860546454
 20
105.4321282349944
 10
293.3481286707197
 20
105.4644605147675
 10
293.2945468409259
 20
105.4968794372301
 10
293.2411410220113
 20
105.5293846661575
 10
293.187911668536
 20
105.5619758647074
 10
293.134859232871
 20
105.59465269543
 10
293.0819841651842
 20
105.6274148202839
 10
293.0292869134371
 20
105.6602619006469
 10
292.9767679233761
 20
105.6931935973299
 10
292.9244276385217
 20
105.7262095705922
 10
292.8722665001676
 20
105.7593094801509
 10
292.8202849473708
 20
105.7924929851966
 10
292.7684834169381
 20
105.8257597444115
 10
292.7168623434285
 20
105.8591094159768
 10
292.6654221591439
 20
105.8925416575896
 10
292.6141632941163
 20
105.9260561264803
 10
292.5630861761095
 20
105.9596524794226
 10
292.512191230608
 20
105.9933303727508
 10
292.4614788808106
 20
106.0270894623755
 10
292.4109495476246
 20
106.060929403798
 10
292.3606036496626
 20
106.0948498521242
 10
292.3104416032326
 20
106.1288504620827
 10
292.2604638331201
 20
106.1629308806623
 10
292.2106707555083
 20
106.1970907586534
 10
292.1610627798967
 20
106.2313297494602
 10
292.1116403134625
 20
106.2656475061664
 10
292.0624037610485
 20
106.3000436815561
 10
292.0133535251624
 20
106.3345179281281
 10
291.9644900059678
 20
106.3690698981151
 10
291.9158136012873
 20
106.4036992434963
 10
291.8673247065876
 20
106.4384056160215
 10
291.819023714984
 20
106.4731886672231
 10
291.770911017236
 20
106.5080480484335
 10
291.7229870017355
 20
106.542983410809
 10
291.675252054513
 20
106.5779944053415
 10
291.6277065592277
 20
106.6130806828806
 10
291.5803508971672
 20
106.6482418941508
 10
291.5331854472474
 20
106.683477689768
 10
291.4862105860037
 20
106.7187877202629
 10
291.4394266875914
 20
106.7541716360978
 10
291.3928341237871
 20
106.789629087684
 10
291.3464332639821
 20
106.8251597254037
 10
291.300224475183
 20
106.8607631996295
 10
291.2542081220103
 20
106.8964391607425
 10
291.2083845666985
 20
106.9321872591532
 10
291.1627541690929
 20
106.9680071453222
 10
291.1173172866526
 20
107.0038984697788
 10
291.0720742744454
 20
107.039860883145
 10
291.027025485155
 20
107.0758940361506
 10
290.9821712690772
 20
107.1119975796579
 10
290.9375119741198
 20
107.1481711646831
 10
290.8930479458088
 20
107.1844144424134
 10
290.8487795272821
 20
107.220727064235
 10
290.8047070593028
 20
107.2571086817446
 10
290.7608308802479
 20
107.2935589467832
 10
290.7171513261264
 20
107.3300775114439
 10
290.6736687305666
 20
107.3666640281076
 10
290.6303834248319
 20
107.403318149454
 10
290.5872957378181
 20
107.4400395284897
 10
290.5444059960611
 20
107.4768278185671
 10
290.5017145237381
 20
107.5136826734099
 10
290.4592216426758
 20
107.5506037471325
 10
290.416927672355
 20
107.5875906942633
 10
290.3748329299158
 20
107.6246431697683
 10
290.3329377301646
 20
107.6617608290722
 10
290.291242385581
 20
107.6989433280824
 10
290.2497472063251
 20
107.7361903232106
 10
290.2084525002466
 20
107.7735014713951
 10
290.1673585728881
 20
107.8108764301277
 10
290.1264657275015
 20
107.8483148574698
 10
290.1222178775314
 20
107.8522181043907
  0
LINE
  5
16A
330
1F
100
AcDbEntity
  8
Geometries
  6
Continuous
370
    40
100
AcDbLine
 10
297.6507575950825
 20
104.3720578638662
 30
0.0
 11
290.8725830020305
 21
108.2854387897791
 31
0.0
  0
LWPOLYLINE
  5
16B
330
1F
100
AcDbEntity
  8
Geometries
  6
Continuous
370
    40
100
AcDbPolyline
 90
       77
 70
   128
 43
0.0
 10
286.9923763430319
 20
112.092036556539
 10
286.9836789583933
 20
112.1123765108993
 10
286.9656965463992
 20
112.1548447489609
 10
286.9479397159863
 20
112.1973454648493
 10
286.9304086868491
 20
112.2398783929958
 10
286.913103679523
 20
112.2824432658691
 10
286.8960249153652
 20
112.325039813861
 10
286.8791726165341
 20
112.3676677651633
 10
286.8625470059631
 20
112.410326845651
 10
286.8461483073336
 20
112.4530167787563
 10
286.8299767450423
 20
112.4957372853484
 10
286.8140325441646
 20
112.5384880836106
 10
286.7983159304147
 20
112.581268888919
 10
286.7828271301028
 20
112.624079413715
 10
286.767566370085
 20
112.6669193673889
 10
286.7525338777134
 20
112.7097884561521
 10
286.7377298807785
 20
112.7526863829182
 10
286.7231546074502
 20
112.7956128471786
 10
286.7088082862113
 20
112.8385675448883
 10
286.6946911457911
 20
112.8815501683384
 10
286.6808034150914
 20
112.9245604060437
 10
286.667145323108
 20
112.9675979426288
 10
286.6537170988513
 20
113.0106624587077
 10
286.6405189712594
 20
113.0537536307752
 10
286.6275511691075
 20
113.0968711311002
 10
286.6148139209148
 20
113.1400146276128
 10
286.6023074548453
 20
113.1831837838046
 10
286.5900319986051
 20
113.2263782586276
 10
286.577987779336
 20
113.2695977063944
 10
286.5661750235044
 20
113.3128417766878
 10
286.5545939567867
 20
113.3561101142691
 10
286.54324480395
 20
113.3994023589956
 10
286.5321277887304
 20
113.4427181457371
 10
286.5212431337072
 20
113.4860571042999
 10
286.510591060172
 20
113.5294188593597
 10
286.5001717879962
 20
113.5728030303941
 10
286.4899855354955
 20
113.6162092316206
 10
286.4800325192883
 20
113.6596370719503
 10
286.4703129541562
 20
113.7030861549305
 10
286.4608270528966
 20
113.7465560787104
 10
286.4515750261753
 20
113.7900464360071
 10
286.4425570823777
 20
113.8335568140729
 10
286.4337734274552
 20
113.8770867946806
 10
286.4252242647724
 20
113.9206359541043
 10
286.4169097949502
 20
113.9642038631203
 10
286.4088302157099
 20
114.0077900870037
 10
286.400985721714
 20
114.0513941855418
 10
286.3933765044076
 20
114.095015713051
 10
286.3860027518585
 20
114.1386542184042
 10
286.3788646485984
 20
114.1823092450596
 10
286.3719623754612
 20
114.2259803311123
 10
286.3652961094244
 20
114.2696670093406
 10
286.3588660234507
 20
114.3133688072645
 10
286.3526722863293
 20
114.3570852472176
 10
286.3467150625194
 20
114.4008158464212
 10
286.340994511995
 20
114.4445601170753
 10
286.3355107900926
 20
114.4883175664449
 10
286.3302640473597
 20
114.5320876969682
 10
286.3252544294064
 20
114.575870006369
 10
286.3204820767611
 20
114.6196639877708
 10
286.3159471247279
 20
114.6634691298286
 10
286.3116497032481
 20
114.7072849168666
 10
286.3075899367662
 20
114.7511108290189
 10
286.3037679440999
 20
114.7949463423814
 10
286.3001838383138
 20
114.8387909291753
 10
286.2968377265992
 20
114.8826440579079
 10
286.2937297101585
 20
114.9265051935528
 10
286.2908598840949
 20
114.9703737977244
 10
286.2882283373084
 20
115.0142493288689
 10
286.2858351523969
 20
115.0581312424593
 10
286.2836804055645
 20
115.1020189911874
 10
286.2817641665357
 20
115.1459120251778
 10
286.2800864984762
 20
115.1898097921882
 10
286.2786474579215
 20
115.2337117378333
 10
286.2774470947111
 20
115.2776173057948
 10
286.2764854519316
 20
115.3215259380502
 10
286.2758340153164
 20
115.3603545985339
  0
LINE
  5
16C
330
1F
100
AcDbEntity
  8
Geometries
  6
Continuous
370
    40
100
AcDbLine
 10
293.6059419641712
 20
125.9766525670896
 30
0.0
 11
293.6059419641712
 21
116.0970439378641
 31
0.0
  0
LINE
  5
16D
330
1F
100
AcDbEntity
  8
Geometries
  6
Continuous
370
    40
100
AcDbLine
 10
328.692745289172
 20
65.22104680838177
 30
0.0
 11
246.8097800277697
 21
112.4961988440971
 31
0.0
  0
ARC
  5
16E
330
1F
100
AcDbEntity
  8
Geometries
  6
Continuous
370
    40
100
AcDbCircle
 10
286.4000444838209
 20
111.8399275612001
 30
0.0
 40
0.6437515105742985
100
AcDbArc
 50
359.7555012733701
 51
23.05488583795224
  0
LWPOLYLINE
  5
16F
330
1F
100
AcDbEntity
  8
Geometries
  6
Continuous
370
    40
100
AcDbPolyline
 90
        4
 70
   128
 43
0.0
 10
338.7246116023298
 20
115.3972117145864
 10
338.7245174707339
 20
115.3881345880502
 10
338.7239179653753
 20
115.3442199669843
 10
338.7236717223878
 20
115.3299489427745
  0
LINE
  5
170
330
1F
100
AcDbEntity
  8
Geometries
  6
Continuous
370
    40
100
AcDbLine
 10
305.721825406948
 20
116.8586528895202
 30
0.0
 11
312.5
 21
112.9452719636074
 31
0.0
  0
ELLIPSE
  5
171
330
1F
100
AcDbEntity
  8
Geometries
  6
Continuous
370
    40
100
AcDbEllipse
 10
312.5
 20
116.292907945411
 30
0.0
 11
27.225
 21
-5.204170427930420E-15
 31
0.0
210
0.0
220
0.0
230
1.0
 40
0.5773502691896255
 41
5.93167793290845
 42
11.29849825921715
  0
LINE
  5
172
330
1F
100
AcDbEntity
  8
Geometries
  6
Continuous
370
    40
100
AcDbLine
 10
378.1902199722303
 20
92.4920326113678
 30
0.0
 11
330.9554869889689
 21
65.22104680838177
 31
0.0
  0
LINE
  5
173
330
1F
100
AcDbEntity
  8
Geometries
  6
Continuous
370
    40
100
AcDbLine
 10
305.721825406948
 20
116.8586528895202
 30
0.0
 11
305.9289321881345
 21
116.9782260453893
 31
0.0
  0
LWPOLYLINE
  5
174
330
1F
100
AcDbEntity
  8
Geometries
  6
Continuous
370
    40
100
AcDbPolyline
 90
      670
 70
   128
 43
0.0
 10
321.9149019780943
 20
132.4943913494557
 10
321.8634494484414
 20
132.5042685141022
 10
321.7829788879943
 20
132.5195958999822
 10
321.7024352212243
 20
132.5347906459915
 10
321.6218190830538
 20
132.5498526403615
 10
321.5411311089431
 20
132.5647817722899
 10
321.4603719349025
 20
132.5795779319391
 10
321.3795421974801
 20
132.5942410104384
 10
321.298642533754
 20
132.6087708998858
 10
321.2176735813377
 20
132.6231674933473
 10
321.1366359783662
 20
132.6374306848593
 10
321.0555303634957
 20
132.6515603694294
 10
320.9743573759003
 20
132.6655564430368
 10
320.8931176552639
 20
132.6794188026341
 10
320.8118118417769
 20
132.6931473461481
 10
320.7304405761315
 20
132.7067419724808
 10
320.6490044995242
 20
132.7202025815092
 10
320.5675042536336
 20
132.7335290740893
 10
320.4859404806371
 20
132.7467213520535
 10
320.4043138231884
 20
132.7597793182145
 10
320.322624924426
 20
132.7727028763642
 10
320.2408744279583
 20
132.7854919312761
 10
320.1590629778681
 20
132.7981463887053
 10
320.0771912186993
 20
132.8106661553902
 10
319.9952597954575
 20
132.823051139053
 10
319.9132693536056
 20
132.8353012484006
 10
319.8312205390567
 20
132.8474163931255
 10
319.749113998169
 20
132.8593964839075
 10
319.6669503777448
 20
132.8712414324131
 10
319.5847303250191
 20
132.8829511512983
 10
319.5024544876633
 20
132.8945255542076
 10
319.4201235137747
 20
132.9059645557761
 10
319.3377380518716
 20
132.9172680716303
 10
319.2552987508927
 20
132.9284360183882
 10
319.1728062601849
 20
132.9394683136615
 10
319.0902612295096
 20
132.9503648760545
 10
319.0076643090244
 20
132.9611256251674
 10
318.9250161492928
 20
132.9717504815945
 10
318.8423174012661
 20
132.9822393669271
 10
318.7595687162871
 20
132.9925922037535
 10
318.6767707460799
 20
133.00280891566
 10
318.5939241427515
 20
133.0128894272308
 10
318.51102955878
 20
133.0228336640504
 10
318.4280876470122
 20
133.0326415527032
 10
318.3450990606634
 20
133.0423130207744
 10
318.2620644533058
 20
133.0518479968511
 10
318.1789844788628
 20
133.0612464105232
 10
318.0958597916126
 20
133.0705081923835
 10
318.0126910461743
 20
133.0796332740289
 10
317.9294788975118
 20
133.0886215880607
 10
317.8462240009175
 20
133.0974730680862
 10
317.7629270120166
 20
133.1061876487185
 10
317.6795885867613
 20
133.1147652655772
 10
317.5962093814192
 20
133.1232058552901
 10
317.5127900525777
 20
133.1315093554923
 10
317.4293312571284
 20
133.1396757048286
 10
317.3458336522734
 20
133.1477048429527
 10
317.2622978955106
 20
133.1555967105288
 10
317.1787246446364
 20
133.1633512492314
 10
317.0951145577362
 20
133.1709684017465
 10
317.011468293177
 20
133.1784481117725
 10
316.9277865096112
 20
133.1857903240199
 10
316.8440698659608
 20
133.1929949842128
 10
316.7603190214226
 20
133.2000620390886
 10
316.6765346354543
 20
133.2069914363993
 10
316.5927173677745
 20
133.2137831249119
 10
316.5088678783567
 20
133.2204370544088
 10
316.4249868274268
 20
133.226953175688
 10
316.3410748754479
 20
133.2333314405647
 10
316.2571326831329
 20
133.2395718018703
 10
316.1731609114217
 20
133.2456742134544
 10
316.0891602214834
 20
133.2516386301845
 10
316.0051312747147
 20
133.2574650079466
 10
315.9210747327348
 20
133.2631533036452
 10
315.8369912573652
 20
133.2687034752053
 10
315.7528815106494
 20
133.2741154815708
 10
315.6687461548278
 20
133.2793892827066
 10
315.5845858523395
 20
133.2845248395981
 10
315.5004012658216
 20
133.289522114252
 10
315.4161930580948
 20
133.2943810696968
 10
315.331961892167
 20
133.2991016699826
 10
315.2477084312206
 20
133.3036838801824
 10
315.1634333386148
 20
133.3081276663918
 10
315.0791372778781
 20
133.3124329957293
 10
314.994820912696
 20
133.3165998363374
 10
314.9104849069171
 20
133.3206281573822
 10
314.8261299245377
 20
133.3245179290541
 10
314.7417566297104
 20
133.3282691225677
 10
314.6573656867185
 20
133.3318817101631
 10
314.5729577599923
 20
133.3353556651049
 10
314.48853351409
 20
133.3386909616835
 10
314.4040936136943
 20
133.3418875752149
 10
314.3196387236137
 20
133.344945482041
 10
314.2351695087739
 20
133.3478646595301
 10
314.1506866342066
 20
133.3506450860769
 10
314.0661907650551
 20
133.3532867411028
 10
313.9816825665596
 20
133.3557896050563
 10
313.8971627040604
 20
133.3581536594128
 10
313.812631842986
 20
133.3603788866752
 10
313.7280906488518
 20
133.3624652703739
 10
313.6435397872493
 20
133.3644127950672
 10
313.5589799238507
 20
133.366221446341
 10
313.4744117243958
 20
133.3678912108096
 10
313.3898358546904
 20
133.3694220761151
 10
313.3052529805962
 20
133.3708140309283
 10
313.2206637680327
 20
133.3720670649483
 10
313.1360688829694
 20
133.3731811689026
 10
313.0514689914163
 20
133.3741563345478
 10
312.9668647594257
 20
133.3749925546688
 10
312.8822568530817
 20
133.3756898230796
 10
312.7976459384973
 20
133.3762481346229
 10
312.7130326818076
 20
133.3766674851707
 10
312.6284177491681
 20
133.3769478716237
 10
312.5438018067458
 20
133.3770892919117
 10
312.4591855207153
 20
133.3770917449935
 10
312.3745695572539
 20
133.3769552308572
 10
312.2899545851369
 20
133.3766797505304
 10
312.2053412705764
 20
133.3762653060721
 10
312.1207302797293
 20
133.3757119005705
 10
312.0361222787276
 20
133.3750195381429
 10
311.9515179336818
 20
133.374188223935
 10
311.8669179106777
 20
133.3732179641221
 10
311.7823228757596
 20
133.3721087659078
 10
311.6977334949408
 20
133.3708606375247
 10
311.6131504341844
 20
133.3694735882339
 10
311.5285743594034
 20
133.3679476283252
 10
311.4440059364623
 20
133.3662827691166
 10
311.3594458311613
 20
133.3644790229546
 10
311.2748947092328
 20
133.3625364032138
 10
311.1903532363453
 20
133.3604549242968
 10
311.1058220780857
 20
133.3582346016342
 10
311.0213018999639
 20
133.3558754516839
 10
310.9367933674047
 20
133.3533774919319
 10
310.8522971457357
 20
133.3507407408909
 10
310.7678139001974
 20
133.3479652181012
 10
310.6833442959218
 20
133.3450509441296
 10
310.5988889979364
 20
133.3419979405699
 10
310.5144486711572
 20
133.3388062300421
 10
310.4300239803832
 20
133.3354758361924
 10
310.3456155902915
 20
133.332006783693
 10
310.2612241654347
 20
133.3283990982419
 10
310.1768503702243
 20
133.3246528065621
 10
310.0924948689446
 20
133.3207679364019
 10
310.0081583257302
 20
133.3167445165342
 10
309.9238414045719
 20
133.3125825767567
 10
309.8395447693035
 20
133.3082821478908
 10
309.7552690836033
 20
133.3038432617819
 10
309.6710150109872
 20
133.2992659512989
 10
309.5867832148015
 20
133.2945502503337
 10
309.5025743582155
 20
133.2896961938006
 10
309.4183891042255
 20
133.2847038176368
 10
309.3342281156421
 20
133.2795731588012
 10
309.2500920550827
 20
133.2743042552738
 10
309.1659815849777
 20
133.2688971460563
 10
309.0818973675513
 20
133.2633518711708
 10
308.9978400648292
 20
133.2576684716598
 10
308.9138103386237
 20
133.2518469895854
 10
308.829808850535
 20
133.2458874680291
 10
308.7458362619413
 20
133.2397899510914
 10
308.6618932339986
 20
133.233554483891
 10
308.5779804276318
 20
133.2271811125648
 10
308.4940985035284
 20
133.2206698842665
 10
308.4102481221425
 20
133.2140208471675
 10
308.3264299436775
 20
133.2072340504551
 10
308.2426446280852
 20
133.2003095443322
 10
308.1588928350689
 20
133.1932473800174
 10
308.0751752240677
 20
133.1860476097441
 10
307.9914924542543
 20
133.1787102867595
 10
307.9078451845335
 20
133.1712354653245
 10
307.8242340735304
 20
133.163623200713
 10
307.7406597795995
 20
133.1558735492118
 10
307.6571229607969
 20
133.1479865681186
 10
307.5736242748973
 20
133.1399623157429
 10
307.4901643793766
 20
133.1318008514047
 10
307.4067439314111
 20
133.1235022354338
 10
307.3233635878728
 20
133.1150665291694
 10
307.2400240053187
 20
133.1064937949591
 10
307.1567258399947
 20
133.0977840961586
 10
307.0734697478255
 20
133.0889374971308
 10
306.9902563844091
 20
133.0799540632453
 10
306.9070864050141
 20
133.0708338608776
 10
306.8239604645727
 20
133.061576957408
 10
306.7408792176766
 20
133.0521834212216
 10
306.6578433185749
 20
133.0426533217072
 10
306.5748534211658
 20
133.0329867292567
 10
306.4919101789893
 20
133.023183715264
 10
306.4090142452268
 20
133.0132443521244
 10
306.3261662726948
 20
133.0031687132339
 10
306.243366913843
 20
132.9929568729891
 10
306.1606168207448
 20
132.9826089067854
 10
306.0779166450861
 20
132.9721248910154
 10
305.9952670381837
 20
132.9615049030715
 10
305.9126686509521
 20
132.950749021341
 10
305.8301221339156
 20
132.9398573252077
 10
305.7476281372012
 20
132.9288298950507
 10
305.6651873105299
 20
132.9176668122431
 10
305.5828003032152
 20
132.9063681591516
 10
305.5004677641558
 20
132.894934019135
 10
305.4181903418326
 20
132.8833644765442
 10
305.335968684301
 20
132.8716596167204
 10
305.253803439194
 20
132.8598195259954
 10
305.1716952537064
 20
132.8478442916894
 10
305.0896447745989
 20
132.8357340021111
 10
305.0076526481877
 20
132.8234887465559
 10
304.9257195203439
 20
132.8111086153061
 10
304.843846036484
 20
132.7985936996286
 10
304.7620328415699
 20
132.7859440917753
 10
304.6802805801016
 20
132.7731598849811
 10
304.5985898961141
 20
132.7602411734638
 10
304.5169614331718
 20
132.7471880524227
 10
304.4353958343622
 20
132.7340006180373
 10
304.3538937422918
 20
132.7206789674665
 10
304.2724557990878
 20
132.707223198849
 10
304.1910826463804
 20
132.6936334112994
 10
304.1097749253138
 20
132.6799097049106
 10
304.0285332765264
 20
132.6660521807496
 10
303.9473583401588
 20
132.6520609408591
 10
303.8662507558402
 20
132.6379360882547
 10
303.7852111626885
 20
132.6236777269246
 10
303.7042401993061
 20
132.6092859618288
 10
303.6233385037705
 20
132.5947608988973
 10
303.5425067136367
 20
132.58010264503
 10
303.4617454659282
 20
132.5653113080948
 10
303.3810553971297
 20
132.5503869969266
 10
303.3004371431908
 20
132.535329821327
 10
303.2198913395137
 20
132.5201398920622
 10
303.1394186209538
 20
132.5048173208631
 10
303.059019621814
 20
132.4893622204231
 10
302.9786949758358
 20
132.4737747043971
 10
302.8984453162033
 20
132.4580548874017
 10
302.8182712755324
 20
132.4422028850124
 10
302.7381734858641
 20
132.4262188137629
 10
302.6581525786701
 20
132.4101027911452
 10
302.5782091848387
 20
132.3938549356069
 10
302.4983439346755
 20
132.377475366551
 10
302.4185574578988
 20
132.3609642043348
 10
302.3388503836305
 20
132.3443215702678
 10
302.2592233403976
 20
132.3275475866115
 10
302.1796769561271
 20
132.3106423765783
 10
302.1002118581371
 20
132.2936060643295
 10
302.0208286731367
 20
132.2764387749747
 10
301.9415280272221
 20
132.259140634571
 10
301.8623105458698
 20
132.2417117701212
 10
301.7831768539309
 20
132.2241523095722
 10
301.7041275756375
 20
132.2064623818163
 10
301.625163334582
 20
132.1886421166863
 10
301.546284753727
 20
132.1706916449575
 10
301.4674924553882
 20
132.1526110983435
 10
301.3887870612489
 20
132.1344006094995
 10
301.3101691923329
 20
132.1160603120155
 10
301.2316394690188
 20
132.0975903404198
 10
301.1531985110291
 20
132.0789908301757
 10
301.0748469374232
 20
132.06026191768
 10
300.9965853665975
 20
132.0414037402628
 10
300.9184144162799
 20
132.0224164361856
 10
300.840334703528
 20
132.0033001446411
 10
300.7623468447177
 20
131.9840550057498
 10
300.684451455553
 20
131.9646811605625
 10
300.6066491510442
 20
131.9451787510543
 10
300.5289405455222
 20
131.9255479201285
 10
300.4513262526186
 20
131.9057888116108
 10
300.3738068852719
 20
131.8859015702511
 10
300.2963830557189
 20
131.8658863417209
 10
300.2190553754954
 20
131.8457432726132
 10
300.1418244554297
 20
131.8254725104408
 10
300.0646909056321
 20
131.8050742036333
 10
299.9876553355037
 20
131.784548501539
 10
299.9107183537265
 20
131.7638955544226
 10
299.8338805682528
 20
131.7431155134614
 10
299.7571425863167
 20
131.7222085307491
 10
299.6805050144152
 20
131.7011747592898
 10
299.6039684583137
 20
131.6800143529996
 10
299.5275335230401
 20
131.658727466705
 10
299.4512008128776
 20
131.6373142561403
 10
299.3749709313677
 20
131.6157748779485
 10
299.2988444812976
 20
131.5941094896777
 10
299.2228220647107
 20
131.5723182497838
 10
299.1469042828834
 20
131.5504013176239
 10
299.0710917363415
 20
131.5283588534605
 10
298.9953850248411
 20
131.5061910184562
 10
298.9197847473716
 20
131.4838979746744
 10
298.8442915021577
 20
131.4614798850795
 10
298.7689058866429
 20
131.4389369135322
 10
298.6936284974967
 20
131.4162692247917
 10
298.6184599306073
 20
131.3934769845126
 10
298.543400781079
 20
131.3705603592451
 10
298.4684516432266
 20
131.3475195164323
 10
298.3936131105736
 20
131.3243546244103
 10
298.3188857758501
 20
131.3010658524068
 10
298.2442702309911
 20
131.2776533705412
 10
298.1697670671231
 20
131.2541173498198
 10
298.0953768745736
 20
131.2304579621391
 10
298.0211002428582
 20
131.2066753802813
 10
297.946937760688
 20
131.1827697779173
 10
297.8728900159497
 20
131.1587413295996
 10
297.7989575957221
 20
131.1345902107679
 10
297.7251410862564
 20
131.1103165977429
 10
297.651441072982
 20
131.085920667728
 10
297.5778581405035
 20
131.0614025988081
 10
297.5043928725914
 20
131.0367625699472
 10
297.4310458521816
 20
131.0120007609877
 10
297.3578176613795
 20
130.9871173526523
 10
297.2847088814444
 20
130.9621125265382
 10
297.2117200927978
 20
130.9369864651206
 10
297.1388518750134
 20
130.9117393517492
 10
297.0661048068151
 20
130.8863713706474
 10
296.9934794660773
 20
130.8608827069129
 10
296.9209764298192
 20
130.8352735465156
 10
296.8485962741996
 20
130.809544076296
 10
296.7763395745208
 20
130.7836944839667
 10
296.7042069052208
 20
130.7577249581099
 10
296.6321988398696
 20
130.7316356881763
 10
296.5603159511697
 20
130.7054268644854
 10
296.4885588109498
 20
130.6790986782237
 10
296.4169279901648
 20
130.6526513214443
 10
296.3454240588947
 20
130.6260849870677
 10
296.2740475863358
 20
130.5993998688782
 10
296.2027991408029
 20
130.5725961615252
 10
296.1316792897232
 20
130.5456740605212
 10
296.0606885996384
 20
130.5186337622431
 10
295.9898276361961
 20
130.491475463929
 10
295.9190969641537
 20
130.4641993636805
 10
295.8484971473702
 20
130.4368056604596
 10
295.7780287488052
 20
130.409294554089
 10
295.7076923305156
 20
130.3816662452511
 10
295.6374884536581
 20
130.3539209354894
 10
295.5674176784812
 20
130.3260588272062
 10
295.4974805643212
 20
130.2980801236612
 10
295.4276776696055
 20
130.2699850289733
 10
295.3580095518476
 20
130.2417737481197
 10
295.2884767676439
 20
130.2134464869345
 10
295.2190798726703
 20
130.1850034521086
 10
295.1498194216823
 20
130.15644485119
 10
295.0806959685127
 20
130.1277708925835
 10
295.0117100660644
 20
130.0989817855488
 10
294.9428622663171
 20
130.0700777402035
 10
294.8741531203139
 20
130.0410589675188
 10
294.8055831781678
 20
130.0119256793227
 10
294.7371529890552
 20
129.9826780882983
 10
294.6688631012153
 20
129.9533164079839
 10
294.6007140619446
 20
129.9238408527723
 10
294.5327064176008
 20
129.8942516379128
 10
294.4648407135945
 20
129.8645489795087
 10
294.3971174943892
 20
129.8347330945187
 10
294.3295373034993
 20
129.8048042007563
 10
294.2621006834891
 20
129.7747625168911
 10
294.1948081759684
 20
129.7446082624476
 10
294.1276603215919
 20
129.714341657806
 10
294.0606576600523
 20
129.6839629242007
 10
293.9938007300894
 20
129.6534722837251
 10
293.9270900694768
 20
129.6228699593273
 10
293.8605262150217
 20
129.5921561748107
 10
293.7941097025679
 20
129.5613311548375
 10
293.7278410669912
 20
129.5303951249273
 10
293.6617208421949
 20
129.4993483114566
 10
293.5957495611087
 20
129.4681909416599
 10
293.5299277556909
 20
129.4369232436323
 10
293.4642559569208
 20
129.405545446327
 10
293.398734694797
 20
129.3740577795567
 10
293.3333644983413
 20
129.3424604739965
 10
293.2681458955905
 20
129.3107537611825
 10
293.2030794135938
 20
129.2789378735112
 10
293.1381655784186
 20
129.2470130442451
 10
293.0734049151395
 20
129.2149795075086
 10
293.0087979478402
 20
129.182837498291
 10
292.9443451996127
 20
129.1505872524481
 10
292.8800471925515
 20
129.1182290067014
 10
292.8159044477559
 20
129.0857629986411
 10
292.7519174853277
 20
129.0531894667271
 10
292.6880868243625
 20
129.020508650287
 10
292.6244129829569
 20
128.987720789522
 10
292.5608964782003
 20
128.9548261255046
 10
292.4975378261743
 20
128.9218249001811
 10
292.4343375419538
 20
128.8887173563744
 10
292.3712961395987
 20
128.8555037377822
 10
292.3084141321568
 20
128.8221842889813
 10
292.2456920316622
 20
128.7887592554286
 10
292.1831303491277
 20
128.7552288834611
 10
292.1207295945503
 20
128.7215934203
 10
292.0584902769032
 20
128.6878531140508
 10
291.9964129041343
 20
128.6540082137041
 10
291.934497983166
 20
128.6200589691393
 10
291.8727460198963
 20
128.586005631128
 10
291.8111575191865
 20
128.55184845133
 10
291.7497329848687
 20
128.5175876823014
 10
291.6884729197429
 20
128.4832235774956
 10
291.6273778255652
 20
128.4487563912601
 10
291.5664482030586
 20
128.4141863788467
 10
291.5056845519013
 20
128.3795137964075
 10
291.4450873707282
 20
128.3447389009999
 10
291.3846571571273
 20
128.3098619505881
 10
291.3243944076394
 20
128.2748832040465
 10
291.2642996177535
 20
128.2398029211615
 10
291.2043732819059
 20
128.2046213626339
 10
291.1446158934754
 20
128.1693387900813
 10
291.0850279447815
 20
128.1339554660401
 10
291.0256099270862
 20
128.0984716539716
 10
290.9663623305861
 20
128.062887618261
 10
290.907285644411
 20
128.0272036242215
 10
290.8483803566204
 20
127.9914199380962
 10
290.7896469542049
 20
127.9555368270641
 10
290.7310859230794
 20
127.9195545592398
 10
290.6726977480808
 20
127.883473403678
 10
290.6144829129685
 20
127.8472936303777
 10
290.5564419004147
 20
127.811015510282
 10
290.4985751920081
 20
127.7746393152848
 10
290.4408832682484
 20
127.7381653182331
 10
290.3833666085406
 20
127.7015937929286
 10
290.3260256911976
 20
127.6649250141347
 10
290.2688609934314
 20
127.6281592575762
 10
290.2118729913507
 20
127.591296799944
 10
290.1550621661228
 20
127.5543379229207
 10
290.0984289934913
 20
127.5172829064237
 10
290.0419739463113
 20
127.4801320302048
 10
289.9856974963217
 20
127.4428855749991
 10
289.9296001141428
 20
127.4055438225297
 10
289.8736822692677
 20
127.3681070555087
 10
289.8179444300624
 20
127.3305755576436
 10
289.7623870637593
 20
127.2929496136394
 10
289.7070106364558
 20
127.2552295092046
 10
289.6518156131081
 20
127.2174155310536
 10
289.5968024575284
 20
127.1795079669125
 10
289.541971632377
 20
127.1415071055199
 10
289.4873235991631
 20
127.1034132366353
 10
289.4328588182348
 20
127.0652266510393
 10
289.3785777487805
 20
127.0269476405422
 10
289.3244808488167
 20
126.988576497983
 10
289.2705685751919
 20
126.9501135172402
 10
289.2168413835707
 20
126.9115589932279
 10
289.1632997284407
 20
126.8729132219096
 10
289.1099440630966
 20
126.8341765002938
 10
289.0567748396405
 20
126.795349126444
 10
289.0037925089761
 20
126.7564313994816
 10
288.9509975208023
 20
126.7174236195906
 10
288.898390323606
 20
126.6783260880208
 10
288.8459713646581
 20
126.6391391070941
 10
288.7937410900074
 20
126.5998629802083
 10
288.7416999444735
 20
126.5604980118416
 10
288.6898483716367
 20
126.5210445075539
 10
288.6381868138432
 20
126.4815027740003
 10
288.5867157121842
 20
126.4418731189252
 10
288.5354355064987
 20
126.4021558511733
 10
288.4843466353626
 20
126.362351280692
 10
288.4334495360833
 20
126.3224597185369
 10
288.3827446446892
 20
126.2824814768734
 10
288.3322323959285
 20
126.2424168689868
 10
288.2819132232547
 20
126.2022662092807
 10
288.2317875588228
 20
126.1620298132852
 10
288.1818558334802
 20
126.1217079976596
 10
288.1321184767613
 20
126.0813010801999
 10
288.0825759168721
 20
126.0408093798367
 10
288.0332285806914
 20
126.0002332166476
 10
287.9840768937536
 20
125.9595729118544
 10
287.9351212802454
 20
125.9188287878321
 10
287.886362162994
 20
125.8780011681105
 10
287.8377999634606
 20
125.8370903773807
 10
287.7894351017263
 20
125.7960967414949
 10
287.7412679964883
 20
125.7550205874758
 10
287.6932990650447
 20
125.7138622435152
 10
287.6455287232894
 20
125.6726220389824
 10
287.5979573856998
 20
125.6313003044261
 10
287.5505854653242
 20
125.5898973715761
 10
287.5034133737749
 20
125.5484135733494
 10
287.4564415212179
 20
125.506849243855
 10
287.4096703163564
 20
125.4652047183917
 10
287.3631001664269
 20
125.4234803334581
 10
287.3167314771823
 20
125.3816764267501
 10
287.2705646528823
 20
125.3397933371668
 10
287.224600096284
 20
125.2978314048142
 10
287.1788382086251
 20
125.2557909710045
 10
287.1332793896157
 20
125.2136723782617
 10
287.0879240374261
 20
125.1714759703243
 10
287.0427725486708
 20
125.1292020921445
 10
286.997825318398
 20
125.0868510898926
 10
286.9530827400775
 20
125.0444233109592
 10
286.9085452055863
 20
125.0019191039563
 10
286.8642131051944
 20
124.9593388187177
 10
286.8200868275521
 20
124.9166828063019
 10
286.7761667596791
 20
124.8739514189949
 10
286.7324532869445
 20
124.8311450103067
 10
286.6889467930574
 20
124.7882639349758
 10
286.6456476600517
 20
124.7453085489691
 10
286.6025562682693
 20
124.7022792094801
 10
286.5596729963486
 20
124.6591762749326
 10
286.516998221207
 20
124.6160001049773
 10
286.4745323180273
 20
124.5727510604937
 10
286.4322756602411
 20
124.529429503587
 10
286.3902286195145
 20
124.48603579759
 10
286.3483915657316
 20
124.4425703070597
 10
286.3067648669806
 20
124.3990333977787
 10
286.265348889534
 20
124.3554254367491
 10
286.2241439978354
 20
124.3117467921935
 10
286.183150554482
 20
124.2679978335519
 10
286.1423689202093
 20
124.2241789314801
 10
286.1017994538744
 20
124.1802904578466
 10
286.0614425124336
 20
124.1363327857233
 10
286.0212984509375
 20
124.0923062893951
 10
285.9813676225017
 20
124.0482113443427
 10
285.941650378295
 20
124.004048327244
 10
285.9021470675231
 20
123.9598176159706
 10
285.8628580374088
 20
123.9155195895807
 10
285.8237836331762
 20
123.8711546283149
 10
285.7849241980302
 20
123.8267231135883
 10
285.7462800731423
 20
123.7822254279873
 10
285.7078515976301
 20
123.737661955261
 10
285.6696391085414
 20
123.6930330803161
 10
285.6316429408351
 20
123.6483391892091
 10
285.5938634273618
 20
123.6035806691359
 10
285.5563008988481
 20
123.5587579084275
 10
285.5189556838787
 20
123.5138712965416
 10
285.4818281088752
 20
123.46892122405
 10
285.4449184980789
 20
123.423908082631
 10
285.4082271735355
 20
123.3788322650616
 10
285.3717544550742
 20
123.3336941652063
 10
285.3355006602878
 20
123.2884941780029
 10
285.2994661045201
 20
123.2432326994588
 10
285.2636511008417
 20
123.1979101266321
 10
285.2280559600346
 20
123.1525268576228
 10
285.1926809905762
 20
123.1070832915633
 10
285.1575264986161
 20
123.061579828599
 10
285.1225927879638
 20
123.0160168698816
 10
285.0878801600658
 20
122.9703948175501
 10
285.0533889139921
 20
122.9247140747201
 10
285.0191193464164
 20
122.8789750454685
 10
284.9850717515989
 20
122.8331781348167
 10
284.9512464213691
 20
122.7873237487168
 10
284.9176436451087
 20
122.7414122940347
 10
284.8842637097346
 20
122.6954441785336
 10
284.8511068996822
 20
122.6494198108577
 10
284.8181734968891
 20
122.6033396005147
 10
284.7854637807771
 20
122.5572039578558
 10
284.7529780282385
 20
122.511013294061
 10
284.7207165136182
 20
122.4647680211169
 10
284.6886795087004
 20
122.4184685518014
 10
284.6568672826893
 20
122.3721152996582
 10
284.6252801021998
 20
122.3257086789845
 10
284.5939182312371
 20
122.2792491048029
 10
284.5627819311839
 20
122.2327369928425
 10
284.5318714607909
 20
122.1861727595236
 10
284.5011870761556
 20
122.1395568219263
 10
284.4707290307161
 20
122.0928895977772
 10
284.4404975752314
 20
122.0461715054175
 10
284.4104929577754
 20
121.9994029637897
 10
284.380715423719
 20
121.9525843924056
 10
284.3511652157244
 20
121.905716211331
 10
284.3218425737277
 20
121.858798841153
 10
284.2927477349332
 20
121.8118327029623
 10
284.2638809337988
 20
121.7648182183223
 10
284.2352424020311
 20
121.7177558092507
 10
284.2068323685719
 20
121.6706458981887
 10
284.1786510595921
 20
121.6234889079777
 10
284.1506986984819
 20
121.5762852618315
 10
284.1229755058435
 20
121.5290353833104
 10
284.0954816994861
 20
121.4817396962977
 10
284.0682174944163
 20
121.4343986249672
 10
284.0411831028339
 20
121.3870125937593
 10
284.0143787341279
 20
121.3395820273555
 10
283.9878045948681
 20
121.2921073506447
 10
283.9614608888056
 20
121.2445889887021
 10
283.9353478168661
 20
121.1970273667567
 10
283.9094655771485
 20
121.1494229101642
 10
283.883814364924
 20
121.1017760443816
 10
283.8583943726318
 20
121.0540871949325
 10
283.833205789882
 20
121.0063567873861
 10
283.8082488034526
 20
120.958585247322
 10
283.783523597293
 20
120.9107730003072
 10
283.7590303525221
 20
120.8629204718602
 10
283.7347692474352
 20
120.8150280874324
 10
283.7107404575026
 20
120.7670962723696
 10
283.6869441553747
 20
120.7191254518871
 10
283.6633805108872
 20
120.6711160510416
 10
283.6400496910672
 20
120.6230684947052
 10
283.6169518601351
 20
120.5749832075276
 10
283.5940871795162
 20
120.5268606139189
 10
283.5714558078456
 20
120.4787011380147
 10
283.549057900975
 20
120.4305052036462
 10
283.5268936119855
 20
120.3822732343187
 10
283.5049630911943
 20
120.3340056531782
 10
283.4832664861673
 20
120.2857028829879
 10
283.4618039417279
 20
120.2373653460956
 10
283.4405755999723
 20
120.1889934644138
 10
283.4195816002784
 20
120.1405876593829
 10
283.3988220793238
 20
120.0921483519559
 10
283.3782971710972
 20
120.0436759625652
 10
283.3580070069132
 20
119.9951709110958
 10
283.3379517154307
 20
119.9466336168654
 10
283.3181314226675
 20
119.8980644985955
 10
283.2985462520174
 20
119.849463974385
 10
283.2791963242703
 20
119.8008324616927
 10
283.2600817576287
 20
119.7521703773061
 10
283.241202667728
 20
119.7034781373213
 10
283.2225591676578
 20
119.6547561571227
 10
283.2041513679807
 20
119.6060048513554
 10
283.1859793767561
 20
119.5572246339102
 10
283.1680432995598
 20
119.5084159178947
 10
283.150343239509
 20
119.4595791156197
 10
283.1328792972852
 20
119.4107146385758
 10
283.1156515711575
 20
119.3618228974151
 10
283.0986601570082
 20
119.3129043019322
 10
283.0819051483574
 20
119.2639592610461
 10
283.0653866363898
 20
119.2149881827853
 10
283.0491047099789
 20
119.1659914742653
 10
283.0330594557182
 20
119.1169695416848
 10
283.0172509579427
 20
119.0679227902943
 10
283.0016792987618
 20
119.0188516243952
 10
282.9863445580851
 20
118.9697564473203
 10
282.9712468136521
 20
118.9206376614231
 10
282.9563861410606
 20
118.8714956680633
 10
282.9417626137983
 20
118.8223308676022
 10
282.9273763032696
 20
118.7731436593827
 10
282.913227278828
 20
118.7239344417262
 10
282.8993156078079
 20
118.6747036119273
 10
282.8856413555516
 20
118.6254515662345
 10
282.8722045854451
 20
118.5761786998583
 10
282.8590053589465
 20
118.5268854069543
 10
282.8460437356181
 20
118.4775720806201
 10
282.8333197731594
 20
118.4282391128959
 10
282.8208335274384
 20
118.3788868947577
 10
282.8085850525232
 20
118.3295158161146
 10
282.7965744007149
 20
118.2801262658077
 10
282.78480162258
 20
118.2307186316117
 10
282.773266766983
 20
118.1812933002362
 10
282.7619698811174
 20
118.1318506573216
 10
282.7509110105398
 20
118.0823910874472
 10
282.7400901992005
 20
118.0329149741299
 10
282.729507489477
 20
117.9834226998311
 10
282.7191629222066
 20
117.9339146459663
 10
282.7090565367165
 20
117.8843911929004
 10
282.699188370857
 20
117.8348527199633
 10
282.6895584610328
 20
117.7852996054537
 10
282.680166842235
 20
117.7357322266535
 10
282.6710135480706
 20
117.6861509598271
 10
282.6620986107957
 20
117.636556180244
 10
282.653422061344
 20
117.586948262182
 10
282.6449839293584
 20
117.5373275789425
 10
282.6367842432199
 20
117.4876945028634
 10
282.6288230300778
 20
117.4380494053351
 10
282.6211003158783
 20
117.3883926568121
 10
282.6136161253931
 20
117.3387246268305
 10
282.6063704822475
 20
117.2890456840253
 10
282.5993634089478
 20
117.2393561961459
 10
282.592594926909
 20
117.1896565300777
 10
282.5860650564807
 20
117.1399470518585
 10
282.5797738169724
 20
117.0902281266978
 10
282.57372122668
 20
117.040500118999
 10
282.5679073029099
 20
116.9907633923819
 10
282.562332062002
 20
116.9410183096985
 10
282.5569955193545
 20
116.8912652330646
 10
282.5518976894456
 20
116.8415045238763
 10
282.5470385858549
 20
116.7917365428352
 10
282.5424182212855
 20
116.7419616499768
 10
282.5380366075833
 20
116.6921802046901
 10
282.533893755757
 20
116.6423925657495
 10
282.5299896759966
 20
116.5925990913351
 10
282.5263243776911
 20
116.5428001390646
 10
282.5228978694455
 20
116.4929960660158
 10
282.5197101590968
 20
116.4431872287577
 10
282.5167612537295
 20
116.3933739833803
 10
282.5140511596896
 20
116.3435566855201
 10
282.5115798825979
 20
116.2937356903907
 10
282.5093474273626
 20
116.2439113528122
 10
282.5073537981909
 20
116.1940840272389
 10
282.5055989985992
 20
116.1442540677958
 10
282.5040830314229
 20
116.0944218283001
 10
282.5028058988249
 20
116.0445876623018
 10
282.5017676023035
 20
115.9947519231077
 10
282.5009681426985
 20
115.944914963812
 10
282.5004075201971
 20
115.8950771373355
 10
282.5000857343388
 20
115.8452387964488
 10
282.5000015904732
 20
115.8087616785651
  0
LINE
  5
175
330
1F
100
AcDbEntity
  8
Geometries
  6
Continuous
370
    40
100
AcDbLine
 10
305.4289321881345
 20
119.4772446110292
 30
0.0
 11
314.6213203435597
 21
114.1700168349989
 31
0.0
  0
LINE
  5
176
330
1F
100
AcDbEntity
  8
Geometries
  6
Continuous
370
    40
100
AcDbLine
 10
378.6588491223318
 20
93.14522987611
 30
0.0
 11
378.6588491223318
 21
99.35060389116072
 31
0.0
  0
ELLIPSE
  5
177
330
1F
100
AcDbEntity
  8
Geometries
  6
Continuous
370
    40
100
AcDbEllipse
 10
336.5603216221946
 20
110.8815693393863
 30
0.0
 11
1.499999999999999
 21
-1.084202172485504E-16
 31
0.0
210
0.0
220
0.0
230
1.0
 40
0.5773502691896255
 41
6.173384051070501
 42
6.28237263320053
  0
LINE
  5
178
330
1F
100
AcDbEntity
  8
Geometries
  6
Continuous
370
    40
100
AcDbLine
 10
318.953387495603
 20
131.2377471629628
 30
0.0
 11
318.953387495603
 21
120.2722290758177
 31
0.0
  0
LWPOLYLINE
  5
179
330
1F
100
AcDbEntity
  8
Geometries
  6
Continuous
370
    40
100
AcDbPolyline
 90
        3
 70
   128
 43
0.0
 10
286.2750632377756
 20
115.4444537507817
 10
286.2750331747417
 20
115.4532646195015
 10
286.2750000000133
 20
115.4763967010027
  0
LINE
  5
17A
330
1F
100
AcDbEntity
  8
Geometries
  6
Continuous
370
    40
100
AcDbLine
 10
290.8725830020305
 20
108.2854387897791
 30
0.0
 11
290.579689783217
 21
108.4545407685049
 31
0.0
  0
ARC
  5
17B
330
1F
100
AcDbEntity
  8
Geometries
  6
Continuous
370
    40
100
AcDbCircle
 10
328.7367319364031
 20
116.0767523802396
 30
0.0
 40
10.09101874004746
100
AcDbArc
 50
332.6213030096316
 51
336.0125227191652
  0
LINE
  5
17C
330
1F
100
AcDbEntity
  8
Geometries
  6
Continuous
370
    40
100
AcDbLine
 10
337.2879925038478
 20
109.4483709486916
 30
0.0
 11
337.2879925038478
 21
110.6926022419931
 31
0.0
  0
LINE
  5
17D
330
1F
100
AcDbEntity
  8
Geometries
  6
Continuous
370
    40
100
AcDbLine
 10
337.6973908218238
 20
119.6733197810945
 30
0.0
 11
337.6973908218238
 21
111.4362016617026
 31
0.0
  0
ELLIPSE
  5
17E
330
1F
100
AcDbEntity
  8
Geometries
  6
Continuous
370
    40
100
AcDbEllipse
 10
312.5
 20
115.4764113644833
 30
0.0
 11
-26.225
 21
3.469446951953614E-15
 31
0.0
210
0.0
220
0.0
230
0.9999999999999999
 40
0.5773502691896256
 41
4.469656524785488
 42
5.478720211582189
  0
ELLIPSE
  5
17F
330
1F
100
AcDbEntity
  8
Geometries
  6
Continuous
370
    40
100
AcDbEllipse
 10
312.5
 20
115.8030099968544
 30
0.0
 11
30.0
 21
0.0
 31
0.0
210
0.0
220
0.0
230
1.0
 40
0.5773502691896255
 41
3.141273352473923
 42
3.141592653589793
  0
LINE
  5
180
330
1F
100
AcDbEntity
  8
Geometries
  6
Continuous
370
    40
100
AcDbLine
 10
338.2574026219958
 20
120.5008171237632
 30
0.0
 11
338.2574026219958
 21
119.7545757937328
 31
0.0
  0
ELLIPSE
  5
181
330
1F
100
AcDbEntity
  8
Geometries
  6
Continuous
370
    40
100
AcDbEllipse
 10
295.1758838609296
 20
146.6257559268761
 30
0.0
 11
-1.6
 21
3.252606517456513E-16
 31
0.0
210
0.0
220
0.0
230
0.9999999999999999
 40
0.5773502691896255
 41
3.926990816987242
 42
5.497787143782135
  0
LINE
  5
182
330
1F
100
AcDbEntity
  8
Geometries
  6
Continuous
370
    40
100
AcDbLine
 10
288.4583694396574
 20
109.6792856398964
 30
0.0
 11
305.4289321881345
 21
119.4772446110292
 31
0.0
  0
LINE
  5
183
330
1F
100
AcDbEntity
  8
Geometries
  6
Continuous
370
    40
100
AcDbLine
 10
314.6213203435597
 20
114.1700168349989
 30
0.0
 11
312.5
 21
112.9452719636074
 31
0.0
  0
ELLIPSE
  5
184
330
1F
100
AcDbEntity
  8
Geometries
  6
Continuous
370
    40
100
AcDbEllipse
 10
312.5
 20
105.5968027352578
 30
0.0
 11
-26.225
 21
3.469446951953614E-15
 31
0.0
210
0.0
220
0.0
230
0.9999999999999999
 40
0.5773502691896256
 41
4.431522660385593
 42
4.463757561352322
  0
LWPOLYLINE
  5
185
330
1F
100
AcDbEntity
  8
Geometries
  6
Continuous
370
    40
100
AcDbPolyline
 90
        7
 70
   128
 43
0.0
 10
319.9193133218921
 20
131.0883179176014
 10
319.7583340683488
 20
131.1122384810075
 10
319.5973518236977
 20
131.1365487456425
 10
319.4363685635143
 20
131.1612537910039
 10
319.2753732000781
 20
131.1863589525877
 10
319.1143788520978
 20
131.2118586404486
 10
318.953387495603
 20
131.2377471629628
  0
LINE
  5
186
330
1F
100
AcDbEntity
  8
Geometries
  6
Continuous
370
    40
100
AcDbLine
 10
342.5
 20
110.6590815370097
 30
0.0
 11
342.5
 21
115.0844697435799
 31
0.0
  0
LINE
  5
187
330
1F
100
AcDbEntity
  8
Geometries
  6
Continuous
370
    40
100
AcDbLine
 10
319.7692586122841
 20
120.144523109114
 30
0.0
 11
319.7692586122841
 21
130.0241317383395
 31
0.0
  0
ELLIPSE
  5
188
330
1F
100
AcDbEntity
  8
Geometries
  6
Continuous
370
    40
100
AcDbEllipse
 10
312.5
 20
115.8030099968544
 30
0.0
 11
30.0
 21
0.0
 31
0.0
210
0.0
220
0.0
230
1.0
 40
0.5773502691896255
 41
3.141592653589793
 42
6.283185307179586
  0
ARC
  5
189
330
1F
100
AcDbEntity
  8
Geometries
  6
Continuous
370
    40
100
AcDbCircle
 10
330.3257771154043
 20
115.5032835669
 30
0.0
 40
8.399683251285353
100
AcDbArc
 50
340.7830192275628
 51
358.8175688175747
  0
LINE
  5
18A
330
1F
100
AcDbEntity
  8
Geometries
  6
Continuous
370
    40
100
AcDbLine
 10
246.8097800277697
 20
118.7015728591478
 30
0.0
 11
246.8097800277697
 21
112.4961988440971
 31
0.0
  0
LWPOLYLINE
  5
18B
330
1F
100
AcDbEntity
  8
Geometries
  6
Continuous
370
    40
100
AcDbPolyline
 90
       45
 70
   128
 43
0.0
 10
319.9411913078511
 20
101.3702514403237
 10
319.9429234262448
 20
101.3704678693257
 10
319.9465239214517
 20
101.3706051327264
 10
319.9509853543689
 20
101.3704570002671
 10
319.956373039112
 20
101.3700216100065
 10
319.9626611009838
 20
101.3693056883044
 10
319.967495017042
 20
101.3686567826903
 10
319.9727546384886
 20
101.3678832895953
 10
319.978434827227
 20
101.3669896750805
 10
319.9845990843476
 20
101.365969005773
 10
319.9911866717652
 20
101.3648351045025
 10
319.9981868281012
 20
101.3635943475021
 10
320.007611309511
 20
101.3618827730554
 10
320.0176726752061
 20
101.3600215691949
 10
320.0283377338967
 20
101.3580266012211
 10
320.0395732942928
 20
101.355913734434
 10
320.0516987286017
 20
101.3536327349629
 10
320.0643863724184
 20
101.3512551504264
 10
320.077593784022
 20
101.3487985680075
 10
320.0912785216915
 20
101.3462805748888
 10
320.1032018739762
 20
101.3441142368331
 10
320.1154339632527
 20
101.3419215958241
 10
320.1279503348676
 20
101.3397120016234
 10
320.1473792933778
 20
101.3363558624588
 10
320.1673629059769
 20
101.333003454143
 10
320.1882829266633
 20
101.3296086580911
 10
320.2096673551166
 20
101.3262646929121
 10
320.2315908223204
 20
101.3229737138335
 10
320.2538856168244
 20
101.3197730816757
 10
320.2759151351901
 20
101.3167590883597
 10
320.2982309837653
 20
101.3138585794447
 10
320.3207923065722
 20
101.3110841807135
 10
320.343558247633
 20
101.3084485179492
 10
320.3664952569523
 20
101.3059624858261
 10
320.3896045090807
 20
101.303630843377
 10
320.4128582015967
 20
101.3014613886907
 10
320.436228532079
 20
101.2994619198563
 10
320.46087782777
 20
101.2975521021116
 10
320.4856330018229
 20
101.2958410614577
 10
320.5104716570286
 20
101.2943343632929
 10
320.5353713961784
 20
101.2930375730152
 10
320.556862726518
 20
101.2920921035277
 10
320.5783859428047
 20
101.2913077549199
 10
320.5999606698962
 20
101.290686143234
 10
320.6215528086464
 20
101.290230351324
  0
LINE
  5
18C
330
1F
100
AcDbEntity
  8
Geometries
  6
Continuous
370
    40
100
AcDbLine
 10
287.0437901330736
 20
111.7955902219566
 30
0.0
 11
287.0437901330736
 21
111.8371804836973
 31
0.0
  0
ELLIPSE
  5
18D
330
1F
100
AcDbEntity
  8
Geometries
  6
Continuous
370
    40
100
AcDbEllipse
 10
320.3456215902055
 20
111.5053832128668
 30
0.0
 11
-17.31293824110556
 21
8.673617379884035E-16
 31
0.0
210
0.0
220
0.0
230
1.0
 40
0.5773502691896256
 41
2.93432054405191
 42
3.031791397480706
  0
LINE
  5
18E
330
1F
100
AcDbEntity
  8
Geometries
  6
Continuous
370
    40
100
AcDbLine
 10
342.5
 20
115.0844697435799
 30
0.0
 11
342.5
 21
115.8030099968544
 31
0.0
  0
LINE
  5
18F
330
1F
100
AcDbEntity
  8
Geometries
  6
Continuous
370
    40
100
AcDbLine
 10
294.3130487453577
 20
116.505292228328
 30
0.0
 11
294.3130487453577
 21
126.3849008575535
 31
0.0
  0
ELLIPSE
  5
190
330
1F
100
AcDbEntity
  8
Geometries
  6
Continuous
370
    40
100
AcDbEllipse
 10
320.6663076865003
 20
102.1558701919252
 30
0.0
 11
1.5
 21
-6.505213034913027E-16
 31
0.0
210
0.0
220
0.0
230
1.0
 40
0.5773502691896257
 41
4.682547966511272
 42
4.762851451145972
  0
LINE
  5
191
330
1F
100
AcDbEntity
  8
Geometries
  6
Continuous
370
    40
100
AcDbLine
 10
312.5
 20
112.9452719636074
 30
0.0
 11
297.6507575950825
 21
104.3720578638662
 31
0.0
  0
LWPOLYLINE
  5
192
330
1F
100
AcDbEntity
  8
Geometries
  6
Continuous
370
    40
100
AcDbPolyline
 90
        7
 70
   128
 43
0.0
 10
338.257392648678
 20
119.7545831388615
 10
338.2581522954315
 20
119.7553083304021
 10
338.2777969813768
 20
119.7736339628821
 10
338.2979333120667
 20
119.7915715109574
 10
338.3185385133243
 20
119.8091002264687
 10
338.340700598232
 20
119.827081100221
 10
338.3573656277782
 20
119.8400441667102
  0
LINE
  5
193
330
1F
100
AcDbEntity
  8
Geometries
  6
Continuous
370
    40
100
AcDbLine
 10
305.0806866781079
 20
101.3462312427318
 30
0.0
 11
305.1632838290206
 21
101.3329005097846
 31
0.0
  0
ELLIPSE
  5
194
330
1F
100
AcDbEntity
  8
Geometries
  6
Continuous
370
    40
100
AcDbEllipse
 10
336.5603216221946
 20
110.4733210489224
 30
0.0
 11
-1.0
 21
5.421010862427522E-17
 31
0.0
210
0.0
220
0.0
230
1.0
 40
0.5773502691896256
 41
3.031791397480705
 42
3.789658895765597
  0
LWPOLYLINE
  5
195
330
1F
100
AcDbEntity
  8
Geometries
  6
Continuous
370
    40
100
AcDbPolyline
 90
        8
 70
   128
 43
0.0
 10
337.2879925038478
 20
110.6926022419931
 10
337.2830654547623
 20
110.6772159488569
 10
337.2785397489013
 20
110.6614350120831
 10
337.2744218400633
 20
110.645273593172
 10
337.2706942997819
 20
110.6286343684586
 10
337.2673870870475
 20
110.6116238649483
 10
337.2645051436227
 20
110.5942586664292
 10
337.262727294663
 20
110.5817818472622
  0
LINE
  5
196
330
1F
100
AcDbEntity
  8
Geometries
  6
Continuous
370
    40
100
AcDbLine
 10
337.9562098669264
 20
111.9743818594838
 30
0.0
 11
337.9562098669264
 21
119.1156422452693
 31
0.0
  0
LINE
  5
197
330
1F
100
AcDbEntity
  8
Geometries
  6
Continuous
370
    40
100
AcDbLine
 10
290.579689783217
 20
108.4545407685049
 30
0.0
 11
306.1360389693211
 21
117.4360031587098
 31
0.0
  0
ELLIPSE
  5
198
330
1F
100
AcDbEntity
  8
Geometries
  6
Continuous
370
    40
100
AcDbEllipse
 10
312.5
 20
110.6590815370097
 30
0.0
 11
-30.0
 21
0.0
 31
0.0
210
0.0
220
0.0
230
1.0
 40
0.5773502691896256
 41
6.283185307179586
 42
9.42477796076938
  0
LINE
  5
199
330
1F
100
AcDbEntity
  8
Geometries
  6
Continuous
370
    40
100
AcDbLine
 10
306.1360389693211
 20
118.2524997396376
 30
0.0
 11
289.8725830020305
 21
108.8627890589687
 31
0.0
  0
LINE
  5
19A
330
1F
100
AcDbEntity
  8
Geometries
  6
Continuous
370
    40
100
AcDbLine
 10
318.8033327859951
 20
130.1735609837008
 30
0.0
 11
318.8033327859951
 21
120.2939523544754
 31
0.0
  0
ELLIPSE
  5
19B
330
1F
100
AcDbEntity
  8
Geometries
  6
Continuous
370
    40
100
AcDbEllipse
 10
319.8609279907962
 20
111.3625424052445
 30
0.0
 11
17.46674908003405
 21
0.0
 31
0.0
210
0.0
220
0.0
230
1.0
 40
0.5773502691896257
 41
5.483369806760409
 42
5.512882541439113
  0
LINE
  5
19C
330
1F
100
AcDbEntity
  8
Geometries
  6
Continuous
370
    40
100
AcDbLine
 10
330.9554869889689
 20
71.4264208234325
 30
0.0
 11
330.9554869889689
 21
65.22104680838177
 31
0.0
  0
ARC
  5
19D
330
1F
100
AcDbEntity
  8
Geometries
  6
Continuous
370
    40
100
AcDbCircle
 10
286.6557178921256
 20
111.2741736602307
 30
0.0
 40
0.6500362838629624
100
AcDbArc
 50
26.7882117716185
 51
53.34010442906289
  0
LINE
  5
19E
330
1F
100
AcDbEntity
  8
Geometries
  6
Continuous
370
    40
100
AcDbLine
 10
332.0479579192681
 20
104.1389468292451
 30
0.0
 11
332.396811548986
 21
104.3402221134801
 31
0.0
  0
LINE
  5
19F
330
1F
100
AcDbEntity
  8
Geometries
  6
Continuous
370
    40
100
AcDbLine
 10
290.8725830020305
 20
108.2854387897791
 30
0.0
 11
305.721825406948
 21
116.8586528895202
 31
0.0
  0
LINE
  5
1A0
330
1F
100
AcDbEntity
  8
Geometries
  6
Continuous
370
    40
100
AcDbLine
 10
293.9030916547938
 20
127.3624529098301
 30
0.0
 11
293.9030916547938
 21
116.2724077142118
 31
0.0
  0
LINE
  5
1A1
330
1F
100
AcDbEntity
  8
Geometries
  6
Continuous
370
    40
100
AcDbLine
 10
290.579689783217
 20
108.4545407685049
 30
0.0
 11
289.8725830020305
 21
108.8627890589687
 31
0.0
  0
DIMENSION
  5
1A3
330
1F
100
AcDbEntity
  8
Annotations
  6
Continuous
370
    15
100
AcDbDimension
280
     0
  2
*D2
 10
152.5
 20
177.75
 30
0.0
 11
117.5
 21
177.75
 31
0.0
 70
   160
 71
     5
 42
70.0
 73
     0
 74
     0
 75
     0
  3
ISO-25
100
AcDbAlignedDimension
 13
82.5
 23
164.15
 33
0.0
 14
152.5
 24
164.15
 34
0.0
100
AcDbRotatedDimension
1001
ACAD
1000
DSTYLE
1002
{
1070
   144
1040
1.0
1070
    76
1070
     0
1070
    75
1070
     0
1070
   278
1070
    44
1070
    78
1070
     8
1070
   271
1070
     2
1070
   340
1005
77
1070
   283
1070
     1
1070
   146
1040
0.6
1070
   272
1070
     8
1070
   274
1070
     8
1070
    48
1040
0.0
1070
    47
1040
0.0
1070
    72
1070
     0
1070
    71
1070
     0
1070
    40
1040
1.0
1070
   179
1070
     2
1070
   276
1070
     2
1070
   147
1040
0.7
1070
   371
1070
    15
1070
   372
1070
    15
1070
    45
1040
0.01
1002
}
  0
DIMENSION
  5
1B0
330
1F
100
AcDbEntity
  8
Annotations
  6
Continuous
370
    15
100
AcDbDimension
280
     0
  2
*D3
 10
150.9
 20
171.3132190704346
 30
0.0
 11
117.5
 21
171.3132190704346
 31
0.0
 70
   160
 71
     5
 42
66.80000000000001
 73
     0
 74
     0
 75
     0
  3
ISO-25
100
AcDbAlignedDimension
 13
84.1
 23
165.75
 33
0.0
 14
150.9
 24
165.75
 34
0.0
100
AcDbRotatedDimension
1001
ACAD
1000
DSTYLE
1002
{
1070
   144
1040
1.0
1070
    76
1070
     0
1070
    75
1070
     0
1070
   278
1070
    44
1070
    78
1070
     8
1070
   271
1070
     2
1070
   340
1005
77
1070
   283
1070
     1
1070
   146
1040
0.6
1070
   272
1070
     8
1070
   274
1070
     8
1070
    48
1040
0.0
1070
    47
1040
0.0
1070
    72
1070
     0
1070
    71
1070
     0
1070
    40
1040
1.0
1070
   179
1070
     2
1070
   276
1070
     2
1070
   147
1040
0.7
1070
   371
1070
    15
1070
   372
1070
    15
1070
    45
1040
0.01
1002
}
  0
DIMENSION
  5
1BD
330
1F
100
AcDbEntity
  8
Annotations
  6
Continuous
370
    15
100
AcDbDimension
280
     0
  2
*D4
 10
150.9
 20
206.7
 30
0.0
 11
117.5
 21
206.7
 31
0.0
 70
   160
 71
     5
 42
66.79999999999997
 73
     0
 74
     0
 75
     0
  3
ISO-25
100
AcDbAlignedDimension
 13
84.10000000000001
 23
218.7
 33
0.0
 14
150.9
 24
218.7
 34
0.0
100
AcDbRotatedDimension
1001
ACAD
1000
DSTYLE
1002
{
1070
   144
1040
1.0
1070
    76
1070
     0
1070
    75
1070
     0
1070
   278
1070
    44
1070
    78
1070
     8
1070
   271
1070
     2
1070
   340
1005
75
1070
   283
1070
     1
1070
   146
1040
0.6
1070
   272
1070
     8
1070
   274
1070
     8
1070
    48
1040
0.0
1070
    47
1040
0.0
1070
    72
1070
     0
1070
    71
1070
     0
1070
    40
1040
1.0
1070
   179
1070
     2
1070
   276
1070
     2
1070
   147
1040
0.7
1070
   371
1070
    15
1070
   372
1070
    15
1070
    45
1040
0.01
1002
}
  0
DIMENSION
  5
1CA
330
1F
100
AcDbEntity
  8
Annotations
  6
Continuous
370
    15
100
AcDbDimension
280
     0
  2
*D5
 10
147.5
 20
246.8
 30
0.0
 11
117.5
 21
246.8
 31
0.0
 70
   160
 71
     5
 42
60.0
 73
     0
 74
     0
 75
     0
  3
ISO-25
100
AcDbAlignedDimension
 13
87.5
 23
234.2
 33
0.0
 14
147.5
 24
234.2
 34
0.0
100
AcDbRotatedDimension
1001
ACAD
1000
DSTYLE
1002
{
1070
   144
1040
1.0
1070
    76
1070
     0
1070
    75
1070
     0
1070
   278
1070
    44
1070
    78
1070
     8
1070
   271
1070
     2
1070
   340
1005
75
1070
   283
1070
     1
1070
   146
1040
0.6
1070
   272
1070
     8
1070
   274
1070
     8
1070
    48
1040
0.0
1070
    47
1040
0.0
1070
    72
1070
     0
1070
    71
1070
     0
1070
    40
1040
1.0
1070
   179
1070
     2
1070
   276
1070
     2
1070
   147
1040
0.7
1070
   371
1070
    15
1070
   372
1070
    15
1070
    45
1040
0.01
1002
}
  0
DIMENSION
  5
1D7
330
1F
100
AcDbEntity
  8
Annotations
  6
Continuous
370
    15
100
AcDbDimension
280
     0
  2
*D6
 10
146.9
 20
240.7771385192871
 30
0.0
 11
117.5
 21
240.7771385192871
 31
0.0
 70
   160
 71
     5
 42
58.79999999999998
 73
     0
 74
     0
 75
     0
  3
ISO-25
100
AcDbAlignedDimension
 13
88.1
 23
234.8
 33
0.0
 14
146.9
 24
234.8
 34
0.0
100
AcDbRotatedDimension
1001
ACAD
1000
DSTYLE
1002
{
1070
   144
1040
1.0
1070
    76
1070
     0
1070
    75
1070
     0
1070
   278
1070
    44
1070
    78
1070
     8
1070
   271
1070
     2
1070
   340
1005
75
1070
   283
1070
     1
1070
   146
1040
0.6
1070
   272
1070
     8
1070
   274
1070
     8
1070
    48
1040
0.0
1070
    47
1040
0.0
1070
    72
1070
     0
1070
    71
1070
     0
1070
    40
1040
1.0
1070
   179
1070
     2
1070
   276
1070
     2
1070
   147
1040
0.7
1070
   371
1070
    15
1070
   372
1070
    15
1070
    45
1040
0.01
1002
}
  0
DIMENSION
  5
1E4
330
1F
100
AcDbEntity
  8
Annotations
  6
Continuous
370
    15
100
AcDbDimension
280
     0
  2
*D7
 10
370.4
 20
206.7
 30
0.0
 11
312.5
 21
206.7
 31
0.0
 70
   160
 71
     5
 42
115.8
 73
     0
 74
     0
 75
     0
  3
ISO-25
100
AcDbAlignedDimension
 13
254.6
 23
218.7
 33
0.0
 14
370.4
 24
218.7
 34
0.0
100
AcDbRotatedDimension
1001
ACAD
1000
DSTYLE
1002
{
1070
   144
1040
1.0
1070
    76
1070
     0
1070
    75
1070
     0
1070
   278
1070
    44
1070
    78
1070
     8
1070
   271
1070
     2
1070
   340
1005
76
1070
   283
1070
     1
1070
   146
1040
0.6
1070
   272
1070
     8
1070
   274
1070
     8
1070
    48
1040
0.0
1070
    47
1040
0.0
1070
    72
1070
     0
1070
    71
1070
     0
1070
    40
1040
1.0
1070
   179
1070
     2
1070
   276
1070
     2
1070
   147
1040
0.7
1070
   371
1070
    15
1070
   372
1070
    15
1070
    45
1040
0.01
1002
}
  0
DIMENSION
  5
1F1
330
1F
100
AcDbEntity
  8
Annotations
  6
Continuous
370
    15
100
AcDbDimension
280
     0
  2
*D8
 10
253.0
 20
246.8
 30
0.0
 11
266.95
 21
246.8
 31
0.0
 70
   160
 71
     5
 42
27.89999999999998
 73
     0
 74
     0
 75
     0
  3
ISO-25
100
AcDbAlignedDimension
 13
280.9
 23
226.3
 33
0.0
 14
253.0
 24
226.3
 34
0.0
100
AcDbRotatedDimension
1001
ACAD
1000
DSTYLE
1002
{
1070
   144
1040
1.0
1070
    76
1070
     0
1070
    75
1070
     0
1070
   278
1070
    44
1070
    78
1070
     8
1070
   271
1070
     2
1070
   340
1005
76
1070
   283
1070
     1
1070
   146
1040
0.6
1070
   272
1070
     8
1070
   274
1070
     8
1070
    48
1040
0.0
1070
    47
1040
0.0
1070
    72
1070
     0
1070
    71
1070
     0
1070
    40
1040
1.0
1070
   179
1070
     2
1070
   276
1070
     2
1070
   147
1040
0.7
1070
   371
1070
    15
1070
   372
1070
    15
1070
    45
1040
0.01
1002
}
  0
DIMENSION
  5
1FE
330
1F
100
AcDbEntity
  8
Annotations
  6
Continuous
370
    15
100
AcDbDimension
280
     0
  2
*D9
 10
342.5
 20
246.8
 30
0.0
 11
312.5
 21
246.8
 31
0.0
 70
   160
 71
     5
 42
60.0
 73
     0
 74
     0
 75
     0
  3
ISO-25
100
AcDbAlignedDimension
 13
282.5
 23
234.2
 33
0.0
 14
342.5
 24
234.2
 34
0.0
100
AcDbRotatedDimension
1001
ACAD
1000
DSTYLE
1002
{
1070
   144
1040
1.0
1070
    76
1070
     0
1070
    75
1070
     0
1070
   278
1070
    44
1070
    78
1070
     8
1070
   271
1070
     2
1070
   340
1005
76
1070
   283
1070
     1
1070
   146
1040
0.6
1070
   272
1070
     8
1070
   274
1070
     8
1070
    48
1040
0.0
1070
    47
1040
0.0
1070
    72
1070
     0
1070
    71
1070
     0
1070
    40
1040
1.0
1070
   179
1070
     2
1070
   276
1070
     2
1070
   147
1040
0.7
1070
   371
1070
    15
1070
   372
1070
    15
1070
    45
1040
0.01
1002
}
  0
DIMENSION
  5
20B
330
1F
100
AcDbEntity
  8
Annotations
  6
Continuous
370
    15
100
AcDbDimension
280
     0
  2
*D10
 10
372.0
 20
246.8
 30
0.0
 11
358.05
 21
246.8
 31
0.0
 70
   160
 71
     5
 42
27.90000000000003
 73
     0
 74
     0
 75
     0
  3
ISO-25
100
AcDbAlignedDimension
 13
344.1
 23
226.3
 33
0.0
 14
372.0
 24
226.3
 34
0.0
100
AcDbRotatedDimension
1001
ACAD
1000
DSTYLE
1002
{
1070
   144
1040
1.0
1070
    76
1070
     0
1070
    75
1070
     0
1070
   278
1070
    44
1070
    78
1070
     8
1070
   271
1070
     2
1070
   340
1005
76
1070
   283
1070
     1
1070
   146
1040
0.6
1070
   272
1070
     8
1070
   274
1070
     8
1070
    48
1040
0.0
1070
    47
1040
0.0
1070
    72
1070
     0
1070
    71
1070
     0
1070
    40
1040
1.0
1070
   179
1070
     2
1070
   276
1070
     2
1070
   147
1040
0.7
1070
   371
1070
    15
1070
   372
1070
    15
1070
    45
1040
0.01
1002
}
  0
DIMENSION
  5
218
330
1F
100
AcDbEntity
  8
Annotations
  6
Continuous
370
    15
100
AcDbDimension
280
     0
  2
*D11
 10
372.0
 20
200.3176538467407
 30
0.0
 11
312.5
 21
200.3176538467407
 31
0.0
 70
   160
 71
     5
 42
119.0
 73
     0
 74
     0
 75
     0
  3
ISO-25
100
AcDbAlignedDimension
 13
253.0
 23
226.3
 33
0.0
 14
372.0
 24
226.3
 34
0.0
100
AcDbRotatedDimension
1001
ACAD
1000
DSTYLE
1002
{
1070
   144
1040
1.0
1070
    76
1070
     0
1070
    75
1070
     0
1070
   278
1070
    44
1070
    78
1070
     8
1070
   271
1070
     2
1070
   340
1005
76
1070
   283
1070
     1
1070
   146
1040
0.6
1070
   272
1070
     8
1070
   274
1070
     8
1070
    48
1040
0.0
1070
    47
1040
0.0
1070
    72
1070
     0
1070
    71
1070
     0
1070
    40
1040
1.0
1070
   179
1070
     2
1070
   276
1070
     2
1070
   147
1040
0.7
1070
   371
1070
    15
1070
   372
1070
    15
1070
    45
1040
0.01
1002
}
  0
DIMENSION
  5
225
330
1F
100
AcDbEntity
  8
Annotations
  6
Continuous
370
    15
100
AcDbDimension
280
     0
  2
*D12
 10
164.5
 20
48.34999999999999
 30
0.0
 11
164.5
 21
95.75419425964355
 31
0.0
 70
   160
 71
     5
 42
115.8
 73
     0
 74
     0
 75
     0
  3
ISO-25
100
AcDbAlignedDimension
 13
152.5
 23
164.15
 33
0.0
 14
152.5
 24
48.34999999999999
 34
0.0
 50
90.0
100
AcDbRotatedDimension
1001
ACAD
1000
DSTYLE
1002
{
1070
   144
1040
1.0
1070
    76
1070
     0
1070
    75
1070
     0
1070
   278
1070
    44
1070
    78
1070
     8
1070
   271
1070
     2
1070
   340
1005
77
1070
   283
1070
     1
1070
   146
1040
0.6
1070
   272
1070
     8
1070
   274
1070
     8
1070
    48
1040
0.0
1070
    47
1040
0.0
1070
    72
1070
     0
1070
    71
1070
     0
1070
    40
1040
1.0
1070
   179
1070
     2
1070
   276
1070
     2
1070
   147
1040
0.7
1070
   371
1070
    15
1070
   372
1070
    15
1070
    45
1040
0.01
1002
}
  0
DIMENSION
  5
232
330
1F
100
AcDbEntity
  8
Annotations
  6
Continuous
370
    15
100
AcDbDimension
280
     0
  2
*D13
 10
172.5
 20
46.74999999999999
 30
0.0
 11
172.5
 21
106.25
 31
0.0
 70
   160
 71
     5
 42
119.0
 73
     0
 74
     0
 75
     0
  3
ISO-25
100
AcDbAlignedDimension
 13
150.9
 23
165.75
 33
0.0
 14
150.9
 24
46.74999999999999
 34
0.0
 50
90.0
100
AcDbRotatedDimension
1001
ACAD
1000
DSTYLE
1002
{
1070
   144
1040
1.0
1070
    76
1070
     0
1070
    75
1070
     0
1070
   278
1070
    44
1070
    78
1070
     8
1070
   271
1070
     2
1070
   340
1005
77
1070
   283
1070
     1
1070
   146
1040
0.6
1070
   272
1070
     8
1070
   274
1070
     8
1070
    48
1040
0.0
1070
    47
1040
0.0
1070
    72
1070
     0
1070
    71
1070
     0
1070
    40
1040
1.0
1070
   179
1070
     2
1070
   276
1070
     2
1070
   147
1040
0.7
1070
   371
1070
    15
1070
   372
1070
    15
1070
    45
1040
0.01
1002
}
  0
DIMENSION
  5
240
330
1F
100
AcDbEntity
  8
Annotations
  6
Continuous
370
    15
100
AcDbDimension
280
     0
  2
*D14
 10
107.1379628242945
 20
81.07404300588958
 30
0.0
 11
135.3414118985254
 21
149.5980995150843
 31
0.0
 70
   163
 71
     5
 42
54.45000000000005
 73
     0
 74
     0
 75
     0
  3
ISO-25
100
AcDbDiametricDimension
 15
127.8620371757055
 25
131.4259569941104
 35
0.0
 40
0.0
1001
ACAD
1000
DSTYLE
1002
{
1070
   144
1040
1.0
1070
   141
1040
2.5
1070
   172
1070
     1
1070
   278
1070
    44
1070
    78
1070
     8
1070
   271
1070
     2
1070
   340
1005
77
1070
   283
1070
     1
1070
   146
1040
0.6
1070
   272
1070
     8
1070
   274
1070
     8
1070
    48
1040
0.0
1070
    47
1040
0.0
1070
    72
1070
     0
1070
    71
1070
     0
1070
    40
1040
1.0
1070
   179
1070
     2
1070
   276
1070
     2
1070
   147
1040
0.7
1070
   371
1070
    15
1070
   372
1070
    15
1070
    45
1040
0.01
1002
}
1001
ACAD_DSTYLE_DIMRADIAL_EXTENSION
1070
   387
1070
     1
1070
   388
1040
5.146279769511001
1070
   390
1040
4.229914788640111
  0
DIMENSION
  5
24C
330
1F
100
AcDbEntity
  8
Annotations
  6
Continuous
370
    15
100
AcDbDimension
280
     0
  2
*D15
 10
103.25892246279
 20
84.22859369660571
 30
0.0
 11
141.8025747990543
 21
143.8298019826985
 31
0.0
 70
   163
 71
     5
 42
52.45
 73
     0
 74
     0
 75
     0
  3
ISO-25
100
AcDbDiametricDimension
 15
131.74107753721
 25
128.2714063033943
 35
0.0
 40
0.0
1001
ACAD
1000
DSTYLE
1002
{
1070
   144
1040
1.0
1070
   141
1040
2.5
1070
   172
1070
     1
1070
   278
1070
    44
1070
    78
1070
     8
1070
   271
1070
     2
1070
   340
1005
77
1070
   283
1070
     1
1070
   146
1040
0.6
1070
   272
1070
     8
1070
   274
1070
     8
1070
    48
1040
0.0
1070
    47
1040
0.0
1070
    72
1070
     0
1070
    71
1070
     0
1070
    40
1040
1.0
1070
   179
1070
     2
1070
   276
1070
     2
1070
   147
1040
0.7
1070
   371
1070
    15
1070
   372
1070
    15
1070
    45
1040
0.01
1002
}
1001
ACAD_DSTYLE_DIMRADIAL_EXTENSION
1070
   387
1070
     1
1070
   388
1040
1.589863258994844
1070
   390
1040
2.598926945791547
  0
DIMENSION
  5
259
330
1F
100
AcDbEntity
  8
Annotations
  6
Continuous
370
    15
100
AcDbDimension
280
     0
  2
*D16
 10
126.7622936138256
 20
78.34713425091815
 30
0.0
 11
103.3710996904683
 21
148.8136267814441
 31
0.0
 70
   163
 71
     5
 42
58.8
 73
     0
 74
     0
 75
     0
  3
ISO-25
100
AcDbDiametricDimension
 15
108.2377063861744
 25
134.1528657490819
 35
0.0
 40
0.0
1001
ACAD
1000
DSTYLE
1002
{
1070
   144
1040
1.0
1070
   141
1040
2.5
1070
   172
1070
     1
1070
   278
1070
    44
1070
    78
1070
     8
1070
   271
1070
     2
1070
   340
1005
77
1070
   283
1070
     1
1070
   146
1040
0.6
1070
   272
1070
     8
1070
   274
1070
     8
1070
    48
1040
0.0
1070
    47
1040
0.0
1070
    72
1070
     0
1070
    71
1070
     0
1070
    40
1040
1.0
1070
   179
1070
     2
1070
   276
1070
     2
1070
   147
1040
0.7
1070
   371
1070
    15
1070
   372
1070
    15
1070
    45
1040
0.01
1002
}
  0
DIMENSION
  5
265
330
1F
100
AcDbEntity
  8
Annotations
  6
Continuous
370
    15
100
AcDbDimension
280
     0
  2
*D17
 10
134.4304086850373
 20
79.56814733273542
 30
0.0
 11
93.12231126548264
 21
144.6685586587567
 31
0.0
 70
   163
 71
     5
 42
63.19999999999998
 73
     0
 74
     0
 75
     0
  3
ISO-25
100
AcDbDiametricDimension
 15
100.5695913149627
 25
132.9318526672646
 35
0.0
 40
0.0
1001
ACAD
1000
DSTYLE
1002
{
1070
   144
1040
1.0
1070
   141
1040
2.5
1070
   172
1070
     1
1070
   278
1070
    44
1070
    78
1070
     8
1070
   271
1070
     2
1070
   340
1005
77
1070
   283
1070
     1
1070
   146
1040
0.6
1070
   272
1070
     8
1070
   274
1070
     8
1070
    48
1040
0.0
1070
    47
1040
0.0
1070
    72
1070
     0
1070
    71
1070
     0
1070
    40
1040
1.0
1070
   179
1070
     2
1070
   276
1070
     2
1070
   147
1040
0.7
1070
   371
1070
    15
1070
   372
1070
    15
1070
    45
1040
0.01
1002
}
  0
LINE
  5
271
330
1F
100
AcDbEntity
  8
Border
  6
Continuous
370
    15
100
AcDbLine
 10
20.0
 20
10.0
 30
0.0
 11
410.0
 21
10.0
 31
0.0
  0
LINE
  5
272
330
1F
100
AcDbEntity
  8
Border
  6
Continuous
370
    15
100
AcDbLine
 10
410.0
 20
10.0
 30
0.0
 11
410.0
 21
287.0
 31
0.0
  0
LINE
  5
273
330
1F
100
AcDbEntity
  8
Border
  6
Continuous
370
    15
100
AcDbLine
 10
410.0
 20
287.0
 30
0.0
 11
20.0
 21
287.0
 31
0.0
  0
LINE
  5
274
330
1F
100
AcDbEntity
  8
Border
  6
Continuous
370
    15
100
AcDbLine
 10
20.0
 20
287.0
 30
0.0
 11
20.0
 21
10.0
 31
0.0
  0
LINE
  5
275
330
1F
100
AcDbEntity
  8
Border
  6
Continuous
370
    15
100
AcDbLine
 10
215.0
 20
15.0
 30
0.0
 11
215.0
 21
5.0
 31
0.0
  0
LINE
  5
276
330
1F
100
AcDbEntity
  8
Border
  6
Continuous
370
    15
100
AcDbLine
 10
265.0
 20
10.0
 30
0.0
 11
265.0
 21
5.0
 31
0.0
  0
LINE
  5
277
330
1F
100
AcDbEntity
  8
Border
  6
Continuous
370
    15
100
AcDbLine
 10
165.0
 20
10.0
 30
0.0
 11
165.0
 21
5.0
 31
0.0
  0
LINE
  5
278
330
1F
100
AcDbEntity
  8
Border
  6
Continuous
370
    15
100
AcDbLine
 10
315.0
 20
10.0
 30
0.0
 11
315.0
 21
5.0
 31
0.0
  0
LINE
  5
279
330
1F
100
AcDbEntity
  8
Border
  6
Continuous
370
    15
100
AcDbLine
 10
115.0
 20
10.0
 30
0.0
 11
115.0
 21
5.0
 31
0.0
  0
LINE
  5
27A
330
1F
100
AcDbEntity
  8
Border
  6
Continuous
370
    15
100
AcDbLine
 10
365.0
 20
10.0
 30
0.0
 11
365.0
 21
5.0
 31
0.0
  0
LINE
  5
27B
330
1F
100
AcDbEntity
  8
Border
  6
Continuous
370
    15
100
AcDbLine
 10
65.0
 20
10.0
 30
0.0
 11
65.0
 21
5.0
 31
0.0
  0
MTEXT
  5
27C
330
1F
100
AcDbEntity
  8
Border
  6
Continuous
370
    15
100
AcDbMText
 10
42.5
 20
9.17475
 30
0.0
 40
3.3495
 41
3.3495
 46
3.3495
 71
     2
 72
     1
  1
1
  7
Shapr0
 73
     1
 44
1.0
1001
ACAD
1000
ACAD_MTEXT_DEFINED_HEIGHT_BEGIN
1070
    46
1040
3.3495
1000
ACAD_MTEXT_DEFINED_HEIGHT_END
  0
MTEXT
  5
27D
330
1F
100
AcDbEntity
  8
Border
  6
Continuous
370
    15
100
AcDbMText
 10
90.0
 20
9.17475
 30
0.0
 40
3.3495
 41
3.3495
 46
3.3495
 71
     2
 72
     1
  1
2
  7
Shapr0
 73
     1
 44
1.0
1001
ACAD
1000
ACAD_MTEXT_DEFINED_HEIGHT_BEGIN
1070
    46
1040
3.3495
1000
ACAD_MTEXT_DEFINED_HEIGHT_END
  0
MTEXT
  5
27E
330
1F
100
AcDbEntity
  8
Border
  6
Continuous
370
    15
100
AcDbMText
 10
140.0
 20
9.17475
 30
0.0
 40
3.3495
 41
3.3495
 46
3.3495
 71
     2
 72
     1
  1
3
  7
Shapr0
 73
     1
 44
1.0
1001
ACAD
1000
ACAD_MTEXT_DEFINED_HEIGHT_BEGIN
1070
    46
1040
3.3495
1000
ACAD_MTEXT_DEFINED_HEIGHT_END
  0
MTEXT
  5
27F
330
1F
100
AcDbEntity
  8
Border
  6
Continuous
370
    15
100
AcDbMText
 10
190.0
 20
9.17475
 30
0.0
 40
3.3495
 41
3.3495
 46
3.3495
 71
     2
 72
     1
  1
4
  7
Shapr0
 73
     1
 44
1.0
1001
ACAD
1000
ACAD_MTEXT_DEFINED_HEIGHT_BEGIN
1070
    46
1040
3.3495
1000
ACAD_MTEXT_DEFINED_HEIGHT_END
  0
MTEXT
  5
280
330
1F
100
AcDbEntity
  8
Border
  6
Continuous
370
    15
100
AcDbMText
 10
240.0
 20
9.17475
 30
0.0
 40
3.3495
 41
3.3495
 46
3.3495
 71
     2
 72
     1
  1
5
  7
Shapr0
 73
     1
 44
1.0
1001
ACAD
1000
ACAD_MTEXT_DEFINED_HEIGHT_BEGIN
1070
    46
1040
3.3495
1000
ACAD_MTEXT_DEFINED_HEIGHT_END
  0
MTEXT
  5
281
330
1F
100
AcDbEntity
  8
Border
  6
Continuous
370
    15
100
AcDbMText
 10
290.0
 20
9.17475
 30
0.0
 40
3.3495
 41
3.3495
 46
3.3495
 71
     2
 72
     1
  1
6
  7
Shapr0
 73
     1
 44
1.0
1001
ACAD
1000
ACAD_MTEXT_DEFINED_HEIGHT_BEGIN
1070
    46
1040
3.3495
1000
ACAD_MTEXT_DEFINED_HEIGHT_END
  0
MTEXT
  5
282
330
1F
100
AcDbEntity
  8
Border
  6
Continuous
370
    15
100
AcDbMText
 10
340.0
 20
9.17475
 30
0.0
 40
3.3495
 41
3.3495
 46
3.3495
 71
     2
 72
     1
  1
7
  7
Shapr0
 73
     1
 44
1.0
1001
ACAD
1000
ACAD_MTEXT_DEFINED_HEIGHT_BEGIN
1070
    46
1040
3.3495
1000
ACAD_MTEXT_DEFINED_HEIGHT_END
  0
MTEXT
  5
283
330
1F
100
AcDbEntity
  8
Border
  6
Continuous
370
    15
100
AcDbMText
 10
387.5
 20
9.17475
 30
0.0
 40
3.3495
 41
3.3495
 46
3.3495
 71
     2
 72
     1
  1
8
  7
Shapr0
 73
     1
 44
1.0
1001
ACAD
1000
ACAD_MTEXT_DEFINED_HEIGHT_BEGIN
1070
    46
1040
3.3495
1000
ACAD_MTEXT_DEFINED_HEIGHT_END
  0
LINE
  5
284
330
1F
100
AcDbEntity
  8
Border
  6
Continuous
370
    15
100
AcDbLine
 10
405.0
 20
148.5
 30
0.0
 11
415.0
 21
148.5
 31
0.0
  0
LINE
  5
285
330
1F
100
AcDbEntity
  8
Border
  6
Continuous
370
    15
100
AcDbLine
 10
410.0
 20
198.5
 30
0.0
 11
415.0
 21
198.5
 31
0.0
  0
LINE
  5
286
330
1F
100
AcDbEntity
  8
Border
  6
Continuous
370
    15
100
AcDbLine
 10
410.0
 20
98.5
 30
0.0
 11
415.0
 21
98.5
 31
0.0
  0
LINE
  5
287
330
1F
100
AcDbEntity
  8
Border
  6
Continuous
370
    15
100
AcDbLine
 10
410.0
 20
248.5
 30
0.0
 11
415.0
 21
248.5
 31
0.0
  0
LINE
  5
288
330
1F
100
AcDbEntity
  8
Border
  6
Continuous
370
    15
100
AcDbLine
 10
410.0
 20
48.5
 30
0.0
 11
415.0
 21
48.5
 31
0.0
  0
MTEXT
  5
289
330
1F
100
AcDbEntity
  8
Border
  6
Continuous
370
    15
100
AcDbMText
 10
410.82525
 20
29.25
 30
0.0
 40
3.3495
 41
3.3495
 46
3.3495
 71
     4
 72
     1
  1
F
  7
Shapr0
 73
     1
 44
1.0
1001
ACAD
1000
ACAD_MTEXT_DEFINED_HEIGHT_BEGIN
1070
    46
1040
3.3495
1000
ACAD_MTEXT_DEFINED_HEIGHT_END
  0
MTEXT
  5
28A
330
1F
100
AcDbEntity
  8
Border
  6
Continuous
370
    15
100
AcDbMText
 10
410.82525
 20
73.5
 30
0.0
 40
3.3495
 41
3.3495
 46
3.3495
 71
     4
 72
     1
  1
E
  7
Shapr0
 73
     1
 44
1.0
1001
ACAD
1000
ACAD_MTEXT_DEFINED_HEIGHT_BEGIN
1070
    46
1040
3.3495
1000
ACAD_MTEXT_DEFINED_HEIGHT_END
  0
MTEXT
  5
28B
330
1F
100
AcDbEntity
  8
Border
  6
Continuous
370
    15
100
AcDbMText
 10
410.82525
 20
123.5
 30
0.0
 40
3.3495
 41
3.3495
 46
3.3495
 71
     4
 72
     1
  1
D
  7
Shapr0
 73
     1
 44
1.0
1001
ACAD
1000
ACAD_MTEXT_DEFINED_HEIGHT_BEGIN
1070
    46
1040
3.3495
1000
ACAD_MTEXT_DEFINED_HEIGHT_END
  0
MTEXT
  5
28C
330
1F
100
AcDbEntity
  8
Border
  6
Continuous
370
    15
100
AcDbMText
 10
410.82525
 20
173.5
 30
0.0
 40
3.3495
 41
3.3495
 46
3.3495
 71
     4
 72
     1
  1
C
  7
Shapr0
 73
     1
 44
1.0
1001
ACAD
1000
ACAD_MTEXT_DEFINED_HEIGHT_BEGIN
1070
    46
1040
3.3495
1000
ACAD_MTEXT_DEFINED_HEIGHT_END
  0
MTEXT
  5
28D
330
1F
100
AcDbEntity
  8
Border
  6
Continuous
370
    15
100
AcDbMText
 10
410.82525
 20
223.5
 30
0.0
 40
3.3495
 41
3.3495
 46
3.3495
 71
     4
 72
     1
  1
B
  7
Shapr0
 73
     1
 44
1.0
1001
ACAD
1000
ACAD_MTEXT_DEFINED_HEIGHT_BEGIN
1070
    46
1040
3.3495
1000
ACAD_MTEXT_DEFINED_HEIGHT_END
  0
MTEXT
  5
28E
330
1F
100
AcDbEntity
  8
Border
  6
Continuous
370
    15
100
AcDbMText
 10
410.82525
 20
267.75
 30
0.0
 40
3.3495
 41
3.3495
 46
3.3495
 71
     4
 72
     1
  1
A
  7
Shapr0
 73
     1
 44
1.0
1001
ACAD
1000
ACAD_MTEXT_DEFINED_HEIGHT_BEGIN
1070
    46
1040
3.3495
1000
ACAD_MTEXT_DEFINED_HEIGHT_END
  0
LINE
  5
28F
330
1F
100
AcDbEntity
  8
Border
  6
Continuous
370
    15
100
AcDbLine
 10
215.0
 20
282.0
 30
0.0
 11
215.0
 21
292.0
 31
0.0
  0
LINE
  5
290
330
1F
100
AcDbEntity
  8
Border
  6
Continuous
370
    15
100
AcDbLine
 10
165.0
 20
287.0
 30
0.0
 11
165.0
 21
292.0
 31
0.0
  0
LINE
  5
291
330
1F
100
AcDbEntity
  8
Border
  6
Continuous
370
    15
100
AcDbLine
 10
265.0
 20
287.0
 30
0.0
 11
265.0
 21
292.0
 31
0.0
  0
LINE
  5
292
330
1F
100
AcDbEntity
  8
Border
  6
Continuous
370
    15
100
AcDbLine
 10
115.0
 20
287.0
 30
0.0
 11
115.0
 21
292.0
 31
0.0
  0
LINE
  5
293
330
1F
100
AcDbEntity
  8
Border
  6
Continuous
370
    15
100
AcDbLine
 10
315.0
 20
287.0
 30
0.0
 11
315.0
 21
292.0
 31
0.0
  0
LINE
  5
294
330
1F
100
AcDbEntity
  8
Border
  6
Continuous
370
    15
100
AcDbLine
 10
65.0
 20
287.0
 30
0.0
 11
65.0
 21
292.0
 31
0.0
  0
LINE
  5
295
330
1F
100
AcDbEntity
  8
Border
  6
Continuous
370
    15
100
AcDbLine
 10
365.0
 20
287.0
 30
0.0
 11
365.0
 21
292.0
 31
0.0
  0
MTEXT
  5
296
330
1F
100
AcDbEntity
  8
Border
  6
Continuous
370
    15
100
AcDbMText
 10
387.5
 20
287.82525
 30
0.0
 40
3.3495
 41
3.3495
 46
3.3495
 71
     8
 72
     1
  1
8
  7
Shapr0
 73
     1
 44
1.0
1001
ACAD
1000
ACAD_MTEXT_DEFINED_HEIGHT_BEGIN
1070
    46
1040
3.3495
1000
ACAD_MTEXT_DEFINED_HEIGHT_END
  0
MTEXT
  5
297
330
1F
100
AcDbEntity
  8
Border
  6
Continuous
370
    15
100
AcDbMText
 10
340.0
 20
287.82525
 30
0.0
 40
3.3495
 41
3.3495
 46
3.3495
 71
     8
 72
     1
  1
7
  7
Shapr0
 73
     1
 44
1.0
1001
ACAD
1000
ACAD_MTEXT_DEFINED_HEIGHT_BEGIN
1070
    46
1040
3.3495
1000
ACAD_MTEXT_DEFINED_HEIGHT_END
  0
MTEXT
  5
298
330
1F
100
AcDbEntity
  8
Border
  6
Continuous
370
    15
100
AcDbMText
 10
290.0
 20
287.82525
 30
0.0
 40
3.3495
 41
3.3495
 46
3.3495
 71
     8
 72
     1
  1
6
  7
Shapr0
 73
     1
 44
1.0
1001
ACAD
1000
ACAD_MTEXT_DEFINED_HEIGHT_BEGIN
1070
    46
1040
3.3495
1000
ACAD_MTEXT_DEFINED_HEIGHT_END
  0
MTEXT
  5
299
330
1F
100
AcDbEntity
  8
Border
  6
Continuous
370
    15
100
AcDbMText
 10
240.0
 20
287.82525
 30
0.0
 40
3.3495
 41
3.3495
 46
3.3495
 71
     8
 72
     1
  1
5
  7
Shapr0
 73
     1
 44
1.0
1001
ACAD
1000
ACAD_MTEXT_DEFINED_HEIGHT_BEGIN
1070
    46
1040
3.3495
1000
ACAD_MTEXT_DEFINED_HEIGHT_END
  0
MTEXT
  5
29A
330
1F
100
AcDbEntity
  8
Border
  6
Continuous
370
    15
100
AcDbMText
 10
190.0
 20
287.82525
 30
0.0
 40
3.3495
 41
3.3495
 46
3.3495
 71
     8
 72
     1
  1
4
  7
Shapr0
 73
     1
 44
1.0
1001
ACAD
1000
ACAD_MTEXT_DEFINED_HEIGHT_BEGIN
1070
    46
1040
3.3495
1000
ACAD_MTEXT_DEFINED_HEIGHT_END
  0
MTEXT
  5
29B
330
1F
100
AcDbEntity
  8
Border
  6
Continuous
370
    15
100
AcDbMText
 10
140.0
 20
287.82525
 30
0.0
 40
3.3495
 41
3.3495
 46
3.3495
 71
     8
 72
     1
  1
3
  7
Shapr0
 73
     1
 44
1.0
1001
ACAD
1000
ACAD_MTEXT_DEFINED_HEIGHT_BEGIN
1070
    46
1040
3.3495
1000
ACAD_MTEXT_DEFINED_HEIGHT_END
  0
MTEXT
  5
29C
330
1F
100
AcDbEntity
  8
Border
  6
Continuous
370
    15
100
AcDbMText
 10
90.0
 20
287.82525
 30
0.0
 40
3.3495
 41
3.3495
 46
3.3495
 71
     8
 72
     1
  1
2
  7
Shapr0
 73
     1
 44
1.0
1001
ACAD
1000
ACAD_MTEXT_DEFINED_HEIGHT_BEGIN
1070
    46
1040
3.3495
1000
ACAD_MTEXT_DEFINED_HEIGHT_END
  0
MTEXT
  5
29D
330
1F
100
AcDbEntity
  8
Border
  6
Continuous
370
    15
100
AcDbMText
 10
42.5
 20
287.82525
 30
0.0
 40
3.3495
 41
3.3495
 46
3.3495
 71
     8
 72
     1
  1
1
  7
Shapr0
 73
     1
 44
1.0
1001
ACAD
1000
ACAD_MTEXT_DEFINED_HEIGHT_BEGIN
1070
    46
1040
3.3495
1000
ACAD_MTEXT_DEFINED_HEIGHT_END
  0
LINE
  5
29E
330
1F
100
AcDbEntity
  8
Border
  6
Continuous
370
    15
100
AcDbLine
 10
25.0
 20
148.5
 30
0.0
 11
15.0
 21
148.5
 31
0.0
  0
LINE
  5
29F
330
1F
100
AcDbEntity
  8
Border
  6
Continuous
370
    15
100
AcDbLine
 10
20.0
 20
98.5
 30
0.0
 11
15.0
 21
98.5
 31
0.0
  0
LINE
  5
2A0
330
1F
100
AcDbEntity
  8
Border
  6
Continuous
370
    15
100
AcDbLine
 10
20.0
 20
198.5
 30
0.0
 11
15.0
 21
198.5
 31
0.0
  0
LINE
  5
2A1
330
1F
100
AcDbEntity
  8
Border
  6
Continuous
370
    15
100
AcDbLine
 10
20.0
 20
48.5
 30
0.0
 11
15.0
 21
48.5
 31
0.0
  0
LINE
  5
2A2
330
1F
100
AcDbEntity
  8
Border
  6
Continuous
370
    15
100
AcDbLine
 10
20.0
 20
248.5
 30
0.0
 11
15.0
 21
248.5
 31
0.0
  0
MTEXT
  5
2A3
330
1F
100
AcDbEntity
  8
Border
  6
Continuous
370
    15
100
AcDbMText
 10
19.17475
 20
267.75
 30
0.0
 40
3.3495
 41
3.3495
 46
3.3495
 71
     6
 72
     1
  1
A
  7
Shapr0
 73
     1
 44
1.0
1001
ACAD
1000
ACAD_MTEXT_DEFINED_HEIGHT_BEGIN
1070
    46
1040
3.3495
1000
ACAD_MTEXT_DEFINED_HEIGHT_END
  0
MTEXT
  5
2A4
330
1F
100
AcDbEntity
  8
Border
  6
Continuous
370
    15
100
AcDbMText
 10
19.17475
 20
223.5
 30
0.0
 40
3.3495
 41
3.3495
 46
3.3495
 71
     6
 72
     1
  1
B
  7
Shapr0
 73
     1
 44
1.0
1001
ACAD
1000
ACAD_MTEXT_DEFINED_HEIGHT_BEGIN
1070
    46
1040
3.3495
1000
ACAD_MTEXT_DEFINED_HEIGHT_END
  0
MTEXT
  5
2A5
330
1F
100
AcDbEntity
  8
Border
  6
Continuous
370
    15
100
AcDbMText
 10
19.17475
 20
173.5
 30
0.0
 40
3.3495
 41
3.3495
 46
3.3495
 71
     6
 72
     1
  1
C
  7
Shapr0
 73
     1
 44
1.0
1001
ACAD
1000
ACAD_MTEXT_DEFINED_HEIGHT_BEGIN
1070
    46
1040
3.3495
1000
ACAD_MTEXT_DEFINED_HEIGHT_END
  0
MTEXT
  5
2A6
330
1F
100
AcDbEntity
  8
Border
  6
Continuous
370
    15
100
AcDbMText
 10
19.17475
 20
123.5
 30
0.0
 40
3.3495
 41
3.3495
 46
3.3495
 71
     6
 72
     1
  1
D
  7
Shapr0
 73
     1
 44
1.0
1001
ACAD
1000
ACAD_MTEXT_DEFINED_HEIGHT_BEGIN
1070
    46
1040
3.3495
1000
ACAD_MTEXT_DEFINED_HEIGHT_END
  0
MTEXT
  5
2A7
330
1F
100
AcDbEntity
  8
Border
  6
Continuous
370
    15
100
AcDbMText
 10
19.17475
 20
73.5
 30
0.0
 40
3.3495
 41
3.3495
 46
3.3495
 71
     6
 72
     1
  1
E
  7
Shapr0
 73
     1
 44
1.0
1001
ACAD
1000
ACAD_MTEXT_DEFINED_HEIGHT_BEGIN
1070
    46
1040
3.3495
1000
ACAD_MTEXT_DEFINED_HEIGHT_END
  0
MTEXT
  5
2A8
330
1F
100
AcDbEntity
  8
Border
  6
Continuous
370
    15
100
AcDbMText
 10
19.17475
 20
29.25
 30
0.0
 40
3.3495
 41
3.3495
 46
3.3495
 71
     6
 72
     1
  1
F
  7
Shapr0
 73
     1
 44
1.0
1001
ACAD
1000
ACAD_MTEXT_DEFINED_HEIGHT_BEGIN
1070
    46
1040
3.3495
1000
ACAD_MTEXT_DEFINED_HEIGHT_END
  0
INSERT
  5
2C3
330
1F
100
AcDbEntity
  8
0
100
AcDbBlockReference
  2
*U18
 10
0.0
 20
0.0
 30
0.0
  0
MTEXT
  5
2C4
330
1F
100
AcDbEntity
  8
Border
  6
Continuous
370
    15
100
AcDbMText
 10
360.0
 20
16.20425531914893
 30
0.0
 40
3.25
 41
0.0
 46
3.25
 71
     1
 72
     1
  1
08/30/26
  7
Shapr65
 73
     1
 44
1.0
1001
ACAD
1000
ACAD_MTEXT_DEFINED_HEIGHT_BEGIN
1070
    46
1040
3.25
1000
ACAD_MTEXT_DEFINED_HEIGHT_END
  0
MTEXT
  5
2C5
330
1F
100
AcDbEntity
  8
Border
  6
Continuous
370
    15
100
AcDbMText
 10
340.0
 20
43.75
 30
0.0
 40
1.65
 41
0.0
 46
1.65
 71
     1
 72
     1
  1
TITLE
  7
Shapr2
 73
     1
 44
1.0
1001
ACAD
1000
ACAD_MTEXT_DEFINED_HEIGHT_BEGIN
1070
    46
1040
1.65
1000
ACAD_MTEXT_DEFINED_HEIGHT_END
  0
MTEXT
  5
2C6
330
1F
100
AcDbEntity
  8
Border
  6
Continuous
370
    15
100
AcDbMText
 10
340.0
 20
40.05212765957447
 30
0.0
 40
3.25
 41
0.0
 46
3.25
 71
     1
 72
     1
  1
Wall Mount v5
  7
Shapr3
 73
     1
 44
1.0
1001
ACAD
1000
ACAD_MTEXT_DEFINED_HEIGHT_BEGIN
1070
    46
1040
3.25
1000
ACAD_MTEXT_DEFINED_HEIGHT_END
  0
MTEXT
  5
2C7
330
1F
100
AcDbEntity
  8
Border
  6
Continuous
370
    15
100
AcDbMText
 10
340.0
 20
31.78276595744681
 30
0.0
 40
1.65
 41
0.0
 46
1.65
 71
     1
 72
     1
  1
UNITS
  7
Shapr4
 73
     1
 44
1.0
1001
ACAD
1000
ACAD_MTEXT_DEFINED_HEIGHT_BEGIN
1070
    46
1040
1.65
1000
ACAD_MTEXT_DEFINED_HEIGHT_END
  0
MTEXT
  5
2C8
330
1F
100
AcDbEntity
  8
Border
  6
Continuous
370
    15
100
AcDbMText
 10
340.0
 20
27.9
 30
0.0
 40
3.25
 41
0.0
 46
3.25
 71
     1
 72
     1
  1
mm
  7
Shapr5
 73
     1
 44
1.0
1001
ACAD
1000
ACAD_MTEXT_DEFINED_HEIGHT_BEGIN
1070
    46
1040
3.25
1000
ACAD_MTEXT_DEFINED_HEIGHT_END
  0
MTEXT
  5
2C9
330
1F
100
AcDbEntity
  8
Border
  6
Continuous
370
    15
100
AcDbMText
 10
360.0
 20
31.78276595744681
 30
0.0
 40
1.65
 41
0.0
 46
1.65
 71
     1
 72
     1
  1
PROJ. ANG.
  7
Shapr6
 73
     1
 44
1.0
1001
ACAD
1000
ACAD_MTEXT_DEFINED_HEIGHT_BEGIN
1070
    46
1040
1.65
1000
ACAD_MTEXT_DEFINED_HEIGHT_END
  0
MTEXT
  5
2CA
330
1F
100
AcDbEntity
  8
Border
  6
Continuous
370
    15
100
AcDbMText
 10
392.0
 20
31.78276595744681
 30
0.0
 40
1.65
 41
0.0
 46
1.65
 71
     1
 72
     1
  1
SIZE
  7
Shapr7
 73
     1
 44
1.0
1001
ACAD
1000
ACAD_MTEXT_DEFINED_HEIGHT_BEGIN
1070
    46
1040
1.65
1000
ACAD_MTEXT_DEFINED_HEIGHT_END
  0
MTEXT
  5
2CB
330
1F
100
AcDbEntity
  8
Border
  6
Continuous
370
    15
100
AcDbMText
 10
392.0
 20
27.9645390070922
 30
0.0
 40
3.25
 41
0.0
 46
3.25
 71
     1
 72
     1
  1
A3
  7
Shapr8
 73
     1
 44
1.0
1001
ACAD
1000
ACAD_MTEXT_DEFINED_HEIGHT_BEGIN
1070
    46
1040
3.25
1000
ACAD_MTEXT_DEFINED_HEIGHT_END
  0
MTEXT
  5
2CC
330
1F
100
AcDbEntity
  8
Border
  6
Continuous
370
    15
100
AcDbMText
 10
340.0
 20
19.78276595744681
 30
0.0
 40
1.65
 41
0.0
 46
1.65
 71
     1
 72
     1
  1
SCALE
  7
Shapr9
 73
     1
 44
1.0
1001
ACAD
1000
ACAD_MTEXT_DEFINED_HEIGHT_BEGIN
1070
    46
1040
1.65
1000
ACAD_MTEXT_DEFINED_HEIGHT_END
  0
MTEXT
  5
2CD
330
1F
100
AcDbEntity
  8
Border
  6
Continuous
370
    15
100
AcDbMText
 10
340.0
 20
15.9
 30
0.0
 40
3.25
 41
0.0
 46
3.25
 71
     1
 72
     1
  1
1:1
  7
Shapr10
 73
     1
 44
1.0
1001
ACAD
1000
ACAD_MTEXT_DEFINED_HEIGHT_BEGIN
1070
    46
1040
3.25
1000
ACAD_MTEXT_DEFINED_HEIGHT_END
  0
MTEXT
  5
2CE
330
1F
100
AcDbEntity
  8
Border
  6
Continuous
370
    15
100
AcDbMText
 10
360.0
 20
19.78276595744681
 30
0.0
 40
1.65
 41
0.0
 46
1.65
 71
     1
 72
     1
  1
LAST UPDATED
  7
Shapr11
 73
     1
 44
1.0
1001
ACAD
1000
ACAD_MTEXT_DEFINED_HEIGHT_BEGIN
1070
    46
1040
1.65
1000
ACAD_MTEXT_DEFINED_HEIGHT_END
  0
MTEXT
  5
2CF
330
1F
100
AcDbEntity
  8
Border
  6
Continuous
370
    15
100
AcDbMText
 10
392.0
 20
19.78276595744681
 30
0.0
 40
1.65
 41
0.0
 46
1.65
 71
     1
 72
     1
  1
SHEET
  7
Shapr13
 73
     1
 44
1.0
1001
ACAD
1000
ACAD_MTEXT_DEFINED_HEIGHT_BEGIN
1070
    46
1040
1.65
1000
ACAD_MTEXT_DEFINED_HEIGHT_END
  0
MTEXT
  5
2D0
330
1F
100
AcDbEntity
  8
Border
  6
Continuous
370
    15
100
AcDbMText
 10
392.0
 20
16.20425531914893
 30
0.0
 40
3.25
 41
0.0
 46
3.25
 71
     1
 72
     1
  1
1/1
  7
Shapr14
 73
     1
 44
1.0
1001
ACAD
1000
ACAD_MTEXT_DEFINED_HEIGHT_BEGIN
1070
    46
1040
3.25
1000
ACAD_MTEXT_DEFINED_HEIGHT_END
  0
VIEWPORT
  5
AC
330
A8
100
AcDbEntity
 67
     1
  8
0
100
AcDbViewport
 10
210.0
 20
148.5
 30
0.0
 40
420.0
 41
297.0
 68
     1
 69
     1
 12
210.0
 22
148.5
 13
0.0
 23
0.0
 14
10.0
 24
10.0
 15
10.0
 25
10.0
 16
0.0
 26
0.0
 36
1.0
 17
0.0
 27
0.0
 37
0.0
 42
50.0
 43
0.0
 44
0.0
 45
297.0
 50
0.0
 51
0.0
 72
   100
 90
   557152
  1

281
     0
 71
     1
 74
     0
110
0.0
120
0.0
130
0.0
111
1.0
121
0.0
131
0.0
112
0.0
122
1.0
132
0.0
 79
     0
146
0.0
170
     0
 61
     5
348
2F
292
     1
282
     1
141
0.0
142
0.0
 63
   256
361
AD
  0
VIEWPORT
  5
AE
330
A8
100
AcDbEntity
 67
     1
  8
0
100
AcDbViewport
 10
210.0
 20
148.5
 30
0.0
 40
420.0
 41
297.0
 68
     2
 69
     2
 12
210.0
 22
148.5
 13
0.0
 23
0.0
 14
10.0
 24
10.0
 15
10.0
 25
10.0
 16
0.0
 26
0.0
 36
1.0
 17
0.0
 27
0.0
 37
0.0
 42
50.0
 43
0.0
 44
0.0
 45
297.0
 50
0.0
 51
0.0
 72
   100
 90
   557152
  1

281
     0
 71
     1
 74
     0
110
0.0
120
0.0
130
0.0
111
1.0
121
0.0
131
0.0
112
0.0
122
1.0
132
0.0
 79
     0
146
0.0
170
     0
 61
     5
348
2F
292
     1
282
     1
141
0.0
142
0.0
 63
   256
361
AF
  0
ENDSEC
  0
SECTION
  2
OBJECTS
  0
DICTIONARY
  5
C
330
0
100
AcDbDictionary
281
     1
  3
ACAD_DETAILVIEWSTYLE
350
308
  3
ACAD_GROUP
350
D
  3
ACAD_LAYOUT
350
1A
  3
ACAD_MATERIAL
350
43
  3
ACAD_MLEADERSTYLE
350
5B
  3
ACAD_MLINESTYLE
350
17
  3
ACAD_PLOTSETTINGS
350
19
  3
ACAD_PLOTSTYLENAME
350
E
  3
ACAD_SCALELIST
350
47
  3
ACAD_SECTIONVIEWSTYLE
350
309
  3
ACAD_TABLESTYLE
350
59
  3
ACAD_VISUALSTYLE
350
2A
  3
AcDbVariableDictionary
350
2D1
  3
ACDB_RECOMPOSE_DATA
350
305
  0
SUN
  5
5D
330
29
100
AcDbSun
 90
        1
290
     0
 63
     7
421
 16777215
 40
1.0
291
     1
 91
  2455826
 92
 54000000
292
     0
 70
     2
 71
   256
280
     1
  0
SUN
  5
AD
330
AC
100
AcDbSun
 90
        1
290
     0
 63
     7
421
 16777215
 40
1.0
291
     1
 91
  2455826
 92
 54000000
292
     0
 70
     2
 71
   256
280
     1
  0
SUN
  5
AF
330
AE
100
AcDbSun
 90
        1
290
     0
 63
     7
421
 16777215
 40
1.0
291
     1
 91
  2455826
 92
 54000000
292
     0
 70
     2
 71
   256
280
     1
  0
DICTIONARY
  5
308
102
{ACAD_REACTORS
330
C
102
}
330
C
100
AcDbDictionary
281
     1
  0
DICTIONARY
  5
D
102
{ACAD_REACTORS
330
C
102
}
330
C
100
AcDbDictionary
281
     1
  0
DICTIONARY
  5
1A
102
{ACAD_REACTORS
330
C
102
}
330
C
100
AcDbDictionary
281
     1
  3
Layout1
350
1E
  3
Layout2
350
26
  3
Model
350
22
  3
Sheet
350
A9
  0
DICTIONARY
  5
43
102
{ACAD_REACTORS
330
C
102
}
330
C
100
AcDbDictionary
281
     1
  3
ByBlock
350
45
  3
ByLayer
350
44
  3
Global
350
46
  0
DICTIONARY
  5
5B
102
{ACAD_REACTORS
330
C
102
}
330
C
100
AcDbDictionary
281
     1
  3
Standard
350
5C
  0
DICTIONARY
  5
17
102
{ACAD_REACTORS
330
C
102
}
330
C
100
AcDbDictionary
281
     1
  3
Standard
350
18
  0
DICTIONARY
  5
19
102
{ACAD_REACTORS
330
C
102
}
330
C
100
AcDbDictionary
281
     1
  0
ACDBDICTIONARYWDFLT
  5
E
102
{ACAD_REACTORS
330
C
102
}
330
C
100
AcDbDictionary
281
     1
  3
Normal
350
F
100
AcDbDictionaryWithDefault
340
F
  0
DICTIONARY
  5
47
102
{ACAD_REACTORS
330
C
102
}
330
C
100
AcDbDictionary
281
     1
  3
A0
350
48
  3
A1
350
49
  3
A2
350
4A
  3
A3
350
4B
  3
A4
350
4C
  3
A5
350
4D
  3
A6
350
4E
  3
A7
350
4F
  3
A8
350
50
  3
A9
350
51
  3
B0
350
52
  3
B1
350
53
  3
B2
350
54
  3
B3
350
55
  3
B4
350
56
  3
B5
350
57
  3
B6
350
58
  0
DICTIONARY
  5
309
102
{ACAD_REACTORS
330
C
102
}
330
C
100
AcDbDictionary
281
     1
  0
DICTIONARY
  5
59
102
{ACAD_REACTORS
330
C
102
}
330
C
100
AcDbDictionary
281
     1
  3
Standard
350
5A
  0
DICTIONARY
  5
2A
102
{ACAD_REACTORS
330
C
102
}
330
C
100
AcDbDictionary
281
     1
  3
2dWireframe
350
2F
  3
Basic
350
32
  3
Brighten
350
36
  3
ColorChange
350
3A
  3
Conceptual
350
34
  3
Dim
350
35
  3
EdgeColorOff
350
3D
  3
Facepattern
350
39
  3
Flat
350
2B
  3
FlatWithEdges
350
2C
  3
Gouraud
350
2D
  3
GouraudWithEdges
350
2E
  3
Hidden
350
31
  3
JitterOff
350
3B
  3
Linepattern
350
38
  3
OverhangOff
350
3C
  3
Realistic
350
33
  3
Shaded
350
42
  3
Shaded with edges
350
41
  3
Shades of Gray
350
3E
  3
Sketchy
350
3F
  3
Thicken
350
37
  3
Wireframe
350
30
  3
X-Ray
350
40
  0
DICTIONARY
  5
2D1
102
{ACAD_REACTORS
330
C
102
}
330
C
100
AcDbDictionary
281
     1
  3
CANNOSCALE
350
2D2
  3
CENTEREXE
350
30A
  3
CENTERLTYPEFILE
350
30B
  3
CMLEADERSTYLE
350
307
  3
CTABLESTYLE
350
306
  0
XRECORD
  5
305
102
{ACAD_REACTORS
330
C
102
}
330
C
100
AcDbXrecord
280
     1
 90
        1
330
5A
  0
LAYOUT
  5
1E
102
{ACAD_REACTORS
330
1A
102
}
330
1A
100
AcDbPlotSettings
  1

  2
none_device
  4

  6

 40
0.0
 41
0.0
 42
0.0
 43
0.0
 44
0.0
 45
0.0
 46
0.0
 47
0.0
 48
0.0
 49
0.0
140
0.0
141
0.0
142
1.0
143
1.0
 70
   688
 72
     1
 73
     0
 74
     5
  7

 75
    16
 76
     0
 77
     2
 78
   300
147
1.0
148
0.0
149
0.0
100
AcDbLayout
  1
Layout1
 70
     1
 71
     1
 10
0.0
 20
0.0
 11
420.0
 21
297.0
 12
0.0
 22
0.0
 32
0.0
 14
1.000000000000000E+20
 24
1.000000000000000E+20
 34
1.000000000000000E+20
 15
-1.000000000000000E+20
 25
-1.000000000000000E+20
 35
-1.000000000000000E+20
146
0.0
 13
0.0
 23
0.0
 33
0.0
 16
1.0
 26
0.0
 36
0.0
 17
0.0
 27
1.0
 37
0.0
 76
     0
330
1B
  0
LAYOUT
  5
26
102
{ACAD_REACTORS
330
1A
102
}
330
1A
100
AcDbPlotSettings
  1

  2
none_device
  4

  6

 40
0.0
 41
0.0
 42
0.0
 43
0.0
 44
0.0
 45
0.0
 46
0.0
 47
0.0
 48
0.0
 49
0.0
140
0.0
141
0.0
142
1.0
143
1.0
 70
   688
 72
     1
 73
     0
 74
     5
  7

 75
    16
 76
     0
 77
     2
 78
   300
147
1.0
148
0.0
149
0.0
100
AcDbLayout
  1
Layout2
 70
     1
 71
     2
 10
0.0
 20
0.0
 11
0.0
 21
0.0
 12
0.0
 22
0.0
 32
0.0
 14
0.0
 24
0.0
 34
0.0
 15
0.0
 25
0.0
 35
0.0
146
0.0
 13
0.0
 23
0.0
 33
0.0
 16
1.0
 26
0.0
 36
0.0
 17
0.0
 27
1.0
 37
0.0
 76
     0
330
23
  0
LAYOUT
  5
22
102
{ACAD_REACTORS
330
1A
102
}
330
1A
100
AcDbPlotSettings
  1

  2
none_device
  4
Letter_(8.50_x_11.00_Inches)
  6

 40
6.35
 41
6.35
 42
6.35000508
 43
6.35000508
 44
215.9
 45
279.4
 46
0.0
 47
0.0
 48
0.0
 49
0.0
140
0.0
141
0.0
142
1.0
143
1.0
 70
  1712
 72
     1
 73
     0
 74
     0
  7

 75
     0
 76
     0
 77
     2
 78
   300
147
1.0
148
0.0
149
0.0
100
AcDbLayout
  1
Model
 70
     1
 71
     0
 10
0.0
 20
0.0
 11
420.0
 21
297.0
 12
0.0
 22
0.0
 32
0.0
 14
1.000000000000000E+20
 24
1.000000000000000E+20
 34
1.000000000000000E+20
 15
-1.000000000000000E+20
 25
-1.000000000000000E+20
 35
-1.000000000000000E+20
146
0.0
 13
0.0
 23
0.0
 33
0.0
 16
1.0
 26
0.0
 36
0.0
 17
0.0
 27
1.0
 37
0.0
 76
     0
330
1F
331
29
  0
LAYOUT
  5
A9
102
{ACAD_REACTORS
330
1A
102
}
330
1A
100
AcDbPlotSettings
  1

  2
Custom Device
  4
CustomPaper_420.000000x297.000000mm
  6

 40
0.0
 41
0.0
 42
0.0
 43
0.0
 44
297.0
 45
420.0
 46
0.0
 47
0.0
 48
0.0
 49
0.0
140
0.0
141
0.0
142
1.0
143
1.0
 70
   672
 72
     1
 73
     1
 74
     5
  7

 75
    16
 76
     0
 77
     2
 78
   300
147
1.0
148
0.0
149
0.0
100
AcDbLayout
  1
Sheet
 70
     1
 71
     3
 10
-20.0
 20
-7.5
 11
277.0
 21
202.5
 12
0.0
 22
0.0
 32
0.0
 14
0.0
 24
0.0
 34
0.0
 15
0.0
 25
0.0
 35
0.0
146
0.0
 13
0.0
 23
0.0
 33
0.0
 16
1.0
 26
0.0
 36
0.0
 17
0.0
 27
1.0
 37
0.0
 76
     0
330
A8
331
AC
  0
MATERIAL
  5
45
102
{ACAD_REACTORS
330
43
102
}
330
43
100
AcDbMaterial
  1
ByBlock
 72
     1
 94
      127
  0
MATERIAL
  5
44
102
{ACAD_REACTORS
330
43
102
}
330
43
100
AcDbMaterial
  1
ByLayer
 72
     1
 94
      127
  0
MATERIAL
  5
46
102
{ACAD_REACTORS
330
43
102
}
330
43
100
AcDbMaterial
  1
Global
 72
     1
 94
      127
  0
MLEADERSTYLE
  5
5C
102
{ACAD_REACTORS
330
5B
102
}
330
5B
100
AcDbMLeaderStyle
179
     2
170
     2
171
     1
172
     0
 90
        2
 40
0.0
 41
0.0
173
     1
 91
-1056964608
340
14
 92
       -2
290
     1
 42
2.0
291
     1
 43
8.0
  3
Standard
341
0
 44
4.0
300

342
11
174
     1
178
     6
175
     1
176
     0
 93
-1056964608
 45
4.0
292
     0
297
     0
 46
4.0
343
0
 94
-1056964608
 47
1.0
 49
1.0
140
1.0
293
     1
141
0.0
294
     1
177
     0
142
1.0
295
     0
296
     0
143
3.75
271
     0
272
     9
273
     9
  0
MLINESTYLE
  5
18
102
{ACAD_REACTORS
330
17
102
}
330
17
100
AcDbMlineStyle
  2
Standard
 70
     0
  3

 62
   256
 51
90.0
 52
90.0
 71
     2
 49
0.5
 62
   256
  6
BYLAYER
 49
-0.5
 62
   256
  6
BYLAYER
  0
ACDBPLACEHOLDER
  5
F
102
{ACAD_REACTORS
330
E
102
}
330
E
  0
SCALE
  5
48
102
{ACAD_REACTORS
330
47
102
}
330
47
100
AcDbScale
 70
     0
300
1:1
140
1.0
141
1.0
290
     1
  0
SCALE
  5
49
102
{ACAD_REACTORS
330
47
102
}
330
47
100
AcDbScale
 70
     0
300
1:2
140
1.0
141
2.0
290
     0
  0
SCALE
  5
4A
102
{ACAD_REACTORS
330
47
102
}
330
47
100
AcDbScale
 70
     0
300
1:4
140
1.0
141
4.0
290
     0
  0
SCALE
  5
4B
102
{ACAD_REACTORS
330
47
102
}
330
47
100
AcDbScale
 70
     0
300
1:5
140
1.0
141
5.0
290
     0
  0
SCALE
  5
4C
102
{ACAD_REACTORS
330
47
102
}
330
47
100
AcDbScale
 70
     0
300
1:8
140
1.0
141
8.0
290
     0
  0
SCALE
  5
4D
102
{ACAD_REACTORS
330
47
102
}
330
47
100
AcDbScale
 70
     0
300
1:10
140
1.0
141
10.0
290
     0
  0
SCALE
  5
4E
102
{ACAD_REACTORS
330
47
102
}
330
47
100
AcDbScale
 70
     0
300
1:16
140
1.0
141
16.0
290
     0
  0
SCALE
  5
4F
102
{ACAD_REACTORS
330
47
102
}
330
47
100
AcDbScale
 70
     0
300
1:20
140
1.0
141
20.0
290
     0
  0
SCALE
  5
50
102
{ACAD_REACTORS
330
47
102
}
330
47
100
AcDbScale
 70
     0
300
1:30
140
1.0
141
30.0
290
     0
  0
SCALE
  5
51
102
{ACAD_REACTORS
330
47
102
}
330
47
100
AcDbScale
 70
     0
300
1:40
140
1.0
141
40.0
290
     0
  0
SCALE
  5
52
102
{ACAD_REACTORS
330
47
102
}
330
47
100
AcDbScale
 70
     0
300
1:50
140
1.0
141
50.0
290
     0
  0
SCALE
  5
53
102
{ACAD_REACTORS
330
47
102
}
330
47
100
AcDbScale
 70
     0
300
1:100
140
1.0
141
100.0
290
     0
  0
SCALE
  5
54
102
{ACAD_REACTORS
330
47
102
}
330
47
100
AcDbScale
 70
     0
300
2:1
140
2.0
141
1.0
290
     0
  0
SCALE
  5
55
102
{ACAD_REACTORS
330
47
102
}
330
47
100
AcDbScale
 70
     0
300
4:1
140
4.0
141
1.0
290
     0
  0
SCALE
  5
56
102
{ACAD_REACTORS
330
47
102
}
330
47
100
AcDbScale
 70
     0
300
8:1
140
8.0
141
1.0
290
     0
  0
SCALE
  5
57
102
{ACAD_REACTORS
330
47
102
}
330
47
100
AcDbScale
 70
     0
300
10:1
140
10.0
141
1.0
290
     0
  0
SCALE
  5
58
102
{ACAD_REACTORS
330
47
102
}
330
47
100
AcDbScale
 70
     0
300
100:1
140
100.0
141
1.0
290
     0
  0
TABLESTYLE
  5
5A
102
{ACAD_REACTORS
330
59
102
}
102
{ACAD_XDICTIONARY
360
303
102
}
330
59
100
AcDbTableStyle
  3
Standard
 70
     0
 71
     0
 40
0.06
 41
0.06
280
     0
281
     0
  7
Standard
140
4.5
170
     2
 62
     0
 63
   257
283
     0
 90
        4
 91
        0
  1

274
    -2
284
     1
 64
     0
275
    -2
285
     1
 65
     0
276
    -2
286
     1
 66
     0
277
    -2
287
     1
 67
     0
278
    -2
288
     1
 68
     0
279
    -2
289
     1
 69
     0
  7
Standard
140
6.0
170
     5
 62
     0
 63
   257
283
     0
 90
        4
 91
        0
  1

274
    -2
284
     1
 64
     0
275
    -2
285
     1
 65
     0
276
    -2
286
     1
 66
     0
277
    -2
287
     1
 67
     0
278
    -2
288
     1
 68
     0
279
    -2
289
     1
 69
     0
  7
Standard
140
4.5
170
     5
 62
     0
 63
   257
283
     0
 90
        4
 91
        0
  1

274
    -2
284
     1
 64
     0
275
    -2
285
     1
 65
     0
276
    -2
286
     1
 66
     0
277
    -2
287
     1
 67
     0
278
    -2
288
     1
 68
     0
279
    -2
289
     1
 69
     0
  0
VISUALSTYLE
  5
2F
102
{ACAD_REACTORS
330
2A
102
}
102
{ACAD_XDICTIONARY
360
2DB
102
}
330
2A
100
AcDbVisualStyle
  2
2dWireframe
 70
     4
177
     2
291
     0
 71
     0
176
     1
 72
     2
176
     1
 73
     0
176
     1
 90
        0
176
     1
 40
0.6
176
     1
 41
30.0
176
     1
 62
     5
 63
     7
421
 16777215
176
     1
 74
     1
176
     1
 91
        4
176
     1
 64
     7
176
     1
 65
   257
176
     1
 75
     1
176
     1
175
     1
176
     1
 42
1.0
176
     1
 92
        0
176
     1
 66
   257
176
     1
 43
1.0
176
     1
 76
     1
176
     1
 77
     6
176
     1
 78
     2
176
     1
 67
     7
176
     1
 79
     5
176
     1
170
     0
176
     1
171
     0
176
     1
290
     0
176
     1
 93
        1
176
     1
 44
0.0
176
     1
173
     0
176
     1
  0
VISUALSTYLE
  5
32
102
{ACAD_REACTORS
330
2A
102
}
102
{ACAD_XDICTIONARY
360
2E1
102
}
330
2A
100
AcDbVisualStyle
  2
Basic
 70
     7
177
     2
291
     1
 71
     1
176
     1
 72
     0
176
     1
 73
     1
176
     1
 90
        0
176
     1
 40
0.6
176
     1
 41
30.0
176
     1
 62
     5
 63
     7
421
 16777215
176
     1
 74
     0
176
     1
 91
        4
176
     1
 64
     7
176
     1
 65
   257
176
     1
 75
     1
176
     1
175
     1
176
     1
 42
1.0
176
     1
 92
        8
176
     1
 66
     7
176
     1
 43
1.0
176
     1
 76
     1
176
     1
 77
     6
176
     1
 78
     2
176
     1
 67
     7
176
     1
 79
     5
176
     1
170
     0
176
     1
171
     0
176
     1
290
     0
176
     1
 93
        1
176
     1
 44
0.0
176
     1
173
     0
176
     1
  0
VISUALSTYLE
  5
36
102
{ACAD_REACTORS
330
2A
102
}
102
{ACAD_XDICTIONARY
360
2E9
102
}
330
2A
100
AcDbVisualStyle
  2
Brighten
 70
    12
177
     2
291
     1
 71
     2
176
     1
 72
     2
176
     1
 73
     0
176
     1
 90
        0
176
     1
 40
0.6
176
     1
 41
30.0
176
     1
 62
     5
 63
     7
421
 16777215
176
     1
 74
     1
176
     1
 91
        4
176
     1
 64
     7
176
     1
 65
   257
176
     1
 75
     1
176
     1
175
     1
176
     1
 42
1.0
176
     1
 92
        8
176
     1
 66
     7
176
     1
 43
1.0
176
     1
 76
     1
176
     1
 77
     6
176
     1
 78
     2
176
     1
 67
     7
176
     1
 79
     5
176
     1
170
     0
176
     1
171
     0
176
     1
290
     0
176
     1
 93
        1
176
     1
 44
50.0
176
     1
173
     0
176
     1
  0
VISUALSTYLE
  5
3A
102
{ACAD_REACTORS
330
2A
102
}
102
{ACAD_XDICTIONARY
360
2F1
102
}
330
2A
100
AcDbVisualStyle
  2
ColorChange
 70
    16
177
     2
291
     1
 71
     2
176
     1
 72
     2
176
     1
 73
     3
176
     1
 90
        0
176
     1
 40
0.6
176
     1
 41
30.0
176
     1
 62
     5
 63
     8
421
  8421504
176
     1
 74
     1
176
     1
 91
        4
176
     1
 64
     7
176
     1
 65
   257
176
     1
 75
     1
176
     1
175
     1
176
     1
 42
1.0
176
     1
 92
        8
176
     1
 66
     8
424
  8421504
176
     1
 43
1.0
176
     1
 76
     1
176
     1
 77
     6
176
     1
 78
     2
176
     1
 67
     7
176
     1
 79
     5
176
     1
170
     0
176
     1
171
     0
176
     1
290
     0
176
     1
 93
        1
176
     1
 44
0.0
176
     1
173
     0
176
     1
  0
VISUALSTYLE
  5
34
102
{ACAD_REACTORS
330
2A
102
}
102
{ACAD_XDICTIONARY
360
2E5
102
}
330
2A
100
AcDbVisualStyle
  2
Conceptual
 70
     9
177
     2
291
     0
 71
     3
176
     1
 72
     2
176
     1
 73
     0
176
     1
 90
        0
176
     1
 40
0.6
176
     1
 41
30.0
176
     1
 62
     5
 63
     7
421
 16777215
176
     1
 74
     2
176
     1
 91
        2
176
     1
 64
     7
176
     1
 65
   257
176
     1
 75
     1
176
     1
175
     1
176
     1
 42
179.0
176
     1
 92
        8
176
     1
 66
     7
176
     1
 43
1.0
176
     1
 76
     1
176
     1
 77
     6
176
     1
 78
     2
176
     1
 67
     7
176
     1
 79
     3
176
     1
170
     0
176
     1
171
     0
176
     1
290
     0
176
     1
 93
        1
176
     1
 44
0.0
176
     1
173
     0
176
     1
  0
VISUALSTYLE
  5
35
102
{ACAD_REACTORS
330
2A
102
}
102
{ACAD_XDICTIONARY
360
2E7
102
}
330
2A
100
AcDbVisualStyle
  2
Dim
 70
    11
177
     2
291
     1
 71
     2
176
     1
 72
     2
176
     1
 73
     0
176
     1
 90
        0
176
     1
 40
0.6
176
     1
 41
30.0
176
     1
 62
     5
 63
     7
421
 16777215
176
     1
 74
     1
176
     1
 91
        4
176
     1
 64
     7
176
     1
 65
   257
176
     1
 75
     1
176
     1
175
     1
176
     1
 42
1.0
176
     1
 92
        8
176
     1
 66
     7
176
     1
 43
1.0
176
     1
 76
     1
176
     1
 77
     6
176
     1
 78
     2
176
     1
 67
     7
176
     1
 79
     5
176
     1
170
     0
176
     1
171
     0
176
     1
290
     0
176
     1
 93
        1
176
     1
 44
-50.0
176
     1
173
     0
176
     1
  0
VISUALSTYLE
  5
3D
102
{ACAD_REACTORS
330
2A
102
}
102
{ACAD_XDICTIONARY
360
2F7
102
}
330
2A
100
AcDbVisualStyle
  2
EdgeColorOff
 70
    22
177
     2
291
     1
 71
     2
176
     0
 72
     2
176
     0
 73
     0
176
     0
 90
        0
176
     0
 40
0.6
176
     0
 41
30.0
176
     0
 62
     5
 63
     7
421
 16777215
176
     0
 74
     1
176
     0
 91
        4
176
     0
 64
     7
176
     0
 65
   257
176
     0
 75
     1
176
     0
175
     1
176
     0
 42
1.0
176
     0
 92
        8
176
     2
 66
     7
176
     0
 43
1.0
176
     0
 76
     1
176
     0
 77
     6
176
     0
 78
     2
176
     0
 67
     7
176
     0
 79
     5
176
     0
170
     0
176
     0
171
     0
176
     0
290
     0
176
     0
 93
        1
176
     0
 44
0.0
176
     0
173
     0
176
     0
  0
VISUALSTYLE
  5
39
102
{ACAD_REACTORS
330
2A
102
}
102
{ACAD_XDICTIONARY
360
2EF
102
}
330
2A
100
AcDbVisualStyle
  2
Facepattern
 70
    15
177
     2
291
     1
 71
     2
176
     1
 72
     2
176
     1
 73
     0
176
     1
 90
        0
176
     1
 40
0.6
176
     1
 41
30.0
176
     1
 62
     5
 63
     7
421
 16777215
176
     1
 74
     1
176
     1
 91
        4
176
     1
 64
     7
176
     1
 65
   257
176
     1
 75
     1
176
     1
175
     1
176
     1
 42
1.0
176
     1
 92
        8
176
     1
 66
     7
176
     1
 43
1.0
176
     1
 76
     1
176
     1
 77
     6
176
     1
 78
     2
176
     1
 67
     7
176
     1
 79
     5
176
     1
170
     0
176
     1
171
     0
176
     1
290
     0
176
     1
 93
        1
176
     1
 44
0.0
176
     1
173
     0
176
     1
  0
VISUALSTYLE
  5
2B
102
{ACAD_REACTORS
330
2A
102
}
102
{ACAD_XDICTIONARY
360
2D3
102
}
330
2A
100
AcDbVisualStyle
  2
Flat
 70
     0
177
     2
291
     1
 71
     2
176
     1
 72
     1
176
     1
 73
     1
176
     1
 90
        2
176
     1
 40
0.6
176
     1
 41
30.0
176
     1
 62
     5
 63
     7
421
 16777215
176
     1
 74
     0
176
     1
 91
        0
176
     1
 64
     7
176
     1
 65
   257
176
     1
 75
     1
176
     1
175
     1
176
     1
 42
1.0
176
     1
 92
        8
176
     1
 66
     7
176
     1
 43
1.0
176
     1
 76
     1
176
     1
 77
     6
176
     1
 78
     2
176
     1
 67
     7
176
     1
 79
     5
176
     1
170
     0
176
     1
171
     0
176
     1
290
     0
176
     1
 93
       13
176
     1
 44
0.0
176
     1
173
     0
176
     1
  0
VISUALSTYLE
  5
2C
102
{ACAD_REACTORS
330
2A
102
}
102
{ACAD_XDICTIONARY
360
2D5
102
}
330
2A
100
AcDbVisualStyle
  2
FlatWithEdges
 70
     1
177
     2
291
     1
 71
     2
176
     1
 72
     1
176
     1
 73
     1
176
     1
 90
        2
176
     1
 40
0.6
176
     1
 41
30.0
176
     1
 62
     5
 63
     7
421
 16777215
176
     1
 74
     1
176
     1
 91
        0
176
     1
 64
     7
176
     1
 65
   257
176
     1
 75
     1
176
     1
175
     1
176
     1
 42
1.0
176
     1
 92
        0
176
     1
 66
   257
176
     1
 43
1.0
176
     1
 76
     1
176
     1
 77
     6
176
     1
 78
     2
176
     1
 67
     7
176
     1
 79
     5
176
     1
170
     0
176
     1
171
     0
176
     1
290
     0
176
     1
 93
       13
176
     1
 44
0.0
176
     1
173
     0
176
     1
  0
VISUALSTYLE
  5
2D
102
{ACAD_REACTORS
330
2A
102
}
102
{ACAD_XDICTIONARY
360
2D7
102
}
330
2A
100
AcDbVisualStyle
  2
Gouraud
 70
     2
177
     2
291
     1
 71
     2
176
     1
 72
     2
176
     1
 73
     1
176
     1
 90
        2
176
     1
 40
0.6
176
     1
 41
30.0
176
     1
 62
     5
 63
     7
421
 16777215
176
     1
 74
     0
176
     1
 91
        0
176
     1
 64
     7
176
     1
 65
   257
176
     1
 75
     1
176
     1
175
     1
176
     1
 42
1.0
176
     1
 92
        0
176
     1
 66
     7
176
     1
 43
1.0
176
     1
 76
     1
176
     1
 77
     6
176
     1
 78
     2
176
     1
 67
     7
176
     1
 79
     5
176
     1
170
     0
176
     1
171
     0
176
     1
290
     0
176
     1
 93
       13
176
     1
 44
0.0
176
     1
173
     0
176
     1
  0
VISUALSTYLE
  5
2E
102
{ACAD_REACTORS
330
2A
102
}
102
{ACAD_XDICTIONARY
360
2D9
102
}
330
2A
100
AcDbVisualStyle
  2
GouraudWithEdges
 70
     3
177
     2
291
     1
 71
     2
176
     1
 72
     2
176
     1
 73
     1
176
     1
 90
        2
176
     1
 40
0.6
176
     1
 41
30.0
176
     1
 62
     5
 63
     7
421
 16777215
176
     1
 74
     1
176
     1
 91
        0
176
     1
 64
     7
176
     1
 65
   257
176
     1
 75
     1
176
     1
175
     1
176
     1
 42
1.0
176
     1
 92
        0
176
     1
 66
   257
176
     1
 43
1.0
176
     1
 76
     1
176
     1
 77
     6
176
     1
 78
     2
176
     1
 67
     7
176
     1
 79
     5
176
     1
170
     0
176
     1
171
     0
176
     1
290
     0
176
     1
 93
       13
176
     1
 44
0.0
176
     1
173
     0
176
     1
  0
VISUALSTYLE
  5
31
102
{ACAD_REACTORS
330
2A
102
}
102
{ACAD_XDICTIONARY
360
2DF
102
}
330
2A
100
AcDbVisualStyle
  2
Hidden
 70
     6
177
     2
291
     0
 71
     1
176
     1
 72
     2
176
     1
 73
     2
176
     1
 90
        0
176
     1
 40
0.6
176
     1
 41
30.0
176
     1
 62
     5
 63
     7
421
 16777215
176
     1
 74
     2
176
     1
 91
        2
176
     1
 64
     7
176
     1
 65
   257
176
     1
 75
     2
176
     1
175
     1
176
     1
 42
40.0
176
     1
 92
        0
176
     1
 66
   257
176
     1
 43
1.0
176
     1
 76
     1
176
     1
 77
     6
176
     1
 78
     2
176
     1
 67
     7
176
     1
 79
     3
176
     1
170
     0
176
     1
171
     0
176
     1
290
     0
176
     1
 93
        1
176
     1
 44
0.0
176
     1
173
     0
176
     1
  0
VISUALSTYLE
  5
3B
102
{ACAD_REACTORS
330
2A
102
}
102
{ACAD_XDICTIONARY
360
2F3
102
}
330
2A
100
AcDbVisualStyle
  2
JitterOff
 70
    20
177
     2
291
     1
 71
     2
176
     0
 72
     2
176
     0
 73
     0
176
     0
 90
        0
176
     0
 40
0.6
176
     0
 41
30.0
176
     0
 62
     5
 63
     7
421
 16777215
176
     0
 74
     1
176
     0
 91
        4
176
     0
 64
     7
176
     0
 65
   257
176
     0
 75
     1
176
     0
175
     1
176
     0
 42
1.0
176
     0
 92
       10
176
     2
 66
     7
176
     0
 43
1.0
176
     0
 76
     1
176
     0
 77
     6
176
     0
 78
     2
176
     0
 67
     7
176
     0
 79
     5
176
     0
170
     0
176
     0
171
     0
176
     0
290
     0
176
     0
 93
        1
176
     0
 44
0.0
176
     0
173
     0
176
     0
  0
VISUALSTYLE
  5
38
102
{ACAD_REACTORS
330
2A
102
}
102
{ACAD_XDICTIONARY
360
2ED
102
}
330
2A
100
AcDbVisualStyle
  2
Linepattern
 70
    14
177
     2
291
     1
 71
     2
176
     1
 72
     2
176
     1
 73
     0
176
     1
 90
        0
176
     1
 40
0.6
176
     1
 41
30.0
176
     1
 62
     5
 63
     7
421
 16777215
176
     1
 74
     1
176
     1
 91
        4
176
     1
 64
     7
176
     1
 65
   257
176
     1
 75
     7
176
     1
175
     7
176
     1
 42
1.0
176
     1
 92
        8
176
     1
 66
     7
176
     1
 43
1.0
176
     1
 76
     1
176
     1
 77
     6
176
     1
 78
     2
176
     1
 67
     7
176
     1
 79
     5
176
     1
170
     0
176
     1
171
     0
176
     1
290
     0
176
     1
 93
        1
176
     1
 44
0.0
176
     1
173
     0
176
     1
  0
VISUALSTYLE
  5
3C
102
{ACAD_REACTORS
330
2A
102
}
102
{ACAD_XDICTIONARY
360
2F5
102
}
330
2A
100
AcDbVisualStyle
  2
OverhangOff
 70
    21
177
     2
291
     1
 71
     2
176
     0
 72
     2
176
     0
 73
     0
176
     0
 90
        0
176
     0
 40
0.6
176
     0
 41
30.0
176
     0
 62
     5
 63
     7
421
 16777215
176
     0
 74
     1
176
     0
 91
        4
176
     0
 64
     7
176
     0
 65
   257
176
     0
 75
     1
176
     0
175
     1
176
     0
 42
1.0
176
     0
 92
        9
176
     2
 66
     7
176
     0
 43
1.0
176
     0
 76
     1
176
     0
 77
     6
176
     0
 78
     2
176
     0
 67
     7
176
     0
 79
     5
176
     0
170
     0
176
     0
171
     0
176
     0
290
     0
176
     0
 93
        1
176
     0
 44
0.0
176
     0
173
     0
176
     0
  0
VISUALSTYLE
  5
33
102
{ACAD_REACTORS
330
2A
102
}
102
{ACAD_XDICTIONARY
360
2E3
102
}
330
2A
100
AcDbVisualStyle
  2
Realistic
 70
     8
177
     2
291
     0
 71
     2
176
     1
 72
     3
176
     1
 73
     0
176
     1
 90
        2
176
     1
 40
0.6
176
     1
 41
30.0
176
     1
 62
     5
 63
     7
421
 16777215
176
     1
 74
     0
176
     1
 91
        0
176
     1
 64
     7
176
     1
 65
   257
176
     1
 75
     1
176
     1
175
     1
176
     1
 42
1.0
176
     1
 92
        8
176
     1
 66
   257
176
     1
 43
1.0
176
     1
 76
     1
176
     1
 77
     6
176
     1
 78
     2
176
     1
 67
     7
176
     1
 79
     3
176
     1
170
     0
176
     1
171
     0
176
     1
290
     0
176
     1
 93
       13
176
     1
 44
0.0
176
     1
173
     0
176
     1
  0
VISUALSTYLE
  5
42
102
{ACAD_REACTORS
330
2A
102
}
102
{ACAD_XDICTIONARY
360
301
102
}
330
2A
100
AcDbVisualStyle
  2
Shaded
 70
    27
177
     2
291
     0
 71
     2
176
     1
 72
     2
176
     1
 73
     1
176
     1
 90
        2
176
     1
 40
0.6
176
     1
 41
30.0
176
     1
 62
     5
 63
     7
421
 16777215
176
     1
 74
     0
176
     1
 91
        4
176
     1
 64
     7
176
     1
 65
   257
176
     1
 75
     1
176
     1
175
     1
176
     1
 42
1.0
176
     1
 92
        8
176
     1
 66
   257
176
     1
 43
1.0
176
     1
 76
     1
176
     1
 77
     6
176
     1
 78
     2
176
     1
 67
     8
425
  7895160
176
     1
 79
     3
176
     1
170
     0
176
     1
171
     0
176
     1
290
     0
176
     1
 93
        5
176
     1
 44
0.0
176
     1
173
     0
176
     1
  0
VISUALSTYLE
  5
41
102
{ACAD_REACTORS
330
2A
102
}
102
{ACAD_XDICTIONARY
360
2FF
102
}
330
2A
100
AcDbVisualStyle
  2
Shaded with edges
 70
    26
177
     2
291
     0
 71
     2
176
     1
 72
     2
176
     1
 73
     1
176
     1
 90
        2
176
     1
 40
0.6
176
     1
 41
30.0
176
     1
 62
     5
 63
     7
421
 16777215
176
     1
 74
     1
176
     1
 91
       10
176
     1
 64
     7
176
     1
 65
   257
176
     1
 75
     2
176
     1
175
     1
176
     1
 42
1.0
176
     1
 92
        8
176
     1
 66
   257
176
     1
 43
1.0
176
     1
 76
     1
176
     1
 77
     6
176
     1
 78
     2
176
     1
 67
     7
176
     1
 79
     3
176
     1
170
     0
176
     1
171
     0
176
     1
290
     0
176
     1
 93
        5
176
     1
 44
0.0
176
     1
173
     0
176
     1
  0
VISUALSTYLE
  5
3E
102
{ACAD_REACTORS
330
2A
102
}
102
{ACAD_XDICTIONARY
360
2F9
102
}
330
2A
100
AcDbVisualStyle
  2
Shades of Gray
 70
    23
177
     2
291
     0
 71
     2
176
     1
 72
     2
176
     1
 73
     3
176
     1
 90
        0
176
     1
 40
0.6
176
     1
 41
30.0
176
     1
 62
     5
 63
     7
421
 16777215
176
     1
 74
     2
176
     1
 91
        2
176
     1
 64
     7
176
     1
 65
     7
176
     1
 75
     1
176
     1
175
     1
176
     1
 42
40.0
176
     1
 92
        8
176
     1
 66
     7
176
     1
 43
1.0
176
     1
 76
     1
176
     1
 77
     6
176
     1
 78
     2
176
     1
 67
     7
176
     1
 79
     3
176
     1
170
     0
176
     1
171
     0
176
     1
290
     0
176
     1
 93
        1
176
     1
 44
0.0
176
     1
173
     0
176
     1
  0
VISUALSTYLE
  5
3F
102
{ACAD_REACTORS
330
2A
102
}
102
{ACAD_XDICTIONARY
360
2FB
102
}
330
2A
100
AcDbVisualStyle
  2
Sketchy
 70
    24
177
     2
291
     0
 71
     1
176
     1
 72
     2
176
     1
 73
     2
176
     1
 90
        0
176
     1
 40
0.6
176
     1
 41
30.0
176
     1
 62
     5
 63
     7
421
 16777215
176
     1
 74
     2
176
     1
 91
        2
176
     1
 64
     7
176
     1
 65
     7
176
     1
 75
     1
176
     1
175
     1
176
     1
 42
40.0
176
     1
 92
       11
176
     1
 66
     7
176
     1
 43
1.0
176
     1
 76
     1
176
     1
 77
     6
176
     1
 78
     2
176
     1
 67
     7
176
     1
 79
     6
176
     1
170
     0
176
     1
171
     0
176
     1
290
     0
176
     1
 93
        1
176
     1
 44
0.0
176
     1
173
     0
176
     1
  0
VISUALSTYLE
  5
37
102
{ACAD_REACTORS
330
2A
102
}
102
{ACAD_XDICTIONARY
360
2EB
102
}
330
2A
100
AcDbVisualStyle
  2
Thicken
 70
    13
177
     2
291
     1
 71
     2
176
     1
 72
     2
176
     1
 73
     0
176
     1
 90
        0
176
     1
 40
0.6
176
     1
 41
30.0
176
     1
 62
     5
 63
     7
421
 16777215
176
     1
 74
     1
176
     1
 91
        4
176
     1
 64
     7
176
     1
 65
   257
176
     1
 75
     1
176
     1
175
     1
176
     1
 42
1.0
176
     1
 92
       12
176
     1
 66
     7
176
     1
 43
1.0
176
     1
 76
     1
176
     1
 77
     6
176
     1
 78
     2
176
     1
 67
     7
176
     1
 79
     5
176
     1
170
     0
176
     1
171
     0
176
     1
290
     0
176
     1
 93
        1
176
     1
 44
0.0
176
     1
173
     0
176
     1
  0
VISUALSTYLE
  5
30
102
{ACAD_REACTORS
330
2A
102
}
102
{ACAD_XDICTIONARY
360
2DD
102
}
330
2A
100
AcDbVisualStyle
  2
Wireframe
 70
     5
177
     2
291
     0
 71
     0
176
     1
 72
     2
176
     1
 73
     0
176
     1
 90
        0
176
     1
 40
0.6
176
     1
 41
30.0
176
     1
 62
     5
 63
     7
421
 16777215
176
     1
 74
     1
176
     1
 91
        4
176
     1
 64
     7
176
     1
 65
   257
176
     1
 75
     1
176
     1
175
     1
176
     1
 42
1.0
176
     1
 92
        0
176
     1
 66
   257
176
     1
 43
1.0
176
     1
 76
     1
176
     1
 77
     6
176
     1
 78
     2
176
     1
 67
     7
176
     1
 79
     3
176
     1
170
     0
176
     1
171
     0
176
     1
290
     0
176
     1
 93
        1
176
     1
 44
0.0
176
     1
173
     0
176
     1
  0
VISUALSTYLE
  5
40
102
{ACAD_REACTORS
330
2A
102
}
102
{ACAD_XDICTIONARY
360
2FD
102
}
330
2A
100
AcDbVisualStyle
  2
X-Ray
 70
    25
177
     2
291
     0
 71
     2
176
     1
 72
     2
176
     1
 73
     1
176
     1
 90
        1
176
     1
 40
0.5
176
     1
 41
30.0
176
     1
 62
     5
 63
     7
421
 16777215
176
     1
 74
     1
176
     1
 91
        0
176
     1
 64
     7
176
     1
 65
   257
176
     1
 75
     1
176
     1
175
     1
176
     1
 42
1.0
176
     1
 92
        8
176
     1
 66
     7
176
     1
 43
1.0
176
     1
 76
     1
176
     1
 77
     6
176
     1
 78
     2
176
     1
 67
     7
176
     1
 79
     3
176
     1
170
     0
176
     1
171
     0
176
     1
290
     0
176
     1
 93
       13
176
     1
 44
0.0
176
     1
173
     0
176
     1
  0
DICTIONARYVAR
  5
2D2
102
{ACAD_REACTORS
330
2D1
102
}
330
2D1
100
DictionaryVariables
280
     0
  1
1:1
  0
DICTIONARYVAR
  5
30A
102
{ACAD_REACTORS
330
2D1
102
}
330
2D1
100
DictionaryVariables
280
     0
  1
3.500000
  0
DICTIONARYVAR
  5
30B
102
{ACAD_REACTORS
330
2D1
102
}
330
2D1
100
DictionaryVariables
280
     0
  1
acadiso.lin
  0
DICTIONARYVAR
  5
307
102
{ACAD_REACTORS
330
2D1
102
}
330
2D1
100
DictionaryVariables
280
     0
  1
Standard
  0
DICTIONARYVAR
  5
306
102
{ACAD_REACTORS
330
2D1
102
}
330
2D1
100
DictionaryVariables
280
     0
  1
Standard
  0
DICTIONARY
  5
303
330
5A
100
AcDbDictionary
280
     1
281
     1
  3
ACAD_ROUNDTRIP_2008_TABLESTYLE_CELLSTYLEMAP
360
304
  0
DICTIONARY
  5
2DB
330
2F
100
AcDbDictionary
280
     1
281
     1
  3
ACAD_XREC_ROUNDTRIP
360
2DC
  0
DICTIONARY
  5
2E1
330
32
100
AcDbDictionary
280
     1
281
     1
  3
ACAD_XREC_ROUNDTRIP
360
2E2
  0
DICTIONARY
  5
2E9
330
36
100
AcDbDictionary
280
     1
281
     1
  3
ACAD_XREC_ROUNDTRIP
360
2EA
  0
DICTIONARY
  5
2F1
330
3A
100
AcDbDictionary
280
     1
281
     1
  3
ACAD_XREC_ROUNDTRIP
360
2F2
  0
DICTIONARY
  5
2E5
330
34
100
AcDbDictionary
280
     1
281
     1
  3
ACAD_XREC_ROUNDTRIP
360
2E6
  0
DICTIONARY
  5
2E7
330
35
100
AcDbDictionary
280
     1
281
     1
  3
ACAD_XREC_ROUNDTRIP
360
2E8
  0
DICTIONARY
  5
2F7
330
3D
100
AcDbDictionary
280
     1
281
     1
  3
ACAD_XREC_ROUNDTRIP
360
2F8
  0
DICTIONARY
  5
2EF
330
39
100
AcDbDictionary
280
     1
281
     1
  3
ACAD_XREC_ROUNDTRIP
360
2F0
  0
DICTIONARY
  5
2D3
330
2B
100
AcDbDictionary
280
     1
281
     1
  3
ACAD_XREC_ROUNDTRIP
360
2D4
  0
DICTIONARY
  5
2D5
330
2C
100
AcDbDictionary
280
     1
281
     1
  3
ACAD_XREC_ROUNDTRIP
360
2D6
  0
DICTIONARY
  5
2D7
330
2D
100
AcDbDictionary
280
     1
281
     1
  3
ACAD_XREC_ROUNDTRIP
360
2D8
  0
DICTIONARY
  5
2D9
330
2E
100
AcDbDictionary
280
     1
281
     1
  3
ACAD_XREC_ROUNDTRIP
360
2DA
  0
DICTIONARY
  5
2DF
330
31
100
AcDbDictionary
280
     1
281
     1
  3
ACAD_XREC_ROUNDTRIP
360
2E0
  0
DICTIONARY
  5
2F3
330
3B
100
AcDbDictionary
280
     1
281
     1
  3
ACAD_XREC_ROUNDTRIP
360
2F4
  0
DICTIONARY
  5
2ED
330
38
100
AcDbDictionary
280
     1
281
     1
  3
ACAD_XREC_ROUNDTRIP
360
2EE
  0
DICTIONARY
  5
2F5
330
3C
100
AcDbDictionary
280
     1
281
     1
  3
ACAD_XREC_ROUNDTRIP
360
2F6
  0
DICTIONARY
  5
2E3
330
33
100
AcDbDictionary
280
     1
281
     1
  3
ACAD_XREC_ROUNDTRIP
360
2E4
  0
DICTIONARY
  5
301
330
42
100
AcDbDictionary
280
     1
281
     1
  3
ACAD_XREC_ROUNDTRIP
360
302
  0
DICTIONARY
  5
2FF
330
41
100
AcDbDictionary
280
     1
281
     1
  3
ACAD_XREC_ROUNDTRIP
360
300
  0
DICTIONARY
  5
2F9
330
3E
100
AcDbDictionary
280
     1
281
     1
  3
ACAD_XREC_ROUNDTRIP
360
2FA
  0
DICTIONARY
  5
2FB
330
3F
100
AcDbDictionary
280
     1
281
     1
  3
ACAD_XREC_ROUNDTRIP
360
2FC
  0
DICTIONARY
  5
2EB
330
37
100
AcDbDictionary
280
     1
281
     1
  3
ACAD_XREC_ROUNDTRIP
360
2EC
  0
DICTIONARY
  5
2DD
330
30
100
AcDbDictionary
280
     1
281
     1
  3
ACAD_XREC_ROUNDTRIP
360
2DE
  0
DICTIONARY
  5
2FD
330
40
100
AcDbDictionary
280
     1
281
     1
  3
ACAD_XREC_ROUNDTRIP
360
2FE
  0
CELLSTYLEMAP
  5
304
102
{ACAD_REACTORS
330
303
102
}
330
303
100
AcDbCellStyleMap
 90
        3
300
CELLSTYLE
  1
TABLEFORMAT_BEGIN
 90
        5
170
     1
 91
        0
 92
    32768
 62
   257
 93
        1
300
CONTENTFORMAT
  1
CONTENTFORMAT_BEGIN
 90
        0
 91
        0
 92
        4
 93
        0
300

 40
0.0
140
1.0
 94
        5
 62
     0
340
11
144
6.0
309
CONTENTFORMAT_END
171
     1
301
MARGIN
  1
CELLMARGIN_BEGIN
 40
1.5
 40
1.5
 40
1.5
 40
1.5
 40
1.5
 40
1.5
309
CELLMARGIN_END
 94
        6
 95
        1
302
GRIDFORMAT
  1
GRIDFORMAT_BEGIN
 90
        0
 91
        1
 62
     0
 92
       -2
340
14
 93
        0
 40
0.045
309
GRIDFORMAT_END
 95
        2
302
GRIDFORMAT
  1
GRIDFORMAT_BEGIN
 90
        0
 91
        1
 62
     0
 92
       -2
340
14
 93
        0
 40
0.045
309
GRIDFORMAT_END
 95
        4
302
GRIDFORMAT
  1
GRIDFORMAT_BEGIN
 90
        0
 91
        1
 62
     0
 92
       -2
340
14
 93
        0
 40
0.045
309
GRIDFORMAT_END
 95
        8
302
GRIDFORMAT
  1
GRIDFORMAT_BEGIN
 90
        0
 91
        1
 62
     0
 92
       -2
340
14
 93
        0
 40
0.045
309
GRIDFORMAT_END
 95
       16
302
GRIDFORMAT
  1
GRIDFORMAT_BEGIN
 90
        0
 91
        1
 62
     0
 92
       -2
340
14
 93
        0
 40
0.045
309
GRIDFORMAT_END
 95
       32
302
GRIDFORMAT
  1
GRIDFORMAT_BEGIN
 90
        0
 91
        1
 62
     0
 92
       -2
340
14
 93
        0
 40
0.045
309
GRIDFORMAT_END
309
TABLEFORMAT_END
  1
CELLSTYLE_BEGIN
 90
        1
 91
        1
300
_TITLE
309
CELLSTYLE_END
300
CELLSTYLE
  1
TABLEFORMAT_BEGIN
 90
        5
170
     1
 91
        0
 92
        0
 62
   257
 93
        1
300
CONTENTFORMAT
  1
CONTENTFORMAT_BEGIN
 90
        0
 91
        0
 92
        4
 93
        0
300

 40
0.0
140
1.0
 94
        5
 62
     0
340
11
144
4.5
309
CONTENTFORMAT_END
171
     1
301
MARGIN
  1
CELLMARGIN_BEGIN
 40
1.5
 40
1.5
 40
1.5
 40
1.5
 40
1.5
 40
1.5
309
CELLMARGIN_END
 94
        6
 95
        1
302
GRIDFORMAT
  1
GRIDFORMAT_BEGIN
 90
        0
 91
        1
 62
     0
 92
       -2
340
14
 93
        0
 40
0.045
309
GRIDFORMAT_END
 95
        2
302
GRIDFORMAT
  1
GRIDFORMAT_BEGIN
 90
        0
 91
        1
 62
     0
 92
       -2
340
14
 93
        0
 40
0.045
309
GRIDFORMAT_END
 95
        4
302
GRIDFORMAT
  1
GRIDFORMAT_BEGIN
 90
        0
 91
        1
 62
     0
 92
       -2
340
14
 93
        0
 40
0.045
309
GRIDFORMAT_END
 95
        8
302
GRIDFORMAT
  1
GRIDFORMAT_BEGIN
 90
        0
 91
        1
 62
     0
 92
       -2
340
14
 93
        0
 40
0.045
309
GRIDFORMAT_END
 95
       16
302
GRIDFORMAT
  1
GRIDFORMAT_BEGIN
 90
        0
 91
        1
 62
     0
 92
       -2
340
14
 93
        0
 40
0.045
309
GRIDFORMAT_END
 95
       32
302
GRIDFORMAT
  1
GRIDFORMAT_BEGIN
 90
        0
 91
        1
 62
     0
 92
       -2
340
14
 93
        0
 40
0.045
309
GRIDFORMAT_END
309
TABLEFORMAT_END
  1
CELLSTYLE_BEGIN
 90
        2
 91
        1
300
_HEADER
309
CELLSTYLE_END
300
CELLSTYLE
  1
TABLEFORMAT_BEGIN
 90
        5
170
     1
 91
        0
 92
        0
 62
   257
 93
        1
300
CONTENTFORMAT
  1
CONTENTFORMAT_BEGIN
 90
        0
 91
        0
 92
        4
 93
        0
300

 40
0.0
140
1.0
 94
        2
 62
     0
340
11
144
4.5
309
CONTENTFORMAT_END
171
     1
301
MARGIN
  1
CELLMARGIN_BEGIN
 40
1.5
 40
1.5
 40
1.5
 40
1.5
 40
1.5
 40
1.5
309
CELLMARGIN_END
 94
        6
 95
        1
302
GRIDFORMAT
  1
GRIDFORMAT_BEGIN
 90
        0
 91
        1
 62
     0
 92
       -2
340
14
 93
        0
 40
0.045
309
GRIDFORMAT_END
 95
        2
302
GRIDFORMAT
  1
GRIDFORMAT_BEGIN
 90
        0
 91
        1
 62
     0
 92
       -2
340
14
 93
        0
 40
0.045
309
GRIDFORMAT_END
 95
        4
302
GRIDFORMAT
  1
GRIDFORMAT_BEGIN
 90
        0
 91
        1
 62
     0
 92
       -2
340
14
 93
        0
 40
0.045
309
GRIDFORMAT_END
 95
        8
302
GRIDFORMAT
  1
GRIDFORMAT_BEGIN
 90
        0
 91
        1
 62
     0
 92
       -2
340
14
 93
        0
 40
0.045
309
GRIDFORMAT_END
 95
       16
302
GRIDFORMAT
  1
GRIDFORMAT_BEGIN
 90
        0
 91
        1
 62
     0
 92
       -2
340
14
 93
        0
 40
0.045
309
GRIDFORMAT_END
 95
       32
302
GRIDFORMAT
  1
GRIDFORMAT_BEGIN
 90
        0
 91
        1
 62
     0
 92
       -2
340
14
 93
        0
 40
0.045
309
GRIDFORMAT_END
309
TABLEFORMAT_END
  1
CELLSTYLE_BEGIN
 90
        3
 91
        2
300
_DATA
309
CELLSTYLE_END
  0
XRECORD
  5
2DC
102
{ACAD_REACTORS
330
2DB
102
}
330
2DB
100
AcDbXrecord
280
     1
102
RTVSPost2010Prop28
280
     1
102
RTVSPost2010PropOp28
 70
     1
102
RTVSPost2010Prop29
280
     1
102
RTVSPost2010PropOp29
 70
     1
102
RTVSPost2010Prop30
280
     0
102
RTVSPost2010PropOp30
 70
     1
102
RTVSPost2010Prop31
280
     0
102
RTVSPost2010PropOp31
 70
     1
102
RTVSPost2010Prop32
280
     0
102
RTVSPost2010PropOp32
 70
     1
102
RTVSPost2010Prop33
280
     0
102
RTVSPost2010PropOp33
 70
     1
102
RTVSPost2010Prop34
280
     0
102
RTVSPost2010PropOp34
 70
     1
102
RTVSPost2010Prop35
280
     0
102
RTVSPost2010PropOp35
 70
     1
102
RTVSPost2010Prop36
280
     0
102
RTVSPost2010PropOp36
 70
     1
102
RTVSPost2010Prop37
 90
       50
102
RTVSPost2010PropOp37
 70
     1
102
RTVSPost2010Prop38
140
0.0
102
RTVSPost2010PropOp38
 70
     1
102
RTVSPost2010Prop39
140
1.0
102
RTVSPost2010PropOp39
 70
     1
102
RTVSPost2010Prop40
 90
        0
102
RTVSPost2010PropOp40
 70
     1
102
RTVSPost2010Prop41ColorIndex
 90
       18
102
RTVSPost2010Prop41ColorRGB
 90
        0
102
RTVSPost2010PropOp41
 70
     1
102
RTVSPost2010Prop42
 90
       50
102
RTVSPost2010PropOp42
 70
     1
102
RTVSPost2010Prop43
 90
        3
102
RTVSPost2010PropOp43
 70
     1
102
RTVSPost2010Prop44ColorIndex
 90
        5
102
RTVSPost2010Prop44ColorRGB
 90
      255
102
RTVSPost2010PropOp44
 70
     1
102
RTVSPost2010Prop45
280
     0
102
RTVSPost2010PropOp45
 70
     1
102
RTVSPost2010Prop46
 90
       50
102
RTVSPost2010PropOp46
 70
     1
102
RTVSPost2010Prop47
 90
       50
102
RTVSPost2010PropOp47
 70
     1
102
RTVSPost2010Prop48
 90
       50
102
RTVSPost2010PropOp48
 70
     1
102
RTVSPost2010Prop49
280
     0
102
RTVSPost2010PropOp49
 70
     1
102
RTVSPost2010Prop50
 90
       50
102
RTVSPost2010PropOp50
 70
     1
102
RTVSPost2010Prop51ColorIndex
 90
      256
102
RTVSPost2010Prop51ColorRGB
 90
-16777216
102
RTVSPost2010PropOp51
 70
     0
102
RTVSPost2010Prop52
140
1.0
102
RTVSPost2010PropOp52
 70
     0
102
RTVSPost2010Prop53
 90
        2
102
RTVSPost2010PropOp53
 70
     1
102
RTVSPost2010Prop54
  1
strokes_ogs.tif
102
RTVSPost2010PropOp54
 70
     1
102
RTVSPost2010Prop55
280
     0
102
RTVSPost2010PropOp55
 70
     1
102
RTVSPost2010Prop56
140
1.0
102
RTVSPost2010PropOp56
 70
     1
102
RTVSPost2010Prop57
140
1.0
102
RTVSPost2010PropOp57
 70
     1
  0
XRECORD
  5
2E2
102
{ACAD_REACTORS
330
2E1
102
}
330
2E1
100
AcDbXrecord
280
     1
102
RTVSPost2010Prop28
280
     0
102
RTVSPost2010PropOp28
 70
     1
102
RTVSPost2010Prop29
280
     1
102
RTVSPost2010PropOp29
 70
     1
102
RTVSPost2010Prop30
280
     1
102
RTVSPost2010PropOp30
 70
     1
102
RTVSPost2010Prop31
280
     0
102
RTVSPost2010PropOp31
 70
     1
102
RTVSPost2010Prop32
280
     0
102
RTVSPost2010PropOp32
 70
     1
102
RTVSPost2010Prop33
280
     0
102
RTVSPost2010PropOp33
 70
     1
102
RTVSPost2010Prop34
280
     0
102
RTVSPost2010PropOp34
 70
     1
102
RTVSPost2010Prop35
280
     0
102
RTVSPost2010PropOp35
 70
     1
102
RTVSPost2010Prop36
280
     0
102
RTVSPost2010PropOp36
 70
     1
102
RTVSPost2010Prop37
 90
       50
102
RTVSPost2010PropOp37
 70
     1
102
RTVSPost2010Prop38
140
0.0
102
RTVSPost2010PropOp38
 70
     1
102
RTVSPost2010Prop39
140
1.0
102
RTVSPost2010PropOp39
 70
     1
102
RTVSPost2010Prop40
 90
        0
102
RTVSPost2010PropOp40
 70
     1
102
RTVSPost2010Prop41ColorIndex
 90
       18
102
RTVSPost2010Prop41ColorRGB
 90
        0
102
RTVSPost2010PropOp41
 70
     1
102
RTVSPost2010Prop42
 90
       50
102
RTVSPost2010PropOp42
 70
     1
102
RTVSPost2010Prop43
 90
        3
102
RTVSPost2010PropOp43
 70
     1
102
RTVSPost2010Prop44ColorIndex
 90
        5
102
RTVSPost2010Prop44ColorRGB
 90
      255
102
RTVSPost2010PropOp44
 70
     1
102
RTVSPost2010Prop45
280
     0
102
RTVSPost2010PropOp45
 70
     1
102
RTVSPost2010Prop46
 90
       50
102
RTVSPost2010PropOp46
 70
     1
102
RTVSPost2010Prop47
 90
       50
102
RTVSPost2010PropOp47
 70
     1
102
RTVSPost2010Prop48
 90
       50
102
RTVSPost2010PropOp48
 70
     1
102
RTVSPost2010Prop49
280
     0
102
RTVSPost2010PropOp49
 70
     1
102
RTVSPost2010Prop50
 90
       50
102
RTVSPost2010PropOp50
 70
     1
102
RTVSPost2010Prop51ColorIndex
 90
      256
102
RTVSPost2010Prop51ColorRGB
 90
-16777216
102
RTVSPost2010PropOp51
 70
     0
102
RTVSPost2010Prop52
140
1.0
102
RTVSPost2010PropOp52
 70
     0
102
RTVSPost2010Prop53
 90
        2
102
RTVSPost2010PropOp53
 70
     1
102
RTVSPost2010Prop54
  1
strokes_ogs.tif
102
RTVSPost2010PropOp54
 70
     1
102
RTVSPost2010Prop55
280
     0
102
RTVSPost2010PropOp55
 70
     1
102
RTVSPost2010Prop56
140
1.0
102
RTVSPost2010PropOp56
 70
     1
102
RTVSPost2010Prop57
140
1.0
102
RTVSPost2010PropOp57
 70
     1
  0
XRECORD
  5
2EA
102
{ACAD_REACTORS
330
2E9
102
}
330
2E9
100
AcDbXrecord
280
     1
102
RTVSPost2010Prop28
280
     0
102
RTVSPost2010PropOp28
 70
     1
102
RTVSPost2010Prop29
280
     1
102
RTVSPost2010PropOp29
 70
     1
102
RTVSPost2010Prop30
280
     1
102
RTVSPost2010PropOp30
 70
     1
102
RTVSPost2010Prop31
280
     0
102
RTVSPost2010PropOp31
 70
     1
102
RTVSPost2010Prop32
280
     0
102
RTVSPost2010PropOp32
 70
     1
102
RTVSPost2010Prop33
280
     0
102
RTVSPost2010PropOp33
 70
     1
102
RTVSPost2010Prop34
280
     0
102
RTVSPost2010PropOp34
 70
     1
102
RTVSPost2010Prop35
280
     0
102
RTVSPost2010PropOp35
 70
     1
102
RTVSPost2010Prop36
280
     0
102
RTVSPost2010PropOp36
 70
     1
102
RTVSPost2010Prop37
 90
       50
102
RTVSPost2010PropOp37
 70
     1
102
RTVSPost2010Prop38
140
0.0
102
RTVSPost2010PropOp38
 70
     1
102
RTVSPost2010Prop39
140
1.0
102
RTVSPost2010PropOp39
 70
     1
102
RTVSPost2010Prop40
 90
        0
102
RTVSPost2010PropOp40
 70
     1
102
RTVSPost2010Prop41ColorIndex
 90
       18
102
RTVSPost2010Prop41ColorRGB
 90
        0
102
RTVSPost2010PropOp41
 70
     1
102
RTVSPost2010Prop42
 90
       50
102
RTVSPost2010PropOp42
 70
     1
102
RTVSPost2010Prop43
 90
        3
102
RTVSPost2010PropOp43
 70
     1
102
RTVSPost2010Prop44ColorIndex
 90
        5
102
RTVSPost2010Prop44ColorRGB
 90
      255
102
RTVSPost2010PropOp44
 70
     1
102
RTVSPost2010Prop45
280
     0
102
RTVSPost2010PropOp45
 70
     1
102
RTVSPost2010Prop46
 90
       50
102
RTVSPost2010PropOp46
 70
     1
102
RTVSPost2010Prop47
 90
       50
102
RTVSPost2010PropOp47
 70
     1
102
RTVSPost2010Prop48
 90
       50
102
RTVSPost2010PropOp48
 70
     1
102
RTVSPost2010Prop49
280
     0
102
RTVSPost2010PropOp49
 70
     1
102
RTVSPost2010Prop50
 90
       50
102
RTVSPost2010PropOp50
 70
     1
102
RTVSPost2010Prop51ColorIndex
 90
      256
102
RTVSPost2010Prop51ColorRGB
 90
-16777216
102
RTVSPost2010PropOp51
 70
     0
102
RTVSPost2010Prop52
140
1.0
102
RTVSPost2010PropOp52
 70
     0
102
RTVSPost2010Prop53
 90
        2
102
RTVSPost2010PropOp53
 70
     1
102
RTVSPost2010Prop54
  1
strokes_ogs.tif
102
RTVSPost2010PropOp54
 70
     1
102
RTVSPost2010Prop55
280
     0
102
RTVSPost2010PropOp55
 70
     1
102
RTVSPost2010Prop56
140
1.0
102
RTVSPost2010PropOp56
 70
     1
102
RTVSPost2010Prop57
140
1.0
102
RTVSPost2010PropOp57
 70
     1
  0
XRECORD
  5
2F2
102
{ACAD_REACTORS
330
2F1
102
}
330
2F1
100
AcDbXrecord
280
     1
102
RTVSPost2010Prop28
280
     0
102
RTVSPost2010PropOp28
 70
     1
102
RTVSPost2010Prop29
280
     1
102
RTVSPost2010PropOp29
 70
     1
102
RTVSPost2010Prop30
280
     1
102
RTVSPost2010PropOp30
 70
     1
102
RTVSPost2010Prop31
280
     0
102
RTVSPost2010PropOp31
 70
     1
102
RTVSPost2010Prop32
280
     0
102
RTVSPost2010PropOp32
 70
     1
102
RTVSPost2010Prop33
280
     0
102
RTVSPost2010PropOp33
 70
     1
102
RTVSPost2010Prop34
280
     0
102
RTVSPost2010PropOp34
 70
     1
102
RTVSPost2010Prop35
280
     0
102
RTVSPost2010PropOp35
 70
     1
102
RTVSPost2010Prop36
280
     0
102
RTVSPost2010PropOp36
 70
     1
102
RTVSPost2010Prop37
 90
       50
102
RTVSPost2010PropOp37
 70
     1
102
RTVSPost2010Prop38
140
0.0
102
RTVSPost2010PropOp38
 70
     1
102
RTVSPost2010Prop39
140
1.0
102
RTVSPost2010PropOp39
 70
     1
102
RTVSPost2010Prop40
 90
        0
102
RTVSPost2010PropOp40
 70
     1
102
RTVSPost2010Prop41ColorIndex
 90
       18
102
RTVSPost2010Prop41ColorRGB
 90
        0
102
RTVSPost2010PropOp41
 70
     1
102
RTVSPost2010Prop42
 90
       50
102
RTVSPost2010PropOp42
 70
     1
102
RTVSPost2010Prop43
 90
        3
102
RTVSPost2010PropOp43
 70
     1
102
RTVSPost2010Prop44ColorIndex
 90
        5
102
RTVSPost2010Prop44ColorRGB
 90
      255
102
RTVSPost2010PropOp44
 70
     1
102
RTVSPost2010Prop45
280
     0
102
RTVSPost2010PropOp45
 70
     1
102
RTVSPost2010Prop46
 90
       50
102
RTVSPost2010PropOp46
 70
     1
102
RTVSPost2010Prop47
 90
       50
102
RTVSPost2010PropOp47
 70
     1
102
RTVSPost2010Prop48
 90
       50
102
RTVSPost2010PropOp48
 70
     1
102
RTVSPost2010Prop49
280
     0
102
RTVSPost2010PropOp49
 70
     1
102
RTVSPost2010Prop50
 90
       50
102
RTVSPost2010PropOp50
 70
     1
102
RTVSPost2010Prop51ColorIndex
 90
      256
102
RTVSPost2010Prop51ColorRGB
 90
-16777216
102
RTVSPost2010PropOp51
 70
     0
102
RTVSPost2010Prop52
140
1.0
102
RTVSPost2010PropOp52
 70
     0
102
RTVSPost2010Prop53
 90
        2
102
RTVSPost2010PropOp53
 70
     1
102
RTVSPost2010Prop54
  1
strokes_ogs.tif
102
RTVSPost2010PropOp54
 70
     1
102
RTVSPost2010Prop55
280
     0
102
RTVSPost2010PropOp55
 70
     1
102
RTVSPost2010Prop56
140
1.0
102
RTVSPost2010PropOp56
 70
     1
102
RTVSPost2010Prop57
140
1.0
102
RTVSPost2010PropOp57
 70
     1
  0
XRECORD
  5
2E6
102
{ACAD_REACTORS
330
2E5
102
}
330
2E5
100
AcDbXrecord
280
     1
102
RTVSPost2010Prop28
280
     0
102
RTVSPost2010PropOp28
 70
     1
102
RTVSPost2010Prop29
280
     1
102
RTVSPost2010PropOp29
 70
     1
102
RTVSPost2010Prop30
280
     1
102
RTVSPost2010PropOp30
 70
     1
102
RTVSPost2010Prop31
280
     0
102
RTVSPost2010PropOp31
 70
     1
102
RTVSPost2010Prop32
280
     0
102
RTVSPost2010PropOp32
 70
     1
102
RTVSPost2010Prop33
280
     0
102
RTVSPost2010PropOp33
 70
     1
102
RTVSPost2010Prop34
280
     0
102
RTVSPost2010PropOp34
 70
     1
102
RTVSPost2010Prop35
280
     0
102
RTVSPost2010PropOp35
 70
     1
102
RTVSPost2010Prop36
280
     0
102
RTVSPost2010PropOp36
 70
     1
102
RTVSPost2010Prop37
 90
       50
102
RTVSPost2010PropOp37
 70
     1
102
RTVSPost2010Prop38
140
0.0
102
RTVSPost2010PropOp38
 70
     1
102
RTVSPost2010Prop39
140
1.0
102
RTVSPost2010PropOp39
 70
     1
102
RTVSPost2010Prop40
 90
        0
102
RTVSPost2010PropOp40
 70
     1
102
RTVSPost2010Prop41ColorIndex
 90
       18
102
RTVSPost2010Prop41ColorRGB
 90
        0
102
RTVSPost2010PropOp41
 70
     1
102
RTVSPost2010Prop42
 90
       50
102
RTVSPost2010PropOp42
 70
     1
102
RTVSPost2010Prop43
 90
        3
102
RTVSPost2010PropOp43
 70
     1
102
RTVSPost2010Prop44ColorIndex
 90
        5
102
RTVSPost2010Prop44ColorRGB
 90
      255
102
RTVSPost2010PropOp44
 70
     1
102
RTVSPost2010Prop45
280
     0
102
RTVSPost2010PropOp45
 70
     1
102
RTVSPost2010Prop46
 90
       50
102
RTVSPost2010PropOp46
 70
     1
102
RTVSPost2010Prop47
 90
       50
102
RTVSPost2010PropOp47
 70
     1
102
RTVSPost2010Prop48
 90
       50
102
RTVSPost2010PropOp48
 70
     1
102
RTVSPost2010Prop49
280
     0
102
RTVSPost2010PropOp49
 70
     1
102
RTVSPost2010Prop50
 90
       50
102
RTVSPost2010PropOp50
 70
     1
102
RTVSPost2010Prop51ColorIndex
 90
      256
102
RTVSPost2010Prop51ColorRGB
 90
-16777216
102
RTVSPost2010PropOp51
 70
     0
102
RTVSPost2010Prop52
140
1.0
102
RTVSPost2010PropOp52
 70
     0
102
RTVSPost2010Prop53
 90
        2
102
RTVSPost2010PropOp53
 70
     1
102
RTVSPost2010Prop54
  1
strokes_ogs.tif
102
RTVSPost2010PropOp54
 70
     1
102
RTVSPost2010Prop55
280
     0
102
RTVSPost2010PropOp55
 70
     1
102
RTVSPost2010Prop56
140
1.0
102
RTVSPost2010PropOp56
 70
     1
102
RTVSPost2010Prop57
140
1.0
102
RTVSPost2010PropOp57
 70
     1
  0
XRECORD
  5
2E8
102
{ACAD_REACTORS
330
2E7
102
}
330
2E7
100
AcDbXrecord
280
     1
102
RTVSPost2010Prop28
280
     0
102
RTVSPost2010PropOp28
 70
     1
102
RTVSPost2010Prop29
280
     1
102
RTVSPost2010PropOp29
 70
     1
102
RTVSPost2010Prop30
280
     1
102
RTVSPost2010PropOp30
 70
     1
102
RTVSPost2010Prop31
280
     0
102
RTVSPost2010PropOp31
 70
     1
102
RTVSPost2010Prop32
280
     0
102
RTVSPost2010PropOp32
 70
     1
102
RTVSPost2010Prop33
280
     0
102
RTVSPost2010PropOp33
 70
     1
102
RTVSPost2010Prop34
280
     0
102
RTVSPost2010PropOp34
 70
     1
102
RTVSPost2010Prop35
280
     0
102
RTVSPost2010PropOp35
 70
     1
102
RTVSPost2010Prop36
280
     0
102
RTVSPost2010PropOp36
 70
     1
102
RTVSPost2010Prop37
 90
       50
102
RTVSPost2010PropOp37
 70
     1
102
RTVSPost2010Prop38
140
0.0
102
RTVSPost2010PropOp38
 70
     1
102
RTVSPost2010Prop39
140
1.0
102
RTVSPost2010PropOp39
 70
     1
102
RTVSPost2010Prop40
 90
        0
102
RTVSPost2010PropOp40
 70
     1
102
RTVSPost2010Prop41ColorIndex
 90
       18
102
RTVSPost2010Prop41ColorRGB
 90
        0
102
RTVSPost2010PropOp41
 70
     1
102
RTVSPost2010Prop42
 90
       50
102
RTVSPost2010PropOp42
 70
     1
102
RTVSPost2010Prop43
 90
        3
102
RTVSPost2010PropOp43
 70
     1
102
RTVSPost2010Prop44ColorIndex
 90
        5
102
RTVSPost2010Prop44ColorRGB
 90
      255
102
RTVSPost2010PropOp44
 70
     1
102
RTVSPost2010Prop45
280
     0
102
RTVSPost2010PropOp45
 70
     1
102
RTVSPost2010Prop46
 90
       50
102
RTVSPost2010PropOp46
 70
     1
102
RTVSPost2010Prop47
 90
       50
102
RTVSPost2010PropOp47
 70
     1
102
RTVSPost2010Prop48
 90
       50
102
RTVSPost2010PropOp48
 70
     1
102
RTVSPost2010Prop49
280
     0
102
RTVSPost2010PropOp49
 70
     1
102
RTVSPost2010Prop50
 90
       50
102
RTVSPost2010PropOp50
 70
     1
102
RTVSPost2010Prop51ColorIndex
 90
      256
102
RTVSPost2010Prop51ColorRGB
 90
-16777216
102
RTVSPost2010PropOp51
 70
     0
102
RTVSPost2010Prop52
140
1.0
102
RTVSPost2010PropOp52
 70
     0
102
RTVSPost2010Prop53
 90
        2
102
RTVSPost2010PropOp53
 70
     1
102
RTVSPost2010Prop54
  1
strokes_ogs.tif
102
RTVSPost2010PropOp54
 70
     1
102
RTVSPost2010Prop55
280
     0
102
RTVSPost2010PropOp55
 70
     1
102
RTVSPost2010Prop56
140
1.0
102
RTVSPost2010PropOp56
 70
     1
102
RTVSPost2010Prop57
140
1.0
102
RTVSPost2010PropOp57
 70
     1
  0
XRECORD
  5
2F8
102
{ACAD_REACTORS
330
2F7
102
}
330
2F7
100
AcDbXrecord
280
     1
102
RTVSPost2010Prop28
280
     0
102
RTVSPost2010PropOp28
 70
     0
102
RTVSPost2010Prop29
280
     1
102
RTVSPost2010PropOp29
 70
     0
102
RTVSPost2010Prop30
280
     1
102
RTVSPost2010PropOp30
 70
     0
102
RTVSPost2010Prop31
280
     0
102
RTVSPost2010PropOp31
 70
     0
102
RTVSPost2010Prop32
280
     0
102
RTVSPost2010PropOp32
 70
     0
102
RTVSPost2010Prop33
280
     0
102
RTVSPost2010PropOp33
 70
     0
102
RTVSPost2010Prop34
280
     0
102
RTVSPost2010PropOp34
 70
     0
102
RTVSPost2010Prop35
280
     0
102
RTVSPost2010PropOp35
 70
     0
102
RTVSPost2010Prop36
280
     0
102
RTVSPost2010PropOp36
 70
     0
102
RTVSPost2010Prop37
 90
       50
102
RTVSPost2010PropOp37
 70
     0
102
RTVSPost2010Prop38
140
0.0
102
RTVSPost2010PropOp38
 70
     0
102
RTVSPost2010Prop39
140
1.0
102
RTVSPost2010PropOp39
 70
     0
102
RTVSPost2010Prop40
 90
        0
102
RTVSPost2010PropOp40
 70
     0
102
RTVSPost2010Prop41ColorIndex
 90
       18
102
RTVSPost2010Prop41ColorRGB
 90
        0
102
RTVSPost2010PropOp41
 70
     0
102
RTVSPost2010Prop42
 90
       50
102
RTVSPost2010PropOp42
 70
     0
102
RTVSPost2010Prop43
 90
        3
102
RTVSPost2010PropOp43
 70
     0
102
RTVSPost2010Prop44ColorIndex
 90
        5
102
RTVSPost2010Prop44ColorRGB
 90
      255
102
RTVSPost2010PropOp44
 70
     0
102
RTVSPost2010Prop45
280
     0
102
RTVSPost2010PropOp45
 70
     0
102
RTVSPost2010Prop46
 90
       50
102
RTVSPost2010PropOp46
 70
     0
102
RTVSPost2010Prop47
 90
       50
102
RTVSPost2010PropOp47
 70
     0
102
RTVSPost2010Prop48
 90
       50
102
RTVSPost2010PropOp48
 70
     0
102
RTVSPost2010Prop49
280
     0
102
RTVSPost2010PropOp49
 70
     0
102
RTVSPost2010Prop50
 90
       50
102
RTVSPost2010PropOp50
 70
     0
102
RTVSPost2010Prop51ColorIndex
 90
      256
102
RTVSPost2010Prop51ColorRGB
 90
-16777216
102
RTVSPost2010PropOp51
 70
     0
102
RTVSPost2010Prop52
140
1.0
102
RTVSPost2010PropOp52
 70
     0
102
RTVSPost2010Prop53
 90
        2
102
RTVSPost2010PropOp53
 70
     0
102
RTVSPost2010Prop54
  1
strokes_ogs.tif
102
RTVSPost2010PropOp54
 70
     0
102
RTVSPost2010Prop55
280
     0
102
RTVSPost2010PropOp55
 70
     0
102
RTVSPost2010Prop56
140
1.0
102
RTVSPost2010PropOp56
 70
     0
102
RTVSPost2010Prop57
140
1.0
102
RTVSPost2010PropOp57
 70
     0
  0
XRECORD
  5
2F0
102
{ACAD_REACTORS
330
2EF
102
}
330
2EF
100
AcDbXrecord
280
     1
102
RTVSPost2010Prop28
280
     0
102
RTVSPost2010PropOp28
 70
     1
102
RTVSPost2010Prop29
280
     1
102
RTVSPost2010PropOp29
 70
     1
102
RTVSPost2010Prop30
280
     1
102
RTVSPost2010PropOp30
 70
     1
102
RTVSPost2010Prop31
280
     0
102
RTVSPost2010PropOp31
 70
     1
102
RTVSPost2010Prop32
280
     0
102
RTVSPost2010PropOp32
 70
     1
102
RTVSPost2010Prop33
280
     0
102
RTVSPost2010PropOp33
 70
     1
102
RTVSPost2010Prop34
280
     0
102
RTVSPost2010PropOp34
 70
     1
102
RTVSPost2010Prop35
280
     0
102
RTVSPost2010PropOp35
 70
     1
102
RTVSPost2010Prop36
280
     0
102
RTVSPost2010PropOp36
 70
     1
102
RTVSPost2010Prop37
 90
       50
102
RTVSPost2010PropOp37
 70
     1
102
RTVSPost2010Prop38
140
0.0
102
RTVSPost2010PropOp38
 70
     1
102
RTVSPost2010Prop39
140
1.0
102
RTVSPost2010PropOp39
 70
     1
102
RTVSPost2010Prop40
 90
        0
102
RTVSPost2010PropOp40
 70
     1
102
RTVSPost2010Prop41ColorIndex
 90
       18
102
RTVSPost2010Prop41ColorRGB
 90
        0
102
RTVSPost2010PropOp41
 70
     1
102
RTVSPost2010Prop42
 90
       50
102
RTVSPost2010PropOp42
 70
     1
102
RTVSPost2010Prop43
 90
        3
102
RTVSPost2010PropOp43
 70
     1
102
RTVSPost2010Prop44ColorIndex
 90
        5
102
RTVSPost2010Prop44ColorRGB
 90
      255
102
RTVSPost2010PropOp44
 70
     1
102
RTVSPost2010Prop45
280
     0
102
RTVSPost2010PropOp45
 70
     1
102
RTVSPost2010Prop46
 90
       50
102
RTVSPost2010PropOp46
 70
     1
102
RTVSPost2010Prop47
 90
       50
102
RTVSPost2010PropOp47
 70
     1
102
RTVSPost2010Prop48
 90
       50
102
RTVSPost2010PropOp48
 70
     1
102
RTVSPost2010Prop49
280
     0
102
RTVSPost2010PropOp49
 70
     1
102
RTVSPost2010Prop50
 90
       50
102
RTVSPost2010PropOp50
 70
     1
102
RTVSPost2010Prop51ColorIndex
 90
      256
102
RTVSPost2010Prop51ColorRGB
 90
-16777216
102
RTVSPost2010PropOp51
 70
     0
102
RTVSPost2010Prop52
140
1.0
102
RTVSPost2010PropOp52
 70
     0
102
RTVSPost2010Prop53
 90
        2
102
RTVSPost2010PropOp53
 70
     1
102
RTVSPost2010Prop54
  1
strokes_ogs.tif
102
RTVSPost2010PropOp54
 70
     1
102
RTVSPost2010Prop55
280
     0
102
RTVSPost2010PropOp55
 70
     1
102
RTVSPost2010Prop56
140
1.0
102
RTVSPost2010PropOp56
 70
     1
102
RTVSPost2010Prop57
140
1.0
102
RTVSPost2010PropOp57
 70
     1
  0
XRECORD
  5
2D4
102
{ACAD_REACTORS
330
2D3
102
}
330
2D3
100
AcDbXrecord
280
     1
102
RTVSPost2010Prop28
280
     0
102
RTVSPost2010PropOp28
 70
     1
102
RTVSPost2010Prop29
280
     1
102
RTVSPost2010PropOp29
 70
     1
102
RTVSPost2010Prop30
280
     1
102
RTVSPost2010PropOp30
 70
     1
102
RTVSPost2010Prop31
280
     0
102
RTVSPost2010PropOp31
 70
     1
102
RTVSPost2010Prop32
280
     0
102
RTVSPost2010PropOp32
 70
     1
102
RTVSPost2010Prop33
280
     0
102
RTVSPost2010PropOp33
 70
     1
102
RTVSPost2010Prop34
280
     0
102
RTVSPost2010PropOp34
 70
     1
102
RTVSPost2010Prop35
280
     0
102
RTVSPost2010PropOp35
 70
     1
102
RTVSPost2010Prop36
280
     0
102
RTVSPost2010PropOp36
 70
     1
102
RTVSPost2010Prop37
 90
       50
102
RTVSPost2010PropOp37
 70
     1
102
RTVSPost2010Prop38
140
0.0
102
RTVSPost2010PropOp38
 70
     1
102
RTVSPost2010Prop39
140
1.0
102
RTVSPost2010PropOp39
 70
     1
102
RTVSPost2010Prop40
 90
        0
102
RTVSPost2010PropOp40
 70
     1
102
RTVSPost2010Prop41ColorIndex
 90
       18
102
RTVSPost2010Prop41ColorRGB
 90
        0
102
RTVSPost2010PropOp41
 70
     1
102
RTVSPost2010Prop42
 90
       50
102
RTVSPost2010PropOp42
 70
     1
102
RTVSPost2010Prop43
 90
        3
102
RTVSPost2010PropOp43
 70
     1
102
RTVSPost2010Prop44ColorIndex
 90
        5
102
RTVSPost2010Prop44ColorRGB
 90
      255
102
RTVSPost2010PropOp44
 70
     1
102
RTVSPost2010Prop45
280
     0
102
RTVSPost2010PropOp45
 70
     1
102
RTVSPost2010Prop46
 90
       50
102
RTVSPost2010PropOp46
 70
     1
102
RTVSPost2010Prop47
 90
       50
102
RTVSPost2010PropOp47
 70
     1
102
RTVSPost2010Prop48
 90
       50
102
RTVSPost2010PropOp48
 70
     1
102
RTVSPost2010Prop49
280
     0
102
RTVSPost2010PropOp49
 70
     1
102
RTVSPost2010Prop50
 90
       50
102
RTVSPost2010PropOp50
 70
     1
102
RTVSPost2010Prop51ColorIndex
 90
      256
102
RTVSPost2010Prop51ColorRGB
 90
-16777216
102
RTVSPost2010PropOp51
 70
     0
102
RTVSPost2010Prop52
140
1.0
102
RTVSPost2010PropOp52
 70
     0
102
RTVSPost2010Prop53
 90
        2
102
RTVSPost2010PropOp53
 70
     1
102
RTVSPost2010Prop54
  1
strokes_ogs.tif
102
RTVSPost2010PropOp54
 70
     1
102
RTVSPost2010Prop55
280
     0
102
RTVSPost2010PropOp55
 70
     1
102
RTVSPost2010Prop56
140
1.0
102
RTVSPost2010PropOp56
 70
     1
102
RTVSPost2010Prop57
140
1.0
102
RTVSPost2010PropOp57
 70
     1
  0
XRECORD
  5
2D6
102
{ACAD_REACTORS
330
2D5
102
}
330
2D5
100
AcDbXrecord
280
     1
102
RTVSPost2010Prop28
280
     0
102
RTVSPost2010PropOp28
 70
     1
102
RTVSPost2010Prop29
280
     1
102
RTVSPost2010PropOp29
 70
     1
102
RTVSPost2010Prop30
280
     1
102
RTVSPost2010PropOp30
 70
     1
102
RTVSPost2010Prop31
280
     0
102
RTVSPost2010PropOp31
 70
     1
102
RTVSPost2010Prop32
280
     0
102
RTVSPost2010PropOp32
 70
     1
102
RTVSPost2010Prop33
280
     0
102
RTVSPost2010PropOp33
 70
     1
102
RTVSPost2010Prop34
280
     0
102
RTVSPost2010PropOp34
 70
     1
102
RTVSPost2010Prop35
280
     0
102
RTVSPost2010PropOp35
 70
     1
102
RTVSPost2010Prop36
280
     0
102
RTVSPost2010PropOp36
 70
     1
102
RTVSPost2010Prop37
 90
       50
102
RTVSPost2010PropOp37
 70
     1
102
RTVSPost2010Prop38
140
0.0
102
RTVSPost2010PropOp38
 70
     1
102
RTVSPost2010Prop39
140
1.0
102
RTVSPost2010PropOp39
 70
     1
102
RTVSPost2010Prop40
 90
        0
102
RTVSPost2010PropOp40
 70
     1
102
RTVSPost2010Prop41ColorIndex
 90
       18
102
RTVSPost2010Prop41ColorRGB
 90
        0
102
RTVSPost2010PropOp41
 70
     1
102
RTVSPost2010Prop42
 90
       50
102
RTVSPost2010PropOp42
 70
     1
102
RTVSPost2010Prop43
 90
        3
102
RTVSPost2010PropOp43
 70
     1
102
RTVSPost2010Prop44ColorIndex
 90
        5
102
RTVSPost2010Prop44ColorRGB
 90
      255
102
RTVSPost2010PropOp44
 70
     1
102
RTVSPost2010Prop45
280
     0
102
RTVSPost2010PropOp45
 70
     1
102
RTVSPost2010Prop46
 90
       50
102
RTVSPost2010PropOp46
 70
     1
102
RTVSPost2010Prop47
 90
       50
102
RTVSPost2010PropOp47
 70
     1
102
RTVSPost2010Prop48
 90
       50
102
RTVSPost2010PropOp48
 70
     1
102
RTVSPost2010Prop49
280
     0
102
RTVSPost2010PropOp49
 70
     1
102
RTVSPost2010Prop50
 90
       50
102
RTVSPost2010PropOp50
 70
     1
102
RTVSPost2010Prop51ColorIndex
 90
      256
102
RTVSPost2010Prop51ColorRGB
 90
-16777216
102
RTVSPost2010PropOp51
 70
     0
102
RTVSPost2010Prop52
140
1.0
102
RTVSPost2010PropOp52
 70
     0
102
RTVSPost2010Prop53
 90
        2
102
RTVSPost2010PropOp53
 70
     1
102
RTVSPost2010Prop54
  1
strokes_ogs.tif
102
RTVSPost2010PropOp54
 70
     1
102
RTVSPost2010Prop55
280
     0
102
RTVSPost2010PropOp55
 70
     1
102
RTVSPost2010Prop56
140
1.0
102
RTVSPost2010PropOp56
 70
     1
102
RTVSPost2010Prop57
140
1.0
102
RTVSPost2010PropOp57
 70
     1
  0
XRECORD
  5
2D8
102
{ACAD_REACTORS
330
2D7
102
}
330
2D7
100
AcDbXrecord
280
     1
102
RTVSPost2010Prop28
280
     0
102
RTVSPost2010PropOp28
 70
     1
102
RTVSPost2010Prop29
280
     1
102
RTVSPost2010PropOp29
 70
     1
102
RTVSPost2010Prop30
280
     1
102
RTVSPost2010PropOp30
 70
     1
102
RTVSPost2010Prop31
280
     0
102
RTVSPost2010PropOp31
 70
     1
102
RTVSPost2010Prop32
280
     0
102
RTVSPost2010PropOp32
 70
     1
102
RTVSPost2010Prop33
280
     0
102
RTVSPost2010PropOp33
 70
     1
102
RTVSPost2010Prop34
280
     0
102
RTVSPost2010PropOp34
 70
     1
102
RTVSPost2010Prop35
280
     0
102
RTVSPost2010PropOp35
 70
     1
102
RTVSPost2010Prop36
280
     0
102
RTVSPost2010PropOp36
 70
     1
102
RTVSPost2010Prop37
 90
       50
102
RTVSPost2010PropOp37
 70
     1
102
RTVSPost2010Prop38
140
0.0
102
RTVSPost2010PropOp38
 70
     1
102
RTVSPost2010Prop39
140
1.0
102
RTVSPost2010PropOp39
 70
     1
102
RTVSPost2010Prop40
 90
        0
102
RTVSPost2010PropOp40
 70
     1
102
RTVSPost2010Prop41ColorIndex
 90
       18
102
RTVSPost2010Prop41ColorRGB
 90
        0
102
RTVSPost2010PropOp41
 70
     1
102
RTVSPost2010Prop42
 90
       50
102
RTVSPost2010PropOp42
 70
     1
102
RTVSPost2010Prop43
 90
        3
102
RTVSPost2010PropOp43
 70
     1
102
RTVSPost2010Prop44ColorIndex
 90
        5
102
RTVSPost2010Prop44ColorRGB
 90
      255
102
RTVSPost2010PropOp44
 70
     1
102
RTVSPost2010Prop45
280
     0
102
RTVSPost2010PropOp45
 70
     1
102
RTVSPost2010Prop46
 90
       50
102
RTVSPost2010PropOp46
 70
     1
102
RTVSPost2010Prop47
 90
       50
102
RTVSPost2010PropOp47
 70
     1
102
RTVSPost2010Prop48
 90
       50
102
RTVSPost2010PropOp48
 70
     1
102
RTVSPost2010Prop49
280
     0
102
RTVSPost2010PropOp49
 70
     1
102
RTVSPost2010Prop50
 90
       50
102
RTVSPost2010PropOp50
 70
     1
102
RTVSPost2010Prop51ColorIndex
 90
      256
102
RTVSPost2010Prop51ColorRGB
 90
-16777216
102
RTVSPost2010PropOp51
 70
     0
102
RTVSPost2010Prop52
140
1.0
102
RTVSPost2010PropOp52
 70
     0
102
RTVSPost2010Prop53
 90
        2
102
RTVSPost2010PropOp53
 70
     1
102
RTVSPost2010Prop54
  1
strokes_ogs.tif
102
RTVSPost2010PropOp54
 70
     1
102
RTVSPost2010Prop55
280
     0
102
RTVSPost2010PropOp55
 70
     1
102
RTVSPost2010Prop56
140
1.0
102
RTVSPost2010PropOp56
 70
     1
102
RTVSPost2010Prop57
140
1.0
102
RTVSPost2010PropOp57
 70
     1
  0
XRECORD
  5
2DA
102
{ACAD_REACTORS
330
2D9
102
}
330
2D9
100
AcDbXrecord
280
     1
102
RTVSPost2010Prop28
280
     0
102
RTVSPost2010PropOp28
 70
     1
102
RTVSPost2010Prop29
280
     1
102
RTVSPost2010PropOp29
 70
     1
102
RTVSPost2010Prop30
280
     1
102
RTVSPost2010PropOp30
 70
     1
102
RTVSPost2010Prop31
280
     0
102
RTVSPost2010PropOp31
 70
     1
102
RTVSPost2010Prop32
280
     0
102
RTVSPost2010PropOp32
 70
     1
102
RTVSPost2010Prop33
280
     0
102
RTVSPost2010PropOp33
 70
     1
102
RTVSPost2010Prop34
280
     0
102
RTVSPost2010PropOp34
 70
     1
102
RTVSPost2010Prop35
280
     0
102
RTVSPost2010PropOp35
 70
     1
102
RTVSPost2010Prop36
280
     0
102
RTVSPost2010PropOp36
 70
     1
102
RTVSPost2010Prop37
 90
       50
102
RTVSPost2010PropOp37
 70
     1
102
RTVSPost2010Prop38
140
0.0
102
RTVSPost2010PropOp38
 70
     1
102
RTVSPost2010Prop39
140
1.0
102
RTVSPost2010PropOp39
 70
     1
102
RTVSPost2010Prop40
 90
        0
102
RTVSPost2010PropOp40
 70
     1
102
RTVSPost2010Prop41ColorIndex
 90
       18
102
RTVSPost2010Prop41ColorRGB
 90
        0
102
RTVSPost2010PropOp41
 70
     1
102
RTVSPost2010Prop42
 90
       50
102
RTVSPost2010PropOp42
 70
     1
102
RTVSPost2010Prop43
 90
        3
102
RTVSPost2010PropOp43
 70
     1
102
RTVSPost2010Prop44ColorIndex
 90
        5
102
RTVSPost2010Prop44ColorRGB
 90
      255
102
RTVSPost2010PropOp44
 70
     1
102
RTVSPost2010Prop45
280
     0
102
RTVSPost2010PropOp45
 70
     1
102
RTVSPost2010Prop46
 90
       50
102
RTVSPost2010PropOp46
 70
     1
102
RTVSPost2010Prop47
 90
       50
102
RTVSPost2010PropOp47
 70
     1
102
RTVSPost2010Prop48
 90
       50
102
RTVSPost2010PropOp48
 70
     1
102
RTVSPost2010Prop49
280
     0
102
RTVSPost2010PropOp49
 70
     1
102
RTVSPost2010Prop50
 90
       50
102
RTVSPost2010PropOp50
 70
     1
102
RTVSPost2010Prop51ColorIndex
 90
      256
102
RTVSPost2010Prop51ColorRGB
 90
-16777216
102
RTVSPost2010PropOp51
 70
     0
102
RTVSPost2010Prop52
140
1.0
102
RTVSPost2010PropOp52
 70
     0
102
RTVSPost2010Prop53
 90
        2
102
RTVSPost2010PropOp53
 70
     1
102
RTVSPost2010Prop54
  1
strokes_ogs.tif
102
RTVSPost2010PropOp54
 70
     1
102
RTVSPost2010Prop55
280
     0
102
RTVSPost2010PropOp55
 70
     1
102
RTVSPost2010Prop56
140
1.0
102
RTVSPost2010PropOp56
 70
     1
102
RTVSPost2010Prop57
140
1.0
102
RTVSPost2010PropOp57
 70
     1
  0
XRECORD
  5
2E0
102
{ACAD_REACTORS
330
2DF
102
}
330
2DF
100
AcDbXrecord
280
     1
102
RTVSPost2010Prop28
280
     0
102
RTVSPost2010PropOp28
 70
     1
102
RTVSPost2010Prop29
280
     1
102
RTVSPost2010PropOp29
 70
     1
102
RTVSPost2010Prop30
280
     1
102
RTVSPost2010PropOp30
 70
     1
102
RTVSPost2010Prop31
280
     0
102
RTVSPost2010PropOp31
 70
     1
102
RTVSPost2010Prop32
280
     0
102
RTVSPost2010PropOp32
 70
     1
102
RTVSPost2010Prop33
280
     0
102
RTVSPost2010PropOp33
 70
     1
102
RTVSPost2010Prop34
280
     0
102
RTVSPost2010PropOp34
 70
     1
102
RTVSPost2010Prop35
280
     0
102
RTVSPost2010PropOp35
 70
     1
102
RTVSPost2010Prop36
280
     0
102
RTVSPost2010PropOp36
 70
     1
102
RTVSPost2010Prop37
 90
       50
102
RTVSPost2010PropOp37
 70
     1
102
RTVSPost2010Prop38
140
0.0
102
RTVSPost2010PropOp38
 70
     1
102
RTVSPost2010Prop39
140
1.0
102
RTVSPost2010PropOp39
 70
     1
102
RTVSPost2010Prop40
 90
        0
102
RTVSPost2010PropOp40
 70
     1
102
RTVSPost2010Prop41ColorIndex
 90
       18
102
RTVSPost2010Prop41ColorRGB
 90
        0
102
RTVSPost2010PropOp41
 70
     1
102
RTVSPost2010Prop42
 90
       50
102
RTVSPost2010PropOp42
 70
     1
102
RTVSPost2010Prop43
 90
        3
102
RTVSPost2010PropOp43
 70
     1
102
RTVSPost2010Prop44ColorIndex
 90
        5
102
RTVSPost2010Prop44ColorRGB
 90
      255
102
RTVSPost2010PropOp44
 70
     1
102
RTVSPost2010Prop45
280
     0
102
RTVSPost2010PropOp45
 70
     1
102
RTVSPost2010Prop46
 90
       50
102
RTVSPost2010PropOp46
 70
     1
102
RTVSPost2010Prop47
 90
       50
102
RTVSPost2010PropOp47
 70
     1
102
RTVSPost2010Prop48
 90
       50
102
RTVSPost2010PropOp48
 70
     1
102
RTVSPost2010Prop49
280
     0
102
RTVSPost2010PropOp49
 70
     1
102
RTVSPost2010Prop50
 90
       50
102
RTVSPost2010PropOp50
 70
     1
102
RTVSPost2010Prop51ColorIndex
 90
      256
102
RTVSPost2010Prop51ColorRGB
 90
-16777216
102
RTVSPost2010PropOp51
 70
     0
102
RTVSPost2010Prop52
140
1.0
102
RTVSPost2010PropOp52
 70
     0
102
RTVSPost2010Prop53
 90
        2
102
RTVSPost2010PropOp53
 70
     1
102
RTVSPost2010Prop54
  1
strokes_ogs.tif
102
RTVSPost2010PropOp54
 70
     1
102
RTVSPost2010Prop55
280
     0
102
RTVSPost2010PropOp55
 70
     1
102
RTVSPost2010Prop56
140
1.0
102
RTVSPost2010PropOp56
 70
     1
102
RTVSPost2010Prop57
140
1.0
102
RTVSPost2010PropOp57
 70
     1
  0
XRECORD
  5
2F4
102
{ACAD_REACTORS
330
2F3
102
}
330
2F3
100
AcDbXrecord
280
     1
102
RTVSPost2010Prop28
280
     0
102
RTVSPost2010PropOp28
 70
     0
102
RTVSPost2010Prop29
280
     1
102
RTVSPost2010PropOp29
 70
     0
102
RTVSPost2010Prop30
280
     1
102
RTVSPost2010PropOp30
 70
     0
102
RTVSPost2010Prop31
280
     0
102
RTVSPost2010PropOp31
 70
     0
102
RTVSPost2010Prop32
280
     0
102
RTVSPost2010PropOp32
 70
     0
102
RTVSPost2010Prop33
280
     0
102
RTVSPost2010PropOp33
 70
     0
102
RTVSPost2010Prop34
280
     0
102
RTVSPost2010PropOp34
 70
     0
102
RTVSPost2010Prop35
280
     0
102
RTVSPost2010PropOp35
 70
     0
102
RTVSPost2010Prop36
280
     0
102
RTVSPost2010PropOp36
 70
     0
102
RTVSPost2010Prop37
 90
       50
102
RTVSPost2010PropOp37
 70
     0
102
RTVSPost2010Prop38
140
0.0
102
RTVSPost2010PropOp38
 70
     0
102
RTVSPost2010Prop39
140
1.0
102
RTVSPost2010PropOp39
 70
     0
102
RTVSPost2010Prop40
 90
        0
102
RTVSPost2010PropOp40
 70
     0
102
RTVSPost2010Prop41ColorIndex
 90
       18
102
RTVSPost2010Prop41ColorRGB
 90
        0
102
RTVSPost2010PropOp41
 70
     0
102
RTVSPost2010Prop42
 90
       50
102
RTVSPost2010PropOp42
 70
     0
102
RTVSPost2010Prop43
 90
        3
102
RTVSPost2010PropOp43
 70
     0
102
RTVSPost2010Prop44ColorIndex
 90
        5
102
RTVSPost2010Prop44ColorRGB
 90
      255
102
RTVSPost2010PropOp44
 70
     0
102
RTVSPost2010Prop45
280
     0
102
RTVSPost2010PropOp45
 70
     0
102
RTVSPost2010Prop46
 90
       50
102
RTVSPost2010PropOp46
 70
     0
102
RTVSPost2010Prop47
 90
       50
102
RTVSPost2010PropOp47
 70
     0
102
RTVSPost2010Prop48
 90
       50
102
RTVSPost2010PropOp48
 70
     0
102
RTVSPost2010Prop49
280
     0
102
RTVSPost2010PropOp49
 70
     0
102
RTVSPost2010Prop50
 90
       50
102
RTVSPost2010PropOp50
 70
     0
102
RTVSPost2010Prop51ColorIndex
 90
      256
102
RTVSPost2010Prop51ColorRGB
 90
-16777216
102
RTVSPost2010PropOp51
 70
     0
102
RTVSPost2010Prop52
140
1.0
102
RTVSPost2010PropOp52
 70
     0
102
RTVSPost2010Prop53
 90
        2
102
RTVSPost2010PropOp53
 70
     0
102
RTVSPost2010Prop54
  1
strokes_ogs.tif
102
RTVSPost2010PropOp54
 70
     0
102
RTVSPost2010Prop55
280
     0
102
RTVSPost2010PropOp55
 70
     0
102
RTVSPost2010Prop56
140
1.0
102
RTVSPost2010PropOp56
 70
     0
102
RTVSPost2010Prop57
140
1.0
102
RTVSPost2010PropOp57
 70
     0
  0
XRECORD
  5
2EE
102
{ACAD_REACTORS
330
2ED
102
}
330
2ED
100
AcDbXrecord
280
     1
102
RTVSPost2010Prop28
280
     0
102
RTVSPost2010PropOp28
 70
     1
102
RTVSPost2010Prop29
280
     1
102
RTVSPost2010PropOp29
 70
     1
102
RTVSPost2010Prop30
280
     1
102
RTVSPost2010PropOp30
 70
     1
102
RTVSPost2010Prop31
280
     0
102
RTVSPost2010PropOp31
 70
     1
102
RTVSPost2010Prop32
280
     0
102
RTVSPost2010PropOp32
 70
     1
102
RTVSPost2010Prop33
280
     0
102
RTVSPost2010PropOp33
 70
     1
102
RTVSPost2010Prop34
280
     0
102
RTVSPost2010PropOp34
 70
     1
102
RTVSPost2010Prop35
280
     0
102
RTVSPost2010PropOp35
 70
     1
102
RTVSPost2010Prop36
280
     0
102
RTVSPost2010PropOp36
 70
     1
102
RTVSPost2010Prop37
 90
       50
102
RTVSPost2010PropOp37
 70
     1
102
RTVSPost2010Prop38
140
0.0
102
RTVSPost2010PropOp38
 70
     1
102
RTVSPost2010Prop39
140
1.0
102
RTVSPost2010PropOp39
 70
     1
102
RTVSPost2010Prop40
 90
        0
102
RTVSPost2010PropOp40
 70
     1
102
RTVSPost2010Prop41ColorIndex
 90
       18
102
RTVSPost2010Prop41ColorRGB
 90
        0
102
RTVSPost2010PropOp41
 70
     1
102
RTVSPost2010Prop42
 90
       50
102
RTVSPost2010PropOp42
 70
     1
102
RTVSPost2010Prop43
 90
        3
102
RTVSPost2010PropOp43
 70
     1
102
RTVSPost2010Prop44ColorIndex
 90
        5
102
RTVSPost2010Prop44ColorRGB
 90
      255
102
RTVSPost2010PropOp44
 70
     1
102
RTVSPost2010Prop45
280
     0
102
RTVSPost2010PropOp45
 70
     1
102
RTVSPost2010Prop46
 90
       50
102
RTVSPost2010PropOp46
 70
     1
102
RTVSPost2010Prop47
 90
       50
102
RTVSPost2010PropOp47
 70
     1
102
RTVSPost2010Prop48
 90
       50
102
RTVSPost2010PropOp48
 70
     1
102
RTVSPost2010Prop49
280
     0
102
RTVSPost2010PropOp49
 70
     1
102
RTVSPost2010Prop50
 90
       50
102
RTVSPost2010PropOp50
 70
     1
102
RTVSPost2010Prop51ColorIndex
 90
      256
102
RTVSPost2010Prop51ColorRGB
 90
-16777216
102
RTVSPost2010PropOp51
 70
     0
102
RTVSPost2010Prop52
140
1.0
102
RTVSPost2010PropOp52
 70
     0
102
RTVSPost2010Prop53
 90
        2
102
RTVSPost2010PropOp53
 70
     1
102
RTVSPost2010Prop54
  1
strokes_ogs.tif
102
RTVSPost2010PropOp54
 70
     1
102
RTVSPost2010Prop55
280
     0
102
RTVSPost2010PropOp55
 70
     1
102
RTVSPost2010Prop56
140
1.0
102
RTVSPost2010PropOp56
 70
     1
102
RTVSPost2010Prop57
140
1.0
102
RTVSPost2010PropOp57
 70
     1
  0
XRECORD
  5
2F6
102
{ACAD_REACTORS
330
2F5
102
}
330
2F5
100
AcDbXrecord
280
     1
102
RTVSPost2010Prop28
280
     0
102
RTVSPost2010PropOp28
 70
     0
102
RTVSPost2010Prop29
280
     1
102
RTVSPost2010PropOp29
 70
     0
102
RTVSPost2010Prop30
280
     1
102
RTVSPost2010PropOp30
 70
     0
102
RTVSPost2010Prop31
280
     0
102
RTVSPost2010PropOp31
 70
     0
102
RTVSPost2010Prop32
280
     0
102
RTVSPost2010PropOp32
 70
     0
102
RTVSPost2010Prop33
280
     0
102
RTVSPost2010PropOp33
 70
     0
102
RTVSPost2010Prop34
280
     0
102
RTVSPost2010PropOp34
 70
     0
102
RTVSPost2010Prop35
280
     0
102
RTVSPost2010PropOp35
 70
     0
102
RTVSPost2010Prop36
280
     0
102
RTVSPost2010PropOp36
 70
     0
102
RTVSPost2010Prop37
 90
       50
102
RTVSPost2010PropOp37
 70
     0
102
RTVSPost2010Prop38
140
0.0
102
RTVSPost2010PropOp38
 70
     0
102
RTVSPost2010Prop39
140
1.0
102
RTVSPost2010PropOp39
 70
     0
102
RTVSPost2010Prop40
 90
        0
102
RTVSPost2010PropOp40
 70
     0
102
RTVSPost2010Prop41ColorIndex
 90
       18
102
RTVSPost2010Prop41ColorRGB
 90
        0
102
RTVSPost2010PropOp41
 70
     0
102
RTVSPost2010Prop42
 90
       50
102
RTVSPost2010PropOp42
 70
     0
102
RTVSPost2010Prop43
 90
        3
102
RTVSPost2010PropOp43
 70
     0
102
RTVSPost2010Prop44ColorIndex
 90
        5
102
RTVSPost2010Prop44ColorRGB
 90
      255
102
RTVSPost2010PropOp44
 70
     0
102
RTVSPost2010Prop45
280
     0
102
RTVSPost2010PropOp45
 70
     0
102
RTVSPost2010Prop46
 90
       50
102
RTVSPost2010PropOp46
 70
     0
102
RTVSPost2010Prop47
 90
       50
102
RTVSPost2010PropOp47
 70
     0
102
RTVSPost2010Prop48
 90
       50
102
RTVSPost2010PropOp48
 70
     0
102
RTVSPost2010Prop49
280
     0
102
RTVSPost2010PropOp49
 70
     0
102
RTVSPost2010Prop50
 90
       50
102
RTVSPost2010PropOp50
 70
     0
102
RTVSPost2010Prop51ColorIndex
 90
      256
102
RTVSPost2010Prop51ColorRGB
 90
-16777216
102
RTVSPost2010PropOp51
 70
     0
102
RTVSPost2010Prop52
140
1.0
102
RTVSPost2010PropOp52
 70
     0
102
RTVSPost2010Prop53
 90
        2
102
RTVSPost2010PropOp53
 70
     0
102
RTVSPost2010Prop54
  1
strokes_ogs.tif
102
RTVSPost2010PropOp54
 70
     0
102
RTVSPost2010Prop55
280
     0
102
RTVSPost2010PropOp55
 70
     0
102
RTVSPost2010Prop56
140
1.0
102
RTVSPost2010PropOp56
 70
     0
102
RTVSPost2010Prop57
140
1.0
102
RTVSPost2010PropOp57
 70
     0
  0
XRECORD
  5
2E4
102
{ACAD_REACTORS
330
2E3
102
}
330
2E3
100
AcDbXrecord
280
     1
102
RTVSPost2010Prop28
280
     0
102
RTVSPost2010PropOp28
 70
     1
102
RTVSPost2010Prop29
280
     1
102
RTVSPost2010PropOp29
 70
     1
102
RTVSPost2010Prop30
280
     1
102
RTVSPost2010PropOp30
 70
     1
102
RTVSPost2010Prop31
280
     0
102
RTVSPost2010PropOp31
 70
     1
102
RTVSPost2010Prop32
280
     0
102
RTVSPost2010PropOp32
 70
     1
102
RTVSPost2010Prop33
280
     0
102
RTVSPost2010PropOp33
 70
     1
102
RTVSPost2010Prop34
280
     0
102
RTVSPost2010PropOp34
 70
     1
102
RTVSPost2010Prop35
280
     0
102
RTVSPost2010PropOp35
 70
     1
102
RTVSPost2010Prop36
280
     0
102
RTVSPost2010PropOp36
 70
     1
102
RTVSPost2010Prop37
 90
       50
102
RTVSPost2010PropOp37
 70
     1
102
RTVSPost2010Prop38
140
0.0
102
RTVSPost2010PropOp38
 70
     1
102
RTVSPost2010Prop39
140
1.0
102
RTVSPost2010PropOp39
 70
     1
102
RTVSPost2010Prop40
 90
        0
102
RTVSPost2010PropOp40
 70
     1
102
RTVSPost2010Prop41ColorIndex
 90
       18
102
RTVSPost2010Prop41ColorRGB
 90
        0
102
RTVSPost2010PropOp41
 70
     1
102
RTVSPost2010Prop42
 90
       50
102
RTVSPost2010PropOp42
 70
     1
102
RTVSPost2010Prop43
 90
        3
102
RTVSPost2010PropOp43
 70
     1
102
RTVSPost2010Prop44ColorIndex
 90
        5
102
RTVSPost2010Prop44ColorRGB
 90
      255
102
RTVSPost2010PropOp44
 70
     1
102
RTVSPost2010Prop45
280
     0
102
RTVSPost2010PropOp45
 70
     1
102
RTVSPost2010Prop46
 90
       50
102
RTVSPost2010PropOp46
 70
     1
102
RTVSPost2010Prop47
 90
       50
102
RTVSPost2010PropOp47
 70
     1
102
RTVSPost2010Prop48
 90
       50
102
RTVSPost2010PropOp48
 70
     1
102
RTVSPost2010Prop49
280
     0
102
RTVSPost2010PropOp49
 70
     1
102
RTVSPost2010Prop50
 90
       50
102
RTVSPost2010PropOp50
 70
     1
102
RTVSPost2010Prop51ColorIndex
 90
      256
102
RTVSPost2010Prop51ColorRGB
 90
-16777216
102
RTVSPost2010PropOp51
 70
     0
102
RTVSPost2010Prop52
140
1.0
102
RTVSPost2010PropOp52
 70
     0
102
RTVSPost2010Prop53
 90
        2
102
RTVSPost2010PropOp53
 70
     1
102
RTVSPost2010Prop54
  1
strokes_ogs.tif
102
RTVSPost2010PropOp54
 70
     1
102
RTVSPost2010Prop55
280
     0
102
RTVSPost2010PropOp55
 70
     1
102
RTVSPost2010Prop56
140
1.0
102
RTVSPost2010PropOp56
 70
     1
102
RTVSPost2010Prop57
140
1.0
102
RTVSPost2010PropOp57
 70
     1
  0
XRECORD
  5
302
102
{ACAD_REACTORS
330
301
102
}
330
301
100
AcDbXrecord
280
     1
102
RTVSPost2010Prop28
280
     0
102
RTVSPost2010PropOp28
 70
     1
102
RTVSPost2010Prop29
280
     1
102
RTVSPost2010PropOp29
 70
     1
102
RTVSPost2010Prop30
280
     1
102
RTVSPost2010PropOp30
 70
     1
102
RTVSPost2010Prop31
280
     0
102
RTVSPost2010PropOp31
 70
     1
102
RTVSPost2010Prop32
280
     0
102
RTVSPost2010PropOp32
 70
     1
102
RTVSPost2010Prop33
280
     0
102
RTVSPost2010PropOp33
 70
     1
102
RTVSPost2010Prop34
280
     0
102
RTVSPost2010PropOp34
 70
     1
102
RTVSPost2010Prop35
280
     0
102
RTVSPost2010PropOp35
 70
     1
102
RTVSPost2010Prop36
280
     0
102
RTVSPost2010PropOp36
 70
     1
102
RTVSPost2010Prop37
 90
       50
102
RTVSPost2010PropOp37
 70
     1
102
RTVSPost2010Prop38
140
0.0
102
RTVSPost2010PropOp38
 70
     1
102
RTVSPost2010Prop39
140
1.0
102
RTVSPost2010PropOp39
 70
     1
102
RTVSPost2010Prop40
 90
        0
102
RTVSPost2010PropOp40
 70
     1
102
RTVSPost2010Prop41ColorIndex
 90
       18
102
RTVSPost2010Prop41ColorRGB
 90
        0
102
RTVSPost2010PropOp41
 70
     1
102
RTVSPost2010Prop42
 90
       50
102
RTVSPost2010PropOp42
 70
     1
102
RTVSPost2010Prop43
 90
        3
102
RTVSPost2010PropOp43
 70
     1
102
RTVSPost2010Prop44ColorIndex
 90
        5
102
RTVSPost2010Prop44ColorRGB
 90
      255
102
RTVSPost2010PropOp44
 70
     1
102
RTVSPost2010Prop45
280
     0
102
RTVSPost2010PropOp45
 70
     1
102
RTVSPost2010Prop46
 90
       50
102
RTVSPost2010PropOp46
 70
     1
102
RTVSPost2010Prop47
 90
       50
102
RTVSPost2010PropOp47
 70
     1
102
RTVSPost2010Prop48
 90
       50
102
RTVSPost2010PropOp48
 70
     1
102
RTVSPost2010Prop49
280
     0
102
RTVSPost2010PropOp49
 70
     1
102
RTVSPost2010Prop50
 90
       50
102
RTVSPost2010PropOp50
 70
     1
102
RTVSPost2010Prop51ColorIndex
 90
      256
102
RTVSPost2010Prop51ColorRGB
 90
-16777216
102
RTVSPost2010PropOp51
 70
     0
102
RTVSPost2010Prop52
140
1.0
102
RTVSPost2010PropOp52
 70
     0
102
RTVSPost2010Prop53
 90
        2
102
RTVSPost2010PropOp53
 70
     1
102
RTVSPost2010Prop54
  1
strokes_ogs.tif
102
RTVSPost2010PropOp54
 70
     1
102
RTVSPost2010Prop55
280
     0
102
RTVSPost2010PropOp55
 70
     1
102
RTVSPost2010Prop56
140
1.0
102
RTVSPost2010PropOp56
 70
     1
102
RTVSPost2010Prop57
140
1.0
102
RTVSPost2010PropOp57
 70
     1
  0
XRECORD
  5
300
102
{ACAD_REACTORS
330
2FF
102
}
330
2FF
100
AcDbXrecord
280
     1
102
RTVSPost2010Prop28
280
     0
102
RTVSPost2010PropOp28
 70
     1
102
RTVSPost2010Prop29
280
     1
102
RTVSPost2010PropOp29
 70
     1
102
RTVSPost2010Prop30
280
     1
102
RTVSPost2010PropOp30
 70
     1
102
RTVSPost2010Prop31
280
     0
102
RTVSPost2010PropOp31
 70
     1
102
RTVSPost2010Prop32
280
     0
102
RTVSPost2010PropOp32
 70
     1
102
RTVSPost2010Prop33
280
     0
102
RTVSPost2010PropOp33
 70
     1
102
RTVSPost2010Prop34
280
     0
102
RTVSPost2010PropOp34
 70
     1
102
RTVSPost2010Prop35
280
     0
102
RTVSPost2010PropOp35
 70
     1
102
RTVSPost2010Prop36
280
     0
102
RTVSPost2010PropOp36
 70
     1
102
RTVSPost2010Prop37
 90
       50
102
RTVSPost2010PropOp37
 70
     1
102
RTVSPost2010Prop38
140
0.0
102
RTVSPost2010PropOp38
 70
     1
102
RTVSPost2010Prop39
140
1.0
102
RTVSPost2010PropOp39
 70
     1
102
RTVSPost2010Prop40
 90
        0
102
RTVSPost2010PropOp40
 70
     1
102
RTVSPost2010Prop41ColorIndex
 90
       18
102
RTVSPost2010Prop41ColorRGB
 90
        0
102
RTVSPost2010PropOp41
 70
     1
102
RTVSPost2010Prop42
 90
       50
102
RTVSPost2010PropOp42
 70
     1
102
RTVSPost2010Prop43
 90
        3
102
RTVSPost2010PropOp43
 70
     1
102
RTVSPost2010Prop44ColorIndex
 90
        5
102
RTVSPost2010Prop44ColorRGB
 90
      255
102
RTVSPost2010PropOp44
 70
     1
102
RTVSPost2010Prop45
280
     0
102
RTVSPost2010PropOp45
 70
     1
102
RTVSPost2010Prop46
 90
       50
102
RTVSPost2010PropOp46
 70
     1
102
RTVSPost2010Prop47
 90
       50
102
RTVSPost2010PropOp47
 70
     1
102
RTVSPost2010Prop48
 90
       50
102
RTVSPost2010PropOp48
 70
     1
102
RTVSPost2010Prop49
280
     0
102
RTVSPost2010PropOp49
 70
     1
102
RTVSPost2010Prop50
 90
       50
102
RTVSPost2010PropOp50
 70
     1
102
RTVSPost2010Prop51ColorIndex
 90
      256
102
RTVSPost2010Prop51ColorRGB
 90
-16777216
102
RTVSPost2010PropOp51
 70
     0
102
RTVSPost2010Prop52
140
1.0
102
RTVSPost2010PropOp52
 70
     0
102
RTVSPost2010Prop53
 90
        2
102
RTVSPost2010PropOp53
 70
     1
102
RTVSPost2010Prop54
  1
strokes_ogs.tif
102
RTVSPost2010PropOp54
 70
     1
102
RTVSPost2010Prop55
280
     0
102
RTVSPost2010PropOp55
 70
     1
102
RTVSPost2010Prop56
140
1.0
102
RTVSPost2010PropOp56
 70
     1
102
RTVSPost2010Prop57
140
1.0
102
RTVSPost2010PropOp57
 70
     1
  0
XRECORD
  5
2FA
102
{ACAD_REACTORS
330
2F9
102
}
330
2F9
100
AcDbXrecord
280
     1
102
RTVSPost2010Prop28
280
     0
102
RTVSPost2010PropOp28
 70
     1
102
RTVSPost2010Prop29
280
     1
102
RTVSPost2010PropOp29
 70
     1
102
RTVSPost2010Prop30
280
     1
102
RTVSPost2010PropOp30
 70
     1
102
RTVSPost2010Prop31
280
     0
102
RTVSPost2010PropOp31
 70
     1
102
RTVSPost2010Prop32
280
     0
102
RTVSPost2010PropOp32
 70
     1
102
RTVSPost2010Prop33
280
     0
102
RTVSPost2010PropOp33
 70
     1
102
RTVSPost2010Prop34
280
     0
102
RTVSPost2010PropOp34
 70
     1
102
RTVSPost2010Prop35
280
     0
102
RTVSPost2010PropOp35
 70
     1
102
RTVSPost2010Prop36
280
     0
102
RTVSPost2010PropOp36
 70
     1
102
RTVSPost2010Prop37
 90
       50
102
RTVSPost2010PropOp37
 70
     1
102
RTVSPost2010Prop38
140
0.0
102
RTVSPost2010PropOp38
 70
     1
102
RTVSPost2010Prop39
140
1.0
102
RTVSPost2010PropOp39
 70
     1
102
RTVSPost2010Prop40
 90
        0
102
RTVSPost2010PropOp40
 70
     1
102
RTVSPost2010Prop41ColorIndex
 90
       18
102
RTVSPost2010Prop41ColorRGB
 90
        0
102
RTVSPost2010PropOp41
 70
     1
102
RTVSPost2010Prop42
 90
       50
102
RTVSPost2010PropOp42
 70
     1
102
RTVSPost2010Prop43
 90
        3
102
RTVSPost2010PropOp43
 70
     1
102
RTVSPost2010Prop44ColorIndex
 90
        5
102
RTVSPost2010Prop44ColorRGB
 90
      255
102
RTVSPost2010PropOp44
 70
     1
102
RTVSPost2010Prop45
280
     0
102
RTVSPost2010PropOp45
 70
     1
102
RTVSPost2010Prop46
 90
       50
102
RTVSPost2010PropOp46
 70
     1
102
RTVSPost2010Prop47
 90
       50
102
RTVSPost2010PropOp47
 70
     1
102
RTVSPost2010Prop48
 90
       50
102
RTVSPost2010PropOp48
 70
     1
102
RTVSPost2010Prop49
280
     0
102
RTVSPost2010PropOp49
 70
     1
102
RTVSPost2010Prop50
 90
       50
102
RTVSPost2010PropOp50
 70
     1
102
RTVSPost2010Prop51ColorIndex
 90
      256
102
RTVSPost2010Prop51ColorRGB
 90
-16777216
102
RTVSPost2010PropOp51
 70
     0
102
RTVSPost2010Prop52
140
1.0
102
RTVSPost2010PropOp52
 70
     0
102
RTVSPost2010Prop53
 90
        2
102
RTVSPost2010PropOp53
 70
     1
102
RTVSPost2010Prop54
  1
strokes_ogs.tif
102
RTVSPost2010PropOp54
 70
     1
102
RTVSPost2010Prop55
280
     0
102
RTVSPost2010PropOp55
 70
     1
102
RTVSPost2010Prop56
140
1.0
102
RTVSPost2010PropOp56
 70
     1
102
RTVSPost2010Prop57
140
1.0
102
RTVSPost2010PropOp57
 70
     1
  0
XRECORD
  5
2FC
102
{ACAD_REACTORS
330
2FB
102
}
330
2FB
100
AcDbXrecord
280
     1
102
RTVSPost2010Prop28
280
     0
102
RTVSPost2010PropOp28
 70
     1
102
RTVSPost2010Prop29
280
     1
102
RTVSPost2010PropOp29
 70
     1
102
RTVSPost2010Prop30
280
     1
102
RTVSPost2010PropOp30
 70
     1
102
RTVSPost2010Prop31
280
     0
102
RTVSPost2010PropOp31
 70
     1
102
RTVSPost2010Prop32
280
     0
102
RTVSPost2010PropOp32
 70
     1
102
RTVSPost2010Prop33
280
     0
102
RTVSPost2010PropOp33
 70
     1
102
RTVSPost2010Prop34
280
     0
102
RTVSPost2010PropOp34
 70
     1
102
RTVSPost2010Prop35
280
     0
102
RTVSPost2010PropOp35
 70
     1
102
RTVSPost2010Prop36
280
     0
102
RTVSPost2010PropOp36
 70
     1
102
RTVSPost2010Prop37
 90
       50
102
RTVSPost2010PropOp37
 70
     1
102
RTVSPost2010Prop38
140
0.0
102
RTVSPost2010PropOp38
 70
     1
102
RTVSPost2010Prop39
140
1.0
102
RTVSPost2010PropOp39
 70
     1
102
RTVSPost2010Prop40
 90
        0
102
RTVSPost2010PropOp40
 70
     1
102
RTVSPost2010Prop41ColorIndex
 90
       18
102
RTVSPost2010Prop41ColorRGB
 90
        0
102
RTVSPost2010PropOp41
 70
     1
102
RTVSPost2010Prop42
 90
       50
102
RTVSPost2010PropOp42
 70
     1
102
RTVSPost2010Prop43
 90
        3
102
RTVSPost2010PropOp43
 70
     1
102
RTVSPost2010Prop44ColorIndex
 90
        5
102
RTVSPost2010Prop44ColorRGB
 90
      255
102
RTVSPost2010PropOp44
 70
     1
102
RTVSPost2010Prop45
280
     0
102
RTVSPost2010PropOp45
 70
     1
102
RTVSPost2010Prop46
 90
       50
102
RTVSPost2010PropOp46
 70
     1
102
RTVSPost2010Prop47
 90
       50
102
RTVSPost2010PropOp47
 70
     1
102
RTVSPost2010Prop48
 90
       50
102
RTVSPost2010PropOp48
 70
     1
102
RTVSPost2010Prop49
280
     0
102
RTVSPost2010PropOp49
 70
     1
102
RTVSPost2010Prop50
 90
       50
102
RTVSPost2010PropOp50
 70
     1
102
RTVSPost2010Prop51ColorIndex
 90
      256
102
RTVSPost2010Prop51ColorRGB
 90
-16777216
102
RTVSPost2010PropOp51
 70
     0
102
RTVSPost2010Prop52
140
1.0
102
RTVSPost2010PropOp52
 70
     0
102
RTVSPost2010Prop53
 90
        2
102
RTVSPost2010PropOp53
 70
     1
102
RTVSPost2010Prop54
  1
strokes_ogs.tif
102
RTVSPost2010PropOp54
 70
     1
102
RTVSPost2010Prop55
280
     0
102
RTVSPost2010PropOp55
 70
     1
102
RTVSPost2010Prop56
140
1.0
102
RTVSPost2010PropOp56
 70
     1
102
RTVSPost2010Prop57
140
1.0
102
RTVSPost2010PropOp57
 70
     1
  0
XRECORD
  5
2EC
102
{ACAD_REACTORS
330
2EB
102
}
330
2EB
100
AcDbXrecord
280
     1
102
RTVSPost2010Prop28
280
     0
102
RTVSPost2010PropOp28
 70
     1
102
RTVSPost2010Prop29
280
     1
102
RTVSPost2010PropOp29
 70
     1
102
RTVSPost2010Prop30
280
     1
102
RTVSPost2010PropOp30
 70
     1
102
RTVSPost2010Prop31
280
     0
102
RTVSPost2010PropOp31
 70
     1
102
RTVSPost2010Prop32
280
     0
102
RTVSPost2010PropOp32
 70
     1
102
RTVSPost2010Prop33
280
     0
102
RTVSPost2010PropOp33
 70
     1
102
RTVSPost2010Prop34
280
     0
102
RTVSPost2010PropOp34
 70
     1
102
RTVSPost2010Prop35
280
     0
102
RTVSPost2010PropOp35
 70
     1
102
RTVSPost2010Prop36
280
     0
102
RTVSPost2010PropOp36
 70
     1
102
RTVSPost2010Prop37
 90
       50
102
RTVSPost2010PropOp37
 70
     1
102
RTVSPost2010Prop38
140
0.0
102
RTVSPost2010PropOp38
 70
     1
102
RTVSPost2010Prop39
140
1.0
102
RTVSPost2010PropOp39
 70
     1
102
RTVSPost2010Prop40
 90
        0
102
RTVSPost2010PropOp40
 70
     1
102
RTVSPost2010Prop41ColorIndex
 90
       18
102
RTVSPost2010Prop41ColorRGB
 90
        0
102
RTVSPost2010PropOp41
 70
     1
102
RTVSPost2010Prop42
 90
       50
102
RTVSPost2010PropOp42
 70
     1
102
RTVSPost2010Prop43
 90
        3
102
RTVSPost2010PropOp43
 70
     1
102
RTVSPost2010Prop44ColorIndex
 90
        5
102
RTVSPost2010Prop44ColorRGB
 90
      255
102
RTVSPost2010PropOp44
 70
     1
102
RTVSPost2010Prop45
280
     0
102
RTVSPost2010PropOp45
 70
     1
102
RTVSPost2010Prop46
 90
       50
102
RTVSPost2010PropOp46
 70
     1
102
RTVSPost2010Prop47
 90
       50
102
RTVSPost2010PropOp47
 70
     1
102
RTVSPost2010Prop48
 90
       50
102
RTVSPost2010PropOp48
 70
     1
102
RTVSPost2010Prop49
280
     0
102
RTVSPost2010PropOp49
 70
     1
102
RTVSPost2010Prop50
 90
       50
102
RTVSPost2010PropOp50
 70
     1
102
RTVSPost2010Prop51ColorIndex
 90
      256
102
RTVSPost2010Prop51ColorRGB
 90
-16777216
102
RTVSPost2010PropOp51
 70
     0
102
RTVSPost2010Prop52
140
1.0
102
RTVSPost2010PropOp52
 70
     0
102
RTVSPost2010Prop53
 90
        2
102
RTVSPost2010PropOp53
 70
     1
102
RTVSPost2010Prop54
  1
strokes_ogs.tif
102
RTVSPost2010PropOp54
 70
     1
102
RTVSPost2010Prop55
280
     0
102
RTVSPost2010PropOp55
 70
     1
102
RTVSPost2010Prop56
140
1.0
102
RTVSPost2010PropOp56
 70
     1
102
RTVSPost2010Prop57
140
1.0
102
RTVSPost2010PropOp57
 70
     1
  0
XRECORD
  5
2DE
102
{ACAD_REACTORS
330
2DD
102
}
330
2DD
100
AcDbXrecord
280
     1
102
RTVSPost2010Prop28
280
     0
102
RTVSPost2010PropOp28
 70
     1
102
RTVSPost2010Prop29
280
     1
102
RTVSPost2010PropOp29
 70
     1
102
RTVSPost2010Prop30
280
     1
102
RTVSPost2010PropOp30
 70
     1
102
RTVSPost2010Prop31
280
     0
102
RTVSPost2010PropOp31
 70
     1
102
RTVSPost2010Prop32
280
     0
102
RTVSPost2010PropOp32
 70
     1
102
RTVSPost2010Prop33
280
     0
102
RTVSPost2010PropOp33
 70
     1
102
RTVSPost2010Prop34
280
     0
102
RTVSPost2010PropOp34
 70
     1
102
RTVSPost2010Prop35
280
     0
102
RTVSPost2010PropOp35
 70
     1
102
RTVSPost2010Prop36
280
     0
102
RTVSPost2010PropOp36
 70
     1
102
RTVSPost2010Prop37
 90
       50
102
RTVSPost2010PropOp37
 70
     1
102
RTVSPost2010Prop38
140
0.0
102
RTVSPost2010PropOp38
 70
     1
102
RTVSPost2010Prop39
140
1.0
102
RTVSPost2010PropOp39
 70
     1
102
RTVSPost2010Prop40
 90
        0
102
RTVSPost2010PropOp40
 70
     1
102
RTVSPost2010Prop41ColorIndex
 90
       18
102
RTVSPost2010Prop41ColorRGB
 90
        0
102
RTVSPost2010PropOp41
 70
     1
102
RTVSPost2010Prop42
 90
       50
102
RTVSPost2010PropOp42
 70
     1
102
RTVSPost2010Prop43
 90
        3
102
RTVSPost2010PropOp43
 70
     1
102
RTVSPost2010Prop44ColorIndex
 90
        5
102
RTVSPost2010Prop44ColorRGB
 90
      255
102
RTVSPost2010PropOp44
 70
     1
102
RTVSPost2010Prop45
280
     0
102
RTVSPost2010PropOp45
 70
     1
102
RTVSPost2010Prop46
 90
       50
102
RTVSPost2010PropOp46
 70
     1
102
RTVSPost2010Prop47
 90
       50
102
RTVSPost2010PropOp47
 70
     1
102
RTVSPost2010Prop48
 90
       50
102
RTVSPost2010PropOp48
 70
     1
102
RTVSPost2010Prop49
280
     0
102
RTVSPost2010PropOp49
 70
     1
102
RTVSPost2010Prop50
 90
       50
102
RTVSPost2010PropOp50
 70
     1
102
RTVSPost2010Prop51ColorIndex
 90
      256
102
RTVSPost2010Prop51ColorRGB
 90
-16777216
102
RTVSPost2010PropOp51
 70
     0
102
RTVSPost2010Prop52
140
1.0
102
RTVSPost2010PropOp52
 70
     0
102
RTVSPost2010Prop53
 90
        2
102
RTVSPost2010PropOp53
 70
     1
102
RTVSPost2010Prop54
  1
strokes_ogs.tif
102
RTVSPost2010PropOp54
 70
     1
102
RTVSPost2010Prop55
280
     0
102
RTVSPost2010PropOp55
 70
     1
102
RTVSPost2010Prop56
140
1.0
102
RTVSPost2010PropOp56
 70
     1
102
RTVSPost2010Prop57
140
1.0
102
RTVSPost2010PropOp57
 70
     1
  0
XRECORD
  5
2FE
102
{ACAD_REACTORS
330
2FD
102
}
330
2FD
100
AcDbXrecord
280
     1
102
RTVSPost2010Prop28
280
     0
102
RTVSPost2010PropOp28
 70
     1
102
RTVSPost2010Prop29
280
     1
102
RTVSPost2010PropOp29
 70
     1
102
RTVSPost2010Prop30
280
     1
102
RTVSPost2010PropOp30
 70
     1
102
RTVSPost2010Prop31
280
     0
102
RTVSPost2010PropOp31
 70
     1
102
RTVSPost2010Prop32
280
     0
102
RTVSPost2010PropOp32
 70
     1
102
RTVSPost2010Prop33
280
     0
102
RTVSPost2010PropOp33
 70
     1
102
RTVSPost2010Prop34
280
     0
102
RTVSPost2010PropOp34
 70
     1
102
RTVSPost2010Prop35
280
     0
102
RTVSPost2010PropOp35
 70
     1
102
RTVSPost2010Prop36
280
     0
102
RTVSPost2010PropOp36
 70
     1
102
RTVSPost2010Prop37
 90
       50
102
RTVSPost2010PropOp37
 70
     1
102
RTVSPost2010Prop38
140
0.0
102
RTVSPost2010PropOp38
 70
     1
102
RTVSPost2010Prop39
140
1.0
102
RTVSPost2010PropOp39
 70
     1
102
RTVSPost2010Prop40
 90
        0
102
RTVSPost2010PropOp40
 70
     1
102
RTVSPost2010Prop41ColorIndex
 90
       18
102
RTVSPost2010Prop41ColorRGB
 90
        0
102
RTVSPost2010PropOp41
 70
     1
102
RTVSPost2010Prop42
 90
       50
102
RTVSPost2010PropOp42
 70
     1
102
RTVSPost2010Prop43
 90
        3
102
RTVSPost2010PropOp43
 70
     1
102
RTVSPost2010Prop44ColorIndex
 90
        5
102
RTVSPost2010Prop44ColorRGB
 90
      255
102
RTVSPost2010PropOp44
 70
     1
102
RTVSPost2010Prop45
280
     0
102
RTVSPost2010PropOp45
 70
     1
102
RTVSPost2010Prop46
 90
       50
102
RTVSPost2010PropOp46
 70
     1
102
RTVSPost2010Prop47
 90
       50
102
RTVSPost2010PropOp47
 70
     1
102
RTVSPost2010Prop48
 90
       50
102
RTVSPost2010PropOp48
 70
     1
102
RTVSPost2010Prop49
280
     0
102
RTVSPost2010PropOp49
 70
     1
102
RTVSPost2010Prop50
 90
       50
102
RTVSPost2010PropOp50
 70
     1
102
RTVSPost2010Prop51ColorIndex
 90
      256
102
RTVSPost2010Prop51ColorRGB
 90
-16777216
102
RTVSPost2010PropOp51
 70
     0
102
RTVSPost2010Prop52
140
1.0
102
RTVSPost2010PropOp52
 70
     0
102
RTVSPost2010Prop53
 90
        2
102
RTVSPost2010PropOp53
 70
     1
102
RTVSPost2010Prop54
  1
strokes_ogs.tif
102
RTVSPost2010PropOp54
 70
     1
102
RTVSPost2010Prop55
280
     0
102
RTVSPost2010PropOp55
 70
     1
102
RTVSPost2010Prop56
140
1.0
102
RTVSPost2010PropOp56
 70
     1
102
RTVSPost2010Prop57
140
1.0
102
RTVSPost2010PropOp57
 70
     1
  0
ENDSEC
  0
EOF
