ISO-10303-21;
HEADER;

/* File generated by Shapr3D Version 26.150.0.11562 */

FILE_DESCRIPTION(('HOOPS Exchange Step'),'2;1');

FILE_NAME('/Users/tdbell11/Library/Containers/com.shapr3d.shapr/Data/tmp/export/temp_export',
'2026-08-29T15:22:55-07:00',
('tysonbell'),
('Shapr3D Limited'),
'HOOPS Exchange 2026.3',
'Shapr3D',
'Authorized');

FILE_SCHEMA( ('AP242_MANAGED_MODEL_BASED_3D_ENGINEERING_MIM_LF {1 0 10303 442 1 1 4}') );

ENDSEC;

DATA;
#3=(NAMED_UNIT(*)PLANE_ANGLE_UNIT()SI_UNIT($,.RADIAN.));
#4=PLANE_ANGLE_MEASURE_WITH_UNIT(PLANE_ANGLE_MEASURE(0.0174532925),#3);
#5=(CONVERSION_BASED_UNIT('DEGREE',#4)NAMED_UNIT(#6)PLANE_ANGLE_UNIT());
#6=DIMENSIONAL_EXPONENTS(0.,0.,0.,0.,0.,0.,0.);
#7=(NAMED_UNIT(*)SI_UNIT($,.STERADIAN.)SOLID_ANGLE_UNIT());
#8=(LENGTH_UNIT()NAMED_UNIT(*)SI_UNIT(.MILLI.,.METRE.));
#9=UNCERTAINTY_MEASURE_WITH_UNIT(LENGTH_MEASURE(1.000000E-03),#8,'DISTANCE_ACCURACY_VALUE','Maximum Tolerance applied to model');
#10=(GEOMETRIC_REPRESENTATION_CONTEXT(3)GLOBAL_UNCERTAINTY_ASSIGNED_CONTEXT((#9))GLOBAL_UNIT_ASSIGNED_CONTEXT((#8,#5,#7))REPRESENTATION_CONTEXT('','root'));
#12=CARTESIAN_POINT('',(0.,0.,0.));
#13=DIRECTION('',(0.,0.,1.));
#14=DIRECTION('',(1.,0.,0.));
#15=AXIS2_PLACEMENT_3D('',#12,#13,#14);
#26=(NAMED_UNIT(*)PLANE_ANGLE_UNIT()SI_UNIT($,.RADIAN.));
#27=PLANE_ANGLE_MEASURE_WITH_UNIT(PLANE_ANGLE_MEASURE(0.0174532925),#26);
#28=(CONVERSION_BASED_UNIT('DEGREE',#27)NAMED_UNIT(#29)PLANE_ANGLE_UNIT());
#29=DIMENSIONAL_EXPONENTS(0.,0.,0.,0.,0.,0.,0.);
#30=(NAMED_UNIT(*)SI_UNIT($,.STERADIAN.)SOLID_ANGLE_UNIT());
#31=(LENGTH_UNIT()NAMED_UNIT(*)SI_UNIT(.MILLI.,.METRE.));
#32=UNCERTAINTY_MEASURE_WITH_UNIT(LENGTH_MEASURE(1.000000E-05),#31,'DISTANCE_ACCURACY_VALUE','Maximum Tolerance applied to model');
#33=(GEOMETRIC_REPRESENTATION_CONTEXT(3)GLOBAL_UNCERTAINTY_ASSIGNED_CONTEXT((#32))GLOBAL_UNIT_ASSIGNED_CONTEXT((#31,#28,#30))REPRESENTATION_CONTEXT('','Knife Holder - Final (Imported)'));
#45=CARTESIAN_POINT('',(0.,0.,0.));
#46=DIRECTION('',(0.,0.,1.));
#47=DIRECTION('',(1.,0.,-0.));
#48=AXIS2_PLACEMENT_3D('',#45,#46,#47);
#49=ITEM_DEFINED_TRANSFORMATION('','',#48,#15);
#50=(REPRESENTATION_RELATIONSHIP('','',#35,#16)REPRESENTATION_RELATIONSHIP_WITH_TRANSFORMATION(#49)SHAPE_REPRESENTATION_RELATIONSHIP());
#51=NEXT_ASSEMBLY_USAGE_OCCURRENCE('Knife Holder - Final (Imported)_1','Knife Holder - Final (Imported)','Knife Holder - Final (Imported)',#25,#44,$);
#52=PRODUCT_DEFINITION_SHAPE('','',#51);
#53=CONTEXT_DEPENDENT_SHAPE_REPRESENTATION(#50,#52);
#55=CARTESIAN_POINT('',(5.278,61.885193224,-1.5875));
#56=DIRECTION('',(1.,0.,0.));
#57=DIRECTION('',(0.,0.,-1.));
#58=AXIS2_PLACEMENT_3D('',#55,#56,#57);
#59=PLANE('',#58);
#60=CARTESIAN_POINT('',(5.278,2.935817803,0.533240315));
#61=VERTEX_POINT('',#60);
#62=CARTESIAN_POINT('',(5.278,-23.274012975,18.006460834));
#63=VERTEX_POINT('',#62);
#64=CARTESIAN_POINT('',(5.278,2.935817803,0.533240315));
#65=DIRECTION('',(0.,-0.832050294,0.554700196));
#66=VECTOR('',#65,31.500296263);
#67=LINE('',#64,#66);
#68=EDGE_CURVE('',#61,#63,#67,.T.);
#69=ORIENTED_EDGE('',*,*,#68,.F.);
#70=CARTESIAN_POINT('',(5.278,4.696990926,-0.));
#71=VERTEX_POINT('',#70);
#72=CARTESIAN_POINT('',(5.278,4.696990926,3.175));
#73=DIRECTION('',(1.,0.,0.));
#74=DIRECTION('',(0.,0.,-1.));
#75=AXIS2_PLACEMENT_3D('',#72,#73,#74);
#76=CIRCLE('',#75,3.175);
#77=EDGE_CURVE('',#61,#71,#76,.T.);
#78=ORIENTED_EDGE('',*,*,#77,.T.);
#79=CARTESIAN_POINT('',(5.278,61.885193224,0.));
#80=VERTEX_POINT('',#79);
#81=CARTESIAN_POINT('',(5.278,4.696990926,0.));
#82=DIRECTION('',(-0.,1.,0.));
#83=VECTOR('',#82,57.188202298);
#84=LINE('',#81,#83);
#85=EDGE_CURVE('',#71,#80,#84,.T.);
#86=ORIENTED_EDGE('',*,*,#85,.T.);
#87=CARTESIAN_POINT('',(5.278,61.885193224,21.37));
#88=VERTEX_POINT('',#87);
#89=CARTESIAN_POINT('',(5.278,61.885193224,0.));
#90=DIRECTION('',(0.,0.,1.));
#91=VECTOR('',#90,21.37);
#92=LINE('',#89,#91);
#93=EDGE_CURVE('',#80,#88,#92,.T.);
#94=ORIENTED_EDGE('',*,*,#93,.T.);
#95=CARTESIAN_POINT('',(5.278,-12.173191471,21.37));
#96=VERTEX_POINT('',#95);
#97=CARTESIAN_POINT('',(5.278,61.885193224,21.37));
#98=DIRECTION('',(0.,-1.,0.));
#99=VECTOR('',#98,74.058384695);
#100=LINE('',#97,#99);
#101=EDGE_CURVE('',#88,#96,#100,.T.);
#102=ORIENTED_EDGE('',*,*,#101,.T.);
#103=CARTESIAN_POINT('',(5.278,-23.267195395,18.011005887));
#104=VERTEX_POINT('',#103);
#105=CARTESIAN_POINT('',(5.278,-12.173191471,1.37));
#106=DIRECTION('',(1.,0.,0.));
#107=DIRECTION('',(0.,0.,-1.));
#108=AXIS2_PLACEMENT_3D('',#105,#106,#107);
#109=CIRCLE('',#108,20.);
#110=EDGE_CURVE('',#96,#104,#109,.T.);
#111=ORIENTED_EDGE('',*,*,#110,.T.);
#112=CARTESIAN_POINT('',(5.278,-23.274012975,18.006460834));
#113=DIRECTION('',(0.,0.832050294,0.554700196));
#114=VECTOR('',#113,0.008193711);
#115=LINE('',#112,#114);
#116=EDGE_CURVE('',#63,#104,#115,.T.);
#117=ORIENTED_EDGE('',*,*,#116,.F.);
#118=EDGE_LOOP('',(#69,#78,#86,#94,#102,#111,#117));
#119=FACE_BOUND('',#118,.T.);
#120=ADVANCED_FACE('',(#119),#59,.T.);
#121=CARTESIAN_POINT('',(0.889,61.885193224,0.));
#122=DIRECTION('',(0.,0.,1.));
#123=DIRECTION('',(1.,0.,0.));
#124=AXIS2_PLACEMENT_3D('',#121,#122,#123);
#125=PLANE('',#124);
#126=CARTESIAN_POINT('',(-3.5,-51.245016875,0.));
#127=VERTEX_POINT('',#126);
#128=CARTESIAN_POINT('',(-3.5,-154.364806776,0.));
#129=VERTEX_POINT('',#128);
#130=CARTESIAN_POINT('',(-3.5,-51.245016875,0.));
#131=DIRECTION('',(0.,-1.,0.));
#132=VECTOR('',#131,103.119789901);
#133=LINE('',#130,#132);
#134=EDGE_CURVE('',#127,#129,#133,.T.);
#135=ORIENTED_EDGE('',*,*,#134,.T.);
#136=CARTESIAN_POINT('',(66.812,-154.364806776,0.));
#137=VERTEX_POINT('',#136);
#138=CARTESIAN_POINT('',(66.812,-154.364806776,0.));
#139=DIRECTION('',(-1.,0.,0.));
#140=VECTOR('',#139,70.312);
#141=LINE('',#138,#140);
#142=EDGE_CURVE('',#137,#129,#141,.T.);
#143=ORIENTED_EDGE('',*,*,#142,.F.);
#144=CARTESIAN_POINT('',(66.812,-108.433219173,0.));
#145=VERTEX_POINT('',#144);
#146=CARTESIAN_POINT('',(66.812,-108.433219173,0.));
#147=DIRECTION('',(0.,-1.,0.));
#148=VECTOR('',#147,45.931587603);
#149=LINE('',#146,#148);
#150=EDGE_CURVE('',#145,#137,#149,.T.);
#151=ORIENTED_EDGE('',*,*,#150,.F.);
#152=CARTESIAN_POINT('',(66.79,-108.433219173,0.));
#153=VERTEX_POINT('',#152);
#154=CARTESIAN_POINT('',(66.812,-108.433219173,0.));
#155=DIRECTION('',(-1.,0.,0.));
#156=VECTOR('',#155,0.022);
#157=LINE('',#154,#156);
#158=EDGE_CURVE('',#145,#153,#157,.T.);
#159=ORIENTED_EDGE('',*,*,#158,.T.);
#160=CARTESIAN_POINT('',(58.012,-108.433219173,0.));
#161=VERTEX_POINT('',#160);
#162=CARTESIAN_POINT('',(66.79,-108.433219173,0.));
#163=DIRECTION('',(-1.,0.,0.));
#164=VECTOR('',#163,8.778);
#165=LINE('',#162,#164);
#166=EDGE_CURVE('',#153,#161,#165,.T.);
#167=ORIENTED_EDGE('',*,*,#166,.T.);
#168=CARTESIAN_POINT('',(58.012,-51.245016875,-0.));
#169=VERTEX_POINT('',#168);
#170=CARTESIAN_POINT('',(58.012,-51.245016875,0.));
#171=DIRECTION('',(0.,-1.,0.));
#172=VECTOR('',#171,57.188202298);
#173=LINE('',#170,#172);
#174=EDGE_CURVE('',#169,#161,#173,.T.);
#175=ORIENTED_EDGE('',*,*,#174,.F.);
#176=CARTESIAN_POINT('',(54.512,-51.245016875,0.));
#177=VERTEX_POINT('',#176);
#178=CARTESIAN_POINT('',(58.012,-51.245016875,0.));
#179=DIRECTION('',(-1.,-0.,0.));
#180=VECTOR('',#179,3.5);
#181=LINE('',#178,#180);
#182=EDGE_CURVE('',#169,#177,#181,.T.);
#183=ORIENTED_EDGE('',*,*,#182,.T.);
#184=CARTESIAN_POINT('',(54.512,-32.831349512,0.));
#185=VERTEX_POINT('',#184);
#186=CARTESIAN_POINT('',(54.512,-32.831349512,0.));
#187=DIRECTION('',(0.,-1.,0.));
#188=VECTOR('',#187,18.413667363);
#189=LINE('',#186,#188);
#190=EDGE_CURVE('',#185,#177,#189,.T.);
#191=ORIENTED_EDGE('',*,*,#190,.F.);
#192=CARTESIAN_POINT('',(52.734,-32.831349512,0.));
#193=VERTEX_POINT('',#192);
#194=CARTESIAN_POINT('',(54.512,-32.831349512,0.));
#195=DIRECTION('',(-1.,0.,0.));
#196=VECTOR('',#195,1.778);
#197=LINE('',#194,#196);
#198=EDGE_CURVE('',#185,#193,#197,.T.);
#199=ORIENTED_EDGE('',*,*,#198,.T.);
#200=CARTESIAN_POINT('',(52.734,-51.245016875,0.));
#201=VERTEX_POINT('',#200);
#202=CARTESIAN_POINT('',(52.734,-32.831349512,0.));
#203=DIRECTION('',(0.,-1.,0.));
#204=VECTOR('',#203,18.413667363);
#205=LINE('',#202,#204);
#206=EDGE_CURVE('',#193,#201,#205,.T.);
#207=ORIENTED_EDGE('',*,*,#206,.T.);
#208=CARTESIAN_POINT('',(49.234,-51.245016875,0.));
#209=VERTEX_POINT('',#208);
#210=CARTESIAN_POINT('',(52.734,-51.245016875,-0.));
#211=DIRECTION('',(-1.,-0.,0.));
#212=VECTOR('',#211,3.5);
#213=LINE('',#210,#212);
#214=EDGE_CURVE('',#201,#209,#213,.T.);
#215=ORIENTED_EDGE('',*,*,#214,.T.);
#216=CARTESIAN_POINT('',(49.234,-108.433219173,0.));
#217=VERTEX_POINT('',#216);
#218=CARTESIAN_POINT('',(49.234,-51.245016875,0.));
#219=DIRECTION('',(0.,-1.,0.));
#220=VECTOR('',#219,57.188202298);
#221=LINE('',#218,#220);
#222=EDGE_CURVE('',#209,#217,#221,.T.);
#223=ORIENTED_EDGE('',*,*,#222,.T.);
#224=CARTESIAN_POINT('',(49.212,-108.433219173,0.));
#225=VERTEX_POINT('',#224);
#226=CARTESIAN_POINT('',(49.234,-108.433219173,0.));
#227=DIRECTION('',(-1.,0.,0.));
#228=VECTOR('',#227,0.022);
#229=LINE('',#226,#228);
#230=EDGE_CURVE('',#217,#225,#229,.T.);
#231=ORIENTED_EDGE('',*,*,#230,.T.);
#232=CARTESIAN_POINT('',(40.434,-108.433219173,0.));
#233=VERTEX_POINT('',#232);
#234=CARTESIAN_POINT('',(49.212,-108.433219173,0.));
#235=DIRECTION('',(-1.,0.,0.));
#236=VECTOR('',#235,8.778);
#237=LINE('',#234,#236);
#238=EDGE_CURVE('',#225,#233,#237,.T.);
#239=ORIENTED_EDGE('',*,*,#238,.T.);
#240=CARTESIAN_POINT('',(40.434,-51.245016875,-0.));
#241=VERTEX_POINT('',#240);
#242=CARTESIAN_POINT('',(40.434,-51.245016875,0.));
#243=DIRECTION('',(0.,-1.,0.));
#244=VECTOR('',#243,57.188202298);
#245=LINE('',#242,#244);
#246=EDGE_CURVE('',#241,#233,#245,.T.);
#247=ORIENTED_EDGE('',*,*,#246,.F.);
#248=CARTESIAN_POINT('',(36.934,-51.245016875,0.));
#249=VERTEX_POINT('',#248);
#250=CARTESIAN_POINT('',(40.434,-51.245016875,0.));
#251=DIRECTION('',(-1.,-0.,0.));
#252=VECTOR('',#251,3.5);
#253=LINE('',#250,#252);
#254=EDGE_CURVE('',#241,#249,#253,.T.);
#255=ORIENTED_EDGE('',*,*,#254,.T.);
#256=CARTESIAN_POINT('',(36.934,-32.831349512,0.));
#257=VERTEX_POINT('',#256);
#258=CARTESIAN_POINT('',(36.934,-32.831349512,0.));
#259=DIRECTION('',(0.,-1.,0.));
#260=VECTOR('',#259,18.413667363);
#261=LINE('',#258,#260);
#262=EDGE_CURVE('',#257,#249,#261,.T.);
#263=ORIENTED_EDGE('',*,*,#262,.F.);
#264=CARTESIAN_POINT('',(35.156,-32.831349512,0.));
#265=VERTEX_POINT('',#264);
#266=CARTESIAN_POINT('',(36.934,-32.831349512,0.));
#267=DIRECTION('',(-1.,0.,0.));
#268=VECTOR('',#267,1.778);
#269=LINE('',#266,#268);
#270=EDGE_CURVE('',#257,#265,#269,.T.);
#271=ORIENTED_EDGE('',*,*,#270,.T.);
#272=CARTESIAN_POINT('',(35.156,-51.245016875,0.));
#273=VERTEX_POINT('',#272);
#274=CARTESIAN_POINT('',(35.156,-32.831349512,0.));
#275=DIRECTION('',(0.,-1.,0.));
#276=VECTOR('',#275,18.413667363);
#277=LINE('',#274,#276);
#278=EDGE_CURVE('',#265,#273,#277,.T.);
#279=ORIENTED_EDGE('',*,*,#278,.T.);
#280=CARTESIAN_POINT('',(31.656,-51.245016875,0.));
#281=VERTEX_POINT('',#280);
#282=CARTESIAN_POINT('',(35.156,-51.245016875,-0.));
#283=DIRECTION('',(-1.,-0.,0.));
#284=VECTOR('',#283,3.5);
#285=LINE('',#282,#284);
#286=EDGE_CURVE('',#273,#281,#285,.T.);
#287=ORIENTED_EDGE('',*,*,#286,.T.);
#288=CARTESIAN_POINT('',(31.656,-108.433219173,0.));
#289=VERTEX_POINT('',#288);
#290=CARTESIAN_POINT('',(31.656,-51.245016875,0.));
#291=DIRECTION('',(0.,-1.,0.));
#292=VECTOR('',#291,57.188202298);
#293=LINE('',#290,#292);
#294=EDGE_CURVE('',#281,#289,#293,.T.);
#295=ORIENTED_EDGE('',*,*,#294,.T.);
#296=CARTESIAN_POINT('',(31.634,-108.433219173,0.));
#297=VERTEX_POINT('',#296);
#298=CARTESIAN_POINT('',(31.656,-108.433219173,0.));
#299=DIRECTION('',(-1.,0.,0.));
#300=VECTOR('',#299,0.022);
#301=LINE('',#298,#300);
#302=EDGE_CURVE('',#289,#297,#301,.T.);
#303=ORIENTED_EDGE('',*,*,#302,.T.);
#304=CARTESIAN_POINT('',(22.856,-108.433219173,0.));
#305=VERTEX_POINT('',#304);
#306=CARTESIAN_POINT('',(31.634,-108.433219173,0.));
#307=DIRECTION('',(-1.,0.,0.));
#308=VECTOR('',#307,8.778);
#309=LINE('',#306,#308);
#310=EDGE_CURVE('',#297,#305,#309,.T.);
#311=ORIENTED_EDGE('',*,*,#310,.T.);
#312=CARTESIAN_POINT('',(22.856,-51.245016875,-0.));
#313=VERTEX_POINT('',#312);
#314=CARTESIAN_POINT('',(22.856,-51.245016875,0.));
#315=DIRECTION('',(0.,-1.,0.));
#316=VECTOR('',#315,57.188202298);
#317=LINE('',#314,#316);
#318=EDGE_CURVE('',#313,#305,#317,.T.);
#319=ORIENTED_EDGE('',*,*,#318,.F.);
#320=CARTESIAN_POINT('',(19.356,-51.245016875,0.));
#321=VERTEX_POINT('',#320);
#322=CARTESIAN_POINT('',(22.856,-51.245016875,0.));
#323=DIRECTION('',(-1.,-0.,0.));
#324=VECTOR('',#323,3.5);
#325=LINE('',#322,#324);
#326=EDGE_CURVE('',#313,#321,#325,.T.);
#327=ORIENTED_EDGE('',*,*,#326,.T.);
#328=CARTESIAN_POINT('',(19.356,-32.831349512,0.));
#329=VERTEX_POINT('',#328);
#330=CARTESIAN_POINT('',(19.356,-32.831349512,0.));
#331=DIRECTION('',(0.,-1.,0.));
#332=VECTOR('',#331,18.413667363);
#333=LINE('',#330,#332);
#334=EDGE_CURVE('',#329,#321,#333,.T.);
#335=ORIENTED_EDGE('',*,*,#334,.F.);
#336=CARTESIAN_POINT('',(17.578,-32.831349512,0.));
#337=VERTEX_POINT('',#336);
#338=CARTESIAN_POINT('',(19.356,-32.831349512,0.));
#339=DIRECTION('',(-1.,0.,0.));
#340=VECTOR('',#339,1.778);
#341=LINE('',#338,#340);
#342=EDGE_CURVE('',#329,#337,#341,.T.);
#343=ORIENTED_EDGE('',*,*,#342,.T.);
#344=CARTESIAN_POINT('',(17.578,-51.245016875,0.));
#345=VERTEX_POINT('',#344);
#346=CARTESIAN_POINT('',(17.578,-32.831349512,0.));
#347=DIRECTION('',(0.,-1.,0.));
#348=VECTOR('',#347,18.413667363);
#349=LINE('',#346,#348);
#350=EDGE_CURVE('',#337,#345,#349,.T.);
#351=ORIENTED_EDGE('',*,*,#350,.T.);
#352=CARTESIAN_POINT('',(14.078,-51.245016875,0.));
#353=VERTEX_POINT('',#352);
#354=CARTESIAN_POINT('',(17.578,-51.245016875,-0.));
#355=DIRECTION('',(-1.,-0.,0.));
#356=VECTOR('',#355,3.5);
#357=LINE('',#354,#356);
#358=EDGE_CURVE('',#345,#353,#357,.T.);
#359=ORIENTED_EDGE('',*,*,#358,.T.);
#360=CARTESIAN_POINT('',(14.078,-108.433219173,0.));
#361=VERTEX_POINT('',#360);
#362=CARTESIAN_POINT('',(14.078,-51.245016875,0.));
#363=DIRECTION('',(0.,-1.,0.));
#364=VECTOR('',#363,57.188202298);
#365=LINE('',#362,#364);
#366=EDGE_CURVE('',#353,#361,#365,.T.);
#367=ORIENTED_EDGE('',*,*,#366,.T.);
#368=CARTESIAN_POINT('',(14.056,-108.433219173,0.));
#369=VERTEX_POINT('',#368);
#370=CARTESIAN_POINT('',(14.078,-108.433219173,0.));
#371=DIRECTION('',(-1.,0.,0.));
#372=VECTOR('',#371,0.022);
#373=LINE('',#370,#372);
#374=EDGE_CURVE('',#361,#369,#373,.T.);
#375=ORIENTED_EDGE('',*,*,#374,.T.);
#376=CARTESIAN_POINT('',(5.278,-108.433219173,0.));
#377=VERTEX_POINT('',#376);
#378=CARTESIAN_POINT('',(14.056,-108.433219173,0.));
#379=DIRECTION('',(-1.,0.,0.));
#380=VECTOR('',#379,8.778);
#381=LINE('',#378,#380);
#382=EDGE_CURVE('',#369,#377,#381,.T.);
#383=ORIENTED_EDGE('',*,*,#382,.T.);
#384=CARTESIAN_POINT('',(5.278,-51.245016875,-0.));
#385=VERTEX_POINT('',#384);
#386=CARTESIAN_POINT('',(5.278,-51.245016875,0.));
#387=DIRECTION('',(0.,-1.,0.));
#388=VECTOR('',#387,57.188202298);
#389=LINE('',#386,#388);
#390=EDGE_CURVE('',#385,#377,#389,.T.);
#391=ORIENTED_EDGE('',*,*,#390,.F.);
#392=CARTESIAN_POINT('',(1.778,-51.245016875,0.));
#393=VERTEX_POINT('',#392);
#394=CARTESIAN_POINT('',(5.278,-51.245016875,0.));
#395=DIRECTION('',(-1.,-0.,0.));
#396=VECTOR('',#395,3.5);
#397=LINE('',#394,#396);
#398=EDGE_CURVE('',#385,#393,#397,.T.);
#399=ORIENTED_EDGE('',*,*,#398,.T.);
#400=CARTESIAN_POINT('',(1.778,-32.831349512,0.));
#401=VERTEX_POINT('',#400);
#402=CARTESIAN_POINT('',(1.778,-32.831349512,0.));
#403=DIRECTION('',(0.,-1.,0.));
#404=VECTOR('',#403,18.413667363);
#405=LINE('',#402,#404);
#406=EDGE_CURVE('',#401,#393,#405,.T.);
#407=ORIENTED_EDGE('',*,*,#406,.F.);
#408=CARTESIAN_POINT('',(0.,-32.831349512,0.));
#409=VERTEX_POINT('',#408);
#410=CARTESIAN_POINT('',(1.778,-32.831349512,0.));
#411=DIRECTION('',(-1.,0.,0.));
#412=VECTOR('',#411,1.778);
#413=LINE('',#410,#412);
#414=EDGE_CURVE('',#401,#409,#413,.T.);
#415=ORIENTED_EDGE('',*,*,#414,.T.);
#416=CARTESIAN_POINT('',(0.,-51.245016875,0.));
#417=VERTEX_POINT('',#416);
#418=CARTESIAN_POINT('',(0.,-32.831349512,0.));
#419=DIRECTION('',(0.,-1.,0.));
#420=VECTOR('',#419,18.413667363);
#421=LINE('',#418,#420);
#422=EDGE_CURVE('',#409,#417,#421,.T.);
#423=ORIENTED_EDGE('',*,*,#422,.T.);
#424=CARTESIAN_POINT('',(0.,-51.245016875,-0.));
#425=DIRECTION('',(-1.,-0.,0.));
#426=VECTOR('',#425,3.5);
#427=LINE('',#424,#426);
#428=EDGE_CURVE('',#417,#127,#427,.T.);
#429=ORIENTED_EDGE('',*,*,#428,.T.);
#430=EDGE_LOOP('',(#135,#143,#151,#159,#167,#175,#183,#191,#199,#207,#215,#223,#231,#239,#247,#255,#263,#271,#279,#287,#295,#303,#311,#319,#327,#335,
#343,#351,#359,#367,#375,#383,#391,#399,#407,#415,#423,#429));
#431=FACE_BOUND('',#430,.T.);
#432=ADVANCED_FACE('',(#431),#125,.T.);
#433=CARTESIAN_POINT('',(-3.5,61.885193224,-1.5875));
#434=DIRECTION('',(-1.,0.,-0.));
#435=DIRECTION('',(-0.,0.,1.));
#436=AXIS2_PLACEMENT_3D('',#433,#434,#435);
#437=PLANE('',#436);
#438=CARTESIAN_POINT('',(-3.5,61.885193224,-2.));
#439=VERTEX_POINT('',#438);
#440=CARTESIAN_POINT('',(-3.5,-160.364806776,-2.));
#441=VERTEX_POINT('',#440);
#442=CARTESIAN_POINT('',(-3.5,61.885193224,-2.));
#443=DIRECTION('',(0.,-1.,0.));
#444=VECTOR('',#443,222.25);
#445=LINE('',#442,#444);
#446=EDGE_CURVE('',#439,#441,#445,.T.);
#447=ORIENTED_EDGE('',*,*,#446,.T.);
#448=CARTESIAN_POINT('',(-3.5,-160.364806776,1.715659352));
#449=VERTEX_POINT('',#448);
#450=CARTESIAN_POINT('',(-3.5,-160.364806776,1.715659352));
#451=DIRECTION('',(0.,0.,-1.));
#452=VECTOR('',#451,3.715659352);
#453=LINE('',#450,#452);
#454=EDGE_CURVE('',#449,#441,#453,.T.);
#455=ORIENTED_EDGE('',*,*,#454,.F.);
#456=CARTESIAN_POINT('',(-3.5,-160.075572983,2.015466104));
#457=VERTEX_POINT('',#456);
#458=CARTESIAN_POINT('',(-3.5,-160.064806776,1.715659352));
#459=DIRECTION('',(-1.,-0.,-0.));
#460=DIRECTION('',(0.,0.,-1.));
#461=AXIS2_PLACEMENT_3D('',#458,#459,#460);
#462=CIRCLE('',#461,0.3);
#463=EDGE_CURVE('',#449,#457,#462,.T.);
#464=ORIENTED_EDGE('',*,*,#463,.T.);
#465=CARTESIAN_POINT('',(-3.5,-159.779020339,2.020789064));
#466=VERTEX_POINT('',#465);
#467=CARTESIAN_POINT('',(-3.5,-159.779020339,-6.242640687));
#468=DIRECTION('',(1.,0.,0.));
#469=DIRECTION('',(0.,0.,-1.));
#470=AXIS2_PLACEMENT_3D('',#467,#468,#469);
#471=CIRCLE('',#470,8.263429751);
#472=EDGE_CURVE('',#466,#457,#471,.T.);
#473=ORIENTED_EDGE('',*,*,#472,.F.);
#474=CARTESIAN_POINT('',(-3.5,-159.779020339,-6.242640687));
#475=DIRECTION('',(1.,0.,0.));
#476=DIRECTION('',(0.,0.,-1.));
#477=AXIS2_PLACEMENT_3D('',#474,#475,#476);
#478=CIRCLE('',#477,8.263429751);
#479=EDGE_CURVE('',#129,#466,#478,.T.);
#480=ORIENTED_EDGE('',*,*,#479,.F.);
#481=ORIENTED_EDGE('',*,*,#134,.F.);
#482=CARTESIAN_POINT('',(-3.5,-49.483843752,0.533240315));
#483=VERTEX_POINT('',#482);
#484=CARTESIAN_POINT('',(-3.5,-51.245016875,3.175));
#485=DIRECTION('',(-1.,0.,-0.));
#486=DIRECTION('',(-0.,0.,1.));
#487=AXIS2_PLACEMENT_3D('',#484,#485,#486);
#488=CIRCLE('',#487,3.175);
#489=EDGE_CURVE('',#483,#127,#488,.T.);
#490=ORIENTED_EDGE('',*,*,#489,.F.);
#491=CARTESIAN_POINT('',(-3.5,-23.267195395,18.011005887));
#492=VERTEX_POINT('',#491);
#493=CARTESIAN_POINT('',(-3.5,-49.483843752,0.533240315));
#494=DIRECTION('',(-0.,0.832050294,0.554700196));
#495=VECTOR('',#494,31.508489974);
#496=LINE('',#493,#495);
#497=EDGE_CURVE('',#483,#492,#496,.T.);
#498=ORIENTED_EDGE('',*,*,#497,.T.);
#499=CARTESIAN_POINT('',(-3.5,-12.173191471,21.37));
#500=VERTEX_POINT('',#499);
#501=CARTESIAN_POINT('',(-3.5,-12.173191471,1.37));
#502=DIRECTION('',(-1.,0.,-0.));
#503=DIRECTION('',(-0.,0.,1.));
#504=AXIS2_PLACEMENT_3D('',#501,#502,#503);
#505=CIRCLE('',#504,20.);
#506=EDGE_CURVE('',#492,#500,#505,.T.);
#507=ORIENTED_EDGE('',*,*,#506,.T.);
#508=CARTESIAN_POINT('',(-3.5,61.885193224,21.37));
#509=VERTEX_POINT('',#508);
#510=CARTESIAN_POINT('',(-3.5,-12.173191471,21.37));
#511=DIRECTION('',(0.,1.,0.));
#512=VECTOR('',#511,74.058384695);
#513=LINE('',#510,#512);
#514=EDGE_CURVE('',#500,#509,#513,.T.);
#515=ORIENTED_EDGE('',*,*,#514,.T.);
#516=CARTESIAN_POINT('',(-3.5,61.885193224,0.));
#517=VERTEX_POINT('',#516);
#518=CARTESIAN_POINT('',(-3.5,61.885193224,21.37));
#519=DIRECTION('',(0.,0.,-1.));
#520=VECTOR('',#519,21.37);
#521=LINE('',#518,#520);
#522=EDGE_CURVE('',#509,#517,#521,.T.);
#523=ORIENTED_EDGE('',*,*,#522,.T.);
#524=CARTESIAN_POINT('',(-3.5,61.885193224,0.));
#525=DIRECTION('',(0.,0.,-1.));
#526=VECTOR('',#525,2.);
#527=LINE('',#524,#526);
#528=EDGE_CURVE('',#517,#439,#527,.T.);
#529=ORIENTED_EDGE('',*,*,#528,.T.);
#530=EDGE_LOOP('',(#447,#455,#464,#473,#480,#481,#490,#498,#507,#515,#523,#529));
#531=FACE_BOUND('',#530,.T.);
#532=ADVANCED_FACE('',(#531),#437,.T.);
#533=CARTESIAN_POINT('',(0.889,61.885193224,-2.));
#534=DIRECTION('',(0.,0.,-1.));
#535=DIRECTION('',(-1.,0.,-0.));
#536=AXIS2_PLACEMENT_3D('',#533,#534,#535);
#537=PLANE('',#536);
#538=CARTESIAN_POINT('',(66.79,113.816780827,-2.));
#539=VERTEX_POINT('',#538);
#540=CARTESIAN_POINT('',(-3.522,113.816780827,-2.));
#541=VERTEX_POINT('',#540);
#542=CARTESIAN_POINT('',(66.79,113.816780827,-2.));
#543=DIRECTION('',(-1.,-0.,0.));
#544=VECTOR('',#543,70.312);
#545=LINE('',#542,#544);
#546=EDGE_CURVE('',#539,#541,#545,.T.);
#547=ORIENTED_EDGE('',*,*,#546,.F.);
#548=CARTESIAN_POINT('',(66.79,-108.433219173,-2.));
#549=VERTEX_POINT('',#548);
#550=CARTESIAN_POINT('',(66.79,-108.433219173,-2.));
#551=DIRECTION('',(-0.,1.,0.));
#552=VECTOR('',#551,222.25);
#553=LINE('',#550,#552);
#554=EDGE_CURVE('',#549,#539,#553,.T.);
#555=ORIENTED_EDGE('',*,*,#554,.F.);
#556=CARTESIAN_POINT('',(66.812,-108.433219173,-2.));
#557=VERTEX_POINT('',#556);
#558=CARTESIAN_POINT('',(66.812,-108.433219173,-2.));
#559=DIRECTION('',(-1.,0.,0.));
#560=VECTOR('',#559,0.022);
#561=LINE('',#558,#560);
#562=EDGE_CURVE('',#557,#549,#561,.T.);
#563=ORIENTED_EDGE('',*,*,#562,.F.);
#564=CARTESIAN_POINT('',(66.812,-160.364806776,-2.));
#565=VERTEX_POINT('',#564);
#566=CARTESIAN_POINT('',(66.812,-108.433219173,-2.));
#567=DIRECTION('',(0.,-1.,0.));
#568=VECTOR('',#567,51.931587603);
#569=LINE('',#566,#568);
#570=EDGE_CURVE('',#557,#565,#569,.T.);
#571=ORIENTED_EDGE('',*,*,#570,.T.);
#572=CARTESIAN_POINT('',(-3.5,-160.364806776,-2.));
#573=DIRECTION('',(1.,0.,0.));
#574=VECTOR('',#573,70.312);
#575=LINE('',#572,#574);
#576=EDGE_CURVE('',#441,#565,#575,.T.);
#577=ORIENTED_EDGE('',*,*,#576,.F.);
#578=ORIENTED_EDGE('',*,*,#446,.F.);
#579=CARTESIAN_POINT('',(-3.522,61.885193224,-2.));
#580=VERTEX_POINT('',#579);
#581=CARTESIAN_POINT('',(-3.522,61.885193224,-2.));
#582=DIRECTION('',(1.,0.,-0.));
#583=VECTOR('',#582,0.022);
#584=LINE('',#581,#583);
#585=EDGE_CURVE('',#580,#439,#584,.T.);
#586=ORIENTED_EDGE('',*,*,#585,.F.);
#587=CARTESIAN_POINT('',(-3.522,61.885193224,-2.));
#588=DIRECTION('',(-0.,1.,0.));
#589=VECTOR('',#588,51.931587603);
#590=LINE('',#587,#589);
#591=EDGE_CURVE('',#580,#541,#590,.T.);
#592=ORIENTED_EDGE('',*,*,#591,.T.);
#593=EDGE_LOOP('',(#547,#555,#563,#571,#577,#578,#586,#592));
#594=FACE_BOUND('',#593,.T.);
#595=CARTESIAN_POINT('',(14.056,-108.433219173,-2.));
#596=VERTEX_POINT('',#595);
#597=CARTESIAN_POINT('',(14.056,61.885193224,-2.));
#598=VERTEX_POINT('',#597);
#599=CARTESIAN_POINT('',(14.056,-108.433219173,-2.));
#600=DIRECTION('',(-0.,1.,0.));
#601=VECTOR('',#600,170.318412397);
#602=LINE('',#599,#601);
#603=EDGE_CURVE('',#596,#598,#602,.T.);
#604=ORIENTED_EDGE('',*,*,#603,.F.);
#605=CARTESIAN_POINT('',(14.078,-108.433219173,-2.));
#606=VERTEX_POINT('',#605);
#607=CARTESIAN_POINT('',(14.078,-108.433219173,-2.));
#608=DIRECTION('',(-1.,0.,0.));
#609=VECTOR('',#608,0.022);
#610=LINE('',#607,#609);
#611=EDGE_CURVE('',#606,#596,#610,.T.);
#612=ORIENTED_EDGE('',*,*,#611,.F.);
#613=CARTESIAN_POINT('',(14.078,61.885193224,-2.));
#614=VERTEX_POINT('',#613);
#615=CARTESIAN_POINT('',(14.078,61.885193224,-2.));
#616=DIRECTION('',(0.,-1.,0.));
#617=VECTOR('',#616,170.318412397);
#618=LINE('',#615,#617);
#619=EDGE_CURVE('',#614,#606,#618,.T.);
#620=ORIENTED_EDGE('',*,*,#619,.F.);
#621=CARTESIAN_POINT('',(14.056,61.885193224,-2.));
#622=DIRECTION('',(1.,0.,-0.));
#623=VECTOR('',#622,0.022);
#624=LINE('',#621,#623);
#625=EDGE_CURVE('',#598,#614,#624,.T.);
#626=ORIENTED_EDGE('',*,*,#625,.F.);
#627=EDGE_LOOP('',(#604,#612,#620,#626));
#628=FACE_BOUND('',#627,.T.);
#629=CARTESIAN_POINT('',(31.634,-108.433219173,-2.));
#630=VERTEX_POINT('',#629);
#631=CARTESIAN_POINT('',(31.634,61.885193224,-2.));
#632=VERTEX_POINT('',#631);
#633=CARTESIAN_POINT('',(31.634,-108.433219173,-2.));
#634=DIRECTION('',(-0.,1.,0.));
#635=VECTOR('',#634,170.318412397);
#636=LINE('',#633,#635);
#637=EDGE_CURVE('',#630,#632,#636,.T.);
#638=ORIENTED_EDGE('',*,*,#637,.F.);
#639=CARTESIAN_POINT('',(31.656,-108.433219173,-2.));
#640=VERTEX_POINT('',#639);
#641=CARTESIAN_POINT('',(31.656,-108.433219173,-2.));
#642=DIRECTION('',(-1.,0.,0.));
#643=VECTOR('',#642,0.022);
#644=LINE('',#641,#643);
#645=EDGE_CURVE('',#640,#630,#644,.T.);
#646=ORIENTED_EDGE('',*,*,#645,.F.);
#647=CARTESIAN_POINT('',(31.656,61.885193224,-2.));
#648=VERTEX_POINT('',#647);
#649=CARTESIAN_POINT('',(31.656,61.885193224,-2.));
#650=DIRECTION('',(0.,-1.,0.));
#651=VECTOR('',#650,170.318412397);
#652=LINE('',#649,#651);
#653=EDGE_CURVE('',#648,#640,#652,.T.);
#654=ORIENTED_EDGE('',*,*,#653,.F.);
#655=CARTESIAN_POINT('',(31.634,61.885193224,-2.));
#656=DIRECTION('',(1.,0.,-0.));
#657=VECTOR('',#656,0.022);
#658=LINE('',#655,#657);
#659=EDGE_CURVE('',#632,#648,#658,.T.);
#660=ORIENTED_EDGE('',*,*,#659,.F.);
#661=EDGE_LOOP('',(#638,#646,#654,#660));
#662=FACE_BOUND('',#661,.T.);
#663=CARTESIAN_POINT('',(49.212,-108.433219173,-2.));
#664=VERTEX_POINT('',#663);
#665=CARTESIAN_POINT('',(49.212,61.885193224,-2.));
#666=VERTEX_POINT('',#665);
#667=CARTESIAN_POINT('',(49.212,-108.433219173,-2.));
#668=DIRECTION('',(-0.,1.,0.));
#669=VECTOR('',#668,170.318412397);
#670=LINE('',#667,#669);
#671=EDGE_CURVE('',#664,#666,#670,.T.);
#672=ORIENTED_EDGE('',*,*,#671,.F.);
#673=CARTESIAN_POINT('',(49.234,-108.433219173,-2.));
#674=VERTEX_POINT('',#673);
#675=CARTESIAN_POINT('',(49.234,-108.433219173,-2.));
#676=DIRECTION('',(-1.,0.,0.));
#677=VECTOR('',#676,0.022);
#678=LINE('',#675,#677);
#679=EDGE_CURVE('',#674,#664,#678,.T.);
#680=ORIENTED_EDGE('',*,*,#679,.F.);
#681=CARTESIAN_POINT('',(49.234,61.885193224,-2.));
#682=VERTEX_POINT('',#681);
#683=CARTESIAN_POINT('',(49.234,61.885193224,-2.));
#684=DIRECTION('',(0.,-1.,0.));
#685=VECTOR('',#684,170.318412397);
#686=LINE('',#683,#685);
#687=EDGE_CURVE('',#682,#674,#686,.T.);
#688=ORIENTED_EDGE('',*,*,#687,.F.);
#689=CARTESIAN_POINT('',(49.212,61.885193224,-2.));
#690=DIRECTION('',(1.,0.,-0.));
#691=VECTOR('',#690,0.022);
#692=LINE('',#689,#691);
#693=EDGE_CURVE('',#666,#682,#692,.T.);
#694=ORIENTED_EDGE('',*,*,#693,.F.);
#695=EDGE_LOOP('',(#672,#680,#688,#694));
#696=FACE_BOUND('',#695,.T.);
#697=ADVANCED_FACE('',(#594,#628,#662,#696),#537,.T.);
#698=CARTESIAN_POINT('',(0.,61.885193224,0.));
#699=DIRECTION('',(0.,-1.,0.));
#700=DIRECTION('',(1.,0.,0.));
#701=AXIS2_PLACEMENT_3D('',#698,#699,#700);
#702=PLANE('',#701);
#703=ORIENTED_EDGE('',*,*,#93,.F.);
#704=CARTESIAN_POINT('',(5.278,61.885193224,0.));
#705=DIRECTION('',(-1.,0.,0.));
#706=VECTOR('',#705,8.778);
#707=LINE('',#704,#706);
#708=EDGE_CURVE('',#80,#517,#707,.T.);
#709=ORIENTED_EDGE('',*,*,#708,.T.);
#710=ORIENTED_EDGE('',*,*,#522,.F.);
#711=CARTESIAN_POINT('',(0.,61.885193223,21.37));
#712=VERTEX_POINT('',#711);
#713=CARTESIAN_POINT('',(-3.5,61.885193224,21.37));
#714=DIRECTION('',(1.,0.,-0.));
#715=VECTOR('',#714,3.5);
#716=LINE('',#713,#715);
#717=EDGE_CURVE('',#509,#712,#716,.T.);
#718=ORIENTED_EDGE('',*,*,#717,.T.);
#719=CARTESIAN_POINT('',(0.,61.885193223,11.641775223));
#720=VERTEX_POINT('',#719);
#721=CARTESIAN_POINT('',(0.,61.885193223,21.37));
#722=DIRECTION('',(0.,0.,-1.));
#723=VECTOR('',#722,9.728224777);
#724=LINE('',#721,#723);
#725=EDGE_CURVE('',#712,#720,#724,.T.);
#726=ORIENTED_EDGE('',*,*,#725,.T.);
#727=CARTESIAN_POINT('',(1.778,61.885193224,11.641775223));
#728=VERTEX_POINT('',#727);
#729=CARTESIAN_POINT('',(1.778,61.885193224,11.641775223));
#730=DIRECTION('',(-1.,0.,0.));
#731=VECTOR('',#730,1.778);
#732=LINE('',#729,#731);
#733=EDGE_CURVE('',#728,#720,#732,.T.);
#734=ORIENTED_EDGE('',*,*,#733,.F.);
#735=CARTESIAN_POINT('',(1.778,61.885193223,13.97));
#736=VERTEX_POINT('',#735);
#737=CARTESIAN_POINT('',(1.778,61.885193224,13.97));
#738=DIRECTION('',(0.,0.,-1.));
#739=VECTOR('',#738,2.328224777);
#740=LINE('',#737,#739);
#741=EDGE_CURVE('',#736,#728,#740,.T.);
#742=ORIENTED_EDGE('',*,*,#741,.F.);
#743=CARTESIAN_POINT('',(1.778,61.885193223,21.37));
#744=VERTEX_POINT('',#743);
#745=CARTESIAN_POINT('',(1.778,61.885193223,21.37));
#746=DIRECTION('',(0.,0.,-1.));
#747=VECTOR('',#746,7.4);
#748=LINE('',#745,#747);
#749=EDGE_CURVE('',#744,#736,#748,.T.);
#750=ORIENTED_EDGE('',*,*,#749,.F.);
#751=CARTESIAN_POINT('',(1.778,61.885193224,21.37));
#752=DIRECTION('',(1.,0.,-0.));
#753=VECTOR('',#752,3.5);
#754=LINE('',#751,#753);
#755=EDGE_CURVE('',#744,#88,#754,.T.);
#756=ORIENTED_EDGE('',*,*,#755,.T.);
#757=EDGE_LOOP('',(#703,#709,#710,#718,#726,#734,#742,#750,#756));
#758=FACE_BOUND('',#757,.T.);
#759=ADVANCED_FACE('',(#758),#702,.F.);
#760=CARTESIAN_POINT('',(1.778,17.792240242,4.712882612));
#761=DIRECTION('',(0.,-0.155237834,0.987877125));
#762=DIRECTION('',(0.,-0.987877125,-0.155237834));
#763=AXIS2_PLACEMENT_3D('',#760,#761,#762);
#764=PLANE('',#763);
#765=CARTESIAN_POINT('',(0.,8.183562231,3.202947496));
#766=VERTEX_POINT('',#765);
#767=CARTESIAN_POINT('',(0.,8.183562231,3.202947496));
#768=DIRECTION('',(0.,0.987877125,0.155237834));
#769=VECTOR('',#768,54.360638192);
#770=LINE('',#767,#769);
#771=EDGE_CURVE('',#766,#720,#770,.T.);
#772=ORIENTED_EDGE('',*,*,#771,.F.);
#773=CARTESIAN_POINT('',(1.778,8.183562231,3.202947496));
#774=VERTEX_POINT('',#773);
#775=CARTESIAN_POINT('',(0.,8.183562231,3.202947496));
#776=DIRECTION('',(1.,-0.,-0.));
#777=VECTOR('',#776,1.778);
#778=LINE('',#775,#777);
#779=EDGE_CURVE('',#766,#774,#778,.T.);
#780=ORIENTED_EDGE('',*,*,#779,.T.);
#781=CARTESIAN_POINT('',(1.778,8.183562231,3.202947496));
#782=DIRECTION('',(0.,0.987877125,0.155237834));
#783=VECTOR('',#782,54.360638192);
#784=LINE('',#781,#783);
#785=EDGE_CURVE('',#774,#728,#784,.T.);
#786=ORIENTED_EDGE('',*,*,#785,.T.);
#787=ORIENTED_EDGE('',*,*,#733,.T.);
#788=EDGE_LOOP('',(#772,#780,#786,#787));
#789=FACE_BOUND('',#788,.T.);
#790=ADVANCED_FACE('',(#789),#764,.T.);
#791=CARTESIAN_POINT('',(-10.16,17.435193223,21.37));
#792=DIRECTION('',(0.,0.,-1.));
#793=DIRECTION('',(-1.,0.,0.));
#794=AXIS2_PLACEMENT_3D('',#791,#792,#793);
#795=PLANE('',#794);
#796=ORIENTED_EDGE('',*,*,#514,.F.);
#797=CARTESIAN_POINT('',(0.,-12.173191471,21.37));
#798=VERTEX_POINT('',#797);
#799=CARTESIAN_POINT('',(-3.5,-12.173191471,21.37));
#800=DIRECTION('',(1.,-0.,-0.));
#801=VECTOR('',#800,3.5);
#802=LINE('',#799,#801);
#803=EDGE_CURVE('',#500,#798,#802,.T.);
#804=ORIENTED_EDGE('',*,*,#803,.T.);
#805=CARTESIAN_POINT('',(0.,-12.173191471,21.37));
#806=DIRECTION('',(0.,1.,0.));
#807=VECTOR('',#806,74.058384694);
#808=LINE('',#805,#807);
#809=EDGE_CURVE('',#798,#712,#808,.T.);
#810=ORIENTED_EDGE('',*,*,#809,.T.);
#811=ORIENTED_EDGE('',*,*,#717,.F.);
#812=EDGE_LOOP('',(#796,#804,#810,#811));
#813=FACE_BOUND('',#812,.T.);
#814=ADVANCED_FACE('',(#813),#795,.F.);
#815=CARTESIAN_POINT('',(0.,-27.014806777,0.));
#816=DIRECTION('',(1.,0.,0.));
#817=DIRECTION('',(0.,0.,1.));
#818=AXIS2_PLACEMENT_3D('',#815,#816,#817);
#819=PLANE('',#818);
#820=ORIENTED_EDGE('',*,*,#422,.F.);
#821=CARTESIAN_POINT('',(0.,-32.831349512,0.));
#822=DIRECTION('',(-0.,0.996964675,0.077855233));
#823=VECTOR('',#822,41.13978437);
#824=LINE('',#821,#823);
#825=EDGE_CURVE('',#409,#766,#824,.T.);
#826=ORIENTED_EDGE('',*,*,#825,.T.);
#827=ORIENTED_EDGE('',*,*,#771,.T.);
#828=ORIENTED_EDGE('',*,*,#725,.F.);
#829=ORIENTED_EDGE('',*,*,#809,.F.);
#830=CARTESIAN_POINT('',(0.,-23.267195395,18.011005887));
#831=VERTEX_POINT('',#830);
#832=CARTESIAN_POINT('',(0.,-12.173191471,1.37));
#833=DIRECTION('',(1.,0.,0.));
#834=DIRECTION('',(0.,0.,-1.));
#835=AXIS2_PLACEMENT_3D('',#832,#833,#834);
#836=CIRCLE('',#835,20.);
#837=EDGE_CURVE('',#798,#831,#836,.T.);
#838=ORIENTED_EDGE('',*,*,#837,.T.);
#839=CARTESIAN_POINT('',(0.,-49.483843752,0.533240315));
#840=VERTEX_POINT('',#839);
#841=CARTESIAN_POINT('',(0.,-49.483843752,0.533240315));
#842=DIRECTION('',(0.,0.832050294,0.554700196));
#843=VECTOR('',#842,31.508489974);
#844=LINE('',#841,#843);
#845=EDGE_CURVE('',#840,#831,#844,.T.);
#846=ORIENTED_EDGE('',*,*,#845,.F.);
#847=CARTESIAN_POINT('',(0.,-51.245016875,3.175));
#848=DIRECTION('',(-1.,-0.,-0.));
#849=DIRECTION('',(0.,0.,-1.));
#850=AXIS2_PLACEMENT_3D('',#847,#848,#849);
#851=CIRCLE('',#850,3.175);
#852=EDGE_CURVE('',#840,#417,#851,.T.);
#853=ORIENTED_EDGE('',*,*,#852,.T.);
#854=EDGE_LOOP('',(#820,#826,#827,#828,#829,#838,#846,#853));
#855=FACE_BOUND('',#854,.T.);
#856=ADVANCED_FACE('',(#855),#819,.T.);
#857=CARTESIAN_POINT('',(-10.16,-40.036005992,6.831798823));
#858=DIRECTION('',(0.,0.554700196,-0.832050294));
#859=DIRECTION('',(0.,0.832050294,0.554700196));
#860=AXIS2_PLACEMENT_3D('',#857,#858,#859);
#861=PLANE('',#860);
#862=ORIENTED_EDGE('',*,*,#497,.F.);
#863=CARTESIAN_POINT('',(-3.5,-49.483843752,0.533240315));
#864=DIRECTION('',(1.,0.,-0.));
#865=VECTOR('',#864,3.5);
#866=LINE('',#863,#865);
#867=EDGE_CURVE('',#483,#840,#866,.T.);
#868=ORIENTED_EDGE('',*,*,#867,.T.);
#869=ORIENTED_EDGE('',*,*,#845,.T.);
#870=CARTESIAN_POINT('',(0.,-23.267195395,18.011005887));
#871=DIRECTION('',(-1.,0.,0.));
#872=VECTOR('',#871,3.5);
#873=LINE('',#870,#872);
#874=EDGE_CURVE('',#831,#492,#873,.T.);
#875=ORIENTED_EDGE('',*,*,#874,.T.);
#876=EDGE_LOOP('',(#862,#868,#869,#875));
#877=FACE_BOUND('',#876,.T.);
#878=ADVANCED_FACE('',(#877),#861,.F.);
#879=CARTESIAN_POINT('',(-10.16,-12.173191471,1.37));
#880=DIRECTION('',(-1.,0.,0.));
#881=DIRECTION('',(0.,0.,1.));
#882=AXIS2_PLACEMENT_3D('',#879,#880,#881);
#883=CYLINDRICAL_SURFACE('',#882,20.);
#884=ORIENTED_EDGE('',*,*,#506,.F.);
#885=ORIENTED_EDGE('',*,*,#874,.F.);
#886=ORIENTED_EDGE('',*,*,#837,.F.);
#887=ORIENTED_EDGE('',*,*,#803,.F.);
#888=EDGE_LOOP('',(#884,#885,#886,#887));
#889=FACE_BOUND('',#888,.T.);
#890=ADVANCED_FACE('',(#889),#883,.T.);
#891=CARTESIAN_POINT('',(-10.16,-51.245016875,3.175));
#892=DIRECTION('',(1.,0.,0.));
#893=DIRECTION('',(0.,0.,-1.));
#894=AXIS2_PLACEMENT_3D('',#891,#892,#893);
#895=CYLINDRICAL_SURFACE('',#894,3.175);
#896=ORIENTED_EDGE('',*,*,#867,.F.);
#897=ORIENTED_EDGE('',*,*,#489,.T.);
#898=ORIENTED_EDGE('',*,*,#428,.F.);
#899=ORIENTED_EDGE('',*,*,#852,.F.);
#900=EDGE_LOOP('',(#896,#897,#898,#899));
#901=FACE_BOUND('',#900,.T.);
#902=ADVANCED_FACE('',(#901),#895,.F.);
#903=CARTESIAN_POINT('',(0.889,-32.831349512,0.));
#904=DIRECTION('',(0.,-0.077855233,0.996964675));
#905=DIRECTION('',(1.,0.,0.));
#906=AXIS2_PLACEMENT_3D('',#903,#904,#905);
#907=PLANE('',#906);
#908=CARTESIAN_POINT('',(1.778,-21.268777259,0.902947496));
#909=VERTEX_POINT('',#908);
#910=CARTESIAN_POINT('',(1.778,8.183562231,3.202947496));
#911=DIRECTION('',(-0.,-0.996964675,-0.077855233));
#912=VECTOR('',#911,29.542009096);
#913=LINE('',#910,#912);
#914=EDGE_CURVE('',#774,#909,#913,.T.);
#915=ORIENTED_EDGE('',*,*,#914,.F.);
#916=ORIENTED_EDGE('',*,*,#779,.F.);
#917=ORIENTED_EDGE('',*,*,#825,.F.);
#918=ORIENTED_EDGE('',*,*,#414,.F.);
#919=CARTESIAN_POINT('',(1.778,-21.268777259,0.902947496));
#920=DIRECTION('',(-0.,-0.996964675,-0.077855233));
#921=VECTOR('',#920,11.597775274);
#922=LINE('',#919,#921);
#923=EDGE_CURVE('',#909,#401,#922,.T.);
#924=ORIENTED_EDGE('',*,*,#923,.F.);
#925=EDGE_LOOP('',(#915,#916,#917,#918,#924));
#926=FACE_BOUND('',#925,.T.);
#927=ADVANCED_FACE('',(#926),#907,.T.);
#928=CARTESIAN_POINT('',(1.778,-0.026278442,11.741522221));
#929=DIRECTION('',(-1.,0.,0.));
#930=DIRECTION('',(0.,0.,1.));
#931=AXIS2_PLACEMENT_3D('',#928,#929,#930);
#932=PLANE('',#931);
#933=ORIENTED_EDGE('',*,*,#785,.F.);
#934=ORIENTED_EDGE('',*,*,#914,.T.);
#935=CARTESIAN_POINT('',(1.778,61.885193223,13.97));
#936=DIRECTION('',(0.,-0.987877125,-0.155237834));
#937=VECTOR('',#936,84.174406253);
#938=LINE('',#935,#937);
#939=EDGE_CURVE('',#736,#909,#938,.T.);
#940=ORIENTED_EDGE('',*,*,#939,.F.);
#941=ORIENTED_EDGE('',*,*,#741,.T.);
#942=EDGE_LOOP('',(#933,#934,#940,#941));
#943=FACE_BOUND('',#942,.T.);
#944=ADVANCED_FACE('',(#943),#932,.T.);
#945=CARTESIAN_POINT('',(0.,-27.014806777,21.37));
#946=DIRECTION('',(0.,0.,1.));
#947=DIRECTION('',(1.,0.,0.));
#948=AXIS2_PLACEMENT_3D('',#945,#946,#947);
#949=PLANE('',#948);
#950=ORIENTED_EDGE('',*,*,#101,.F.);
#951=ORIENTED_EDGE('',*,*,#755,.F.);
#952=CARTESIAN_POINT('',(1.778,-12.173191471,21.37));
#953=VERTEX_POINT('',#952);
#954=CARTESIAN_POINT('',(1.778,-12.173191471,21.37));
#955=DIRECTION('',(0.,1.,0.));
#956=VECTOR('',#955,74.058384694);
#957=LINE('',#954,#956);
#958=EDGE_CURVE('',#953,#744,#957,.T.);
#959=ORIENTED_EDGE('',*,*,#958,.F.);
#960=CARTESIAN_POINT('',(1.778,-12.173191471,21.37));
#961=DIRECTION('',(1.,0.,-0.));
#962=VECTOR('',#961,3.5);
#963=LINE('',#960,#962);
#964=EDGE_CURVE('',#953,#96,#963,.T.);
#965=ORIENTED_EDGE('',*,*,#964,.T.);
#966=EDGE_LOOP('',(#950,#951,#959,#965));
#967=FACE_BOUND('',#966,.T.);
#968=ADVANCED_FACE('',(#967),#949,.T.);
#969=CARTESIAN_POINT('',(0.,-12.173191471,1.37));
#970=DIRECTION('',(-1.,0.,0.));
#971=DIRECTION('',(0.,0.,1.));
#972=AXIS2_PLACEMENT_3D('',#969,#970,#971);
#973=CYLINDRICAL_SURFACE('',#972,20.);
#974=ORIENTED_EDGE('',*,*,#110,.F.);
#975=ORIENTED_EDGE('',*,*,#964,.F.);
#976=CARTESIAN_POINT('',(1.778,-23.267195395,18.011005887));
#977=VERTEX_POINT('',#976);
#978=CARTESIAN_POINT('',(1.778,-12.173191471,1.37));
#979=DIRECTION('',(-1.,0.,0.));
#980=DIRECTION('',(0.,0.,1.));
#981=AXIS2_PLACEMENT_3D('',#978,#979,#980);
#982=CIRCLE('',#981,20.);
#983=EDGE_CURVE('',#977,#953,#982,.T.);
#984=ORIENTED_EDGE('',*,*,#983,.F.);
#985=CARTESIAN_POINT('',(5.278,-23.267195395,18.011005887));
#986=DIRECTION('',(-1.,-0.,0.));
#987=VECTOR('',#986,3.5);
#988=LINE('',#985,#987);
#989=EDGE_CURVE('',#104,#977,#988,.T.);
#990=ORIENTED_EDGE('',*,*,#989,.F.);
#991=EDGE_LOOP('',(#974,#975,#984,#990));
#992=FACE_BOUND('',#991,.T.);
#993=ADVANCED_FACE('',(#992),#973,.T.);
#994=CARTESIAN_POINT('',(1.778,-40.036005992,6.831798823));
#995=DIRECTION('',(0.,0.554700196,-0.832050294));
#996=DIRECTION('',(0.,0.832050294,0.554700196));
#997=AXIS2_PLACEMENT_3D('',#994,#995,#996);
#998=PLANE('',#997);
#999=CARTESIAN_POINT('',(5.278,-49.483843752,0.533240315));
#1000=VERTEX_POINT('',#999);
#1001=CARTESIAN_POINT('',(5.278,-49.483843752,0.533240315));
#1002=DIRECTION('',(0.,0.832050294,0.554700196));
#1003=VECTOR('',#1002,31.500296263);
#1004=LINE('',#1001,#1003);
#1005=EDGE_CURVE('',#1000,#63,#1004,.T.);
#1006=ORIENTED_EDGE('',*,*,#1005,.T.);
#1007=ORIENTED_EDGE('',*,*,#116,.T.);
#1008=ORIENTED_EDGE('',*,*,#989,.T.);
#1009=CARTESIAN_POINT('',(1.778,-49.483843752,0.533240315));
#1010=VERTEX_POINT('',#1009);
#1011=CARTESIAN_POINT('',(1.778,-49.483843752,0.533240315));
#1012=DIRECTION('',(0.,0.832050294,0.554700196));
#1013=VECTOR('',#1012,31.508489974);
#1014=LINE('',#1011,#1013);
#1015=EDGE_CURVE('',#1010,#977,#1014,.T.);
#1016=ORIENTED_EDGE('',*,*,#1015,.F.);
#1017=CARTESIAN_POINT('',(1.778,-49.483843752,0.533240315));
#1018=DIRECTION('',(1.,0.,-0.));
#1019=VECTOR('',#1018,3.5);
#1020=LINE('',#1017,#1019);
#1021=EDGE_CURVE('',#1010,#1000,#1020,.T.);
#1022=ORIENTED_EDGE('',*,*,#1021,.T.);
#1023=EDGE_LOOP('',(#1006,#1007,#1008,#1016,#1022));
#1024=FACE_BOUND('',#1023,.T.);
#1025=ADVANCED_FACE('',(#1024),#998,.F.);
#1026=CARTESIAN_POINT('',(1.778,-51.245016875,3.175));
#1027=DIRECTION('',(1.,0.,0.));
#1028=DIRECTION('',(0.,0.,-1.));
#1029=AXIS2_PLACEMENT_3D('',#1026,#1027,#1028);
#1030=CYLINDRICAL_SURFACE('',#1029,3.175);
#1031=CARTESIAN_POINT('',(1.778,-51.245016875,3.175));
#1032=DIRECTION('',(1.,-0.,-0.));
#1033=DIRECTION('',(0.,0.,1.));
#1034=AXIS2_PLACEMENT_3D('',#1031,#1032,#1033);
#1035=CIRCLE('',#1034,3.175);
#1036=EDGE_CURVE('',#393,#1010,#1035,.T.);
#1037=ORIENTED_EDGE('',*,*,#1036,.F.);
#1038=ORIENTED_EDGE('',*,*,#398,.F.);
#1039=CARTESIAN_POINT('',(5.278,-51.245016875,3.175));
#1040=DIRECTION('',(-1.,-0.,-0.));
#1041=DIRECTION('',(0.,0.,-1.));
#1042=AXIS2_PLACEMENT_3D('',#1039,#1040,#1041);
#1043=CIRCLE('',#1042,3.175);
#1044=EDGE_CURVE('',#1000,#385,#1043,.T.);
#1045=ORIENTED_EDGE('',*,*,#1044,.F.);
#1046=ORIENTED_EDGE('',*,*,#1021,.F.);
#1047=EDGE_LOOP('',(#1037,#1038,#1045,#1046));
#1048=FACE_BOUND('',#1047,.T.);
#1049=ADVANCED_FACE('',(#1048),#1030,.F.);
#1050=CARTESIAN_POINT('',(1.778,17.435193223,20.32));
#1051=DIRECTION('',(-1.,0.,0.));
#1052=DIRECTION('',(0.,0.,1.));
#1053=AXIS2_PLACEMENT_3D('',#1050,#1051,#1052);
#1054=PLANE('',#1053);
#1055=ORIENTED_EDGE('',*,*,#939,.T.);
#1056=ORIENTED_EDGE('',*,*,#923,.T.);
#1057=ORIENTED_EDGE('',*,*,#406,.T.);
#1058=ORIENTED_EDGE('',*,*,#1036,.T.);
#1059=ORIENTED_EDGE('',*,*,#1015,.T.);
#1060=ORIENTED_EDGE('',*,*,#983,.T.);
#1061=ORIENTED_EDGE('',*,*,#958,.T.);
#1062=ORIENTED_EDGE('',*,*,#749,.T.);
#1063=EDGE_LOOP('',(#1055,#1056,#1057,#1058,#1059,#1060,#1061,#1062));
#1064=FACE_BOUND('',#1063,.T.);
#1065=ADVANCED_FACE('',(#1064),#1054,.T.);
#1066=CARTESIAN_POINT('',(5.3,-159.779020339,-6.242640687));
#1067=DIRECTION('',(-1.,0.,0.));
#1068=DIRECTION('',(0.,0.,1.));
#1069=AXIS2_PLACEMENT_3D('',#1066,#1067,#1068);
#1070=CYLINDRICAL_SURFACE('',#1069,8.263429751);
#1071=CARTESIAN_POINT('',(66.812,-159.779020339,2.020789064));
#1072=VERTEX_POINT('',#1071);
#1073=CARTESIAN_POINT('',(-3.5,-159.779020339,2.020789064));
#1074=DIRECTION('',(1.,-0.,-0.));
#1075=VECTOR('',#1074,70.312);
#1076=LINE('',#1073,#1075);
#1077=EDGE_CURVE('',#466,#1072,#1076,.T.);
#1078=ORIENTED_EDGE('',*,*,#1077,.T.);
#1079=CARTESIAN_POINT('',(66.812,-159.779020339,-6.242640687));
#1080=DIRECTION('',(1.,0.,0.));
#1081=DIRECTION('',(0.,0.,-1.));
#1082=AXIS2_PLACEMENT_3D('',#1079,#1080,#1081);
#1083=CIRCLE('',#1082,8.263429751);
#1084=EDGE_CURVE('',#137,#1072,#1083,.T.);
#1085=ORIENTED_EDGE('',*,*,#1084,.F.);
#1086=ORIENTED_EDGE('',*,*,#142,.T.);
#1087=ORIENTED_EDGE('',*,*,#479,.T.);
#1088=EDGE_LOOP('',(#1078,#1085,#1086,#1087));
#1089=FACE_BOUND('',#1088,.T.);
#1090=ADVANCED_FACE('',(#1089),#1070,.T.);
#1091=CARTESIAN_POINT('',(5.3,-160.064806776,1.715659352));
#1092=DIRECTION('',(-1.,0.,0.));
#1093=DIRECTION('',(0.,0.,1.));
#1094=AXIS2_PLACEMENT_3D('',#1091,#1092,#1093);
#1095=CYLINDRICAL_SURFACE('',#1094,0.3);
#1096=CARTESIAN_POINT('',(66.812,-160.364806776,1.715659352));
#1097=VERTEX_POINT('',#1096);
#1098=CARTESIAN_POINT('',(66.812,-160.364806776,1.715659352));
#1099=DIRECTION('',(-1.,-0.,0.));
#1100=VECTOR('',#1099,70.312);
#1101=LINE('',#1098,#1100);
#1102=EDGE_CURVE('',#1097,#449,#1101,.T.);
#1103=ORIENTED_EDGE('',*,*,#1102,.F.);
#1104=CARTESIAN_POINT('',(66.812,-160.075572983,2.015466104));
#1105=VERTEX_POINT('',#1104);
#1106=CARTESIAN_POINT('',(66.812,-160.064806776,1.715659352));
#1107=DIRECTION('',(1.,0.,0.));
#1108=DIRECTION('',(0.,0.,-1.));
#1109=AXIS2_PLACEMENT_3D('',#1106,#1107,#1108);
#1110=CIRCLE('',#1109,0.3);
#1111=EDGE_CURVE('',#1105,#1097,#1110,.T.);
#1112=ORIENTED_EDGE('',*,*,#1111,.F.);
#1113=CARTESIAN_POINT('',(-3.5,-160.075572983,2.015466104));
#1114=DIRECTION('',(1.,-0.,-0.));
#1115=VECTOR('',#1114,70.312);
#1116=LINE('',#1113,#1115);
#1117=EDGE_CURVE('',#457,#1105,#1116,.T.);
#1118=ORIENTED_EDGE('',*,*,#1117,.F.);
#1119=ORIENTED_EDGE('',*,*,#463,.F.);
#1120=EDGE_LOOP('',(#1103,#1112,#1118,#1119));
#1121=FACE_BOUND('',#1120,.T.);
#1122=ADVANCED_FACE('',(#1121),#1095,.T.);
#1123=CARTESIAN_POINT('',(0.,-160.364806776,0.));
#1124=DIRECTION('',(0.,-1.,0.));
#1125=DIRECTION('',(1.,0.,0.));
#1126=AXIS2_PLACEMENT_3D('',#1123,#1124,#1125);
#1127=PLANE('',#1126);
#1128=ORIENTED_EDGE('',*,*,#576,.T.);
#1129=CARTESIAN_POINT('',(66.812,-160.364806776,-2.));
#1130=DIRECTION('',(0.,0.,1.));
#1131=VECTOR('',#1130,3.715659352);
#1132=LINE('',#1129,#1131);
#1133=EDGE_CURVE('',#565,#1097,#1132,.T.);
#1134=ORIENTED_EDGE('',*,*,#1133,.T.);
#1135=ORIENTED_EDGE('',*,*,#1102,.T.);
#1136=ORIENTED_EDGE('',*,*,#454,.T.);
#1137=EDGE_LOOP('',(#1128,#1134,#1135,#1136));
#1138=FACE_BOUND('',#1137,.T.);
#1139=ADVANCED_FACE('',(#1138),#1127,.T.);
#1140=CARTESIAN_POINT('',(14.078,-108.433219173,-1.));
#1141=DIRECTION('',(0.,1.,0.));
#1142=DIRECTION('',(0.,0.,1.));
#1143=AXIS2_PLACEMENT_3D('',#1140,#1141,#1142);
#1144=PLANE('',#1143);
#1145=CARTESIAN_POINT('',(14.056,-108.433219173,0.));
#1146=DIRECTION('',(-0.,-0.,-1.));
#1147=VECTOR('',#1146,2.);
#1148=LINE('',#1145,#1147);
#1149=EDGE_CURVE('',#369,#596,#1148,.T.);
#1150=ORIENTED_EDGE('',*,*,#1149,.F.);
#1151=ORIENTED_EDGE('',*,*,#374,.F.);
#1152=CARTESIAN_POINT('',(14.078,-108.433219173,0.));
#1153=DIRECTION('',(0.,0.,-1.));
#1154=VECTOR('',#1153,2.);
#1155=LINE('',#1152,#1154);
#1156=EDGE_CURVE('',#361,#606,#1155,.T.);
#1157=ORIENTED_EDGE('',*,*,#1156,.T.);
#1158=ORIENTED_EDGE('',*,*,#611,.T.);
#1159=EDGE_LOOP('',(#1150,#1151,#1157,#1158));
#1160=FACE_BOUND('',#1159,.T.);
#1161=ADVANCED_FACE('',(#1160),#1144,.T.);
#1162=CARTESIAN_POINT('',(-3.522,61.885193224,-1.));
#1163=DIRECTION('',(0.,-1.,-0.));
#1164=DIRECTION('',(0.,0.,-1.));
#1165=AXIS2_PLACEMENT_3D('',#1162,#1163,#1164);
#1166=PLANE('',#1165);
#1167=ORIENTED_EDGE('',*,*,#528,.F.);
#1168=CARTESIAN_POINT('',(-3.522,61.885193224,0.));
#1169=VERTEX_POINT('',#1168);
#1170=CARTESIAN_POINT('',(-3.522,61.885193224,0.));
#1171=DIRECTION('',(1.,0.,-0.));
#1172=VECTOR('',#1171,0.022);
#1173=LINE('',#1170,#1172);
#1174=EDGE_CURVE('',#1169,#517,#1173,.T.);
#1175=ORIENTED_EDGE('',*,*,#1174,.F.);
#1176=CARTESIAN_POINT('',(-3.522,61.885193224,0.));
#1177=DIRECTION('',(0.,0.,-1.));
#1178=VECTOR('',#1177,2.);
#1179=LINE('',#1176,#1178);
#1180=EDGE_CURVE('',#1169,#580,#1179,.T.);
#1181=ORIENTED_EDGE('',*,*,#1180,.T.);
#1182=ORIENTED_EDGE('',*,*,#585,.T.);
#1183=EDGE_LOOP('',(#1167,#1175,#1181,#1182));
#1184=FACE_BOUND('',#1183,.T.);
#1185=ADVANCED_FACE('',(#1184),#1166,.T.);
#1186=CARTESIAN_POINT('',(5.278,-108.433219173,-1.5875));
#1187=DIRECTION('',(-1.,-0.,0.));
#1188=DIRECTION('',(0.,0.,-1.));
#1189=AXIS2_PLACEMENT_3D('',#1186,#1187,#1188);
#1190=PLANE('',#1189);
#1191=ORIENTED_EDGE('',*,*,#1005,.F.);
#1192=ORIENTED_EDGE('',*,*,#1044,.T.);
#1193=ORIENTED_EDGE('',*,*,#390,.T.);
#1194=CARTESIAN_POINT('',(5.278,-108.433219173,21.37));
#1195=VERTEX_POINT('',#1194);
#1196=CARTESIAN_POINT('',(5.278,-108.433219173,0.));
#1197=DIRECTION('',(0.,0.,1.));
#1198=VECTOR('',#1197,21.37);
#1199=LINE('',#1196,#1198);
#1200=EDGE_CURVE('',#377,#1195,#1199,.T.);
#1201=ORIENTED_EDGE('',*,*,#1200,.T.);
#1202=CARTESIAN_POINT('',(5.278,-34.374834478,21.37));
#1203=VERTEX_POINT('',#1202);
#1204=CARTESIAN_POINT('',(5.278,-108.433219173,21.37));
#1205=DIRECTION('',(-0.,1.,0.));
#1206=VECTOR('',#1205,74.058384695);
#1207=LINE('',#1204,#1206);
#1208=EDGE_CURVE('',#1195,#1203,#1207,.T.);
#1209=ORIENTED_EDGE('',*,*,#1208,.T.);
#1210=CARTESIAN_POINT('',(5.278,-23.280830554,18.011005887));
#1211=VERTEX_POINT('',#1210);
#1212=CARTESIAN_POINT('',(5.278,-34.374834478,1.37));
#1213=DIRECTION('',(-1.,-0.,-0.));
#1214=DIRECTION('',(0.,0.,-1.));
#1215=AXIS2_PLACEMENT_3D('',#1212,#1213,#1214);
#1216=CIRCLE('',#1215,20.);
#1217=EDGE_CURVE('',#1203,#1211,#1216,.T.);
#1218=ORIENTED_EDGE('',*,*,#1217,.T.);
#1219=CARTESIAN_POINT('',(5.278,-23.274012975,18.006460834));
#1220=DIRECTION('',(0.,-0.832050294,0.554700196));
#1221=VECTOR('',#1220,0.008193711);
#1222=LINE('',#1219,#1221);
#1223=EDGE_CURVE('',#63,#1211,#1222,.T.);
#1224=ORIENTED_EDGE('',*,*,#1223,.F.);
#1225=EDGE_LOOP('',(#1191,#1192,#1193,#1201,#1209,#1218,#1224));
#1226=FACE_BOUND('',#1225,.T.);
#1227=ADVANCED_FACE('',(#1226),#1190,.T.);
#1228=CARTESIAN_POINT('',(9.667,-108.433219173,0.));
#1229=DIRECTION('',(0.,0.,1.));
#1230=DIRECTION('',(-1.,-0.,0.));
#1231=AXIS2_PLACEMENT_3D('',#1228,#1229,#1230);
#1232=PLANE('',#1231);
#1233=CARTESIAN_POINT('',(14.056,4.696990926,0.));
#1234=VERTEX_POINT('',#1233);
#1235=CARTESIAN_POINT('',(14.056,61.885193224,0.));
#1236=VERTEX_POINT('',#1235);
#1237=CARTESIAN_POINT('',(14.056,4.696990926,0.));
#1238=DIRECTION('',(-0.,1.,0.));
#1239=VECTOR('',#1238,57.188202298);
#1240=LINE('',#1237,#1239);
#1241=EDGE_CURVE('',#1234,#1236,#1240,.T.);
#1242=ORIENTED_EDGE('',*,*,#1241,.T.);
#1243=CARTESIAN_POINT('',(14.078,61.885193224,0.));
#1244=VERTEX_POINT('',#1243);
#1245=CARTESIAN_POINT('',(14.056,61.885193224,0.));
#1246=DIRECTION('',(1.,0.,-0.));
#1247=VECTOR('',#1246,0.022);
#1248=LINE('',#1245,#1247);
#1249=EDGE_CURVE('',#1236,#1244,#1248,.T.);
#1250=ORIENTED_EDGE('',*,*,#1249,.T.);
#1251=CARTESIAN_POINT('',(22.856,61.885193224,0.));
#1252=VERTEX_POINT('',#1251);
#1253=CARTESIAN_POINT('',(22.856,61.885193224,0.));
#1254=DIRECTION('',(-1.,0.,0.));
#1255=VECTOR('',#1254,8.778);
#1256=LINE('',#1253,#1255);
#1257=EDGE_CURVE('',#1252,#1244,#1256,.T.);
#1258=ORIENTED_EDGE('',*,*,#1257,.F.);
#1259=CARTESIAN_POINT('',(22.856,4.696990926,-0.));
#1260=VERTEX_POINT('',#1259);
#1261=CARTESIAN_POINT('',(22.856,4.696990926,0.));
#1262=DIRECTION('',(-0.,1.,0.));
#1263=VECTOR('',#1262,57.188202298);
#1264=LINE('',#1261,#1263);
#1265=EDGE_CURVE('',#1260,#1252,#1264,.T.);
#1266=ORIENTED_EDGE('',*,*,#1265,.F.);
#1267=CARTESIAN_POINT('',(26.356,4.696990926,0.));
#1268=VERTEX_POINT('',#1267);
#1269=CARTESIAN_POINT('',(22.856,4.696990926,0.));
#1270=DIRECTION('',(1.,0.,-0.));
#1271=VECTOR('',#1270,3.5);
#1272=LINE('',#1269,#1271);
#1273=EDGE_CURVE('',#1260,#1268,#1272,.T.);
#1274=ORIENTED_EDGE('',*,*,#1273,.T.);
#1275=CARTESIAN_POINT('',(26.356,-13.716676437,0.));
#1276=VERTEX_POINT('',#1275);
#1277=CARTESIAN_POINT('',(26.356,-13.716676437,0.));
#1278=DIRECTION('',(-0.,1.,0.));
#1279=VECTOR('',#1278,18.413667363);
#1280=LINE('',#1277,#1279);
#1281=EDGE_CURVE('',#1276,#1268,#1280,.T.);
#1282=ORIENTED_EDGE('',*,*,#1281,.F.);
#1283=CARTESIAN_POINT('',(28.134,-13.716676437,0.));
#1284=VERTEX_POINT('',#1283);
#1285=CARTESIAN_POINT('',(26.356,-13.716676437,0.));
#1286=DIRECTION('',(1.,0.,0.));
#1287=VECTOR('',#1286,1.778);
#1288=LINE('',#1285,#1287);
#1289=EDGE_CURVE('',#1276,#1284,#1288,.T.);
#1290=ORIENTED_EDGE('',*,*,#1289,.T.);
#1291=CARTESIAN_POINT('',(28.134,4.696990926,0.));
#1292=VERTEX_POINT('',#1291);
#1293=CARTESIAN_POINT('',(28.134,-13.716676437,0.));
#1294=DIRECTION('',(-0.,1.,0.));
#1295=VECTOR('',#1294,18.413667363);
#1296=LINE('',#1293,#1295);
#1297=EDGE_CURVE('',#1284,#1292,#1296,.T.);
#1298=ORIENTED_EDGE('',*,*,#1297,.T.);
#1299=CARTESIAN_POINT('',(31.634,4.696990926,0.));
#1300=VERTEX_POINT('',#1299);
#1301=CARTESIAN_POINT('',(28.134,4.696990926,-0.));
#1302=DIRECTION('',(1.,0.,-0.));
#1303=VECTOR('',#1302,3.5);
#1304=LINE('',#1301,#1303);
#1305=EDGE_CURVE('',#1292,#1300,#1304,.T.);
#1306=ORIENTED_EDGE('',*,*,#1305,.T.);
#1307=CARTESIAN_POINT('',(31.634,61.885193224,0.));
#1308=VERTEX_POINT('',#1307);
#1309=CARTESIAN_POINT('',(31.634,4.696990926,0.));
#1310=DIRECTION('',(-0.,1.,0.));
#1311=VECTOR('',#1310,57.188202298);
#1312=LINE('',#1309,#1311);
#1313=EDGE_CURVE('',#1300,#1308,#1312,.T.);
#1314=ORIENTED_EDGE('',*,*,#1313,.T.);
#1315=CARTESIAN_POINT('',(31.656,61.885193224,0.));
#1316=VERTEX_POINT('',#1315);
#1317=CARTESIAN_POINT('',(31.634,61.885193224,0.));
#1318=DIRECTION('',(1.,0.,-0.));
#1319=VECTOR('',#1318,0.022);
#1320=LINE('',#1317,#1319);
#1321=EDGE_CURVE('',#1308,#1316,#1320,.T.);
#1322=ORIENTED_EDGE('',*,*,#1321,.T.);
#1323=CARTESIAN_POINT('',(40.434,61.885193224,0.));
#1324=VERTEX_POINT('',#1323);
#1325=CARTESIAN_POINT('',(40.434,61.885193224,0.));
#1326=DIRECTION('',(-1.,0.,0.));
#1327=VECTOR('',#1326,8.778);
#1328=LINE('',#1325,#1327);
#1329=EDGE_CURVE('',#1324,#1316,#1328,.T.);
#1330=ORIENTED_EDGE('',*,*,#1329,.F.);
#1331=CARTESIAN_POINT('',(40.434,4.696990926,-0.));
#1332=VERTEX_POINT('',#1331);
#1333=CARTESIAN_POINT('',(40.434,4.696990926,0.));
#1334=DIRECTION('',(-0.,1.,0.));
#1335=VECTOR('',#1334,57.188202298);
#1336=LINE('',#1333,#1335);
#1337=EDGE_CURVE('',#1332,#1324,#1336,.T.);
#1338=ORIENTED_EDGE('',*,*,#1337,.F.);
#1339=CARTESIAN_POINT('',(43.934,4.696990926,0.));
#1340=VERTEX_POINT('',#1339);
#1341=CARTESIAN_POINT('',(40.434,4.696990926,0.));
#1342=DIRECTION('',(1.,0.,-0.));
#1343=VECTOR('',#1342,3.5);
#1344=LINE('',#1341,#1343);
#1345=EDGE_CURVE('',#1332,#1340,#1344,.T.);
#1346=ORIENTED_EDGE('',*,*,#1345,.T.);
#1347=CARTESIAN_POINT('',(43.934,-13.716676437,0.));
#1348=VERTEX_POINT('',#1347);
#1349=CARTESIAN_POINT('',(43.934,-13.716676437,0.));
#1350=DIRECTION('',(-0.,1.,0.));
#1351=VECTOR('',#1350,18.413667363);
#1352=LINE('',#1349,#1351);
#1353=EDGE_CURVE('',#1348,#1340,#1352,.T.);
#1354=ORIENTED_EDGE('',*,*,#1353,.F.);
#1355=CARTESIAN_POINT('',(45.712,-13.716676437,0.));
#1356=VERTEX_POINT('',#1355);
#1357=CARTESIAN_POINT('',(43.934,-13.716676437,0.));
#1358=DIRECTION('',(1.,0.,0.));
#1359=VECTOR('',#1358,1.778);
#1360=LINE('',#1357,#1359);
#1361=EDGE_CURVE('',#1348,#1356,#1360,.T.);
#1362=ORIENTED_EDGE('',*,*,#1361,.T.);
#1363=CARTESIAN_POINT('',(45.712,4.696990926,0.));
#1364=VERTEX_POINT('',#1363);
#1365=CARTESIAN_POINT('',(45.712,-13.716676437,0.));
#1366=DIRECTION('',(-0.,1.,0.));
#1367=VECTOR('',#1366,18.413667363);
#1368=LINE('',#1365,#1367);
#1369=EDGE_CURVE('',#1356,#1364,#1368,.T.);
#1370=ORIENTED_EDGE('',*,*,#1369,.T.);
#1371=CARTESIAN_POINT('',(49.212,4.696990926,0.));
#1372=VERTEX_POINT('',#1371);
#1373=CARTESIAN_POINT('',(45.712,4.696990926,-0.));
#1374=DIRECTION('',(1.,0.,-0.));
#1375=VECTOR('',#1374,3.5);
#1376=LINE('',#1373,#1375);
#1377=EDGE_CURVE('',#1364,#1372,#1376,.T.);
#1378=ORIENTED_EDGE('',*,*,#1377,.T.);
#1379=CARTESIAN_POINT('',(49.212,61.885193224,0.));
#1380=VERTEX_POINT('',#1379);
#1381=CARTESIAN_POINT('',(49.212,4.696990926,0.));
#1382=DIRECTION('',(-0.,1.,0.));
#1383=VECTOR('',#1382,57.188202298);
#1384=LINE('',#1381,#1383);
#1385=EDGE_CURVE('',#1372,#1380,#1384,.T.);
#1386=ORIENTED_EDGE('',*,*,#1385,.T.);
#1387=CARTESIAN_POINT('',(49.234,61.885193224,0.));
#1388=VERTEX_POINT('',#1387);
#1389=CARTESIAN_POINT('',(49.212,61.885193224,0.));
#1390=DIRECTION('',(1.,0.,-0.));
#1391=VECTOR('',#1390,0.022);
#1392=LINE('',#1389,#1391);
#1393=EDGE_CURVE('',#1380,#1388,#1392,.T.);
#1394=ORIENTED_EDGE('',*,*,#1393,.T.);
#1395=CARTESIAN_POINT('',(58.012,61.885193224,0.));
#1396=VERTEX_POINT('',#1395);
#1397=CARTESIAN_POINT('',(58.012,61.885193224,0.));
#1398=DIRECTION('',(-1.,0.,0.));
#1399=VECTOR('',#1398,8.778);
#1400=LINE('',#1397,#1399);
#1401=EDGE_CURVE('',#1396,#1388,#1400,.T.);
#1402=ORIENTED_EDGE('',*,*,#1401,.F.);
#1403=CARTESIAN_POINT('',(58.012,4.696990926,-0.));
#1404=VERTEX_POINT('',#1403);
#1405=CARTESIAN_POINT('',(58.012,4.696990926,0.));
#1406=DIRECTION('',(-0.,1.,0.));
#1407=VECTOR('',#1406,57.188202298);
#1408=LINE('',#1405,#1407);
#1409=EDGE_CURVE('',#1404,#1396,#1408,.T.);
#1410=ORIENTED_EDGE('',*,*,#1409,.F.);
#1411=CARTESIAN_POINT('',(61.512,4.696990926,0.));
#1412=VERTEX_POINT('',#1411);
#1413=CARTESIAN_POINT('',(58.012,4.696990926,0.));
#1414=DIRECTION('',(1.,0.,-0.));
#1415=VECTOR('',#1414,3.5);
#1416=LINE('',#1413,#1415);
#1417=EDGE_CURVE('',#1404,#1412,#1416,.T.);
#1418=ORIENTED_EDGE('',*,*,#1417,.T.);
#1419=CARTESIAN_POINT('',(61.512,-13.716676437,0.));
#1420=VERTEX_POINT('',#1419);
#1421=CARTESIAN_POINT('',(61.512,-13.716676437,0.));
#1422=DIRECTION('',(-0.,1.,0.));
#1423=VECTOR('',#1422,18.413667363);
#1424=LINE('',#1421,#1423);
#1425=EDGE_CURVE('',#1420,#1412,#1424,.T.);
#1426=ORIENTED_EDGE('',*,*,#1425,.F.);
#1427=CARTESIAN_POINT('',(63.29,-13.716676437,0.));
#1428=VERTEX_POINT('',#1427);
#1429=CARTESIAN_POINT('',(61.512,-13.716676437,0.));
#1430=DIRECTION('',(1.,0.,0.));
#1431=VECTOR('',#1430,1.778);
#1432=LINE('',#1429,#1431);
#1433=EDGE_CURVE('',#1420,#1428,#1432,.T.);
#1434=ORIENTED_EDGE('',*,*,#1433,.T.);
#1435=CARTESIAN_POINT('',(63.29,4.696990926,0.));
#1436=VERTEX_POINT('',#1435);
#1437=CARTESIAN_POINT('',(63.29,-13.716676437,0.));
#1438=DIRECTION('',(-0.,1.,0.));
#1439=VECTOR('',#1438,18.413667363);
#1440=LINE('',#1437,#1439);
#1441=EDGE_CURVE('',#1428,#1436,#1440,.T.);
#1442=ORIENTED_EDGE('',*,*,#1441,.T.);
#1443=CARTESIAN_POINT('',(66.79,4.696990926,0.));
#1444=VERTEX_POINT('',#1443);
#1445=CARTESIAN_POINT('',(63.29,4.696990926,-0.));
#1446=DIRECTION('',(1.,0.,-0.));
#1447=VECTOR('',#1446,3.5);
#1448=LINE('',#1445,#1447);
#1449=EDGE_CURVE('',#1436,#1444,#1448,.T.);
#1450=ORIENTED_EDGE('',*,*,#1449,.T.);
#1451=CARTESIAN_POINT('',(66.79,107.816780827,0.));
#1452=VERTEX_POINT('',#1451);
#1453=CARTESIAN_POINT('',(66.79,4.696990926,0.));
#1454=DIRECTION('',(-0.,1.,0.));
#1455=VECTOR('',#1454,103.119789901);
#1456=LINE('',#1453,#1455);
#1457=EDGE_CURVE('',#1444,#1452,#1456,.T.);
#1458=ORIENTED_EDGE('',*,*,#1457,.T.);
#1459=CARTESIAN_POINT('',(-3.522,107.816780827,0.));
#1460=VERTEX_POINT('',#1459);
#1461=CARTESIAN_POINT('',(-3.522,107.816780827,0.));
#1462=DIRECTION('',(1.,0.,0.));
#1463=VECTOR('',#1462,70.312);
#1464=LINE('',#1461,#1463);
#1465=EDGE_CURVE('',#1460,#1452,#1464,.T.);
#1466=ORIENTED_EDGE('',*,*,#1465,.F.);
#1467=CARTESIAN_POINT('',(-3.522,61.885193224,0.));
#1468=DIRECTION('',(0.,1.,0.));
#1469=VECTOR('',#1468,45.931587603);
#1470=LINE('',#1467,#1469);
#1471=EDGE_CURVE('',#1169,#1460,#1470,.T.);
#1472=ORIENTED_EDGE('',*,*,#1471,.F.);
#1473=ORIENTED_EDGE('',*,*,#1174,.T.);
#1474=ORIENTED_EDGE('',*,*,#708,.F.);
#1475=ORIENTED_EDGE('',*,*,#85,.F.);
#1476=CARTESIAN_POINT('',(8.778,4.696990926,0.));
#1477=VERTEX_POINT('',#1476);
#1478=CARTESIAN_POINT('',(5.278,4.696990926,0.));
#1479=DIRECTION('',(1.,0.,-0.));
#1480=VECTOR('',#1479,3.5);
#1481=LINE('',#1478,#1480);
#1482=EDGE_CURVE('',#71,#1477,#1481,.T.);
#1483=ORIENTED_EDGE('',*,*,#1482,.T.);
#1484=CARTESIAN_POINT('',(8.778,-13.716676437,0.));
#1485=VERTEX_POINT('',#1484);
#1486=CARTESIAN_POINT('',(8.778,-13.716676437,0.));
#1487=DIRECTION('',(-0.,1.,0.));
#1488=VECTOR('',#1487,18.413667363);
#1489=LINE('',#1486,#1488);
#1490=EDGE_CURVE('',#1485,#1477,#1489,.T.);
#1491=ORIENTED_EDGE('',*,*,#1490,.F.);
#1492=CARTESIAN_POINT('',(10.556,-13.716676437,0.));
#1493=VERTEX_POINT('',#1492);
#1494=CARTESIAN_POINT('',(8.778,-13.716676437,0.));
#1495=DIRECTION('',(1.,0.,0.));
#1496=VECTOR('',#1495,1.778);
#1497=LINE('',#1494,#1496);
#1498=EDGE_CURVE('',#1485,#1493,#1497,.T.);
#1499=ORIENTED_EDGE('',*,*,#1498,.T.);
#1500=CARTESIAN_POINT('',(10.556,4.696990926,0.));
#1501=VERTEX_POINT('',#1500);
#1502=CARTESIAN_POINT('',(10.556,-13.716676437,0.));
#1503=DIRECTION('',(-0.,1.,0.));
#1504=VECTOR('',#1503,18.413667363);
#1505=LINE('',#1502,#1504);
#1506=EDGE_CURVE('',#1493,#1501,#1505,.T.);
#1507=ORIENTED_EDGE('',*,*,#1506,.T.);
#1508=CARTESIAN_POINT('',(10.556,4.696990926,-0.));
#1509=DIRECTION('',(1.,0.,-0.));
#1510=VECTOR('',#1509,3.5);
#1511=LINE('',#1508,#1510);
#1512=EDGE_CURVE('',#1501,#1234,#1511,.T.);
#1513=ORIENTED_EDGE('',*,*,#1512,.T.);
#1514=EDGE_LOOP('',(#1242,#1250,#1258,#1266,#1274,#1282,#1290,#1298,#1306,#1314,#1322,#1330,#1338,#1346,#1354,#1362,#1370,#1378,#1386,#1394,#1402,#1410,#1418,#1426,#1434,#1442,
#1450,#1458,#1466,#1472,#1473,#1474,#1475,#1483,#1491,#1499,#1507,#1513));
#1515=FACE_BOUND('',#1514,.T.);
#1516=ADVANCED_FACE('',(#1515),#1232,.T.);
#1517=CARTESIAN_POINT('',(14.056,-108.433219173,-1.5875));
#1518=DIRECTION('',(1.,0.,-0.));
#1519=DIRECTION('',(0.,0.,1.));
#1520=AXIS2_PLACEMENT_3D('',#1517,#1518,#1519);
#1521=PLANE('',#1520);
#1522=CARTESIAN_POINT('',(14.056,61.885193224,0.));
#1523=DIRECTION('',(0.,0.,-1.));
#1524=VECTOR('',#1523,2.);
#1525=LINE('',#1522,#1524);
#1526=EDGE_CURVE('',#1236,#598,#1525,.T.);
#1527=ORIENTED_EDGE('',*,*,#1526,.F.);
#1528=ORIENTED_EDGE('',*,*,#1241,.F.);
#1529=CARTESIAN_POINT('',(14.056,2.935817803,0.533240315));
#1530=VERTEX_POINT('',#1529);
#1531=CARTESIAN_POINT('',(14.056,4.696990926,3.175));
#1532=DIRECTION('',(1.,0.,-0.));
#1533=DIRECTION('',(0.,0.,1.));
#1534=AXIS2_PLACEMENT_3D('',#1531,#1532,#1533);
#1535=CIRCLE('',#1534,3.175);
#1536=EDGE_CURVE('',#1530,#1234,#1535,.T.);
#1537=ORIENTED_EDGE('',*,*,#1536,.F.);
#1538=CARTESIAN_POINT('',(14.056,-23.280830554,18.011005887));
#1539=VERTEX_POINT('',#1538);
#1540=CARTESIAN_POINT('',(14.056,2.935817803,0.533240315));
#1541=DIRECTION('',(0.,-0.832050294,0.554700196));
#1542=VECTOR('',#1541,31.508489974);
#1543=LINE('',#1540,#1542);
#1544=EDGE_CURVE('',#1530,#1539,#1543,.T.);
#1545=ORIENTED_EDGE('',*,*,#1544,.T.);
#1546=CARTESIAN_POINT('',(14.056,-34.374834478,21.37));
#1547=VERTEX_POINT('',#1546);
#1548=CARTESIAN_POINT('',(14.056,-34.374834478,1.37));
#1549=DIRECTION('',(1.,0.,-0.));
#1550=DIRECTION('',(0.,0.,1.));
#1551=AXIS2_PLACEMENT_3D('',#1548,#1549,#1550);
#1552=CIRCLE('',#1551,20.);
#1553=EDGE_CURVE('',#1539,#1547,#1552,.T.);
#1554=ORIENTED_EDGE('',*,*,#1553,.T.);
#1555=CARTESIAN_POINT('',(14.056,-108.433219173,21.37));
#1556=VERTEX_POINT('',#1555);
#1557=CARTESIAN_POINT('',(14.056,-34.374834478,21.37));
#1558=DIRECTION('',(0.,-1.,0.));
#1559=VECTOR('',#1558,74.058384695);
#1560=LINE('',#1557,#1559);
#1561=EDGE_CURVE('',#1547,#1556,#1560,.T.);
#1562=ORIENTED_EDGE('',*,*,#1561,.T.);
#1563=CARTESIAN_POINT('',(14.056,-108.433219173,21.37));
#1564=DIRECTION('',(-0.,-0.,-1.));
#1565=VECTOR('',#1564,21.37);
#1566=LINE('',#1563,#1565);
#1567=EDGE_CURVE('',#1556,#369,#1566,.T.);
#1568=ORIENTED_EDGE('',*,*,#1567,.T.);
#1569=ORIENTED_EDGE('',*,*,#1149,.T.);
#1570=ORIENTED_EDGE('',*,*,#603,.T.);
#1571=EDGE_LOOP('',(#1527,#1528,#1537,#1545,#1554,#1562,#1568,#1569,#1570));
#1572=FACE_BOUND('',#1571,.T.);
#1573=ADVANCED_FACE('',(#1572),#1521,.T.);
#1574=CARTESIAN_POINT('',(10.556,-108.433219173,0.));
#1575=DIRECTION('',(-0.,1.,0.));
#1576=DIRECTION('',(-1.,-0.,0.));
#1577=AXIS2_PLACEMENT_3D('',#1574,#1575,#1576);
#1578=PLANE('',#1577);
#1579=ORIENTED_EDGE('',*,*,#382,.F.);
#1580=ORIENTED_EDGE('',*,*,#1567,.F.);
#1581=CARTESIAN_POINT('',(10.556,-108.433219173,21.37));
#1582=VERTEX_POINT('',#1581);
#1583=CARTESIAN_POINT('',(14.056,-108.433219173,21.37));
#1584=DIRECTION('',(-1.,-0.,0.));
#1585=VECTOR('',#1584,3.5);
#1586=LINE('',#1583,#1585);
#1587=EDGE_CURVE('',#1556,#1582,#1586,.T.);
#1588=ORIENTED_EDGE('',*,*,#1587,.T.);
#1589=CARTESIAN_POINT('',(10.556,-108.433219173,11.641775223));
#1590=VERTEX_POINT('',#1589);
#1591=CARTESIAN_POINT('',(10.556,-108.433219173,21.37));
#1592=DIRECTION('',(0.,0.,-1.));
#1593=VECTOR('',#1592,9.728224777);
#1594=LINE('',#1591,#1593);
#1595=EDGE_CURVE('',#1582,#1590,#1594,.T.);
#1596=ORIENTED_EDGE('',*,*,#1595,.T.);
#1597=CARTESIAN_POINT('',(8.778,-108.433219173,11.641775223));
#1598=VERTEX_POINT('',#1597);
#1599=CARTESIAN_POINT('',(8.778,-108.433219173,11.641775223));
#1600=DIRECTION('',(1.,0.,0.));
#1601=VECTOR('',#1600,1.778);
#1602=LINE('',#1599,#1601);
#1603=EDGE_CURVE('',#1598,#1590,#1602,.T.);
#1604=ORIENTED_EDGE('',*,*,#1603,.F.);
#1605=CARTESIAN_POINT('',(8.778,-108.433219173,13.97));
#1606=VERTEX_POINT('',#1605);
#1607=CARTESIAN_POINT('',(8.778,-108.433219173,13.97));
#1608=DIRECTION('',(0.,0.,-1.));
#1609=VECTOR('',#1608,2.328224777);
#1610=LINE('',#1607,#1609);
#1611=EDGE_CURVE('',#1606,#1598,#1610,.T.);
#1612=ORIENTED_EDGE('',*,*,#1611,.F.);
#1613=CARTESIAN_POINT('',(8.778,-108.433219173,21.37));
#1614=VERTEX_POINT('',#1613);
#1615=CARTESIAN_POINT('',(8.778,-108.433219173,21.37));
#1616=DIRECTION('',(0.,0.,-1.));
#1617=VECTOR('',#1616,7.4);
#1618=LINE('',#1615,#1617);
#1619=EDGE_CURVE('',#1614,#1606,#1618,.T.);
#1620=ORIENTED_EDGE('',*,*,#1619,.F.);
#1621=CARTESIAN_POINT('',(8.778,-108.433219173,21.37));
#1622=DIRECTION('',(-1.,-0.,0.));
#1623=VECTOR('',#1622,3.5);
#1624=LINE('',#1621,#1623);
#1625=EDGE_CURVE('',#1614,#1195,#1624,.T.);
#1626=ORIENTED_EDGE('',*,*,#1625,.T.);
#1627=ORIENTED_EDGE('',*,*,#1200,.F.);
#1628=EDGE_LOOP('',(#1579,#1580,#1588,#1596,#1604,#1612,#1620,#1626,#1627));
#1629=FACE_BOUND('',#1628,.T.);
#1630=ADVANCED_FACE('',(#1629),#1578,.F.);
#1631=CARTESIAN_POINT('',(8.778,-64.340266191,4.712882612));
#1632=DIRECTION('',(-0.,0.155237834,0.987877125));
#1633=DIRECTION('',(-0.,0.987877125,-0.155237834));
#1634=AXIS2_PLACEMENT_3D('',#1631,#1632,#1633);
#1635=PLANE('',#1634);
#1636=CARTESIAN_POINT('',(10.556,-54.731588181,3.202947496));
#1637=VERTEX_POINT('',#1636);
#1638=CARTESIAN_POINT('',(10.556,-54.731588181,3.202947496));
#1639=DIRECTION('',(0.,-0.987877125,0.155237834));
#1640=VECTOR('',#1639,54.360638192);
#1641=LINE('',#1638,#1640);
#1642=EDGE_CURVE('',#1637,#1590,#1641,.T.);
#1643=ORIENTED_EDGE('',*,*,#1642,.F.);
#1644=CARTESIAN_POINT('',(8.778,-54.731588181,3.202947496));
#1645=VERTEX_POINT('',#1644);
#1646=CARTESIAN_POINT('',(10.556,-54.731588181,3.202947496));
#1647=DIRECTION('',(-1.,-0.,-0.));
#1648=VECTOR('',#1647,1.778);
#1649=LINE('',#1646,#1648);
#1650=EDGE_CURVE('',#1637,#1645,#1649,.T.);
#1651=ORIENTED_EDGE('',*,*,#1650,.T.);
#1652=CARTESIAN_POINT('',(8.778,-54.731588181,3.202947496));
#1653=DIRECTION('',(0.,-0.987877125,0.155237834));
#1654=VECTOR('',#1653,54.360638192);
#1655=LINE('',#1652,#1654);
#1656=EDGE_CURVE('',#1645,#1598,#1655,.T.);
#1657=ORIENTED_EDGE('',*,*,#1656,.T.);
#1658=ORIENTED_EDGE('',*,*,#1603,.T.);
#1659=EDGE_LOOP('',(#1643,#1651,#1657,#1658));
#1660=FACE_BOUND('',#1659,.T.);
#1661=ADVANCED_FACE('',(#1660),#1635,.T.);
#1662=CARTESIAN_POINT('',(20.716,-63.983219173,21.37));
#1663=DIRECTION('',(0.,0.,-1.));
#1664=DIRECTION('',(1.,0.,0.));
#1665=AXIS2_PLACEMENT_3D('',#1662,#1663,#1664);
#1666=PLANE('',#1665);
#1667=ORIENTED_EDGE('',*,*,#1561,.F.);
#1668=CARTESIAN_POINT('',(10.556,-34.374834478,21.37));
#1669=VERTEX_POINT('',#1668);
#1670=CARTESIAN_POINT('',(14.056,-34.374834478,21.37));
#1671=DIRECTION('',(-1.,-0.,-0.));
#1672=VECTOR('',#1671,3.5);
#1673=LINE('',#1670,#1672);
#1674=EDGE_CURVE('',#1547,#1669,#1673,.T.);
#1675=ORIENTED_EDGE('',*,*,#1674,.T.);
#1676=CARTESIAN_POINT('',(10.556,-34.374834478,21.37));
#1677=DIRECTION('',(0.,-1.,0.));
#1678=VECTOR('',#1677,74.058384694);
#1679=LINE('',#1676,#1678);
#1680=EDGE_CURVE('',#1669,#1582,#1679,.T.);
#1681=ORIENTED_EDGE('',*,*,#1680,.T.);
#1682=ORIENTED_EDGE('',*,*,#1587,.F.);
#1683=EDGE_LOOP('',(#1667,#1675,#1681,#1682));
#1684=FACE_BOUND('',#1683,.T.);
#1685=ADVANCED_FACE('',(#1684),#1666,.F.);
#1686=CARTESIAN_POINT('',(10.556,-19.533219173,0.));
#1687=DIRECTION('',(-1.,-0.,0.));
#1688=DIRECTION('',(0.,-0.,1.));
#1689=AXIS2_PLACEMENT_3D('',#1686,#1687,#1688);
#1690=PLANE('',#1689);
#1691=ORIENTED_EDGE('',*,*,#1506,.F.);
#1692=CARTESIAN_POINT('',(10.556,-13.716676437,-0.));
#1693=DIRECTION('',(0.,-0.996964675,0.077855233));
#1694=VECTOR('',#1693,41.13978437);
#1695=LINE('',#1692,#1694);
#1696=EDGE_CURVE('',#1493,#1637,#1695,.T.);
#1697=ORIENTED_EDGE('',*,*,#1696,.T.);
#1698=ORIENTED_EDGE('',*,*,#1642,.T.);
#1699=ORIENTED_EDGE('',*,*,#1595,.F.);
#1700=ORIENTED_EDGE('',*,*,#1680,.F.);
#1701=CARTESIAN_POINT('',(10.556,-23.280830554,18.011005887));
#1702=VERTEX_POINT('',#1701);
#1703=CARTESIAN_POINT('',(10.556,-34.374834478,1.37));
#1704=DIRECTION('',(-1.,-0.,-0.));
#1705=DIRECTION('',(0.,0.,-1.));
#1706=AXIS2_PLACEMENT_3D('',#1703,#1704,#1705);
#1707=CIRCLE('',#1706,20.);
#1708=EDGE_CURVE('',#1669,#1702,#1707,.T.);
#1709=ORIENTED_EDGE('',*,*,#1708,.T.);
#1710=CARTESIAN_POINT('',(10.556,2.935817803,0.533240315));
#1711=VERTEX_POINT('',#1710);
#1712=CARTESIAN_POINT('',(10.556,2.935817803,0.533240315));
#1713=DIRECTION('',(0.,-0.832050294,0.554700196));
#1714=VECTOR('',#1713,31.508489974);
#1715=LINE('',#1712,#1714);
#1716=EDGE_CURVE('',#1711,#1702,#1715,.T.);
#1717=ORIENTED_EDGE('',*,*,#1716,.F.);
#1718=CARTESIAN_POINT('',(10.556,4.696990926,3.175));
#1719=DIRECTION('',(1.,0.,0.));
#1720=DIRECTION('',(0.,0.,-1.));
#1721=AXIS2_PLACEMENT_3D('',#1718,#1719,#1720);
#1722=CIRCLE('',#1721,3.175);
#1723=EDGE_CURVE('',#1711,#1501,#1722,.T.);
#1724=ORIENTED_EDGE('',*,*,#1723,.T.);
#1725=EDGE_LOOP('',(#1691,#1697,#1698,#1699,#1700,#1709,#1717,#1724));
#1726=FACE_BOUND('',#1725,.T.);
#1727=ADVANCED_FACE('',(#1726),#1690,.T.);
#1728=CARTESIAN_POINT('',(20.716,-6.512019958,6.831798823));
#1729=DIRECTION('',(0.,-0.554700196,-0.832050294));
#1730=DIRECTION('',(0.,-0.832050294,0.554700196));
#1731=AXIS2_PLACEMENT_3D('',#1728,#1729,#1730);
#1732=PLANE('',#1731);
#1733=ORIENTED_EDGE('',*,*,#1544,.F.);
#1734=CARTESIAN_POINT('',(14.056,2.935817803,0.533240315));
#1735=DIRECTION('',(-1.,-0.,0.));
#1736=VECTOR('',#1735,3.5);
#1737=LINE('',#1734,#1736);
#1738=EDGE_CURVE('',#1530,#1711,#1737,.T.);
#1739=ORIENTED_EDGE('',*,*,#1738,.T.);
#1740=ORIENTED_EDGE('',*,*,#1716,.T.);
#1741=CARTESIAN_POINT('',(10.556,-23.280830554,18.011005887));
#1742=DIRECTION('',(1.,0.,0.));
#1743=VECTOR('',#1742,3.5);
#1744=LINE('',#1741,#1743);
#1745=EDGE_CURVE('',#1702,#1539,#1744,.T.);
#1746=ORIENTED_EDGE('',*,*,#1745,.T.);
#1747=EDGE_LOOP('',(#1733,#1739,#1740,#1746));
#1748=FACE_BOUND('',#1747,.T.);
#1749=ADVANCED_FACE('',(#1748),#1732,.F.);
#1750=CARTESIAN_POINT('',(20.716,-34.374834478,1.37));
#1751=DIRECTION('',(1.,0.,-0.));
#1752=DIRECTION('',(0.,0.,1.));
#1753=AXIS2_PLACEMENT_3D('',#1750,#1751,#1752);
#1754=CYLINDRICAL_SURFACE('',#1753,20.);
#1755=ORIENTED_EDGE('',*,*,#1553,.F.);
#1756=ORIENTED_EDGE('',*,*,#1745,.F.);
#1757=ORIENTED_EDGE('',*,*,#1708,.F.);
#1758=ORIENTED_EDGE('',*,*,#1674,.F.);
#1759=EDGE_LOOP('',(#1755,#1756,#1757,#1758));
#1760=FACE_BOUND('',#1759,.T.);
#1761=ADVANCED_FACE('',(#1760),#1754,.T.);
#1762=CARTESIAN_POINT('',(20.716,4.696990926,3.175));
#1763=DIRECTION('',(-1.,-0.,-0.));
#1764=DIRECTION('',(0.,0.,-1.));
#1765=AXIS2_PLACEMENT_3D('',#1762,#1763,#1764);
#1766=CYLINDRICAL_SURFACE('',#1765,3.175);
#1767=ORIENTED_EDGE('',*,*,#1738,.F.);
#1768=ORIENTED_EDGE('',*,*,#1536,.T.);
#1769=ORIENTED_EDGE('',*,*,#1512,.F.);
#1770=ORIENTED_EDGE('',*,*,#1723,.F.);
#1771=EDGE_LOOP('',(#1767,#1768,#1769,#1770));
#1772=FACE_BOUND('',#1771,.T.);
#1773=ADVANCED_FACE('',(#1772),#1766,.F.);
#1774=CARTESIAN_POINT('',(9.667,-13.716676437,0.));
#1775=DIRECTION('',(-0.,0.077855233,0.996964675));
#1776=DIRECTION('',(-1.,-0.,0.));
#1777=AXIS2_PLACEMENT_3D('',#1774,#1775,#1776);
#1778=PLANE('',#1777);
#1779=CARTESIAN_POINT('',(8.778,-25.279248691,0.902947496));
#1780=VERTEX_POINT('',#1779);
#1781=CARTESIAN_POINT('',(8.778,-54.731588181,3.202947496));
#1782=DIRECTION('',(-0.,0.996964675,-0.077855233));
#1783=VECTOR('',#1782,29.542009096);
#1784=LINE('',#1781,#1783);
#1785=EDGE_CURVE('',#1645,#1780,#1784,.T.);
#1786=ORIENTED_EDGE('',*,*,#1785,.F.);
#1787=ORIENTED_EDGE('',*,*,#1650,.F.);
#1788=ORIENTED_EDGE('',*,*,#1696,.F.);
#1789=ORIENTED_EDGE('',*,*,#1498,.F.);
#1790=CARTESIAN_POINT('',(8.778,-25.279248691,0.902947496));
#1791=DIRECTION('',(-0.,0.996964675,-0.077855233));
#1792=VECTOR('',#1791,11.597775274);
#1793=LINE('',#1790,#1792);
#1794=EDGE_CURVE('',#1780,#1485,#1793,.T.);
#1795=ORIENTED_EDGE('',*,*,#1794,.F.);
#1796=EDGE_LOOP('',(#1786,#1787,#1788,#1789,#1795));
#1797=FACE_BOUND('',#1796,.T.);
#1798=ADVANCED_FACE('',(#1797),#1778,.T.);
#1799=CARTESIAN_POINT('',(8.778,-46.521747507,11.741522221));
#1800=DIRECTION('',(1.,0.,0.));
#1801=DIRECTION('',(0.,0.,1.));
#1802=AXIS2_PLACEMENT_3D('',#1799,#1800,#1801);
#1803=PLANE('',#1802);
#1804=ORIENTED_EDGE('',*,*,#1656,.F.);
#1805=ORIENTED_EDGE('',*,*,#1785,.T.);
#1806=CARTESIAN_POINT('',(8.778,-108.433219173,13.97));
#1807=DIRECTION('',(-0.,0.987877125,-0.155237834));
#1808=VECTOR('',#1807,84.174406253);
#1809=LINE('',#1806,#1808);
#1810=EDGE_CURVE('',#1606,#1780,#1809,.T.);
#1811=ORIENTED_EDGE('',*,*,#1810,.F.);
#1812=ORIENTED_EDGE('',*,*,#1611,.T.);
#1813=EDGE_LOOP('',(#1804,#1805,#1811,#1812));
#1814=FACE_BOUND('',#1813,.T.);
#1815=ADVANCED_FACE('',(#1814),#1803,.T.);
#1816=CARTESIAN_POINT('',(10.556,-19.533219173,21.37));
#1817=DIRECTION('',(0.,0.,1.));
#1818=DIRECTION('',(-1.,-0.,0.));
#1819=AXIS2_PLACEMENT_3D('',#1816,#1817,#1818);
#1820=PLANE('',#1819);
#1821=ORIENTED_EDGE('',*,*,#1208,.F.);
#1822=ORIENTED_EDGE('',*,*,#1625,.F.);
#1823=CARTESIAN_POINT('',(8.778,-34.374834478,21.37));
#1824=VERTEX_POINT('',#1823);
#1825=CARTESIAN_POINT('',(8.778,-34.374834478,21.37));
#1826=DIRECTION('',(0.,-1.,0.));
#1827=VECTOR('',#1826,74.058384694);
#1828=LINE('',#1825,#1827);
#1829=EDGE_CURVE('',#1824,#1614,#1828,.T.);
#1830=ORIENTED_EDGE('',*,*,#1829,.F.);
#1831=CARTESIAN_POINT('',(8.778,-34.374834478,21.37));
#1832=DIRECTION('',(-1.,-0.,0.));
#1833=VECTOR('',#1832,3.5);
#1834=LINE('',#1831,#1833);
#1835=EDGE_CURVE('',#1824,#1203,#1834,.T.);
#1836=ORIENTED_EDGE('',*,*,#1835,.T.);
#1837=EDGE_LOOP('',(#1821,#1822,#1830,#1836));
#1838=FACE_BOUND('',#1837,.T.);
#1839=ADVANCED_FACE('',(#1838),#1820,.T.);
#1840=CARTESIAN_POINT('',(10.556,-34.374834478,1.37));
#1841=DIRECTION('',(1.,0.,-0.));
#1842=DIRECTION('',(0.,0.,1.));
#1843=AXIS2_PLACEMENT_3D('',#1840,#1841,#1842);
#1844=CYLINDRICAL_SURFACE('',#1843,20.);
#1845=ORIENTED_EDGE('',*,*,#1217,.F.);
#1846=ORIENTED_EDGE('',*,*,#1835,.F.);
#1847=CARTESIAN_POINT('',(8.778,-23.280830554,18.011005887));
#1848=VERTEX_POINT('',#1847);
#1849=CARTESIAN_POINT('',(8.778,-34.374834478,1.37));
#1850=DIRECTION('',(1.,0.,-0.));
#1851=DIRECTION('',(0.,0.,1.));
#1852=AXIS2_PLACEMENT_3D('',#1849,#1850,#1851);
#1853=CIRCLE('',#1852,20.);
#1854=EDGE_CURVE('',#1848,#1824,#1853,.T.);
#1855=ORIENTED_EDGE('',*,*,#1854,.F.);
#1856=CARTESIAN_POINT('',(5.278,-23.280830554,18.011005887));
#1857=DIRECTION('',(1.,0.,-0.));
#1858=VECTOR('',#1857,3.5);
#1859=LINE('',#1856,#1858);
#1860=EDGE_CURVE('',#1211,#1848,#1859,.T.);
#1861=ORIENTED_EDGE('',*,*,#1860,.F.);
#1862=EDGE_LOOP('',(#1845,#1846,#1855,#1861));
#1863=FACE_BOUND('',#1862,.T.);
#1864=ADVANCED_FACE('',(#1863),#1844,.T.);
#1865=CARTESIAN_POINT('',(8.778,-6.512019958,6.831798823));
#1866=DIRECTION('',(0.,-0.554700196,-0.832050294));
#1867=DIRECTION('',(0.,-0.832050294,0.554700196));
#1868=AXIS2_PLACEMENT_3D('',#1865,#1866,#1867);
#1869=PLANE('',#1868);
#1870=ORIENTED_EDGE('',*,*,#68,.T.);
#1871=ORIENTED_EDGE('',*,*,#1223,.T.);
#1872=ORIENTED_EDGE('',*,*,#1860,.T.);
#1873=CARTESIAN_POINT('',(8.778,2.935817803,0.533240315));
#1874=VERTEX_POINT('',#1873);
#1875=CARTESIAN_POINT('',(8.778,2.935817803,0.533240315));
#1876=DIRECTION('',(0.,-0.832050294,0.554700196));
#1877=VECTOR('',#1876,31.508489974);
#1878=LINE('',#1875,#1877);
#1879=EDGE_CURVE('',#1874,#1848,#1878,.T.);
#1880=ORIENTED_EDGE('',*,*,#1879,.F.);
#1881=CARTESIAN_POINT('',(8.778,2.935817803,0.533240315));
#1882=DIRECTION('',(-1.,-0.,0.));
#1883=VECTOR('',#1882,3.5);
#1884=LINE('',#1881,#1883);
#1885=EDGE_CURVE('',#1874,#61,#1884,.T.);
#1886=ORIENTED_EDGE('',*,*,#1885,.T.);
#1887=EDGE_LOOP('',(#1870,#1871,#1872,#1880,#1886));
#1888=FACE_BOUND('',#1887,.T.);
#1889=ADVANCED_FACE('',(#1888),#1869,.F.);
#1890=CARTESIAN_POINT('',(8.778,4.696990926,3.175));
#1891=DIRECTION('',(-1.,-0.,-0.));
#1892=DIRECTION('',(0.,0.,-1.));
#1893=AXIS2_PLACEMENT_3D('',#1890,#1891,#1892);
#1894=CYLINDRICAL_SURFACE('',#1893,3.175);
#1895=CARTESIAN_POINT('',(8.778,4.696990926,3.175));
#1896=DIRECTION('',(-1.,-0.,0.));
#1897=DIRECTION('',(0.,0.,1.));
#1898=AXIS2_PLACEMENT_3D('',#1895,#1896,#1897);
#1899=CIRCLE('',#1898,3.175);
#1900=EDGE_CURVE('',#1477,#1874,#1899,.T.);
#1901=ORIENTED_EDGE('',*,*,#1900,.F.);
#1902=ORIENTED_EDGE('',*,*,#1482,.F.);
#1903=ORIENTED_EDGE('',*,*,#77,.F.);
#1904=ORIENTED_EDGE('',*,*,#1885,.F.);
#1905=EDGE_LOOP('',(#1901,#1902,#1903,#1904));
#1906=FACE_BOUND('',#1905,.T.);
#1907=ADVANCED_FACE('',(#1906),#1894,.F.);
#1908=CARTESIAN_POINT('',(8.778,-63.983219173,20.32));
#1909=DIRECTION('',(1.,0.,0.));
#1910=DIRECTION('',(0.,0.,1.));
#1911=AXIS2_PLACEMENT_3D('',#1908,#1909,#1910);
#1912=PLANE('',#1911);
#1913=ORIENTED_EDGE('',*,*,#1810,.T.);
#1914=ORIENTED_EDGE('',*,*,#1794,.T.);
#1915=ORIENTED_EDGE('',*,*,#1490,.T.);
#1916=ORIENTED_EDGE('',*,*,#1900,.T.);
#1917=ORIENTED_EDGE('',*,*,#1879,.T.);
#1918=ORIENTED_EDGE('',*,*,#1854,.T.);
#1919=ORIENTED_EDGE('',*,*,#1829,.T.);
#1920=ORIENTED_EDGE('',*,*,#1619,.T.);
#1921=EDGE_LOOP('',(#1913,#1914,#1915,#1916,#1917,#1918,#1919,#1920));
#1922=FACE_BOUND('',#1921,.T.);
#1923=ADVANCED_FACE('',(#1922),#1912,.T.);
#1924=CARTESIAN_POINT('',(5.256,113.230994389,-6.242640687));
#1925=DIRECTION('',(1.,0.,-0.));
#1926=DIRECTION('',(0.,0.,1.));
#1927=AXIS2_PLACEMENT_3D('',#1924,#1925,#1926);
#1928=CYLINDRICAL_SURFACE('',#1927,8.263429751);
#1929=CARTESIAN_POINT('',(66.79,113.230994389,2.020789064));
#1930=VERTEX_POINT('',#1929);
#1931=CARTESIAN_POINT('',(-3.522,113.230994389,2.020789064));
#1932=VERTEX_POINT('',#1931);
#1933=CARTESIAN_POINT('',(66.79,113.230994389,2.020789064));
#1934=DIRECTION('',(-1.,-0.,-0.));
#1935=VECTOR('',#1934,70.312);
#1936=LINE('',#1933,#1935);
#1937=EDGE_CURVE('',#1930,#1932,#1936,.T.);
#1938=ORIENTED_EDGE('',*,*,#1937,.T.);
#1939=CARTESIAN_POINT('',(-3.522,113.230994389,-6.242640687));
#1940=DIRECTION('',(-1.,0.,0.));
#1941=DIRECTION('',(0.,0.,1.));
#1942=AXIS2_PLACEMENT_3D('',#1939,#1940,#1941);
#1943=CIRCLE('',#1942,8.263429751);
#1944=EDGE_CURVE('',#1460,#1932,#1943,.T.);
#1945=ORIENTED_EDGE('',*,*,#1944,.F.);
#1946=ORIENTED_EDGE('',*,*,#1465,.T.);
#1947=CARTESIAN_POINT('',(66.79,113.230994389,-6.242640687));
#1948=DIRECTION('',(-1.,-0.,-0.));
#1949=DIRECTION('',(0.,0.,-1.));
#1950=AXIS2_PLACEMENT_3D('',#1947,#1948,#1949);
#1951=CIRCLE('',#1950,8.263429751);
#1952=EDGE_CURVE('',#1452,#1930,#1951,.T.);
#1953=ORIENTED_EDGE('',*,*,#1952,.T.);
#1954=EDGE_LOOP('',(#1938,#1945,#1946,#1953));
#1955=FACE_BOUND('',#1954,.T.);
#1956=ADVANCED_FACE('',(#1955),#1928,.T.);
#1957=CARTESIAN_POINT('',(5.256,113.516780827,1.715659352));
#1958=DIRECTION('',(1.,0.,-0.));
#1959=DIRECTION('',(0.,0.,1.));
#1960=AXIS2_PLACEMENT_3D('',#1957,#1958,#1959);
#1961=CYLINDRICAL_SURFACE('',#1960,0.3);
#1962=CARTESIAN_POINT('',(-3.522,113.816780827,1.715659352));
#1963=VERTEX_POINT('',#1962);
#1964=CARTESIAN_POINT('',(66.79,113.816780827,1.715659352));
#1965=VERTEX_POINT('',#1964);
#1966=CARTESIAN_POINT('',(-3.522,113.816780827,1.715659352));
#1967=DIRECTION('',(1.,0.,-0.));
#1968=VECTOR('',#1967,70.312);
#1969=LINE('',#1966,#1968);
#1970=EDGE_CURVE('',#1963,#1965,#1969,.T.);
#1971=ORIENTED_EDGE('',*,*,#1970,.F.);
#1972=CARTESIAN_POINT('',(-3.522,113.527547034,2.015466104));
#1973=VERTEX_POINT('',#1972);
#1974=CARTESIAN_POINT('',(-3.522,113.516780827,1.715659352));
#1975=DIRECTION('',(-1.,0.,0.));
#1976=DIRECTION('',(0.,0.,1.));
#1977=AXIS2_PLACEMENT_3D('',#1974,#1975,#1976);
#1978=CIRCLE('',#1977,0.3);
#1979=EDGE_CURVE('',#1973,#1963,#1978,.T.);
#1980=ORIENTED_EDGE('',*,*,#1979,.F.);
#1981=CARTESIAN_POINT('',(66.79,113.527547034,2.015466104));
#1982=VERTEX_POINT('',#1981);
#1983=CARTESIAN_POINT('',(66.79,113.527547034,2.015466104));
#1984=DIRECTION('',(-1.,-0.,-0.));
#1985=VECTOR('',#1984,70.312);
#1986=LINE('',#1983,#1985);
#1987=EDGE_CURVE('',#1982,#1973,#1986,.T.);
#1988=ORIENTED_EDGE('',*,*,#1987,.F.);
#1989=CARTESIAN_POINT('',(66.79,113.516780827,1.715659352));
#1990=DIRECTION('',(1.,0.,0.));
#1991=DIRECTION('',(0.,0.,-1.));
#1992=AXIS2_PLACEMENT_3D('',#1989,#1990,#1991);
#1993=CIRCLE('',#1992,0.3);
#1994=EDGE_CURVE('',#1965,#1982,#1993,.T.);
#1995=ORIENTED_EDGE('',*,*,#1994,.F.);
#1996=EDGE_LOOP('',(#1971,#1980,#1988,#1995));
#1997=FACE_BOUND('',#1996,.T.);
#1998=ADVANCED_FACE('',(#1997),#1961,.T.);
#1999=CARTESIAN_POINT('',(10.556,113.816780827,0.));
#2000=DIRECTION('',(-0.,1.,0.));
#2001=DIRECTION('',(-1.,-0.,0.));
#2002=AXIS2_PLACEMENT_3D('',#1999,#2000,#2001);
#2003=PLANE('',#2002);
#2004=ORIENTED_EDGE('',*,*,#546,.T.);
#2005=CARTESIAN_POINT('',(-3.522,113.816780827,-2.));
#2006=DIRECTION('',(0.,0.,1.));
#2007=VECTOR('',#2006,3.715659352);
#2008=LINE('',#2005,#2007);
#2009=EDGE_CURVE('',#541,#1963,#2008,.T.);
#2010=ORIENTED_EDGE('',*,*,#2009,.T.);
#2011=ORIENTED_EDGE('',*,*,#1970,.T.);
#2012=CARTESIAN_POINT('',(66.79,113.816780827,1.715659352));
#2013=DIRECTION('',(-0.,-0.,-1.));
#2014=VECTOR('',#2013,3.715659352);
#2015=LINE('',#2012,#2014);
#2016=EDGE_CURVE('',#1965,#539,#2015,.T.);
#2017=ORIENTED_EDGE('',*,*,#2016,.T.);
#2018=EDGE_LOOP('',(#2004,#2010,#2011,#2017));
#2019=FACE_BOUND('',#2018,.T.);
#2020=ADVANCED_FACE('',(#2019),#2003,.T.);
#2021=CARTESIAN_POINT('',(-3.522,0.,0.));
#2022=DIRECTION('',(-1.,0.,0.));
#2023=DIRECTION('',(0.,-1.,0.));
#2024=AXIS2_PLACEMENT_3D('',#2021,#2022,#2023);
#2025=PLANE('',#2024);
#2026=ORIENTED_EDGE('',*,*,#591,.F.);
#2027=ORIENTED_EDGE('',*,*,#1180,.F.);
#2028=ORIENTED_EDGE('',*,*,#1471,.T.);
#2029=ORIENTED_EDGE('',*,*,#1944,.T.);
#2030=CARTESIAN_POINT('',(-3.522,113.230994389,-6.242640687));
#2031=DIRECTION('',(-1.,0.,0.));
#2032=DIRECTION('',(0.,0.,1.));
#2033=AXIS2_PLACEMENT_3D('',#2030,#2031,#2032);
#2034=CIRCLE('',#2033,8.263429751);
#2035=EDGE_CURVE('',#1932,#1973,#2034,.T.);
#2036=ORIENTED_EDGE('',*,*,#2035,.T.);
#2037=ORIENTED_EDGE('',*,*,#1979,.T.);
#2038=ORIENTED_EDGE('',*,*,#2009,.F.);
#2039=EDGE_LOOP('',(#2026,#2027,#2028,#2029,#2036,#2037,#2038));
#2040=FACE_BOUND('',#2039,.T.);
#2041=ADVANCED_FACE('',(#2040),#2025,.T.);
#2042=CARTESIAN_POINT('',(14.078,61.885193224,-1.5875));
#2043=DIRECTION('',(-1.,0.,-0.));
#2044=DIRECTION('',(-0.,0.,1.));
#2045=AXIS2_PLACEMENT_3D('',#2042,#2043,#2044);
#2046=PLANE('',#2045);
#2047=ORIENTED_EDGE('',*,*,#1156,.F.);
#2048=ORIENTED_EDGE('',*,*,#366,.F.);
#2049=CARTESIAN_POINT('',(14.078,-49.483843752,0.533240315));
#2050=VERTEX_POINT('',#2049);
#2051=CARTESIAN_POINT('',(14.078,-51.245016875,3.175));
#2052=DIRECTION('',(-1.,0.,-0.));
#2053=DIRECTION('',(-0.,0.,1.));
#2054=AXIS2_PLACEMENT_3D('',#2051,#2052,#2053);
#2055=CIRCLE('',#2054,3.175);
#2056=EDGE_CURVE('',#2050,#353,#2055,.T.);
#2057=ORIENTED_EDGE('',*,*,#2056,.F.);
#2058=CARTESIAN_POINT('',(14.078,-23.267195395,18.011005887));
#2059=VERTEX_POINT('',#2058);
#2060=CARTESIAN_POINT('',(14.078,-49.483843752,0.533240315));
#2061=DIRECTION('',(-0.,0.832050294,0.554700196));
#2062=VECTOR('',#2061,31.508489974);
#2063=LINE('',#2060,#2062);
#2064=EDGE_CURVE('',#2050,#2059,#2063,.T.);
#2065=ORIENTED_EDGE('',*,*,#2064,.T.);
#2066=CARTESIAN_POINT('',(14.078,-12.173191471,21.37));
#2067=VERTEX_POINT('',#2066);
#2068=CARTESIAN_POINT('',(14.078,-12.173191471,1.37));
#2069=DIRECTION('',(-1.,0.,-0.));
#2070=DIRECTION('',(-0.,0.,1.));
#2071=AXIS2_PLACEMENT_3D('',#2068,#2069,#2070);
#2072=CIRCLE('',#2071,20.);
#2073=EDGE_CURVE('',#2059,#2067,#2072,.T.);
#2074=ORIENTED_EDGE('',*,*,#2073,.T.);
#2075=CARTESIAN_POINT('',(14.078,61.885193224,21.37));
#2076=VERTEX_POINT('',#2075);
#2077=CARTESIAN_POINT('',(14.078,-12.173191471,21.37));
#2078=DIRECTION('',(0.,1.,0.));
#2079=VECTOR('',#2078,74.058384695);
#2080=LINE('',#2077,#2079);
#2081=EDGE_CURVE('',#2067,#2076,#2080,.T.);
#2082=ORIENTED_EDGE('',*,*,#2081,.T.);
#2083=CARTESIAN_POINT('',(14.078,61.885193224,21.37));
#2084=DIRECTION('',(0.,0.,-1.));
#2085=VECTOR('',#2084,21.37);
#2086=LINE('',#2083,#2085);
#2087=EDGE_CURVE('',#2076,#1244,#2086,.T.);
#2088=ORIENTED_EDGE('',*,*,#2087,.T.);
#2089=CARTESIAN_POINT('',(14.078,61.885193224,0.));
#2090=DIRECTION('',(0.,0.,-1.));
#2091=VECTOR('',#2090,2.);
#2092=LINE('',#2089,#2091);
#2093=EDGE_CURVE('',#1244,#614,#2092,.T.);
#2094=ORIENTED_EDGE('',*,*,#2093,.T.);
#2095=ORIENTED_EDGE('',*,*,#619,.T.);
#2096=EDGE_LOOP('',(#2047,#2048,#2057,#2065,#2074,#2082,#2088,#2094,#2095));
#2097=FACE_BOUND('',#2096,.T.);
#2098=ADVANCED_FACE('',(#2097),#2046,.T.);
#2099=CARTESIAN_POINT('',(22.856,61.885193224,-1.5875));
#2100=DIRECTION('',(1.,0.,0.));
#2101=DIRECTION('',(0.,0.,-1.));
#2102=AXIS2_PLACEMENT_3D('',#2099,#2100,#2101);
#2103=PLANE('',#2102);
#2104=CARTESIAN_POINT('',(22.856,2.935817803,0.533240315));
#2105=VERTEX_POINT('',#2104);
#2106=CARTESIAN_POINT('',(22.856,-23.274012975,18.006460834));
#2107=VERTEX_POINT('',#2106);
#2108=CARTESIAN_POINT('',(22.856,2.935817803,0.533240315));
#2109=DIRECTION('',(0.,-0.832050294,0.554700196));
#2110=VECTOR('',#2109,31.500296263);
#2111=LINE('',#2108,#2110);
#2112=EDGE_CURVE('',#2105,#2107,#2111,.T.);
#2113=ORIENTED_EDGE('',*,*,#2112,.F.);
#2114=CARTESIAN_POINT('',(22.856,4.696990926,3.175));
#2115=DIRECTION('',(1.,0.,0.));
#2116=DIRECTION('',(0.,0.,-1.));
#2117=AXIS2_PLACEMENT_3D('',#2114,#2115,#2116);
#2118=CIRCLE('',#2117,3.175);
#2119=EDGE_CURVE('',#2105,#1260,#2118,.T.);
#2120=ORIENTED_EDGE('',*,*,#2119,.T.);
#2121=ORIENTED_EDGE('',*,*,#1265,.T.);
#2122=CARTESIAN_POINT('',(22.856,61.885193224,21.37));
#2123=VERTEX_POINT('',#2122);
#2124=CARTESIAN_POINT('',(22.856,61.885193224,0.));
#2125=DIRECTION('',(0.,0.,1.));
#2126=VECTOR('',#2125,21.37);
#2127=LINE('',#2124,#2126);
#2128=EDGE_CURVE('',#1252,#2123,#2127,.T.);
#2129=ORIENTED_EDGE('',*,*,#2128,.T.);
#2130=CARTESIAN_POINT('',(22.856,-12.173191471,21.37));
#2131=VERTEX_POINT('',#2130);
#2132=CARTESIAN_POINT('',(22.856,61.885193224,21.37));
#2133=DIRECTION('',(0.,-1.,0.));
#2134=VECTOR('',#2133,74.058384695);
#2135=LINE('',#2132,#2134);
#2136=EDGE_CURVE('',#2123,#2131,#2135,.T.);
#2137=ORIENTED_EDGE('',*,*,#2136,.T.);
#2138=CARTESIAN_POINT('',(22.856,-23.267195395,18.011005887));
#2139=VERTEX_POINT('',#2138);
#2140=CARTESIAN_POINT('',(22.856,-12.173191471,1.37));
#2141=DIRECTION('',(1.,0.,0.));
#2142=DIRECTION('',(0.,0.,-1.));
#2143=AXIS2_PLACEMENT_3D('',#2140,#2141,#2142);
#2144=CIRCLE('',#2143,20.);
#2145=EDGE_CURVE('',#2131,#2139,#2144,.T.);
#2146=ORIENTED_EDGE('',*,*,#2145,.T.);
#2147=CARTESIAN_POINT('',(22.856,-23.274012975,18.006460834));
#2148=DIRECTION('',(0.,0.832050294,0.554700196));
#2149=VECTOR('',#2148,0.008193711);
#2150=LINE('',#2147,#2149);
#2151=EDGE_CURVE('',#2107,#2139,#2150,.T.);
#2152=ORIENTED_EDGE('',*,*,#2151,.F.);
#2153=EDGE_LOOP('',(#2113,#2120,#2121,#2129,#2137,#2146,#2152));
#2154=FACE_BOUND('',#2153,.T.);
#2155=ADVANCED_FACE('',(#2154),#2103,.T.);
#2156=CARTESIAN_POINT('',(17.578,61.885193224,0.));
#2157=DIRECTION('',(0.,-1.,0.));
#2158=DIRECTION('',(1.,0.,0.));
#2159=AXIS2_PLACEMENT_3D('',#2156,#2157,#2158);
#2160=PLANE('',#2159);
#2161=ORIENTED_EDGE('',*,*,#2128,.F.);
#2162=ORIENTED_EDGE('',*,*,#1257,.T.);
#2163=ORIENTED_EDGE('',*,*,#2087,.F.);
#2164=CARTESIAN_POINT('',(17.578,61.885193223,21.37));
#2165=VERTEX_POINT('',#2164);
#2166=CARTESIAN_POINT('',(14.078,61.885193224,21.37));
#2167=DIRECTION('',(1.,0.,-0.));
#2168=VECTOR('',#2167,3.5);
#2169=LINE('',#2166,#2168);
#2170=EDGE_CURVE('',#2076,#2165,#2169,.T.);
#2171=ORIENTED_EDGE('',*,*,#2170,.T.);
#2172=CARTESIAN_POINT('',(17.578,61.885193223,11.641775223));
#2173=VERTEX_POINT('',#2172);
#2174=CARTESIAN_POINT('',(17.578,61.885193223,21.37));
#2175=DIRECTION('',(0.,0.,-1.));
#2176=VECTOR('',#2175,9.728224777);
#2177=LINE('',#2174,#2176);
#2178=EDGE_CURVE('',#2165,#2173,#2177,.T.);
#2179=ORIENTED_EDGE('',*,*,#2178,.T.);
#2180=CARTESIAN_POINT('',(19.356,61.885193224,11.641775223));
#2181=VERTEX_POINT('',#2180);
#2182=CARTESIAN_POINT('',(19.356,61.885193224,11.641775223));
#2183=DIRECTION('',(-1.,0.,0.));
#2184=VECTOR('',#2183,1.778);
#2185=LINE('',#2182,#2184);
#2186=EDGE_CURVE('',#2181,#2173,#2185,.T.);
#2187=ORIENTED_EDGE('',*,*,#2186,.F.);
#2188=CARTESIAN_POINT('',(19.356,61.885193223,13.97));
#2189=VERTEX_POINT('',#2188);
#2190=CARTESIAN_POINT('',(19.356,61.885193224,13.97));
#2191=DIRECTION('',(0.,0.,-1.));
#2192=VECTOR('',#2191,2.328224777);
#2193=LINE('',#2190,#2192);
#2194=EDGE_CURVE('',#2189,#2181,#2193,.T.);
#2195=ORIENTED_EDGE('',*,*,#2194,.F.);
#2196=CARTESIAN_POINT('',(19.356,61.885193223,21.37));
#2197=VERTEX_POINT('',#2196);
#2198=CARTESIAN_POINT('',(19.356,61.885193223,21.37));
#2199=DIRECTION('',(0.,0.,-1.));
#2200=VECTOR('',#2199,7.4);
#2201=LINE('',#2198,#2200);
#2202=EDGE_CURVE('',#2197,#2189,#2201,.T.);
#2203=ORIENTED_EDGE('',*,*,#2202,.F.);
#2204=CARTESIAN_POINT('',(19.356,61.885193224,21.37));
#2205=DIRECTION('',(1.,0.,-0.));
#2206=VECTOR('',#2205,3.5);
#2207=LINE('',#2204,#2206);
#2208=EDGE_CURVE('',#2197,#2123,#2207,.T.);
#2209=ORIENTED_EDGE('',*,*,#2208,.T.);
#2210=EDGE_LOOP('',(#2161,#2162,#2163,#2171,#2179,#2187,#2195,#2203,#2209));
#2211=FACE_BOUND('',#2210,.T.);
#2212=ADVANCED_FACE('',(#2211),#2160,.F.);
#2213=CARTESIAN_POINT('',(19.356,17.792240242,4.712882612));
#2214=DIRECTION('',(0.,-0.155237834,0.987877125));
#2215=DIRECTION('',(0.,-0.987877125,-0.155237834));
#2216=AXIS2_PLACEMENT_3D('',#2213,#2214,#2215);
#2217=PLANE('',#2216);
#2218=CARTESIAN_POINT('',(17.578,8.183562231,3.202947496));
#2219=VERTEX_POINT('',#2218);
#2220=CARTESIAN_POINT('',(17.578,8.183562231,3.202947496));
#2221=DIRECTION('',(0.,0.987877125,0.155237834));
#2222=VECTOR('',#2221,54.360638192);
#2223=LINE('',#2220,#2222);
#2224=EDGE_CURVE('',#2219,#2173,#2223,.T.);
#2225=ORIENTED_EDGE('',*,*,#2224,.F.);
#2226=CARTESIAN_POINT('',(19.356,8.183562231,3.202947496));
#2227=VERTEX_POINT('',#2226);
#2228=CARTESIAN_POINT('',(17.578,8.183562231,3.202947496));
#2229=DIRECTION('',(1.,-0.,-0.));
#2230=VECTOR('',#2229,1.778);
#2231=LINE('',#2228,#2230);
#2232=EDGE_CURVE('',#2219,#2227,#2231,.T.);
#2233=ORIENTED_EDGE('',*,*,#2232,.T.);
#2234=CARTESIAN_POINT('',(19.356,8.183562231,3.202947496));
#2235=DIRECTION('',(0.,0.987877125,0.155237834));
#2236=VECTOR('',#2235,54.360638192);
#2237=LINE('',#2234,#2236);
#2238=EDGE_CURVE('',#2227,#2181,#2237,.T.);
#2239=ORIENTED_EDGE('',*,*,#2238,.T.);
#2240=ORIENTED_EDGE('',*,*,#2186,.T.);
#2241=EDGE_LOOP('',(#2225,#2233,#2239,#2240));
#2242=FACE_BOUND('',#2241,.T.);
#2243=ADVANCED_FACE('',(#2242),#2217,.T.);
#2244=CARTESIAN_POINT('',(7.418,17.435193223,21.37));
#2245=DIRECTION('',(0.,0.,-1.));
#2246=DIRECTION('',(-1.,0.,0.));
#2247=AXIS2_PLACEMENT_3D('',#2244,#2245,#2246);
#2248=PLANE('',#2247);
#2249=ORIENTED_EDGE('',*,*,#2081,.F.);
#2250=CARTESIAN_POINT('',(17.578,-12.173191471,21.37));
#2251=VERTEX_POINT('',#2250);
#2252=CARTESIAN_POINT('',(14.078,-12.173191471,21.37));
#2253=DIRECTION('',(1.,-0.,-0.));
#2254=VECTOR('',#2253,3.5);
#2255=LINE('',#2252,#2254);
#2256=EDGE_CURVE('',#2067,#2251,#2255,.T.);
#2257=ORIENTED_EDGE('',*,*,#2256,.T.);
#2258=CARTESIAN_POINT('',(17.578,-12.173191471,21.37));
#2259=DIRECTION('',(0.,1.,0.));
#2260=VECTOR('',#2259,74.058384694);
#2261=LINE('',#2258,#2260);
#2262=EDGE_CURVE('',#2251,#2165,#2261,.T.);
#2263=ORIENTED_EDGE('',*,*,#2262,.T.);
#2264=ORIENTED_EDGE('',*,*,#2170,.F.);
#2265=EDGE_LOOP('',(#2249,#2257,#2263,#2264));
#2266=FACE_BOUND('',#2265,.T.);
#2267=ADVANCED_FACE('',(#2266),#2248,.F.);
#2268=CARTESIAN_POINT('',(17.578,-27.014806777,0.));
#2269=DIRECTION('',(1.,0.,0.));
#2270=DIRECTION('',(0.,0.,1.));
#2271=AXIS2_PLACEMENT_3D('',#2268,#2269,#2270);
#2272=PLANE('',#2271);
#2273=ORIENTED_EDGE('',*,*,#350,.F.);
#2274=CARTESIAN_POINT('',(17.578,-32.831349512,0.));
#2275=DIRECTION('',(-0.,0.996964675,0.077855233));
#2276=VECTOR('',#2275,41.13978437);
#2277=LINE('',#2274,#2276);
#2278=EDGE_CURVE('',#337,#2219,#2277,.T.);
#2279=ORIENTED_EDGE('',*,*,#2278,.T.);
#2280=ORIENTED_EDGE('',*,*,#2224,.T.);
#2281=ORIENTED_EDGE('',*,*,#2178,.F.);
#2282=ORIENTED_EDGE('',*,*,#2262,.F.);
#2283=CARTESIAN_POINT('',(17.578,-23.267195395,18.011005887));
#2284=VERTEX_POINT('',#2283);
#2285=CARTESIAN_POINT('',(17.578,-12.173191471,1.37));
#2286=DIRECTION('',(1.,0.,0.));
#2287=DIRECTION('',(0.,0.,-1.));
#2288=AXIS2_PLACEMENT_3D('',#2285,#2286,#2287);
#2289=CIRCLE('',#2288,20.);
#2290=EDGE_CURVE('',#2251,#2284,#2289,.T.);
#2291=ORIENTED_EDGE('',*,*,#2290,.T.);
#2292=CARTESIAN_POINT('',(17.578,-49.483843752,0.533240315));
#2293=VERTEX_POINT('',#2292);
#2294=CARTESIAN_POINT('',(17.578,-49.483843752,0.533240315));
#2295=DIRECTION('',(0.,0.832050294,0.554700196));
#2296=VECTOR('',#2295,31.508489974);
#2297=LINE('',#2294,#2296);
#2298=EDGE_CURVE('',#2293,#2284,#2297,.T.);
#2299=ORIENTED_EDGE('',*,*,#2298,.F.);
#2300=CARTESIAN_POINT('',(17.578,-51.245016875,3.175));
#2301=DIRECTION('',(-1.,-0.,-0.));
#2302=DIRECTION('',(0.,0.,-1.));
#2303=AXIS2_PLACEMENT_3D('',#2300,#2301,#2302);
#2304=CIRCLE('',#2303,3.175);
#2305=EDGE_CURVE('',#2293,#345,#2304,.T.);
#2306=ORIENTED_EDGE('',*,*,#2305,.T.);
#2307=EDGE_LOOP('',(#2273,#2279,#2280,#2281,#2282,#2291,#2299,#2306));
#2308=FACE_BOUND('',#2307,.T.);
#2309=ADVANCED_FACE('',(#2308),#2272,.T.);
#2310=CARTESIAN_POINT('',(7.418,-40.036005992,6.831798823));
#2311=DIRECTION('',(0.,0.554700196,-0.832050294));
#2312=DIRECTION('',(0.,0.832050294,0.554700196));
#2313=AXIS2_PLACEMENT_3D('',#2310,#2311,#2312);
#2314=PLANE('',#2313);
#2315=ORIENTED_EDGE('',*,*,#2064,.F.);
#2316=CARTESIAN_POINT('',(14.078,-49.483843752,0.533240315));
#2317=DIRECTION('',(1.,0.,-0.));
#2318=VECTOR('',#2317,3.5);
#2319=LINE('',#2316,#2318);
#2320=EDGE_CURVE('',#2050,#2293,#2319,.T.);
#2321=ORIENTED_EDGE('',*,*,#2320,.T.);
#2322=ORIENTED_EDGE('',*,*,#2298,.T.);
#2323=CARTESIAN_POINT('',(17.578,-23.267195395,18.011005887));
#2324=DIRECTION('',(-1.,0.,0.));
#2325=VECTOR('',#2324,3.5);
#2326=LINE('',#2323,#2325);
#2327=EDGE_CURVE('',#2284,#2059,#2326,.T.);
#2328=ORIENTED_EDGE('',*,*,#2327,.T.);
#2329=EDGE_LOOP('',(#2315,#2321,#2322,#2328));
#2330=FACE_BOUND('',#2329,.T.);
#2331=ADVANCED_FACE('',(#2330),#2314,.F.);
#2332=CARTESIAN_POINT('',(7.418,-12.173191471,1.37));
#2333=DIRECTION('',(-1.,0.,0.));
#2334=DIRECTION('',(0.,0.,1.));
#2335=AXIS2_PLACEMENT_3D('',#2332,#2333,#2334);
#2336=CYLINDRICAL_SURFACE('',#2335,20.);
#2337=ORIENTED_EDGE('',*,*,#2073,.F.);
#2338=ORIENTED_EDGE('',*,*,#2327,.F.);
#2339=ORIENTED_EDGE('',*,*,#2290,.F.);
#2340=ORIENTED_EDGE('',*,*,#2256,.F.);
#2341=EDGE_LOOP('',(#2337,#2338,#2339,#2340));
#2342=FACE_BOUND('',#2341,.T.);
#2343=ADVANCED_FACE('',(#2342),#2336,.T.);
#2344=CARTESIAN_POINT('',(7.418,-51.245016875,3.175));
#2345=DIRECTION('',(1.,0.,0.));
#2346=DIRECTION('',(0.,0.,-1.));
#2347=AXIS2_PLACEMENT_3D('',#2344,#2345,#2346);
#2348=CYLINDRICAL_SURFACE('',#2347,3.175);
#2349=ORIENTED_EDGE('',*,*,#2320,.F.);
#2350=ORIENTED_EDGE('',*,*,#2056,.T.);
#2351=ORIENTED_EDGE('',*,*,#358,.F.);
#2352=ORIENTED_EDGE('',*,*,#2305,.F.);
#2353=EDGE_LOOP('',(#2349,#2350,#2351,#2352));
#2354=FACE_BOUND('',#2353,.T.);
#2355=ADVANCED_FACE('',(#2354),#2348,.F.);
#2356=CARTESIAN_POINT('',(18.467,-32.831349512,0.));
#2357=DIRECTION('',(0.,-0.077855233,0.996964675));
#2358=DIRECTION('',(1.,0.,0.));
#2359=AXIS2_PLACEMENT_3D('',#2356,#2357,#2358);
#2360=PLANE('',#2359);
#2361=CARTESIAN_POINT('',(19.356,-21.268777259,0.902947496));
#2362=VERTEX_POINT('',#2361);
#2363=CARTESIAN_POINT('',(19.356,8.183562231,3.202947496));
#2364=DIRECTION('',(-0.,-0.996964675,-0.077855233));
#2365=VECTOR('',#2364,29.542009096);
#2366=LINE('',#2363,#2365);
#2367=EDGE_CURVE('',#2227,#2362,#2366,.T.);
#2368=ORIENTED_EDGE('',*,*,#2367,.F.);
#2369=ORIENTED_EDGE('',*,*,#2232,.F.);
#2370=ORIENTED_EDGE('',*,*,#2278,.F.);
#2371=ORIENTED_EDGE('',*,*,#342,.F.);
#2372=CARTESIAN_POINT('',(19.356,-21.268777259,0.902947496));
#2373=DIRECTION('',(-0.,-0.996964675,-0.077855233));
#2374=VECTOR('',#2373,11.597775274);
#2375=LINE('',#2372,#2374);
#2376=EDGE_CURVE('',#2362,#329,#2375,.T.);
#2377=ORIENTED_EDGE('',*,*,#2376,.F.);
#2378=EDGE_LOOP('',(#2368,#2369,#2370,#2371,#2377));
#2379=FACE_BOUND('',#2378,.T.);
#2380=ADVANCED_FACE('',(#2379),#2360,.T.);
#2381=CARTESIAN_POINT('',(19.356,-0.026278442,11.741522221));
#2382=DIRECTION('',(-1.,0.,0.));
#2383=DIRECTION('',(0.,0.,1.));
#2384=AXIS2_PLACEMENT_3D('',#2381,#2382,#2383);
#2385=PLANE('',#2384);
#2386=ORIENTED_EDGE('',*,*,#2238,.F.);
#2387=ORIENTED_EDGE('',*,*,#2367,.T.);
#2388=CARTESIAN_POINT('',(19.356,61.885193223,13.97));
#2389=DIRECTION('',(0.,-0.987877125,-0.155237834));
#2390=VECTOR('',#2389,84.174406253);
#2391=LINE('',#2388,#2390);
#2392=EDGE_CURVE('',#2189,#2362,#2391,.T.);
#2393=ORIENTED_EDGE('',*,*,#2392,.F.);
#2394=ORIENTED_EDGE('',*,*,#2194,.T.);
#2395=EDGE_LOOP('',(#2386,#2387,#2393,#2394));
#2396=FACE_BOUND('',#2395,.T.);
#2397=ADVANCED_FACE('',(#2396),#2385,.T.);
#2398=CARTESIAN_POINT('',(17.578,-27.014806777,21.37));
#2399=DIRECTION('',(0.,0.,1.));
#2400=DIRECTION('',(1.,0.,0.));
#2401=AXIS2_PLACEMENT_3D('',#2398,#2399,#2400);
#2402=PLANE('',#2401);
#2403=ORIENTED_EDGE('',*,*,#2136,.F.);
#2404=ORIENTED_EDGE('',*,*,#2208,.F.);
#2405=CARTESIAN_POINT('',(19.356,-12.173191471,21.37));
#2406=VERTEX_POINT('',#2405);
#2407=CARTESIAN_POINT('',(19.356,-12.173191471,21.37));
#2408=DIRECTION('',(0.,1.,0.));
#2409=VECTOR('',#2408,74.058384694);
#2410=LINE('',#2407,#2409);
#2411=EDGE_CURVE('',#2406,#2197,#2410,.T.);
#2412=ORIENTED_EDGE('',*,*,#2411,.F.);
#2413=CARTESIAN_POINT('',(19.356,-12.173191471,21.37));
#2414=DIRECTION('',(1.,0.,-0.));
#2415=VECTOR('',#2414,3.5);
#2416=LINE('',#2413,#2415);
#2417=EDGE_CURVE('',#2406,#2131,#2416,.T.);
#2418=ORIENTED_EDGE('',*,*,#2417,.T.);
#2419=EDGE_LOOP('',(#2403,#2404,#2412,#2418));
#2420=FACE_BOUND('',#2419,.T.);
#2421=ADVANCED_FACE('',(#2420),#2402,.T.);
#2422=CARTESIAN_POINT('',(17.578,-12.173191471,1.37));
#2423=DIRECTION('',(-1.,0.,0.));
#2424=DIRECTION('',(0.,0.,1.));
#2425=AXIS2_PLACEMENT_3D('',#2422,#2423,#2424);
#2426=CYLINDRICAL_SURFACE('',#2425,20.);
#2427=ORIENTED_EDGE('',*,*,#2145,.F.);
#2428=ORIENTED_EDGE('',*,*,#2417,.F.);
#2429=CARTESIAN_POINT('',(19.356,-23.267195395,18.011005887));
#2430=VERTEX_POINT('',#2429);
#2431=CARTESIAN_POINT('',(19.356,-12.173191471,1.37));
#2432=DIRECTION('',(-1.,0.,0.));
#2433=DIRECTION('',(0.,0.,1.));
#2434=AXIS2_PLACEMENT_3D('',#2431,#2432,#2433);
#2435=CIRCLE('',#2434,20.);
#2436=EDGE_CURVE('',#2430,#2406,#2435,.T.);
#2437=ORIENTED_EDGE('',*,*,#2436,.F.);
#2438=CARTESIAN_POINT('',(22.856,-23.267195395,18.011005887));
#2439=DIRECTION('',(-1.,-0.,0.));
#2440=VECTOR('',#2439,3.5);
#2441=LINE('',#2438,#2440);
#2442=EDGE_CURVE('',#2139,#2430,#2441,.T.);
#2443=ORIENTED_EDGE('',*,*,#2442,.F.);
#2444=EDGE_LOOP('',(#2427,#2428,#2437,#2443));
#2445=FACE_BOUND('',#2444,.T.);
#2446=ADVANCED_FACE('',(#2445),#2426,.T.);
#2447=CARTESIAN_POINT('',(19.356,-40.036005992,6.831798823));
#2448=DIRECTION('',(0.,0.554700196,-0.832050294));
#2449=DIRECTION('',(0.,0.832050294,0.554700196));
#2450=AXIS2_PLACEMENT_3D('',#2447,#2448,#2449);
#2451=PLANE('',#2450);
#2452=CARTESIAN_POINT('',(22.856,-49.483843752,0.533240315));
#2453=VERTEX_POINT('',#2452);
#2454=CARTESIAN_POINT('',(22.856,-49.483843752,0.533240315));
#2455=DIRECTION('',(0.,0.832050294,0.554700196));
#2456=VECTOR('',#2455,31.500296263);
#2457=LINE('',#2454,#2456);
#2458=EDGE_CURVE('',#2453,#2107,#2457,.T.);
#2459=ORIENTED_EDGE('',*,*,#2458,.T.);
#2460=ORIENTED_EDGE('',*,*,#2151,.T.);
#2461=ORIENTED_EDGE('',*,*,#2442,.T.);
#2462=CARTESIAN_POINT('',(19.356,-49.483843752,0.533240315));
#2463=VERTEX_POINT('',#2462);
#2464=CARTESIAN_POINT('',(19.356,-49.483843752,0.533240315));
#2465=DIRECTION('',(0.,0.832050294,0.554700196));
#2466=VECTOR('',#2465,31.508489974);
#2467=LINE('',#2464,#2466);
#2468=EDGE_CURVE('',#2463,#2430,#2467,.T.);
#2469=ORIENTED_EDGE('',*,*,#2468,.F.);
#2470=CARTESIAN_POINT('',(19.356,-49.483843752,0.533240315));
#2471=DIRECTION('',(1.,0.,-0.));
#2472=VECTOR('',#2471,3.5);
#2473=LINE('',#2470,#2472);
#2474=EDGE_CURVE('',#2463,#2453,#2473,.T.);
#2475=ORIENTED_EDGE('',*,*,#2474,.T.);
#2476=EDGE_LOOP('',(#2459,#2460,#2461,#2469,#2475));
#2477=FACE_BOUND('',#2476,.T.);
#2478=ADVANCED_FACE('',(#2477),#2451,.F.);
#2479=CARTESIAN_POINT('',(19.356,-51.245016875,3.175));
#2480=DIRECTION('',(1.,0.,0.));
#2481=DIRECTION('',(0.,0.,-1.));
#2482=AXIS2_PLACEMENT_3D('',#2479,#2480,#2481);
#2483=CYLINDRICAL_SURFACE('',#2482,3.175);
#2484=CARTESIAN_POINT('',(19.356,-51.245016875,3.175));
#2485=DIRECTION('',(1.,-0.,-0.));
#2486=DIRECTION('',(0.,0.,1.));
#2487=AXIS2_PLACEMENT_3D('',#2484,#2485,#2486);
#2488=CIRCLE('',#2487,3.175);
#2489=EDGE_CURVE('',#321,#2463,#2488,.T.);
#2490=ORIENTED_EDGE('',*,*,#2489,.F.);
#2491=ORIENTED_EDGE('',*,*,#326,.F.);
#2492=CARTESIAN_POINT('',(22.856,-51.245016875,3.175));
#2493=DIRECTION('',(-1.,-0.,-0.));
#2494=DIRECTION('',(0.,0.,-1.));
#2495=AXIS2_PLACEMENT_3D('',#2492,#2493,#2494);
#2496=CIRCLE('',#2495,3.175);
#2497=EDGE_CURVE('',#2453,#313,#2496,.T.);
#2498=ORIENTED_EDGE('',*,*,#2497,.F.);
#2499=ORIENTED_EDGE('',*,*,#2474,.F.);
#2500=EDGE_LOOP('',(#2490,#2491,#2498,#2499));
#2501=FACE_BOUND('',#2500,.T.);
#2502=ADVANCED_FACE('',(#2501),#2483,.F.);
#2503=CARTESIAN_POINT('',(19.356,17.435193223,20.32));
#2504=DIRECTION('',(-1.,0.,0.));
#2505=DIRECTION('',(0.,0.,1.));
#2506=AXIS2_PLACEMENT_3D('',#2503,#2504,#2505);
#2507=PLANE('',#2506);
#2508=ORIENTED_EDGE('',*,*,#2392,.T.);
#2509=ORIENTED_EDGE('',*,*,#2376,.T.);
#2510=ORIENTED_EDGE('',*,*,#334,.T.);
#2511=ORIENTED_EDGE('',*,*,#2489,.T.);
#2512=ORIENTED_EDGE('',*,*,#2468,.T.);
#2513=ORIENTED_EDGE('',*,*,#2436,.T.);
#2514=ORIENTED_EDGE('',*,*,#2411,.T.);
#2515=ORIENTED_EDGE('',*,*,#2202,.T.);
#2516=EDGE_LOOP('',(#2508,#2509,#2510,#2511,#2512,#2513,#2514,#2515));
#2517=FACE_BOUND('',#2516,.T.);
#2518=ADVANCED_FACE('',(#2517),#2507,.T.);
#2519=CARTESIAN_POINT('',(31.656,-108.433219173,-1.));
#2520=DIRECTION('',(0.,1.,0.));
#2521=DIRECTION('',(0.,0.,1.));
#2522=AXIS2_PLACEMENT_3D('',#2519,#2520,#2521);
#2523=PLANE('',#2522);
#2524=CARTESIAN_POINT('',(31.634,-108.433219173,0.));
#2525=DIRECTION('',(-0.,-0.,-1.));
#2526=VECTOR('',#2525,2.);
#2527=LINE('',#2524,#2526);
#2528=EDGE_CURVE('',#297,#630,#2527,.T.);
#2529=ORIENTED_EDGE('',*,*,#2528,.F.);
#2530=ORIENTED_EDGE('',*,*,#302,.F.);
#2531=CARTESIAN_POINT('',(31.656,-108.433219173,0.));
#2532=DIRECTION('',(0.,0.,-1.));
#2533=VECTOR('',#2532,2.);
#2534=LINE('',#2531,#2533);
#2535=EDGE_CURVE('',#289,#640,#2534,.T.);
#2536=ORIENTED_EDGE('',*,*,#2535,.T.);
#2537=ORIENTED_EDGE('',*,*,#645,.T.);
#2538=EDGE_LOOP('',(#2529,#2530,#2536,#2537));
#2539=FACE_BOUND('',#2538,.T.);
#2540=ADVANCED_FACE('',(#2539),#2523,.T.);
#2541=CARTESIAN_POINT('',(14.056,61.885193224,-1.));
#2542=DIRECTION('',(0.,-1.,-0.));
#2543=DIRECTION('',(0.,0.,-1.));
#2544=AXIS2_PLACEMENT_3D('',#2541,#2542,#2543);
#2545=PLANE('',#2544);
#2546=ORIENTED_EDGE('',*,*,#2093,.F.);
#2547=ORIENTED_EDGE('',*,*,#1249,.F.);
#2548=ORIENTED_EDGE('',*,*,#1526,.T.);
#2549=ORIENTED_EDGE('',*,*,#625,.T.);
#2550=EDGE_LOOP('',(#2546,#2547,#2548,#2549));
#2551=FACE_BOUND('',#2550,.T.);
#2552=ADVANCED_FACE('',(#2551),#2545,.T.);
#2553=CARTESIAN_POINT('',(22.856,-108.433219173,-1.5875));
#2554=DIRECTION('',(-1.,-0.,0.));
#2555=DIRECTION('',(0.,0.,-1.));
#2556=AXIS2_PLACEMENT_3D('',#2553,#2554,#2555);
#2557=PLANE('',#2556);
#2558=ORIENTED_EDGE('',*,*,#2458,.F.);
#2559=ORIENTED_EDGE('',*,*,#2497,.T.);
#2560=ORIENTED_EDGE('',*,*,#318,.T.);
#2561=CARTESIAN_POINT('',(22.856,-108.433219173,21.37));
#2562=VERTEX_POINT('',#2561);
#2563=CARTESIAN_POINT('',(22.856,-108.433219173,0.));
#2564=DIRECTION('',(0.,0.,1.));
#2565=VECTOR('',#2564,21.37);
#2566=LINE('',#2563,#2565);
#2567=EDGE_CURVE('',#305,#2562,#2566,.T.);
#2568=ORIENTED_EDGE('',*,*,#2567,.T.);
#2569=CARTESIAN_POINT('',(22.856,-34.374834478,21.37));
#2570=VERTEX_POINT('',#2569);
#2571=CARTESIAN_POINT('',(22.856,-108.433219173,21.37));
#2572=DIRECTION('',(-0.,1.,0.));
#2573=VECTOR('',#2572,74.058384695);
#2574=LINE('',#2571,#2573);
#2575=EDGE_CURVE('',#2562,#2570,#2574,.T.);
#2576=ORIENTED_EDGE('',*,*,#2575,.T.);
#2577=CARTESIAN_POINT('',(22.856,-23.280830554,18.011005887));
#2578=VERTEX_POINT('',#2577);
#2579=CARTESIAN_POINT('',(22.856,-34.374834478,1.37));
#2580=DIRECTION('',(-1.,-0.,-0.));
#2581=DIRECTION('',(0.,0.,-1.));
#2582=AXIS2_PLACEMENT_3D('',#2579,#2580,#2581);
#2583=CIRCLE('',#2582,20.);
#2584=EDGE_CURVE('',#2570,#2578,#2583,.T.);
#2585=ORIENTED_EDGE('',*,*,#2584,.T.);
#2586=CARTESIAN_POINT('',(22.856,-23.274012975,18.006460834));
#2587=DIRECTION('',(0.,-0.832050294,0.554700196));
#2588=VECTOR('',#2587,0.008193711);
#2589=LINE('',#2586,#2588);
#2590=EDGE_CURVE('',#2107,#2578,#2589,.T.);
#2591=ORIENTED_EDGE('',*,*,#2590,.F.);
#2592=EDGE_LOOP('',(#2558,#2559,#2560,#2568,#2576,#2585,#2591));
#2593=FACE_BOUND('',#2592,.T.);
#2594=ADVANCED_FACE('',(#2593),#2557,.T.);
#2595=CARTESIAN_POINT('',(31.634,-108.433219173,-1.5875));
#2596=DIRECTION('',(1.,0.,-0.));
#2597=DIRECTION('',(0.,0.,1.));
#2598=AXIS2_PLACEMENT_3D('',#2595,#2596,#2597);
#2599=PLANE('',#2598);
#2600=CARTESIAN_POINT('',(31.634,61.885193224,0.));
#2601=DIRECTION('',(0.,0.,-1.));
#2602=VECTOR('',#2601,2.);
#2603=LINE('',#2600,#2602);
#2604=EDGE_CURVE('',#1308,#632,#2603,.T.);
#2605=ORIENTED_EDGE('',*,*,#2604,.F.);
#2606=ORIENTED_EDGE('',*,*,#1313,.F.);
#2607=CARTESIAN_POINT('',(31.634,2.935817803,0.533240315));
#2608=VERTEX_POINT('',#2607);
#2609=CARTESIAN_POINT('',(31.634,4.696990926,3.175));
#2610=DIRECTION('',(1.,0.,-0.));
#2611=DIRECTION('',(0.,0.,1.));
#2612=AXIS2_PLACEMENT_3D('',#2609,#2610,#2611);
#2613=CIRCLE('',#2612,3.175);
#2614=EDGE_CURVE('',#2608,#1300,#2613,.T.);
#2615=ORIENTED_EDGE('',*,*,#2614,.F.);
#2616=CARTESIAN_POINT('',(31.634,-23.280830554,18.011005887));
#2617=VERTEX_POINT('',#2616);
#2618=CARTESIAN_POINT('',(31.634,2.935817803,0.533240315));
#2619=DIRECTION('',(0.,-0.832050294,0.554700196));
#2620=VECTOR('',#2619,31.508489974);
#2621=LINE('',#2618,#2620);
#2622=EDGE_CURVE('',#2608,#2617,#2621,.T.);
#2623=ORIENTED_EDGE('',*,*,#2622,.T.);
#2624=CARTESIAN_POINT('',(31.634,-34.374834478,21.37));
#2625=VERTEX_POINT('',#2624);
#2626=CARTESIAN_POINT('',(31.634,-34.374834478,1.37));
#2627=DIRECTION('',(1.,0.,-0.));
#2628=DIRECTION('',(0.,0.,1.));
#2629=AXIS2_PLACEMENT_3D('',#2626,#2627,#2628);
#2630=CIRCLE('',#2629,20.);
#2631=EDGE_CURVE('',#2617,#2625,#2630,.T.);
#2632=ORIENTED_EDGE('',*,*,#2631,.T.);
#2633=CARTESIAN_POINT('',(31.634,-108.433219173,21.37));
#2634=VERTEX_POINT('',#2633);
#2635=CARTESIAN_POINT('',(31.634,-34.374834478,21.37));
#2636=DIRECTION('',(0.,-1.,0.));
#2637=VECTOR('',#2636,74.058384695);
#2638=LINE('',#2635,#2637);
#2639=EDGE_CURVE('',#2625,#2634,#2638,.T.);
#2640=ORIENTED_EDGE('',*,*,#2639,.T.);
#2641=CARTESIAN_POINT('',(31.634,-108.433219173,21.37));
#2642=DIRECTION('',(-0.,-0.,-1.));
#2643=VECTOR('',#2642,21.37);
#2644=LINE('',#2641,#2643);
#2645=EDGE_CURVE('',#2634,#297,#2644,.T.);
#2646=ORIENTED_EDGE('',*,*,#2645,.T.);
#2647=ORIENTED_EDGE('',*,*,#2528,.T.);
#2648=ORIENTED_EDGE('',*,*,#637,.T.);
#2649=EDGE_LOOP('',(#2605,#2606,#2615,#2623,#2632,#2640,#2646,#2647,#2648));
#2650=FACE_BOUND('',#2649,.T.);
#2651=ADVANCED_FACE('',(#2650),#2599,.T.);
#2652=CARTESIAN_POINT('',(28.134,-108.433219173,0.));
#2653=DIRECTION('',(-0.,1.,0.));
#2654=DIRECTION('',(-1.,-0.,0.));
#2655=AXIS2_PLACEMENT_3D('',#2652,#2653,#2654);
#2656=PLANE('',#2655);
#2657=ORIENTED_EDGE('',*,*,#310,.F.);
#2658=ORIENTED_EDGE('',*,*,#2645,.F.);
#2659=CARTESIAN_POINT('',(28.134,-108.433219173,21.37));
#2660=VERTEX_POINT('',#2659);
#2661=CARTESIAN_POINT('',(31.634,-108.433219173,21.37));
#2662=DIRECTION('',(-1.,-0.,0.));
#2663=VECTOR('',#2662,3.5);
#2664=LINE('',#2661,#2663);
#2665=EDGE_CURVE('',#2634,#2660,#2664,.T.);
#2666=ORIENTED_EDGE('',*,*,#2665,.T.);
#2667=CARTESIAN_POINT('',(28.134,-108.433219173,11.641775223));
#2668=VERTEX_POINT('',#2667);
#2669=CARTESIAN_POINT('',(28.134,-108.433219173,21.37));
#2670=DIRECTION('',(0.,0.,-1.));
#2671=VECTOR('',#2670,9.728224777);
#2672=LINE('',#2669,#2671);
#2673=EDGE_CURVE('',#2660,#2668,#2672,.T.);
#2674=ORIENTED_EDGE('',*,*,#2673,.T.);
#2675=CARTESIAN_POINT('',(26.356,-108.433219173,11.641775223));
#2676=VERTEX_POINT('',#2675);
#2677=CARTESIAN_POINT('',(26.356,-108.433219173,11.641775223));
#2678=DIRECTION('',(1.,0.,0.));
#2679=VECTOR('',#2678,1.778);
#2680=LINE('',#2677,#2679);
#2681=EDGE_CURVE('',#2676,#2668,#2680,.T.);
#2682=ORIENTED_EDGE('',*,*,#2681,.F.);
#2683=CARTESIAN_POINT('',(26.356,-108.433219173,13.97));
#2684=VERTEX_POINT('',#2683);
#2685=CARTESIAN_POINT('',(26.356,-108.433219173,13.97));
#2686=DIRECTION('',(0.,0.,-1.));
#2687=VECTOR('',#2686,2.328224777);
#2688=LINE('',#2685,#2687);
#2689=EDGE_CURVE('',#2684,#2676,#2688,.T.);
#2690=ORIENTED_EDGE('',*,*,#2689,.F.);
#2691=CARTESIAN_POINT('',(26.356,-108.433219173,21.37));
#2692=VERTEX_POINT('',#2691);
#2693=CARTESIAN_POINT('',(26.356,-108.433219173,21.37));
#2694=DIRECTION('',(0.,0.,-1.));
#2695=VECTOR('',#2694,7.4);
#2696=LINE('',#2693,#2695);
#2697=EDGE_CURVE('',#2692,#2684,#2696,.T.);
#2698=ORIENTED_EDGE('',*,*,#2697,.F.);
#2699=CARTESIAN_POINT('',(26.356,-108.433219173,21.37));
#2700=DIRECTION('',(-1.,-0.,0.));
#2701=VECTOR('',#2700,3.5);
#2702=LINE('',#2699,#2701);
#2703=EDGE_CURVE('',#2692,#2562,#2702,.T.);
#2704=ORIENTED_EDGE('',*,*,#2703,.T.);
#2705=ORIENTED_EDGE('',*,*,#2567,.F.);
#2706=EDGE_LOOP('',(#2657,#2658,#2666,#2674,#2682,#2690,#2698,#2704,#2705));
#2707=FACE_BOUND('',#2706,.T.);
#2708=ADVANCED_FACE('',(#2707),#2656,.F.);
#2709=CARTESIAN_POINT('',(26.356,-64.340266191,4.712882612));
#2710=DIRECTION('',(-0.,0.155237834,0.987877125));
#2711=DIRECTION('',(-0.,0.987877125,-0.155237834));
#2712=AXIS2_PLACEMENT_3D('',#2709,#2710,#2711);
#2713=PLANE('',#2712);
#2714=CARTESIAN_POINT('',(28.134,-54.731588181,3.202947496));
#2715=VERTEX_POINT('',#2714);
#2716=CARTESIAN_POINT('',(28.134,-54.731588181,3.202947496));
#2717=DIRECTION('',(0.,-0.987877125,0.155237834));
#2718=VECTOR('',#2717,54.360638192);
#2719=LINE('',#2716,#2718);
#2720=EDGE_CURVE('',#2715,#2668,#2719,.T.);
#2721=ORIENTED_EDGE('',*,*,#2720,.F.);
#2722=CARTESIAN_POINT('',(26.356,-54.731588181,3.202947496));
#2723=VERTEX_POINT('',#2722);
#2724=CARTESIAN_POINT('',(28.134,-54.731588181,3.202947496));
#2725=DIRECTION('',(-1.,-0.,-0.));
#2726=VECTOR('',#2725,1.778);
#2727=LINE('',#2724,#2726);
#2728=EDGE_CURVE('',#2715,#2723,#2727,.T.);
#2729=ORIENTED_EDGE('',*,*,#2728,.T.);
#2730=CARTESIAN_POINT('',(26.356,-54.731588181,3.202947496));
#2731=DIRECTION('',(0.,-0.987877125,0.155237834));
#2732=VECTOR('',#2731,54.360638192);
#2733=LINE('',#2730,#2732);
#2734=EDGE_CURVE('',#2723,#2676,#2733,.T.);
#2735=ORIENTED_EDGE('',*,*,#2734,.T.);
#2736=ORIENTED_EDGE('',*,*,#2681,.T.);
#2737=EDGE_LOOP('',(#2721,#2729,#2735,#2736));
#2738=FACE_BOUND('',#2737,.T.);
#2739=ADVANCED_FACE('',(#2738),#2713,.T.);
#2740=CARTESIAN_POINT('',(38.294,-63.983219173,21.37));
#2741=DIRECTION('',(0.,0.,-1.));
#2742=DIRECTION('',(1.,0.,0.));
#2743=AXIS2_PLACEMENT_3D('',#2740,#2741,#2742);
#2744=PLANE('',#2743);
#2745=ORIENTED_EDGE('',*,*,#2639,.F.);
#2746=CARTESIAN_POINT('',(28.134,-34.374834478,21.37));
#2747=VERTEX_POINT('',#2746);
#2748=CARTESIAN_POINT('',(31.634,-34.374834478,21.37));
#2749=DIRECTION('',(-1.,-0.,-0.));
#2750=VECTOR('',#2749,3.5);
#2751=LINE('',#2748,#2750);
#2752=EDGE_CURVE('',#2625,#2747,#2751,.T.);
#2753=ORIENTED_EDGE('',*,*,#2752,.T.);
#2754=CARTESIAN_POINT('',(28.134,-34.374834478,21.37));
#2755=DIRECTION('',(0.,-1.,0.));
#2756=VECTOR('',#2755,74.058384694);
#2757=LINE('',#2754,#2756);
#2758=EDGE_CURVE('',#2747,#2660,#2757,.T.);
#2759=ORIENTED_EDGE('',*,*,#2758,.T.);
#2760=ORIENTED_EDGE('',*,*,#2665,.F.);
#2761=EDGE_LOOP('',(#2745,#2753,#2759,#2760));
#2762=FACE_BOUND('',#2761,.T.);
#2763=ADVANCED_FACE('',(#2762),#2744,.F.);
#2764=CARTESIAN_POINT('',(28.134,-19.533219173,0.));
#2765=DIRECTION('',(-1.,-0.,0.));
#2766=DIRECTION('',(0.,-0.,1.));
#2767=AXIS2_PLACEMENT_3D('',#2764,#2765,#2766);
#2768=PLANE('',#2767);
#2769=ORIENTED_EDGE('',*,*,#1297,.F.);
#2770=CARTESIAN_POINT('',(28.134,-13.716676437,-0.));
#2771=DIRECTION('',(0.,-0.996964675,0.077855233));
#2772=VECTOR('',#2771,41.13978437);
#2773=LINE('',#2770,#2772);
#2774=EDGE_CURVE('',#1284,#2715,#2773,.T.);
#2775=ORIENTED_EDGE('',*,*,#2774,.T.);
#2776=ORIENTED_EDGE('',*,*,#2720,.T.);
#2777=ORIENTED_EDGE('',*,*,#2673,.F.);
#2778=ORIENTED_EDGE('',*,*,#2758,.F.);
#2779=CARTESIAN_POINT('',(28.134,-23.280830554,18.011005887));
#2780=VERTEX_POINT('',#2779);
#2781=CARTESIAN_POINT('',(28.134,-34.374834478,1.37));
#2782=DIRECTION('',(-1.,-0.,-0.));
#2783=DIRECTION('',(0.,0.,-1.));
#2784=AXIS2_PLACEMENT_3D('',#2781,#2782,#2783);
#2785=CIRCLE('',#2784,20.);
#2786=EDGE_CURVE('',#2747,#2780,#2785,.T.);
#2787=ORIENTED_EDGE('',*,*,#2786,.T.);
#2788=CARTESIAN_POINT('',(28.134,2.935817803,0.533240315));
#2789=VERTEX_POINT('',#2788);
#2790=CARTESIAN_POINT('',(28.134,2.935817803,0.533240315));
#2791=DIRECTION('',(0.,-0.832050294,0.554700196));
#2792=VECTOR('',#2791,31.508489974);
#2793=LINE('',#2790,#2792);
#2794=EDGE_CURVE('',#2789,#2780,#2793,.T.);
#2795=ORIENTED_EDGE('',*,*,#2794,.F.);
#2796=CARTESIAN_POINT('',(28.134,4.696990926,3.175));
#2797=DIRECTION('',(1.,0.,0.));
#2798=DIRECTION('',(0.,0.,-1.));
#2799=AXIS2_PLACEMENT_3D('',#2796,#2797,#2798);
#2800=CIRCLE('',#2799,3.175);
#2801=EDGE_CURVE('',#2789,#1292,#2800,.T.);
#2802=ORIENTED_EDGE('',*,*,#2801,.T.);
#2803=EDGE_LOOP('',(#2769,#2775,#2776,#2777,#2778,#2787,#2795,#2802));
#2804=FACE_BOUND('',#2803,.T.);
#2805=ADVANCED_FACE('',(#2804),#2768,.T.);
#2806=CARTESIAN_POINT('',(38.294,-6.512019958,6.831798823));
#2807=DIRECTION('',(0.,-0.554700196,-0.832050294));
#2808=DIRECTION('',(0.,-0.832050294,0.554700196));
#2809=AXIS2_PLACEMENT_3D('',#2806,#2807,#2808);
#2810=PLANE('',#2809);
#2811=ORIENTED_EDGE('',*,*,#2622,.F.);
#2812=CARTESIAN_POINT('',(31.634,2.935817803,0.533240315));
#2813=DIRECTION('',(-1.,-0.,0.));
#2814=VECTOR('',#2813,3.5);
#2815=LINE('',#2812,#2814);
#2816=EDGE_CURVE('',#2608,#2789,#2815,.T.);
#2817=ORIENTED_EDGE('',*,*,#2816,.T.);
#2818=ORIENTED_EDGE('',*,*,#2794,.T.);
#2819=CARTESIAN_POINT('',(28.134,-23.280830554,18.011005887));
#2820=DIRECTION('',(1.,0.,0.));
#2821=VECTOR('',#2820,3.5);
#2822=LINE('',#2819,#2821);
#2823=EDGE_CURVE('',#2780,#2617,#2822,.T.);
#2824=ORIENTED_EDGE('',*,*,#2823,.T.);
#2825=EDGE_LOOP('',(#2811,#2817,#2818,#2824));
#2826=FACE_BOUND('',#2825,.T.);
#2827=ADVANCED_FACE('',(#2826),#2810,.F.);
#2828=CARTESIAN_POINT('',(38.294,-34.374834478,1.37));
#2829=DIRECTION('',(1.,0.,-0.));
#2830=DIRECTION('',(0.,0.,1.));
#2831=AXIS2_PLACEMENT_3D('',#2828,#2829,#2830);
#2832=CYLINDRICAL_SURFACE('',#2831,20.);
#2833=ORIENTED_EDGE('',*,*,#2631,.F.);
#2834=ORIENTED_EDGE('',*,*,#2823,.F.);
#2835=ORIENTED_EDGE('',*,*,#2786,.F.);
#2836=ORIENTED_EDGE('',*,*,#2752,.F.);
#2837=EDGE_LOOP('',(#2833,#2834,#2835,#2836));
#2838=FACE_BOUND('',#2837,.T.);
#2839=ADVANCED_FACE('',(#2838),#2832,.T.);
#2840=CARTESIAN_POINT('',(38.294,4.696990926,3.175));
#2841=DIRECTION('',(-1.,-0.,-0.));
#2842=DIRECTION('',(0.,0.,-1.));
#2843=AXIS2_PLACEMENT_3D('',#2840,#2841,#2842);
#2844=CYLINDRICAL_SURFACE('',#2843,3.175);
#2845=ORIENTED_EDGE('',*,*,#2816,.F.);
#2846=ORIENTED_EDGE('',*,*,#2614,.T.);
#2847=ORIENTED_EDGE('',*,*,#1305,.F.);
#2848=ORIENTED_EDGE('',*,*,#2801,.F.);
#2849=EDGE_LOOP('',(#2845,#2846,#2847,#2848));
#2850=FACE_BOUND('',#2849,.T.);
#2851=ADVANCED_FACE('',(#2850),#2844,.F.);
#2852=CARTESIAN_POINT('',(27.245,-13.716676437,0.));
#2853=DIRECTION('',(-0.,0.077855233,0.996964675));
#2854=DIRECTION('',(-1.,-0.,0.));
#2855=AXIS2_PLACEMENT_3D('',#2852,#2853,#2854);
#2856=PLANE('',#2855);
#2857=CARTESIAN_POINT('',(26.356,-25.279248691,0.902947496));
#2858=VERTEX_POINT('',#2857);
#2859=CARTESIAN_POINT('',(26.356,-54.731588181,3.202947496));
#2860=DIRECTION('',(-0.,0.996964675,-0.077855233));
#2861=VECTOR('',#2860,29.542009096);
#2862=LINE('',#2859,#2861);
#2863=EDGE_CURVE('',#2723,#2858,#2862,.T.);
#2864=ORIENTED_EDGE('',*,*,#2863,.F.);
#2865=ORIENTED_EDGE('',*,*,#2728,.F.);
#2866=ORIENTED_EDGE('',*,*,#2774,.F.);
#2867=ORIENTED_EDGE('',*,*,#1289,.F.);
#2868=CARTESIAN_POINT('',(26.356,-25.279248691,0.902947496));
#2869=DIRECTION('',(-0.,0.996964675,-0.077855233));
#2870=VECTOR('',#2869,11.597775274);
#2871=LINE('',#2868,#2870);
#2872=EDGE_CURVE('',#2858,#1276,#2871,.T.);
#2873=ORIENTED_EDGE('',*,*,#2872,.F.);
#2874=EDGE_LOOP('',(#2864,#2865,#2866,#2867,#2873));
#2875=FACE_BOUND('',#2874,.T.);
#2876=ADVANCED_FACE('',(#2875),#2856,.T.);
#2877=CARTESIAN_POINT('',(26.356,-46.521747507,11.741522221));
#2878=DIRECTION('',(1.,0.,0.));
#2879=DIRECTION('',(0.,0.,1.));
#2880=AXIS2_PLACEMENT_3D('',#2877,#2878,#2879);
#2881=PLANE('',#2880);
#2882=ORIENTED_EDGE('',*,*,#2734,.F.);
#2883=ORIENTED_EDGE('',*,*,#2863,.T.);
#2884=CARTESIAN_POINT('',(26.356,-108.433219173,13.97));
#2885=DIRECTION('',(-0.,0.987877125,-0.155237834));
#2886=VECTOR('',#2885,84.174406253);
#2887=LINE('',#2884,#2886);
#2888=EDGE_CURVE('',#2684,#2858,#2887,.T.);
#2889=ORIENTED_EDGE('',*,*,#2888,.F.);
#2890=ORIENTED_EDGE('',*,*,#2689,.T.);
#2891=EDGE_LOOP('',(#2882,#2883,#2889,#2890));
#2892=FACE_BOUND('',#2891,.T.);
#2893=ADVANCED_FACE('',(#2892),#2881,.T.);
#2894=CARTESIAN_POINT('',(28.134,-19.533219173,21.37));
#2895=DIRECTION('',(0.,0.,1.));
#2896=DIRECTION('',(-1.,-0.,0.));
#2897=AXIS2_PLACEMENT_3D('',#2894,#2895,#2896);
#2898=PLANE('',#2897);
#2899=ORIENTED_EDGE('',*,*,#2575,.F.);
#2900=ORIENTED_EDGE('',*,*,#2703,.F.);
#2901=CARTESIAN_POINT('',(26.356,-34.374834478,21.37));
#2902=VERTEX_POINT('',#2901);
#2903=CARTESIAN_POINT('',(26.356,-34.374834478,21.37));
#2904=DIRECTION('',(0.,-1.,0.));
#2905=VECTOR('',#2904,74.058384694);
#2906=LINE('',#2903,#2905);
#2907=EDGE_CURVE('',#2902,#2692,#2906,.T.);
#2908=ORIENTED_EDGE('',*,*,#2907,.F.);
#2909=CARTESIAN_POINT('',(26.356,-34.374834478,21.37));
#2910=DIRECTION('',(-1.,-0.,0.));
#2911=VECTOR('',#2910,3.5);
#2912=LINE('',#2909,#2911);
#2913=EDGE_CURVE('',#2902,#2570,#2912,.T.);
#2914=ORIENTED_EDGE('',*,*,#2913,.T.);
#2915=EDGE_LOOP('',(#2899,#2900,#2908,#2914));
#2916=FACE_BOUND('',#2915,.T.);
#2917=ADVANCED_FACE('',(#2916),#2898,.T.);
#2918=CARTESIAN_POINT('',(28.134,-34.374834478,1.37));
#2919=DIRECTION('',(1.,0.,-0.));
#2920=DIRECTION('',(0.,0.,1.));
#2921=AXIS2_PLACEMENT_3D('',#2918,#2919,#2920);
#2922=CYLINDRICAL_SURFACE('',#2921,20.);
#2923=ORIENTED_EDGE('',*,*,#2584,.F.);
#2924=ORIENTED_EDGE('',*,*,#2913,.F.);
#2925=CARTESIAN_POINT('',(26.356,-23.280830554,18.011005887));
#2926=VERTEX_POINT('',#2925);
#2927=CARTESIAN_POINT('',(26.356,-34.374834478,1.37));
#2928=DIRECTION('',(1.,0.,-0.));
#2929=DIRECTION('',(0.,0.,1.));
#2930=AXIS2_PLACEMENT_3D('',#2927,#2928,#2929);
#2931=CIRCLE('',#2930,20.);
#2932=EDGE_CURVE('',#2926,#2902,#2931,.T.);
#2933=ORIENTED_EDGE('',*,*,#2932,.F.);
#2934=CARTESIAN_POINT('',(22.856,-23.280830554,18.011005887));
#2935=DIRECTION('',(1.,0.,-0.));
#2936=VECTOR('',#2935,3.5);
#2937=LINE('',#2934,#2936);
#2938=EDGE_CURVE('',#2578,#2926,#2937,.T.);
#2939=ORIENTED_EDGE('',*,*,#2938,.F.);
#2940=EDGE_LOOP('',(#2923,#2924,#2933,#2939));
#2941=FACE_BOUND('',#2940,.T.);
#2942=ADVANCED_FACE('',(#2941),#2922,.T.);
#2943=CARTESIAN_POINT('',(26.356,-6.512019958,6.831798823));
#2944=DIRECTION('',(0.,-0.554700196,-0.832050294));
#2945=DIRECTION('',(0.,-0.832050294,0.554700196));
#2946=AXIS2_PLACEMENT_3D('',#2943,#2944,#2945);
#2947=PLANE('',#2946);
#2948=ORIENTED_EDGE('',*,*,#2112,.T.);
#2949=ORIENTED_EDGE('',*,*,#2590,.T.);
#2950=ORIENTED_EDGE('',*,*,#2938,.T.);
#2951=CARTESIAN_POINT('',(26.356,2.935817803,0.533240315));
#2952=VERTEX_POINT('',#2951);
#2953=CARTESIAN_POINT('',(26.356,2.935817803,0.533240315));
#2954=DIRECTION('',(0.,-0.832050294,0.554700196));
#2955=VECTOR('',#2954,31.508489974);
#2956=LINE('',#2953,#2955);
#2957=EDGE_CURVE('',#2952,#2926,#2956,.T.);
#2958=ORIENTED_EDGE('',*,*,#2957,.F.);
#2959=CARTESIAN_POINT('',(26.356,2.935817803,0.533240315));
#2960=DIRECTION('',(-1.,-0.,0.));
#2961=VECTOR('',#2960,3.5);
#2962=LINE('',#2959,#2961);
#2963=EDGE_CURVE('',#2952,#2105,#2962,.T.);
#2964=ORIENTED_EDGE('',*,*,#2963,.T.);
#2965=EDGE_LOOP('',(#2948,#2949,#2950,#2958,#2964));
#2966=FACE_BOUND('',#2965,.T.);
#2967=ADVANCED_FACE('',(#2966),#2947,.F.);
#2968=CARTESIAN_POINT('',(26.356,4.696990926,3.175));
#2969=DIRECTION('',(-1.,-0.,-0.));
#2970=DIRECTION('',(0.,0.,-1.));
#2971=AXIS2_PLACEMENT_3D('',#2968,#2969,#2970);
#2972=CYLINDRICAL_SURFACE('',#2971,3.175);
#2973=CARTESIAN_POINT('',(26.356,4.696990926,3.175));
#2974=DIRECTION('',(-1.,-0.,0.));
#2975=DIRECTION('',(0.,0.,1.));
#2976=AXIS2_PLACEMENT_3D('',#2973,#2974,#2975);
#2977=CIRCLE('',#2976,3.175);
#2978=EDGE_CURVE('',#1268,#2952,#2977,.T.);
#2979=ORIENTED_EDGE('',*,*,#2978,.F.);
#2980=ORIENTED_EDGE('',*,*,#1273,.F.);
#2981=ORIENTED_EDGE('',*,*,#2119,.F.);
#2982=ORIENTED_EDGE('',*,*,#2963,.F.);
#2983=EDGE_LOOP('',(#2979,#2980,#2981,#2982));
#2984=FACE_BOUND('',#2983,.T.);
#2985=ADVANCED_FACE('',(#2984),#2972,.F.);
#2986=CARTESIAN_POINT('',(26.356,-63.983219173,20.32));
#2987=DIRECTION('',(1.,0.,0.));
#2988=DIRECTION('',(0.,0.,1.));
#2989=AXIS2_PLACEMENT_3D('',#2986,#2987,#2988);
#2990=PLANE('',#2989);
#2991=ORIENTED_EDGE('',*,*,#2888,.T.);
#2992=ORIENTED_EDGE('',*,*,#2872,.T.);
#2993=ORIENTED_EDGE('',*,*,#1281,.T.);
#2994=ORIENTED_EDGE('',*,*,#2978,.T.);
#2995=ORIENTED_EDGE('',*,*,#2957,.T.);
#2996=ORIENTED_EDGE('',*,*,#2932,.T.);
#2997=ORIENTED_EDGE('',*,*,#2907,.T.);
#2998=ORIENTED_EDGE('',*,*,#2697,.T.);
#2999=EDGE_LOOP('',(#2991,#2992,#2993,#2994,#2995,#2996,#2997,#2998));
#3000=FACE_BOUND('',#2999,.T.);
#3001=ADVANCED_FACE('',(#3000),#2990,.T.);
#3002=CARTESIAN_POINT('',(31.656,61.885193224,-1.5875));
#3003=DIRECTION('',(-1.,0.,-0.));
#3004=DIRECTION('',(-0.,0.,1.));
#3005=AXIS2_PLACEMENT_3D('',#3002,#3003,#3004);
#3006=PLANE('',#3005);
#3007=ORIENTED_EDGE('',*,*,#2535,.F.);
#3008=ORIENTED_EDGE('',*,*,#294,.F.);
#3009=CARTESIAN_POINT('',(31.656,-49.483843752,0.533240315));
#3010=VERTEX_POINT('',#3009);
#3011=CARTESIAN_POINT('',(31.656,-51.245016875,3.175));
#3012=DIRECTION('',(-1.,0.,-0.));
#3013=DIRECTION('',(-0.,0.,1.));
#3014=AXIS2_PLACEMENT_3D('',#3011,#3012,#3013);
#3015=CIRCLE('',#3014,3.175);
#3016=EDGE_CURVE('',#3010,#281,#3015,.T.);
#3017=ORIENTED_EDGE('',*,*,#3016,.F.);
#3018=CARTESIAN_POINT('',(31.656,-23.267195395,18.011005887));
#3019=VERTEX_POINT('',#3018);
#3020=CARTESIAN_POINT('',(31.656,-49.483843752,0.533240315));
#3021=DIRECTION('',(-0.,0.832050294,0.554700196));
#3022=VECTOR('',#3021,31.508489974);
#3023=LINE('',#3020,#3022);
#3024=EDGE_CURVE('',#3010,#3019,#3023,.T.);
#3025=ORIENTED_EDGE('',*,*,#3024,.T.);
#3026=CARTESIAN_POINT('',(31.656,-12.173191471,21.37));
#3027=VERTEX_POINT('',#3026);
#3028=CARTESIAN_POINT('',(31.656,-12.173191471,1.37));
#3029=DIRECTION('',(-1.,0.,-0.));
#3030=DIRECTION('',(-0.,0.,1.));
#3031=AXIS2_PLACEMENT_3D('',#3028,#3029,#3030);
#3032=CIRCLE('',#3031,20.);
#3033=EDGE_CURVE('',#3019,#3027,#3032,.T.);
#3034=ORIENTED_EDGE('',*,*,#3033,.T.);
#3035=CARTESIAN_POINT('',(31.656,61.885193224,21.37));
#3036=VERTEX_POINT('',#3035);
#3037=CARTESIAN_POINT('',(31.656,-12.173191471,21.37));
#3038=DIRECTION('',(0.,1.,0.));
#3039=VECTOR('',#3038,74.058384695);
#3040=LINE('',#3037,#3039);
#3041=EDGE_CURVE('',#3027,#3036,#3040,.T.);
#3042=ORIENTED_EDGE('',*,*,#3041,.T.);
#3043=CARTESIAN_POINT('',(31.656,61.885193224,21.37));
#3044=DIRECTION('',(0.,0.,-1.));
#3045=VECTOR('',#3044,21.37);
#3046=LINE('',#3043,#3045);
#3047=EDGE_CURVE('',#3036,#1316,#3046,.T.);
#3048=ORIENTED_EDGE('',*,*,#3047,.T.);
#3049=CARTESIAN_POINT('',(31.656,61.885193224,0.));
#3050=DIRECTION('',(0.,0.,-1.));
#3051=VECTOR('',#3050,2.);
#3052=LINE('',#3049,#3051);
#3053=EDGE_CURVE('',#1316,#648,#3052,.T.);
#3054=ORIENTED_EDGE('',*,*,#3053,.T.);
#3055=ORIENTED_EDGE('',*,*,#653,.T.);
#3056=EDGE_LOOP('',(#3007,#3008,#3017,#3025,#3034,#3042,#3048,#3054,#3055));
#3057=FACE_BOUND('',#3056,.T.);
#3058=ADVANCED_FACE('',(#3057),#3006,.T.);
#3059=CARTESIAN_POINT('',(40.434,61.885193224,-1.5875));
#3060=DIRECTION('',(1.,0.,0.));
#3061=DIRECTION('',(0.,0.,-1.));
#3062=AXIS2_PLACEMENT_3D('',#3059,#3060,#3061);
#3063=PLANE('',#3062);
#3064=CARTESIAN_POINT('',(40.434,2.935817803,0.533240315));
#3065=VERTEX_POINT('',#3064);
#3066=CARTESIAN_POINT('',(40.434,-23.274012975,18.006460834));
#3067=VERTEX_POINT('',#3066);
#3068=CARTESIAN_POINT('',(40.434,2.935817803,0.533240315));
#3069=DIRECTION('',(0.,-0.832050294,0.554700196));
#3070=VECTOR('',#3069,31.500296263);
#3071=LINE('',#3068,#3070);
#3072=EDGE_CURVE('',#3065,#3067,#3071,.T.);
#3073=ORIENTED_EDGE('',*,*,#3072,.F.);
#3074=CARTESIAN_POINT('',(40.434,4.696990926,3.175));
#3075=DIRECTION('',(1.,0.,0.));
#3076=DIRECTION('',(0.,0.,-1.));
#3077=AXIS2_PLACEMENT_3D('',#3074,#3075,#3076);
#3078=CIRCLE('',#3077,3.175);
#3079=EDGE_CURVE('',#3065,#1332,#3078,.T.);
#3080=ORIENTED_EDGE('',*,*,#3079,.T.);
#3081=ORIENTED_EDGE('',*,*,#1337,.T.);
#3082=CARTESIAN_POINT('',(40.434,61.885193224,21.37));
#3083=VERTEX_POINT('',#3082);
#3084=CARTESIAN_POINT('',(40.434,61.885193224,0.));
#3085=DIRECTION('',(0.,0.,1.));
#3086=VECTOR('',#3085,21.37);
#3087=LINE('',#3084,#3086);
#3088=EDGE_CURVE('',#1324,#3083,#3087,.T.);
#3089=ORIENTED_EDGE('',*,*,#3088,.T.);
#3090=CARTESIAN_POINT('',(40.434,-12.173191471,21.37));
#3091=VERTEX_POINT('',#3090);
#3092=CARTESIAN_POINT('',(40.434,61.885193224,21.37));
#3093=DIRECTION('',(0.,-1.,0.));
#3094=VECTOR('',#3093,74.058384695);
#3095=LINE('',#3092,#3094);
#3096=EDGE_CURVE('',#3083,#3091,#3095,.T.);
#3097=ORIENTED_EDGE('',*,*,#3096,.T.);
#3098=CARTESIAN_POINT('',(40.434,-23.267195395,18.011005887));
#3099=VERTEX_POINT('',#3098);
#3100=CARTESIAN_POINT('',(40.434,-12.173191471,1.37));
#3101=DIRECTION('',(1.,0.,0.));
#3102=DIRECTION('',(0.,0.,-1.));
#3103=AXIS2_PLACEMENT_3D('',#3100,#3101,#3102);
#3104=CIRCLE('',#3103,20.);
#3105=EDGE_CURVE('',#3091,#3099,#3104,.T.);
#3106=ORIENTED_EDGE('',*,*,#3105,.T.);
#3107=CARTESIAN_POINT('',(40.434,-23.274012975,18.006460834));
#3108=DIRECTION('',(0.,0.832050294,0.554700196));
#3109=VECTOR('',#3108,0.008193711);
#3110=LINE('',#3107,#3109);
#3111=EDGE_CURVE('',#3067,#3099,#3110,.T.);
#3112=ORIENTED_EDGE('',*,*,#3111,.F.);
#3113=EDGE_LOOP('',(#3073,#3080,#3081,#3089,#3097,#3106,#3112));
#3114=FACE_BOUND('',#3113,.T.);
#3115=ADVANCED_FACE('',(#3114),#3063,.T.);
#3116=CARTESIAN_POINT('',(35.156,61.885193224,0.));
#3117=DIRECTION('',(0.,-1.,0.));
#3118=DIRECTION('',(1.,0.,0.));
#3119=AXIS2_PLACEMENT_3D('',#3116,#3117,#3118);
#3120=PLANE('',#3119);
#3121=ORIENTED_EDGE('',*,*,#3088,.F.);
#3122=ORIENTED_EDGE('',*,*,#1329,.T.);
#3123=ORIENTED_EDGE('',*,*,#3047,.F.);
#3124=CARTESIAN_POINT('',(35.156,61.885193223,21.37));
#3125=VERTEX_POINT('',#3124);
#3126=CARTESIAN_POINT('',(31.656,61.885193224,21.37));
#3127=DIRECTION('',(1.,0.,-0.));
#3128=VECTOR('',#3127,3.5);
#3129=LINE('',#3126,#3128);
#3130=EDGE_CURVE('',#3036,#3125,#3129,.T.);
#3131=ORIENTED_EDGE('',*,*,#3130,.T.);
#3132=CARTESIAN_POINT('',(35.156,61.885193223,11.641775223));
#3133=VERTEX_POINT('',#3132);
#3134=CARTESIAN_POINT('',(35.156,61.885193223,21.37));
#3135=DIRECTION('',(0.,0.,-1.));
#3136=VECTOR('',#3135,9.728224777);
#3137=LINE('',#3134,#3136);
#3138=EDGE_CURVE('',#3125,#3133,#3137,.T.);
#3139=ORIENTED_EDGE('',*,*,#3138,.T.);
#3140=CARTESIAN_POINT('',(36.934,61.885193224,11.641775223));
#3141=VERTEX_POINT('',#3140);
#3142=CARTESIAN_POINT('',(36.934,61.885193224,11.641775223));
#3143=DIRECTION('',(-1.,0.,0.));
#3144=VECTOR('',#3143,1.778);
#3145=LINE('',#3142,#3144);
#3146=EDGE_CURVE('',#3141,#3133,#3145,.T.);
#3147=ORIENTED_EDGE('',*,*,#3146,.F.);
#3148=CARTESIAN_POINT('',(36.934,61.885193223,13.97));
#3149=VERTEX_POINT('',#3148);
#3150=CARTESIAN_POINT('',(36.934,61.885193224,13.97));
#3151=DIRECTION('',(0.,0.,-1.));
#3152=VECTOR('',#3151,2.328224777);
#3153=LINE('',#3150,#3152);
#3154=EDGE_CURVE('',#3149,#3141,#3153,.T.);
#3155=ORIENTED_EDGE('',*,*,#3154,.F.);
#3156=CARTESIAN_POINT('',(36.934,61.885193223,21.37));
#3157=VERTEX_POINT('',#3156);
#3158=CARTESIAN_POINT('',(36.934,61.885193223,21.37));
#3159=DIRECTION('',(0.,0.,-1.));
#3160=VECTOR('',#3159,7.4);
#3161=LINE('',#3158,#3160);
#3162=EDGE_CURVE('',#3157,#3149,#3161,.T.);
#3163=ORIENTED_EDGE('',*,*,#3162,.F.);
#3164=CARTESIAN_POINT('',(36.934,61.885193224,21.37));
#3165=DIRECTION('',(1.,0.,-0.));
#3166=VECTOR('',#3165,3.5);
#3167=LINE('',#3164,#3166);
#3168=EDGE_CURVE('',#3157,#3083,#3167,.T.);
#3169=ORIENTED_EDGE('',*,*,#3168,.T.);
#3170=EDGE_LOOP('',(#3121,#3122,#3123,#3131,#3139,#3147,#3155,#3163,#3169));
#3171=FACE_BOUND('',#3170,.T.);
#3172=ADVANCED_FACE('',(#3171),#3120,.F.);
#3173=CARTESIAN_POINT('',(36.934,17.792240242,4.712882612));
#3174=DIRECTION('',(0.,-0.155237834,0.987877125));
#3175=DIRECTION('',(0.,-0.987877125,-0.155237834));
#3176=AXIS2_PLACEMENT_3D('',#3173,#3174,#3175);
#3177=PLANE('',#3176);
#3178=CARTESIAN_POINT('',(35.156,8.183562231,3.202947496));
#3179=VERTEX_POINT('',#3178);
#3180=CARTESIAN_POINT('',(35.156,8.183562231,3.202947496));
#3181=DIRECTION('',(0.,0.987877125,0.155237834));
#3182=VECTOR('',#3181,54.360638192);
#3183=LINE('',#3180,#3182);
#3184=EDGE_CURVE('',#3179,#3133,#3183,.T.);
#3185=ORIENTED_EDGE('',*,*,#3184,.F.);
#3186=CARTESIAN_POINT('',(36.934,8.183562231,3.202947496));
#3187=VERTEX_POINT('',#3186);
#3188=CARTESIAN_POINT('',(35.156,8.183562231,3.202947496));
#3189=DIRECTION('',(1.,-0.,-0.));
#3190=VECTOR('',#3189,1.778);
#3191=LINE('',#3188,#3190);
#3192=EDGE_CURVE('',#3179,#3187,#3191,.T.);
#3193=ORIENTED_EDGE('',*,*,#3192,.T.);
#3194=CARTESIAN_POINT('',(36.934,8.183562231,3.202947496));
#3195=DIRECTION('',(0.,0.987877125,0.155237834));
#3196=VECTOR('',#3195,54.360638192);
#3197=LINE('',#3194,#3196);
#3198=EDGE_CURVE('',#3187,#3141,#3197,.T.);
#3199=ORIENTED_EDGE('',*,*,#3198,.T.);
#3200=ORIENTED_EDGE('',*,*,#3146,.T.);
#3201=EDGE_LOOP('',(#3185,#3193,#3199,#3200));
#3202=FACE_BOUND('',#3201,.T.);
#3203=ADVANCED_FACE('',(#3202),#3177,.T.);
#3204=CARTESIAN_POINT('',(24.996,17.435193223,21.37));
#3205=DIRECTION('',(0.,0.,-1.));
#3206=DIRECTION('',(-1.,0.,0.));
#3207=AXIS2_PLACEMENT_3D('',#3204,#3205,#3206);
#3208=PLANE('',#3207);
#3209=ORIENTED_EDGE('',*,*,#3041,.F.);
#3210=CARTESIAN_POINT('',(35.156,-12.173191471,21.37));
#3211=VERTEX_POINT('',#3210);
#3212=CARTESIAN_POINT('',(31.656,-12.173191471,21.37));
#3213=DIRECTION('',(1.,-0.,-0.));
#3214=VECTOR('',#3213,3.5);
#3215=LINE('',#3212,#3214);
#3216=EDGE_CURVE('',#3027,#3211,#3215,.T.);
#3217=ORIENTED_EDGE('',*,*,#3216,.T.);
#3218=CARTESIAN_POINT('',(35.156,-12.173191471,21.37));
#3219=DIRECTION('',(0.,1.,0.));
#3220=VECTOR('',#3219,74.058384694);
#3221=LINE('',#3218,#3220);
#3222=EDGE_CURVE('',#3211,#3125,#3221,.T.);
#3223=ORIENTED_EDGE('',*,*,#3222,.T.);
#3224=ORIENTED_EDGE('',*,*,#3130,.F.);
#3225=EDGE_LOOP('',(#3209,#3217,#3223,#3224));
#3226=FACE_BOUND('',#3225,.T.);
#3227=ADVANCED_FACE('',(#3226),#3208,.F.);
#3228=CARTESIAN_POINT('',(35.156,-27.014806777,0.));
#3229=DIRECTION('',(1.,0.,0.));
#3230=DIRECTION('',(0.,0.,1.));
#3231=AXIS2_PLACEMENT_3D('',#3228,#3229,#3230);
#3232=PLANE('',#3231);
#3233=ORIENTED_EDGE('',*,*,#278,.F.);
#3234=CARTESIAN_POINT('',(35.156,-32.831349512,0.));
#3235=DIRECTION('',(-0.,0.996964675,0.077855233));
#3236=VECTOR('',#3235,41.13978437);
#3237=LINE('',#3234,#3236);
#3238=EDGE_CURVE('',#265,#3179,#3237,.T.);
#3239=ORIENTED_EDGE('',*,*,#3238,.T.);
#3240=ORIENTED_EDGE('',*,*,#3184,.T.);
#3241=ORIENTED_EDGE('',*,*,#3138,.F.);
#3242=ORIENTED_EDGE('',*,*,#3222,.F.);
#3243=CARTESIAN_POINT('',(35.156,-23.267195395,18.011005887));
#3244=VERTEX_POINT('',#3243);
#3245=CARTESIAN_POINT('',(35.156,-12.173191471,1.37));
#3246=DIRECTION('',(1.,0.,0.));
#3247=DIRECTION('',(0.,0.,-1.));
#3248=AXIS2_PLACEMENT_3D('',#3245,#3246,#3247);
#3249=CIRCLE('',#3248,20.);
#3250=EDGE_CURVE('',#3211,#3244,#3249,.T.);
#3251=ORIENTED_EDGE('',*,*,#3250,.T.);
#3252=CARTESIAN_POINT('',(35.156,-49.483843752,0.533240315));
#3253=VERTEX_POINT('',#3252);
#3254=CARTESIAN_POINT('',(35.156,-49.483843752,0.533240315));
#3255=DIRECTION('',(0.,0.832050294,0.554700196));
#3256=VECTOR('',#3255,31.508489974);
#3257=LINE('',#3254,#3256);
#3258=EDGE_CURVE('',#3253,#3244,#3257,.T.);
#3259=ORIENTED_EDGE('',*,*,#3258,.F.);
#3260=CARTESIAN_POINT('',(35.156,-51.245016875,3.175));
#3261=DIRECTION('',(-1.,-0.,-0.));
#3262=DIRECTION('',(0.,0.,-1.));
#3263=AXIS2_PLACEMENT_3D('',#3260,#3261,#3262);
#3264=CIRCLE('',#3263,3.175);
#3265=EDGE_CURVE('',#3253,#273,#3264,.T.);
#3266=ORIENTED_EDGE('',*,*,#3265,.T.);
#3267=EDGE_LOOP('',(#3233,#3239,#3240,#3241,#3242,#3251,#3259,#3266));
#3268=FACE_BOUND('',#3267,.T.);
#3269=ADVANCED_FACE('',(#3268),#3232,.T.);
#3270=CARTESIAN_POINT('',(24.996,-40.036005992,6.831798823));
#3271=DIRECTION('',(0.,0.554700196,-0.832050294));
#3272=DIRECTION('',(0.,0.832050294,0.554700196));
#3273=AXIS2_PLACEMENT_3D('',#3270,#3271,#3272);
#3274=PLANE('',#3273);
#3275=ORIENTED_EDGE('',*,*,#3024,.F.);
#3276=CARTESIAN_POINT('',(31.656,-49.483843752,0.533240315));
#3277=DIRECTION('',(1.,0.,-0.));
#3278=VECTOR('',#3277,3.5);
#3279=LINE('',#3276,#3278);
#3280=EDGE_CURVE('',#3010,#3253,#3279,.T.);
#3281=ORIENTED_EDGE('',*,*,#3280,.T.);
#3282=ORIENTED_EDGE('',*,*,#3258,.T.);
#3283=CARTESIAN_POINT('',(35.156,-23.267195395,18.011005887));
#3284=DIRECTION('',(-1.,0.,0.));
#3285=VECTOR('',#3284,3.5);
#3286=LINE('',#3283,#3285);
#3287=EDGE_CURVE('',#3244,#3019,#3286,.T.);
#3288=ORIENTED_EDGE('',*,*,#3287,.T.);
#3289=EDGE_LOOP('',(#3275,#3281,#3282,#3288));
#3290=FACE_BOUND('',#3289,.T.);
#3291=ADVANCED_FACE('',(#3290),#3274,.F.);
#3292=CARTESIAN_POINT('',(24.996,-12.173191471,1.37));
#3293=DIRECTION('',(-1.,0.,0.));
#3294=DIRECTION('',(0.,0.,1.));
#3295=AXIS2_PLACEMENT_3D('',#3292,#3293,#3294);
#3296=CYLINDRICAL_SURFACE('',#3295,20.);
#3297=ORIENTED_EDGE('',*,*,#3033,.F.);
#3298=ORIENTED_EDGE('',*,*,#3287,.F.);
#3299=ORIENTED_EDGE('',*,*,#3250,.F.);
#3300=ORIENTED_EDGE('',*,*,#3216,.F.);
#3301=EDGE_LOOP('',(#3297,#3298,#3299,#3300));
#3302=FACE_BOUND('',#3301,.T.);
#3303=ADVANCED_FACE('',(#3302),#3296,.T.);
#3304=CARTESIAN_POINT('',(24.996,-51.245016875,3.175));
#3305=DIRECTION('',(1.,0.,0.));
#3306=DIRECTION('',(0.,0.,-1.));
#3307=AXIS2_PLACEMENT_3D('',#3304,#3305,#3306);
#3308=CYLINDRICAL_SURFACE('',#3307,3.175);
#3309=ORIENTED_EDGE('',*,*,#3280,.F.);
#3310=ORIENTED_EDGE('',*,*,#3016,.T.);
#3311=ORIENTED_EDGE('',*,*,#286,.F.);
#3312=ORIENTED_EDGE('',*,*,#3265,.F.);
#3313=EDGE_LOOP('',(#3309,#3310,#3311,#3312));
#3314=FACE_BOUND('',#3313,.T.);
#3315=ADVANCED_FACE('',(#3314),#3308,.F.);
#3316=CARTESIAN_POINT('',(36.045,-32.831349512,0.));
#3317=DIRECTION('',(0.,-0.077855233,0.996964675));
#3318=DIRECTION('',(1.,0.,0.));
#3319=AXIS2_PLACEMENT_3D('',#3316,#3317,#3318);
#3320=PLANE('',#3319);
#3321=CARTESIAN_POINT('',(36.934,-21.268777259,0.902947496));
#3322=VERTEX_POINT('',#3321);
#3323=CARTESIAN_POINT('',(36.934,8.183562231,3.202947496));
#3324=DIRECTION('',(-0.,-0.996964675,-0.077855233));
#3325=VECTOR('',#3324,29.542009096);
#3326=LINE('',#3323,#3325);
#3327=EDGE_CURVE('',#3187,#3322,#3326,.T.);
#3328=ORIENTED_EDGE('',*,*,#3327,.F.);
#3329=ORIENTED_EDGE('',*,*,#3192,.F.);
#3330=ORIENTED_EDGE('',*,*,#3238,.F.);
#3331=ORIENTED_EDGE('',*,*,#270,.F.);
#3332=CARTESIAN_POINT('',(36.934,-21.268777259,0.902947496));
#3333=DIRECTION('',(-0.,-0.996964675,-0.077855233));
#3334=VECTOR('',#3333,11.597775274);
#3335=LINE('',#3332,#3334);
#3336=EDGE_CURVE('',#3322,#257,#3335,.T.);
#3337=ORIENTED_EDGE('',*,*,#3336,.F.);
#3338=EDGE_LOOP('',(#3328,#3329,#3330,#3331,#3337));
#3339=FACE_BOUND('',#3338,.T.);
#3340=ADVANCED_FACE('',(#3339),#3320,.T.);
#3341=CARTESIAN_POINT('',(36.934,-0.026278442,11.741522221));
#3342=DIRECTION('',(-1.,0.,0.));
#3343=DIRECTION('',(0.,0.,1.));
#3344=AXIS2_PLACEMENT_3D('',#3341,#3342,#3343);
#3345=PLANE('',#3344);
#3346=ORIENTED_EDGE('',*,*,#3198,.F.);
#3347=ORIENTED_EDGE('',*,*,#3327,.T.);
#3348=CARTESIAN_POINT('',(36.934,61.885193223,13.97));
#3349=DIRECTION('',(0.,-0.987877125,-0.155237834));
#3350=VECTOR('',#3349,84.174406253);
#3351=LINE('',#3348,#3350);
#3352=EDGE_CURVE('',#3149,#3322,#3351,.T.);
#3353=ORIENTED_EDGE('',*,*,#3352,.F.);
#3354=ORIENTED_EDGE('',*,*,#3154,.T.);
#3355=EDGE_LOOP('',(#3346,#3347,#3353,#3354));
#3356=FACE_BOUND('',#3355,.T.);
#3357=ADVANCED_FACE('',(#3356),#3345,.T.);
#3358=CARTESIAN_POINT('',(35.156,-27.014806777,21.37));
#3359=DIRECTION('',(0.,0.,1.));
#3360=DIRECTION('',(1.,0.,0.));
#3361=AXIS2_PLACEMENT_3D('',#3358,#3359,#3360);
#3362=PLANE('',#3361);
#3363=ORIENTED_EDGE('',*,*,#3096,.F.);
#3364=ORIENTED_EDGE('',*,*,#3168,.F.);
#3365=CARTESIAN_POINT('',(36.934,-12.173191471,21.37));
#3366=VERTEX_POINT('',#3365);
#3367=CARTESIAN_POINT('',(36.934,-12.173191471,21.37));
#3368=DIRECTION('',(0.,1.,0.));
#3369=VECTOR('',#3368,74.058384694);
#3370=LINE('',#3367,#3369);
#3371=EDGE_CURVE('',#3366,#3157,#3370,.T.);
#3372=ORIENTED_EDGE('',*,*,#3371,.F.);
#3373=CARTESIAN_POINT('',(36.934,-12.173191471,21.37));
#3374=DIRECTION('',(1.,0.,-0.));
#3375=VECTOR('',#3374,3.5);
#3376=LINE('',#3373,#3375);
#3377=EDGE_CURVE('',#3366,#3091,#3376,.T.);
#3378=ORIENTED_EDGE('',*,*,#3377,.T.);
#3379=EDGE_LOOP('',(#3363,#3364,#3372,#3378));
#3380=FACE_BOUND('',#3379,.T.);
#3381=ADVANCED_FACE('',(#3380),#3362,.T.);
#3382=CARTESIAN_POINT('',(35.156,-12.173191471,1.37));
#3383=DIRECTION('',(-1.,0.,0.));
#3384=DIRECTION('',(0.,0.,1.));
#3385=AXIS2_PLACEMENT_3D('',#3382,#3383,#3384);
#3386=CYLINDRICAL_SURFACE('',#3385,20.);
#3387=ORIENTED_EDGE('',*,*,#3105,.F.);
#3388=ORIENTED_EDGE('',*,*,#3377,.F.);
#3389=CARTESIAN_POINT('',(36.934,-23.267195395,18.011005887));
#3390=VERTEX_POINT('',#3389);
#3391=CARTESIAN_POINT('',(36.934,-12.173191471,1.37));
#3392=DIRECTION('',(-1.,0.,0.));
#3393=DIRECTION('',(0.,0.,1.));
#3394=AXIS2_PLACEMENT_3D('',#3391,#3392,#3393);
#3395=CIRCLE('',#3394,20.);
#3396=EDGE_CURVE('',#3390,#3366,#3395,.T.);
#3397=ORIENTED_EDGE('',*,*,#3396,.F.);
#3398=CARTESIAN_POINT('',(40.434,-23.267195395,18.011005887));
#3399=DIRECTION('',(-1.,-0.,0.));
#3400=VECTOR('',#3399,3.5);
#3401=LINE('',#3398,#3400);
#3402=EDGE_CURVE('',#3099,#3390,#3401,.T.);
#3403=ORIENTED_EDGE('',*,*,#3402,.F.);
#3404=EDGE_LOOP('',(#3387,#3388,#3397,#3403));
#3405=FACE_BOUND('',#3404,.T.);
#3406=ADVANCED_FACE('',(#3405),#3386,.T.);
#3407=CARTESIAN_POINT('',(36.934,-40.036005992,6.831798823));
#3408=DIRECTION('',(0.,0.554700196,-0.832050294));
#3409=DIRECTION('',(0.,0.832050294,0.554700196));
#3410=AXIS2_PLACEMENT_3D('',#3407,#3408,#3409);
#3411=PLANE('',#3410);
#3412=CARTESIAN_POINT('',(40.434,-49.483843752,0.533240315));
#3413=VERTEX_POINT('',#3412);
#3414=CARTESIAN_POINT('',(40.434,-49.483843752,0.533240315));
#3415=DIRECTION('',(0.,0.832050294,0.554700196));
#3416=VECTOR('',#3415,31.500296263);
#3417=LINE('',#3414,#3416);
#3418=EDGE_CURVE('',#3413,#3067,#3417,.T.);
#3419=ORIENTED_EDGE('',*,*,#3418,.T.);
#3420=ORIENTED_EDGE('',*,*,#3111,.T.);
#3421=ORIENTED_EDGE('',*,*,#3402,.T.);
#3422=CARTESIAN_POINT('',(36.934,-49.483843752,0.533240315));
#3423=VERTEX_POINT('',#3422);
#3424=CARTESIAN_POINT('',(36.934,-49.483843752,0.533240315));
#3425=DIRECTION('',(0.,0.832050294,0.554700196));
#3426=VECTOR('',#3425,31.508489974);
#3427=LINE('',#3424,#3426);
#3428=EDGE_CURVE('',#3423,#3390,#3427,.T.);
#3429=ORIENTED_EDGE('',*,*,#3428,.F.);
#3430=CARTESIAN_POINT('',(36.934,-49.483843752,0.533240315));
#3431=DIRECTION('',(1.,0.,-0.));
#3432=VECTOR('',#3431,3.5);
#3433=LINE('',#3430,#3432);
#3434=EDGE_CURVE('',#3423,#3413,#3433,.T.);
#3435=ORIENTED_EDGE('',*,*,#3434,.T.);
#3436=EDGE_LOOP('',(#3419,#3420,#3421,#3429,#3435));
#3437=FACE_BOUND('',#3436,.T.);
#3438=ADVANCED_FACE('',(#3437),#3411,.F.);
#3439=CARTESIAN_POINT('',(36.934,-51.245016875,3.175));
#3440=DIRECTION('',(1.,0.,0.));
#3441=DIRECTION('',(0.,0.,-1.));
#3442=AXIS2_PLACEMENT_3D('',#3439,#3440,#3441);
#3443=CYLINDRICAL_SURFACE('',#3442,3.175);
#3444=CARTESIAN_POINT('',(36.934,-51.245016875,3.175));
#3445=DIRECTION('',(1.,-0.,-0.));
#3446=DIRECTION('',(0.,0.,1.));
#3447=AXIS2_PLACEMENT_3D('',#3444,#3445,#3446);
#3448=CIRCLE('',#3447,3.175);
#3449=EDGE_CURVE('',#249,#3423,#3448,.T.);
#3450=ORIENTED_EDGE('',*,*,#3449,.F.);
#3451=ORIENTED_EDGE('',*,*,#254,.F.);
#3452=CARTESIAN_POINT('',(40.434,-51.245016875,3.175));
#3453=DIRECTION('',(-1.,-0.,-0.));
#3454=DIRECTION('',(0.,0.,-1.));
#3455=AXIS2_PLACEMENT_3D('',#3452,#3453,#3454);
#3456=CIRCLE('',#3455,3.175);
#3457=EDGE_CURVE('',#3413,#241,#3456,.T.);
#3458=ORIENTED_EDGE('',*,*,#3457,.F.);
#3459=ORIENTED_EDGE('',*,*,#3434,.F.);
#3460=EDGE_LOOP('',(#3450,#3451,#3458,#3459));
#3461=FACE_BOUND('',#3460,.T.);
#3462=ADVANCED_FACE('',(#3461),#3443,.F.);
#3463=CARTESIAN_POINT('',(36.934,17.435193223,20.32));
#3464=DIRECTION('',(-1.,0.,0.));
#3465=DIRECTION('',(0.,0.,1.));
#3466=AXIS2_PLACEMENT_3D('',#3463,#3464,#3465);
#3467=PLANE('',#3466);
#3468=ORIENTED_EDGE('',*,*,#3352,.T.);
#3469=ORIENTED_EDGE('',*,*,#3336,.T.);
#3470=ORIENTED_EDGE('',*,*,#262,.T.);
#3471=ORIENTED_EDGE('',*,*,#3449,.T.);
#3472=ORIENTED_EDGE('',*,*,#3428,.T.);
#3473=ORIENTED_EDGE('',*,*,#3396,.T.);
#3474=ORIENTED_EDGE('',*,*,#3371,.T.);
#3475=ORIENTED_EDGE('',*,*,#3162,.T.);
#3476=EDGE_LOOP('',(#3468,#3469,#3470,#3471,#3472,#3473,#3474,#3475));
#3477=FACE_BOUND('',#3476,.T.);
#3478=ADVANCED_FACE('',(#3477),#3467,.T.);
#3479=CARTESIAN_POINT('',(49.234,-108.433219173,-1.));
#3480=DIRECTION('',(0.,1.,0.));
#3481=DIRECTION('',(0.,0.,1.));
#3482=AXIS2_PLACEMENT_3D('',#3479,#3480,#3481);
#3483=PLANE('',#3482);
#3484=CARTESIAN_POINT('',(49.212,-108.433219173,0.));
#3485=DIRECTION('',(-0.,-0.,-1.));
#3486=VECTOR('',#3485,2.);
#3487=LINE('',#3484,#3486);
#3488=EDGE_CURVE('',#225,#664,#3487,.T.);
#3489=ORIENTED_EDGE('',*,*,#3488,.F.);
#3490=ORIENTED_EDGE('',*,*,#230,.F.);
#3491=CARTESIAN_POINT('',(49.234,-108.433219173,0.));
#3492=DIRECTION('',(0.,0.,-1.));
#3493=VECTOR('',#3492,2.);
#3494=LINE('',#3491,#3493);
#3495=EDGE_CURVE('',#217,#674,#3494,.T.);
#3496=ORIENTED_EDGE('',*,*,#3495,.T.);
#3497=ORIENTED_EDGE('',*,*,#679,.T.);
#3498=EDGE_LOOP('',(#3489,#3490,#3496,#3497));
#3499=FACE_BOUND('',#3498,.T.);
#3500=ADVANCED_FACE('',(#3499),#3483,.T.);
#3501=CARTESIAN_POINT('',(31.634,61.885193224,-1.));
#3502=DIRECTION('',(0.,-1.,-0.));
#3503=DIRECTION('',(0.,0.,-1.));
#3504=AXIS2_PLACEMENT_3D('',#3501,#3502,#3503);
#3505=PLANE('',#3504);
#3506=ORIENTED_EDGE('',*,*,#3053,.F.);
#3507=ORIENTED_EDGE('',*,*,#1321,.F.);
#3508=ORIENTED_EDGE('',*,*,#2604,.T.);
#3509=ORIENTED_EDGE('',*,*,#659,.T.);
#3510=EDGE_LOOP('',(#3506,#3507,#3508,#3509));
#3511=FACE_BOUND('',#3510,.T.);
#3512=ADVANCED_FACE('',(#3511),#3505,.T.);
#3513=CARTESIAN_POINT('',(40.434,-108.433219173,-1.5875));
#3514=DIRECTION('',(-1.,-0.,0.));
#3515=DIRECTION('',(0.,0.,-1.));
#3516=AXIS2_PLACEMENT_3D('',#3513,#3514,#3515);
#3517=PLANE('',#3516);
#3518=ORIENTED_EDGE('',*,*,#3418,.F.);
#3519=ORIENTED_EDGE('',*,*,#3457,.T.);
#3520=ORIENTED_EDGE('',*,*,#246,.T.);
#3521=CARTESIAN_POINT('',(40.434,-108.433219173,21.37));
#3522=VERTEX_POINT('',#3521);
#3523=CARTESIAN_POINT('',(40.434,-108.433219173,0.));
#3524=DIRECTION('',(0.,0.,1.));
#3525=VECTOR('',#3524,21.37);
#3526=LINE('',#3523,#3525);
#3527=EDGE_CURVE('',#233,#3522,#3526,.T.);
#3528=ORIENTED_EDGE('',*,*,#3527,.T.);
#3529=CARTESIAN_POINT('',(40.434,-34.374834478,21.37));
#3530=VERTEX_POINT('',#3529);
#3531=CARTESIAN_POINT('',(40.434,-108.433219173,21.37));
#3532=DIRECTION('',(-0.,1.,0.));
#3533=VECTOR('',#3532,74.058384695);
#3534=LINE('',#3531,#3533);
#3535=EDGE_CURVE('',#3522,#3530,#3534,.T.);
#3536=ORIENTED_EDGE('',*,*,#3535,.T.);
#3537=CARTESIAN_POINT('',(40.434,-23.280830554,18.011005887));
#3538=VERTEX_POINT('',#3537);
#3539=CARTESIAN_POINT('',(40.434,-34.374834478,1.37));
#3540=DIRECTION('',(-1.,-0.,-0.));
#3541=DIRECTION('',(0.,0.,-1.));
#3542=AXIS2_PLACEMENT_3D('',#3539,#3540,#3541);
#3543=CIRCLE('',#3542,20.);
#3544=EDGE_CURVE('',#3530,#3538,#3543,.T.);
#3545=ORIENTED_EDGE('',*,*,#3544,.T.);
#3546=CARTESIAN_POINT('',(40.434,-23.274012975,18.006460834));
#3547=DIRECTION('',(0.,-0.832050294,0.554700196));
#3548=VECTOR('',#3547,0.008193711);
#3549=LINE('',#3546,#3548);
#3550=EDGE_CURVE('',#3067,#3538,#3549,.T.);
#3551=ORIENTED_EDGE('',*,*,#3550,.F.);
#3552=EDGE_LOOP('',(#3518,#3519,#3520,#3528,#3536,#3545,#3551));
#3553=FACE_BOUND('',#3552,.T.);
#3554=ADVANCED_FACE('',(#3553),#3517,.T.);
#3555=CARTESIAN_POINT('',(49.212,-108.433219173,-1.5875));
#3556=DIRECTION('',(1.,0.,-0.));
#3557=DIRECTION('',(0.,0.,1.));
#3558=AXIS2_PLACEMENT_3D('',#3555,#3556,#3557);
#3559=PLANE('',#3558);
#3560=CARTESIAN_POINT('',(49.212,61.885193224,0.));
#3561=DIRECTION('',(0.,0.,-1.));
#3562=VECTOR('',#3561,2.);
#3563=LINE('',#3560,#3562);
#3564=EDGE_CURVE('',#1380,#666,#3563,.T.);
#3565=ORIENTED_EDGE('',*,*,#3564,.F.);
#3566=ORIENTED_EDGE('',*,*,#1385,.F.);
#3567=CARTESIAN_POINT('',(49.212,2.935817803,0.533240315));
#3568=VERTEX_POINT('',#3567);
#3569=CARTESIAN_POINT('',(49.212,4.696990926,3.175));
#3570=DIRECTION('',(1.,0.,-0.));
#3571=DIRECTION('',(0.,0.,1.));
#3572=AXIS2_PLACEMENT_3D('',#3569,#3570,#3571);
#3573=CIRCLE('',#3572,3.175);
#3574=EDGE_CURVE('',#3568,#1372,#3573,.T.);
#3575=ORIENTED_EDGE('',*,*,#3574,.F.);
#3576=CARTESIAN_POINT('',(49.212,-23.280830554,18.011005887));
#3577=VERTEX_POINT('',#3576);
#3578=CARTESIAN_POINT('',(49.212,2.935817803,0.533240315));
#3579=DIRECTION('',(0.,-0.832050294,0.554700196));
#3580=VECTOR('',#3579,31.508489974);
#3581=LINE('',#3578,#3580);
#3582=EDGE_CURVE('',#3568,#3577,#3581,.T.);
#3583=ORIENTED_EDGE('',*,*,#3582,.T.);
#3584=CARTESIAN_POINT('',(49.212,-34.374834478,21.37));
#3585=VERTEX_POINT('',#3584);
#3586=CARTESIAN_POINT('',(49.212,-34.374834478,1.37));
#3587=DIRECTION('',(1.,0.,-0.));
#3588=DIRECTION('',(0.,0.,1.));
#3589=AXIS2_PLACEMENT_3D('',#3586,#3587,#3588);
#3590=CIRCLE('',#3589,20.);
#3591=EDGE_CURVE('',#3577,#3585,#3590,.T.);
#3592=ORIENTED_EDGE('',*,*,#3591,.T.);
#3593=CARTESIAN_POINT('',(49.212,-108.433219173,21.37));
#3594=VERTEX_POINT('',#3593);
#3595=CARTESIAN_POINT('',(49.212,-34.374834478,21.37));
#3596=DIRECTION('',(0.,-1.,0.));
#3597=VECTOR('',#3596,74.058384695);
#3598=LINE('',#3595,#3597);
#3599=EDGE_CURVE('',#3585,#3594,#3598,.T.);
#3600=ORIENTED_EDGE('',*,*,#3599,.T.);
#3601=CARTESIAN_POINT('',(49.212,-108.433219173,21.37));
#3602=DIRECTION('',(-0.,-0.,-1.));
#3603=VECTOR('',#3602,21.37);
#3604=LINE('',#3601,#3603);
#3605=EDGE_CURVE('',#3594,#225,#3604,.T.);
#3606=ORIENTED_EDGE('',*,*,#3605,.T.);
#3607=ORIENTED_EDGE('',*,*,#3488,.T.);
#3608=ORIENTED_EDGE('',*,*,#671,.T.);
#3609=EDGE_LOOP('',(#3565,#3566,#3575,#3583,#3592,#3600,#3606,#3607,#3608));
#3610=FACE_BOUND('',#3609,.T.);
#3611=ADVANCED_FACE('',(#3610),#3559,.T.);
#3612=CARTESIAN_POINT('',(45.712,-108.433219173,0.));
#3613=DIRECTION('',(-0.,1.,0.));
#3614=DIRECTION('',(-1.,-0.,0.));
#3615=AXIS2_PLACEMENT_3D('',#3612,#3613,#3614);
#3616=PLANE('',#3615);
#3617=ORIENTED_EDGE('',*,*,#238,.F.);
#3618=ORIENTED_EDGE('',*,*,#3605,.F.);
#3619=CARTESIAN_POINT('',(45.712,-108.433219173,21.37));
#3620=VERTEX_POINT('',#3619);
#3621=CARTESIAN_POINT('',(49.212,-108.433219173,21.37));
#3622=DIRECTION('',(-1.,-0.,0.));
#3623=VECTOR('',#3622,3.5);
#3624=LINE('',#3621,#3623);
#3625=EDGE_CURVE('',#3594,#3620,#3624,.T.);
#3626=ORIENTED_EDGE('',*,*,#3625,.T.);
#3627=CARTESIAN_POINT('',(45.712,-108.433219173,11.641775223));
#3628=VERTEX_POINT('',#3627);
#3629=CARTESIAN_POINT('',(45.712,-108.433219173,21.37));
#3630=DIRECTION('',(0.,0.,-1.));
#3631=VECTOR('',#3630,9.728224777);
#3632=LINE('',#3629,#3631);
#3633=EDGE_CURVE('',#3620,#3628,#3632,.T.);
#3634=ORIENTED_EDGE('',*,*,#3633,.T.);
#3635=CARTESIAN_POINT('',(43.934,-108.433219173,11.641775223));
#3636=VERTEX_POINT('',#3635);
#3637=CARTESIAN_POINT('',(43.934,-108.433219173,11.641775223));
#3638=DIRECTION('',(1.,0.,0.));
#3639=VECTOR('',#3638,1.778);
#3640=LINE('',#3637,#3639);
#3641=EDGE_CURVE('',#3636,#3628,#3640,.T.);
#3642=ORIENTED_EDGE('',*,*,#3641,.F.);
#3643=CARTESIAN_POINT('',(43.934,-108.433219173,13.97));
#3644=VERTEX_POINT('',#3643);
#3645=CARTESIAN_POINT('',(43.934,-108.433219173,13.97));
#3646=DIRECTION('',(0.,0.,-1.));
#3647=VECTOR('',#3646,2.328224777);
#3648=LINE('',#3645,#3647);
#3649=EDGE_CURVE('',#3644,#3636,#3648,.T.);
#3650=ORIENTED_EDGE('',*,*,#3649,.F.);
#3651=CARTESIAN_POINT('',(43.934,-108.433219173,21.37));
#3652=VERTEX_POINT('',#3651);
#3653=CARTESIAN_POINT('',(43.934,-108.433219173,21.37));
#3654=DIRECTION('',(0.,0.,-1.));
#3655=VECTOR('',#3654,7.4);
#3656=LINE('',#3653,#3655);
#3657=EDGE_CURVE('',#3652,#3644,#3656,.T.);
#3658=ORIENTED_EDGE('',*,*,#3657,.F.);
#3659=CARTESIAN_POINT('',(43.934,-108.433219173,21.37));
#3660=DIRECTION('',(-1.,-0.,0.));
#3661=VECTOR('',#3660,3.5);
#3662=LINE('',#3659,#3661);
#3663=EDGE_CURVE('',#3652,#3522,#3662,.T.);
#3664=ORIENTED_EDGE('',*,*,#3663,.T.);
#3665=ORIENTED_EDGE('',*,*,#3527,.F.);
#3666=EDGE_LOOP('',(#3617,#3618,#3626,#3634,#3642,#3650,#3658,#3664,#3665));
#3667=FACE_BOUND('',#3666,.T.);
#3668=ADVANCED_FACE('',(#3667),#3616,.F.);
#3669=CARTESIAN_POINT('',(43.934,-64.340266191,4.712882612));
#3670=DIRECTION('',(-0.,0.155237834,0.987877125));
#3671=DIRECTION('',(-0.,0.987877125,-0.155237834));
#3672=AXIS2_PLACEMENT_3D('',#3669,#3670,#3671);
#3673=PLANE('',#3672);
#3674=CARTESIAN_POINT('',(45.712,-54.731588181,3.202947496));
#3675=VERTEX_POINT('',#3674);
#3676=CARTESIAN_POINT('',(45.712,-54.731588181,3.202947496));
#3677=DIRECTION('',(0.,-0.987877125,0.155237834));
#3678=VECTOR('',#3677,54.360638192);
#3679=LINE('',#3676,#3678);
#3680=EDGE_CURVE('',#3675,#3628,#3679,.T.);
#3681=ORIENTED_EDGE('',*,*,#3680,.F.);
#3682=CARTESIAN_POINT('',(43.934,-54.731588181,3.202947496));
#3683=VERTEX_POINT('',#3682);
#3684=CARTESIAN_POINT('',(45.712,-54.731588181,3.202947496));
#3685=DIRECTION('',(-1.,-0.,-0.));
#3686=VECTOR('',#3685,1.778);
#3687=LINE('',#3684,#3686);
#3688=EDGE_CURVE('',#3675,#3683,#3687,.T.);
#3689=ORIENTED_EDGE('',*,*,#3688,.T.);
#3690=CARTESIAN_POINT('',(43.934,-54.731588181,3.202947496));
#3691=DIRECTION('',(0.,-0.987877125,0.155237834));
#3692=VECTOR('',#3691,54.360638192);
#3693=LINE('',#3690,#3692);
#3694=EDGE_CURVE('',#3683,#3636,#3693,.T.);
#3695=ORIENTED_EDGE('',*,*,#3694,.T.);
#3696=ORIENTED_EDGE('',*,*,#3641,.T.);
#3697=EDGE_LOOP('',(#3681,#3689,#3695,#3696));
#3698=FACE_BOUND('',#3697,.T.);
#3699=ADVANCED_FACE('',(#3698),#3673,.T.);
#3700=CARTESIAN_POINT('',(55.872,-63.983219173,21.37));
#3701=DIRECTION('',(0.,0.,-1.));
#3702=DIRECTION('',(1.,0.,0.));
#3703=AXIS2_PLACEMENT_3D('',#3700,#3701,#3702);
#3704=PLANE('',#3703);
#3705=ORIENTED_EDGE('',*,*,#3599,.F.);
#3706=CARTESIAN_POINT('',(45.712,-34.374834478,21.37));
#3707=VERTEX_POINT('',#3706);
#3708=CARTESIAN_POINT('',(49.212,-34.374834478,21.37));
#3709=DIRECTION('',(-1.,-0.,-0.));
#3710=VECTOR('',#3709,3.5);
#3711=LINE('',#3708,#3710);
#3712=EDGE_CURVE('',#3585,#3707,#3711,.T.);
#3713=ORIENTED_EDGE('',*,*,#3712,.T.);
#3714=CARTESIAN_POINT('',(45.712,-34.374834478,21.37));
#3715=DIRECTION('',(0.,-1.,0.));
#3716=VECTOR('',#3715,74.058384694);
#3717=LINE('',#3714,#3716);
#3718=EDGE_CURVE('',#3707,#3620,#3717,.T.);
#3719=ORIENTED_EDGE('',*,*,#3718,.T.);
#3720=ORIENTED_EDGE('',*,*,#3625,.F.);
#3721=EDGE_LOOP('',(#3705,#3713,#3719,#3720));
#3722=FACE_BOUND('',#3721,.T.);
#3723=ADVANCED_FACE('',(#3722),#3704,.F.);
#3724=CARTESIAN_POINT('',(45.712,-19.533219173,0.));
#3725=DIRECTION('',(-1.,-0.,0.));
#3726=DIRECTION('',(0.,-0.,1.));
#3727=AXIS2_PLACEMENT_3D('',#3724,#3725,#3726);
#3728=PLANE('',#3727);
#3729=ORIENTED_EDGE('',*,*,#1369,.F.);
#3730=CARTESIAN_POINT('',(45.712,-13.716676437,-0.));
#3731=DIRECTION('',(0.,-0.996964675,0.077855233));
#3732=VECTOR('',#3731,41.13978437);
#3733=LINE('',#3730,#3732);
#3734=EDGE_CURVE('',#1356,#3675,#3733,.T.);
#3735=ORIENTED_EDGE('',*,*,#3734,.T.);
#3736=ORIENTED_EDGE('',*,*,#3680,.T.);
#3737=ORIENTED_EDGE('',*,*,#3633,.F.);
#3738=ORIENTED_EDGE('',*,*,#3718,.F.);
#3739=CARTESIAN_POINT('',(45.712,-23.280830554,18.011005887));
#3740=VERTEX_POINT('',#3739);
#3741=CARTESIAN_POINT('',(45.712,-34.374834478,1.37));
#3742=DIRECTION('',(-1.,-0.,-0.));
#3743=DIRECTION('',(0.,0.,-1.));
#3744=AXIS2_PLACEMENT_3D('',#3741,#3742,#3743);
#3745=CIRCLE('',#3744,20.);
#3746=EDGE_CURVE('',#3707,#3740,#3745,.T.);
#3747=ORIENTED_EDGE('',*,*,#3746,.T.);
#3748=CARTESIAN_POINT('',(45.712,2.935817803,0.533240315));
#3749=VERTEX_POINT('',#3748);
#3750=CARTESIAN_POINT('',(45.712,2.935817803,0.533240315));
#3751=DIRECTION('',(0.,-0.832050294,0.554700196));
#3752=VECTOR('',#3751,31.508489974);
#3753=LINE('',#3750,#3752);
#3754=EDGE_CURVE('',#3749,#3740,#3753,.T.);
#3755=ORIENTED_EDGE('',*,*,#3754,.F.);
#3756=CARTESIAN_POINT('',(45.712,4.696990926,3.175));
#3757=DIRECTION('',(1.,0.,0.));
#3758=DIRECTION('',(0.,0.,-1.));
#3759=AXIS2_PLACEMENT_3D('',#3756,#3757,#3758);
#3760=CIRCLE('',#3759,3.175);
#3761=EDGE_CURVE('',#3749,#1364,#3760,.T.);
#3762=ORIENTED_EDGE('',*,*,#3761,.T.);
#3763=EDGE_LOOP('',(#3729,#3735,#3736,#3737,#3738,#3747,#3755,#3762));
#3764=FACE_BOUND('',#3763,.T.);
#3765=ADVANCED_FACE('',(#3764),#3728,.T.);
#3766=CARTESIAN_POINT('',(55.872,-6.512019958,6.831798823));
#3767=DIRECTION('',(0.,-0.554700196,-0.832050294));
#3768=DIRECTION('',(0.,-0.832050294,0.554700196));
#3769=AXIS2_PLACEMENT_3D('',#3766,#3767,#3768);
#3770=PLANE('',#3769);
#3771=ORIENTED_EDGE('',*,*,#3582,.F.);
#3772=CARTESIAN_POINT('',(49.212,2.935817803,0.533240315));
#3773=DIRECTION('',(-1.,-0.,0.));
#3774=VECTOR('',#3773,3.5);
#3775=LINE('',#3772,#3774);
#3776=EDGE_CURVE('',#3568,#3749,#3775,.T.);
#3777=ORIENTED_EDGE('',*,*,#3776,.T.);
#3778=ORIENTED_EDGE('',*,*,#3754,.T.);
#3779=CARTESIAN_POINT('',(45.712,-23.280830554,18.011005887));
#3780=DIRECTION('',(1.,0.,0.));
#3781=VECTOR('',#3780,3.5);
#3782=LINE('',#3779,#3781);
#3783=EDGE_CURVE('',#3740,#3577,#3782,.T.);
#3784=ORIENTED_EDGE('',*,*,#3783,.T.);
#3785=EDGE_LOOP('',(#3771,#3777,#3778,#3784));
#3786=FACE_BOUND('',#3785,.T.);
#3787=ADVANCED_FACE('',(#3786),#3770,.F.);
#3788=CARTESIAN_POINT('',(55.872,-34.374834478,1.37));
#3789=DIRECTION('',(1.,0.,-0.));
#3790=DIRECTION('',(0.,0.,1.));
#3791=AXIS2_PLACEMENT_3D('',#3788,#3789,#3790);
#3792=CYLINDRICAL_SURFACE('',#3791,20.);
#3793=ORIENTED_EDGE('',*,*,#3591,.F.);
#3794=ORIENTED_EDGE('',*,*,#3783,.F.);
#3795=ORIENTED_EDGE('',*,*,#3746,.F.);
#3796=ORIENTED_EDGE('',*,*,#3712,.F.);
#3797=EDGE_LOOP('',(#3793,#3794,#3795,#3796));
#3798=FACE_BOUND('',#3797,.T.);
#3799=ADVANCED_FACE('',(#3798),#3792,.T.);
#3800=CARTESIAN_POINT('',(55.872,4.696990926,3.175));
#3801=DIRECTION('',(-1.,-0.,-0.));
#3802=DIRECTION('',(0.,0.,-1.));
#3803=AXIS2_PLACEMENT_3D('',#3800,#3801,#3802);
#3804=CYLINDRICAL_SURFACE('',#3803,3.175);
#3805=ORIENTED_EDGE('',*,*,#3776,.F.);
#3806=ORIENTED_EDGE('',*,*,#3574,.T.);
#3807=ORIENTED_EDGE('',*,*,#1377,.F.);
#3808=ORIENTED_EDGE('',*,*,#3761,.F.);
#3809=EDGE_LOOP('',(#3805,#3806,#3807,#3808));
#3810=FACE_BOUND('',#3809,.T.);
#3811=ADVANCED_FACE('',(#3810),#3804,.F.);
#3812=CARTESIAN_POINT('',(44.823,-13.716676437,0.));
#3813=DIRECTION('',(-0.,0.077855233,0.996964675));
#3814=DIRECTION('',(-1.,-0.,0.));
#3815=AXIS2_PLACEMENT_3D('',#3812,#3813,#3814);
#3816=PLANE('',#3815);
#3817=CARTESIAN_POINT('',(43.934,-25.279248691,0.902947496));
#3818=VERTEX_POINT('',#3817);
#3819=CARTESIAN_POINT('',(43.934,-54.731588181,3.202947496));
#3820=DIRECTION('',(-0.,0.996964675,-0.077855233));
#3821=VECTOR('',#3820,29.542009096);
#3822=LINE('',#3819,#3821);
#3823=EDGE_CURVE('',#3683,#3818,#3822,.T.);
#3824=ORIENTED_EDGE('',*,*,#3823,.F.);
#3825=ORIENTED_EDGE('',*,*,#3688,.F.);
#3826=ORIENTED_EDGE('',*,*,#3734,.F.);
#3827=ORIENTED_EDGE('',*,*,#1361,.F.);
#3828=CARTESIAN_POINT('',(43.934,-25.279248691,0.902947496));
#3829=DIRECTION('',(-0.,0.996964675,-0.077855233));
#3830=VECTOR('',#3829,11.597775274);
#3831=LINE('',#3828,#3830);
#3832=EDGE_CURVE('',#3818,#1348,#3831,.T.);
#3833=ORIENTED_EDGE('',*,*,#3832,.F.);
#3834=EDGE_LOOP('',(#3824,#3825,#3826,#3827,#3833));
#3835=FACE_BOUND('',#3834,.T.);
#3836=ADVANCED_FACE('',(#3835),#3816,.T.);
#3837=CARTESIAN_POINT('',(43.934,-46.521747507,11.741522221));
#3838=DIRECTION('',(1.,0.,0.));
#3839=DIRECTION('',(0.,0.,1.));
#3840=AXIS2_PLACEMENT_3D('',#3837,#3838,#3839);
#3841=PLANE('',#3840);
#3842=ORIENTED_EDGE('',*,*,#3694,.F.);
#3843=ORIENTED_EDGE('',*,*,#3823,.T.);
#3844=CARTESIAN_POINT('',(43.934,-108.433219173,13.97));
#3845=DIRECTION('',(-0.,0.987877125,-0.155237834));
#3846=VECTOR('',#3845,84.174406253);
#3847=LINE('',#3844,#3846);
#3848=EDGE_CURVE('',#3644,#3818,#3847,.T.);
#3849=ORIENTED_EDGE('',*,*,#3848,.F.);
#3850=ORIENTED_EDGE('',*,*,#3649,.T.);
#3851=EDGE_LOOP('',(#3842,#3843,#3849,#3850));
#3852=FACE_BOUND('',#3851,.T.);
#3853=ADVANCED_FACE('',(#3852),#3841,.T.);
#3854=CARTESIAN_POINT('',(45.712,-19.533219173,21.37));
#3855=DIRECTION('',(0.,0.,1.));
#3856=DIRECTION('',(-1.,-0.,0.));
#3857=AXIS2_PLACEMENT_3D('',#3854,#3855,#3856);
#3858=PLANE('',#3857);
#3859=ORIENTED_EDGE('',*,*,#3535,.F.);
#3860=ORIENTED_EDGE('',*,*,#3663,.F.);
#3861=CARTESIAN_POINT('',(43.934,-34.374834478,21.37));
#3862=VERTEX_POINT('',#3861);
#3863=CARTESIAN_POINT('',(43.934,-34.374834478,21.37));
#3864=DIRECTION('',(0.,-1.,0.));
#3865=VECTOR('',#3864,74.058384694);
#3866=LINE('',#3863,#3865);
#3867=EDGE_CURVE('',#3862,#3652,#3866,.T.);
#3868=ORIENTED_EDGE('',*,*,#3867,.F.);
#3869=CARTESIAN_POINT('',(43.934,-34.374834478,21.37));
#3870=DIRECTION('',(-1.,-0.,0.));
#3871=VECTOR('',#3870,3.5);
#3872=LINE('',#3869,#3871);
#3873=EDGE_CURVE('',#3862,#3530,#3872,.T.);
#3874=ORIENTED_EDGE('',*,*,#3873,.T.);
#3875=EDGE_LOOP('',(#3859,#3860,#3868,#3874));
#3876=FACE_BOUND('',#3875,.T.);
#3877=ADVANCED_FACE('',(#3876),#3858,.T.);
#3878=CARTESIAN_POINT('',(45.712,-34.374834478,1.37));
#3879=DIRECTION('',(1.,0.,-0.));
#3880=DIRECTION('',(0.,0.,1.));
#3881=AXIS2_PLACEMENT_3D('',#3878,#3879,#3880);
#3882=CYLINDRICAL_SURFACE('',#3881,20.);
#3883=ORIENTED_EDGE('',*,*,#3544,.F.);
#3884=ORIENTED_EDGE('',*,*,#3873,.F.);
#3885=CARTESIAN_POINT('',(43.934,-23.280830554,18.011005887));
#3886=VERTEX_POINT('',#3885);
#3887=CARTESIAN_POINT('',(43.934,-34.374834478,1.37));
#3888=DIRECTION('',(1.,0.,-0.));
#3889=DIRECTION('',(0.,0.,1.));
#3890=AXIS2_PLACEMENT_3D('',#3887,#3888,#3889);
#3891=CIRCLE('',#3890,20.);
#3892=EDGE_CURVE('',#3886,#3862,#3891,.T.);
#3893=ORIENTED_EDGE('',*,*,#3892,.F.);
#3894=CARTESIAN_POINT('',(40.434,-23.280830554,18.011005887));
#3895=DIRECTION('',(1.,0.,-0.));
#3896=VECTOR('',#3895,3.5);
#3897=LINE('',#3894,#3896);
#3898=EDGE_CURVE('',#3538,#3886,#3897,.T.);
#3899=ORIENTED_EDGE('',*,*,#3898,.F.);
#3900=EDGE_LOOP('',(#3883,#3884,#3893,#3899));
#3901=FACE_BOUND('',#3900,.T.);
#3902=ADVANCED_FACE('',(#3901),#3882,.T.);
#3903=CARTESIAN_POINT('',(43.934,-6.512019958,6.831798823));
#3904=DIRECTION('',(0.,-0.554700196,-0.832050294));
#3905=DIRECTION('',(0.,-0.832050294,0.554700196));
#3906=AXIS2_PLACEMENT_3D('',#3903,#3904,#3905);
#3907=PLANE('',#3906);
#3908=ORIENTED_EDGE('',*,*,#3072,.T.);
#3909=ORIENTED_EDGE('',*,*,#3550,.T.);
#3910=ORIENTED_EDGE('',*,*,#3898,.T.);
#3911=CARTESIAN_POINT('',(43.934,2.935817803,0.533240315));
#3912=VERTEX_POINT('',#3911);
#3913=CARTESIAN_POINT('',(43.934,2.935817803,0.533240315));
#3914=DIRECTION('',(0.,-0.832050294,0.554700196));
#3915=VECTOR('',#3914,31.508489974);
#3916=LINE('',#3913,#3915);
#3917=EDGE_CURVE('',#3912,#3886,#3916,.T.);
#3918=ORIENTED_EDGE('',*,*,#3917,.F.);
#3919=CARTESIAN_POINT('',(43.934,2.935817803,0.533240315));
#3920=DIRECTION('',(-1.,-0.,0.));
#3921=VECTOR('',#3920,3.5);
#3922=LINE('',#3919,#3921);
#3923=EDGE_CURVE('',#3912,#3065,#3922,.T.);
#3924=ORIENTED_EDGE('',*,*,#3923,.T.);
#3925=EDGE_LOOP('',(#3908,#3909,#3910,#3918,#3924));
#3926=FACE_BOUND('',#3925,.T.);
#3927=ADVANCED_FACE('',(#3926),#3907,.F.);
#3928=CARTESIAN_POINT('',(43.934,4.696990926,3.175));
#3929=DIRECTION('',(-1.,-0.,-0.));
#3930=DIRECTION('',(0.,0.,-1.));
#3931=AXIS2_PLACEMENT_3D('',#3928,#3929,#3930);
#3932=CYLINDRICAL_SURFACE('',#3931,3.175);
#3933=CARTESIAN_POINT('',(43.934,4.696990926,3.175));
#3934=DIRECTION('',(-1.,-0.,0.));
#3935=DIRECTION('',(0.,0.,1.));
#3936=AXIS2_PLACEMENT_3D('',#3933,#3934,#3935);
#3937=CIRCLE('',#3936,3.175);
#3938=EDGE_CURVE('',#1340,#3912,#3937,.T.);
#3939=ORIENTED_EDGE('',*,*,#3938,.F.);
#3940=ORIENTED_EDGE('',*,*,#1345,.F.);
#3941=ORIENTED_EDGE('',*,*,#3079,.F.);
#3942=ORIENTED_EDGE('',*,*,#3923,.F.);
#3943=EDGE_LOOP('',(#3939,#3940,#3941,#3942));
#3944=FACE_BOUND('',#3943,.T.);
#3945=ADVANCED_FACE('',(#3944),#3932,.F.);
#3946=CARTESIAN_POINT('',(43.934,-63.983219173,20.32));
#3947=DIRECTION('',(1.,0.,0.));
#3948=DIRECTION('',(0.,0.,1.));
#3949=AXIS2_PLACEMENT_3D('',#3946,#3947,#3948);
#3950=PLANE('',#3949);
#3951=ORIENTED_EDGE('',*,*,#3848,.T.);
#3952=ORIENTED_EDGE('',*,*,#3832,.T.);
#3953=ORIENTED_EDGE('',*,*,#1353,.T.);
#3954=ORIENTED_EDGE('',*,*,#3938,.T.);
#3955=ORIENTED_EDGE('',*,*,#3917,.T.);
#3956=ORIENTED_EDGE('',*,*,#3892,.T.);
#3957=ORIENTED_EDGE('',*,*,#3867,.T.);
#3958=ORIENTED_EDGE('',*,*,#3657,.T.);
#3959=EDGE_LOOP('',(#3951,#3952,#3953,#3954,#3955,#3956,#3957,#3958));
#3960=FACE_BOUND('',#3959,.T.);
#3961=ADVANCED_FACE('',(#3960),#3950,.T.);
#3962=CARTESIAN_POINT('',(49.234,61.885193224,-1.5875));
#3963=DIRECTION('',(-1.,0.,-0.));
#3964=DIRECTION('',(-0.,0.,1.));
#3965=AXIS2_PLACEMENT_3D('',#3962,#3963,#3964);
#3966=PLANE('',#3965);
#3967=ORIENTED_EDGE('',*,*,#3495,.F.);
#3968=ORIENTED_EDGE('',*,*,#222,.F.);
#3969=CARTESIAN_POINT('',(49.234,-49.483843752,0.533240315));
#3970=VERTEX_POINT('',#3969);
#3971=CARTESIAN_POINT('',(49.234,-51.245016875,3.175));
#3972=DIRECTION('',(-1.,0.,-0.));
#3973=DIRECTION('',(-0.,0.,1.));
#3974=AXIS2_PLACEMENT_3D('',#3971,#3972,#3973);
#3975=CIRCLE('',#3974,3.175);
#3976=EDGE_CURVE('',#3970,#209,#3975,.T.);
#3977=ORIENTED_EDGE('',*,*,#3976,.F.);
#3978=CARTESIAN_POINT('',(49.234,-23.267195395,18.011005887));
#3979=VERTEX_POINT('',#3978);
#3980=CARTESIAN_POINT('',(49.234,-49.483843752,0.533240315));
#3981=DIRECTION('',(-0.,0.832050294,0.554700196));
#3982=VECTOR('',#3981,31.508489974);
#3983=LINE('',#3980,#3982);
#3984=EDGE_CURVE('',#3970,#3979,#3983,.T.);
#3985=ORIENTED_EDGE('',*,*,#3984,.T.);
#3986=CARTESIAN_POINT('',(49.234,-12.173191471,21.37));
#3987=VERTEX_POINT('',#3986);
#3988=CARTESIAN_POINT('',(49.234,-12.173191471,1.37));
#3989=DIRECTION('',(-1.,0.,-0.));
#3990=DIRECTION('',(-0.,0.,1.));
#3991=AXIS2_PLACEMENT_3D('',#3988,#3989,#3990);
#3992=CIRCLE('',#3991,20.);
#3993=EDGE_CURVE('',#3979,#3987,#3992,.T.);
#3994=ORIENTED_EDGE('',*,*,#3993,.T.);
#3995=CARTESIAN_POINT('',(49.234,61.885193224,21.37));
#3996=VERTEX_POINT('',#3995);
#3997=CARTESIAN_POINT('',(49.234,-12.173191471,21.37));
#3998=DIRECTION('',(0.,1.,0.));
#3999=VECTOR('',#3998,74.058384695);
#4000=LINE('',#3997,#3999);
#4001=EDGE_CURVE('',#3987,#3996,#4000,.T.);
#4002=ORIENTED_EDGE('',*,*,#4001,.T.);
#4003=CARTESIAN_POINT('',(49.234,61.885193224,21.37));
#4004=DIRECTION('',(0.,0.,-1.));
#4005=VECTOR('',#4004,21.37);
#4006=LINE('',#4003,#4005);
#4007=EDGE_CURVE('',#3996,#1388,#4006,.T.);
#4008=ORIENTED_EDGE('',*,*,#4007,.T.);
#4009=CARTESIAN_POINT('',(49.234,61.885193224,0.));
#4010=DIRECTION('',(0.,0.,-1.));
#4011=VECTOR('',#4010,2.);
#4012=LINE('',#4009,#4011);
#4013=EDGE_CURVE('',#1388,#682,#4012,.T.);
#4014=ORIENTED_EDGE('',*,*,#4013,.T.);
#4015=ORIENTED_EDGE('',*,*,#687,.T.);
#4016=EDGE_LOOP('',(#3967,#3968,#3977,#3985,#3994,#4002,#4008,#4014,#4015));
#4017=FACE_BOUND('',#4016,.T.);
#4018=ADVANCED_FACE('',(#4017),#3966,.T.);
#4019=CARTESIAN_POINT('',(58.012,61.885193224,-1.5875));
#4020=DIRECTION('',(1.,0.,0.));
#4021=DIRECTION('',(0.,0.,-1.));
#4022=AXIS2_PLACEMENT_3D('',#4019,#4020,#4021);
#4023=PLANE('',#4022);
#4024=CARTESIAN_POINT('',(58.012,2.935817803,0.533240315));
#4025=VERTEX_POINT('',#4024);
#4026=CARTESIAN_POINT('',(58.012,-23.274012975,18.006460834));
#4027=VERTEX_POINT('',#4026);
#4028=CARTESIAN_POINT('',(58.012,2.935817803,0.533240315));
#4029=DIRECTION('',(0.,-0.832050294,0.554700196));
#4030=VECTOR('',#4029,31.500296263);
#4031=LINE('',#4028,#4030);
#4032=EDGE_CURVE('',#4025,#4027,#4031,.T.);
#4033=ORIENTED_EDGE('',*,*,#4032,.F.);
#4034=CARTESIAN_POINT('',(58.012,4.696990926,3.175));
#4035=DIRECTION('',(1.,0.,0.));
#4036=DIRECTION('',(0.,0.,-1.));
#4037=AXIS2_PLACEMENT_3D('',#4034,#4035,#4036);
#4038=CIRCLE('',#4037,3.175);
#4039=EDGE_CURVE('',#4025,#1404,#4038,.T.);
#4040=ORIENTED_EDGE('',*,*,#4039,.T.);
#4041=ORIENTED_EDGE('',*,*,#1409,.T.);
#4042=CARTESIAN_POINT('',(58.012,61.885193224,21.37));
#4043=VERTEX_POINT('',#4042);
#4044=CARTESIAN_POINT('',(58.012,61.885193224,0.));
#4045=DIRECTION('',(0.,0.,1.));
#4046=VECTOR('',#4045,21.37);
#4047=LINE('',#4044,#4046);
#4048=EDGE_CURVE('',#1396,#4043,#4047,.T.);
#4049=ORIENTED_EDGE('',*,*,#4048,.T.);
#4050=CARTESIAN_POINT('',(58.012,-12.173191471,21.37));
#4051=VERTEX_POINT('',#4050);
#4052=CARTESIAN_POINT('',(58.012,61.885193224,21.37));
#4053=DIRECTION('',(0.,-1.,0.));
#4054=VECTOR('',#4053,74.058384695);
#4055=LINE('',#4052,#4054);
#4056=EDGE_CURVE('',#4043,#4051,#4055,.T.);
#4057=ORIENTED_EDGE('',*,*,#4056,.T.);
#4058=CARTESIAN_POINT('',(58.012,-23.267195395,18.011005887));
#4059=VERTEX_POINT('',#4058);
#4060=CARTESIAN_POINT('',(58.012,-12.173191471,1.37));
#4061=DIRECTION('',(1.,0.,0.));
#4062=DIRECTION('',(0.,0.,-1.));
#4063=AXIS2_PLACEMENT_3D('',#4060,#4061,#4062);
#4064=CIRCLE('',#4063,20.);
#4065=EDGE_CURVE('',#4051,#4059,#4064,.T.);
#4066=ORIENTED_EDGE('',*,*,#4065,.T.);
#4067=CARTESIAN_POINT('',(58.012,-23.274012975,18.006460834));
#4068=DIRECTION('',(0.,0.832050294,0.554700196));
#4069=VECTOR('',#4068,0.008193711);
#4070=LINE('',#4067,#4069);
#4071=EDGE_CURVE('',#4027,#4059,#4070,.T.);
#4072=ORIENTED_EDGE('',*,*,#4071,.F.);
#4073=EDGE_LOOP('',(#4033,#4040,#4041,#4049,#4057,#4066,#4072));
#4074=FACE_BOUND('',#4073,.T.);
#4075=ADVANCED_FACE('',(#4074),#4023,.T.);
#4076=CARTESIAN_POINT('',(52.734,61.885193224,0.));
#4077=DIRECTION('',(0.,-1.,0.));
#4078=DIRECTION('',(1.,0.,0.));
#4079=AXIS2_PLACEMENT_3D('',#4076,#4077,#4078);
#4080=PLANE('',#4079);
#4081=ORIENTED_EDGE('',*,*,#4048,.F.);
#4082=ORIENTED_EDGE('',*,*,#1401,.T.);
#4083=ORIENTED_EDGE('',*,*,#4007,.F.);
#4084=CARTESIAN_POINT('',(52.734,61.885193223,21.37));
#4085=VERTEX_POINT('',#4084);
#4086=CARTESIAN_POINT('',(49.234,61.885193224,21.37));
#4087=DIRECTION('',(1.,0.,-0.));
#4088=VECTOR('',#4087,3.5);
#4089=LINE('',#4086,#4088);
#4090=EDGE_CURVE('',#3996,#4085,#4089,.T.);
#4091=ORIENTED_EDGE('',*,*,#4090,.T.);
#4092=CARTESIAN_POINT('',(52.734,61.885193223,11.641775223));
#4093=VERTEX_POINT('',#4092);
#4094=CARTESIAN_POINT('',(52.734,61.885193223,21.37));
#4095=DIRECTION('',(0.,0.,-1.));
#4096=VECTOR('',#4095,9.728224777);
#4097=LINE('',#4094,#4096);
#4098=EDGE_CURVE('',#4085,#4093,#4097,.T.);
#4099=ORIENTED_EDGE('',*,*,#4098,.T.);
#4100=CARTESIAN_POINT('',(54.512,61.885193224,11.641775223));
#4101=VERTEX_POINT('',#4100);
#4102=CARTESIAN_POINT('',(54.512,61.885193224,11.641775223));
#4103=DIRECTION('',(-1.,0.,0.));
#4104=VECTOR('',#4103,1.778);
#4105=LINE('',#4102,#4104);
#4106=EDGE_CURVE('',#4101,#4093,#4105,.T.);
#4107=ORIENTED_EDGE('',*,*,#4106,.F.);
#4108=CARTESIAN_POINT('',(54.512,61.885193223,13.97));
#4109=VERTEX_POINT('',#4108);
#4110=CARTESIAN_POINT('',(54.512,61.885193224,13.97));
#4111=DIRECTION('',(0.,0.,-1.));
#4112=VECTOR('',#4111,2.328224777);
#4113=LINE('',#4110,#4112);
#4114=EDGE_CURVE('',#4109,#4101,#4113,.T.);
#4115=ORIENTED_EDGE('',*,*,#4114,.F.);
#4116=CARTESIAN_POINT('',(54.512,61.885193223,21.37));
#4117=VERTEX_POINT('',#4116);
#4118=CARTESIAN_POINT('',(54.512,61.885193223,21.37));
#4119=DIRECTION('',(0.,0.,-1.));
#4120=VECTOR('',#4119,7.4);
#4121=LINE('',#4118,#4120);
#4122=EDGE_CURVE('',#4117,#4109,#4121,.T.);
#4123=ORIENTED_EDGE('',*,*,#4122,.F.);
#4124=CARTESIAN_POINT('',(54.512,61.885193224,21.37));
#4125=DIRECTION('',(1.,0.,-0.));
#4126=VECTOR('',#4125,3.5);
#4127=LINE('',#4124,#4126);
#4128=EDGE_CURVE('',#4117,#4043,#4127,.T.);
#4129=ORIENTED_EDGE('',*,*,#4128,.T.);
#4130=EDGE_LOOP('',(#4081,#4082,#4083,#4091,#4099,#4107,#4115,#4123,#4129));
#4131=FACE_BOUND('',#4130,.T.);
#4132=ADVANCED_FACE('',(#4131),#4080,.F.);
#4133=CARTESIAN_POINT('',(54.512,17.792240242,4.712882612));
#4134=DIRECTION('',(0.,-0.155237834,0.987877125));
#4135=DIRECTION('',(0.,-0.987877125,-0.155237834));
#4136=AXIS2_PLACEMENT_3D('',#4133,#4134,#4135);
#4137=PLANE('',#4136);
#4138=CARTESIAN_POINT('',(52.734,8.183562231,3.202947496));
#4139=VERTEX_POINT('',#4138);
#4140=CARTESIAN_POINT('',(52.734,8.183562231,3.202947496));
#4141=DIRECTION('',(0.,0.987877125,0.155237834));
#4142=VECTOR('',#4141,54.360638192);
#4143=LINE('',#4140,#4142);
#4144=EDGE_CURVE('',#4139,#4093,#4143,.T.);
#4145=ORIENTED_EDGE('',*,*,#4144,.F.);
#4146=CARTESIAN_POINT('',(54.512,8.183562231,3.202947496));
#4147=VERTEX_POINT('',#4146);
#4148=CARTESIAN_POINT('',(52.734,8.183562231,3.202947496));
#4149=DIRECTION('',(1.,-0.,-0.));
#4150=VECTOR('',#4149,1.778);
#4151=LINE('',#4148,#4150);
#4152=EDGE_CURVE('',#4139,#4147,#4151,.T.);
#4153=ORIENTED_EDGE('',*,*,#4152,.T.);
#4154=CARTESIAN_POINT('',(54.512,8.183562231,3.202947496));
#4155=DIRECTION('',(0.,0.987877125,0.155237834));
#4156=VECTOR('',#4155,54.360638192);
#4157=LINE('',#4154,#4156);
#4158=EDGE_CURVE('',#4147,#4101,#4157,.T.);
#4159=ORIENTED_EDGE('',*,*,#4158,.T.);
#4160=ORIENTED_EDGE('',*,*,#4106,.T.);
#4161=EDGE_LOOP('',(#4145,#4153,#4159,#4160));
#4162=FACE_BOUND('',#4161,.T.);
#4163=ADVANCED_FACE('',(#4162),#4137,.T.);
#4164=CARTESIAN_POINT('',(42.574,17.435193223,21.37));
#4165=DIRECTION('',(0.,0.,-1.));
#4166=DIRECTION('',(-1.,0.,0.));
#4167=AXIS2_PLACEMENT_3D('',#4164,#4165,#4166);
#4168=PLANE('',#4167);
#4169=ORIENTED_EDGE('',*,*,#4001,.F.);
#4170=CARTESIAN_POINT('',(52.734,-12.173191471,21.37));
#4171=VERTEX_POINT('',#4170);
#4172=CARTESIAN_POINT('',(49.234,-12.173191471,21.37));
#4173=DIRECTION('',(1.,-0.,-0.));
#4174=VECTOR('',#4173,3.5);
#4175=LINE('',#4172,#4174);
#4176=EDGE_CURVE('',#3987,#4171,#4175,.T.);
#4177=ORIENTED_EDGE('',*,*,#4176,.T.);
#4178=CARTESIAN_POINT('',(52.734,-12.173191471,21.37));
#4179=DIRECTION('',(0.,1.,0.));
#4180=VECTOR('',#4179,74.058384694);
#4181=LINE('',#4178,#4180);
#4182=EDGE_CURVE('',#4171,#4085,#4181,.T.);
#4183=ORIENTED_EDGE('',*,*,#4182,.T.);
#4184=ORIENTED_EDGE('',*,*,#4090,.F.);
#4185=EDGE_LOOP('',(#4169,#4177,#4183,#4184));
#4186=FACE_BOUND('',#4185,.T.);
#4187=ADVANCED_FACE('',(#4186),#4168,.F.);
#4188=CARTESIAN_POINT('',(52.734,-27.014806777,0.));
#4189=DIRECTION('',(1.,0.,0.));
#4190=DIRECTION('',(0.,0.,1.));
#4191=AXIS2_PLACEMENT_3D('',#4188,#4189,#4190);
#4192=PLANE('',#4191);
#4193=ORIENTED_EDGE('',*,*,#206,.F.);
#4194=CARTESIAN_POINT('',(52.734,-32.831349512,0.));
#4195=DIRECTION('',(-0.,0.996964675,0.077855233));
#4196=VECTOR('',#4195,41.13978437);
#4197=LINE('',#4194,#4196);
#4198=EDGE_CURVE('',#193,#4139,#4197,.T.);
#4199=ORIENTED_EDGE('',*,*,#4198,.T.);
#4200=ORIENTED_EDGE('',*,*,#4144,.T.);
#4201=ORIENTED_EDGE('',*,*,#4098,.F.);
#4202=ORIENTED_EDGE('',*,*,#4182,.F.);
#4203=CARTESIAN_POINT('',(52.734,-23.267195395,18.011005887));
#4204=VERTEX_POINT('',#4203);
#4205=CARTESIAN_POINT('',(52.734,-12.173191471,1.37));
#4206=DIRECTION('',(1.,0.,0.));
#4207=DIRECTION('',(0.,0.,-1.));
#4208=AXIS2_PLACEMENT_3D('',#4205,#4206,#4207);
#4209=CIRCLE('',#4208,20.);
#4210=EDGE_CURVE('',#4171,#4204,#4209,.T.);
#4211=ORIENTED_EDGE('',*,*,#4210,.T.);
#4212=CARTESIAN_POINT('',(52.734,-49.483843752,0.533240315));
#4213=VERTEX_POINT('',#4212);
#4214=CARTESIAN_POINT('',(52.734,-49.483843752,0.533240315));
#4215=DIRECTION('',(0.,0.832050294,0.554700196));
#4216=VECTOR('',#4215,31.508489974);
#4217=LINE('',#4214,#4216);
#4218=EDGE_CURVE('',#4213,#4204,#4217,.T.);
#4219=ORIENTED_EDGE('',*,*,#4218,.F.);
#4220=CARTESIAN_POINT('',(52.734,-51.245016875,3.175));
#4221=DIRECTION('',(-1.,-0.,-0.));
#4222=DIRECTION('',(0.,0.,-1.));
#4223=AXIS2_PLACEMENT_3D('',#4220,#4221,#4222);
#4224=CIRCLE('',#4223,3.175);
#4225=EDGE_CURVE('',#4213,#201,#4224,.T.);
#4226=ORIENTED_EDGE('',*,*,#4225,.T.);
#4227=EDGE_LOOP('',(#4193,#4199,#4200,#4201,#4202,#4211,#4219,#4226));
#4228=FACE_BOUND('',#4227,.T.);
#4229=ADVANCED_FACE('',(#4228),#4192,.T.);
#4230=CARTESIAN_POINT('',(42.574,-40.036005992,6.831798823));
#4231=DIRECTION('',(0.,0.554700196,-0.832050294));
#4232=DIRECTION('',(0.,0.832050294,0.554700196));
#4233=AXIS2_PLACEMENT_3D('',#4230,#4231,#4232);
#4234=PLANE('',#4233);
#4235=ORIENTED_EDGE('',*,*,#3984,.F.);
#4236=CARTESIAN_POINT('',(49.234,-49.483843752,0.533240315));
#4237=DIRECTION('',(1.,0.,-0.));
#4238=VECTOR('',#4237,3.5);
#4239=LINE('',#4236,#4238);
#4240=EDGE_CURVE('',#3970,#4213,#4239,.T.);
#4241=ORIENTED_EDGE('',*,*,#4240,.T.);
#4242=ORIENTED_EDGE('',*,*,#4218,.T.);
#4243=CARTESIAN_POINT('',(52.734,-23.267195395,18.011005887));
#4244=DIRECTION('',(-1.,0.,0.));
#4245=VECTOR('',#4244,3.5);
#4246=LINE('',#4243,#4245);
#4247=EDGE_CURVE('',#4204,#3979,#4246,.T.);
#4248=ORIENTED_EDGE('',*,*,#4247,.T.);
#4249=EDGE_LOOP('',(#4235,#4241,#4242,#4248));
#4250=FACE_BOUND('',#4249,.T.);
#4251=ADVANCED_FACE('',(#4250),#4234,.F.);
#4252=CARTESIAN_POINT('',(42.574,-12.173191471,1.37));
#4253=DIRECTION('',(-1.,0.,0.));
#4254=DIRECTION('',(0.,0.,1.));
#4255=AXIS2_PLACEMENT_3D('',#4252,#4253,#4254);
#4256=CYLINDRICAL_SURFACE('',#4255,20.);
#4257=ORIENTED_EDGE('',*,*,#3993,.F.);
#4258=ORIENTED_EDGE('',*,*,#4247,.F.);
#4259=ORIENTED_EDGE('',*,*,#4210,.F.);
#4260=ORIENTED_EDGE('',*,*,#4176,.F.);
#4261=EDGE_LOOP('',(#4257,#4258,#4259,#4260));
#4262=FACE_BOUND('',#4261,.T.);
#4263=ADVANCED_FACE('',(#4262),#4256,.T.);
#4264=CARTESIAN_POINT('',(42.574,-51.245016875,3.175));
#4265=DIRECTION('',(1.,0.,0.));
#4266=DIRECTION('',(0.,0.,-1.));
#4267=AXIS2_PLACEMENT_3D('',#4264,#4265,#4266);
#4268=CYLINDRICAL_SURFACE('',#4267,3.175);
#4269=ORIENTED_EDGE('',*,*,#4240,.F.);
#4270=ORIENTED_EDGE('',*,*,#3976,.T.);
#4271=ORIENTED_EDGE('',*,*,#214,.F.);
#4272=ORIENTED_EDGE('',*,*,#4225,.F.);
#4273=EDGE_LOOP('',(#4269,#4270,#4271,#4272));
#4274=FACE_BOUND('',#4273,.T.);
#4275=ADVANCED_FACE('',(#4274),#4268,.F.);
#4276=CARTESIAN_POINT('',(53.623,-32.831349512,0.));
#4277=DIRECTION('',(0.,-0.077855233,0.996964675));
#4278=DIRECTION('',(1.,0.,0.));
#4279=AXIS2_PLACEMENT_3D('',#4276,#4277,#4278);
#4280=PLANE('',#4279);
#4281=CARTESIAN_POINT('',(54.512,-21.268777259,0.902947496));
#4282=VERTEX_POINT('',#4281);
#4283=CARTESIAN_POINT('',(54.512,8.183562231,3.202947496));
#4284=DIRECTION('',(-0.,-0.996964675,-0.077855233));
#4285=VECTOR('',#4284,29.542009096);
#4286=LINE('',#4283,#4285);
#4287=EDGE_CURVE('',#4147,#4282,#4286,.T.);
#4288=ORIENTED_EDGE('',*,*,#4287,.F.);
#4289=ORIENTED_EDGE('',*,*,#4152,.F.);
#4290=ORIENTED_EDGE('',*,*,#4198,.F.);
#4291=ORIENTED_EDGE('',*,*,#198,.F.);
#4292=CARTESIAN_POINT('',(54.512,-21.268777259,0.902947496));
#4293=DIRECTION('',(-0.,-0.996964675,-0.077855233));
#4294=VECTOR('',#4293,11.597775274);
#4295=LINE('',#4292,#4294);
#4296=EDGE_CURVE('',#4282,#185,#4295,.T.);
#4297=ORIENTED_EDGE('',*,*,#4296,.F.);
#4298=EDGE_LOOP('',(#4288,#4289,#4290,#4291,#4297));
#4299=FACE_BOUND('',#4298,.T.);
#4300=ADVANCED_FACE('',(#4299),#4280,.T.);
#4301=CARTESIAN_POINT('',(54.512,-0.026278442,11.741522221));
#4302=DIRECTION('',(-1.,0.,0.));
#4303=DIRECTION('',(0.,0.,1.));
#4304=AXIS2_PLACEMENT_3D('',#4301,#4302,#4303);
#4305=PLANE('',#4304);
#4306=ORIENTED_EDGE('',*,*,#4158,.F.);
#4307=ORIENTED_EDGE('',*,*,#4287,.T.);
#4308=CARTESIAN_POINT('',(54.512,61.885193223,13.97));
#4309=DIRECTION('',(0.,-0.987877125,-0.155237834));
#4310=VECTOR('',#4309,84.174406253);
#4311=LINE('',#4308,#4310);
#4312=EDGE_CURVE('',#4109,#4282,#4311,.T.);
#4313=ORIENTED_EDGE('',*,*,#4312,.F.);
#4314=ORIENTED_EDGE('',*,*,#4114,.T.);
#4315=EDGE_LOOP('',(#4306,#4307,#4313,#4314));
#4316=FACE_BOUND('',#4315,.T.);
#4317=ADVANCED_FACE('',(#4316),#4305,.T.);
#4318=CARTESIAN_POINT('',(52.734,-27.014806777,21.37));
#4319=DIRECTION('',(0.,0.,1.));
#4320=DIRECTION('',(1.,0.,0.));
#4321=AXIS2_PLACEMENT_3D('',#4318,#4319,#4320);
#4322=PLANE('',#4321);
#4323=ORIENTED_EDGE('',*,*,#4056,.F.);
#4324=ORIENTED_EDGE('',*,*,#4128,.F.);
#4325=CARTESIAN_POINT('',(54.512,-12.173191471,21.37));
#4326=VERTEX_POINT('',#4325);
#4327=CARTESIAN_POINT('',(54.512,-12.173191471,21.37));
#4328=DIRECTION('',(0.,1.,0.));
#4329=VECTOR('',#4328,74.058384694);
#4330=LINE('',#4327,#4329);
#4331=EDGE_CURVE('',#4326,#4117,#4330,.T.);
#4332=ORIENTED_EDGE('',*,*,#4331,.F.);
#4333=CARTESIAN_POINT('',(54.512,-12.173191471,21.37));
#4334=DIRECTION('',(1.,0.,-0.));
#4335=VECTOR('',#4334,3.5);
#4336=LINE('',#4333,#4335);
#4337=EDGE_CURVE('',#4326,#4051,#4336,.T.);
#4338=ORIENTED_EDGE('',*,*,#4337,.T.);
#4339=EDGE_LOOP('',(#4323,#4324,#4332,#4338));
#4340=FACE_BOUND('',#4339,.T.);
#4341=ADVANCED_FACE('',(#4340),#4322,.T.);
#4342=CARTESIAN_POINT('',(52.734,-12.173191471,1.37));
#4343=DIRECTION('',(-1.,0.,0.));
#4344=DIRECTION('',(0.,0.,1.));
#4345=AXIS2_PLACEMENT_3D('',#4342,#4343,#4344);
#4346=CYLINDRICAL_SURFACE('',#4345,20.);
#4347=ORIENTED_EDGE('',*,*,#4065,.F.);
#4348=ORIENTED_EDGE('',*,*,#4337,.F.);
#4349=CARTESIAN_POINT('',(54.512,-23.267195395,18.011005887));
#4350=VERTEX_POINT('',#4349);
#4351=CARTESIAN_POINT('',(54.512,-12.173191471,1.37));
#4352=DIRECTION('',(-1.,0.,0.));
#4353=DIRECTION('',(0.,0.,1.));
#4354=AXIS2_PLACEMENT_3D('',#4351,#4352,#4353);
#4355=CIRCLE('',#4354,20.);
#4356=EDGE_CURVE('',#4350,#4326,#4355,.T.);
#4357=ORIENTED_EDGE('',*,*,#4356,.F.);
#4358=CARTESIAN_POINT('',(58.012,-23.267195395,18.011005887));
#4359=DIRECTION('',(-1.,-0.,0.));
#4360=VECTOR('',#4359,3.5);
#4361=LINE('',#4358,#4360);
#4362=EDGE_CURVE('',#4059,#4350,#4361,.T.);
#4363=ORIENTED_EDGE('',*,*,#4362,.F.);
#4364=EDGE_LOOP('',(#4347,#4348,#4357,#4363));
#4365=FACE_BOUND('',#4364,.T.);
#4366=ADVANCED_FACE('',(#4365),#4346,.T.);
#4367=CARTESIAN_POINT('',(54.512,-40.036005992,6.831798823));
#4368=DIRECTION('',(0.,0.554700196,-0.832050294));
#4369=DIRECTION('',(0.,0.832050294,0.554700196));
#4370=AXIS2_PLACEMENT_3D('',#4367,#4368,#4369);
#4371=PLANE('',#4370);
#4372=CARTESIAN_POINT('',(58.012,-49.483843752,0.533240315));
#4373=VERTEX_POINT('',#4372);
#4374=CARTESIAN_POINT('',(58.012,-49.483843752,0.533240315));
#4375=DIRECTION('',(0.,0.832050294,0.554700196));
#4376=VECTOR('',#4375,31.500296263);
#4377=LINE('',#4374,#4376);
#4378=EDGE_CURVE('',#4373,#4027,#4377,.T.);
#4379=ORIENTED_EDGE('',*,*,#4378,.T.);
#4380=ORIENTED_EDGE('',*,*,#4071,.T.);
#4381=ORIENTED_EDGE('',*,*,#4362,.T.);
#4382=CARTESIAN_POINT('',(54.512,-49.483843752,0.533240315));
#4383=VERTEX_POINT('',#4382);
#4384=CARTESIAN_POINT('',(54.512,-49.483843752,0.533240315));
#4385=DIRECTION('',(0.,0.832050294,0.554700196));
#4386=VECTOR('',#4385,31.508489974);
#4387=LINE('',#4384,#4386);
#4388=EDGE_CURVE('',#4383,#4350,#4387,.T.);
#4389=ORIENTED_EDGE('',*,*,#4388,.F.);
#4390=CARTESIAN_POINT('',(54.512,-49.483843752,0.533240315));
#4391=DIRECTION('',(1.,0.,-0.));
#4392=VECTOR('',#4391,3.5);
#4393=LINE('',#4390,#4392);
#4394=EDGE_CURVE('',#4383,#4373,#4393,.T.);
#4395=ORIENTED_EDGE('',*,*,#4394,.T.);
#4396=EDGE_LOOP('',(#4379,#4380,#4381,#4389,#4395));
#4397=FACE_BOUND('',#4396,.T.);
#4398=ADVANCED_FACE('',(#4397),#4371,.F.);
#4399=CARTESIAN_POINT('',(54.512,-51.245016875,3.175));
#4400=DIRECTION('',(1.,0.,0.));
#4401=DIRECTION('',(0.,0.,-1.));
#4402=AXIS2_PLACEMENT_3D('',#4399,#4400,#4401);
#4403=CYLINDRICAL_SURFACE('',#4402,3.175);
#4404=CARTESIAN_POINT('',(54.512,-51.245016875,3.175));
#4405=DIRECTION('',(1.,-0.,-0.));
#4406=DIRECTION('',(0.,0.,1.));
#4407=AXIS2_PLACEMENT_3D('',#4404,#4405,#4406);
#4408=CIRCLE('',#4407,3.175);
#4409=EDGE_CURVE('',#177,#4383,#4408,.T.);
#4410=ORIENTED_EDGE('',*,*,#4409,.F.);
#4411=ORIENTED_EDGE('',*,*,#182,.F.);
#4412=CARTESIAN_POINT('',(58.012,-51.245016875,3.175));
#4413=DIRECTION('',(-1.,-0.,-0.));
#4414=DIRECTION('',(0.,0.,-1.));
#4415=AXIS2_PLACEMENT_3D('',#4412,#4413,#4414);
#4416=CIRCLE('',#4415,3.175);
#4417=EDGE_CURVE('',#4373,#169,#4416,.T.);
#4418=ORIENTED_EDGE('',*,*,#4417,.F.);
#4419=ORIENTED_EDGE('',*,*,#4394,.F.);
#4420=EDGE_LOOP('',(#4410,#4411,#4418,#4419));
#4421=FACE_BOUND('',#4420,.T.);
#4422=ADVANCED_FACE('',(#4421),#4403,.F.);
#4423=CARTESIAN_POINT('',(54.512,17.435193223,20.32));
#4424=DIRECTION('',(-1.,0.,0.));
#4425=DIRECTION('',(0.,0.,1.));
#4426=AXIS2_PLACEMENT_3D('',#4423,#4424,#4425);
#4427=PLANE('',#4426);
#4428=ORIENTED_EDGE('',*,*,#4312,.T.);
#4429=ORIENTED_EDGE('',*,*,#4296,.T.);
#4430=ORIENTED_EDGE('',*,*,#190,.T.);
#4431=ORIENTED_EDGE('',*,*,#4409,.T.);
#4432=ORIENTED_EDGE('',*,*,#4388,.T.);
#4433=ORIENTED_EDGE('',*,*,#4356,.T.);
#4434=ORIENTED_EDGE('',*,*,#4331,.T.);
#4435=ORIENTED_EDGE('',*,*,#4122,.T.);
#4436=EDGE_LOOP('',(#4428,#4429,#4430,#4431,#4432,#4433,#4434,#4435));
#4437=FACE_BOUND('',#4436,.T.);
#4438=ADVANCED_FACE('',(#4437),#4427,.T.);
#4439=CARTESIAN_POINT('',(66.812,-108.433219173,-1.));
#4440=DIRECTION('',(0.,1.,0.));
#4441=DIRECTION('',(0.,0.,1.));
#4442=AXIS2_PLACEMENT_3D('',#4439,#4440,#4441);
#4443=PLANE('',#4442);
#4444=CARTESIAN_POINT('',(66.79,-108.433219173,0.));
#4445=DIRECTION('',(-0.,-0.,-1.));
#4446=VECTOR('',#4445,2.);
#4447=LINE('',#4444,#4446);
#4448=EDGE_CURVE('',#153,#549,#4447,.T.);
#4449=ORIENTED_EDGE('',*,*,#4448,.F.);
#4450=ORIENTED_EDGE('',*,*,#158,.F.);
#4451=CARTESIAN_POINT('',(66.812,-108.433219173,0.));
#4452=DIRECTION('',(0.,0.,-1.));
#4453=VECTOR('',#4452,2.);
#4454=LINE('',#4451,#4453);
#4455=EDGE_CURVE('',#145,#557,#4454,.T.);
#4456=ORIENTED_EDGE('',*,*,#4455,.T.);
#4457=ORIENTED_EDGE('',*,*,#562,.T.);
#4458=EDGE_LOOP('',(#4449,#4450,#4456,#4457));
#4459=FACE_BOUND('',#4458,.T.);
#4460=ADVANCED_FACE('',(#4459),#4443,.T.);
#4461=CARTESIAN_POINT('',(66.812,0.,0.));
#4462=DIRECTION('',(1.,0.,0.));
#4463=DIRECTION('',(0.,1.,0.));
#4464=AXIS2_PLACEMENT_3D('',#4461,#4462,#4463);
#4465=PLANE('',#4464);
#4466=ORIENTED_EDGE('',*,*,#570,.F.);
#4467=ORIENTED_EDGE('',*,*,#4455,.F.);
#4468=ORIENTED_EDGE('',*,*,#150,.T.);
#4469=ORIENTED_EDGE('',*,*,#1084,.T.);
#4470=CARTESIAN_POINT('',(66.812,-159.779020339,-6.242640687));
#4471=DIRECTION('',(1.,0.,0.));
#4472=DIRECTION('',(0.,0.,-1.));
#4473=AXIS2_PLACEMENT_3D('',#4470,#4471,#4472);
#4474=CIRCLE('',#4473,8.263429751);
#4475=EDGE_CURVE('',#1072,#1105,#4474,.T.);
#4476=ORIENTED_EDGE('',*,*,#4475,.T.);
#4477=ORIENTED_EDGE('',*,*,#1111,.T.);
#4478=ORIENTED_EDGE('',*,*,#1133,.F.);
#4479=EDGE_LOOP('',(#4466,#4467,#4468,#4469,#4476,#4477,#4478));
#4480=FACE_BOUND('',#4479,.T.);
#4481=ADVANCED_FACE('',(#4480),#4465,.T.);
#4482=CARTESIAN_POINT('',(49.212,61.885193224,-1.));
#4483=DIRECTION('',(0.,-1.,-0.));
#4484=DIRECTION('',(0.,0.,-1.));
#4485=AXIS2_PLACEMENT_3D('',#4482,#4483,#4484);
#4486=PLANE('',#4485);
#4487=ORIENTED_EDGE('',*,*,#4013,.F.);
#4488=ORIENTED_EDGE('',*,*,#1393,.F.);
#4489=ORIENTED_EDGE('',*,*,#3564,.T.);
#4490=ORIENTED_EDGE('',*,*,#693,.T.);
#4491=EDGE_LOOP('',(#4487,#4488,#4489,#4490));
#4492=FACE_BOUND('',#4491,.T.);
#4493=ADVANCED_FACE('',(#4492),#4486,.T.);
#4494=CARTESIAN_POINT('',(58.012,-108.433219173,-1.5875));
#4495=DIRECTION('',(-1.,-0.,0.));
#4496=DIRECTION('',(0.,0.,-1.));
#4497=AXIS2_PLACEMENT_3D('',#4494,#4495,#4496);
#4498=PLANE('',#4497);
#4499=ORIENTED_EDGE('',*,*,#4378,.F.);
#4500=ORIENTED_EDGE('',*,*,#4417,.T.);
#4501=ORIENTED_EDGE('',*,*,#174,.T.);
#4502=CARTESIAN_POINT('',(58.012,-108.433219173,21.37));
#4503=VERTEX_POINT('',#4502);
#4504=CARTESIAN_POINT('',(58.012,-108.433219173,0.));
#4505=DIRECTION('',(0.,0.,1.));
#4506=VECTOR('',#4505,21.37);
#4507=LINE('',#4504,#4506);
#4508=EDGE_CURVE('',#161,#4503,#4507,.T.);
#4509=ORIENTED_EDGE('',*,*,#4508,.T.);
#4510=CARTESIAN_POINT('',(58.012,-34.374834478,21.37));
#4511=VERTEX_POINT('',#4510);
#4512=CARTESIAN_POINT('',(58.012,-108.433219173,21.37));
#4513=DIRECTION('',(-0.,1.,0.));
#4514=VECTOR('',#4513,74.058384695);
#4515=LINE('',#4512,#4514);
#4516=EDGE_CURVE('',#4503,#4511,#4515,.T.);
#4517=ORIENTED_EDGE('',*,*,#4516,.T.);
#4518=CARTESIAN_POINT('',(58.012,-23.280830554,18.011005887));
#4519=VERTEX_POINT('',#4518);
#4520=CARTESIAN_POINT('',(58.012,-34.374834478,1.37));
#4521=DIRECTION('',(-1.,-0.,-0.));
#4522=DIRECTION('',(0.,0.,-1.));
#4523=AXIS2_PLACEMENT_3D('',#4520,#4521,#4522);
#4524=CIRCLE('',#4523,20.);
#4525=EDGE_CURVE('',#4511,#4519,#4524,.T.);
#4526=ORIENTED_EDGE('',*,*,#4525,.T.);
#4527=CARTESIAN_POINT('',(58.012,-23.274012975,18.006460834));
#4528=DIRECTION('',(0.,-0.832050294,0.554700196));
#4529=VECTOR('',#4528,0.008193711);
#4530=LINE('',#4527,#4529);
#4531=EDGE_CURVE('',#4027,#4519,#4530,.T.);
#4532=ORIENTED_EDGE('',*,*,#4531,.F.);
#4533=EDGE_LOOP('',(#4499,#4500,#4501,#4509,#4517,#4526,#4532));
#4534=FACE_BOUND('',#4533,.T.);
#4535=ADVANCED_FACE('',(#4534),#4498,.T.);
#4536=CARTESIAN_POINT('',(66.79,-108.433219173,-1.5875));
#4537=DIRECTION('',(1.,0.,-0.));
#4538=DIRECTION('',(0.,0.,1.));
#4539=AXIS2_PLACEMENT_3D('',#4536,#4537,#4538);
#4540=PLANE('',#4539);
#4541=ORIENTED_EDGE('',*,*,#554,.T.);
#4542=ORIENTED_EDGE('',*,*,#2016,.F.);
#4543=ORIENTED_EDGE('',*,*,#1994,.T.);
#4544=CARTESIAN_POINT('',(66.79,113.230994389,-6.242640687));
#4545=DIRECTION('',(-1.,-0.,-0.));
#4546=DIRECTION('',(0.,0.,-1.));
#4547=AXIS2_PLACEMENT_3D('',#4544,#4545,#4546);
#4548=CIRCLE('',#4547,8.263429751);
#4549=EDGE_CURVE('',#1930,#1982,#4548,.T.);
#4550=ORIENTED_EDGE('',*,*,#4549,.F.);
#4551=ORIENTED_EDGE('',*,*,#1952,.F.);
#4552=ORIENTED_EDGE('',*,*,#1457,.F.);
#4553=CARTESIAN_POINT('',(66.79,2.935817803,0.533240315));
#4554=VERTEX_POINT('',#4553);
#4555=CARTESIAN_POINT('',(66.79,4.696990926,3.175));
#4556=DIRECTION('',(1.,0.,-0.));
#4557=DIRECTION('',(0.,0.,1.));
#4558=AXIS2_PLACEMENT_3D('',#4555,#4556,#4557);
#4559=CIRCLE('',#4558,3.175);
#4560=EDGE_CURVE('',#4554,#1444,#4559,.T.);
#4561=ORIENTED_EDGE('',*,*,#4560,.F.);
#4562=CARTESIAN_POINT('',(66.79,-23.280830554,18.011005887));
#4563=VERTEX_POINT('',#4562);
#4564=CARTESIAN_POINT('',(66.79,2.935817803,0.533240315));
#4565=DIRECTION('',(0.,-0.832050294,0.554700196));
#4566=VECTOR('',#4565,31.508489974);
#4567=LINE('',#4564,#4566);
#4568=EDGE_CURVE('',#4554,#4563,#4567,.T.);
#4569=ORIENTED_EDGE('',*,*,#4568,.T.);
#4570=CARTESIAN_POINT('',(66.79,-34.374834478,21.37));
#4571=VERTEX_POINT('',#4570);
#4572=CARTESIAN_POINT('',(66.79,-34.374834478,1.37));
#4573=DIRECTION('',(1.,0.,-0.));
#4574=DIRECTION('',(0.,0.,1.));
#4575=AXIS2_PLACEMENT_3D('',#4572,#4573,#4574);
#4576=CIRCLE('',#4575,20.);
#4577=EDGE_CURVE('',#4563,#4571,#4576,.T.);
#4578=ORIENTED_EDGE('',*,*,#4577,.T.);
#4579=CARTESIAN_POINT('',(66.79,-108.433219173,21.37));
#4580=VERTEX_POINT('',#4579);
#4581=CARTESIAN_POINT('',(66.79,-34.374834478,21.37));
#4582=DIRECTION('',(0.,-1.,0.));
#4583=VECTOR('',#4582,74.058384695);
#4584=LINE('',#4581,#4583);
#4585=EDGE_CURVE('',#4571,#4580,#4584,.T.);
#4586=ORIENTED_EDGE('',*,*,#4585,.T.);
#4587=CARTESIAN_POINT('',(66.79,-108.433219173,21.37));
#4588=DIRECTION('',(-0.,-0.,-1.));
#4589=VECTOR('',#4588,21.37);
#4590=LINE('',#4587,#4589);
#4591=EDGE_CURVE('',#4580,#153,#4590,.T.);
#4592=ORIENTED_EDGE('',*,*,#4591,.T.);
#4593=ORIENTED_EDGE('',*,*,#4448,.T.);
#4594=EDGE_LOOP('',(#4541,#4542,#4543,#4550,#4551,#4552,#4561,#4569,#4578,#4586,#4592,#4593));
#4595=FACE_BOUND('',#4594,.T.);
#4596=ADVANCED_FACE('',(#4595),#4540,.T.);
#4597=CARTESIAN_POINT('',(63.29,-108.433219173,0.));
#4598=DIRECTION('',(-0.,1.,0.));
#4599=DIRECTION('',(-1.,-0.,0.));
#4600=AXIS2_PLACEMENT_3D('',#4597,#4598,#4599);
#4601=PLANE('',#4600);
#4602=ORIENTED_EDGE('',*,*,#166,.F.);
#4603=ORIENTED_EDGE('',*,*,#4591,.F.);
#4604=CARTESIAN_POINT('',(63.29,-108.433219173,21.37));
#4605=VERTEX_POINT('',#4604);
#4606=CARTESIAN_POINT('',(66.79,-108.433219173,21.37));
#4607=DIRECTION('',(-1.,-0.,0.));
#4608=VECTOR('',#4607,3.5);
#4609=LINE('',#4606,#4608);
#4610=EDGE_CURVE('',#4580,#4605,#4609,.T.);
#4611=ORIENTED_EDGE('',*,*,#4610,.T.);
#4612=CARTESIAN_POINT('',(63.29,-108.433219173,11.641775223));
#4613=VERTEX_POINT('',#4612);
#4614=CARTESIAN_POINT('',(63.29,-108.433219173,21.37));
#4615=DIRECTION('',(0.,0.,-1.));
#4616=VECTOR('',#4615,9.728224777);
#4617=LINE('',#4614,#4616);
#4618=EDGE_CURVE('',#4605,#4613,#4617,.T.);
#4619=ORIENTED_EDGE('',*,*,#4618,.T.);
#4620=CARTESIAN_POINT('',(61.512,-108.433219173,11.641775223));
#4621=VERTEX_POINT('',#4620);
#4622=CARTESIAN_POINT('',(61.512,-108.433219173,11.641775223));
#4623=DIRECTION('',(1.,0.,0.));
#4624=VECTOR('',#4623,1.778);
#4625=LINE('',#4622,#4624);
#4626=EDGE_CURVE('',#4621,#4613,#4625,.T.);
#4627=ORIENTED_EDGE('',*,*,#4626,.F.);
#4628=CARTESIAN_POINT('',(61.512,-108.433219173,13.97));
#4629=VERTEX_POINT('',#4628);
#4630=CARTESIAN_POINT('',(61.512,-108.433219173,13.97));
#4631=DIRECTION('',(0.,0.,-1.));
#4632=VECTOR('',#4631,2.328224777);
#4633=LINE('',#4630,#4632);
#4634=EDGE_CURVE('',#4629,#4621,#4633,.T.);
#4635=ORIENTED_EDGE('',*,*,#4634,.F.);
#4636=CARTESIAN_POINT('',(61.512,-108.433219173,21.37));
#4637=VERTEX_POINT('',#4636);
#4638=CARTESIAN_POINT('',(61.512,-108.433219173,21.37));
#4639=DIRECTION('',(0.,0.,-1.));
#4640=VECTOR('',#4639,7.4);
#4641=LINE('',#4638,#4640);
#4642=EDGE_CURVE('',#4637,#4629,#4641,.T.);
#4643=ORIENTED_EDGE('',*,*,#4642,.F.);
#4644=CARTESIAN_POINT('',(61.512,-108.433219173,21.37));
#4645=DIRECTION('',(-1.,-0.,0.));
#4646=VECTOR('',#4645,3.5);
#4647=LINE('',#4644,#4646);
#4648=EDGE_CURVE('',#4637,#4503,#4647,.T.);
#4649=ORIENTED_EDGE('',*,*,#4648,.T.);
#4650=ORIENTED_EDGE('',*,*,#4508,.F.);
#4651=EDGE_LOOP('',(#4602,#4603,#4611,#4619,#4627,#4635,#4643,#4649,#4650));
#4652=FACE_BOUND('',#4651,.T.);
#4653=ADVANCED_FACE('',(#4652),#4601,.F.);
#4654=CARTESIAN_POINT('',(61.512,-64.340266191,4.712882612));
#4655=DIRECTION('',(-0.,0.155237834,0.987877125));
#4656=DIRECTION('',(-0.,0.987877125,-0.155237834));
#4657=AXIS2_PLACEMENT_3D('',#4654,#4655,#4656);
#4658=PLANE('',#4657);
#4659=CARTESIAN_POINT('',(63.29,-54.731588181,3.202947496));
#4660=VERTEX_POINT('',#4659);
#4661=CARTESIAN_POINT('',(63.29,-54.731588181,3.202947496));
#4662=DIRECTION('',(0.,-0.987877125,0.155237834));
#4663=VECTOR('',#4662,54.360638192);
#4664=LINE('',#4661,#4663);
#4665=EDGE_CURVE('',#4660,#4613,#4664,.T.);
#4666=ORIENTED_EDGE('',*,*,#4665,.F.);
#4667=CARTESIAN_POINT('',(61.512,-54.731588181,3.202947496));
#4668=VERTEX_POINT('',#4667);
#4669=CARTESIAN_POINT('',(63.29,-54.731588181,3.202947496));
#4670=DIRECTION('',(-1.,-0.,-0.));
#4671=VECTOR('',#4670,1.778);
#4672=LINE('',#4669,#4671);
#4673=EDGE_CURVE('',#4660,#4668,#4672,.T.);
#4674=ORIENTED_EDGE('',*,*,#4673,.T.);
#4675=CARTESIAN_POINT('',(61.512,-54.731588181,3.202947496));
#4676=DIRECTION('',(0.,-0.987877125,0.155237834));
#4677=VECTOR('',#4676,54.360638192);
#4678=LINE('',#4675,#4677);
#4679=EDGE_CURVE('',#4668,#4621,#4678,.T.);
#4680=ORIENTED_EDGE('',*,*,#4679,.T.);
#4681=ORIENTED_EDGE('',*,*,#4626,.T.);
#4682=EDGE_LOOP('',(#4666,#4674,#4680,#4681));
#4683=FACE_BOUND('',#4682,.T.);
#4684=ADVANCED_FACE('',(#4683),#4658,.T.);
#4685=CARTESIAN_POINT('',(73.45,-63.983219173,21.37));
#4686=DIRECTION('',(0.,0.,-1.));
#4687=DIRECTION('',(1.,0.,0.));
#4688=AXIS2_PLACEMENT_3D('',#4685,#4686,#4687);
#4689=PLANE('',#4688);
#4690=ORIENTED_EDGE('',*,*,#4585,.F.);
#4691=CARTESIAN_POINT('',(63.29,-34.374834478,21.37));
#4692=VERTEX_POINT('',#4691);
#4693=CARTESIAN_POINT('',(66.79,-34.374834478,21.37));
#4694=DIRECTION('',(-1.,-0.,-0.));
#4695=VECTOR('',#4694,3.5);
#4696=LINE('',#4693,#4695);
#4697=EDGE_CURVE('',#4571,#4692,#4696,.T.);
#4698=ORIENTED_EDGE('',*,*,#4697,.T.);
#4699=CARTESIAN_POINT('',(63.29,-34.374834478,21.37));
#4700=DIRECTION('',(0.,-1.,0.));
#4701=VECTOR('',#4700,74.058384694);
#4702=LINE('',#4699,#4701);
#4703=EDGE_CURVE('',#4692,#4605,#4702,.T.);
#4704=ORIENTED_EDGE('',*,*,#4703,.T.);
#4705=ORIENTED_EDGE('',*,*,#4610,.F.);
#4706=EDGE_LOOP('',(#4690,#4698,#4704,#4705));
#4707=FACE_BOUND('',#4706,.T.);
#4708=ADVANCED_FACE('',(#4707),#4689,.F.);
#4709=CARTESIAN_POINT('',(63.29,-19.533219173,0.));
#4710=DIRECTION('',(-1.,-0.,0.));
#4711=DIRECTION('',(0.,-0.,1.));
#4712=AXIS2_PLACEMENT_3D('',#4709,#4710,#4711);
#4713=PLANE('',#4712);
#4714=ORIENTED_EDGE('',*,*,#1441,.F.);
#4715=CARTESIAN_POINT('',(63.29,-13.716676437,-0.));
#4716=DIRECTION('',(0.,-0.996964675,0.077855233));
#4717=VECTOR('',#4716,41.13978437);
#4718=LINE('',#4715,#4717);
#4719=EDGE_CURVE('',#1428,#4660,#4718,.T.);
#4720=ORIENTED_EDGE('',*,*,#4719,.T.);
#4721=ORIENTED_EDGE('',*,*,#4665,.T.);
#4722=ORIENTED_EDGE('',*,*,#4618,.F.);
#4723=ORIENTED_EDGE('',*,*,#4703,.F.);
#4724=CARTESIAN_POINT('',(63.29,-23.280830554,18.011005887));
#4725=VERTEX_POINT('',#4724);
#4726=CARTESIAN_POINT('',(63.29,-34.374834478,1.37));
#4727=DIRECTION('',(-1.,-0.,-0.));
#4728=DIRECTION('',(0.,0.,-1.));
#4729=AXIS2_PLACEMENT_3D('',#4726,#4727,#4728);
#4730=CIRCLE('',#4729,20.);
#4731=EDGE_CURVE('',#4692,#4725,#4730,.T.);
#4732=ORIENTED_EDGE('',*,*,#4731,.T.);
#4733=CARTESIAN_POINT('',(63.29,2.935817803,0.533240315));
#4734=VERTEX_POINT('',#4733);
#4735=CARTESIAN_POINT('',(63.29,2.935817803,0.533240315));
#4736=DIRECTION('',(0.,-0.832050294,0.554700196));
#4737=VECTOR('',#4736,31.508489974);
#4738=LINE('',#4735,#4737);
#4739=EDGE_CURVE('',#4734,#4725,#4738,.T.);
#4740=ORIENTED_EDGE('',*,*,#4739,.F.);
#4741=CARTESIAN_POINT('',(63.29,4.696990926,3.175));
#4742=DIRECTION('',(1.,0.,0.));
#4743=DIRECTION('',(0.,0.,-1.));
#4744=AXIS2_PLACEMENT_3D('',#4741,#4742,#4743);
#4745=CIRCLE('',#4744,3.175);
#4746=EDGE_CURVE('',#4734,#1436,#4745,.T.);
#4747=ORIENTED_EDGE('',*,*,#4746,.T.);
#4748=EDGE_LOOP('',(#4714,#4720,#4721,#4722,#4723,#4732,#4740,#4747));
#4749=FACE_BOUND('',#4748,.T.);
#4750=ADVANCED_FACE('',(#4749),#4713,.T.);
#4751=CARTESIAN_POINT('',(73.45,-6.512019958,6.831798823));
#4752=DIRECTION('',(0.,-0.554700196,-0.832050294));
#4753=DIRECTION('',(0.,-0.832050294,0.554700196));
#4754=AXIS2_PLACEMENT_3D('',#4751,#4752,#4753);
#4755=PLANE('',#4754);
#4756=ORIENTED_EDGE('',*,*,#4568,.F.);
#4757=CARTESIAN_POINT('',(66.79,2.935817803,0.533240315));
#4758=DIRECTION('',(-1.,-0.,0.));
#4759=VECTOR('',#4758,3.5);
#4760=LINE('',#4757,#4759);
#4761=EDGE_CURVE('',#4554,#4734,#4760,.T.);
#4762=ORIENTED_EDGE('',*,*,#4761,.T.);
#4763=ORIENTED_EDGE('',*,*,#4739,.T.);
#4764=CARTESIAN_POINT('',(63.29,-23.280830554,18.011005887));
#4765=DIRECTION('',(1.,0.,0.));
#4766=VECTOR('',#4765,3.5);
#4767=LINE('',#4764,#4766);
#4768=EDGE_CURVE('',#4725,#4563,#4767,.T.);
#4769=ORIENTED_EDGE('',*,*,#4768,.T.);
#4770=EDGE_LOOP('',(#4756,#4762,#4763,#4769));
#4771=FACE_BOUND('',#4770,.T.);
#4772=ADVANCED_FACE('',(#4771),#4755,.F.);
#4773=CARTESIAN_POINT('',(73.45,-34.374834478,1.37));
#4774=DIRECTION('',(1.,0.,-0.));
#4775=DIRECTION('',(0.,0.,1.));
#4776=AXIS2_PLACEMENT_3D('',#4773,#4774,#4775);
#4777=CYLINDRICAL_SURFACE('',#4776,20.);
#4778=ORIENTED_EDGE('',*,*,#4577,.F.);
#4779=ORIENTED_EDGE('',*,*,#4768,.F.);
#4780=ORIENTED_EDGE('',*,*,#4731,.F.);
#4781=ORIENTED_EDGE('',*,*,#4697,.F.);
#4782=EDGE_LOOP('',(#4778,#4779,#4780,#4781));
#4783=FACE_BOUND('',#4782,.T.);
#4784=ADVANCED_FACE('',(#4783),#4777,.T.);
#4785=CARTESIAN_POINT('',(73.45,4.696990926,3.175));
#4786=DIRECTION('',(-1.,-0.,-0.));
#4787=DIRECTION('',(0.,0.,-1.));
#4788=AXIS2_PLACEMENT_3D('',#4785,#4786,#4787);
#4789=CYLINDRICAL_SURFACE('',#4788,3.175);
#4790=ORIENTED_EDGE('',*,*,#4761,.F.);
#4791=ORIENTED_EDGE('',*,*,#4560,.T.);
#4792=ORIENTED_EDGE('',*,*,#1449,.F.);
#4793=ORIENTED_EDGE('',*,*,#4746,.F.);
#4794=EDGE_LOOP('',(#4790,#4791,#4792,#4793));
#4795=FACE_BOUND('',#4794,.T.);
#4796=ADVANCED_FACE('',(#4795),#4789,.F.);
#4797=CARTESIAN_POINT('',(62.401,-13.716676437,0.));
#4798=DIRECTION('',(-0.,0.077855233,0.996964675));
#4799=DIRECTION('',(-1.,-0.,0.));
#4800=AXIS2_PLACEMENT_3D('',#4797,#4798,#4799);
#4801=PLANE('',#4800);
#4802=CARTESIAN_POINT('',(61.512,-25.279248691,0.902947496));
#4803=VERTEX_POINT('',#4802);
#4804=CARTESIAN_POINT('',(61.512,-54.731588181,3.202947496));
#4805=DIRECTION('',(-0.,0.996964675,-0.077855233));
#4806=VECTOR('',#4805,29.542009096);
#4807=LINE('',#4804,#4806);
#4808=EDGE_CURVE('',#4668,#4803,#4807,.T.);
#4809=ORIENTED_EDGE('',*,*,#4808,.F.);
#4810=ORIENTED_EDGE('',*,*,#4673,.F.);
#4811=ORIENTED_EDGE('',*,*,#4719,.F.);
#4812=ORIENTED_EDGE('',*,*,#1433,.F.);
#4813=CARTESIAN_POINT('',(61.512,-25.279248691,0.902947496));
#4814=DIRECTION('',(-0.,0.996964675,-0.077855233));
#4815=VECTOR('',#4814,11.597775274);
#4816=LINE('',#4813,#4815);
#4817=EDGE_CURVE('',#4803,#1420,#4816,.T.);
#4818=ORIENTED_EDGE('',*,*,#4817,.F.);
#4819=EDGE_LOOP('',(#4809,#4810,#4811,#4812,#4818));
#4820=FACE_BOUND('',#4819,.T.);
#4821=ADVANCED_FACE('',(#4820),#4801,.T.);
#4822=CARTESIAN_POINT('',(61.512,-46.521747507,11.741522221));
#4823=DIRECTION('',(1.,0.,0.));
#4824=DIRECTION('',(0.,0.,1.));
#4825=AXIS2_PLACEMENT_3D('',#4822,#4823,#4824);
#4826=PLANE('',#4825);
#4827=ORIENTED_EDGE('',*,*,#4679,.F.);
#4828=ORIENTED_EDGE('',*,*,#4808,.T.);
#4829=CARTESIAN_POINT('',(61.512,-108.433219173,13.97));
#4830=DIRECTION('',(-0.,0.987877125,-0.155237834));
#4831=VECTOR('',#4830,84.174406253);
#4832=LINE('',#4829,#4831);
#4833=EDGE_CURVE('',#4629,#4803,#4832,.T.);
#4834=ORIENTED_EDGE('',*,*,#4833,.F.);
#4835=ORIENTED_EDGE('',*,*,#4634,.T.);
#4836=EDGE_LOOP('',(#4827,#4828,#4834,#4835));
#4837=FACE_BOUND('',#4836,.T.);
#4838=ADVANCED_FACE('',(#4837),#4826,.T.);
#4839=CARTESIAN_POINT('',(63.29,-19.533219173,21.37));
#4840=DIRECTION('',(0.,0.,1.));
#4841=DIRECTION('',(-1.,-0.,0.));
#4842=AXIS2_PLACEMENT_3D('',#4839,#4840,#4841);
#4843=PLANE('',#4842);
#4844=ORIENTED_EDGE('',*,*,#4516,.F.);
#4845=ORIENTED_EDGE('',*,*,#4648,.F.);
#4846=CARTESIAN_POINT('',(61.512,-34.374834478,21.37));
#4847=VERTEX_POINT('',#4846);
#4848=CARTESIAN_POINT('',(61.512,-34.374834478,21.37));
#4849=DIRECTION('',(0.,-1.,0.));
#4850=VECTOR('',#4849,74.058384694);
#4851=LINE('',#4848,#4850);
#4852=EDGE_CURVE('',#4847,#4637,#4851,.T.);
#4853=ORIENTED_EDGE('',*,*,#4852,.F.);
#4854=CARTESIAN_POINT('',(61.512,-34.374834478,21.37));
#4855=DIRECTION('',(-1.,-0.,0.));
#4856=VECTOR('',#4855,3.5);
#4857=LINE('',#4854,#4856);
#4858=EDGE_CURVE('',#4847,#4511,#4857,.T.);
#4859=ORIENTED_EDGE('',*,*,#4858,.T.);
#4860=EDGE_LOOP('',(#4844,#4845,#4853,#4859));
#4861=FACE_BOUND('',#4860,.T.);
#4862=ADVANCED_FACE('',(#4861),#4843,.T.);
#4863=CARTESIAN_POINT('',(63.29,-34.374834478,1.37));
#4864=DIRECTION('',(1.,0.,-0.));
#4865=DIRECTION('',(0.,0.,1.));
#4866=AXIS2_PLACEMENT_3D('',#4863,#4864,#4865);
#4867=CYLINDRICAL_SURFACE('',#4866,20.);
#4868=ORIENTED_EDGE('',*,*,#4525,.F.);
#4869=ORIENTED_EDGE('',*,*,#4858,.F.);
#4870=CARTESIAN_POINT('',(61.512,-23.280830554,18.011005887));
#4871=VERTEX_POINT('',#4870);
#4872=CARTESIAN_POINT('',(61.512,-34.374834478,1.37));
#4873=DIRECTION('',(1.,0.,-0.));
#4874=DIRECTION('',(0.,0.,1.));
#4875=AXIS2_PLACEMENT_3D('',#4872,#4873,#4874);
#4876=CIRCLE('',#4875,20.);
#4877=EDGE_CURVE('',#4871,#4847,#4876,.T.);
#4878=ORIENTED_EDGE('',*,*,#4877,.F.);
#4879=CARTESIAN_POINT('',(58.012,-23.280830554,18.011005887));
#4880=DIRECTION('',(1.,0.,-0.));
#4881=VECTOR('',#4880,3.5);
#4882=LINE('',#4879,#4881);
#4883=EDGE_CURVE('',#4519,#4871,#4882,.T.);
#4884=ORIENTED_EDGE('',*,*,#4883,.F.);
#4885=EDGE_LOOP('',(#4868,#4869,#4878,#4884));
#4886=FACE_BOUND('',#4885,.T.);
#4887=ADVANCED_FACE('',(#4886),#4867,.T.);
#4888=CARTESIAN_POINT('',(61.512,-6.512019958,6.831798823));
#4889=DIRECTION('',(0.,-0.554700196,-0.832050294));
#4890=DIRECTION('',(0.,-0.832050294,0.554700196));
#4891=AXIS2_PLACEMENT_3D('',#4888,#4889,#4890);
#4892=PLANE('',#4891);
#4893=ORIENTED_EDGE('',*,*,#4032,.T.);
#4894=ORIENTED_EDGE('',*,*,#4531,.T.);
#4895=ORIENTED_EDGE('',*,*,#4883,.T.);
#4896=CARTESIAN_POINT('',(61.512,2.935817803,0.533240315));
#4897=VERTEX_POINT('',#4896);
#4898=CARTESIAN_POINT('',(61.512,2.935817803,0.533240315));
#4899=DIRECTION('',(0.,-0.832050294,0.554700196));
#4900=VECTOR('',#4899,31.508489974);
#4901=LINE('',#4898,#4900);
#4902=EDGE_CURVE('',#4897,#4871,#4901,.T.);
#4903=ORIENTED_EDGE('',*,*,#4902,.F.);
#4904=CARTESIAN_POINT('',(61.512,2.935817803,0.533240315));
#4905=DIRECTION('',(-1.,-0.,0.));
#4906=VECTOR('',#4905,3.5);
#4907=LINE('',#4904,#4906);
#4908=EDGE_CURVE('',#4897,#4025,#4907,.T.);
#4909=ORIENTED_EDGE('',*,*,#4908,.T.);
#4910=EDGE_LOOP('',(#4893,#4894,#4895,#4903,#4909));
#4911=FACE_BOUND('',#4910,.T.);
#4912=ADVANCED_FACE('',(#4911),#4892,.F.);
#4913=CARTESIAN_POINT('',(61.512,4.696990926,3.175));
#4914=DIRECTION('',(-1.,-0.,-0.));
#4915=DIRECTION('',(0.,0.,-1.));
#4916=AXIS2_PLACEMENT_3D('',#4913,#4914,#4915);
#4917=CYLINDRICAL_SURFACE('',#4916,3.175);
#4918=CARTESIAN_POINT('',(61.512,4.696990926,3.175));
#4919=DIRECTION('',(-1.,-0.,0.));
#4920=DIRECTION('',(0.,0.,1.));
#4921=AXIS2_PLACEMENT_3D('',#4918,#4919,#4920);
#4922=CIRCLE('',#4921,3.175);
#4923=EDGE_CURVE('',#1412,#4897,#4922,.T.);
#4924=ORIENTED_EDGE('',*,*,#4923,.F.);
#4925=ORIENTED_EDGE('',*,*,#1417,.F.);
#4926=ORIENTED_EDGE('',*,*,#4039,.F.);
#4927=ORIENTED_EDGE('',*,*,#4908,.F.);
#4928=EDGE_LOOP('',(#4924,#4925,#4926,#4927));
#4929=FACE_BOUND('',#4928,.T.);
#4930=ADVANCED_FACE('',(#4929),#4917,.F.);
#4931=CARTESIAN_POINT('',(61.512,-63.983219173,20.32));
#4932=DIRECTION('',(1.,0.,0.));
#4933=DIRECTION('',(0.,0.,1.));
#4934=AXIS2_PLACEMENT_3D('',#4931,#4932,#4933);
#4935=PLANE('',#4934);
#4936=ORIENTED_EDGE('',*,*,#4833,.T.);
#4937=ORIENTED_EDGE('',*,*,#4817,.T.);
#4938=ORIENTED_EDGE('',*,*,#1425,.T.);
#4939=ORIENTED_EDGE('',*,*,#4923,.T.);
#4940=ORIENTED_EDGE('',*,*,#4902,.T.);
#4941=ORIENTED_EDGE('',*,*,#4877,.T.);
#4942=ORIENTED_EDGE('',*,*,#4852,.T.);
#4943=ORIENTED_EDGE('',*,*,#4642,.T.);
#4944=EDGE_LOOP('',(#4936,#4937,#4938,#4939,#4940,#4941,#4942,#4943));
#4945=FACE_BOUND('',#4944,.T.);
#4946=ADVANCED_FACE('',(#4945),#4935,.T.);
#4947=CARTESIAN_POINT('',(5.3,-159.779020339,-6.242640687));
#4948=DIRECTION('',(-1.,0.,0.));
#4949=DIRECTION('',(0.,0.,1.));
#4950=AXIS2_PLACEMENT_3D('',#4947,#4948,#4949);
#4951=CYLINDRICAL_SURFACE('',#4950,8.263429751);
#4952=ORIENTED_EDGE('',*,*,#1077,.F.);
#4953=ORIENTED_EDGE('',*,*,#472,.T.);
#4954=ORIENTED_EDGE('',*,*,#1117,.T.);
#4955=ORIENTED_EDGE('',*,*,#4475,.F.);
#4956=EDGE_LOOP('',(#4952,#4953,#4954,#4955));
#4957=FACE_BOUND('',#4956,.T.);
#4958=ADVANCED_FACE('',(#4957),#4951,.T.);
#4959=CARTESIAN_POINT('',(5.256,113.230994389,-6.242640687));
#4960=DIRECTION('',(1.,0.,-0.));
#4961=DIRECTION('',(0.,0.,1.));
#4962=AXIS2_PLACEMENT_3D('',#4959,#4960,#4961);
#4963=CYLINDRICAL_SURFACE('',#4962,8.263429751);
#4964=ORIENTED_EDGE('',*,*,#1937,.F.);
#4965=ORIENTED_EDGE('',*,*,#4549,.T.);
#4966=ORIENTED_EDGE('',*,*,#1987,.T.);
#4967=ORIENTED_EDGE('',*,*,#2035,.F.);
#4968=EDGE_LOOP('',(#4964,#4965,#4966,#4967));
#4969=FACE_BOUND('',#4968,.T.);
#4970=ADVANCED_FACE('',(#4969),#4963,.T.);
#4971=CLOSED_SHELL('',(#120,#432,#532,#697,#759,#790,#814,#856,#878,#890,#902,#927,#944,#968,#993,#1025,#1049,#1065,#1090,#1122,#1139,#1161,#1185,#1227,#1516,#1573,
#1630,#1661,#1685,#1727,#1749,#1761,#1773,#1798,#1815,#1839,#1864,#1889,#1907,#1923,#1956,#1998,#2020,#2041,#2098,#2155,#2212,#2243,#2267,#2309,#2331,
#2343,#2355,#2380,#2397,#2421,#2446,#2478,#2502,#2518,#2540,#2552,#2594,#2651,#2708,#2739,#2763,#2805,#2827,#2839,#2851,#2876,#2893,#2917,#2942,#2967,
#2985,#3001,#3058,#3115,#3172,#3203,#3227,#3269,#3291,#3303,#3315,#3340,#3357,#3381,#3406,#3438,#3462,#3478,#3500,#3512,#3554,#3611,#3668,#3699,#3723,
#3765,#3787,#3799,#3811,#3836,#3853,#3877,#3902,#3927,#3945,#3961,#4018,#4075,#4132,#4163,#4187,#4229,#4251,#4263,#4275,#4300,#4317,#4341,#4366,#4398,
#4422,#4438,#4460,#4481,#4493,#4535,#4596,#4653,#4684,#4708,#4750,#4772,#4784,#4796,#4821,#4838,#4862,#4887,#4912,#4930,#4946,#4958,#4970));
#4972=MANIFOLD_SOLID_BREP('Original Knife Holder (3)',#4971);
#4973=COLOUR_RGB('',0.494117647,0.494117647,0.525490224);
#4974=FILL_AREA_STYLE_COLOUR('',#4973);
#4975=FILL_AREA_STYLE('',(#4974));
#4976=SURFACE_STYLE_FILL_AREA(#4975);
#4977=SURFACE_SIDE_STYLE('',(#4976));
#4978=SURFACE_STYLE_USAGE(.BOTH.,#4977);
#4979=PRESENTATION_STYLE_ASSIGNMENT((#4978));
#54=STYLED_ITEM('',(#4979),#4972);
#35=SHAPE_REPRESENTATION('Knife Holder - Final (Imported)',(#15),#33);
#36=ADVANCED_BREP_SHAPE_REPRESENTATION('Knife Holder - Final (Imported)',(#4972),#33);
#4987=SHAPE_REPRESENTATION_RELATIONSHIP('','',#35,#36);
#4988=CARTESIAN_POINT('',(0.,0.,0.));
#4989=DIRECTION('',(0.,0.,1.));
#4990=DIRECTION('',(1.,0.,0.));
#4991=AXIS2_PLACEMENT_3D('',#4988,#4989,#4990);
#4993=MAPPED_ITEM('',#4992,#4991);
#4992=REPRESENTATION_MAP(#4991,#35);
#4994=APPLICATION_CONTEXT('Managed model based 3d engineering');
#4995=APPLICATION_PROTOCOL_DEFINITION('international standard','ap242_managed_model_based_3d_engineering',2014,#4994);
#4996=PRODUCT_CONTEXT('',#4994,'mechanical');
#4997=PRODUCT_DEFINITION_CONTEXT('part definition',#4994,'design');
#43=PRODUCT('Knife Holder - Final (Imported)','Knife Holder - Final (Imported)','',(#4996));
#4998=PRODUCT_RELATED_PRODUCT_CATEGORY('part','',(#43));
#4999=PRODUCT_DEFINITION_FORMATION_WITH_SPECIFIED_SOURCE('','',#43,.NOT_KNOWN.);
#44=PRODUCT_DEFINITION('design','',#4999,#4997);
#42=PRODUCT_DEFINITION_SHAPE('','',#44);
#5000=SHAPE_DEFINITION_REPRESENTATION(#42,#35);
#34=DRAUGHTING_MODEL('',(#4993),#33);
#16=SHAPE_REPRESENTATION('root',(#15,#48),#10);
#5001=CARTESIAN_POINT('',(0.,0.,0.));
#5002=DIRECTION('',(0.,0.,1.));
#5003=DIRECTION('',(1.,0.,0.));
#5004=AXIS2_PLACEMENT_3D('',#5001,#5002,#5003);
#5006=MAPPED_ITEM('',#5005,#5004);
#5005=REPRESENTATION_MAP(#5004,#16);
#24=PRODUCT('root','root','',(#4996));
#5007=PRODUCT_RELATED_PRODUCT_CATEGORY('part','',(#24));
#5008=PRODUCT_DEFINITION_FORMATION_WITH_SPECIFIED_SOURCE('','',#24,.NOT_KNOWN.);
#25=PRODUCT_DEFINITION('design','',#5008,#4997);
#23=PRODUCT_DEFINITION_SHAPE('','',#25);
#5009=SHAPE_DEFINITION_REPRESENTATION(#23,#16);
#11=DRAUGHTING_MODEL('',(#5006),#10);
#5010=DESCRIPTIVE_REPRESENTATION_ITEM('KEY','/Users/tdbell11/Library/Containers/com.shapr3d.shapr/Data/tmp/7D0B33B0-B645-4A34-878D-E6EE7BFB8FF5.tmp');
#5011=PROPERTY_DEFINITION('KEY','',#25);
#5012=REPRESENTATION('',(#5010),#10);
#5013=PROPERTY_DEFINITION_REPRESENTATION(#5011,#5012);
#5014=GENERAL_PROPERTY('','KEY','');
#5015=GENERAL_PROPERTY_ASSOCIATION('','',#5014,#5011);
#1=MECHANICAL_DESIGN_GEOMETRIC_PRESENTATION_REPRESENTATION('',(#54),#10);
ENDSEC;
END-ISO-10303-21;
