  0
SECTION
  2
HEADER
  9
$ACADVER
  1
AC1024
  9
$ACADMAINTVER
 70
     6
  9
$DWGCODEPAGE
  3
MAC-ROMAN
  9
$INSBASE
 10
0.0
 20
0.0
 30
0.0
  9
$EXTMIN
 10
1.000000000000000E+20
 20
1.000000000000000E+20
 30
1.000000000000000E+20
  9
$EXTMAX
 10
-1.000000000000000E+20
 20
-1.000000000000000E+20
 30
-1.000000000000000E+20
  9
$LIMMIN
 10
0.0
 20
0.0
  9
$LIMMAX
 10
420.0
 20
297.0
  9
$ORTHOMODE
 70
     0
  9
$REGENMODE
 70
     1
  9
$FILLMODE
 70
     1
  9
$QTEXTMODE
 70
     0
  9
$MIRRTEXT
 70
     1
  9
$LTSCALE
 40
1.0
  9
$ATTMODE
 70
     1
  9
$TEXTSIZE
 40
2.5
  9
$TRACEWID
 40
1.0
  9
$TEXTSTYLE
  7
Standard
  9
$CLAYER
  8
0
  9
$CELTYPE
  6
ByLayer
  9
$CECOLOR
 62
   256
  9
$CELTSCALE
 40
1.0
  9
$DISPSILH
 70
     0
  9
$DIMSCALE
 40
1.0
  9
$DIMASZ
 40
2.5
  9
$DIMEXO
 40
0.625
  9
$DIMDLI
 40
3.75
  9
$DIMRND
 40
0.01
  9
$DIMDLE
 40
0.0
  9
$DIMEXE
 40
1.25
  9
$DIMTP
 40
0.0
  9
$DIMTM
 40
0.0
  9
$DIMTXT
 40
2.5
  9
$DIMCEN
 40
2.5
  9
$DIMTSZ
 40
0.0
  9
$DIMTOL
 70
     0
  9
$DIMLIM
 70
     0
  9
$DIMTIH
 70
     0
  9
$DIMTOH
 70
     0
  9
$DIMSE1
 70
     0
  9
$DIMSE2
 70
     0
  9
$DIMTAD
 70
     1
  9
$DIMZIN
 70
     8
  9
$DIMBLK
  1

  9
$DIMASO
 70
     1
  9
$DIMSHO
 70
     1
  9
$DIMPOST
  1

  9
$DIMAPOST
  1

  9
$DIMALT
 70
     0
  9
$DIMALTD
 70
     3
  9
$DIMALTF
 40
0.0393700787401575
  9
$DIMLFAC
 40
1.0
  9
$DIMTOFL
 70
     1
  9
$DIMTVP
 40
0.0
  9
$DIMTIX
 70
     0
  9
$DIMSOXD
 70
     0
  9
$DIMSAH
 70
     0
  9
$DIMBLK1
  1

  9
$DIMBLK2
  1

  9
$DIMSTYLE
  2
ISO-25
  9
$DIMCLRD
 70
     0
  9
$DIMCLRE
 70
     0
  9
$DIMCLRT
 70
     0
  9
$DIMTFAC
 40
1.0
  9
$DIMGAP
 40
0.7
  9
$DIMJUST
 70
     0
  9
$DIMSD1
 70
     0
  9
$DIMSD2
 70
     0
  9
$DIMTOLJ
 70
     0
  9
$DIMTZIN
 70
     8
  9
$DIMALTZ
 70
     0
  9
$DIMALTTZ
 70
     0
  9
$DIMUPT
 70
     0
  9
$DIMDEC
 70
     2
  9
$DIMTDEC
 70
     2
  9
$DIMALTU
 70
     2
  9
$DIMALTTD
 70
     3
  9
$DIMTXSTY
  7
Standard
  9
$DIMAUNIT
 70
     0
  9
$DIMADEC
 70
     2
  9
$DIMALTRND
 40
0.0
  9
$DIMAZIN
 70
     0
  9
$DIMDSEP
 70
    44
  9
$DIMATFIT
 70
     3
  9
$DIMFRAC
 70
     2
  9
$DIMLDRBLK
  1

  9
$DIMLUNIT
 70
     2
  9
$DIMLWD
 70
    15
  9
$DIMLWE
 70
    15
  9
$DIMTMOVE
 70
     0
  9
$DIMFXL
 40
1.0
  9
$DIMFXLON
 70
     0
  9
$DIMJOGANG
 40
0.7853981633974483
  9
$DIMTFILL
 70
     0
  9
$DIMTFILLCLR
 70
     0
  9
$DIMARCSYM
 70
     0
  9
$DIMLTYPE
  6

  9
$DIMLTEX1
  6

  9
$DIMLTEX2
  6

  9
$DIMTXTDIRECTION
 70
     0
  9
$LUNITS
 70
     2
  9
$LUPREC
 70
     4
  9
$SKETCHINC
 40
1.0
  9
$FILLETRAD
 40
0.0
  9
$AUNITS
 70
     0
  9
$AUPREC
 70
     0
  9
$MENU
  1
.
  9
$ELEVATION
 40
0.0
  9
$PELEVATION
 40
0.0
  9
$THICKNESS
 40
0.0
  9
$LIMCHECK
 70
     0
  9
$CHAMFERA
 40
0.0
  9
$CHAMFERB
 40
0.0
  9
$CHAMFERC
 40
0.0
  9
$CHAMFERD
 40
0.0
  9
$SKPOLY
 70
     0
  9
$TDCREATE
 40
2461283.569684943
  9
$TDUCREATE
 40
2461283.903018276
  9
$TDUPDATE
 40
2461283.569685116
  9
$TDUUPDATE
 40
2461283.903018449
  9
$TDINDWG
 40
0.0000000116
  9
$TDUSRTIMER
 40
0.0000000116
  9
$USRTIMER
 70
     1
  9
$ANGBASE
 50
0.0
  9
$ANGDIR
 70
     0
  9
$PDMODE
 70
     0
  9
$PDSIZE
 40
0.0
  9
$PLINEWID
 40
0.0
  9
$SPLFRAME
 70
     0
  9
$SPLINETYPE
 70
     6
  9
$SPLINESEGS
 70
     8
  9
$HANDSEED
  5
2E4
  9
$SURFTAB1
 70
     6
  9
$SURFTAB2
 70
     6
  9
$SURFTYPE
 70
     6
  9
$SURFU
 70
     6
  9
$SURFV
 70
     6
  9
$UCSBASE
  2

  9
$UCSNAME
  2

  9
$UCSORG
 10
0.0
 20
0.0
 30
0.0
  9
$UCSXDIR
 10
1.0
 20
0.0
 30
0.0
  9
$UCSYDIR
 10
0.0
 20
1.0
 30
0.0
  9
$UCSORTHOREF
  2

  9
$UCSORTHOVIEW
 70
     0
  9
$UCSORGTOP
 10
0.0
 20
0.0
 30
0.0
  9
$UCSORGBOTTOM
 10
0.0
 20
0.0
 30
0.0
  9
$UCSORGLEFT
 10
0.0
 20
0.0
 30
0.0
  9
$UCSORGRIGHT
 10
0.0
 20
0.0
 30
0.0
  9
$UCSORGFRONT
 10
0.0
 20
0.0
 30
0.0
  9
$UCSORGBACK
 10
0.0
 20
0.0
 30
0.0
  9
$PUCSBASE
  2

  9
$PUCSNAME
  2

  9
$PUCSORG
 10
0.0
 20
0.0
 30
0.0
  9
$PUCSXDIR
 10
1.0
 20
0.0
 30
0.0
  9
$PUCSYDIR
 10
0.0
 20
1.0
 30
0.0
  9
$PUCSORTHOREF
  2

  9
$PUCSORTHOVIEW
 70
     0
  9
$PUCSORGTOP
 10
0.0
 20
0.0
 30
0.0
  9
$PUCSORGBOTTOM
 10
0.0
 20
0.0
 30
0.0
  9
$PUCSORGLEFT
 10
0.0
 20
0.0
 30
0.0
  9
$PUCSORGRIGHT
 10
0.0
 20
0.0
 30
0.0
  9
$PUCSORGFRONT
 10
0.0
 20
0.0
 30
0.0
  9
$PUCSORGBACK
 10
0.0
 20
0.0
 30
0.0
  9
$USERI1
 70
     0
  9
$USERI2
 70
     0
  9
$USERI3
 70
     0
  9
$USERI4
 70
     0
  9
$USERI5
 70
     0
  9
$USERR1
 40
0.0
  9
$USERR2
 40
0.0
  9
$USERR3
 40
0.0
  9
$USERR4
 40
0.0
  9
$USERR5
 40
0.0
  9
$WORLDVIEW
 70
     1
  9
$SHADEDGE
 70
     3
  9
$SHADEDIF
 70
    70
  9
$TILEMODE
 70
     0
  9
$MAXACTVP
 70
    64
  9
$PINSBASE
 10
0.0
 20
0.0
 30
0.0
  9
$PLIMCHECK
 70
     0
  9
$PEXTMIN
 10
0.0
 20
0.0
 30
0.0
  9
$PEXTMAX
 10
0.0
 20
0.0
 30
0.0
  9
$PLIMMIN
 10
-20.0
 20
-7.5
  9
$PLIMMAX
 10
277.0
 20
202.5
  9
$UNITMODE
 70
     0
  9
$VISRETAIN
 70
     1
  9
$PLINEGEN
 70
     0
  9
$PSLTSCALE
 70
     1
  9
$TREEDEPTH
 70
  3020
  9
$CMLSTYLE
  2
Standard
  9
$CMLJUST
 70
     0
  9
$CMLSCALE
 40
20.0
  9
$PROXYGRAPHICS
 70
     1
  9
$MEASUREMENT
 70
     1
  9
$CELWEIGHT
370
    -1
  9
$ENDCAPS
280
     0
  9
$JOINSTYLE
280
     0
  9
$LWDISPLAY
290
     0
  9
$INSUNITS
 70
     4
  9
$HYPERLINKBASE
  1

  9
$STYLESHEET
  1

  9
$XEDIT
290
     1
  9
$CEPSNTYPE
380
     0
  9
$PSTYLEMODE
290
     1
  9
$FINGERPRINTGUID
  2
{a9c0d14a-5f59-f047-b2c3-aa91b846dddc}
  9
$VERSIONGUID
  2
{FAEB1C32-E019-11D5-929B-00C0DF256EC4}
  9
$EXTNAMES
290
     1
  9
$PSVPSCALE
 40
0.0
  9
$OLESTARTUP
290
     0
  9
$SORTENTS
280
   127
  9
$INDEXCTL
280
     0
  9
$HIDETEXT
280
     1
  9
$XCLIPFRAME
280
     2
  9
$HALOGAP
280
     0
  9
$OBSCOLOR
 70
   257
  9
$OBSLTYPE
280
     0
  9
$INTERSECTIONDISPLAY
280
     0
  9
$INTERSECTIONCOLOR
 70
   257
  9
$DIMASSOC
280
     2
  9
$PROJECTNAME
  1

  9
$CAMERADISPLAY
290
     0
  9
$LENSLENGTH
 40
50.0
  9
$CAMERAHEIGHT
 40
0.0
  9
$STEPSPERSEC
 40
2.0
  9
$STEPSIZE
 40
6.0
  9
$3DDWFPREC
 40
2.0
  9
$PSOLWIDTH
 40
5.0
  9
$PSOLHEIGHT
 40
80.0
  9
$LOFTANG1
 40
1.570796326794897
  9
$LOFTANG2
 40
1.570796326794897
  9
$LOFTMAG1
 40
0.0
  9
$LOFTMAG2
 40
0.0
  9
$LOFTPARAM
 70
     7
  9
$LOFTNORMALS
280
     1
  9
$LATITUDE
 40
37.795
  9
$LONGITUDE
 40
-122.394
  9
$NORTHDIRECTION
 40
0.0
  9
$TIMEZONE
 70
 -8000
  9
$LIGHTGLYPHDISPLAY
280
     1
  9
$TILEMODELIGHTSYNCH
280
     1
  9
$CMATERIAL
347
44
  9
$SOLIDHIST
280
     0
  9
$SHOWHIST
280
     1
  9
$DWFFRAME
280
     2
  9
$DGNFRAME
280
     2
  9
$REALWORLDSCALE
290
     1
  9
$INTERFERECOLOR
 62
   256
  9
$CSHADOW
280
     0
  9
$SHADOWPLANELOCATION
 40
0.0
  0
ENDSEC
  0
SECTION
  2
CLASSES
  0
CLASS
  1
ACDBDICTIONARYWDFLT
  2
AcDbDictionaryWithDefault
  3
ObjectDBX Classes
 90
        0
 91
        3
280
     0
281
     0
  0
CLASS
  1
VISUALSTYLE
  2
AcDbVisualStyle
  3
ObjectDBX Classes
 90
     4095
 91
        3
280
     0
281
     0
  0
CLASS
  1
MATERIAL
  2
AcDbMaterial
  3
ObjectDBX Classes
 90
     1153
 91
        3
280
     0
281
     0
  0
CLASS
  1
SCALE
  2
AcDbScale
  3
ObjectDBX Classes
 90
     1153
 91
        3
280
     0
281
     0
  0
CLASS
  1
TABLESTYLE
  2
AcDbTableStyle
  3
ObjectDBX Classes
 90
     4095
 91
        3
280
     0
281
     0
  0
CLASS
  1
MLEADERSTYLE
  2
AcDbMLeaderStyle
  3
ACDB_MLEADERSTYLE_CLASS
 90
     4095
 91
        3
280
     0
281
     0
  0
CLASS
  1
SUN
  2
AcDbSun
  3
SCENEOE
 90
     1153
 91
        3
280
     0
281
     0
  0
CLASS
  1
DICTIONARYVAR
  2
AcDbDictionaryVar
  3
ObjectDBX Classes
 90
        0
 91
        3
280
     0
281
     0
  0
CLASS
  1
CELLSTYLEMAP
  2
AcDbCellStyleMap
  3
ObjectDBX Classes
 90
     1152
 91
        3
280
     0
281
     0
  0
ENDSEC
  0
SECTION
  2
TABLES
  0
TABLE
  2
VPORT
  5
8
330
0
100
AcDbSymbolTable
 70
     1
  0
VPORT
  5
29
330
8
100
AcDbSymbolTableRecord
100
AcDbViewportTableRecord
  2
*Active
 70
     0
 10
0.0
 20
0.0
 11
1.0
 21
1.0
 12
210.0
 22
148.5
 13
0.0
 23
0.0
 14
10.0
 24
10.0
 15
10.0
 25
10.0
 16
0.0
 26
0.0
 36
1.0
 17
0.0
 27
0.0
 37
0.0
 40
297.0
 41
1.414141414141414
 42
50.0
 43
0.0
 44
0.0
 50
0.0
 51
0.0
 71
     0
 72
   100
 73
     1
 74
     3
 75
     0
 76
     0
 77
     0
 78
     0
281
     0
 65
     1
110
0.0
120
0.0
130
0.0
111
1.0
121
0.0
131
0.0
112
0.0
122
1.0
132
0.0
 79
     0
146
0.0
348
2F
 60
     3
 61
     5
292
     1
282
     1
141
0.0
142
0.0
 63
   250
361
5D
  0
ENDTAB
  0
TABLE
  2
LTYPE
  5
5
330
0
100
AcDbSymbolTable
 70
     6
  0
LTYPE
  5
14
330
5
100
AcDbSymbolTableRecord
100
AcDbLinetypeTableRecord
  2
ByBlock
 70
     0
  3

 72
    65
 73
     0
 40
0.0
  0
LTYPE
  5
15
330
5
100
AcDbSymbolTableRecord
100
AcDbLinetypeTableRecord
  2
ByLayer
 70
     0
  3

 72
    65
 73
     0
 40
0.0
  0
LTYPE
  5
16
330
5
100
AcDbSymbolTableRecord
100
AcDbLinetypeTableRecord
  2
Continuous
 70
     0
  3
Solid line
 72
    65
 73
     0
 40
0.0
  0
LTYPE
  5
61
330
5
100
AcDbSymbolTableRecord
100
AcDbLinetypeTableRecord
  2
CenterLine
 70
     0
  3

 72
    65
 73
     4
 40
8.0
 49
5.0
 74
     0
 49
-1.0
 74
     0
 49
1.0
 74
     0
 49
-1.0
 74
     0
  0
LTYPE
  5
62
330
5
100
AcDbSymbolTableRecord
100
AcDbLinetypeTableRecord
  2
DraftedLine
 70
     0
  3

 72
    65
 73
     2
 40
3.0
 49
2.0
 74
     0
 49
-1.0
 74
     0
  0
LTYPE
  5
63
330
5
100
AcDbSymbolTableRecord
100
AcDbLinetypeTableRecord
  2
SectionLineISO
 70
     0
  3

 72
    65
 73
     5
 40
13.75833333333342
 49
4.23333333333336
 74
     0
 49
-2.11666666666668
 74
     0
 49
1.05833333333334
 74
     0
 49
-2.11666666666668
 74
     0
 49
4.23333333333336
 74
     0
  0
LTYPE
  5
64
330
5
100
AcDbSymbolTableRecord
100
AcDbLinetypeTableRecord
  2
SectionLineANSI
 70
     0
  3

 72
    65
 73
     7
 40
11.99444444444452
 49
4.23333333333336
 74
     0
 49
-1.05833333333334
 74
     0
 49
0.17638888888889
 74
     0
 49
-1.05833333333334
 74
     0
 49
0.17638888888889
 74
     0
 49
-1.05833333333334
 74
     0
 49
4.23333333333336
 74
     0
  0
LTYPE
  5
65
330
5
100
AcDbSymbolTableRecord
100
AcDbLinetypeTableRecord
  2
DetailCircleISO
 70
     0
  3

 72
    65
 73
     5
 40
13.75833333333342
 49
4.23333333333336
 74
     0
 49
-2.11666666666668
 74
     0
 49
1.05833333333334
 74
     0
 49
-2.11666666666668
 74
     0
 49
4.23333333333336
 74
     0
  0
ENDTAB
  0
TABLE
  2
LAYER
  5
2
330
0
100
AcDbSymbolTable
 70
     5
  0
LAYER
  5
10
330
2
100
AcDbSymbolTableRecord
100
AcDbLayerTableRecord
  2
0
 70
     0
 62
     7
  6
Continuous
370
    -3
390
F
347
46
  0
LAYER
  5
5E
330
2
100
AcDbSymbolTableRecord
100
AcDbLayerTableRecord
  2
Geometries
 70
     0
 62
     7
  6
Continuous
370
    -3
390
F
347
46
  0
LAYER
  5
5F
330
2
100
AcDbSymbolTableRecord
100
AcDbLayerTableRecord
  2
Annotations
 70
     0
 62
     7
  6
Continuous
370
    -3
390
F
347
46
  0
LAYER
  5
60
330
2
100
AcDbSymbolTableRecord
100
AcDbLayerTableRecord
  2
Border
 70
     0
 62
     7
  6
Continuous
370
    -3
390
F
347
46
  0
LAYER
  5
17D
330
2
100
AcDbSymbolTableRecord
100
AcDbLayerTableRecord
  2
Defpoints
 70
     0
 62
     7
  6
Continuous
290
     0
370
    -3
390
F
347
46
  0
ENDTAB
  0
TABLE
  2
STYLE
  5
3
330
0
100
AcDbSymbolTable
 70
    46
  0
STYLE
  5
11
330
3
100
AcDbSymbolTableRecord
100
AcDbTextStyleTableRecord
  2
Standard
 70
     0
 40
0.0
 41
1.0
 50
0.0
 71
     0
 42
2.5
  3
txt
  4

  0
STYLE
  5
66
330
3
100
AcDbSymbolTableRecord
100
AcDbTextStyleTableRecord
  2
Shapr0
 70
     0
 40
3.3495
 41
1.0
 50
0.0
 71
     0
 42
2.5
  3

  4

  0
STYLE
  5
67
330
3
100
AcDbSymbolTableRecord
100
AcDbTextStyleTableRecord
  2
Shapr1
 70
     0
 40
3.3495
 41
1.0
 50
0.0
 71
     0
 42
2.5
  3

  4

  0
STYLE
  5
68
330
3
100
AcDbSymbolTableRecord
100
AcDbTextStyleTableRecord
  2
Shapr2
 70
     0
 40
3.3495
 41
1.0
 50
0.0
 71
     0
 42
2.5
  3

  4

  0
STYLE
  5
69
330
3
100
AcDbSymbolTableRecord
100
AcDbTextStyleTableRecord
  2
Shapr3
 70
     0
 40
3.3495
 41
1.0
 50
0.0
 71
     0
 42
2.5
  3

  4

  0
STYLE
  5
6A
330
3
100
AcDbSymbolTableRecord
100
AcDbTextStyleTableRecord
  2
Shapr4
 70
     0
 40
3.3495
 41
1.0
 50
0.0
 71
     0
 42
2.5
  3

  4

  0
STYLE
  5
6B
330
3
100
AcDbSymbolTableRecord
100
AcDbTextStyleTableRecord
  2
Shapr5
 70
     0
 40
3.3495
 41
1.0
 50
0.0
 71
     0
 42
2.5
  3

  4

  0
STYLE
  5
6C
330
3
100
AcDbSymbolTableRecord
100
AcDbTextStyleTableRecord
  2
Shapr6
 70
     0
 40
3.3495
 41
1.0
 50
0.0
 71
     0
 42
2.5
  3

  4

  0
STYLE
  5
6D
330
3
100
AcDbSymbolTableRecord
100
AcDbTextStyleTableRecord
  2
Shapr7
 70
     0
 40
3.3495
 41
1.0
 50
0.0
 71
     0
 42
2.5
  3

  4

  0
STYLE
  5
6E
330
3
100
AcDbSymbolTableRecord
100
AcDbTextStyleTableRecord
  2
Shapr8
 70
     0
 40
3.3495
 41
1.0
 50
0.0
 71
     0
 42
2.5
  3

  4

  0
STYLE
  5
6F
330
3
100
AcDbSymbolTableRecord
100
AcDbTextStyleTableRecord
  2
Shapr9
 70
     0
 40
3.3495
 41
1.0
 50
0.0
 71
     0
 42
2.5
  3

  4

  0
STYLE
  5
70
330
3
100
AcDbSymbolTableRecord
100
AcDbTextStyleTableRecord
  2
Shapr10
 70
     0
 40
3.3495
 41
1.0
 50
0.0
 71
     0
 42
2.5
  3

  4

  0
STYLE
  5
71
330
3
100
AcDbSymbolTableRecord
100
AcDbTextStyleTableRecord
  2
Shapr11
 70
     0
 40
3.3495
 41
1.0
 50
0.0
 71
     0
 42
2.5
  3

  4

  0
STYLE
  5
72
330
3
100
AcDbSymbolTableRecord
100
AcDbTextStyleTableRecord
  2
Shapr12
 70
     0
 40
3.3495
 41
1.0
 50
0.0
 71
     0
 42
2.5
  3

  4

  0
STYLE
  5
73
330
3
100
AcDbSymbolTableRecord
100
AcDbTextStyleTableRecord
  2
Shapr13
 70
     0
 40
3.3495
 41
1.0
 50
0.0
 71
     0
 42
2.5
  3

  4

  0
STYLE
  5
74
330
3
100
AcDbSymbolTableRecord
100
AcDbTextStyleTableRecord
  2
Shapr14
 70
     0
 40
3.3495
 41
1.0
 50
0.0
 71
     0
 42
2.5
  3

  4

  0
STYLE
  5
75
330
3
100
AcDbSymbolTableRecord
100
AcDbTextStyleTableRecord
  2
Shapr15
 70
     0
 40
3.3495
 41
1.0
 50
0.0
 71
     0
 42
2.5
  3

  4

  0
STYLE
  5
76
330
3
100
AcDbSymbolTableRecord
100
AcDbTextStyleTableRecord
  2
Shapr16
 70
     0
 40
3.3495
 41
1.0
 50
0.0
 71
     0
 42
2.5
  3

  4

  0
STYLE
  5
77
330
3
100
AcDbSymbolTableRecord
100
AcDbTextStyleTableRecord
  2
Shapr17
 70
     0
 40
3.3495
 41
1.0
 50
0.0
 71
     0
 42
2.5
  3

  4

  0
STYLE
  5
78
330
3
100
AcDbSymbolTableRecord
100
AcDbTextStyleTableRecord
  2
Shapr18
 70
     0
 40
3.3495
 41
1.0
 50
0.0
 71
     0
 42
2.5
  3

  4

  0
STYLE
  5
79
330
3
100
AcDbSymbolTableRecord
100
AcDbTextStyleTableRecord
  2
Shapr19
 70
     0
 40
3.3495
 41
1.0
 50
0.0
 71
     0
 42
2.5
  3

  4

  0
STYLE
  5
7A
330
3
100
AcDbSymbolTableRecord
100
AcDbTextStyleTableRecord
  2
Shapr20
 70
     0
 40
3.3495
 41
1.0
 50
0.0
 71
     0
 42
2.5
  3

  4

  0
STYLE
  5
7B
330
3
100
AcDbSymbolTableRecord
100
AcDbTextStyleTableRecord
  2
Shapr21
 70
     0
 40
3.3495
 41
1.0
 50
0.0
 71
     0
 42
2.5
  3

  4

  0
STYLE
  5
7C
330
3
100
AcDbSymbolTableRecord
100
AcDbTextStyleTableRecord
  2
Shapr22
 70
     0
 40
3.3495
 41
1.0
 50
0.0
 71
     0
 42
2.5
  3

  4

  0
STYLE
  5
7D
330
3
100
AcDbSymbolTableRecord
100
AcDbTextStyleTableRecord
  2
Shapr23
 70
     0
 40
3.3495
 41
1.0
 50
0.0
 71
     0
 42
2.5
  3

  4

  0
STYLE
  5
7E
330
3
100
AcDbSymbolTableRecord
100
AcDbTextStyleTableRecord
  2
Shapr24
 70
     0
 40
3.3495
 41
1.0
 50
0.0
 71
     0
 42
2.5
  3

  4

  0
STYLE
  5
7F
330
3
100
AcDbSymbolTableRecord
100
AcDbTextStyleTableRecord
  2
Shapr25
 70
     0
 40
3.3495
 41
1.0
 50
0.0
 71
     0
 42
2.5
  3

  4

  0
STYLE
  5
80
330
3
100
AcDbSymbolTableRecord
100
AcDbTextStyleTableRecord
  2
Shapr26
 70
     0
 40
3.3495
 41
1.0
 50
0.0
 71
     0
 42
2.5
  3

  4

  0
STYLE
  5
81
330
3
100
AcDbSymbolTableRecord
100
AcDbTextStyleTableRecord
  2
Shapr27
 70
     0
 40
3.3495
 41
1.0
 50
0.0
 71
     0
 42
2.5
  3

  4

  0
STYLE
  5
82
330
3
100
AcDbSymbolTableRecord
100
AcDbTextStyleTableRecord
  2
Shapr28
 70
     0
 40
3.3495
 41
1.0
 50
0.0
 71
     0
 42
2.5
  3

  4

  0
STYLE
  5
83
330
3
100
AcDbSymbolTableRecord
100
AcDbTextStyleTableRecord
  2
Shapr29
 70
     0
 40
3.3495
 41
1.0
 50
0.0
 71
     0
 42
2.5
  3

  4

  0
STYLE
  5
84
330
3
100
AcDbSymbolTableRecord
100
AcDbTextStyleTableRecord
  2
Shapr30
 70
     0
 40
3.3495
 41
1.0
 50
0.0
 71
     0
 42
2.5
  3

  4

  0
STYLE
  5
85
330
3
100
AcDbSymbolTableRecord
100
AcDbTextStyleTableRecord
  2
Shapr31
 70
     0
 40
3.3495
 41
1.0
 50
0.0
 71
     0
 42
2.5
  3

  4

  0
STYLE
  5
86
330
3
100
AcDbSymbolTableRecord
100
AcDbTextStyleTableRecord
  2
Shapr32
 70
     0
 40
3.3495
 41
1.0
 50
0.0
 71
     0
 42
2.5
  3

  4

  0
STYLE
  5
87
330
3
100
AcDbSymbolTableRecord
100
AcDbTextStyleTableRecord
  2
Shapr33
 70
     0
 40
3.3495
 41
1.0
 50
0.0
 71
     0
 42
2.5
  3

  4

  0
STYLE
  5
88
330
3
100
AcDbSymbolTableRecord
100
AcDbTextStyleTableRecord
  2
Shapr34
 70
     0
 40
3.3495
 41
1.0
 50
0.0
 71
     0
 42
2.5
  3

  4

  0
STYLE
  5
89
330
3
100
AcDbSymbolTableRecord
100
AcDbTextStyleTableRecord
  2
Shapr35
 70
     0
 40
3.3495
 41
1.0
 50
0.0
 71
     0
 42
2.5
  3

  4

  0
STYLE
  5
8A
330
3
100
AcDbSymbolTableRecord
100
AcDbTextStyleTableRecord
  2
Shapr36
 70
     0
 40
3.3495
 41
1.0
 50
0.0
 71
     0
 42
2.5
  3

  4

  0
STYLE
  5
8B
330
3
100
AcDbSymbolTableRecord
100
AcDbTextStyleTableRecord
  2
Shapr37
 70
     0
 40
3.3495
 41
1.0
 50
0.0
 71
     0
 42
2.5
  3

  4

  0
STYLE
  5
8C
330
3
100
AcDbSymbolTableRecord
100
AcDbTextStyleTableRecord
  2
Shapr38
 70
     0
 40
3.3495
 41
1.0
 50
0.0
 71
     0
 42
2.5
  3

  4

  0
STYLE
  5
8D
330
3
100
AcDbSymbolTableRecord
100
AcDbTextStyleTableRecord
  2
Shapr39
 70
     0
 40
3.3495
 41
1.0
 50
0.0
 71
     0
 42
2.5
  3

  4

  0
STYLE
  5
8E
330
3
100
AcDbSymbolTableRecord
100
AcDbTextStyleTableRecord
  2
Shapr40
 70
     0
 40
3.3495
 41
1.0
 50
0.0
 71
     0
 42
2.5
  3

  4

  0
STYLE
  5
8F
330
3
100
AcDbSymbolTableRecord
100
AcDbTextStyleTableRecord
  2
Shapr41
 70
     0
 40
3.3495
 41
1.0
 50
0.0
 71
     0
 42
2.5
  3

  4

  0
STYLE
  5
90
330
3
100
AcDbSymbolTableRecord
100
AcDbTextStyleTableRecord
  2
Shapr42
 70
     0
 40
3.3495
 41
1.0
 50
0.0
 71
     0
 42
2.5
  3

  4

  0
STYLE
  5
91
330
3
100
AcDbSymbolTableRecord
100
AcDbTextStyleTableRecord
  2
Shapr43
 70
     0
 40
3.3495
 41
1.0
 50
0.0
 71
     0
 42
2.5
  3

  4

  0
STYLE
  5
92
330
3
100
AcDbSymbolTableRecord
100
AcDbTextStyleTableRecord
  2
Shapr44
 70
     0
 40
3.3495
 41
1.0
 50
0.0
 71
     0
 42
2.5
  3

  4

  0
ENDTAB
  0
TABLE
  2
VIEW
  5
6
330
0
100
AcDbSymbolTable
 70
     0
  0
ENDTAB
  0
TABLE
  2
UCS
  5
7
330
0
100
AcDbSymbolTable
 70
     0
  0
ENDTAB
  0
TABLE
  2
APPID
  5
9
330
0
100
AcDbSymbolTable
 70
     2
  0
APPID
  5
12
330
9
100
AcDbSymbolTableRecord
100
AcDbRegAppTableRecord
  2
ACAD
 70
     0
  0
APPID
  5
17B
330
9
100
AcDbSymbolTableRecord
100
AcDbRegAppTableRecord
  2
ACAD_DSTYLE_DIMRADIAL_EXTENSION
 70
     0
  0
ENDTAB
  0
TABLE
  2
DIMSTYLE
  5
A
330
0
100
AcDbSymbolTable
 70
     1
100
AcDbDimStyleTable
  0
DIMSTYLE
105
27
102
{ACAD_REACTORS
330
17C
330
18A
330
196
330
1A3
330
1B0
330
1BD
330
1CA
330
1D7
330
1E4
330
1F1
330
1FE
330
20B
330
218
330
225
330
22E
330
237
330
240
102
}
330
A
100
AcDbSymbolTableRecord
100
AcDbDimStyleTableRecord
  2
ISO-25
 70
     0
 41
2.5
 42
0.625
 43
3.75
 44
1.25
 73
     0
 74
     0
 77
     1
 78
     8
140
2.5
141
2.5
143
0.0393700787401575
147
0.625
171
     3
172
     1
178
     0
271
     2
272
     2
274
     3
278
    44
283
     0
284
     8
340
11
  0
ENDTAB
  0
TABLE
  2
BLOCK_RECORD
  5
1
330
0
100
AcDbSymbolTable
 70
    20
  0
BLOCK_RECORD
  5
1F
330
1
100
AcDbSymbolTableRecord
100
AcDbBlockTableRecord
  2
*Model_Space
340
22
 70
     4
280
     1
281
     0
  0
BLOCK_RECORD
  5
93
330
1
100
AcDbSymbolTableRecord
100
AcDbBlockTableRecord
  2
*Paper_Space
340
94
 70
     0
280
     1
281
     0
  0
BLOCK_RECORD
  5
23
330
1
100
AcDbSymbolTableRecord
100
AcDbBlockTableRecord
  2
*Paper_Space0
340
26
 70
     0
280
     1
281
     0
  0
BLOCK_RECORD
  5
1B
330
1
100
AcDbSymbolTableRecord
100
AcDbBlockTableRecord
  2
*Paper_Space1
340
1E
 70
     4
280
     1
281
     0
  0
BLOCK_RECORD
  5
17E
330
1
100
AcDbSymbolTableRecord
100
AcDbBlockTableRecord
  2
*D2
340
0
 70
     0
280
     1
281
     0
  0
BLOCK_RECORD
  5
18B
330
1
100
AcDbSymbolTableRecord
100
AcDbBlockTableRecord
  2
*D3
340
0
 70
     0
280
     1
281
     0
  0
BLOCK_RECORD
  5
197
330
1
100
AcDbSymbolTableRecord
100
AcDbBlockTableRecord
  2
*D4
340
0
 70
     0
280
     1
281
     0
  0
BLOCK_RECORD
  5
1A4
330
1
100
AcDbSymbolTableRecord
100
AcDbBlockTableRecord
  2
*D5
340
0
 70
     0
280
     1
281
     0
  0
BLOCK_RECORD
  5
1B1
330
1
100
AcDbSymbolTableRecord
100
AcDbBlockTableRecord
  2
*D6
340
0
 70
     0
280
     1
281
     0
  0
BLOCK_RECORD
  5
1BE
330
1
100
AcDbSymbolTableRecord
100
AcDbBlockTableRecord
  2
*D7
340
0
 70
     0
280
     1
281
     0
  0
BLOCK_RECORD
  5
1CB
330
1
100
AcDbSymbolTableRecord
100
AcDbBlockTableRecord
  2
*D8
340
0
 70
     0
280
     1
281
     0
  0
BLOCK_RECORD
  5
1D8
330
1
100
AcDbSymbolTableRecord
100
AcDbBlockTableRecord
  2
*D9
340
0
 70
     0
280
     1
281
     0
  0
BLOCK_RECORD
  5
1E5
330
1
100
AcDbSymbolTableRecord
100
AcDbBlockTableRecord
  2
*D10
340
0
 70
     0
280
     1
281
     0
  0
BLOCK_RECORD
  5
1F2
330
1
100
AcDbSymbolTableRecord
100
AcDbBlockTableRecord
  2
*D11
340
0
 70
     0
280
     1
281
     0
  0
BLOCK_RECORD
  5
1FF
330
1
100
AcDbSymbolTableRecord
100
AcDbBlockTableRecord
  2
*D12
340
0
 70
     0
280
     1
281
     0
  0
BLOCK_RECORD
  5
20C
330
1
100
AcDbSymbolTableRecord
100
AcDbBlockTableRecord
  2
*D13
340
0
 70
     0
280
     1
281
     0
  0
BLOCK_RECORD
  5
219
330
1
100
AcDbSymbolTableRecord
100
AcDbBlockTableRecord
  2
*D14
340
0
 70
     0
280
     1
281
     0
  0
BLOCK_RECORD
  5
226
330
1
100
AcDbSymbolTableRecord
100
AcDbBlockTableRecord
  2
*D15
340
0
 70
     0
280
     1
281
     0
  0
BLOCK_RECORD
  5
22F
330
1
100
AcDbSymbolTableRecord
100
AcDbBlockTableRecord
  2
*D16
340
0
 70
     0
280
     1
281
     0
  0
BLOCK_RECORD
  5
238
330
1
100
AcDbSymbolTableRecord
100
AcDbBlockTableRecord
  2
*D17
340
0
 70
     0
280
     1
281
     0
  0
BLOCK_RECORD
  5
241
330
1
100
AcDbSymbolTableRecord
100
AcDbBlockTableRecord
  2
*D18
340
0
 70
     0
280
     1
281
     0
  0
BLOCK_RECORD
  5
281
330
1
100
AcDbSymbolTableRecord
100
AcDbBlockTableRecord
  2
*U19
340
0
102
{BLKREFS
331
29B
102
}
 70
     0
280
     1
281
     0
  0
ENDTAB
  0
ENDSEC
  0
SECTION
  2
BLOCKS
  0
BLOCK
  5
20
330
1F
100
AcDbEntity
  8
0
100
AcDbBlockBegin
  2
*Model_Space
 70
     0
 10
0.0
 20
0.0
 30
0.0
  3
*Model_Space
  1

  0
ENDBLK
  5
21
330
1F
100
AcDbEntity
  8
0
100
AcDbBlockEnd
  0
BLOCK
  5
95
330
93
100
AcDbEntity
 67
     1
  8
0
100
AcDbBlockBegin
  2
*Paper_Space
 70
     0
 10
0.0
 20
0.0
 30
0.0
  3
*Paper_Space
  1

  0
ENDBLK
  5
96
330
93
100
AcDbEntity
 67
     1
  8
0
100
AcDbBlockEnd
  0
BLOCK
  5
24
330
23
100
AcDbEntity
  8
0
100
AcDbBlockBegin
  2
*Paper_Space0
 70
     0
 10
0.0
 20
0.0
 30
0.0
  3
*Paper_Space0
  1

  0
ENDBLK
  5
25
330
23
100
AcDbEntity
  8
0
100
AcDbBlockEnd
  0
BLOCK
  5
1C
330
1B
100
AcDbEntity
  8
0
100
AcDbBlockBegin
  2
*Paper_Space1
 70
     0
 10
0.0
 20
0.0
 30
0.0
  3
*Paper_Space1
  1

  0
ENDBLK
  5
1D
330
1B
100
AcDbEntity
  8
0
100
AcDbBlockEnd
  0
BLOCK
  5
17F
330
17E
100
AcDbEntity
  8
0
100
AcDbBlockBegin
  2
*D2
 70
     1
 10
0.0
 20
0.0
 30
0.0
  3
*D2
  1

  0
LINE
  5
181
330
17E
100
AcDbEntity
  8
Annotations
  6
Continuous
 62
     0
370
    15
100
AcDbLine
 10
168.2804898692314
 20
85.12319596718702
 30
0.0
 11
198.411907788964
 21
72.58726802989686
 31
0.0
  0
LINE
  5
182
330
17E
100
AcDbEntity
  8
Annotations
  6
Continuous
 62
     0
370
    15
100
AcDbLine
 10
66.71951013076855
 20
127.376804032813
 30
0.0
 11
64.41130604580349
 21
128.3371133070318
 31
0.0
  0
MTEXT
  5
183
330
17E
100
AcDbEntity
  8
Annotations
 62
     0
370
    15
100
AcDbMText
 10
193.302693572096
 20
77.28498989385969
 30
0.0
 40
3.3495
 41
0.0
 46
0.0
 71
     5
 72
     1
  1
\A1;%%c105
  7
Shapr18
 11
0.9232816339860263
 21
-0.3841237096875088
 31
0.0
 73
     1
 44
1.0
  0
LINE
  5
184
330
17E
100
AcDbEntity
  8
Annotations
  6
Continuous
 62
     0
370
    15
100
AcDbLine
 10
69.02771421573362
 20
126.4164947585942
 30
0.0
 11
165.9722857842664
 21
86.08350524140579
 31
0.0
  0
SOLID
  5
185
330
17E
100
AcDbEntity
  8
Annotations
 62
     0
100
AcDbTrace
 10
66.55945858506543
 20
126.9921033519855
 30
0.0
 11
66.87956167647168
 21
127.7615047136405
 31
0.0
 12
69.02771421573362
 22
126.4164947585942
 32
0.0
 13
69.02771421573362
 23
126.4164947585942
 33
0.0
  0
SOLID
  5
186
330
17E
100
AcDbEntity
  8
Annotations
 62
     0
100
AcDbTrace
 10
168.4405414149346
 20
85.50789664801452
 30
0.0
 11
168.1204383235283
 21
84.73849528635951
 31
0.0
 12
165.9722857842664
 22
86.08350524140579
 32
0.0
 13
165.9722857842664
 23
86.08350524140579
 33
0.0
  0
ARC
  5
187
330
17E
100
AcDbEntity
  8
Annotations
 62
     0
370
    15
100
AcDbCircle
 10
117.5
 20
106.25
 30
0.0
 40
52.5
100
AcDbArc
 50
336.0464326893096
 51
350.5529718265184
  0
POINT
  5
188
330
17E
100
AcDbEntity
  8
Defpoints
 62
     0
100
AcDbPoint
 10
165.9722857842664
 20
86.08350524140579
 30
0.0
  0
POINT
  5
189
330
17E
100
AcDbEntity
  8
Defpoints
 62
     0
100
AcDbPoint
 10
69.02771421573362
 20
126.4164947585942
 30
0.0
  0
ENDBLK
  5
180
330
17E
100
AcDbEntity
  8
0
100
AcDbBlockEnd
  0
BLOCK
  5
18C
330
18B
100
AcDbEntity
  8
0
100
AcDbBlockBegin
  2
*D3
 70
     1
 10
0.0
 20
0.0
 30
0.0
  3
*D3
  1

  0
LINE
  5
18E
330
18B
100
AcDbEntity
  8
Annotations
  6
Continuous
 62
     0
370
    15
100
AcDbLine
 10
169.8921454622278
 20
128.7013494887226
 30
0.0
 11
188.2622913547594
 21
136.5734181347641
 31
0.0
  0
LINE
  5
18F
330
18B
100
AcDbEntity
  8
Annotations
  6
Continuous
 62
     0
370
    15
100
AcDbLine
 10
65.10785453777221
 20
83.79865051127742
 30
0.0
 11
62.80995342100783
 21
82.81394220036853
 31
0.0
  0
MTEXT
  5
190
330
18B
100
AcDbEntity
  8
Annotations
 62
     0
370
    15
100
AcDbMText
 10
181.4056853325486
 20
136.2187980300285
 30
0.0
 40
3.3495
 41
0.0
 46
0.0
 71
     5
 72
     1
  1
\A1;%%c109
  7
Shapr18
 11
0.9191604467057507
 21
0.3938833243635541
 31
0.0
 73
     1
 44
1.0
  0
LINE
  5
191
330
18B
100
AcDbEntity
  8
Annotations
  6
Continuous
 62
     0
370
    15
100
AcDbLine
 10
67.40575565453659
 20
84.7833588221863
 30
0.0
 11
167.5942443454634
 21
127.7166411778137
 31
0.0
  0
SOLID
  5
192
330
18B
100
AcDbEntity
  8
Annotations
 62
     0
100
AcDbTrace
 10
65.27197258959036
 20
83.41566699181669
 30
0.0
 11
64.94373648595406
 21
84.18163403073814
 31
0.0
 12
67.40575565453659
 22
84.7833588221863
 32
0.0
 13
67.40575565453659
 23
84.7833588221863
 33
0.0
  0
SOLID
  5
193
330
18B
100
AcDbEntity
  8
Annotations
 62
     0
100
AcDbTrace
 10
169.7280274104096
 20
129.0843330081833
 30
0.0
 11
170.0562635140459
 21
128.3183659692618
 31
0.0
 12
167.5942443454634
 22
127.7166411778137
 32
0.0
 13
167.5942443454634
 23
127.7166411778137
 33
0.0
  0
POINT
  5
194
330
18B
100
AcDbEntity
  8
Defpoints
 62
     0
100
AcDbPoint
 10
167.5942443454634
 20
127.7166411778137
 30
0.0
  0
POINT
  5
195
330
18B
100
AcDbEntity
  8
Defpoints
 62
     0
100
AcDbPoint
 10
67.40575565453659
 20
84.7833588221863
 30
0.0
  0
ENDBLK
  5
18D
330
18B
100
AcDbEntity
  8
0
100
AcDbBlockEnd
  0
BLOCK
  5
198
330
197
100
AcDbEntity
  8
0
100
AcDbBlockBegin
  2
*D4
 70
     1
 10
0.0
 20
0.0
 30
0.0
  3
*D4
  1

  0
LINE
  5
19A
330
197
100
AcDbEntity
  8
Annotations
  6
Continuous
 62
     0
370
    15
100
AcDbLine
 10
63.0
 20
203.125
 30
0.0
 11
63.0
 21
179.069450378418
 31
0.0
  0
LINE
  5
19B
330
197
100
AcDbEntity
  8
Annotations
  6
Continuous
 62
     0
370
    15
100
AcDbLine
 10
172.0
 20
203.125
 30
0.0
 11
172.0
 21
179.069450378418
 31
0.0
  0
LINE
  5
19C
330
197
100
AcDbEntity
  8
Annotations
  6
Continuous
 62
     0
370
    15
100
AcDbLine
 10
65.5
 20
180.319450378418
 30
0.0
 11
169.5
 21
180.319450378418
 31
0.0
  0
SOLID
  5
19D
330
197
100
AcDbEntity
  8
Annotations
 62
     0
100
AcDbTrace
 10
65.5
 20
180.7361170450846
 30
0.0
 11
65.5
 21
179.9027837117513
 31
0.0
 12
63.0
 22
180.319450378418
 32
0.0
 13
63.0
 23
180.319450378418
 33
0.0
  0
SOLID
  5
19E
330
197
100
AcDbEntity
  8
Annotations
 62
     0
100
AcDbTrace
 10
169.5
 20
179.9027837117513
 30
0.0
 11
169.5
 21
180.7361170450846
 31
0.0
 12
172.0
 22
180.319450378418
 32
0.0
 13
172.0
 23
180.319450378418
 33
0.0
  0
MTEXT
  5
19F
330
197
100
AcDbEntity
  8
Annotations
 62
     0
370
    15
100
AcDbMText
 10
117.5
 20
182.6942003784179
 30
0.0
 40
3.3495
 41
0.0
 46
0.0
 71
     5
 72
     1
  1
\A1;109
  7
Shapr15
 73
     1
 44
1.0
  0
POINT
  5
1A0
330
197
100
AcDbEntity
  8
Defpoints
 62
     0
100
AcDbPoint
 10
63.0
 20
203.75
 30
0.0
  0
POINT
  5
1A1
330
197
100
AcDbEntity
  8
Defpoints
 62
     0
100
AcDbPoint
 10
172.0
 20
203.75
 30
0.0
  0
POINT
  5
1A2
330
197
100
AcDbEntity
  8
Defpoints
 62
     0
100
AcDbPoint
 10
172.0
 20
180.319450378418
 30
0.0
  0
ENDBLK
  5
199
330
197
100
AcDbEntity
  8
0
100
AcDbBlockEnd
  0
BLOCK
  5
1A5
330
1A4
100
AcDbEntity
  8
0
100
AcDbBlockBegin
  2
*D5
 70
     1
 10
0.0
 20
0.0
 30
0.0
  3
*D5
  1

  0
LINE
  5
1A7
330
1A4
100
AcDbEntity
  8
Annotations
  6
Continuous
 62
     0
370
    15
100
AcDbLine
 10
64.82885040176168
 20
250.375
 30
0.0
 11
64.82885040176168
 21
263.0
 31
0.0
  0
LINE
  5
1A8
330
1A4
100
AcDbEntity
  8
Annotations
  6
Continuous
 62
     0
370
    15
100
AcDbLine
 10
103.5
 20
250.375
 30
0.0
 11
103.5
 21
263.0
 31
0.0
  0
LINE
  5
1A9
330
1A4
100
AcDbEntity
  8
Annotations
  6
Continuous
 62
     0
370
    15
100
AcDbLine
 10
67.32885040176168
 20
261.75
 30
0.0
 11
101.0
 21
261.75
 31
0.0
  0
SOLID
  5
1AA
330
1A4
100
AcDbEntity
  8
Annotations
 62
     0
100
AcDbTrace
 10
67.32885040176168
 20
262.1666666666667
 30
0.0
 11
67.32885040176168
 21
261.3333333333333
 31
0.0
 12
64.82885040176168
 22
261.75
 32
0.0
 13
64.82885040176168
 23
261.75
 33
0.0
  0
SOLID
  5
1AB
330
1A4
100
AcDbEntity
  8
Annotations
 62
     0
100
AcDbTrace
 10
101.0
 20
261.3333333333333
 30
0.0
 11
101.0
 21
262.1666666666667
 31
0.0
 12
103.5
 22
261.75
 32
0.0
 13
103.5
 23
261.75
 33
0.0
  0
MTEXT
  5
1AC
330
1A4
100
AcDbEntity
  8
Annotations
 62
     0
370
    15
100
AcDbMText
 10
84.16442520088086
 20
264.44375
 30
0.0
 40
3.3495
 41
0.0
 46
0.0
 71
     5
 72
     1
  1
\A1;38,67
  7
Shapr15
 73
     1
 44
1.0
  0
POINT
  5
1AD
330
1A4
100
AcDbEntity
  8
Defpoints
 62
     0
100
AcDbPoint
 10
64.82885040176168
 20
249.75
 30
0.0
  0
POINT
  5
1AE
330
1A4
100
AcDbEntity
  8
Defpoints
 62
     0
100
AcDbPoint
 10
103.5
 20
249.75
 30
0.0
  0
POINT
  5
1AF
330
1A4
100
AcDbEntity
  8
Defpoints
 62
     0
100
AcDbPoint
 10
103.5
 20
261.75
 30
0.0
  0
ENDBLK
  5
1A6
330
1A4
100
AcDbEntity
  8
0
100
AcDbBlockEnd
  0
BLOCK
  5
1B2
330
1B1
100
AcDbEntity
  8
0
100
AcDbBlockBegin
  2
*D6
 70
     1
 10
0.0
 20
0.0
 30
0.0
  3
*D6
  1

  0
LINE
  5
1B4
330
1B1
100
AcDbEntity
  8
Annotations
  6
Continuous
 62
     0
370
    15
100
AcDbLine
 10
106.875
 20
245.75
 30
0.0
 11
49.75000000000001
 21
245.75
 31
0.0
  0
LINE
  5
1B5
330
1B1
100
AcDbEntity
  8
Annotations
  6
Continuous
 62
     0
370
    15
100
AcDbLine
 10
106.875
 20
211.75
 30
0.0
 11
49.75000000000001
 21
211.75
 31
0.0
  0
LINE
  5
1B6
330
1B1
100
AcDbEntity
  8
Annotations
  6
Continuous
 62
     0
370
    15
100
AcDbLine
 10
51.00000000000001
 20
243.25
 30
0.0
 11
51.00000000000001
 21
214.25
 31
0.0
  0
SOLID
  5
1B7
330
1B1
100
AcDbEntity
  8
Annotations
 62
     0
100
AcDbTrace
 10
51.41666666666668
 20
243.25
 30
0.0
 11
50.58333333333335
 21
243.25
 31
0.0
 12
51.00000000000001
 22
245.75
 32
0.0
 13
51.00000000000001
 23
245.75
 33
0.0
  0
SOLID
  5
1B8
330
1B1
100
AcDbEntity
  8
Annotations
 62
     0
100
AcDbTrace
 10
50.58333333333335
 20
214.25
 30
0.0
 11
51.41666666666668
 21
214.25
 31
0.0
 12
51.00000000000001
 22
211.75
 32
0.0
 13
51.00000000000001
 23
211.75
 33
0.0
  0
MTEXT
  5
1B9
330
1B1
100
AcDbEntity
  8
Annotations
 62
     0
370
    15
100
AcDbMText
 10
48.62525000000002
 20
228.75
 30
0.0
 40
3.3495
 41
0.0
 46
0.0
 71
     5
 72
     1
  1
\A1;34
  7
Shapr15
 11
0.0
 21
1.0
 31
0.0
 73
     1
 44
1.0
  0
POINT
  5
1BA
330
1B1
100
AcDbEntity
  8
Defpoints
 62
     0
100
AcDbPoint
 10
107.5
 20
245.75
 30
0.0
  0
POINT
  5
1BB
330
1B1
100
AcDbEntity
  8
Defpoints
 62
     0
100
AcDbPoint
 10
107.5
 20
211.75
 30
0.0
  0
POINT
  5
1BC
330
1B1
100
AcDbEntity
  8
Defpoints
 62
     0
100
AcDbPoint
 10
51.00000000000001
 20
211.75
 30
0.0
  0
ENDBLK
  5
1B3
330
1B1
100
AcDbEntity
  8
0
100
AcDbBlockEnd
  0
BLOCK
  5
1BF
330
1BE
100
AcDbEntity
  8
0
100
AcDbBlockBegin
  2
*D7
 70
     1
 10
0.0
 20
0.0
 30
0.0
  3
*D7
  1

  0
LINE
  5
1C1
330
1BE
100
AcDbEntity
  8
Annotations
  6
Continuous
 62
     0
370
    15
100
AcDbLine
 10
170.7961495982383
 20
249.75
 30
0.0
 11
185.25
 21
249.75
 31
0.0
  0
LINE
  5
1C2
330
1BE
100
AcDbEntity
  8
Annotations
  6
Continuous
 62
     0
370
    15
100
AcDbLine
 10
171.6997141849586
 20
211.75
 30
0.0
 11
185.25
 21
211.75
 31
0.0
  0
LINE
  5
1C3
330
1BE
100
AcDbEntity
  8
Annotations
  6
Continuous
 62
     0
370
    15
100
AcDbLine
 10
184.0
 20
247.25
 30
0.0
 11
184.0
 21
214.25
 31
0.0
  0
SOLID
  5
1C4
330
1BE
100
AcDbEntity
  8
Annotations
 62
     0
100
AcDbTrace
 10
184.4166666666667
 20
247.25
 30
0.0
 11
183.5833333333333
 21
247.25
 31
0.0
 12
184.0
 22
249.75
 32
0.0
 13
184.0
 23
249.75
 33
0.0
  0
SOLID
  5
1C5
330
1BE
100
AcDbEntity
  8
Annotations
 62
     0
100
AcDbTrace
 10
183.5833333333333
 20
214.25
 30
0.0
 11
184.4166666666667
 21
214.25
 31
0.0
 12
184.0
 22
211.75
 32
0.0
 13
184.0
 23
211.75
 33
0.0
  0
MTEXT
  5
1C6
330
1BE
100
AcDbEntity
  8
Annotations
 62
     0
370
    15
100
AcDbMText
 10
181.62525
 20
230.75
 30
0.0
 40
3.3495
 41
0.0
 46
0.0
 71
     5
 72
     1
  1
\A1;38
  7
Shapr15
 11
0.0
 21
1.0
 31
0.0
 73
     1
 44
1.0
  0
POINT
  5
1C7
330
1BE
100
AcDbEntity
  8
Defpoints
 62
     0
100
AcDbPoint
 10
170.1711495982383
 20
249.75
 30
0.0
  0
POINT
  5
1C8
330
1BE
100
AcDbEntity
  8
Defpoints
 62
     0
100
AcDbPoint
 10
171.0747141849586
 20
211.75
 30
0.0
  0
POINT
  5
1C9
330
1BE
100
AcDbEntity
  8
Defpoints
 62
     0
100
AcDbPoint
 10
184.0
 20
211.75
 30
0.0
  0
ENDBLK
  5
1C0
330
1BE
100
AcDbEntity
  8
0
100
AcDbBlockEnd
  0
BLOCK
  5
1CC
330
1CB
100
AcDbEntity
  8
0
100
AcDbBlockBegin
  2
*D8
 70
     1
 10
0.0
 20
0.0
 30
0.0
  3
*D8
  1

  0
LINE
  5
1CE
330
1CB
100
AcDbEntity
  8
Annotations
  6
Continuous
 62
     0
370
    15
100
AcDbLine
 10
259.2038504017617
 20
249.75
 30
0.0
 11
244.75
 21
249.75
 31
0.0
  0
LINE
  5
1CF
330
1CB
100
AcDbEntity
  8
Annotations
  6
Continuous
 62
     0
370
    15
100
AcDbLine
 10
257.375
 20
203.75
 30
0.0
 11
244.75
 21
203.75
 31
0.0
  0
LINE
  5
1D0
330
1CB
100
AcDbEntity
  8
Annotations
  6
Continuous
 62
     0
370
    15
100
AcDbLine
 10
246.0
 20
247.25
 30
0.0
 11
246.0
 21
206.25
 31
0.0
  0
SOLID
  5
1D1
330
1CB
100
AcDbEntity
  8
Annotations
 62
     0
100
AcDbTrace
 10
246.4166666666667
 20
247.25
 30
0.0
 11
245.5833333333333
 21
247.25
 31
0.0
 12
246.0
 22
249.75
 32
0.0
 13
246.0
 23
249.75
 33
0.0
  0
SOLID
  5
1D2
330
1CB
100
AcDbEntity
  8
Annotations
 62
     0
100
AcDbTrace
 10
245.5833333333333
 20
206.25
 30
0.0
 11
246.4166666666667
 21
206.25
 31
0.0
 12
246.0
 22
203.75
 32
0.0
 13
246.0
 23
203.75
 33
0.0
  0
MTEXT
  5
1D3
330
1CB
100
AcDbEntity
  8
Annotations
 62
     0
370
    15
100
AcDbMText
 10
243.62525
 20
226.75
 30
0.0
 40
3.3495
 41
0.0
 46
0.0
 71
     5
 72
     1
  1
\A1;46
  7
Shapr17
 11
0.0
 21
1.0
 31
0.0
 73
     1
 44
1.0
  0
POINT
  5
1D4
330
1CB
100
AcDbEntity
  8
Defpoints
 62
     0
100
AcDbPoint
 10
259.8288504017617
 20
249.75
 30
0.0
  0
POINT
  5
1D5
330
1CB
100
AcDbEntity
  8
Defpoints
 62
     0
100
AcDbPoint
 10
258.0
 20
203.75
 30
0.0
  0
POINT
  5
1D6
330
1CB
100
AcDbEntity
  8
Defpoints
 62
     0
100
AcDbPoint
 10
246.0
 20
203.75
 30
0.0
  0
ENDBLK
  5
1CD
330
1CB
100
AcDbEntity
  8
0
100
AcDbBlockEnd
  0
BLOCK
  5
1D9
330
1D8
100
AcDbEntity
  8
0
100
AcDbBlockBegin
  2
*D9
 70
     1
 10
0.0
 20
0.0
 30
0.0
  3
*D9
  1

  0
LINE
  5
1DB
330
1D8
100
AcDbEntity
  8
Annotations
  6
Continuous
 62
     0
370
    15
100
AcDbLine
 10
109.5
 20
209.125
 30
0.0
 11
109.5
 21
190.5
 31
0.0
  0
LINE
  5
1DC
330
1D8
100
AcDbEntity
  8
Annotations
  6
Continuous
 62
     0
370
    15
100
AcDbLine
 10
125.5
 20
209.125
 30
0.0
 11
125.5
 21
190.5
 31
0.0
  0
LINE
  5
1DD
330
1D8
100
AcDbEntity
  8
Annotations
  6
Continuous
 62
     0
370
    15
100
AcDbLine
 10
112.0
 20
191.75
 30
0.0
 11
123.0
 21
191.75
 31
0.0
  0
SOLID
  5
1DE
330
1D8
100
AcDbEntity
  8
Annotations
 62
     0
100
AcDbTrace
 10
112.0
 20
192.1666666666667
 30
0.0
 11
112.0
 21
191.3333333333333
 31
0.0
 12
109.5
 22
191.75
 32
0.0
 13
109.5
 23
191.75
 33
0.0
  0
SOLID
  5
1DF
330
1D8
100
AcDbEntity
  8
Annotations
 62
     0
100
AcDbTrace
 10
123.0
 20
191.3333333333333
 30
0.0
 11
123.0
 21
192.1666666666667
 31
0.0
 12
125.5
 22
191.75
 32
0.0
 13
125.5
 23
191.75
 33
0.0
  0
MTEXT
  5
1E0
330
1D8
100
AcDbEntity
  8
Annotations
 62
     0
370
    15
100
AcDbMText
 10
117.5
 20
194.12475
 30
0.0
 40
3.3495
 41
0.0
 46
0.0
 71
     5
 72
     1
  1
\A1;16
  7
Shapr15
 73
     1
 44
1.0
  0
POINT
  5
1E1
330
1D8
100
AcDbEntity
  8
Defpoints
 62
     0
100
AcDbPoint
 10
109.5
 20
209.75
 30
0.0
  0
POINT
  5
1E2
330
1D8
100
AcDbEntity
  8
Defpoints
 62
     0
100
AcDbPoint
 10
125.5
 20
209.75
 30
0.0
  0
POINT
  5
1E3
330
1D8
100
AcDbEntity
  8
Defpoints
 62
     0
100
AcDbPoint
 10
125.5
 20
191.75
 30
0.0
  0
ENDBLK
  5
1DA
330
1D8
100
AcDbEntity
  8
0
100
AcDbBlockEnd
  0
BLOCK
  5
1E6
330
1E5
100
AcDbEntity
  8
0
100
AcDbBlockBegin
  2
*D10
 70
     1
 10
0.0
 20
0.0
 30
0.0
  3
*D10
  1

  0
LINE
  5
1E8
330
1E5
100
AcDbEntity
  8
Annotations
  6
Continuous
 62
     0
370
    15
100
AcDbLine
 10
103.5
 20
250.375
 30
0.0
 11
103.5
 21
263.0
 31
0.0
  0
LINE
  5
1E9
330
1E5
100
AcDbEntity
  8
Annotations
  6
Continuous
 62
     0
370
    15
100
AcDbLine
 10
131.5
 20
250.375
 30
0.0
 11
131.5
 21
263.0
 31
0.0
  0
LINE
  5
1EA
330
1E5
100
AcDbEntity
  8
Annotations
  6
Continuous
 62
     0
370
    15
100
AcDbLine
 10
106.0
 20
261.75
 30
0.0
 11
129.0
 21
261.75
 31
0.0
  0
SOLID
  5
1EB
330
1E5
100
AcDbEntity
  8
Annotations
 62
     0
100
AcDbTrace
 10
106.0
 20
262.1666666666667
 30
0.0
 11
106.0
 21
261.3333333333333
 31
0.0
 12
103.5
 22
261.75
 32
0.0
 13
103.5
 23
261.75
 33
0.0
  0
SOLID
  5
1EC
330
1E5
100
AcDbEntity
  8
Annotations
 62
     0
100
AcDbTrace
 10
129.0
 20
261.3333333333333
 30
0.0
 11
129.0
 21
262.1666666666667
 31
0.0
 12
131.5
 22
261.75
 32
0.0
 13
131.5
 23
261.75
 33
0.0
  0
MTEXT
  5
1ED
330
1E5
100
AcDbEntity
  8
Annotations
 62
     0
370
    15
100
AcDbMText
 10
117.5
 20
264.12475
 30
0.0
 40
3.3495
 41
0.0
 46
0.0
 71
     5
 72
     1
  1
\A1;28
  7
Shapr15
 73
     1
 44
1.0
  0
POINT
  5
1EE
330
1E5
100
AcDbEntity
  8
Defpoints
 62
     0
100
AcDbPoint
 10
103.5
 20
249.75
 30
0.0
  0
POINT
  5
1EF
330
1E5
100
AcDbEntity
  8
Defpoints
 62
     0
100
AcDbPoint
 10
131.5
 20
249.75
 30
0.0
  0
POINT
  5
1F0
330
1E5
100
AcDbEntity
  8
Defpoints
 62
     0
100
AcDbPoint
 10
131.5
 20
261.75
 30
0.0
  0
ENDBLK
  5
1E7
330
1E5
100
AcDbEntity
  8
0
100
AcDbBlockEnd
  0
BLOCK
  5
1F3
330
1F2
100
AcDbEntity
  8
0
100
AcDbBlockBegin
  2
*D11
 70
     1
 10
0.0
 20
0.0
 30
0.0
  3
*D11
  1

  0
LINE
  5
1F5
330
1F2
100
AcDbEntity
  8
Annotations
  6
Continuous
 62
     0
370
    15
100
AcDbLine
 10
131.5
 20
250.375
 30
0.0
 11
131.5
 21
263.0
 31
0.0
  0
LINE
  5
1F6
330
1F2
100
AcDbEntity
  8
Annotations
  6
Continuous
 62
     0
370
    15
100
AcDbLine
 10
170.1711495982383
 20
250.375
 30
0.0
 11
170.1711495982383
 21
263.0
 31
0.0
  0
LINE
  5
1F7
330
1F2
100
AcDbEntity
  8
Annotations
  6
Continuous
 62
     0
370
    15
100
AcDbLine
 10
134.0
 20
261.75
 30
0.0
 11
167.6711495982383
 21
261.75
 31
0.0
  0
SOLID
  5
1F8
330
1F2
100
AcDbEntity
  8
Annotations
 62
     0
100
AcDbTrace
 10
134.0
 20
262.1666666666667
 30
0.0
 11
134.0
 21
261.3333333333333
 31
0.0
 12
131.5
 22
261.75
 32
0.0
 13
131.5
 23
261.75
 33
0.0
  0
SOLID
  5
1F9
330
1F2
100
AcDbEntity
  8
Annotations
 62
     0
100
AcDbTrace
 10
167.6711495982383
 20
261.3333333333333
 30
0.0
 11
167.6711495982383
 21
262.1666666666667
 31
0.0
 12
170.1711495982383
 22
261.75
 32
0.0
 13
170.1711495982383
 23
261.75
 33
0.0
  0
MTEXT
  5
1FA
330
1F2
100
AcDbEntity
  8
Annotations
 62
     0
370
    15
100
AcDbMText
 10
150.8355747991191
 20
264.44375
 30
0.0
 40
3.3495
 41
0.0
 46
0.0
 71
     5
 72
     1
  1
\A1;38,67
  7
Shapr15
 73
     1
 44
1.0
  0
POINT
  5
1FB
330
1F2
100
AcDbEntity
  8
Defpoints
 62
     0
100
AcDbPoint
 10
131.5
 20
249.75
 30
0.0
  0
POINT
  5
1FC
330
1F2
100
AcDbEntity
  8
Defpoints
 62
     0
100
AcDbPoint
 10
170.1711495982383
 20
249.75
 30
0.0
  0
POINT
  5
1FD
330
1F2
100
AcDbEntity
  8
Defpoints
 62
     0
100
AcDbPoint
 10
170.1711495982383
 20
261.75
 30
0.0
  0
ENDBLK
  5
1F4
330
1F2
100
AcDbEntity
  8
0
100
AcDbBlockEnd
  0
BLOCK
  5
200
330
1FF
100
AcDbEntity
  8
0
100
AcDbBlockBegin
  2
*D12
 70
     1
 10
0.0
 20
0.0
 30
0.0
  3
*D12
  1

  0
LINE
  5
202
330
1FF
100
AcDbEntity
  8
Annotations
  6
Continuous
 62
     0
370
    15
100
AcDbLine
 10
258.9252858150415
 20
246.375
 30
0.0
 11
258.9252858150415
 21
263.0
 31
0.0
  0
LINE
  5
203
330
1FF
100
AcDbEntity
  8
Annotations
  6
Continuous
 62
     0
370
    15
100
AcDbLine
 10
302.5
 20
245.375
 30
0.0
 11
302.5
 21
263.0
 31
0.0
  0
LINE
  5
204
330
1FF
100
AcDbEntity
  8
Annotations
  6
Continuous
 62
     0
370
    15
100
AcDbLine
 10
261.4252858150415
 20
261.75
 30
0.0
 11
300.0
 21
261.75
 31
0.0
  0
SOLID
  5
205
330
1FF
100
AcDbEntity
  8
Annotations
 62
     0
100
AcDbTrace
 10
261.4252858150415
 20
262.1666666666667
 30
0.0
 11
261.4252858150415
 21
261.3333333333333
 31
0.0
 12
258.9252858150415
 22
261.75
 32
0.0
 13
258.9252858150415
 23
261.75
 33
0.0
  0
SOLID
  5
206
330
1FF
100
AcDbEntity
  8
Annotations
 62
     0
100
AcDbTrace
 10
300.0
 20
261.3333333333333
 30
0.0
 11
300.0
 21
262.1666666666667
 31
0.0
 12
302.5
 22
261.75
 32
0.0
 13
302.5
 23
261.75
 33
0.0
  0
MTEXT
  5
207
330
1FF
100
AcDbEntity
  8
Annotations
 62
     0
370
    15
100
AcDbMText
 10
280.7126429075207
 20
264.44375
 30
0.0
 40
3.3495
 41
0.0
 46
0.0
 71
     5
 72
     1
  1
\A1;43,57
  7
Shapr17
 73
     1
 44
1.0
  0
POINT
  5
208
330
1FF
100
AcDbEntity
  8
Defpoints
 62
     0
100
AcDbPoint
 10
258.9252858150415
 20
245.75
 30
0.0
  0
POINT
  5
209
330
1FF
100
AcDbEntity
  8
Defpoints
 62
     0
100
AcDbPoint
 10
302.5
 20
244.75
 30
0.0
  0
POINT
  5
20A
330
1FF
100
AcDbEntity
  8
Defpoints
 62
     0
100
AcDbPoint
 10
302.5
 20
261.75
 30
0.0
  0
ENDBLK
  5
201
330
1FF
100
AcDbEntity
  8
0
100
AcDbBlockEnd
  0
BLOCK
  5
20D
330
20C
100
AcDbEntity
  8
0
100
AcDbBlockBegin
  2
*D13
 70
     1
 10
0.0
 20
0.0
 30
0.0
  3
*D13
  1

  0
LINE
  5
20F
330
20C
100
AcDbEntity
  8
Annotations
  6
Continuous
 62
     0
370
    15
100
AcDbLine
 10
322.5
 20
246.375
 30
0.0
 11
322.5
 21
273.6546592712402
 31
0.0
  0
LINE
  5
210
330
20C
100
AcDbEntity
  8
Annotations
  6
Continuous
 62
     0
370
    15
100
AcDbLine
 10
366.0747141849586
 20
246.375
 30
0.0
 11
366.0747141849586
 21
273.6546592712402
 31
0.0
  0
LINE
  5
211
330
20C
100
AcDbEntity
  8
Annotations
  6
Continuous
 62
     0
370
    15
100
AcDbLine
 10
325.0
 20
272.4046592712402
 30
0.0
 11
363.5747141849586
 21
272.4046592712402
 31
0.0
  0
SOLID
  5
212
330
20C
100
AcDbEntity
  8
Annotations
 62
     0
100
AcDbTrace
 10
325.0
 20
272.8213259379069
 30
0.0
 11
325.0
 21
271.9879926045735
 31
0.0
 12
322.5
 22
272.4046592712402
 32
0.0
 13
322.5
 23
272.4046592712402
 33
0.0
  0
SOLID
  5
213
330
20C
100
AcDbEntity
  8
Annotations
 62
     0
100
AcDbTrace
 10
363.5747141849586
 20
271.9879926045735
 30
0.0
 11
363.5747141849586
 21
272.8213259379069
 31
0.0
 12
366.0747141849586
 22
272.4046592712402
 32
0.0
 13
366.0747141849586
 23
272.4046592712402
 33
0.0
  0
MTEXT
  5
214
330
20C
100
AcDbEntity
  8
Annotations
 62
     0
370
    15
100
AcDbMText
 10
344.2873570924793
 20
275.0984092712402
 30
0.0
 40
3.3495
 41
0.0
 46
0.0
 71
     5
 72
     1
  1
\A1;43,57
  7
Shapr17
 73
     1
 44
1.0
  0
POINT
  5
215
330
20C
100
AcDbEntity
  8
Defpoints
 62
     0
100
AcDbPoint
 10
322.5
 20
245.75
 30
0.0
  0
POINT
  5
216
330
20C
100
AcDbEntity
  8
Defpoints
 62
     0
100
AcDbPoint
 10
366.0747141849586
 20
245.75
 30
0.0
  0
POINT
  5
217
330
20C
100
AcDbEntity
  8
Defpoints
 62
     0
100
AcDbPoint
 10
366.0747141849586
 20
272.4046592712402
 30
0.0
  0
ENDBLK
  5
20E
330
20C
100
AcDbEntity
  8
0
100
AcDbBlockEnd
  0
BLOCK
  5
21A
330
219
100
AcDbEntity
  8
0
100
AcDbBlockBegin
  2
*D14
 70
     1
 10
0.0
 20
0.0
 30
0.0
  3
*D14
  1

  0
LINE
  5
21C
330
219
100
AcDbEntity
  8
Annotations
  6
Continuous
 62
     0
370
    15
100
AcDbLine
 10
326.5
 20
250.375
 30
0.0
 11
326.5
 21
263.0
 31
0.0
  0
LINE
  5
21D
330
219
100
AcDbEntity
  8
Annotations
  6
Continuous
 62
     0
370
    15
100
AcDbLine
 10
365.1711495982383
 20
250.375
 30
0.0
 11
365.1711495982383
 21
263.0
 31
0.0
  0
LINE
  5
21E
330
219
100
AcDbEntity
  8
Annotations
  6
Continuous
 62
     0
370
    15
100
AcDbLine
 10
329.0
 20
261.75
 30
0.0
 11
362.6711495982383
 21
261.75
 31
0.0
  0
SOLID
  5
21F
330
219
100
AcDbEntity
  8
Annotations
 62
     0
100
AcDbTrace
 10
329.0
 20
262.1666666666667
 30
0.0
 11
329.0
 21
261.3333333333333
 31
0.0
 12
326.5
 22
261.75
 32
0.0
 13
326.5
 23
261.75
 33
0.0
  0
SOLID
  5
220
330
219
100
AcDbEntity
  8
Annotations
 62
     0
100
AcDbTrace
 10
362.6711495982383
 20
261.3333333333333
 30
0.0
 11
362.6711495982383
 21
262.1666666666667
 31
0.0
 12
365.1711495982383
 22
261.75
 32
0.0
 13
365.1711495982383
 23
261.75
 33
0.0
  0
MTEXT
  5
221
330
219
100
AcDbEntity
  8
Annotations
 62
     0
370
    15
100
AcDbMText
 10
345.8355747991192
 20
264.44375
 30
0.0
 40
3.3495
 41
0.0
 46
0.0
 71
     5
 72
     1
  1
\A1;38,67
  7
Shapr17
 73
     1
 44
1.0
  0
POINT
  5
222
330
219
100
AcDbEntity
  8
Defpoints
 62
     0
100
AcDbPoint
 10
326.5
 20
249.75
 30
0.0
  0
POINT
  5
223
330
219
100
AcDbEntity
  8
Defpoints
 62
     0
100
AcDbPoint
 10
365.1711495982383
 20
249.75
 30
0.0
  0
POINT
  5
224
330
219
100
AcDbEntity
  8
Defpoints
 62
     0
100
AcDbPoint
 10
365.1711495982383
 20
261.75
 30
0.0
  0
ENDBLK
  5
21B
330
219
100
AcDbEntity
  8
0
100
AcDbBlockEnd
  0
BLOCK
  5
227
330
226
100
AcDbEntity
  8
0
100
AcDbBlockBegin
  2
*D15
 70
     1
 10
0.0
 20
0.0
 30
0.0
  3
*D15
  1

  0
LINE
  5
229
330
226
100
AcDbEntity
  8
Annotations
  6
Continuous
 62
     0
370
    15
100
AcDbLine
 10
321.9038058062233
 20
250.3461941937767
 30
0.0
 11
303.0799417604591
 21
269.1700582395412
 31
0.0
  0
MTEXT
  5
22A
330
226
100
AcDbEntity
  8
Annotations
 62
     0
370
    15
100
AcDbMText
 10
307.2278301388993
 20
268.3805735183464
 30
0.0
 40
3.3495
 41
0.0
 46
0.0
 71
     5
 72
     1
  1
\A1;R4
  7
Shapr17
 11
0.707106781186544
 21
-0.7071067811865511
 31
0.0
 73
     1
 44
1.0
  0
SOLID
  5
22B
330
226
100
AcDbEntity
  8
Annotations
 62
     0
100
AcDbTrace
 10
321.6091779807289
 20
250.0515663682824
 30
0.0
 11
322.1984336317176
 21
250.6408220192711
 31
0.0
 12
323.6715727591896
 22
248.5784272408104
 32
0.0
 13
323.6715727591896
 23
248.5784272408104
 33
0.0
  0
POINT
  5
22C
330
226
100
AcDbEntity
  8
Defpoints
 62
     0
100
AcDbPoint
 10
323.6715727591896
 20
248.5784272408104
 30
0.0
  0
POINT
  5
22D
330
226
100
AcDbEntity
  8
Defpoints
 62
     0
100
AcDbPoint
 10
326.4999996037322
 20
245.7500003962678
 30
0.0
  0
ENDBLK
  5
228
330
226
100
AcDbEntity
  8
0
100
AcDbBlockEnd
  0
BLOCK
  5
230
330
22F
100
AcDbEntity
  8
0
100
AcDbBlockBegin
  2
*D16
 70
     1
 10
0.0
 20
0.0
 30
0.0
  3
*D16
  1

  0
LINE
  5
232
330
22F
100
AcDbEntity
  8
Annotations
  6
Continuous
 62
     0
370
    15
100
AcDbLine
 10
302.8033009486244
 20
250.0533009486244
 30
0.0
 11
321.511981813181
 21
268.761981813181
 31
0.0
  0
MTEXT
  5
233
330
22F
100
AcDbEntity
  8
Annotations
 62
     0
370
    15
100
AcDbMText
 10
317.4204852005403
 20
268.0288888577858
 30
0.0
 40
3.3495
 41
0.0
 46
0.0
 71
     5
 72
     1
  1
\A1;R5
  7
Shapr17
 11
0.7071067811865476
 21
0.7071067811865476
 31
0.0
 73
     1
 44
1.0
  0
SOLID
  5
234
330
22F
100
AcDbEntity
  8
Annotations
 62
     0
100
AcDbTrace
 10
302.5086731231301
 20
250.3479287741188
 30
0.0
 11
303.0979287741188
 21
249.75867312313
 31
0.0
 12
301.0355339956581
 22
248.285533995658
 32
0.0
 13
301.0355339956581
 23
248.285533995658
 33
0.0
  0
POINT
  5
235
330
22F
100
AcDbEntity
  8
Defpoints
 62
     0
100
AcDbPoint
 10
301.0355339956581
 20
248.285533995658
 30
0.0
  0
POINT
  5
236
330
22F
100
AcDbEntity
  8
Defpoints
 62
     0
100
AcDbPoint
 10
297.5000003063413
 20
244.7500003063413
 30
0.0
  0
ENDBLK
  5
231
330
22F
100
AcDbEntity
  8
0
100
AcDbBlockEnd
  0
BLOCK
  5
239
330
238
100
AcDbEntity
  8
0
100
AcDbBlockBegin
  2
*D17
 70
     1
 10
0.0
 20
0.0
 30
0.0
  3
*D17
  1

  0
LINE
  5
23B
330
238
100
AcDbEntity
  8
Annotations
  6
Continuous
 62
     0
370
    15
100
AcDbLine
 10
301.3180196159499
 20
208.5680196159499
 30
0.0
 11
282.624456543927
 21
189.8744565439266
 31
0.0
  0
MTEXT
  5
23C
330
238
100
AcDbEntity
  8
Annotations
 62
     0
370
    15
100
AcDbMText
 10
283.3575494993221
 20
193.9659531565673
 30
0.0
 40
3.3495
 41
0.0
 46
0.0
 71
     5
 72
     1
  1
\A1;R2
  7
Shapr17
 11
0.7071067811865405
 21
0.7071067811865547
 31
0.0
 73
     1
 44
1.0
  0
SOLID
  5
23D
330
238
100
AcDbEntity
  8
Annotations
 62
     0
100
AcDbTrace
 10
301.6126474414443
 20
208.2733917904555
 30
0.0
 11
301.0233917904555
 21
208.8626474414443
 31
0.0
 12
303.0857865689163
 22
210.3357865689163
 32
0.0
 13
303.0857865689163
 23
210.3357865689163
 33
0.0
  0
POINT
  5
23E
330
238
100
AcDbEntity
  8
Defpoints
 62
     0
100
AcDbPoint
 10
303.0857865689163
 20
210.3357865689163
 30
0.0
  0
POINT
  5
23F
330
238
100
AcDbEntity
  8
Defpoints
 62
     0
100
AcDbPoint
 10
304.50000044825
 20
211.7500004482501
 30
0.0
  0
ENDBLK
  5
23A
330
238
100
AcDbEntity
  8
0
100
AcDbBlockEnd
  0
BLOCK
  5
242
330
241
100
AcDbEntity
  8
0
100
AcDbBlockBegin
  2
*D18
 70
     1
 10
0.0
 20
0.0
 30
0.0
  3
*D18
  1

  0
LINE
  5
244
330
241
100
AcDbEntity
  8
Annotations
  6
Continuous
 62
     0
370
    15
100
AcDbLine
 10
323.6492780817937
 20
208.5356498628643
 30
0.0
 11
342.150720587008
 21
189.6519207321639
 31
0.0
  0
MTEXT
  5
245
330
241
100
AcDbEntity
  8
Annotations
 62
     0
370
    15
100
AcDbMText
 10
341.4595018656298
 20
193.7506993907055
 30
0.0
 40
3.3495
 41
0.0
 46
0.0
 71
     5
 72
     1
  1
\A1;R2
  7
Shapr17
 11
0.6998395868548674
 21
-0.7143000438686874
 31
0.0
 73
     1
 44
1.0
  0
SOLID
  5
246
330
241
100
AcDbEntity
  8
Annotations
 62
     0
100
AcDbTrace
 10
323.9469031000723
 20
208.8272496907205
 30
0.0
 11
323.3516530635151
 21
208.2440500350081
 31
0.0
 12
321.8996791146566
 22
210.321399972536
 32
0.0
 13
321.8996791146566
 23
210.321399972536
 33
0.0
  0
POINT
  5
247
330
241
100
AcDbEntity
  8
Defpoints
 62
     0
100
AcDbPoint
 10
321.8996791146566
 20
210.321399972536
 30
0.0
  0
POINT
  5
248
330
241
100
AcDbEntity
  8
Defpoints
 62
     0
100
AcDbPoint
 10
320.4999997933036
 20
211.7500002109673
 30
0.0
  0
ENDBLK
  5
243
330
241
100
AcDbEntity
  8
0
100
AcDbBlockEnd
  0
BLOCK
  5
299
330
281
100
AcDbEntity
  8
0
100
AcDbBlockBegin
  2
*U19
 70
     1
 10
0.0
 20
0.0
 30
0.0
  3
*U19
  1

  0
LINE
  5
282
330
281
100
AcDbEntity
  8
Border
  6
Continuous
370
    15
100
AcDbLine
 10
410.0
 20
10.0
 30
0.0
 11
338.0
 21
10.0
 31
0.0
  0
LINE
  5
283
330
281
100
AcDbEntity
  8
Border
  6
Continuous
370
    15
100
AcDbLine
 10
410.0
 20
22.0
 30
0.0
 11
338.0
 21
22.0
 31
0.0
  0
LINE
  5
284
330
281
100
AcDbEntity
  8
Border
  6
Continuous
370
    15
100
AcDbLine
 10
410.0
 20
34.0
 30
0.0
 11
338.0
 21
34.0
 31
0.0
  0
LINE
  5
285
330
281
100
AcDbEntity
  8
Border
  6
Continuous
370
    15
100
AcDbLine
 10
410.0
 20
46.0
 30
0.0
 11
338.0
 21
46.0
 31
0.0
  0
LINE
  5
286
330
281
100
AcDbEntity
  8
Border
  6
Continuous
370
    15
100
AcDbLine
 10
410.0
 20
10.0
 30
0.0
 11
410.0
 21
46.0
 31
0.0
  0
LINE
  5
287
330
281
100
AcDbEntity
  8
Border
  6
Continuous
370
    15
100
AcDbLine
 10
390.0
 20
10.0
 30
0.0
 11
390.0
 21
34.0
 31
0.0
  0
LINE
  5
288
330
281
100
AcDbEntity
  8
Border
  6
Continuous
370
    15
100
AcDbLine
 10
358.0
 20
10.0
 30
0.0
 11
358.0
 21
34.0
 31
0.0
  0
LINE
  5
289
330
281
100
AcDbEntity
  8
Border
  6
Continuous
370
    15
100
AcDbLine
 10
338.0
 20
10.0
 30
0.0
 11
338.0
 21
46.0
 31
0.0
  0
CIRCLE
  5
28A
330
281
100
AcDbEntity
  8
Border
  6
Continuous
370
    40
100
AcDbCircle
 10
369.5333333333333
 20
26.23333333333333
 30
0.0
 40
1.083333333333333
  0
CIRCLE
  5
28B
330
281
100
AcDbEntity
  8
Border
  6
Continuous
370
    40
100
AcDbCircle
 10
369.5333333333333
 20
26.23333333333333
 30
0.0
 40
2.166666666666667
  0
LINE
  5
28C
330
281
100
AcDbEntity
  8
Border
  6
Continuous
370
    15
100
AcDbLine
 10
369.3166666666667
 20
26.23333333333333
 30
0.0
 11
369.7499999999999
 21
26.23333333333333
 31
0.0
  0
LINE
  5
28D
330
281
100
AcDbEntity
  8
Border
  6
Continuous
370
    15
100
AcDbLine
 10
368.8833333333333
 20
26.23333333333333
 30
0.0
 11
366.9333333333333
 21
26.23333333333333
 31
0.0
  0
LINE
  5
28E
330
281
100
AcDbEntity
  8
Border
  6
Continuous
370
    15
100
AcDbLine
 10
370.1833333333333
 20
26.23333333333333
 30
0.0
 11
372.1333333333333
 21
26.23333333333333
 31
0.0
  0
LINE
  5
28F
330
281
100
AcDbEntity
  8
Border
  6
Continuous
370
    15
100
AcDbLine
 10
369.5333333333333
 20
26.01666666666667
 30
0.0
 11
369.5333333333333
 21
26.45
 31
0.0
  0
LINE
  5
290
330
281
100
AcDbEntity
  8
Border
  6
Continuous
370
    15
100
AcDbLine
 10
369.5333333333333
 20
25.58333333333333
 30
0.0
 11
369.5333333333333
 21
23.63333333333333
 31
0.0
  0
LINE
  5
291
330
281
100
AcDbEntity
  8
Border
  6
Continuous
370
    15
100
AcDbLine
 10
369.5333333333333
 20
26.88333333333333
 30
0.0
 11
369.5333333333333
 21
28.83333333333333
 31
0.0
  0
LINE
  5
292
330
281
100
AcDbEntity
  8
Border
  6
Continuous
370
    40
100
AcDbLine
 10
360.4333333333333
 20
27.31666666666666
 30
0.0
 11
360.4333333333333
 21
25.15
 31
0.0
  0
LINE
  5
293
330
281
100
AcDbEntity
  8
Border
  6
Continuous
370
    40
100
AcDbLine
 10
360.4333333333333
 20
27.31666666666666
 30
0.0
 11
365.6333333333333
 21
28.4
 31
0.0
  0
LINE
  5
294
330
281
100
AcDbEntity
  8
Border
  6
Continuous
370
    40
100
AcDbLine
 10
360.4333333333333
 20
25.15
 30
0.0
 11
365.6333333333333
 21
24.06666666666666
 31
0.0
  0
LINE
  5
295
330
281
100
AcDbEntity
  8
Border
  6
Continuous
370
    40
100
AcDbLine
 10
365.6333333333333
 20
28.4
 30
0.0
 11
365.6333333333333
 21
24.06666666666666
 31
0.0
  0
LINE
  5
296
330
281
100
AcDbEntity
  8
Border
  6
Continuous
370
    15
100
AcDbLine
 10
360.0
 20
26.23333333333333
 30
0.0
 11
362.3833333333333
 21
26.23333333333333
 31
0.0
  0
LINE
  5
297
330
281
100
AcDbEntity
  8
Border
  6
Continuous
370
    15
100
AcDbLine
 10
362.8166666666667
 20
26.23333333333333
 30
0.0
 11
363.25
 21
26.23333333333333
 31
0.0
  0
LINE
  5
298
330
281
100
AcDbEntity
  8
Border
  6
Continuous
370
    15
100
AcDbLine
 10
366.0666666666667
 20
26.23333333333333
 30
0.0
 11
363.6833333333333
 21
26.23333333333333
 31
0.0
  0
ENDBLK
  5
29A
330
281
100
AcDbEntity
  8
0
100
AcDbBlockEnd
  0
ENDSEC
  0
SECTION
  2
ENTITIES
  0
LWPOLYLINE
  5
9B
330
1F
100
AcDbEntity
  8
Geometries
  6
Continuous
370
    40
100
AcDbPolyline
 90
       93
 70
   128
 43
0.0
 10
171.4096466321195
 20
209.75
 10
171.4046636766811
 20
209.750280997486
 10
171.3996602347146
 20
209.7511235179446
 10
171.3946384170297
 20
209.7525268533769
 10
171.389600334436
 20
209.7544902957839
 10
171.384548097743
 20
209.7570131371665
 10
171.3794821121063
 20
209.760095439067
 10
171.3744028368326
 20
209.7637365454063
 10
171.3693124905854
 20
209.7679346570037
 10
171.3642132920277
 20
209.7726879746784
 10
171.3591074598228
 20
209.7779946992497
 10
171.3539954858545
 20
209.7838547561326
 10
171.3488779144104
 20
209.7902673669846
 10
171.3437570564666
 20
209.7972296620085
 10
171.3386352229993
 20
209.8047387714069
 10
171.3335147249844
 20
209.8127918253825
 10
171.3280268079987
 20
209.8220301463066
 10
171.3225418540717
 20
209.8318924979305
 10
171.3170628061828
 20
209.8423740022025
 10
171.3115926073111
 20
209.8534697810708
 10
171.3061342004358
 20
209.8651749564839
 10
171.3010545549469
 20
209.8766411091374
 10
171.2959865700222
 20
209.8886359454205
 10
171.2909326884434
 20
209.9011544400576
 10
171.2858953529921
 20
209.9141915677727
 10
171.2808770064498
 20
209.9277423032899
 10
171.2758783690664
 20
209.9418062260901
 10
171.2709002041022
 20
209.9563821769517
 10
171.2659449842325
 20
209.9714641179888
 10
171.2610151821329
 20
209.9870460113152
 10
171.2561132704787
 20
210.0031218190448
 10
171.25124002623
 20
210.0196910191553
 10
171.2463962626623
 20
210.036752314291
 10
171.2415844569711
 20
210.0542986703862
 10
171.2368070863519
 20
210.0723230533748
 10
171.2320666280003
 20
210.090818429191
 10
171.2270245279028
 20
210.1111771724062
 10
171.222026880809
 20
210.132075230007
 10
171.2170767118348
 20
210.1535026728919
 10
171.212177046096
 20
210.1754495719596
 10
171.2073309087084
 20
210.1979059981087
 10
171.2028744138377
 20
210.2192398887675
 10
171.1984659572737
 20
210.24101171476
 10
171.1941079126885
 20
210.2632125136136
 10
171.1898026537547
 20
210.2858333228555
 10
171.1855525541445
 20
210.308865180013
 10
171.1813584799474
 20
210.3323072202352
 10
171.1772212908722
 20
210.3561576734184
 10
171.1731432721098
 20
210.3804066534931
 10
171.1691267088511
 20
210.4050442743899
 10
171.1651738862871
 20
210.4300606500394
 10
171.1612856710916
 20
210.4554547762292
 10
171.1574629012195
 20
210.4812247111439
 10
171.1537077386502
 20
210.5073596774844
 10
171.1500223453626
 20
210.5338488979515
 10
171.1464088833358
 20
210.5606815952463
 10
171.1426097057657
 20
210.5898765331113
 10
171.1388954445946
 20
210.6194636557317
 10
171.1352685714273
 20
210.6494285310598
 10
171.1317315578685
 20
210.6797567270476
 10
171.1282868755233
 20
210.7104338116473
 10
171.1252014047676
 20
210.7389518501027
 10
171.1221955553382
 20
210.7677612711562
 10
171.1192710533974
 20
210.7968500709241
 10
171.1164296251076
 20
210.8262062455226
 10
171.1136729966313
 20
210.8558177910679
 10
171.1110018924012
 20
210.8856832241141
 10
171.1084169247453
 20
210.9158002179945
 10
171.1059195977336
 20
210.9461560949924
 10
171.1035114154362
 20
210.9767381773909
 10
171.1011938819233
 20
211.0075337874731
 10
171.098967647647
 20
211.0385412543824
 10
171.0968332216459
 20
211.0697581444425
 10
171.0947918547482
 20
211.101171195019
 10
171.0928447977818
 20
211.132767143477
 10
171.0909933015746
 20
211.1645327271819
 10
171.0891113359887
 20
211.1988458635884
 10
171.0873408031414
 20
211.2333495733073
 10
171.0856828923427
 20
211.2680267983483
 10
171.0841387929029
 20
211.3028604807209
 10
171.0827096941321
 20
211.3378335624349
 10
171.0814475528949
 20
211.3715050393052
 10
171.0802920162978
 20
211.405297002315
 10
171.0792438188135
 20
211.4391940324491
 10
171.0783036949146
 20
211.4731807106926
 10
171.0774720615322
 20
211.5072519939696
 10
171.0767491473301
 20
211.5414025915256
 10
171.0761354002947
 20
211.5756168697923
 10
171.0756312684121
 20
211.6098791952014
 10
171.0752302849591
 20
211.6448676253363
 10
171.0749436696512
 20
211.6798950380501
 10
171.0747715828604
 20
211.7149447305392
 10
171.0747141849586
 20
211.75
  0
LWPOLYLINE
  5
9C
330
1F
100
AcDbEntity
  8
Geometries
  6
Continuous
370
    40
100
AcDbPolyline
 90
      117
 70
   128
 43
0.0
 10
171.0747141849586
 20
245.75
 10
171.0746451210651
 20
245.8044013766635
 10
171.0744379400017
 20
245.8587949433044
 10
171.0740926576934
 20
245.9131650837849
 10
171.0736082810022
 20
245.9675978440483
 10
171.0729852700816
 20
246.0219914268677
 10
171.0722236733083
 20
246.0763301675698
 10
171.0713250972043
 20
246.1305126612499
 10
171.0702883040078
 20
246.1846249375108
 10
171.0691133750128
 20
246.2386514773273
 10
171.067797831878
 20
246.2926775471271
 10
171.0663435148991
 20
246.3466020528034
 10
171.064750540735
 20
246.4004094922854
 10
171.0630218976763
 20
246.4539996820299
 10
171.0611548678306
 20
246.5074578519402
 10
171.0591496042167
 20
246.5607687090293
 10
171.0570021545815
 20
246.6140160920356
 10
171.0547157441871
 20
246.667100399938
 10
171.0522905667871
 20
246.7200064222848
 10
171.0495402187671
 20
246.7764406740141
 10
171.0466304819356
 20
246.8326526965422
 10
171.0435616491536
 20
246.8886240725977
 10
171.0403269621816
 20
246.9444555730063
 10
171.0369321599446
 20
247.000027180941
 10
171.0333775997639
 20
247.0553206702792
 10
171.0299259456445
 20
247.106519958621
 10
171.0263355874146
 20
247.1574633595949
 10
171.0226068665327
 20
247.2081364512153
 10
171.0187328497715
 20
247.2586181257996
 10
171.0147196520453
 20
247.3088143198023
 10
171.0105676731824
 20
247.3587108273773
 10
171.0062841815661
 20
247.4082160021288
 10
171.0018620423496
 20
247.457408647162
 10
170.9973017145488
 20
247.5062749476602
 10
170.9925948818554
 20
247.5548905069766
 10
170.9877490596255
 20
247.6031650535623
 10
170.9827647759309
 20
247.6510850503516
 10
170.9776506983685
 20
247.6985630862607
 10
170.9723983267549
 20
247.7456746616024
 10
170.9670082580916
 20
247.7924066826684
 10
170.9614708425283
 20
247.838830926326
 10
170.955794993888
 20
247.8848615871229
 10
170.9499813895465
 20
247.9304859073896
 10
170.943610267627
 20
247.9788307601891
 10
170.9370812742328
 20
248.0266961490277
 10
170.9303953432557
 20
248.074067003983
 10
170.9235389546339
 20
248.1210260675271
 10
170.9165248302694
 20
248.1674741869186
 10
170.909354025859
 20
248.2133968027594
 10
170.9024937580999
 20
248.2559367396921
 10
170.8954958909872
 20
248.2980036648189
 10
170.888361390903
 20
248.3395861072706
 10
170.8810778309307
 20
248.3807474780943
 10
170.8736571873629
 20
248.4214118382351
 10
170.8661005321155
 20
248.4615681674359
 10
170.8584209885345
 20
248.5011446259296
 10
170.8506060033444
 20
248.5402044750831
 10
170.8426567476575
 20
248.5787372752676
 10
170.8345596525736
 20
248.6168011553758
 10
170.8263280600876
 20
248.6543264745709
 10
170.8179632564586
 20
248.6913032848293
 10
170.8094797066728
 20
248.7276663417232
 10
170.8008637351138
 20
248.7634736050797
 10
170.7921167339342
 20
248.7987157323457
 10
170.7832240852916
 20
248.83344525143
 10
170.7742004496253
 20
248.8675992209083
 10
170.7650473420598
 20
248.9011688220186
 10
170.7551264817737
 20
248.9363804409435
 10
170.7450585970537
 20
248.9709158155867
 10
170.7348456848537
 20
249.0047649262177
 10
170.7244686046269
 20
249.0379846356029
 10
170.7139469066526
 20
249.0705066155649
 10
170.7032827576357
 20
249.1023215602221
 10
170.6930404325543
 20
249.1318300888129
 10
170.6826710600236
 20
249.1606959216689
 10
170.672176620238
 20
249.188911771668
 10
170.6615398119409
 20
249.2165198098123
 10
170.6507786874372
 20
249.2434694543785
 10
170.639895368302
 20
249.2697540150273
 10
170.6289089668344
 20
249.2953282683048
 10
170.6178021236329
 20
249.3202341048543
 10
170.6065770806968
 20
249.344465497061
 10
170.5952157688918
 20
249.3680580485833
 10
170.5837374018124
 20
249.3909690187536
 10
170.5721443639059
 20
249.4131929789799
 10
170.5604568616012
 20
249.4346926640505
 10
170.548656783202
 20
249.4555033515312
 10
170.5367466311913
 20
249.4756202595227
 10
170.5247076911966
 20
249.4950723753908
 10
170.5125602328986
 20
249.5138248239444
 10
170.5003069000354
 20
249.5318734147194
 10
170.4871146380268
 20
249.5503563494913
 10
170.4738042810681
 20
249.5680341264368
 10
170.4603792022272
 20
249.5849024123515
 10
170.446815856631
 20
249.600988166709
 10
170.4331401939437
 20
249.6162585583925
 10
170.4193557687592
 20
249.6307100036591
 10
170.4076861497088
 20
249.6422226445258
 10
170.3959408334928
 20
249.6531559280455
 10
170.3841220446348
 20
249.6635082624758
 10
170.3722320076585
 20
249.6732780560745
 10
170.3602729470876
 20
249.6824637170993
 10
170.3482450461125
 20
249.6910652928915
 10
170.3361484681205
 20
249.6990833113728
 10
170.3239855653994
 20
249.706516784904
 10
170.3117586902367
 20
249.713364725846
 10
170.2994701949201
 20
249.7196261465596
 10
170.2871203504529
 20
249.7253011824985
 10
170.2747094089611
 20
249.7303904033461
 10
170.26223984522
 20
249.7348933997502
 10
170.2497141340051
 20
249.7388097623584
 10
170.2371347500917
 20
249.7421390818183
 10
170.2240456435068
 20
249.7449694643019
 10
170.2108996904555
 20
249.7471705778851
 10
170.1976997755113
 20
249.7487425920446
 10
170.1844487832477
 20
249.7496856762573
 10
170.1711495982383
 20
249.75
  0
LWPOLYLINE
  5
9D
330
1F
100
AcDbEntity
  8
Geometries
  6
Continuous
370
    40
100
AcDbPolyline
 90
       81
 70
   128
 43
0.0
 10
63.92528581504144
 20
211.75
 10
63.92520758746311
 20
211.7090823020457
 10
63.92497310312693
 20
211.6681734756677
 10
63.92458265963108
 20
211.6273000747022
 10
63.92403655457383
 20
211.586488652985
 10
63.92333491668958
 20
211.5457481637796
 10
63.92247826533594
 20
211.5050872908787
 10
63.92146748630169
 20
211.4645323313461
 10
63.92030346537561
 20
211.4241095822456
 10
63.91898665524889
 20
211.3838279782183
 10
63.91751788059213
 20
211.3436959087014
 10
63.91589859480003
 20
211.3037391664335
 10
63.91413025126732
 20
211.263983544153
 10
63.91249434708583
 20
211.2300320710951
 10
63.91074976552716
 20
211.1962376208483
 10
63.90889777505868
 20
211.1626160139092
 10
63.90693964414783
 20
211.1291830707742
 10
63.90487664126204
 20
211.09595461194
 10
63.90234121674757
 20
211.0574980437106
 10
63.89966551549067
 20
211.0193304054266
 10
63.89685205077114
 20
210.9814757393359
 10
63.89390333586879
 20
210.9439580876865
 10
63.89082070244017
 20
210.9067856798108
 10
63.88760573802963
 20
210.8699655616153
 10
63.88426139185457
 20
210.8335206454404
 10
63.88079061313243
 20
210.7974738436262
 10
63.8771949564068
 20
210.7618329838148
 10
63.87347618423843
 20
210.7266045926508
 10
63.86963762450505
 20
210.6918103069427
 10
63.8656826050844
 20
210.6574717634991
 10
63.86220199560775
 20
210.6284136604708
 10
63.85863804907171
 20
210.5996972432984
 10
63.85499306664344
 20
210.5713352207755
 10
63.85126934949015
 20
210.5433403016957
 10
63.84746919877903
 20
210.5157251948525
 10
63.84289976996994
 20
210.4837120358951
 10
63.83822778015981
 20
210.4522335727009
 10
63.83345725263572
 20
210.4213089398879
 10
63.82859221068473
 20
210.3909572720738
 10
63.8236346948875
 20
210.3611850393712
 10
63.8185868165161
 20
210.3319972564633
 10
63.8134527987304
 20
210.3034114491703
 10
63.80823686469025
 20
210.2754451433124
 10
63.80294111523575
 20
210.2481042516497
 10
63.79756768333921
 20
210.2213932570311
 10
63.79212093246996
 20
210.1953280250356
 10
63.78660522609734
 20
210.1699244212419
 10
63.78182978598385
 20
210.1487050745176
 10
63.77700631979864
 20
210.127975578798
 10
63.77213762012273
 20
210.1077447868776
 10
63.76722647953725
 20
210.0880215515504
 10
63.76227569062328
 20
210.0688147256109
 10
63.75635484205306
 20
210.0467101196332
 10
63.75038175481644
 20
210.0253373262399
 10
63.74436111797976
 20
210.0047092160956
 10
63.73829762060927
 20
209.9848386598651
 10
63.73219341240677
 20
209.9657300693031
 10
63.72605058844627
 20
209.9473864755257
 10
63.71987381806822
 20
209.9298188775412
 10
63.71366777061302
 20
209.9130382743579
 10
63.70743451267726
 20
209.8970485048349
 10
63.70117603780207
 20
209.8818520624563
 10
63.69489694967542
 20
209.8674580438976
 10
63.68860185198528
 20
209.853875545834
 10
63.68319794170144
 20
209.8428881035664
 10
63.67778448200391
 20
209.832499075299
 10
63.67236429705564
 20
209.8227129198537
 10
63.66694021101971
 20
209.8135340960524
 10
63.66151504805908
 20
209.8049670627169
 10
63.65557588273779
 20
209.7962914757257
 10
63.64963770636162
 20
209.7883511464206
 10
63.64370410325612
 20
209.7811502901396
 10
63.63777865774684
 20
209.7746931222204
 10
63.63186274883122
 20
209.7689813573808
 10
63.62595767117058
 20
209.7640156817071
 10
63.62006687251606
 20
209.7597987572412
 10
63.61419380061889
 20
209.7563332460252
 10
63.60819842341434
 20
209.7535641619933
 10
63.60222420363165
 20
209.7515848324878
 10
63.59627467415797
 20
209.7503963982446
 10
63.59035336788045
 20
209.75
  0
ARC
  5
9E
330
1F
100
AcDbEntity
  8
Geometries
  6
Continuous
370
    40
100
AcDbCircle
 10
125.499999785624
 20
211.750000214376
 30
0.0
 40
2.000000214375976
100
AcDbArc
 50
270.0000061414182
 51
359.9999938585814
  0
ARC
  5
9F
330
1F
100
AcDbEntity
  8
Geometries
  6
Continuous
370
    40
100
AcDbCircle
 10
109.5000004482501
 20
211.7500004482501
 30
0.0
 40
2.00000044825011
100
AcDbArc
 50
180.0000128414155
 51
269.9999871585845
  0
LINE
  5
A0
330
1F
100
AcDbEntity
  8
Geometries
  6
Continuous
370
    40
100
AcDbLine
 10
172.0
 20
203.75
 30
0.0
 11
172.0
 21
209.75
 31
0.0
  0
LINE
  5
A1
330
1F
100
AcDbEntity
  8
Geometries
  6
Continuous
370
    40
100
AcDbLine
 10
63.0
 20
209.75
 30
0.0
 11
63.0
 21
203.75
 31
0.0
  0
LINE
  5
A2
330
1F
100
AcDbEntity
  8
Geometries
  6
Continuous
370
    40
100
AcDbLine
 10
63.0
 20
209.75
 30
0.0
 11
63.59035336788045
 21
209.75
 31
0.0
  0
LINE
  5
A3
330
1F
100
AcDbEntity
  8
Geometries
  6
Continuous
370
    40
100
AcDbLine
 10
107.5
 20
211.75
 30
0.0
 11
107.5
 21
245.75
 31
0.0
  0
LINE
  5
A4
330
1F
100
AcDbEntity
  8
Geometries
  6
Continuous
370
    40
100
AcDbLine
 10
171.4096466321195
 20
209.75
 30
0.0
 11
172.0
 21
209.75
 31
0.0
  0
LWPOLYLINE
  5
A5
330
1F
100
AcDbEntity
  8
Geometries
  6
Continuous
370
    40
100
AcDbPolyline
 90
      120
 70
   128
 43
0.0
 10
64.82885040176168
 20
249.75
 10
64.81403424102042
 20
249.749609856409
 10
64.79927932445787
 20
249.7484391744936
 10
64.78458967285918
 20
249.7464875775401
 10
64.76994302645744
 20
249.7437492679947
 10
64.75536574825486
 20
249.7402266167782
 10
64.74086175575869
 20
249.7359198274972
 10
64.72645676273385
 20
249.7308376276536
 10
64.71212847217302
 20
249.7249735801627
 10
64.69788065527922
 20
249.7183284861705
 10
64.683691329894
 20
249.7108891203366
 10
64.66958620287772
 20
249.7026663281243
 10
64.65556893288823
 20
249.6936615358369
 10
64.64166444596086
 20
249.6838920005349
 10
64.62785074448502
 20
249.6733439149801
 10
64.61413133388544
 20
249.6620193355059
 10
64.60048463019533
 20
249.6498974863908
 10
64.58693554997677
 20
249.6369979450363
 10
64.57348747728197
 20
249.6233234374011
 10
64.56278169668312
 20
249.6118031951505
 10
64.5521421129989
 20
249.5997858186143
 10
64.54157039300941
 20
249.5872730727832
 10
64.5310682034947
 20
249.5742667226479
 10
64.52061529209988
 20
249.5607397039589
 10
64.5102328559419
 20
249.5467177571204
 10
64.49992249066112
 20
249.5322030425248
 10
64.4896857918979
 20
249.5171977205643
 10
64.47706516492195
 20
249.4978634092668
 10
64.4645599078276
 20
249.4777737069122
 10
64.45217293122985
 20
249.4569334918667
 10
64.43988389387252
 20
249.435306111746
 10
64.4277156337873
 20
249.41292987651
 10
64.41567092583625
 20
249.3898104107194
 10
64.4037714909094
 20
249.3659923714791
 10
64.39199702922662
 20
249.3414387212071
 10
64.3803501493022
 20
249.3161557806285
 10
64.36881132305535
 20
249.2900992310123
 10
64.35740217453495
 20
249.2633165920286
 10
64.34612517274607
 20
249.2358149538495
 10
64.33500073960184
 20
249.2076480625906
 10
64.32400940707035
 20
249.1787712714587
 10
64.31315347826151
 20
249.1491923676311
 10
64.30241437922426
 20
249.1188594688043
 10
64.29181239322786
 20
249.087829273456
 10
64.28134968291445
 20
249.0561103493932
 10
64.27303142901823
 20
249.0300872317783
 10
64.26480370729199
 20
249.0036219339947
 10
64.25666756294126
 20
248.9767193184891
 10
64.24862404117158
 20
248.9493842477084
 10
64.24065639702096
 20
248.9215588254749
 10
64.23278166457884
 20
248.8933019981397
 10
64.22500081162562
 20
248.8646190688698
 10
64.21731480594167
 20
248.8355153408325
 10
64.20813350330663
 20
248.7997078357959
 10
64.19909144575203
 20
248.7632901720727
 10
64.1901902126788
 20
248.726272453194
 10
64.18141465129742
 20
248.6885921659205
 10
64.17278084090418
 20
248.6503195817267
 10
64.16429023925053
 20
248.6114654999386
 10
64.15595765921663
 20
248.5721052113673
 10
64.14776806480333
 20
248.5321760158988
 10
64.13972278077281
 20
248.4916892783031
 10
64.13180789617061
 20
248.4505763657195
 10
64.12403799279751
 20
248.4089151538137
 10
64.11641428131264
 20
248.3667176756845
 10
64.10895004651218
 20
248.3240664904855
 10
64.10163151740682
 20
248.2808928008004
 10
64.0944597827865
 20
248.2372091578428
 10
64.08742227444792
 20
248.1929412410731
 10
64.08053202426368
 20
248.1481740379874
 10
64.07379001658738
 20
248.1029207296775
 10
64.06846993874629
 20
248.0661399007328
 10
64.06324568460724
 20
248.0290504389247
 10
64.05811771139557
 20
247.9916595117457
 10
64.05308647633657
 20
247.9539742866882
 10
64.04814146438594
 20
247.915916589497
 10
64.04329314555721
 20
247.8775680542395
 10
64.03854192486531
 20
247.83893617893
 10
64.0338882073251
 20
247.8000284615829
 10
64.02839312189904
 20
247.752636147648
 10
64.0230399927689
 20
247.7048511289856
 10
64.01782944865047
 20
247.6566870956021
 10
64.01275260348348
 20
247.6080654202009
 10
64.00781852529789
 20
247.5590771668549
 10
64.0030277693482
 20
247.5097364988091
 10
63.9983881837868
 20
247.4601375132265
 10
63.99389107687416
 20
247.4102014775929
 10
63.98953693027101
 20
247.3599428504074
 10
63.98531829652914
 20
247.3092794287826
 10
63.98124276894516
 20
247.2583068465013
 10
63.97731076623479
 20
247.2070399789776
 10
63.97352865946555
 20
247.155577019096
 10
63.96988921484984
 20
247.103835672799
 10
63.96639278905545
 20
247.0518310441391
 10
63.96303342090416
 20
246.9994779711627
 10
63.95981722715343
 20
246.9468759164093
 10
63.95674451122389
 20
246.8940403401155
 10
63.95437781944624
 20
246.8513930305474
 10
63.95210362518689
 20
246.8086024220536
 10
63.94992205900041
 20
246.7656766821042
 10
63.94783325144143
 20
246.7226239781692
 10
63.94583307511557
 20
246.6793584570102
 10
63.94392574996292
 20
246.6359709361522
 10
63.94211138145631
 20
246.5924697492401
 10
63.94039007506856
 20
246.5488632299188
 10
63.93845464479556
 20
246.496608420816
 10
63.93665172252744
 20
246.4442094430187
 10
63.93498143838784
 20
246.3916807242706
 10
63.93344392250047
 20
246.3390366923151
 10
63.93203930498902
 20
246.2862917748957
 10
63.93076739823112
 20
246.2334482971022
 10
63.92962798028416
 20
246.1805087675666
 10
63.92862112694998
 20
246.1274877772535
 10
63.92774691403055
 20
246.0743999171275
 10
63.92700541732776
 20
246.0212597781533
 10
63.92638643088701
 20
245.9670750602014
 10
63.92590495104465
 20
245.9128412111548
 10
63.92556100419401
 20
245.8585737432687
 10
63.92535461672848
 20
245.8042881687987
 10
63.92528581504144
 20
245.75
  0
LINE
  5
A6
330
1F
100
AcDbEntity
  8
Geometries
  6
Continuous
370
    40
100
AcDbLine
 10
127.5
 20
211.75
 30
0.0
 11
127.5
 21
245.75
 31
0.0
  0
ARC
  5
A7
330
1F
100
AcDbEntity
  8
Geometries
  6
Continuous
370
    40
100
AcDbCircle
 10
131.4999996037322
 20
245.7500003962678
 30
0.0
 40
3.99999960373225
100
AcDbArc
 50
89.99999432388161
 51
180.0000056761184
  0
LINE
  5
A8
330
1F
100
AcDbEntity
  8
Geometries
  6
Continuous
370
    40
100
AcDbLine
 10
171.0747141849586
 20
211.75
 30
0.0
 11
171.0747141849586
 21
245.75
 31
0.0
  0
LINE
  5
A9
330
1F
100
AcDbEntity
  8
Geometries
  6
Continuous
370
    40
100
AcDbLine
 10
109.5
 20
209.75
 30
0.0
 11
125.5
 21
209.75
 31
0.0
  0
ARC
  5
AA
330
1F
100
AcDbEntity
  8
Geometries
  6
Continuous
370
    40
100
AcDbCircle
 10
103.5000002515514
 20
245.7500002515514
 30
0.0
 40
3.999999748448626
100
AcDbArc
 50
359.9999963967914
 51
90.0000036032084
  0
LINE
  5
AB
330
1F
100
AcDbEntity
  8
Geometries
  6
Continuous
370
    40
100
AcDbLine
 10
64.82885040176168
 20
249.75
 30
0.0
 11
103.5
 21
249.75
 31
0.0
  0
LINE
  5
AC
330
1F
100
AcDbEntity
  8
Geometries
  6
Continuous
370
    40
100
AcDbLine
 10
63.92528581504144
 20
211.75
 30
0.0
 11
63.92528581504144
 21
245.75
 31
0.0
  0
LINE
  5
AD
330
1F
100
AcDbEntity
  8
Geometries
  6
Continuous
370
    40
100
AcDbLine
 10
131.5
 20
249.75
 30
0.0
 11
170.1711495982383
 21
249.75
 31
0.0
  0
LINE
  5
AE
330
1F
100
AcDbEntity
  8
Geometries
  6
Continuous
370
    40
100
AcDbLine
 10
63.0
 20
203.75
 30
0.0
 11
172.0
 21
203.75
 31
0.0
  0
LWPOLYLINE
  5
AF
330
1F
100
AcDbEntity
  8
Geometries
  6
Continuous
370
    40
100
AcDbPolyline
 90
       42
 70
   128
 43
0.0
 10
355.6782352257423
 20
110.0901432926193
 10
355.6767371642226
 20
110.089283047043
 10
355.6597981098462
 20
110.0800728284494
 10
355.6425202894092
 20
110.0716325370983
 10
355.6249066956768
 20
110.0639634527677
 10
355.6069605782096
 20
110.0570654975647
 10
355.5886926418473
 20
110.0509416852494
 10
355.5701135914298
 20
110.0455950295816
 10
355.5539647526315
 20
110.0416361578656
 10
355.5375911864309
 20
110.0382466896677
 10
355.5210000371645
 20
110.0354273252375
 10
355.5041984491686
 20
110.0331787648248
 10
355.4871935667794
 20
110.0315017086792
 10
355.4667391685259
 20
110.0302524053413
 10
355.4460032760367
 20
110.0298074854151
 10
355.4249985194006
 20
110.0301661683085
 10
355.4037375287064
 20
110.0313276734293
 10
355.3822241195642
 20
110.0332915526408
 10
355.3604623532129
 20
110.0360561339828
 10
355.3384654643448
 20
110.0396187838714
 10
355.316246687652
 20
110.0439768687223
 10
355.2938100500089
 20
110.0491294271669
 10
355.2711598370389
 20
110.0550743152685
 10
355.2483098419684
 20
110.0618070892963
 10
355.2252738580239
 20
110.0693233055195
 10
355.205397506802
 20
110.0763833143928
 10
355.1853890902109
 20
110.0840160713127
 10
355.1652576093172
 20
110.0922176298762
 10
355.1450120651875
 20
110.1009840436804
 10
355.1246614588885
 20
110.1103113663224
 10
355.1021613919445
 20
110.1212158711782
 10
355.0795397840743
 20
110.1327953789225
 10
355.0568089914287
 20
110.1450431772403
 10
355.0339813701587
 20
110.1579525538169
 10
355.0110608290327
 20
110.1715214926003
 10
354.9880515156984
 20
110.1857470629122
 10
354.9649661024603
 20
110.2006212049026
 10
354.9418172616233
 20
110.2161358587216
 10
354.9180431070318
 20
110.2326900146396
 10
354.8942113088879
 20
110.2499102406091
 10
354.8703357781658
 20
110.2677864315508
 10
354.8464304258398
 20
110.2863084823852
  0
LWPOLYLINE
  5
B0
330
1F
100
AcDbEntity
  8
Geometries
  6
Continuous
370
    40
100
AcDbPolyline
 90
       47
 70
   128
 43
0.0
 10
269.3217646829097
 20
110.090143345359
 10
269.3095806369805
 20
110.0974390147317
 10
269.2961898082968
 20
110.1060776649371
 10
269.2830414774659
 20
110.1152265876396
 10
269.2701410244998
 20
110.1248827566484
 10
269.2574891685621
 20
110.1350465361752
 10
269.2450865186977
 20
110.1457174116112
 10
269.232938007066
 20
110.1568912577939
 10
269.2210485658262
 20
110.1685639495606
 10
269.2094231271376
 20
110.1807313617489
 10
269.1972326609372
 20
110.1943499456566
 10
269.185348187256
 20
110.208538547212
 10
269.1737751904847
 20
110.2232906194492
 10
269.1625191550144
 20
110.2385996154026
 10
269.1515855652356
 20
110.2544589881064
 10
269.1418269100623
 20
110.2695122165966
 10
269.1323414307223
 20
110.2850288202341
 10
269.1231328554204
 20
110.3010026097994
 10
269.1142049123616
 20
110.3174273960729
 10
269.1055613297509
 20
110.3342969898353
 10
269.0972027020162
 20
110.3516111654271
 10
269.0891293854007
 20
110.3693687452328
 10
269.0813445681946
 20
110.387562479298
 10
269.0738514386883
 20
110.4061851176684
 10
269.0666531851722
 20
110.4252294103896
 10
269.059750361833
 20
110.4446948877097
 10
269.0531432301107
 20
110.4645801376981
 10
269.0468344011945
 20
110.484876873953
 10
269.0408264862739
 20
110.5055768100723
 10
269.0351220965386
 20
110.5266716596541
 10
269.0293316930899
 20
110.5497770975807
 10
269.0238925344084
 20
110.5733356612036
 10
269.0188070730424
 20
110.5973357957572
 10
269.0140777615402
 20
110.6217659464763
 10
269.0097070524504
 20
110.6466145585951
 10
269.0058739875721
 20
110.6706960437143
 10
269.0023676371736
 20
110.6951528112613
 10
268.9991894765284
 20
110.7199739024689
 10
268.9963409809097
 20
110.7451483585696
 10
268.9938227154343
 20
110.7706727956959
 10
268.9916348677838
 20
110.7965432477561
 10
268.9897783339457
 20
110.8227480067178
 10
268.9882540099069
 20
110.849275364549
 10
268.9870421052644
 20
110.8766548862431
 10
268.9861760630241
 20
110.9043615363631
 10
268.9856562030863
 20
110.9323821768637
 10
268.9854828453514
 20
110.9607036696998
  0
LWPOLYLINE
  5
B1
330
1F
100
AcDbEntity
  8
Geometries
  6
Continuous
370
    40
100
AcDbPolyline
 90
       60
 70
   128
 43
0.0
 10
268.3276089069293
 20
140.4542269464894
 10
268.307798816288
 20
140.4652981812026
 10
268.2862645918673
 20
140.476522053181
 10
268.264484491484
 20
140.487044410321
 10
268.242499712766
 20
140.4968481494747
 10
268.2202783900647
 20
140.5059505733371
 10
268.1978278668972
 20
140.514349532103
 10
268.1751147696715
 20
140.5220562160388
 10
268.1521803850276
 20
140.5290556507392
 10
268.1290322248674
 20
140.5353463183723
 10
268.1040756161411
 20
140.5412820786263
 10
268.078885461636
 20
140.5464082961954
 10
268.0534710489683
 20
140.550723924602
 10
268.0277896393362
 20
140.5542344502712
 10
268.0018939570447
 20
140.5569312967243
 10
267.9757934453917
 20
140.5588142355396
 10
267.9508268775704
 20
140.5598489079981
 10
267.9256852035371
 20
140.5601505385204
 10
267.9003765642771
 20
140.5597196075138
 10
267.8748630134752
 20
140.5585540453218
 10
267.8491912733375
 20
140.5566548724983
 10
267.8233695556649
 20
140.5540232199804
 10
267.7974459075521
 20
140.5506661276054
 10
267.7713820409141
 20
140.5465810592103
 10
267.7451861314792
 20
140.5417697689449
 10
267.7188194277396
 20
140.5362237185204
 10
267.6923294624011
 20
140.5299517823443
 10
267.6657244326749
 20
140.5229563371473
 10
267.6390528967141
 20
140.5152521348534
 10
267.6122757554017
 20
140.5068301409738
 10
267.5854011245793
 20
140.4976933118654
 10
267.5583897765395
 20
140.4878269074901
 10
267.5312896019361
 20
140.4772473060731
 10
267.5041086941049
 20
140.4659580515151
 10
267.4750237440046
 20
140.4531326918854
 10
267.4458572713988
 20
140.4395048011738
 10
267.4166190045141
 20
140.4250793757155
 10
267.3872608180454
 20
140.4098308560762
 10
267.3578411141042
 20
140.3937881297265
 10
267.3283695446132
 20
140.3769569079523
 10
267.3033227215294
 20
140.3620574966331
 10
267.278243607765
 20
140.3465936280201
 10
267.2531379895206
 20
140.3305692738101
 10
267.2280116529965
 20
140.3139884056999
 10
267.2028703843933
 20
140.2968549953862
 10
267.1777155797494
 20
140.279170088909
 10
267.1525482913284
 20
140.2609349160689
 10
267.1273741537313
 20
140.2421539762333
 10
267.102198801559
 20
140.2228317687694
 10
267.0770278694123
 20
140.2029727930447
 10
267.051862632643
 20
140.1825781741744
 10
267.0267040282615
 20
140.1616491827082
 10
267.0015575229185
 20
140.1401908077109
 10
266.9764285832649
 20
140.1182080382475
 10
266.9513226759514
 20
140.095705863383
 10
266.9253266758056
 20
140.0718361086444
 10
266.8993575785241
 20
140.0474110791288
 10
266.8734212675134
 20
140.022436844585
 10
266.8475236261805
 20
139.9969194747615
 10
266.8216705379318
 20
139.970865039407
  0
LWPOLYLINE
  5
B2
330
1F
100
AcDbEntity
  8
Geometries
  6
Continuous
370
    40
100
AcDbPolyline
 90
       62
 70
   128
 43
0.0
 10
356.6723916336074
 20
140.4542272585679
 10
356.6667844734897
 20
140.4509601122964
 10
356.6450929717306
 20
140.4377514666694
 10
356.623684640641
 20
140.4238000586526
 10
356.602526403
 20
140.4090804232354
 10
356.5816615075842
 20
140.3936190970215
 10
356.5610976097878
 20
140.3774204787651
 10
356.540875281313
 20
140.3605176017649
 10
356.5209617304913
 20
140.3428845956704
 10
356.5013643085534
 20
140.3245265713766
 10
356.4820526776696
 20
140.3054106326952
 10
356.4630669124228
 20
140.2855723643257
 10
356.4444141101767
 20
140.2650176373614
 10
356.4296386160894
 20
140.2479467994771
 10
356.4150834028326
 20
140.2304143265801
 10
356.4007520014434
 20
140.2124236755658
 10
356.3866479429588
 20
140.1939783033296
 10
356.3727437013626
 20
140.1750387090544
 10
356.3590709573704
 20
140.1556448543447
 10
356.3456330656135
 20
140.1358006182849
 10
356.332433380723
 20
140.1155098799591
 10
356.3168320966543
 20
140.0904445241201
 10
356.3015828921692
 20
140.0647352247445
 10
356.2866912948198
 20
140.0383894414745
 10
356.272135455118
 20
140.0113629624374
 10
356.2579449134824
 20
139.9837055496174
 10
356.2441248620792
 20
139.95542531009
 10
356.2307016337318
 20
139.9265773679402
 10
356.2176535759919
 20
139.8971171565554
 10
356.2049854713225
 20
139.8670533275441
 10
356.1926788703321
 20
139.8363355434038
 10
356.1807590977701
 20
139.8050210184443
 10
356.1692305584715
 20
139.7731190206107
 10
356.1581151706441
 20
139.7406918569525
 10
356.1473946679005
 20
139.7076888368134
 10
356.1370730142119
 20
139.6741197256492
 10
356.1271353848919
 20
139.6399283966904
 10
356.1176025568593
 20
139.6051790998891
 10
356.1084780801197
 20
139.5698821794464
 10
356.1014381521206
 20
139.5411036269562
 10
356.0946644536254
 20
139.5119761907566
 10
356.0881585887881
 20
139.4825055214685
 10
356.0819221617628
 20
139.4526972697127
 10
356.075943981708
 20
139.4224910547107
 10
356.0702377464307
 20
139.3919497923245
 10
356.0648048107701
 20
139.3610794357731
 10
356.0596465295654
 20
139.3298859382759
 10
356.0538890530221
 20
139.292495851827
 10
356.0485190591721
 20
139.2546562633669
 10
356.0435382545454
 20
139.2163776046923
 10
356.0389483456721
 20
139.1776703075994
 10
356.034751039082
 20
139.1385448038848
 10
356.0309470243747
 20
139.0990027033253
 10
356.0275365497586
 20
139.0590460494653
 10
356.0245206507739
 20
139.0186858372232
 10
356.0219003629612
 20
138.9779330615173
 10
356.0196767218608
 20
138.936798717266
 10
356.0178202590663
 20
138.8945157417266
 10
356.0163757029221
 20
138.8518409761319
 10
356.015343421454
 20
138.8087865687046
 10
356.0147237826876
 20
138.7653646676672
 10
356.0145171546486
 20
138.7215874212425
  0
LWPOLYLINE
  5
B3
330
1F
100
AcDbEntity
  8
Geometries
  6
Continuous
370
    40
100
AcDbPolyline
 90
       61
 70
   128
 43
0.0
 10
358.1184952243551
 20
141.2891355559627
 10
358.1186685829745
 20
141.2892356168366
 10
358.1402315871352
 20
141.3012539880936
 10
358.1620525936734
 20
141.3125738517953
 10
358.1841243406981
 20
141.3231923282956
 10
358.2064050680708
 20
141.333092066581
 10
358.2289271970106
 20
141.3422905061585
 10
358.2516833379893
 20
141.3507854218996
 10
358.2747074915278
 20
141.3585881370337
 10
358.2979577649983
 20
141.3656834170219
 10
358.3214265926908
 20
141.3720696665336
 10
358.3467345261824
 20
141.3781079422773
 10
358.3722815160107
 20
141.3833360026891
 10
358.3980581950963
 20
141.3877527052852
 10
358.4241081791405
 20
141.3913636685922
 10
358.4503778661232
 20
141.3941600127636
 10
358.4768577216711
 20
141.3961414133591
 10
358.5021538451866
 20
141.3972674789308
 10
358.5276293586714
 20
141.3976614809775
 10
358.5532760682025
 20
141.3973238171745
 10
358.5791325876197
 20
141.396252499873
 10
358.6051515373203
 20
141.3944483235407
 10
358.6313246428587
 20
141.3919123350504
 10
358.6576031663849
 20
141.3886513535445
 10
358.6840260543291
 20
141.384662922966
 10
358.7105850590846
 20
141.3799487141309
 10
358.7373196669669
 20
141.374500246483
 10
358.7641815947503
 20
141.3683261865811
 10
358.7911625629545
 20
141.3614288290518
 10
358.8182132311929
 20
141.3538227321423
 10
358.8453734229223
 20
141.3454989196433
 10
358.8726349305766
 20
141.3364602690593
 10
358.9000377812329
 20
141.3266920586108
 10
358.9275332411287
 20
141.3162104993992
 10
358.955113114529
 20
141.3050190603379
 10
358.9846341095216
 20
141.2922949221542
 10
359.014240768045
 20
141.2787674933726
 10
359.0439232186159
 20
141.2644416893485
 10
359.073730671425
 20
141.2492918865746
 10
359.1036035435922
 20
141.2333468665603
 10
359.1335320261624
 20
141.2166122687084
 10
359.1587276936868
 20
141.2019373711305
 10
359.1839576564197
 20
141.1867078234349
 10
359.2092161888557
 20
141.1709274479074
 10
359.2344975654894
 20
141.1546000668338
 10
359.2597960608156
 20
141.1377295025003
 10
359.2851103233036
 20
141.1203167234414
 10
359.3104393137225
 20
141.1023628941092
 10
359.3357774427548
 20
141.0838723557283
 10
359.3611191210833
 20
141.0648494495235
 10
359.3864587593906
 20
141.0452985167193
 10
359.4117951165713
 20
141.0252206057389
 10
359.4371272600853
 20
141.0046169259894
 10
359.4624497532898
 20
140.9834923027289
 10
359.4877571595421
 20
140.9618515612153
 10
359.5130440421994
 20
140.9396995267065
 10
359.5392196816956
 20
140.9162108010438
 10
359.5653711558468
 20
140.8921758163983
 10
359.5914926050717
 20
140.8676004494226
 10
359.6175781697889
 20
140.8424905767693
 10
359.643621990417
 20
140.8168520750908
  0
LWPOLYLINE
  5
B4
330
1F
100
AcDbEntity
  8
Geometries
  6
Continuous
370
    40
100
AcDbPolyline
 90
       42
 70
   128
 43
0.0
 10
281.198833548578
 20
67.08944068522631
 10
281.1956757181023
 20
67.08762662151008
 10
281.1713031980666
 20
67.07416598062728
 10
281.1464731356016
 20
67.06140843845117
 10
281.1211915403143
 20
67.04935706841067
 10
281.0954647487421
 20
67.0380136138997
 10
281.0693097942087
 20
67.02738475767279
 10
281.0427437100381
 20
67.01747718248457
 10
281.0196772881259
 20
67.00956993280977
 10
280.9963163957585
 20
67.00219344427884
 10
280.972672238392
 20
66.9953507558277
 10
280.9487560214829
 20
66.98904490639221
 10
280.9245789504876
 20
66.98327893490834
 10
280.8955742036413
 20
66.97714214549049
 10
280.8662128527594
 20
66.97176611128917
 10
280.8365143091007
 20
66.96715396266907
 10
280.8064979839243
 20
66.96330882999487
 10
280.7761707907545
 20
66.96023207914847
 10
280.745539826685
 20
66.95792379813733
 10
280.7146250868711
 20
66.95638523590648
 10
280.6834465664679
 20
66.95561764140095
 10
280.652011277031
 20
66.95562178828145
 10
280.6203263956717
 20
66.9563971964817
 10
280.5884123870016
 20
66.95794323705249
 10
280.5562897156325
 20
66.96025928104459
 10
280.5286113833988
 20
66.96285589029537
 10
280.5007875061716
 20
66.96601733590887
 10
280.4728311828446
 20
66.9697420017675
 10
280.4447555123115
 20
66.97402827175372
 10
280.4165735934662
 20
66.97887452974996
 10
280.3856045010822
 20
66.98482164828009
 10
280.3545168533674
 20
66.99143835761963
 10
280.3233280381098
 20
66.9987209873229
 10
280.2920554430974
 20
67.00666586694422
 10
280.2607049264668
 20
67.0152721402948
 10
280.2292824564224
 20
67.02453797890396
 10
280.1978055325981
 20
67.03445826797844
 10
280.1662916546283
 20
67.04502789272493
 10
280.1339836814579
 20
67.05652475709854
 10
280.1016494492582
 20
67.06869888896304
 10
280.0693077922239
 20
67.08154323038823
 10
280.0369775445501
 20
67.09505072344402
  0
LWPOLYLINE
  5
B5
330
1F
100
AcDbEntity
  8
Geometries
  6
Continuous
370
    40
100
AcDbPolyline
 90
        8
 70
   128
 43
0.0
 10
343.3255312021668
 20
67.84677295471978
 10
343.3385387764046
 20
67.85062041900915
 10
343.3703199102771
 20
67.86047408435046
 10
343.4021382355813
 20
67.87098340897862
 10
343.4347638766363
 20
67.88242715680414
 10
343.4674158172535
 20
67.89455507114238
 10
343.5000748898532
 20
67.90736008181669
 10
343.5327219268551
 20
67.9208351186503
  0
LWPOLYLINE
  5
B6
330
1F
100
AcDbEntity
  8
Geometries
  6
Continuous
370
    40
100
AcDbPolyline
 90
        9
 70
   128
 43
0.0
 10
343.325485959605
 20
67.84682590275216
 10
343.3243816489948
 20
67.85499065879242
 10
343.3211281852314
 20
67.88158637372817
 10
343.3183669307368
 20
67.9084291262821
 10
343.3160994392811
 20
67.9355066829894
 10
343.3142962190149
 20
67.96336092847886
 10
343.3130075167999
 20
67.99145067904661
 10
343.3122338881176
 20
68.01976248667492
 10
343.3119758884499
 20
68.04828290334606
  0
LWPOLYLINE
  5
B7
330
1F
100
AcDbEntity
  8
Geometries
  6
Continuous
370
    40
100
AcDbPolyline
 90
       40
 70
   128
 43
0.0
 10
343.8011662639105
 20
67.08944079348598
 10
343.7844735395618
 20
67.09931535390153
 10
343.7652042332737
 20
67.11131911242748
 10
343.746265649881
 20
67.12378095959983
 10
343.7276664456161
 20
67.13669595530428
 10
343.7094085858468
 20
67.15006370667442
 10
343.6914938677048
 20
67.16388298161144
 10
343.6739303184017
 20
67.1781478497517
 10
343.656725965149
 20
67.19285238073155
 10
343.639888835158
 20
67.20799064418736
 10
343.6222197047428
 20
67.22472894942922
 10
343.6049783264874
 20
67.24196510105821
 10
343.5881737162368
 20
67.25969050260028
 10
343.5718148898362
 20
67.2778965575814
 10
343.5559108631305
 20
67.2965746695275
 10
343.5416884229836
 20
67.31416749709629
 10
343.5278538949949
 20
67.33215718820853
 10
343.5144134834928
 20
67.35053611439912
 10
343.5013733928056
 20
67.36929664720299
 10
343.4887398272618
 20
67.38843115815499
 10
343.4765144172312
 20
67.4079387858241
 10
343.4646983840148
 20
67.42781783564993
 10
343.4532970713217
 20
67.44805981344382
 10
343.4423158228611
 20
67.46865622501711
 10
343.4317599823422
 20
67.48959857618118
 10
343.4216310321138
 20
67.51088582742983
 10
343.4119299521244
 20
67.53251614181995
 10
343.4026611452857
 20
67.5544802111811
 10
343.393829014509
 20
67.57676872734278
 10
343.385437962706
 20
67.5993723821345
 10
343.3769163207798
 20
67.62400558689757
 10
343.3689061888483
 20
67.6489987301018
 10
343.3614117228423
 20
67.67433931231642
 10
343.3544370786927
 20
67.70001483411082
 10
343.3479864123306
 20
67.72601279605423
 10
343.3422929040491
 20
67.75124882725953
 10
343.3370832578167
 20
67.77677555054584
 10
343.3323600278229
 20
67.80258125130767
 10
343.3281257682572
 20
67.8286542149396
 10
343.325485959605
 20
67.84682590275216
  0
LWPOLYLINE
  5
B8
330
1F
100
AcDbEntity
  8
Geometries
  6
Continuous
370
    40
100
AcDbPolyline
 90
       61
 70
   128
 43
0.0
 10
342.3195052518565
 20
97.73498567389488
 10
342.3192400425755
 20
97.73513876477296
 10
342.2862260167313
 20
97.75376838648143
 10
342.2527637804594
 20
97.7718093173036
 10
342.218862414696
 20
97.78925762736702
 10
342.1845841361592
 20
97.80608415504668
 10
342.1498771833876
 20
97.82231750594343
 10
342.1147509147107
 20
97.83795431824105
 10
342.0791506568563
 20
97.85301785058729
 10
342.0431390354447
 20
97.8674808982445
 10
342.0067257588952
 20
97.88134062878834
 10
341.9673876102366
 20
97.89547925303543
 10
341.9276024812929
 20
97.90892770689834
 10
341.8873825632626
 20
97.9216832173871
 10
341.8466571716239
 20
97.93376703121922
 10
341.8055075566667
 20
97.94515430581225
 10
341.7639463169479
 20
97.95584294761852
 10
341.724165358392
 20
97.96533183660001
 10
341.684025337641
 20
97.97419239586435
 10
341.6435372490357
 20
97.98242340626499
 10
341.6026380110644
 20
97.99003700657012
 10
341.5614005331443
 20
97.99701925160197
 10
341.5198360900813
 20
98.00336945597476
 10
341.4780204485979
 20
98.00907883370384
 10
341.435890112363
 20
98.01415910262426
 10
341.393456499649
 20
98.01861010296722
 10
341.3506545705256
 20
98.02243810756299
 10
341.3075597803447
 20
98.02563609513604
 10
341.2641837807042
 20
98.0282044134199
 10
341.2206044881962
 20
98.03014112218183
 10
341.1767564655576
 20
98.03145203335036
 10
341.1326514593998
 20
98.03213798116151
 10
341.0882229765264
 20
98.03219952405665
 10
341.0435484163571
 20
98.03163632301235
 10
340.9986397134375
 20
98.03044968833885
 10
340.9504620425939
 20
98.02849698697989
 10
340.9020316967394
 20
98.02583741914604
 10
340.8533633175958
 20
98.02247314609413
 10
340.8043743974933
 20
98.0183977686255
 10
340.7551612176795
 20
98.01361888043735
 10
340.7057386140637
 20
98.00813921861858
 10
340.6640396130106
 20
98.00299252509609
 10
340.6221992647907
 20
97.99735298793274
 10
340.5802264408609
 20
97.99122261309847
 10
340.5381300126781
 20
97.9846034065632
 10
340.4959188516993
 20
97.97749737429687
 10
340.4535945685254
 20
97.96990533526
 10
340.4111584334519
 20
97.96182832049914
 10
340.3686193624336
 20
97.95326875060421
 10
340.3259862714247
 20
97.94422904616508
 10
340.2832680763795
 20
97.93471162777165
 10
340.24046640166
 20
97.92471732257374
 10
340.1975825363664
 20
97.91424713411845
 10
340.1546254170024
 20
97.90330386701815
 10
340.1116039800717
 20
97.89189032588517
 10
340.0685271620778
 20
97.88000931533183
 10
340.0238407305299
 20
97.86720780044308
 10
339.9790980712831
 20
97.85390644151705
 10
339.9343091233219
 20
97.84010875996186
 10
339.8894838256307
 20
97.82581827718562
 10
339.8446321171937
 20
97.81103851459646
  0
LWPOLYLINE
  5
B9
330
1F
100
AcDbEntity
  8
Geometries
  6
Continuous
370
    40
100
AcDbPolyline
 90
       62
 70
   128
 43
0.0
 10
282.6804954006356
 20
97.73498605061111
 10
282.6751006429201
 20
97.7318597819766
 10
282.6415918048433
 20
97.71191729124361
 10
282.6085738582765
 20
97.6913539818588
 10
282.5759937290234
 20
97.67013309948068
 10
282.5439155277337
 20
97.6482931210137
 10
282.5123485966477
 20
97.62583946619606
 10
282.4813525163939
 20
97.60281599239306
 10
282.450874693699
 20
97.57918564752444
 10
282.4209239914213
 20
97.5549544516327
 10
282.3914520191214
 20
97.53007939858965
 10
282.3625174693917
 20
97.50460663469065
 10
282.3341288011216
 20
97.47854284223136
 10
282.31167348916
 20
97.45713217619259
 10
282.2895759261692
 20
97.43534120573658
 10
282.2678402707514
 20
97.41317375544924
 10
282.2464706815086
 20
97.39063364991654
 10
282.2254245743129
 20
97.36767306058647
 10
282.2047485690684
 20
97.34434027411189
 10
282.1844465741327
 20
97.32063948679792
 10
282.1645224978631
 20
97.29657489494973
 10
282.1409465802662
 20
97.26700407656834
 10
282.1179275851031
 20
97.23690698363274
 10
282.0954719319001
 20
97.20629160101558
 10
282.0735448889882
 20
97.17510652669851
 10
282.0521891034765
 20
97.1434088958812
 10
282.0314105546406
 20
97.11120727403191
 10
282.0112469289227
 20
97.07856314087451
 10
281.9916639723203
 20
97.04542489136227
 10
281.9726671499917
 20
97.01180156877405
 10
281.9542272107731
 20
96.97763686208455
 10
281.936380459488
 20
96.9429940952516
 10
281.9191318947791
 20
96.90788286991221
 10
281.9025126605027
 20
96.87237058126189
 10
281.8864939979446
 20
96.83640073397254
 10
281.8710803778192
 20
96.79998337050137
 10
281.8562483179363
 20
96.76305764657147
 10
281.8420274529871
 20
96.72569265772105
 10
281.8284217654751
 20
96.68789897562273
 10
281.817929452355
 20
96.65720293723433
 10
281.8078366237326
 20
96.62623477718827
 10
281.7981450703275
 20
96.59500023692077
 10
281.7888565828594
 20
96.56350505786806
 10
281.7799539651182
 20
96.53168569938774
 10
281.771457042618
 20
96.49960831297925
 10
281.7633673224418
 20
96.46727891903845
 10
281.7556863116729
 20
96.4347035379611
 10
281.7470426419712
 20
96.39544781782018
 10
281.7389838470416
 20
96.35584489915897
 10
281.7315118659455
 20
96.31590554890862
 10
281.7246286377446
 20
96.27564053400027
 10
281.7183361015001
 20
96.23506062136511
 10
281.7126346906081
 20
96.19416730601647
 10
281.7075243356882
 20
96.15296249508546
 10
281.7030062089039
 20
96.11145748718769
 10
281.6990814824192
 20
96.0696635809388
 10
281.6957513283979
 20
96.0275920749544
 10
281.6929706399719
 20
95.98445046890689
 10
281.6908071579595
 20
95.94102467686696
 10
281.6892612984752
 20
95.89732714584422
 10
281.6883334776339
 20
95.85337032284829
 10
281.6880241115502
 20
95.80916665488878
  0
LWPOLYLINE
  5
BA
330
1F
100
AcDbEntity
  8
Geometries
  6
Continuous
370
    40
100
AcDbPolyline
 90
       60
 70
   128
 43
0.0
 10
284.1265993380982
 20
98.56989454818154
 10
284.1574638716778
 20
98.58734806850086
 10
284.1910685312454
 20
98.60554080946058
 10
284.2251141877489
 20
98.62314468872833
 10
284.2595384614742
 20
98.64013037367302
 10
284.2943932218026
 20
98.65652671615021
 10
284.3296690773976
 20
98.67233038404561
 10
284.3654207631457
 20
98.68756490057469
 10
284.4015855445408
 20
98.70220290840089
 10
284.4381536833703
 20
98.71624160433122
 10
284.4776536066138
 20
98.73057395113666
 10
284.5176022747734
 20
98.74422100053701
 10
284.5579874703861
 20
98.75718001450684
 10
284.5988798640956
 20
98.7694726059278
 10
284.6401981739577
 20
98.7810737105603
 10
284.6819297814788
 20
98.79198126678288
 10
284.7219299914846
 20
98.8016956166035
 10
284.7622917364743
 20
98.81078455918957
 10
284.8030039644782
 20
98.81924689429066
 10
284.8441299510533
 20
98.82709517609514
 10
284.8855965249663
 20
98.83431515480356
 10
284.9273923587139
 20
98.84090616250165
 10
284.9694414005631
 20
98.8468590705411
 10
285.0118073592993
 20
98.85218601940726
 10
285.0544787698603
 20
98.85688686415205
 10
285.0975208112692
 20
98.86096832441972
 10
285.1408578327955
 20
98.86442304066875
 10
285.1844781423976
 20
98.86725137188844
 10
285.2283036080319
 20
98.8694509955092
 10
285.2723998259528
 20
98.87102817517163
 10
285.3167550160019
 20
98.8719837516384
 10
285.3614357494605
 20
98.87231877169094
 10
285.4063645076785
 20
98.87203250782314
 10
285.4515293299589
 20
98.87112627111355
 10
285.4999720021275
 20
98.86947709753082
 10
285.548669388567
 20
98.86712538517858
 10
285.597606834784
 20
98.86407328621067
 10
285.6468668085862
 20
98.86031506884572
 10
285.6963530501373
 20
98.85585776338684
 10
285.7460507213988
 20
98.85070408691442
 10
285.7883852937481
 20
98.8457857622873
 10
285.8308653578822
 20
98.84036833705444
 10
285.8734817906161
 20
98.83445385630368
 10
285.9162254687649
 20
98.82804436512296
 10
285.9590872691438
 20
98.82114190860017
 10
286.0020655124109
 20
98.81374736920989
 10
286.0451589085148
 20
98.80586183946603
 10
286.0883582968639
 20
98.7974877830043
 10
286.1316545168669
 20
98.7886276634604
 10
286.175038407932
 20
98.77928394447001
 10
286.2185082806541
 20
98.76945751209448
 10
286.2620628275682
 20
98.75914942300143
 10
286.3056928750902
 20
98.7483625260568
 10
286.3493892496357
 20
98.73709967012647
 10
286.3931427776208
 20
98.72536370407632
 10
286.4385505369372
 20
98.71270133372029
 10
286.4840163865866
 20
98.6995327594327
 10
286.5295301199313
 20
98.68586155494353
 10
286.5750815303335
 20
98.67169129398273
 10
286.6206604111551
 20
98.65702555028024
  0
LWPOLYLINE
  5
BB
330
1F
100
AcDbEntity
  8
Geometries
  6
Continuous
370
    40
100
AcDbPolyline
 90
       81
 70
   128
 43
0.0
 10
283.1276184690824
 20
119.1256694789771
 10
283.1272653413921
 20
119.0921544840774
 10
283.1262066535341
 20
119.0583717469349
 10
283.1244434483277
 20
119.0243432936522
 10
283.1219767685921
 20
118.9900911503316
 10
283.118806791692
 20
118.9556226215533
 10
283.1149350650479
 20
118.9209452412896
 10
283.1103646975611
 20
118.8860815138173
 10
283.1050987981328
 20
118.8510539434133
 10
283.0991384155451
 20
118.8158700467962
 10
283.092485906405
 20
118.7805373156476
 10
283.0851463884054
 20
118.7450785109691
 10
283.077124979239
 20
118.7095163937624
 10
283.0696982428347
 20
118.6789188276951
 10
283.0617719045742
 20
118.6482530066355
 10
283.0533504549742
 20
118.6175333450691
 10
283.0444383845514
 20
118.5867742574815
 10
283.0350401838225
 20
118.555990158358
 10
283.0234779552088
 20
118.520093356296
 10
283.0112610766848
 20
118.4841730595885
 10
282.9983985083923
 20
118.4482518929163
 10
282.9848992104729
 20
118.4123524809607
 10
282.9707666669835
 20
118.3764824073085
 10
282.9560052898081
 20
118.3406485749954
 10
282.9406256880125
 20
118.3048732558627
 10
282.9246384706627
 20
118.2691787217514
 10
282.9080477754503
 20
118.2335724089117
 10
282.8908585171458
 20
118.1980609315894
 10
282.8730828011784
 20
118.162666052486
 10
282.8547327329773
 20
118.1274095343035
 10
282.8385553442125
 20
118.0973142471387
 10
282.8219617235328
 20
118.0673275284427
 10
282.8049603583661
 20
118.0374626527877
 10
282.7875597361406
 20
118.0077328947459
 10
282.7697683442844
 20
117.9781515288893
 10
282.7483141910105
 20
117.9435022594651
 10
282.7263265624705
 20
117.9090679291008
 10
282.7038205837229
 20
117.8748694221408
 10
282.680811379826
 20
117.8409276229298
 10
282.6573047147508
 20
117.807249375561
 10
282.6333067405054
 20
117.7738404783634
 10
282.6088336426376
 20
117.740720942524
 10
282.5839016066948
 20
117.7079107792296
 10
282.5585167161639
 20
117.6754165084348
 10
282.5326853479946
 20
117.643243610115
 10
282.5064246024067
 20
117.6114111512891
 10
282.47975157962
 20
117.5799381989756
 10
282.4565961060015
 20
117.5532869719053
 10
282.4331454692453
 20
117.5269049894101
 10
282.409410901774
 20
117.5008035615662
 10
282.3854036360099
 20
117.4749939984498
 10
282.3611349043757
 20
117.4494876101373
 10
282.3319817831514
 20
117.419597392075
 10
282.3024703184344
 20
117.3901421469399
 10
282.2726200277353
 20
117.3611396545647
 10
282.2424504285646
 20
117.3326076947824
 10
282.2119684999471
 20
117.3045520517416
 10
282.1811813792444
 20
117.2769775189974
 10
282.1501091563356
 20
117.249900702916
 10
282.1187719211002
 20
117.2233382098634
 10
282.0871767388605
 20
117.1972954825539
 10
282.0553308214523
 20
117.1717770151118
 10
282.023254718685
 20
117.1467981917674
 10
281.9909689803681
 20
117.1223743967508
 10
281.9631530608866
 20
117.1018992602954
 10
281.9351909560482
 20
117.0818362237548
 10
281.9070958098098
 20
117.0621941261614
 10
281.8788807661284
 20
117.0429818065478
 10
281.8505589689609
 20
117.0242081039463
 10
281.8192920179144
 20
117.0040702064918
 10
281.7879048678303
 20
116.9844677432926
 10
281.756415205691
 20
116.9654113474448
 10
281.724840718479
 20
116.9469116520447
 10
281.6931873663947
 20
116.9289723388925
 10
281.6614612235954
 20
116.9115963788714
 10
281.6296800897229
 20
116.894793305118
 10
281.5978617644187
 20
116.8785726507688
 10
281.5652361233638
 20
116.8625643694881
 10
281.5325841827465
 20
116.847173693679
 10
281.4999251101469
 20
116.8324096161743
 10
281.467278073145
 20
116.818281129807
  0
LWPOLYLINE
  5
BC
330
1F
100
AcDbEntity
  8
Geometries
  6
Continuous
370
    40
100
AcDbPolyline
 90
       59
 70
   128
 43
0.0
 10
268.9854828453514
 20
138.7215874212425
 10
268.9852724323537
 20
138.7657762024769
 10
268.9846413462405
 20
138.8095987711413
 10
268.9835898163313
 20
138.853042531279
 10
268.98211505903
 20
138.8961752443625
 10
268.9802189601588
 20
138.938915327858
 10
268.977902210816
 20
138.981250441166
 10
268.9751703002187
 20
139.0231023734586
 10
268.9720202982239
 20
139.0645385830024
 10
268.9684533480778
 20
139.1055471382368
 10
268.9644628875257
 20
139.1461917217868
 10
268.9600557001983
 20
139.1863953288603
 10
268.9552333891981
 20
139.226146338765
 10
268.9500062962547
 20
139.2653715159296
 10
268.9443677096782
 20
139.3041342274902
 10
268.9383196700805
 20
139.342423308683
 10
268.9318519130235
 20
139.3802978846027
 10
268.924976032106
 20
139.4176861317888
 10
268.9176945191431
 20
139.4545772501067
 10
268.9094509125097
 20
139.4935161489547
 10
268.9007462550378
 20
139.5318726126135
 10
268.8915841530051
 20
139.5696339557438
 10
268.8819472876231
 20
139.6068666611183
 10
268.8718558736297
 20
139.6434893741148
 10
268.8613140948048
 20
139.6794899573216
 10
268.8511016175772
 20
139.712427619082
 10
268.840503600444
 20
139.7448165734995
 10
268.8295238346202
 20
139.7766475481655
 10
268.818144812169
 20
139.8079689035093
 10
268.8063875519541
 20
139.8387212649221
 10
268.7942562572025
 20
139.8688958272214
 10
268.7817751451028
 20
139.898438006999
 10
268.7689265343498
 20
139.9273958292941
 10
268.755714981632
 20
139.955761065719
 10
268.7421197754618
 20
139.983576360231
 10
268.7281660984297
 20
140.0107890466996
 10
268.713858890451
 20
140.0373914071089
 10
268.6992263509778
 20
140.0633358198319
 10
268.6842475819034
 20
140.08866459096
 10
268.6689278377161
 20
140.1133706080104
 10
268.653243442185
 20
140.1374905406954
 10
268.6372234192503
 20
140.1609787941787
 10
268.6208733719521
 20
140.1838288037326
 10
268.6030238983246
 20
140.2075589561549
 10
268.5848050002392
 20
140.230551608082
 10
268.5662239147218
 20
140.2527994834589
 10
268.5472480245471
 20
140.2743397293162
 10
268.527917422086
 20
140.2951255406438
 10
268.5082397521786
 20
140.3151504021115
 10
268.489484544708
 20
140.3332261841387
 10
268.4704323070476
 20
140.3506283782587
 10
268.4510896012042
 20
140.3673522701098
 10
268.4314269433228
 20
140.3834220372416
 10
268.4114807737716
 20
140.3988069907586
 10
268.3912579223697
 20
140.4135030328001
 10
268.3707971986433
 20
140.427485145642
 10
268.3500688706998
 20
140.4407771468965
 10
268.3290799421887
 20
140.4533756008464
 10
268.3276089069293
 20
140.4542269464894
  0
LWPOLYLINE
  5
BD
330
1F
100
AcDbEntity
  8
Geometries
  6
Continuous
370
    40
100
AcDbPolyline
 90
       81
 70
   128
 43
0.0
 10
268.9854828453514
 20
77.04439890246843
 10
268.9857211906678
 20
77.01081763793422
 10
268.9864358237724
 20
76.97683626068735
 10
268.9876261403986
 20
76.94247705002861
 10
268.9892915362798
 20
76.90776228525891
 10
268.9914320253308
 20
76.87269938139394
 10
268.9940468267075
 20
76.83729631498872
 10
268.997134136578
 20
76.80157634380237
 10
269.0006921511105
 20
76.76556272559408
 10
269.0047204917536
 20
76.72926336404021
 10
269.0092180189138
 20
76.6926864534654
 10
269.0141817553987
 20
76.65585599068984
 10
269.0196087240159
 20
76.61879597253363
 10
269.0246352558469
 20
76.5868126477098
 10
269.0300019647836
 20
76.5546690239711
 10
269.0357062275953
 20
76.5223805938811
 10
269.0417454210514
 20
76.48996285000335
 10
269.048116921921
 20
76.45743128490143
 10
269.0559595679136
 20
76.41938698081182
 10
269.0642511480504
 20
76.38120041202376
 10
269.0729863986962
 20
76.34289633739728
 10
269.0821600562159
 20
76.3044995157924
 10
269.0917706030438
 20
76.26601866615046
 10
269.1018159638923
 20
76.22746204054152
 10
269.1122898637117
 20
76.18885441305228
 10
269.1231860274525
 20
76.15022055776943
 10
269.1345026107667
 20
76.11156923500556
 10
269.1462372900412
 20
76.07290855501194
 10
269.1583828458189
 20
76.03426310140746
 10
269.1709320586423
 20
75.99565745781106
 10
269.1820048842994
 20
75.96261504976201
 10
269.1933718256262
 20
75.92961070633464
 10
269.2050277696662
 20
75.89665965035321
 10
269.216967603463
 20
75.86377710464204
 10
269.2291862140601
 20
75.83097829202538
 10
269.2439346330891
 20
75.79245746512977
 10
269.2590660470649
 20
75.75406469744118
 10
269.2745712379569
 20
75.71582428372818
 10
269.2904409877341
 20
75.67776051875937
 10
269.3066725380936
 20
75.639881981951
 10
269.3232628357774
 20
75.60219626069662
 10
269.3402018901538
 20
75.56472694281932
 10
269.3574797105908
 20
75.52749761614223
 10
269.3750933043232
 20
75.49051658504887
 10
269.3930394217905
 20
75.45379113511365
 10
269.4113073581527
 20
75.41734402572968
 10
269.4298864085702
 20
75.38119801628997
 10
269.4460352473685
 20
75.3505015067202
 10
269.4624088135691
 20
75.32003357563461
 10
269.4789999628355
 20
75.28980789336711
 10
269.4958015508314
 20
75.25983813025167
 10
269.5128064332206
 20
75.2301379566222
 10
269.5332608314742
 20
75.19522552851116
 10
269.5539967239633
 20
75.16070370438794
 10
269.5750014805994
 20
75.1265942405403
 10
269.5962624712936
 20
75.092918893256
 10
269.6177758804358
 20
75.05968527308201
 10
269.6395376467871
 20
75.02689994957343
 10
269.6615345356552
 20
74.9945834869406
 10
269.6837533123481
 20
74.96275644939385
 10
269.7061899499911
 20
74.93142603389614
 10
269.7288401629611
 20
74.90059842402127
 10
269.7516901580316
 20
74.87029290491452
 10
269.7747261419762
 20
74.84052876172116
 10
269.794602493198
 20
74.81546971339382
 10
269.8146109097891
 20
74.79081461280258
 10
269.8347423906828
 20
74.76657469087873
 10
269.8549879348125
 20
74.74276117855355
 10
269.8753385411115
 20
74.71938530675835
 10
269.8978386080555
 20
74.69418584640732
 10
269.9204602159257
 20
74.6695225950513
 10
269.9431910085713
 20
74.64540926354356
 10
269.9660186298413
 20
74.6218595627373
 10
269.9889391709673
 20
74.59887835882746
 10
270.0119484843017
 20
74.5764697349684
 10
270.0350338975397
 20
74.5546461845659
 10
270.0581827383767
 20
74.53342020102582
 10
270.0819568929682
 20
74.51230151165265
 10
270.1057886911121
 20
74.49181852421228
 10
270.1296642218343
 20
74.47198326644025
 10
270.1535695741602
 20
74.45280776607211
  0
LWPOLYLINE
  5
BE
330
1F
100
AcDbEntity
  8
Geometries
  6
Continuous
370
    40
100
AcDbPolyline
 90
       60
 70
   128
 43
0.0
 10
338.3793395888449
 20
98.65702555028024
 10
338.4297958154717
 20
98.67323192988859
 10
338.4802135315022
 20
98.6888295981281
 10
338.5305788944535
 20
98.70381361754046
 10
338.5809683017318
 20
98.71820442476893
 10
338.6312912981844
 20
98.73197404872832
 10
338.6815339593503
 20
98.7451178877707
 10
338.7316065759725
 20
98.75761303415857
 10
338.7815852966325
 20
98.76947922608812
 10
338.8314562651872
 20
98.78071226411785
 10
338.8812959991779
 20
98.79132678888243
 10
338.9310137690916
 20
98.8013010566106
 10
338.980595663159
 20
98.81063125059013
 10
339.0299521799366
 20
98.81930090868491
 10
339.0791595069668
 20
98.82732399563874
 10
339.1282038334685
 20
98.83469713947015
 10
339.177161371928
 20
98.84142892596321
 10
339.2259415910059
 20
98.84750423191161
 10
339.2745306601847
 20
98.85292012067562
 10
339.3133320902237
 20
98.85678342094705
 10
339.3520039798008
 20
98.86022090631846
 10
339.3905392466061
 20
98.86323131979476
 10
339.4289308083297
 20
98.86581340438093
 10
339.4672520397738
 20
98.86797008248985
 10
339.505424337432
 20
98.86969506766285
 10
339.5434406311975
 20
98.87098737570061
 10
339.5812938509637
 20
98.8718460224038
 10
339.6281176208108
 20
98.87230753967536
 10
339.6746791508979
 20
98.87209635108987
 10
339.7209649896928
 20
98.87121111435106
 10
339.7670491092088
 20
98.86964705686445
 10
339.8128432519921
 20
98.86740407325966
 10
339.8583340487015
 20
98.86448137177715
 10
339.9034359766736
 20
98.86088468219855
 10
339.9482225297008
 20
98.85660869005764
 10
339.9926805897559
 20
98.85165318622181
 10
340.0368821605913
 20
98.84600659565726
 10
340.0807411344213
 20
98.83967666077156
 10
340.1242445348342
 20
98.83266377549012
 10
340.1673094786346
 20
98.8249816353309
 10
340.2100074691343
 20
98.81661817540703
 10
340.2523258404586
 20
98.80757440933908
 10
340.2943339976988
 20
98.79783178950757
 10
340.3359487395107
 20
98.78740622632304
 10
340.3771576047663
 20
98.77629938312658
 10
340.4100285310084
 20
98.7668643262764
 10
340.4426304560209
 20
98.75698779040744
 10
340.474957046386
 20
98.74667100083617
 10
340.5070019686861
 20
98.73591518287907
 10
340.5388304232808
 20
98.72469587982786
 10
340.5703719686367
 20
98.71303559268644
 10
340.6016204216956
 20
98.70093593629122
 10
340.6325695993994
 20
98.68839852547859
 10
340.6695696555323
 20
98.6726627958156
 10
340.706124560697
 20
98.65628888654597
 10
340.7422237535974
 20
98.6392803019687
 10
340.7779249751175
 20
98.62160616191167
 10
340.8131586547598
 20
98.60329761354025
 10
340.8479145382348
 20
98.58435881358618
 10
340.8733998203812
 20
98.56989503403315
  0
LWPOLYLINE
  5
BF
330
1F
100
AcDbEntity
  8
Geometries
  6
Continuous
370
    40
100
AcDbPolyline
 90
       93
 70
   128
 43
0.0
 10
354.8464304258398
 20
74.45280776607211
 10
354.8664802947703
 20
74.46884437009413
 10
354.886511081221
 20
74.4853466598379
 10
354.9065145834037
 20
74.50230751987691
 10
354.9264825995299
 20
74.51971983478472
 10
354.9464069278116
 20
74.53757648913484
 10
354.9662861783936
 20
74.55587637763935
 10
354.986119159183
 20
74.5746178808591
 10
355.0058978518243
 20
74.59379300930345
 10
355.0256142379621
 20
74.61339377348182
 10
355.0452602992412
 20
74.63341218390363
 10
355.0648347448048
 20
74.65384701166904
 10
355.0843364677903
 20
74.67469651826667
 10
355.1037576688969
 20
74.69595189106145
 10
355.1230905488237
 20
74.71760431741835
 10
355.1423273082696
 20
74.7396449847023
 10
355.1628442372225
 20
74.76370611012123
 10
355.1832480186159
 20
74.78820976460341
 10
355.2035293593194
 20
74.81314409917641
 10
355.2236789662023
 20
74.8384972648678
 10
355.243687546134
 20
74.8642574127052
 10
355.2622210192337
 20
74.8886488414691
 10
355.2806297006291
 20
74.91339073696017
 10
355.2989063393621
 20
74.9384727359892
 10
355.3170436844748
 20
74.96388447536694
 10
355.3350344850089
 20
74.98961559190425
 10
355.3528777359787
 20
75.0156645615363
 10
355.3705725463925
 20
75.04202928084781
 10
355.3881119699366
 20
75.06869871075254
 10
355.4054890602974
 20
75.09566181216425
 10
355.4226968711609
 20
75.12290754599671
 10
355.4397344739587
 20
75.15043430655977
 10
355.4566010339109
 20
75.17823986768751
 10
355.4732899343852
 20
75.20631256186705
 10
355.4897945587494
 20
75.23464072158555
 10
355.5061082903711
 20
75.26321267933014
 10
355.523391702655
 20
75.29412531331758
 10
355.5404535607478
 20
75.32531358984528
 10
355.5572861572517
 20
75.35676237674471
 10
355.5738817847688
 20
75.38845654184743
 10
355.5902327359012
 20
75.42038095298493
 10
355.6052099939469
 20
75.45025787981552
 10
355.619974315593
 20
75.48032932189169
 10
355.6345199078405
 20
75.51058259651622
 10
355.64884097769
 20
75.54100502099192
 10
355.6629317321426
 20
75.57158391262163
 10
355.6767914164952
 20
75.60231742147501
 10
355.6904193630195
 20
75.63320298520537
 10
355.7038101917032
 20
75.66422747224385
 10
355.7169585225341
 20
75.69537775102161
 10
355.7298589755002
 20
75.72664068996977
 10
355.742510831438
 20
75.75801434573292
 10
355.7549134813023
 20
75.78949606299116
 10
355.767061992934
 20
75.8210723351563
 10
355.7789514341738
 20
75.85272965564012
 10
355.7905768728625
 20
75.88445451785445
 10
355.8027673390628
 20
75.9185987352051
 10
355.814651812744
 20
75.95281516402999
 10
355.8262248095153
 20
75.98708670550002
 10
355.8374808449857
 20
76.02139626078605
 10
355.8484144347644
 20
76.05572673105898
 10
355.8581730899377
 20
76.0872784958621
 10
355.8676585692778
 20
76.11884298457895
 10
355.8768671445796
 20
76.15040676450245
 10
355.8857950876384
 20
76.18195640292548
 10
355.8944386702491
 20
76.21347846714093
 10
355.9027972979838
 20
76.24497080947415
 10
355.9108706145993
 20
76.2764307906996
 10
355.9186554318055
 20
76.30784491768368
 10
355.9261485613117
 20
76.33919969729276
 10
355.9333468148279
 20
76.37048163639322
 10
355.940249638167
 20
76.40168851481751
 10
355.9468567698894
 20
76.43281774540806
 10
355.9531655988056
 20
76.46385589600621
 10
355.9591735137261
 20
76.49478953445332
 10
355.9648779034615
 20
76.52560522859073
 10
355.9706683069101
 20
76.558582192713
 10
355.9761074655916
 20
76.59141727932003
 10
355.9811929269576
 20
76.62409407600586
 10
355.9859222384598
 20
76.65659617036455
 10
355.9902929475496
 20
76.68890714999016
 10
355.994126012428
 20
76.7195349809907
 10
355.9976323628264
 20
76.74998172406157
 10
356.0008105234716
 20
76.78023348858494
 10
356.0036590190903
 20
76.81027638394296
 10
356.0061772845658
 20
76.84010567496989
 10
356.0083651322162
 20
76.86971679458934
 10
356.0102216660544
 20
76.89909625083894
 10
356.0117459900931
 20
76.92823055175633
 10
356.0129578947357
 20
76.95768288709546
 10
356.0138239369759
 20
76.98687090770753
 10
356.0143437969137
 20
77.01578083802201
 10
356.0145171546486
 20
77.04439890246843
  0
LWPOLYLINE
  5
C0
330
1F
100
AcDbEntity
  8
Geometries
  6
Continuous
370
    40
100
AcDbPolyline
 90
       41
 70
   128
 43
0.0
 10
356.0145171546486
 20
110.9607036696998
 10
356.0142788093323
 20
110.9275301618997
 10
356.0135641762276
 20
110.8947712520924
 10
356.0123738596014
 20
110.8624480154348
 10
356.0107084637203
 20
110.8305815270838
 10
356.0085679746692
 20
110.799178997252
 10
356.0059531732925
 20
110.7682466156872
 10
356.002865863422
 20
110.7378040502985
 10
355.9993078488895
 20
110.7078709689951
 10
355.9952795082464
 20
110.6784540644241
 10
355.9907819810862
 20
110.6495588097349
 10
355.9858182446013
 20
110.621203292345
 10
355.9803912759841
 20
110.5934055996718
 10
355.9753647441531
 20
110.5699979313724
 10
355.9699980352164
 20
110.5470068546905
 10
355.9642937724047
 20
110.5244426769875
 10
355.9582545789486
 20
110.502315705625
 10
355.951883078079
 20
110.4806362479646
 10
355.9440404320864
 20
110.4559428554801
 10
355.9357488519496
 20
110.431863122901
 10
355.9270136013038
 20
110.4084114628069
 10
355.9178399437841
 20
110.3856022877773
 10
355.9082293969562
 20
110.3634402937111
 10
355.8981840361078
 20
110.3419286382739
 10
355.8877101362883
 20
110.3210798452581
 10
355.8768139725476
 20
110.3009064384562
 10
355.8654973892334
 20
110.2814124003861
 10
355.8537627099588
 20
110.2626001662111
 10
355.8416171541811
 20
110.2444803414043
 10
355.8290679413577
 20
110.2270635314391
 10
355.8179951157006
 20
110.2127011629062
 10
355.8066281743738
 20
110.1988574822113
 10
355.7949722303338
 20
110.1855379117411
 10
355.783032396537
 20
110.1727478738819
 10
355.7708137859399
 20
110.1604927910201
 10
355.7560653669109
 20
110.1467450864603
 10
355.7409339529351
 20
110.1337414452845
 10
355.7254287620432
 20
110.1214886973482
 10
355.7095590122659
 20
110.1099936725067
 10
355.6933274619064
 20
110.0992582945163
 10
355.6782352257423
 20
110.0901432926193
  0
LWPOLYLINE
  5
C1
330
1F
100
AcDbEntity
  8
Geometries
  6
Continuous
370
    40
100
AcDbPolyline
 90
      117
 70
   128
 43
0.0
 10
341.8723815309177
 20
146.8865532305198
 10
341.872069816039
 20
146.9310434624241
 10
341.8711348401666
 20
146.9757701973975
 10
341.8695768564461
 20
147.0207205609316
 10
341.8673916245065
 20
147.0659663697888
 10
341.864581706648
 20
147.1114234733099
 10
341.8611478663335
 20
147.1570786911045
 10
341.8570979518027
 20
147.2028461119604
 10
341.8524272186751
 20
147.2487976250325
 10
341.8471369317608
 20
147.294919908468
 10
341.8412168946801
 20
147.3412863204941
 10
341.8346765944551
 20
147.3878104624529
 10
341.8275178085496
 20
147.4344787618813
 10
341.8197552668581
 20
147.481203508099
 10
341.8113782735221
 20
147.528058118495
 10
341.8023890977154
 20
147.5750289400494
 10
341.7927716809064
 20
147.6221902954306
 10
341.7825423533217
 20
147.6694542393498
 10
341.7717038959687
 20
147.7168069274074
 10
341.759426358554
 20
147.7675937142957
 10
341.7464540322408
 20
147.818465390378
 10
341.732790960077
 20
147.869404853975
 10
341.7184099175097
 20
147.9205043049694
 10
341.7033395455478
 20
147.9716541818605
 10
341.6875845603523
 20
148.0228372088532
 10
341.6723099933689
 20
148.0704898224497
 10
341.6564465338762
 20
148.1181563175204
 10
341.6399984812799
 20
148.1658227505344
 10
341.6229381699342
 20
148.2135635629014
 10
341.6052955926839
 20
148.2612899283889
 10
341.5870755472068
 20
148.3089878451395
 10
341.5683129159786
 20
148.3565686085379
 10
341.5489795652687
 20
148.4041066949467
 10
341.5290807334952
 20
148.4515882207707
 10
341.5085835304586
 20
148.4990867769154
 10
341.4875241626231
 20
148.5465142542636
 10
341.4659083533499
 20
148.5938567783533
 10
341.4437770146579
 20
148.6410268260315
 10
341.4210968007742
 20
148.6880980211078
 10
341.3978738509368
 20
148.7350566729287
 10
341.3740703646821
 20
148.7819749447924
 10
341.3497284335319
 20
148.8287661833317
 10
341.324854663289
 20
148.87541677504
 10
341.2976646470841
 20
148.9251504890412
 10
341.2698739678291
 20
148.9747067828311
 10
341.241491243299
 20
149.0240692265811
 10
341.2124640824753
 20
149.0733240468543
 10
341.1828512121594
 20
149.1223673853647
 10
341.152661836175
 20
149.1711829992017
 10
341.1238454651633
 20
149.2167242448715
 10
341.0945303969457
 20
149.2620513160601
 10
341.0647246210927
 20
149.3071510970489
 10
341.0343804651858
 20
149.3520923115826
 10
341.0035519228428
 20
149.3967920586798
 10
340.9722474056595
 20
149.4412374408446
 10
340.9405249570645
 20
149.4853475222735
 10
340.9083364699661
 20
149.529191060937
 10
340.8756906743509
 20
149.5727555372991
 10
340.8425361283222
 20
149.6161065674973
 10
340.8089314687547
 20
149.6591648889892
 10
340.7748858122511
 20
149.7019182618955
 10
340.7404615385258
 20
149.744289782662
 10
340.7056067781975
 20
149.7863450984259
 10
340.6703309226024
 20
149.8280723975097
 10
340.6345792368543
 20
149.8695337396336
 10
340.5984144554592
 20
149.9106540937554
 10
340.5618463166297
 20
149.9514219826852
 10
340.5223463933863
 20
149.994571739023
 10
340.4823977252266
 20
150.0373058733923
 10
340.4420125296139
 20
150.0796109233521
 10
340.4011201359044
 20
150.1215578523016
 10
340.3598018260424
 20
150.1630607152179
 10
340.3180702185212
 20
150.204106546298
 10
340.2780700085154
 20
150.2426498054234
 10
340.2377082635257
 20
150.2807698525515
 10
340.1969960355218
 20
150.3184560870318
 10
340.1558700489467
 20
150.3557648796831
 10
340.1144034750337
 20
150.3926280305498
 10
340.0726076412861
 20
150.4290353895462
 10
340.0305585994369
 20
150.4649223480184
 10
339.9881926407007
 20
150.5003452577236
 10
339.9455212301398
 20
150.5352945331963
 10
339.9024791887308
 20
150.5698216404674
 10
339.8591421672045
 20
150.6038643339544
 10
339.8155218576024
 20
150.6374135073224
 10
339.7716963919681
 20
150.6704107678766
 10
339.7276001740472
 20
150.7029075270287
 10
339.6832449839981
 20
150.7348952541748
 10
339.6385642505396
 20
150.7664202923513
 10
339.5936354923215
 20
150.7974266146882
 10
339.5484706700411
 20
150.8279061868849
 10
339.5000279978725
 20
150.8598414208417
 10
339.4513306114331
 20
150.89116825011
 10
339.402393165216
 20
150.9218775936552
 10
339.3531331914139
 20
150.9520192900114
 10
339.3036469498627
 20
150.9815329325324
 10
339.2539492786012
 20
151.0104100932182
 10
339.2116147062519
 20
151.0344133486907
 10
339.1691346421178
 20
151.0579547896236
 10
339.1265182093839
 20
151.081029779776
 10
339.0837745312351
 20
151.1036336829071
 10
339.0409127308562
 20
151.125761862776
 10
338.9979344875891
 20
151.1474135898509
 10
338.9548410914853
 20
151.1685887415962
 10
338.9116417031361
 20
151.1892832753711
 10
338.8683454831332
 20
151.2094931485345
 10
338.824961592068
 20
151.2292143184453
 10
338.7814917193459
 20
151.2484461985158
 10
338.7379371724318
 20
151.267188763447
 10
338.6943071249099
 20
151.2854385497602
 10
338.6506107503643
 20
151.3031920939767
 10
338.6068572223793
 20
151.3204459326181
 10
338.5614494630629
 20
151.3378011576261
 10
338.5159836134134
 20
151.3546191139507
 10
338.4704698800687
 20
151.370896581749
 10
338.4249184696666
 20
151.3866303411782
 10
338.3793395888449
 20
151.4018171723952
  0
LWPOLYLINE
  5
C2
330
1F
100
AcDbEntity
  8
Geometries
  6
Continuous
370
    40
100
AcDbPolyline
 90
      117
 70
   128
 43
0.0
 10
281.6880241115501
 20
147.7177034203649
 10
281.6883345971395
 20
147.7622448269141
 10
281.6892658860772
 20
147.8070255053898
 10
281.6908177266178
 20
147.8520325729264
 10
281.6929943408569
 20
147.8973379124765
 10
281.6957931785358
 20
147.9428573102737
 10
281.6992134804104
 20
147.9885775773154
 10
281.7032474337723
 20
148.0344127178942
 10
281.7078997634276
 20
148.0804346921261
 10
281.7131692115318
 20
148.1266301689399
 10
281.719065931851
 20
148.1730726068045
 10
281.7255804804708
 20
148.2196755128758
 10
281.7327110896758
 20
148.2664253044268
 10
281.740443095762
 20
148.3132341557726
 10
281.7487871506037
 20
148.3601755875505
 10
281.7577409973894
 20
148.4072359350575
 10
281.7673206301863
 20
148.4544896595146
 10
281.7775097906765
 20
148.5018486837001
 10
281.788305712882
 20
148.549299149593
 10
281.8005347812889
 20
148.6001923293592
 10
281.8134559128252
 20
148.6511734821567
 10
281.8270650863622
 20
148.702225487867
 10
281.8413894215684
 20
148.7534407649929
 10
281.8564003998841
 20
148.8047095408202
 10
281.8720933303707
 20
148.856014517219
 10
281.887308174333
 20
148.9037845915663
 10
281.9031096640051
 20
148.9515711833791
 10
281.9194935222516
 20
148.9993603265498
 10
281.9364873194251
 20
149.0472266931802
 10
281.954061180019
 20
149.0950812248815
 10
281.9722103306873
 20
149.142909893195
 10
281.9909000255468
 20
149.1906237432169
 10
282.0101583008062
 20
149.2382974785477
 10
282.029979943956
 20
149.2859171847782
 10
282.0503977451133
 20
149.3335567329331
 10
282.0713756264845
 20
149.3811277233404
 10
282.0929078921508
 20
149.4286162456606
 10
282.114953776068
 20
149.4759344698194
 10
282.1375465210261
 20
149.5231562939271
 10
282.1606800161869
 20
149.5702679863711
 10
282.1843919652841
 20
149.6173420419093
 10
282.2086404077534
 20
149.6642914528463
 10
282.233418767017
 20
149.7111025586744
 10
282.2605058061629
 20
149.7610126757691
 10
282.2881914089015
 20
149.8107479915112
 10
282.3164669924603
 20
149.8602920086139
 10
282.3453848517142
 20
149.9097314393986
 10
282.3748864023128
 20
149.95896188969
 10
282.4049624751959
 20
150.0079670400029
 10
282.4336568919682
 20
150.0536660971395
 10
282.4628478293558
 20
150.0991532586631
 10
282.4925273371905
 20
150.144415357664
 10
282.5227429628882
 20
150.1895214740237
 10
282.5534408868125
 20
150.2343883095841
 10
282.5846127362661
 20
150.2790029075796
 10
282.6162006593818
 20
150.3232839254619
 10
282.648252630601
 20
150.367300464271
 10
282.6807599574245
 20
150.4110399376782
 10
282.7137739832687
 20
150.4545683719001
 10
282.7472362195406
 20
150.49780603072
 10
282.781137585304
 20
150.5407405989558
 10
282.8154158638408
 20
150.5832946945281
 10
282.8501228166124
 20
150.6255343598372
 10
282.8852490852894
 20
150.6674477003743
 10
282.9208493431437
 20
150.7090972352072
 10
282.9568609645553
 20
150.7504073861582
 10
282.9932742411049
 20
150.7913665846738
 10
283.0326123897634
 20
150.8347282933489
 10
283.0723975187071
 20
150.8776758701204
 10
283.1126174367374
 20
150.920195725827
 10
283.1533428283761
 20
150.9623594702597
 10
283.1944924433333
 20
151.0040803665547
 10
283.2360536830521
 20
151.0453453118184
 10
283.275834641608
 20
151.0840436482421
 10
283.315974662359
 20
151.1223207966429
 10
283.3564627509643
 20
151.1601660763467
 10
283.3973619889356
 20
151.1976362135434
 10
283.4385994668557
 20
151.2346625538027
 10
283.4801639099187
 20
151.2712348572317
 10
283.5219795514022
 20
151.3072880602243
 10
283.564109887637
 20
151.3428788520795
 10
283.6065435003511
 20
151.3779975495124
 10
283.6493454294744
 20
151.4126960202233
 10
283.6924402196553
 20
151.4469114902697
 10
283.7358162192958
 20
151.4806347470648
 10
283.7793955118039
 20
151.5138068770052
 10
283.8232435344424
 20
151.5464796761862
 10
283.8673485406002
 20
151.5786445015628
 10
283.9117770234736
 20
151.6103481308639
 10
283.9564515836429
 20
151.6415339521643
 10
284.0013602865625
 20
151.6721938121545
 10
284.0495379574061
 20
151.7043290196069
 10
284.0979683032606
 20
151.7358562763097
 10
284.1466366824042
 20
151.7667663449124
 10
284.1956256025067
 20
151.7971096492502
 10
284.2448387823206
 20
151.8268249826364
 10
284.2942613859363
 20
151.8559037557544
 10
284.3359603869894
 20
151.8798505130871
 10
284.3778007352093
 20
151.9033440274747
 10
284.4197735591392
 20
151.9263796936429
 10
284.4618699873219
 20
151.9489529063176
 10
284.5040811483007
 20
151.9710590602246
 10
284.5464054314747
 20
151.9926974137113
 10
284.5888415665481
 20
152.0138677978237
 10
284.6313806375665
 20
152.034566179164
 10
284.6740137285754
 20
152.0547885243342
 10
284.7167319236205
 20
152.0745307999365
 10
284.7595335983401
 20
152.0937924000158
 10
284.8024174636336
 20
152.1125732513144
 10
284.8453745829976
 20
152.1308698807505
 10
284.8883960199283
 20
152.1486788152419
 10
284.9314728379222
 20
152.1659965817069
 10
284.9761592694701
 20
152.1834200918369
 10
285.020901928717
 20
152.2003158541927
 10
285.0656908766781
 20
152.2166806241207
 10
285.1105161743694
 20
152.2325111569673
 10
285.1553678828063
 20
152.247804208079
  0
LWPOLYLINE
  5
C3
330
1F
100
AcDbEntity
  8
Geometries
  6
Continuous
370
    40
100
AcDbPolyline
 90
      120
 70
   128
 43
0.0
 10
339.8446321171938
 20
152.2478042080789
 10
339.8946084581968
 20
152.2307291478274
 10
339.9445471826708
 20
152.2129884929532
 10
339.9944345426873
 20
152.1945865902839
 10
340.0443464072122
 20
152.1754930781925
 10
340.0941929519527
 20
152.155740227306
 10
340.143960354839
 20
152.1353329854129
 10
340.1935595182803
 20
152.1143089238057
 10
340.2430660846546
 20
152.0926373199096
 10
340.2924663081056
 20
152.070323684857
 10
340.3418361086488
 20
152.0473313361186
 10
340.391085477666
 20
152.0237001059144
 10
340.440200622884
 20
151.9994361345072
 10
340.4890927394177
 20
151.9745844317297
 10
340.5378374431404
 20
151.9491080281479
 10
340.586421051295
 20
151.9230136403274
 10
340.6349191057717
 20
151.896258314067
 10
340.6832418931586
 20
151.8688894860229
 10
340.7313757207053
 20
151.8409145243771
 10
340.7698177524983
 20
151.8180550018192
 10
340.8081317008716
 20
151.7948094702594
 10
340.8463105571265
 20
151.7711820563601
 10
340.8843473125642
 20
151.7471768867842
 10
340.9223146346761
 20
151.7227464450473
 10
340.9601346931892
 20
151.6979393760572
 10
340.9978004968484
 20
151.6727601773348
 10
341.0353050543984
 20
151.6472133464011
 10
341.0816933462786
 20
151.6149493533029
 10
341.1278224108852
 20
151.5821240518115
 10
341.173678960414
 20
151.5487467203067
 10
341.2193361563469
 20
151.5147618010066
 10
341.2647067484914
 20
151.4802323006098
 10
341.3097775393979
 20
151.4451681654367
 10
341.3544639647245
 20
151.409636946074
 10
341.3988387366594
 20
151.3735829957619
 10
341.4428889142106
 20
151.3370168169934
 10
341.4866856404022
 20
151.2998770938432
 10
341.5301438842213
 20
151.2622340626755
 10
341.5732508525341
 20
151.2240988827767
 10
341.6159246790695
 20
151.185546028758
 10
341.6582360341361
 20
151.1465141407249
 10
341.7001724377678
 20
151.1070149017117
 10
341.741802402412
 20
151.0669815598825
 10
341.7830438494178
 20
151.0264912362616
 10
341.8238845073266
 20
150.9855562455742
 10
341.8564555184466
 20
150.9522954028442
 10
341.8887610521127
 20
150.9187528757905
 10
341.9207948785462
 20
150.884935377942
 10
341.9525507679683
 20
150.8508496228275
 10
341.9840929753989
 20
150.8164249129671
 10
342.0153521099731
 20
150.7817355324136
 10
342.0463220926464
 20
150.7467885307336
 10
342.0769968443742
 20
150.7115909574934
 10
342.1137476232601
 20
150.6686326821867
 10
342.1500574513381
 20
150.6253171043343
 10
342.1859158829992
 20
150.5816572146341
 10
342.2213801502241
 20
150.5375813005415
 10
342.2563813445361
 20
150.4931733941126
 10
342.290909327449
 20
150.4484469761684
 10
342.3248993570799
 20
150.4034888054764
 10
342.3584081951567
 20
150.3582271930509
 10
342.3914261417235
 20
150.3126759367963
 10
342.4240062709767
 20
150.2667597140613
 10
342.4560844722663
 20
150.2205672183715
 10
342.4876514033523
 20
150.1741126799566
 10
342.5186474836061
 20
150.1274870599846
 10
342.5491253063011
 20
150.0806150648254
 10
342.5790760085787
 20
150.0335111704824
 10
342.6085479808786
 20
149.986097018151
 10
342.6374825306083
 20
149.9384652455357
 10
342.6658711988784
 20
149.8906306949736
 10
342.6883265108401
 20
149.8519785188583
 10
342.7104240738308
 20
149.8132026518048
 10
342.7321597292486
 20
149.7743109736933
 10
342.7535293184914
 20
149.7353113644042
 10
342.7745754256871
 20
149.696123994465
 10
342.7952514309316
 20
149.6568338850969
 10
342.8155534258673
 20
149.6174490842008
 10
342.8354775021369
 20
149.5779776396778
 10
342.8590534197338
 20
149.5301571334791
 10
342.8820724148969
 20
149.4822216176997
 10
342.9045280680999
 20
149.4341854631543
 10
342.9264551110118
 20
149.3859716740233
 10
342.9478108965235
 20
149.3376718221153
 10
342.9685894453594
 20
149.2893004704444
 10
342.9887530710773
 20
149.2409497993104
 10
343.0083360276797
 20
149.1925428441029
 10
343.0273328500083
 20
149.144094172173
 10
343.0457727892269
 20
149.095525857793
 10
343.063619540512
 20
149.0469307463184
 10
343.0808681052209
 20
148.9983235275618
 10
343.0974873394973
 20
148.9497971546367
 10
343.1135060020554
 20
148.9012737372377
 10
343.1289196221808
 20
148.8527678977225
 10
343.1437516820637
 20
148.8042014114798
 10
343.1579725470129
 20
148.7556676046184
 10
343.171578234525
 20
148.7071811519262
 10
343.182070547645
 20
148.6682344254184
 10
343.1921633762674
 20
148.6293258144025
 10
343.2018549296725
 20
148.590462914865
 10
343.2111434171406
 20
148.5516533227924
 10
343.2200460348818
 20
148.512820381076
 10
343.2285429573821
 20
148.4740462426136
 10
343.2366326775583
 20
148.4353384957944
 10
343.2443136883271
 20
148.3967047290077
 10
343.2529573580288
 20
148.3506287032097
 10
343.2610161529584
 20
148.3046644494397
 10
343.2684881340545
 20
148.2588247611733
 10
343.2753713622555
 20
148.2131224318858
 10
343.2816638985
 20
148.1675702550526
 10
343.2873653093919
 20
148.1221705325157
 10
343.2924756643119
 20
148.0769254537232
 10
343.2969937910962
 20
148.0318475470049
 10
343.3009185175808
 20
147.9869493406905
 10
343.3042486716022
 20
147.94224336311
 10
343.3070293600281
 20
147.8969016952649
 10
343.3091928420406
 20
147.8517639826706
 10
343.3107387015248
 20
147.8068431097243
 10
343.3116665223661
 20
147.7621519608233
 10
343.3119758884499
 20
147.7177034203648
  0
LWPOLYLINE
  5
C4
330
1F
100
AcDbEntity
  8
Geometries
  6
Continuous
370
    40
100
AcDbPolyline
 90
      120
 70
   128
 43
0.0
 10
359.643621990417
 20
109.2419906475846
 10
359.6145988648766
 20
109.2128182427453
 10
359.5855267435171
 20
109.183030248946
 10
359.556413688018
 20
109.1526342959713
 10
359.5272153094778
 20
109.1215818471708
 10
359.4979841492737
 20
109.0899266984726
 10
359.4687284892842
 20
109.0576769962967
 10
359.4395010623444
 20
109.0248913071363
 10
359.4102577588069
 20
108.9915207029868
 10
359.3810069912413
 20
108.9575737741547
 10
359.3517039270988
 20
108.9229958897537
 10
359.322402220007
 20
108.8878478715671
 10
359.2931104881155
 20
108.8521388471395
 10
359.2638822855724
 20
108.8159341783262
 10
359.2346731058234
 20
108.7791789347196
 10
359.2054916742065
 20
108.7418826950521
 10
359.1762929731701
 20
108.7039848818878
 10
359.1471314787859
 20
108.6655532761706
 10
359.118016098032
 20
108.6265980091493
 10
359.0947143263577
 20
108.5949972533364
 10
359.0714470215286
 20
108.5630645380758
 10
359.0482188350605
 20
108.5308053509506
 10
359.025034418469
 20
108.4982251795437
 10
359.001849745418
 20
108.4652599713923
 10
358.97871266893
 20
108.4319756787774
 10
358.9556279236839
 20
108.3983781020551
 10
358.9326002443588
 20
108.3644730415813
 10
358.9040602143136
 20
108.321904349708
 10
358.8756162538908
 20
108.2788685485555
 10
358.8472775346634
 20
108.2353772930106
 10
358.8189996620297
 20
108.1913584167253
 10
358.7908375883282
 20
108.1468935735731
 10
358.7628005867609
 20
108.1019949755398
 10
358.7349425036924
 20
108.0567479082442
 10
358.7072193351589
 20
108.0110801502259
 10
358.6796403331562
 20
107.9650043338207
 10
358.6521619715367
 20
107.918443198492
 10
358.6248387002904
 20
107.8714846365661
 10
358.5976798208503
 20
107.8241418232635
 10
358.5707383185412
 20
107.7765059076178
 10
358.5439710550092
 20
107.728499634153
 10
358.517387253131
 20
107.6801365663845
 10
358.4909446679931
 20
107.6313347869091
 10
358.4646966933714
 20
107.5821879779711
 10
358.438652542287
 20
107.5327102200856
 10
358.4178453186423
 20
107.4926575514901
 10
358.3971755406288
 20
107.4523971177781
 10
358.3766479598816
 20
107.4119364858852
 10
358.3562673280354
 20
107.3712832227472
 10
358.3359930710228
 20
107.3303529586797
 10
358.3158704898683
 20
107.2892338860116
 10
358.2959042949684
 20
107.2479338444986
 10
358.2760991967193
 20
107.2064606738964
 10
358.25233274054
 20
107.1560058963798
 10
358.2288103128876
 20
107.1053075094494
 10
358.2055401257604
 20
107.0543797933789
 10
358.1824863764584
 20
107.0031386634228
 10
358.1596952338996
 20
106.9516812803273
 10
358.137174774998
 20
106.900022315163
 10
358.1149687930606
 20
106.848260621363
 10
358.0930417904734
 20
106.7963122330998
 10
358.0714015936957
 20
106.7441920299416
 10
358.0500148015916
 20
106.6918133309906
 10
358.0289249030305
 20
106.6392767357625
 10
358.008139528122
 20
106.5865974629862
 10
357.9876994699558
 20
106.5338773208204
 10
357.9675716103783
 20
106.4810297716692
 10
357.9477632724664
 20
106.4280701805294
 10
357.9282438399043
 20
106.3749099267013
 10
357.9090535754333
 20
106.3216522883689
 10
357.8901995458566
 20
106.2683129115905
 10
357.8752679601307
 20
106.2253169101077
 10
357.8605586081966
 20
106.1822754574117
 10
357.8460750020423
 20
106.1391968067058
 10
357.8318206536555
 20
106.0960892111931
 10
357.8177678494264
 20
106.0528642559037
 10
357.8039484024242
 20
106.0096155107886
 10
357.7903656482288
 20
105.9663513544424
 10
357.77702292242
 20
105.9230801654592
 10
357.7612182291591
 20
105.8707729407982
 10
357.7457697018129
 20
105.8184666133868
 10
357.7306828707696
 20
105.766176067384
 10
357.7159355711468
 20
105.7138170515322
 10
357.701557625923
 20
105.6614885416555
 10
357.6875542291252
 20
105.6092055541317
 10
357.673951968232
 20
105.55706667725
 10
357.6607288812169
 20
105.5049878496241
 10
357.6478897520671
 20
105.4529840318799
 10
357.635415861901
 20
105.4009712174735
 10
357.623332776999
 20
105.3490484516611
 10
357.6116449038503
 20
105.2972307661353
 10
357.6003743762614
 20
105.2456163159644
 10
357.5895026656383
 20
105.1941213044803
 10
357.5790337382911
 20
105.1427606452584
 10
357.5689525424088
 20
105.0914512464061
 10
357.559280062281
 20
105.0402914283437
 10
357.5500198513099
 20
104.9892961136008
 10
357.5428745457998
 20
104.9484169913485
 10
357.5359979135424
 20
104.9076515084954
 10
357.5293915606254
 20
104.8670073676256
 10
357.5230570931364
 20
104.8264922713229
 10
357.5169831518824
 20
104.7860261924752
 10
357.5111835944808
 20
104.7456947295469
 10
357.5056597788538
 20
104.7055055570455
 10
357.5004130629236
 20
104.6654663494785
 10
357.494506504963
 20
104.6178100514799
 10
357.4889974271568
 20
104.5703737178424
 10
357.483887584544
 20
104.5231702482868
 10
357.4791787321633
 20
104.4762125425342
 10
357.4748726250535
 20
104.4295135003053
 10
357.4709699619486
 20
104.3830752702493
 10
357.4674709873425
 20
104.3368998605988
 10
357.4643767661987
 20
104.2909998615757
 10
357.4616883634811
 20
104.2453878634017
 10
357.4594068441533
 20
104.2000764562985
 10
357.4575015347467
 20
104.154229388141
 10
357.4560189680574
 20
104.1086985489016
 10
357.454959522874
 20
104.0634968445277
 10
357.4543235779856
 20
104.0186371809667
 10
357.4541115121808
 20
103.9741324641661
  0
LWPOLYLINE
  5
C5
330
1F
100
AcDbEntity
  8
Geometries
  6
Continuous
370
    40
100
AcDbPolyline
 90
       81
 70
   128
 43
0.0
 10
357.4541115121808
 20
76.21324871262337
 10
357.4538705285173
 20
76.17963654761104
 10
357.4531479842163
 20
76.14562601393817
 10
357.4519444893114
 20
76.11123938791218
 10
357.4502606538365
 20
76.07649894584051
 10
357.4480964628056
 20
76.04141209449122
 10
357.4454527042028
 20
76.00598680314775
 10
357.4423311994732
 20
75.97024631812829
 10
357.4387337700622
 20
75.93421388575094
 10
357.4346607960593
 20
75.89789739018514
 10
357.4301134284207
 20
75.86130501922347
 10
357.4250946746864
 20
75.82446075564438
 10
357.419607542396
 20
75.78738858222643
 10
357.4145254994618
 20
75.75539749153012
 10
357.4090995269855
 20
75.72324730690168
 10
357.4033322762606
 20
75.69095351214669
 10
357.3972263985804
 20
75.65853159107064
 10
357.3907845452382
 20
75.62599702747907
 10
357.3828549494061
 20
75.58794905127
 10
357.3744714241226
 20
75.5497603736021
 10
357.3656392942024
 20
75.51145575125588
 10
357.3563638844595
 20
75.47305994101193
 10
357.3466467253574
 20
75.43458163299843
 10
357.3364899237817
 20
75.39602909280964
 10
357.3258998332528
 20
75.35742710452563
 10
357.3148828072911
 20
75.31880045222653
 10
357.3034407088612
 20
75.28015787201795
 10
357.2915759017467
 20
75.24150749673882
 10
357.2792957024701
 20
75.20287393416628
 10
357.2666074275536
 20
75.16428179207746
 10
357.2554111332676
 20
75.13124986104943
 10
357.2439174745647
 20
75.09825718750433
 10
357.2321316392902
 20
75.06531902222757
 10
357.2200588152891
 20
75.03245061600458
 10
357.2077041904063
 20
74.99966721962076
 10
357.1928027607156
 20
74.96119431734473
 10
357.1775147789877
 20
74.92285107570171
 10
357.1618495860914
 20
74.88466179599519
 10
357.1458165228958
 20
74.84665077952864
 10
357.1294183852673
 20
74.80882658944802
 10
357.1126582895391
 20
74.77119684328733
 10
357.0955463670854
 20
74.73378514836607
 10
357.0780927492804
 20
74.69661511200371
 10
357.0603004746946
 20
74.65969503159695
 10
357.042172863387
 20
74.6230322257781
 10
357.0237207778038
 20
74.58664948293217
 10
357.0049550803914
 20
74.55056959144413
 10
356.988642150654
 20
74.51992666249399
 10
356.9721026695833
 20
74.48951368261778
 10
356.9553438933297
 20
74.45934434956499
 10
356.9383730780432
 20
74.42943236108509
 10
356.9211974798745
 20
74.3997914149276
 10
356.900566077377
 20
74.36499718132461
 10
356.8796519474743
 20
74.33059458475864
 10
356.8584678700842
 20
74.29660534117897
 10
356.8370266251246
 20
74.26305116653486
 10
356.8153320859823
 20
74.22993965453435
 10
356.793388386869
 20
74.19727737758215
 10
356.7712089194955
 20
74.1650848605392
 10
356.748807075572
 20
74.13338262826638
 10
356.7261869440457
 20
74.10217786330259
 10
356.7033528827346
 20
74.07147674527617
 10
356.6803188456526
 20
74.04129851684057
 10
356.6570987868133
 20
74.01166242064915
 10
356.6370627377929
 20
73.98671111903866
 10
356.6168946486893
 20
73.96216438997212
 10
356.5966036244267
 20
73.9380334367122
 10
356.5761987699291
 20
73.91432946252154
 10
356.5556891901208
 20
73.89106367066282
 10
356.5331193458834
 20
73.86610006972248
 10
356.5104295477355
 20
73.84166835621684
 10
356.4876321144634
 20
73.81778201079894
 10
356.4647393648534
 20
73.79445451412175
 10
356.4417552068451
 20
73.77169064844328
 10
356.4186837777152
 20
73.74949441969494
 10
356.3955377012413
 20
73.72787810484338
 10
356.3723296012012
 20
73.70685398085521
 10
356.3485003717851
 20
73.68594001620403
 10
356.3246149622266
 20
73.66565572276559
 10
356.3006872104638
 20
73.64601290587464
 10
356.2767309544346
 20
73.62702337086581
  0
LWPOLYLINE
  5
C6
330
1F
100
AcDbEntity
  8
Geometries
  6
Continuous
370
    40
100
AcDbPolyline
 90
       58
 70
   128
 43
0.0
 10
343.3119758884499
 20
95.80916665488877
 10
343.3116654028605
 20
95.85346232442652
 10
343.3107341139228
 20
95.89750596832431
 10
343.3091822733822
 20
95.94128496840155
 10
343.3070056591432
 20
95.98486795414254
 10
343.3042068214642
 20
96.02817290513822
 10
343.3007865195896
 20
96.07118743008681
 10
343.2967525662277
 20
96.11383193117994
 10
343.2921002365724
 20
96.1561749340544
 10
343.2868307884682
 20
96.1982044273197
 10
343.280934068149
 20
96.23998619200025
 10
343.2744195195293
 20
96.2814416349547
 10
343.2672889103242
 20
96.3225590241348
 10
343.259556904238
 20
96.36326258618419
 10
343.2512128493963
 20
96.40361798031518
 10
343.2422590026107
 20
96.44361389788736
 10
343.2326793698138
 20
96.4833127857662
 10
343.2224902093236
 20
96.52264007338717
 10
343.211694287118
 20
96.56158478020755
 10
343.1994652187111
 20
96.60284834760981
 10
343.1865440871749
 20
96.64366104321466
 10
343.1729349136378
 20
96.68400991186274
 10
343.1586105784316
 20
96.72396709312018
 10
343.1435996001159
 20
96.76344637304346
 10
343.1279066696293
 20
96.80243528662909
 10
343.112691825667
 20
96.8382733000358
 10
343.0968903359949
 20
96.87367693365506
 10
343.0805064777484
 20
96.90863660259059
 10
343.0635126805749
 20
96.94320646535546
 10
343.0459388199811
 20
96.97732197521171
 10
343.0277896693127
 20
97.01097396256853
 10
343.0090999744532
 20
97.04410172439239
 10
342.9898416991938
 20
97.07675924201435
 10
342.970020056044
 20
97.10893787034263
 10
342.9496022548867
 20
97.14068719811107
 10
342.9286243735155
 20
97.17194821217007
 10
342.9070921078493
 20
97.20271271692285
 10
342.885046223932
 20
97.2329258007419
 10
342.8624534789739
 20
97.26263685701156
 10
342.8393199838131
 20
97.29183823540788
 10
342.8156080347159
 20
97.32057465230679
 10
342.7913595922466
 20
97.34879299568695
 10
342.766581232983
 20
97.37648609286862
 10
342.7394941938371
 20
97.40552278980638
 10
342.7118085910985
 20
97.43395132672728
 10
342.6835330075397
 20
97.46176359183792
 10
342.6546151482858
 20
97.4890079907078
 10
342.6251135976872
 20
97.51562700176368
 10
342.5950375248041
 20
97.54161316909335
 10
342.5663431080318
 20
97.56538153807361
 10
342.5371521706442
 20
97.58858937762244
 10
342.5074726628095
 20
97.6112311227985
 10
342.4772570371118
 20
97.6333412435264
 10
342.4465591131875
 20
97.65487903000708
 10
342.4153872637339
 20
97.67583944300169
 10
342.3837993406182
 20
97.69618651121004
 10
342.3517473693991
 20
97.71595443897172
 10
342.3195052518565
 20
97.73498567389488
  0
LWPOLYLINE
  5
C7
330
1F
100
AcDbEntity
  8
Geometries
  6
Continuous
370
    40
100
AcDbPolyline
 90
       60
 70
   128
 43
0.0
 10
285.1553678828063
 20
97.81103851459646
 10
285.1053915418032
 20
97.82747647303187
 10
285.0554528173292
 20
97.84330541234343
 10
285.0055654573127
 20
97.85852037053284
 10
284.9556535927878
 20
97.87314224186163
 10
284.9058070480473
 20
97.88714262740002
 10
284.856039645161
 20
97.90051691184766
 10
284.8064404817197
 20
97.9132417758631
 10
284.7569339153454
 20
97.92533743030585
 10
284.7075336918944
 20
97.9367996723092
 10
284.6581638913512
 20
97.94764358751236
 10
284.608914522334
 20
97.95784705426247
 10
284.559799377116
 20
97.96740626144039
 10
284.5109072605823
 20
97.97630437987527
 10
284.4621625568596
 20
97.98455583187533
 10
284.413578948705
 20
97.99215725885357
 10
284.3650808942283
 20
97.99911768839993
 10
284.3167581068414
 20
98.00542165362108
 10
284.2686242792947
 20
98.01106623780692
 10
284.2301822475017
 20
98.0151132835466
 10
284.1918682991284
 20
98.01873452139948
 10
284.1536894428735
 20
98.02192870692056
 10
284.1156526874358
 20
98.02469459566478
 10
284.0776853653239
 20
98.02703550838214
 10
284.0398653068108
 20
98.02894483406922
 10
284.0021995031516
 20
98.03042160311077
 10
283.9646949456016
 20
98.03146484589146
 10
283.9183066537214
 20
98.03215604085176
 10
283.8721775891148
 20
98.03217499577426
 10
283.8263210395861
 20
98.03152039861826
 10
283.7806638436532
 20
98.03018795407246
 10
283.7352932515086
 20
98.0281772153407
 10
283.6902224606021
 20
98.02548742097198
 10
283.6455360352755
 20
98.0221239451266
 10
283.6011612633406
 20
98.01808195244574
 10
283.5571110857894
 20
98.01336126213783
 10
283.5133143595978
 20
98.00795081794332
 10
283.4698561157787
 20
98.0018579827941
 10
283.4267491474659
 20
97.99508317560655
 10
283.3840753209305
 20
97.98763968880888
 10
283.3417639658639
 20
97.97951597438717
 10
283.2998275622322
 20
97.9707130657148
 10
283.258197597588
 20
97.96121299118055
 10
283.2169561505822
 20
97.9510312179866
 10
283.1761154926734
 20
97.94016942257804
 10
283.1435444815534
 20
97.9309346921928
 10
283.1112389478873
 20
97.92125956893938
 10
283.0792051214538
 20
97.9111452796313
 10
283.0474492320317
 20
97.90059305108207
 10
283.0159070246011
 20
97.88957903670938
 10
282.9846478900269
 20
97.87812521144865
 10
282.9536779073536
 20
97.86623318576903
 10
282.9230031556258
 20
97.85390457013972
 10
282.8862523767399
 20
97.83838943457857
 10
282.8499425486619
 20
97.82223521660036
 10
282.8140841170008
 20
97.80544542450403
 10
282.7786198497759
 20
97.7879896871422
 10
282.7436186554639
 20
97.76989872529619
 10
282.709090672551
 20
97.75117669337025
 10
282.6804954006356
 20
97.73498605061111
  0
LWPOLYLINE
  5
C8
330
1F
100
AcDbEntity
  8
Geometries
  6
Continuous
370
    40
100
AcDbPolyline
 90
       35
 70
   128
 43
0.0
 10
281.6745112751847
 20
67.84680591740985
 10
281.6708438665532
 20
67.8220008946376
 10
281.6656002629617
 20
67.79107283504413
 10
281.6596650382185
 20
67.7605345757186
 10
281.6530405095402
 20
67.73039230210281
 10
281.6457317398773
 20
67.70066533747557
 10
281.6377437921801
 20
67.67137300511575
 10
281.6303482313657
 20
67.64658586230257
 10
281.6224550479885
 20
67.62212549589155
 10
281.6140686872257
 20
67.59800329253902
 10
281.6051935942544
 20
67.57423063890133
 10
281.5958342142519
 20
67.5508189216348
 10
281.584318986685
 20
67.52399741944953
 10
281.5721514483953
 20
67.49767390386768
 10
281.5593404785114
 20
67.47186493101952
 10
281.545894956162
 20
67.4465870570352
 10
281.5318182950573
 20
67.42184611752319
 10
281.5171148472097
 20
67.39764664903107
 10
281.5017951369628
 20
67.37400369119962
 10
281.4858696886602
 20
67.35093228366962
 10
281.4693425637233
 20
67.32843774210093
 10
281.4522186185729
 20
67.30652403074534
 10
281.4345098760614
 20
67.28520459178694
 10
281.4162283590408
 20
67.26449286740977
 10
281.4001097396275
 20
67.24723120915894
 10
281.3835758993978
 20
67.23042021966721
 10
281.3666352805387
 20
67.2140672804174
 10
281.3492963252369
 20
67.1981797728923
 10
281.3315674756794
 20
67.18276507857473
 10
281.3102038977946
 20
67.16522978818455
 10
281.2883087247139
 20
67.14835425097962
 10
281.2658969870934
 20
67.13214869735688
 10
281.2429837155892
 20
67.1166233577132
 10
281.2195745918846
 20
67.10178190067893
 10
281.198833548578
 20
67.08944068522631
  0
LWPOLYLINE
  5
C9
330
1F
100
AcDbEntity
  8
Geometries
  6
Continuous
370
    40
100
AcDbPolyline
 90
       93
 70
   128
 43
0.0
 10
268.7232690455654
 20
73.62702337086583
 10
268.7030996467327
 20
73.64296617827625
 10
268.6829485585303
 20
73.6593736228067
 10
268.662824033689
 20
73.67623863819318
 10
268.64273432494
 20
73.69355415817171
 10
268.6226876850141
 20
73.71131311647831
 10
268.6026855113332
 20
73.729514425752
 10
268.582729012594
 20
73.74815647744248
 10
268.5628262638274
 20
73.7672313288727
 10
268.5429853400643
 20
73.78673103736553
 10
268.5232143163356
 20
73.8066476602439
 10
268.5035144962671
 20
73.82697998233941
 10
268.4838870048829
 20
73.8477262741958
 10
268.4643397022608
 20
73.8688777677115
 10
268.444880448478
 20
73.89042569478497
 10
268.4255171036122
 20
73.91236128731467
 10
268.404864201469
 20
73.93630916882977
 10
268.3843242470335
 20
73.96069893956097
 10
268.3639066112664
 20
73.98551880333645
 10
268.3436206651285
 20
74.01075696398445
 10
268.3234757795807
 20
74.03640162533313
 10
268.3048152622996
 20
74.06068486762061
 10
268.2862796063673
 20
74.08531816873992
 10
268.2678761261595
 20
74.11029120809087
 10
268.2496121360523
 20
74.13559366507323
 10
268.2314949504214
 20
74.1612152190868
 10
268.2135255980598
 20
74.18715434472352
 10
268.195704986754
 20
74.21340894817294
 10
268.1780401246469
 20
74.23996803443751
 10
268.1605380198814
 20
74.26682060851965
 10
268.1432056806004
 20
74.29395567542178
 10
268.126044060664
 20
74.32137162381781
 10
268.1090540094679
 20
74.34906623998583
 10
268.0922422021892
 20
74.37702790409807
 10
268.0756153140051
 20
74.40524499632684
 10
268.0591800200929
 20
74.43370589684442
 10
268.041767400253
 20
74.46449877931379
 10
268.024577177108
 20
74.49556731361777
 10
268.0076171237399
 20
74.52689643489127
 10
267.990895013231
 20
74.55847107826919
 10
267.9744186186632
 20
74.59027617888646
 10
267.9593218836566
 20
74.62005004451198
 10
267.9444391270801
 20
74.65001871922294
 10
267.9297761931734
 20
74.68016957292218
 10
267.9153389261763
 20
74.71048997551262
 10
267.9011331703287
 20
74.74096729689714
 10
267.8871597035589
 20
74.77159967463166
 10
267.8734191995085
 20
74.80238457255619
 10
267.8599170826619
 20
74.83330892105064
 10
267.8466587775037
 20
74.86435965049495
 10
267.8336497085184
 20
74.89552369126903
 10
267.8208906154121
 20
74.9267990887313
 10
267.808382110269
 20
74.95818321982162
 10
267.7961291628003
 20
74.98966265039934
 10
267.7841367427176
 20
75.02122394632393
 10
267.7724098197321
 20
75.05285367345479
 10
267.7601135377623
 20
75.08689251760353
 10
267.7481249180293
 20
75.12100461643959
 10
267.7364494810009
 20
75.15517298094466
 10
267.7250927471454
 20
75.18938062210043
 10
267.7140602369305
 20
75.22361055088864
 10
267.7042013113725
 20
75.2551067614296
 10
267.6946176964133
 20
75.2866169236767
 10
267.6853131552191
 20
75.31812765442922
 10
267.6762914509559
 20
75.3496255704865
 10
267.6675563467896
 20
75.38109728864787
 10
267.6591084485877
 20
75.41254065639001
 10
267.6509481116886
 20
75.44395306887948
 10
267.6430785527252
 20
75.47532108961181
 10
267.6355029883301
 20
75.50663128208261
 10
267.6282246351365
 20
75.53787020978744
 10
267.6212440556147
 20
75.56903565264301
 10
267.6145615098239
 20
75.60012505778762
 10
267.6081796317376
 20
75.63112505430324
 10
267.6021010553296
 20
75.6620222712718
 10
267.5963284145735
 20
75.69280333777525
 10
267.5904682739027
 20
75.72573986859211
 10
267.5849620535366
 20
75.75853668143384
 10
267.5798122274673
 20
75.79117744908184
 10
267.5750212696872
 20
75.82364584431745
 10
267.5705916541886
 20
75.85592553992207
 10
267.5666830831624
 20
75.8867053342004
 10
267.5631076124575
 20
75.91730414711537
 10
267.559866757562
 20
75.9477079144319
 10
267.5569620339645
 20
75.97790257191484
 10
267.5543940219104
 20
76.00788332648237
 10
267.552162913216
 20
76.03764556080313
 10
267.5502696281027
 20
76.06717561305251
 10
267.5487150867926
 20
76.09645982140603
 10
267.5474789427639
 20
76.12606884468933
 10
267.5465955758045
 20
76.15541263997966
 10
267.5460653145958
 20
76.1844772487875
 10
267.5458884878192
 20
76.21324871262334
  0
LWPOLYLINE
  5
CA
330
1F
100
AcDbEntity
  8
Geometries
  6
Continuous
370
    40
100
AcDbPolyline
 90
      149
 70
   128
 43
0.0
 10
267.5458884878192
 20
103.1576358832383
 10
267.5457389575286
 20
103.1993887066733
 10
267.5452904500745
 20
103.2413911421761
 10
267.5445430905842
 20
103.2836363993695
 10
267.5434970041846
 20
103.3261176878767
 10
267.5421496489965
 20
103.3689067257361
 10
267.540502778668
 20
103.4119280370327
 10
267.538556770306
 20
103.4551746609629
 10
267.5363120010176
 20
103.4986396367228
 10
267.5337732723347
 20
103.5422452075591
 10
267.5309372979144
 20
103.5860637557253
 10
267.5278047016393
 20
103.6300882355568
 10
267.5243761073919
 20
103.6743116013888
 10
267.5206451145345
 20
103.7188083641571
 10
267.5166178304625
 20
103.7635000066748
 10
267.5122951301071
 20
103.8083793392138
 10
267.5076778883997
 20
103.8534391720459
 10
267.5027752216674
 20
103.8985990814266
 10
267.4975799920217
 20
103.9439341474988
 10
267.4920933133531
 20
103.9894371245878
 10
267.486316299552
 20
104.035100767019
 10
267.4802387660329
 20
104.0810018129122
 10
267.4738710982113
 20
104.1270593041169
 10
267.4672146565191
 20
104.173265878052
 10
267.4602708013884
 20
104.219614172136
 10
267.4525192732651
 20
104.2693864509821
 10
267.4444400509506
 20
104.3193154508852
 10
267.436035103377
 20
104.3693920561351
 10
267.4273063994764
 20
104.4196071510219
 10
267.4182366416948
 20
104.4700575242557
 10
267.4088439084239
 20
104.5206409896277
 10
267.3991304844378
 20
104.5713483114639
 10
267.3890986545107
 20
104.6221702540903
 10
267.3794773729661
 20
104.6695683509753
 10
267.3695822799284
 20
104.717060739372
 10
267.3594154467007
 20
104.7646399393552
 10
267.3489789445862
 20
104.8122984709998
 10
267.3382551778017
 20
104.860115809015
 10
267.3272629279751
 20
104.9080079301371
 10
267.3160044920704
 20
104.9559672964985
 10
267.3044821670512
 20
105.0039863702314
 10
267.2927174347815
 20
105.0519804138862
 10
267.2806920176816
 20
105.1000291699917
 10
267.2684084064385
 20
105.1481251346895
 10
267.2558690917393
 20
105.1962608041214
 10
267.2430531991187
 20
105.244516042515
 10
267.22998322734
 20
105.2928063376226
 10
267.2166618771438
 20
105.3411241572951
 10
267.2030918492709
 20
105.3894619693838
 10
267.1892981867829
 20
105.437734935559
 10
267.1752593601699
 20
105.486023091898
 10
267.1609782426311
 20
105.5343189696719
 10
267.1464577073655
 20
105.5826151001517
 10
267.1316738486412
 20
105.6309911259734
 10
267.1166525991148
 20
105.67936269848
 10
267.1013970229965
 20
105.7277223508153
 10
267.0859101844964
 20
105.776062616123
 10
267.0690893682732
 20
105.8277486068654
 10
267.052007469932
 20
105.8794068983016
 10
267.0346684488211
 20
105.931028420466
 10
267.0170762642891
 20
105.982604103393
 10
266.9991979562575
 20
106.0342309023039
 10
266.9810693700178
 20
106.0858060396207
 10
266.9626946880373
 20
106.1373204856712
 10
266.9440780927837
 20
106.1887652107836
 10
266.9264308185566
 20
106.236864515826
 10
266.908574916162
 20
106.2848979955197
 10
266.8905139628971
 20
106.3328583295117
 10
266.8722515360592
 20
106.3807381974493
 10
266.8537579192875
 20
106.4286160727095
 10
266.8350655799482
 20
106.4764087210123
 10
266.8161782403661
 20
106.5241088872418
 10
266.7970996228659
 20
106.5717093162819
 10
266.7778641716393
 20
106.6191275980352
 10
266.7584416022599
 20
106.6664421020867
 10
266.7388357302491
 20
106.7136457260058
 10
266.7190503711282
 20
106.7607313673618
 10
266.6990536928852
 20
106.8077754291981
 10
266.6788805272664
 20
106.8546968265501
 10
266.6585348070056
 20
106.9014885513944
 10
266.6380204648364
 20
106.9481435957073
 10
266.6173740770668
 20
106.9945820432033
 10
266.5965632801932
 20
107.0408801100547
 10
266.5755920699872
 20
107.0870309658157
 10
266.5544644422204
 20
107.1330277800406
 10
266.5331468121814
 20
107.1789443419196
 10
266.5116759479124
 20
107.2247023026804
 10
266.4900559333217
 20
107.2702949532365
 10
266.4682908523177
 20
107.3157155845015
 10
266.4448803530278
 20
107.364047520257
 10
266.4213086866223
 20
107.4121784958113
 10
266.3975808995975
 20
107.4601005413676
 10
266.3737020384498
 20
107.5078056871291
 10
266.3496291618909
 20
107.5553804092821
 10
266.3254092225625
 20
107.602732793358
 10
266.301047344601
 20
107.6498550581232
 10
266.2765486521427
 20
107.6967394223446
 10
266.2532022020994
 20
107.7409591967053
 10
266.2297368219471
 20
107.7849613312911
 10
266.2061569000449
 20
107.8287394034851
 10
266.1824668247521
 20
107.8722869906706
 10
266.1586287551779
 20
107.9156742362917
 10
266.1346840417771
 20
107.9588265876556
 10
266.1106371030957
 20
108.0017377991712
 10
266.086492357679
 20
108.0444016252474
 10
266.0622922260434
 20
108.0867457320882
 10
266.0379984313868
 20
108.1288398102993
 10
266.0136153637714
 20
108.1706778610909
 10
265.9891474132588
 20
108.212253885673
 10
265.9645560668051
 20
108.2536338024332
 10
265.9398833260972
 20
108.2947475148036
 10
265.915133582491
 20
108.3355892171699
 10
265.8903112273426
 20
108.3761531039178
 10
265.86545907831
 20
108.4163715584221
 10
265.8405382343983
 20
108.4563099662612
 10
265.8155530320554
 20
108.4959627767783
 10
265.7905078077295
 20
108.5353244393165
 10
265.7653637347548
 20
108.5744563172435
 10
265.7401630447003
 20
108.6132931129359
 10
265.7149100494811
 20
108.6518294795685
 10
265.6896090610125
 20
108.6900600703159
 10
265.6625636048844
 20
108.7305108037121
 10
265.6354676302988
 20
108.7706101189235
 10
265.6083263028078
 20
108.8103518143257
 10
265.5811447879636
 20
108.8497296882947
 10
265.5538756940334
 20
108.8888125412978
 10
265.5265703863317
 20
108.9275269921155
 10
265.4992339707035
 20
108.9658671097748
 10
265.4718715529937
 20
109.0038269633029
 10
265.4407483424727
 20
109.0465001855291
 10
265.4095959016788
 20
109.0886795601234
 10
265.3784215435873
 20
109.1303569216198
 10
265.3472325811737
 20
109.1715241045521
 10
265.3160363274134
 20
109.2121729434544
 10
265.2848346430595
 20
109.2523023960197
 10
265.2536288836164
 20
109.2919122838855
 10
265.222426123626
 20
109.3309950650561
 10
265.1912334376302
 20
109.3695431975359
 10
265.1600579001711
 20
109.4075491393295
 10
265.1289011925426
 20
109.445011938125
 10
265.0977644933565
 20
109.4819314450602
 10
265.0666546165776
 20
109.5183007258771
 10
265.0355783761707
 20
109.5541128463172
 10
265.0045425861006
 20
109.5893608721225
 10
264.9724159532393
 20
109.6253017278637
 10
264.9403355193234
 20
109.6606353357243
 10
264.9083085613184
 20
109.6953546379738
 10
264.8763423561904
 20
109.7294525768818
 10
264.8444441809049
 20
109.7629220947178
  0
ELLIPSE
  5
CB
330
1F
100
AcDbEntity
  8
Geometries
  6
Continuous
370
    40
100
AcDbEllipse
 10
312.5
 20
87.47057863866232
 30
0.0
 11
-54.49999999999999
 21
3.469446951953615E-15
 31
0.0
210
0.0
220
0.0
230
0.9999999999999998
 40
0.5773502691896257
 41
0.0000000000000002
 42
3.141592653589793
  0
ELLIPSE
  5
CC
330
1F
100
AcDbEntity
  8
Geometries
  6
Continuous
370
    40
100
AcDbEllipse
 10
312.5
 20
125.0294213613377
 30
0.0
 11
-54.49999999999999
 21
3.469446951953615E-15
 31
0.0
210
0.0
220
0.0
230
0.9999999999999998
 40
0.5773502691896257
 41
0.0000000000000002
 42
0.5065698973745594
  0
ELLIPSE
  5
CD
330
1F
100
AcDbEntity
  8
Geometries
  6
Continuous
370
    40
100
AcDbEllipse
 10
312.5
 20
125.0294213613377
 30
0.0
 11
-54.49999999999999
 21
3.469446951953615E-15
 31
0.0
210
0.0
220
0.0
230
0.9999999999999998
 40
0.5773502691896257
 41
3.141592653589793
 42
3.667197578706626
  0
ELLIPSE
  5
CE
330
1F
100
AcDbEntity
  8
Geometries
  6
Continuous
370
    40
100
AcDbEllipse
 10
312.5
 20
125.0294213613377
 30
0.0
 11
-54.49999999999999
 21
3.469446951953615E-15
 31
0.0
210
0.0
220
0.0
230
0.9999999999999998
 40
0.5773502691896257
 41
2.61598772847296
 42
3.141592653589793
  0
ELLIPSE
  5
CF
330
1F
100
AcDbEntity
  8
Geometries
  6
Continuous
370
    40
100
AcDbEllipse
 10
312.5
 20
125.0294213613377
 30
0.0
 11
-54.49999999999999
 21
3.469446951953615E-15
 31
0.0
210
0.0
220
0.0
230
0.9999999999999998
 40
0.5773502691896257
 41
5.757580382062754
 42
6.283185307179586
  0
ELLIPSE
  5
D0
330
1F
100
AcDbEntity
  8
Geometries
  6
Continuous
370
    40
100
AcDbEllipse
 10
312.5
 20
125.0294213613377
 30
0.0
 11
-54.49999999999999
 21
3.469446951953615E-15
 31
0.0
210
0.0
220
0.0
230
0.9999999999999998
 40
0.5773502691896257
 41
4.186784055267855
 42
5.237993905501523
  0
ELLIPSE
  5
D1
330
1F
100
AcDbEntity
  8
Geometries
  6
Continuous
370
    40
100
AcDbEllipse
 10
312.5
 20
92.36955812422867
 30
0.0
 11
-54.49999999999999
 21
3.469446951953615E-15
 31
0.0
210
0.0
220
0.0
230
0.9999999999999998
 40
0.5773502691896257
 41
5.350465831233771
 42
5.637074581197589
  0
ELLIPSE
  5
D2
330
1F
100
AcDbEntity
  8
Geometries
  6
Continuous
370
    40
100
AcDbEllipse
 10
312.5
 20
125.0294213613377
 30
0.0
 11
-54.49999999999999
 21
3.469446951953615E-15
 31
0.0
210
0.0
220
0.0
230
0.9999999999999998
 40
0.5773502691896257
 41
1.045191401678064
 42
2.096401251911729
  0
ELLIPSE
  5
D3
330
1F
100
AcDbEntity
  8
Geometries
  6
Continuous
370
    40
100
AcDbEllipse
 10
312.5
 20
125.0294213613377
 30
0.0
 11
-52.49999999999999
 21
3.469446951953614E-15
 31
0.0
210
0.0
220
0.0
230
1.0
 40
0.5773502691896257
 41
5.767719939615541
 42
6.283185307179586
  0
ELLIPSE
  5
D4
330
1F
100
AcDbEntity
  8
Geometries
  6
Continuous
370
    40
100
AcDbEllipse
 10
312.5
 20
125.0294213613377
 30
0.0
 11
-52.49999999999999
 21
3.469446951953614E-15
 31
0.0
210
0.0
220
0.0
230
1.0
 40
0.5773502691896257
 41
0.0000000000000001
 42
0.4956464619614005
  0
ELLIPSE
  5
D5
330
1F
100
AcDbEntity
  8
Geometries
  6
Continuous
370
    40
100
AcDbEllipse
 10
312.5
 20
125.0294213613377
 30
0.0
 11
-52.49999999999999
 21
3.469446951953614E-15
 31
0.0
210
0.0
220
0.0
230
1.0
 40
0.5773502691896257
 41
2.626127286025748
 42
3.141592653589793
  0
ELLIPSE
  5
D6
330
1F
100
AcDbEntity
  8
Geometries
  6
Continuous
370
    40
100
AcDbEllipse
 10
312.5
 20
125.0294213613377
 30
0.0
 11
-52.49999999999999
 21
3.469446951953614E-15
 31
0.0
210
0.0
220
0.0
230
1.0
 40
0.5773502691896257
 41
3.141592653589793
 42
3.657058021153837
  0
ELLIPSE
  5
D7
330
1F
100
AcDbEntity
  8
Geometries
  6
Continuous
370
    40
100
AcDbEllipse
 10
312.5
 20
92.36955812422867
 30
0.0
 11
-54.49999999999999
 21
3.469446951953615E-15
 31
0.0
210
0.0
220
0.0
230
0.9999999999999998
 40
0.5773502691896257
 41
3.78770337957179
 42
4.074312129535608
  0
ELLIPSE
  5
D8
330
1F
100
AcDbEntity
  8
Geometries
  6
Continuous
370
    40
100
AcDbEllipse
 10
312.5
 20
125.0294213613377
 30
0.0
 11
-52.49999999999999
 21
3.469446951953614E-15
 31
0.0
210
0.0
220
0.0
230
1.0
 40
0.5773502691896257
 41
1.055330959230852
 42
2.086261694358942
  0
ELLIPSE
  5
D9
330
1F
100
AcDbEntity
  8
Geometries
  6
Continuous
370
    40
100
AcDbEllipse
 10
312.5
 20
92.36955812422866
 30
0.0
 11
-52.49999999999999
 21
3.469446951953614E-15
 31
0.0
210
0.0
220
0.0
230
1.0
 40
0.5773502691896257
 41
3.774013903036486
 42
4.079967730937996
  0
LINE
  5
DA
330
1F
100
AcDbEntity
  8
Geometries
  6
Continuous
370
    40
100
AcDbLine
 10
267.5458884878192
 20
76.21324871262334
 30
0.0
 11
267.5458884878192
 21
103.1576358832383
 31
0.0
  0
LINE
  5
DB
330
1F
100
AcDbEntity
  8
Geometries
  6
Continuous
370
    40
100
AcDbLine
 10
281.6880241115502
 20
68.04828290334609
 30
0.0
 11
281.6880241115502
 21
95.80916665488878
 31
0.0
  0
LINE
  5
DC
330
1F
100
AcDbEntity
  8
Geometries
  6
Continuous
370
    40
100
AcDbLine
 10
339.8446321171937
 20
97.81103851459646
 30
0.0
 11
338.3793395888449
 21
98.65702555028024
 31
0.0
  0
LINE
  5
DD
330
1F
100
AcDbEntity
  8
Geometries
  6
Continuous
370
    40
100
AcDbLine
 10
343.3119758884499
 20
68.04828290334606
 30
0.0
 11
343.3119758884499
 21
95.80916665488877
 31
0.0
  0
LINE
  5
DE
330
1F
100
AcDbEntity
  8
Geometries
  6
Continuous
370
    40
100
AcDbLine
 10
343.3119758884499
 20
119.9568196688221
 30
0.0
 11
343.3119758884499
 21
147.7177034203648
 31
0.0
  0
LINE
  5
DF
330
1F
100
AcDbEntity
  8
Geometries
  6
Continuous
370
    40
100
AcDbLine
 10
284.126602254767
 20
98.56989623212108
 30
0.0
 11
282.6805016308926
 21
97.7349896476519
 31
0.0
  0
LWPOLYLINE
  5
E0
330
1F
100
AcDbEntity
  8
Geometries
  6
Continuous
370
    40
100
AcDbPolyline
 90
       38
 70
   128
 43
0.0
 10
268.7425936635084
 20
105.8519479371095
 10
268.7484001039224
 20
105.8277808774107
 10
268.7599245630317
 20
105.7790274072706
 10
268.7711802750391
 20
105.7303373768731
 10
268.7821648421456
 20
105.681718675726
 10
268.7928758665526
 20
105.6331791933375
 10
268.8032940460702
 20
105.5848065952074
 10
268.8134374204932
 20
105.5365179628801
 10
268.8233038319971
 20
105.4883211238723
 10
268.8328911227572
 20
105.4402239057009
 10
268.8422144357042
 20
105.3921439928582
 10
268.8512556315149
 20
105.344169101587
 10
268.860012777808
 20
105.296307064441
 10
268.8684839422024
 20
105.2485657139739
 10
268.8772474735745
 20
105.1975170338037
 10
268.8856801549829
 20
105.1466130934741
 10
268.8937799173128
 20
105.0958634785532
 10
268.9015446914495
 20
105.0452777746088
 10
268.9089883049415
 20
104.9947559936292
 10
268.9160936768155
 20
104.9444050247885
 10
268.9228590597228
 20
104.894234420262
 10
268.9292827063147
 20
104.8442537322246
 10
268.9360156224215
 20
104.7889679694932
 10
268.942324956041
 20
104.7339245587883
 10
268.9482088085376
 20
104.6791364207714
 10
268.9536652812758
 20
104.6246164761042
 10
268.9586933945906
 20
104.5703689854758
 10
268.9632925199357
 20
104.5163980994285
 10
268.9674612898705
 20
104.4627165265449
 10
268.9711983369544
 20
104.4093369754076
 10
268.9745029412964
 20
104.3562636709636
 10
268.977374740589
 20
104.3035006928867
 10
268.9798129058247
 20
104.2510605007437
 10
268.9818166079956
 20
104.1989555541013
 10
268.9834201347834
 20
104.1458578031154
 10
268.9845658841855
 20
104.093121547663
 10
268.9852535548316
 20
104.0407599251754
 10
268.9854828453514
 20
103.9887860730834
  0
LINE
  5
E1
330
1F
100
AcDbEntity
  8
Geometries
  6
Continuous
370
    40
100
AcDbLine
 10
267.5458884878192
 20
76.21324871262334
 30
0.0
 11
268.9854828453514
 21
77.04439890246843
 31
0.0
  0
LWPOLYLINE
  5
E2
330
1F
100
AcDbEntity
  8
Geometries
  6
Continuous
370
    40
100
AcDbPolyline
 90
      109
 70
   128
 43
0.0
 10
266.3177746053075
 20
110.6135498118519
 10
266.3437785483192
 20
110.5855920007273
 10
266.3698311556055
 20
110.5572032930971
 10
266.3959283974439
 20
110.5283876295979
 10
266.4220662441118
 20
110.4991489508659
 10
266.4482863683626
 20
110.4694391372142
 10
266.4745443944782
 20
110.4393070175423
 10
266.5008361437473
 20
110.4087568054507
 10
266.5271574374585
 20
110.37779271454
 10
266.55346364908
 20
110.3464674706695
 10
266.5797962984308
 20
110.3147319139005
 10
266.6061511016979
 20
110.2825904973072
 10
266.6325237750681
 20
110.250047673964
 10
266.6589568661473
 20
110.217049152594
 10
266.685404684483
 20
110.1836502348756
 10
266.7118628029579
 20
110.1498556647687
 10
266.7383267944551
 20
110.115670186233
 10
266.7647509529203
 20
110.0811528239502
 10
266.7911775938165
 20
110.046248345941
 10
266.8176021969079
 20
110.0109617457001
 10
266.8440202419584
 20
109.9752980167221
 10
266.8704749137468
 20
109.9391967618248
 10
266.8969194480899
 20
109.9027197557748
 10
266.9233491935515
 20
109.8658722969288
 10
266.9497594986957
 20
109.8286596836433
 10
266.9779514018363
 20
109.7885016320842
 10
267.0061167145658
 20
109.7479301493019
 10
267.0342496406157
 20
109.7069520528236
 10
267.0623443837175
 20
109.6655741601769
 10
267.0904543073227
 20
109.6237147934749
 10
267.1185211215126
 20
109.5814577560586
 10
267.1465388813199
 20
109.5388102794533
 10
267.1745016417775
 20
109.4957795951844
 10
267.200527646943
 20
109.4553060206266
 10
267.2265016432721
 20
109.4145025019385
 10
267.2524187331815
 20
109.3733751970481
 10
267.278274019088
 20
109.3319302638837
 10
267.3041109842982
 20
109.2900952010374
 10
267.3298817482075
 20
109.2479448172811
 10
267.3555813283459
 20
109.2054855850878
 10
267.3812047422427
 20
109.1627239769303
 10
267.4067049417851
 20
109.1197378129793
 10
267.4321249656459
 20
109.0764539566805
 10
267.457459814797
 20
109.0328791225453
 10
267.4827044902105
 20
108.989020025085
 10
267.5079020067627
 20
108.9447987723253
 10
267.5330046357494
 20
108.9002960664263
 10
267.5580073251396
 20
108.8555189297468
 10
267.5829050229017
 20
108.8104743846456
 10
267.6076511455077
 20
108.765245839539
 10
267.6322882034701
 20
108.7197548657305
 10
267.6568111642148
 20
108.674008709885
 10
267.6812149951678
 20
108.6280146186677
 10
267.705541779751
 20
108.5816897474492
 10
267.7297444773255
 20
108.5351202671708
 10
267.7538180391434
 20
108.48831371783
 10
267.7777574164571
 20
108.4412776394242
 10
267.8033121309862
 20
108.3905159105532
 10
267.8287066659599
 20
108.3394948099522
 10
267.8539348109047
 20
108.2882239841387
 10
267.8789903553471
 20
108.2367130796304
 10
267.9039238326779
 20
108.1848531776984
 10
267.9286782800825
 20
108.1327579312738
 10
267.9532475188531
 20
108.0804373537845
 10
267.9776253702821
 20
108.0279014586584
 10
267.9994477503856
 20
107.980331567652
 10
268.0211100315839
 20
107.932591146513
 10
268.0426077502835
 20
107.8846877416789
 10
268.063936442891
 20
107.8366288995874
 10
268.0851315952594
 20
107.7883307339231
 10
268.1061529782252
 20
107.7398811592974
 10
268.1269961907828
 20
107.6912879365031
 10
268.1476568319265
 20
107.6425588263333
 10
268.1680965950509
 20
107.5937831070633
 10
268.1883503692702
 20
107.544876689669
 10
268.208413881231
 20
107.4958474512181
 10
268.2282828575803
 20
107.4467032687784
 10
268.2479905755451
 20
107.3973575541674
 10
268.2674990552954
 20
107.3479013333811
 10
268.2868041231498
 20
107.2983426682807
 10
268.3059016054268
 20
107.2486896207273
 10
268.3247557258941
 20
107.1990341785719
 10
268.3433991223279
 20
107.1492896462093
 10
268.361827783264
 20
107.0994641664286
 10
268.380037697238
 20
107.0495658820189
 10
268.3980595030383
 20
106.9995061869626
 10
268.4158579872395
 20
106.949378498776
 10
268.4334292740523
 20
106.8991911122194
 10
268.4507694876875
 20
106.8489523220529
 10
268.469132353078
 20
106.7949445598135
 10
268.4872243586653
 20
106.7408837011382
 10
268.5050409280731
 20
106.6867801344834
 10
268.5225774849249
 20
106.6326442483052
 10
268.5398682120467
 20
106.5783639812453
 10
268.5568734184135
 20
106.5240578095321
 10
268.5735887545371
 20
106.4697362813505
 10
268.5900098709292
 20
106.4154099448852
 10
268.6045827165238
 20
106.3663547986668
 10
268.618912518562
 20
106.3173008898235
 10
268.6329962691859
 20
106.2682560308074
 10
268.6468309605373
 20
106.2192280340707
 10
268.6604387101403
 20
106.1701334535502
 10
268.673793688024
 20
106.1210607589011
 10
268.6868930682783
 20
106.0720178319156
 10
268.6997340249932
 20
106.0230125543858
 10
268.7122933863884
 20
105.9741330299224
 10
268.7245925888354
 20
105.9252960073987
 10
268.7366290290936
 20
105.8765093391248
 10
268.7425936635084
 20
105.8519479371095
  0
LINE
  5
E3
330
1F
100
AcDbEntity
  8
Geometries
  6
Continuous
370
    40
100
AcDbLine
 10
356.0145171546486
 20
110.9607036696998
 30
0.0
 11
356.0145171546486
 21
111.3145380819711
 31
0.0
  0
LWPOLYLINE
  5
E4
330
1F
100
AcDbEntity
  8
Geometries
  6
Continuous
370
    40
100
AcDbPolyline
 90
        9
 70
   128
 43
0.0
 10
281.4672780731449
 20
67.9208351186503
 10
281.4946561878396
 20
67.90948916355927
 10
281.5220453759884
 20
67.898613518203
 10
281.5494343312548
 20
67.8882123301763
 10
281.5768117473017
 20
67.878289747074
 10
281.6041663177924
 20
67.86884991649089
 10
281.631496055897
 20
67.85989368266902
 10
281.6587990952879
 20
67.85142119194916
 10
281.6744590680752
 20
67.84677579181002
  0
LINE
  5
E5
330
1F
100
AcDbEntity
  8
Geometries
  6
Continuous
370
    40
100
AcDbLine
 10
356.2767309544346
 20
73.62702337086581
 30
0.0
 11
354.8464304258398
 21
74.45280776607211
 31
0.0
  0
ELLIPSE
  5
E6
330
1F
100
AcDbEntity
  8
Geometries
  6
Continuous
370
    40
100
AcDbEllipse
 10
312.5
 20
92.36955812422866
 30
0.0
 11
-52.49999999999999
 21
3.469446951953614E-15
 31
0.0
210
0.0
220
0.0
230
1.0
 40
0.5773502691896257
 41
2.20321757624159
 42
2.5091714041431
  0
LWPOLYLINE
  5
E7
330
1F
100
AcDbEntity
  8
Geometries
  6
Continuous
370
    40
100
AcDbPolyline
 90
       94
 70
   128
 43
0.0
 10
356.1350312046052
 20
105.9580237078025
 10
356.1386859051952
 20
105.9765703514929
 10
356.1488983824228
 20
106.0271455639725
 10
356.1594963995561
 20
106.0778520636068
 10
356.1704761653798
 20
106.128675613461
 10
356.181855187831
 20
106.1796965195006
 10
356.1936124480459
 20
106.2308207743628
 10
356.2057437427976
 20
106.2820340329838
 10
356.2182248548972
 20
106.3332414331419
 10
356.2310734656503
 20
106.3845234859104
 10
356.244285018368
 20
106.4358659140974
 10
356.2578802245382
 20
106.4873493399909
 10
356.2718339015703
 20
106.5388792898372
 10
356.286141109549
 20
106.5904414368517
 10
356.3007736490222
 20
106.6419409182774
 10
356.3157524180966
 20
106.6934585445876
 10
356.331072162284
 20
106.744980114318
 10
356.346756557815
 20
106.7965859453965
 10
356.3627765807498
 20
106.8481818398842
 10
356.3791266280479
 20
106.8997536053291
 10
356.3969761016755
 20
106.9548800841018
 10
356.4151949997608
 20
107.0099626483265
 10
356.4337760852782
 20
107.064984070999
 10
356.4527519754529
 20
107.1200419950871
 10
356.472082577914
 20
107.1750218037114
 10
356.4917602478214
 20
107.2299063538816
 10
356.510515455292
 20
107.2812564150302
 10
356.5295676929524
 20
107.3325087342036
 10
356.5489103987958
 20
107.383649371479
 10
356.5685730566772
 20
107.4347575517731
 10
356.5885192262284
 20
107.485740239731
 10
356.6087420776303
 20
107.5365836246178
 10
356.6292028013567
 20
107.5871956659312
 10
356.6499311293002
 20
107.6376557305678
 10
356.6709200578113
 20
107.6879503022903
 10
356.692201183712
 20
107.7381564547956
 10
356.7137354081327
 20
107.7881836452687
 10
356.7355155085161
 20
107.8380185403028
 10
356.7575002872341
 20
107.8875720068603
 10
356.7797216099353
 20
107.936921241239
 10
356.8021721331028
 20
107.9860532494523
 10
356.8248852303286
 20
108.0350424241694
 10
356.8478196149724
 20
108.0838013514171
 10
356.8709677751326
 20
108.1323172686442
 10
356.8959243838589
 20
108.1838636115334
 10
356.921114538364
 20
108.2351185777339
 10
356.9465289510317
 20
108.286067013257
 10
356.9722103606638
 20
108.3367960079582
 10
356.9981060429554
 20
108.3872031290539
 10
357.0242065546083
 20
108.4372735775413
 10
357.0491731224296
 20
108.4844965140288
 10
357.0743147964629
 20
108.5314038732206
 10
357.0996234357229
 20
108.5779833738087
 10
357.1251369865248
 20
108.6243060104565
 10
357.1508087266625
 20
108.670288312855
 10
357.1766304443351
 20
108.7159183320674
 10
357.202554092448
 20
108.7611152909541
 10
357.228617959086
 20
108.8059502179206
 10
357.2548138685209
 20
108.8504116284034
 10
357.2811805722605
 20
108.8945662463667
 10
357.307670537599
 20
108.9383355922788
 10
357.3342755673251
 20
108.9817085420636
 10
357.3609471032859
 20
109.0246096285324
 10
357.3877242445983
 20
109.0671055612265
 10
357.4145988754207
 20
109.1091856939478
 10
357.4416102234606
 20
109.1509121565522
 10
357.4687103980639
 20
109.1922118164382
 10
357.4958913058951
 20
109.2330744064833
 10
357.5249762559954
 20
109.2761858264871
 10
357.5541427286012
 20
109.3187888341148
 10
357.5833809954859
 20
109.3608715041503
 10
357.6127391819546
 20
109.4025035027809
 10
357.6421588858958
 20
109.4436025661927
 10
357.6716304553869
 20
109.4841572721803
 10
357.6966772784707
 20
109.5181416143449
 10
357.721756392235
 20
109.5517294986579
 10
357.7468620104795
 20
109.5849143622696
 10
357.7719883470036
 20
109.6176896423302
 10
357.7971296156068
 20
109.6500487759899
 10
357.8222844202506
 20
109.6819908701517
 10
357.8474517086717
 20
109.7135156649934
 10
357.8726258462688
 20
109.7446170821422
 10
357.8978011984411
 20
109.7752890432255
 10
357.9229721305877
 20
109.8055254698707
 10
357.948137367357
 20
109.8353255364359
 10
357.9732959717385
 20
109.8646890037402
 10
357.9984424770815
 20
109.8936102681061
 10
358.0235714167351
 20
109.9220837258557
 10
358.0486773240486
 20
109.9501037733114
 10
358.0746733241945
 20
109.978666382702
 10
358.100642421476
 20
110.0067407942546
 10
358.1265787324866
 20
110.0343212921076
 10
358.1524763738195
 20
110.0614021603994
 10
358.1783294620682
 20
110.0879776832684
  0
LINE
  5
E8
330
1F
100
AcDbEntity
  8
Geometries
  6
Continuous
370
    40
100
AcDbLine
 10
356.0145171546486
 20
111.3145380819711
 30
0.0
 11
356.0145171546486
 21
138.7215874212425
 31
0.0
  0
LWPOLYLINE
  5
E9
330
1F
100
AcDbEntity
  8
Geometries
  6
Continuous
370
    40
100
AcDbPolyline
 90
       60
 70
   128
 43
0.0
 10
358.1783294620682
 20
139.970865039407
 10
358.1497063269686
 20
139.9996767602859
 10
358.1210313740083
 20
140.0278276186369
 10
358.0923125364313
 20
140.0553092653011
 10
358.06350613377
 20
140.0821610260551
 10
358.0346638710332
 20
140.1083325574077
 10
358.005793911714
 20
140.1338159316146
 10
357.9769481738875
 20
140.1585664221892
 10
357.9480832716159
 20
140.182622682849
 10
357.9192075113
 20
140.2059773100071
 10
357.8902767139492
 20
140.2286636149691
 10
357.8613437841562
 20
140.2506380157361
 10
357.8324172455461
 20
140.2718935847491
 10
357.8035499284077
 20
140.292392687771
 10
357.774697996676
 20
140.3121679676799
 10
357.7458700944435
 20
140.3312130695052
 10
357.7170217941379
 20
140.3495549300596
 10
357.688206922509
 20
140.3671572347321
 10
357.6594343180562
 20
140.3840141647401
 10
357.6364068255771
 20
140.3969845521079
 10
357.6134113133159
 20
140.4094727981426
 10
357.5904524033056
 20
140.4214762254075
 10
357.5675347175791
 20
140.4329921564659
 10
357.5446147319602
 20
140.4440407479979
 10
357.5217397981459
 20
140.4545976703041
 10
357.4989146286699
 20
140.4646605780397
 10
357.4761439360663
 20
140.4742271258603
 10
357.447916895598
 20
140.4854254698448
 10
357.4197819668672
 20
140.4958528845125
 10
357.3917482955378
 20
140.5055055415732
 10
357.3637719303186
 20
140.5143960009043
 10
357.3359074005994
 20
140.5225046842285
 10
357.3081639668449
 20
140.5298284275254
 10
357.2805950794635
 20
140.5363544436515
 10
357.2531571954671
 20
140.5420947102457
 10
357.2258595668061
 20
140.5470467860947
 10
357.1986590394304
 20
140.5512157525481
 10
357.1716097485816
 20
140.5545908926566
 10
357.1447210079723
 20
140.5571704856852
 10
357.1180455122546
 20
140.5589507977884
 10
357.0915405114571
 20
140.5599363648281
 10
357.0652152518645
 20
140.5601262261236
 10
357.0390277937029
 20
140.5595176911639
 10
357.0130313162308
 20
140.5581093371002
 10
356.987235066691
 20
140.5559009717362
 10
356.9666201402817
 20
140.5535419196887
 10
356.9461404619506
 20
140.5506641662044
 10
356.925800809461
 20
140.5472680384424
 10
356.9056059605768
 20
140.5433538635618
 10
356.8855155188354
 20
140.5389115053912
 10
356.8655746772635
 20
140.5339488877023
 10
356.8457881772424
 20
140.5284667929788
 10
356.8261607601532
 20
140.5224660037048
 10
356.8026561834924
 20
140.5145218927478
 10
356.7793917840069
 20
140.5058212605097
 10
356.7563757830636
 20
140.4963662603308
 10
356.733572754944
 20
140.4861388957056
 10
356.7110285625696
 20
140.4751566262242
 10
356.6887512986386
 20
140.463422360623
 10
356.6723916336074
 20
140.4542272585679
  0
LINE
  5
EA
330
1F
100
AcDbEntity
  8
Geometries
  6
Continuous
370
    40
100
AcDbLine
 10
356.0145171546486
 20
77.04439890246843
 30
0.0
 11
356.0145171546486
 21
104.8052826540111
 31
0.0
  0
LWPOLYLINE
  5
EB
330
1F
100
AcDbEntity
  8
Geometries
  6
Continuous
370
    40
100
AcDbPolyline
 90
       93
 70
   128
 43
0.0
 10
343.5327219268551
 20
116.818281129807
 10
343.5053438121605
 20
116.8300867691645
 10
343.4779546240116
 20
116.842340683707
 10
343.4505656687453
 20
116.8550375504201
 10
343.4231882526983
 20
116.8681720462891
 10
343.3958336822076
 20
116.8817388482997
 10
343.368503944103
 20
116.8957371958275
 10
343.3412009047121
 20
116.9101658587027
 10
343.3139358451521
 20
116.9250187311913
 10
343.2867200465401
 20
116.940289707559
 10
343.2595647899935
 20
116.9559726820717
 10
343.2324720902791
 20
116.9720668437793
 10
343.2054438541407
 20
116.988570915982
 10
343.1784912794139
 20
117.0054780481899
 10
343.1516255639345
 20
117.0227813899127
 10
343.1248579055382
 20
117.0404740906604
 10
343.096269685316
 20
117.0598752538923
 10
343.0677989393715
 20
117.0797214442194
 10
343.0394592894608
 20
117.1000033118023
 10
343.0112643573395
 20
117.1207115068016
 10
342.9832277647638
 20
117.141836679378
 10
342.9572233053565
 20
117.1619147321861
 10
342.9313607626464
 20
117.1823531388405
 10
342.9056509816742
 20
117.2031436111969
 10
342.8801048074808
 20
117.2242778611105
 10
342.8547330851072
 20
117.2457476004369
 10
342.8295378786794
 20
117.2675519166062
 10
342.804521205397
 20
117.2896893564195
 10
342.779693651307
 20
117.3121509821918
 10
342.7550658024566
 20
117.3349278562376
 10
342.7306482448927
 20
117.3580110408718
 10
342.7064430501971
 20
117.3813995903233
 10
342.682452254943
 20
117.4050919722817
 10
342.6586861243177
 20
117.4290786257284
 10
342.6351549235083
 20
117.4533499896448
 10
342.6118689177021
 20
117.4778965030121
 10
342.5871694366982
 20
117.5045274677277
 10
342.5627569181746
 20
117.531471838477
 10
342.5386435286573
 20
117.5587170575702
 10
342.5148414346721
 20
117.5862505673177
 10
342.4913628027448
 20
117.6140598100296
 10
342.4698326726246
 20
117.640153434404
 10
342.4485861586695
 20
117.6664823810056
 10
342.4276325529611
 20
117.6930359873335
 10
342.4069811475813
 20
117.7198035908867
 10
342.3866412346118
 20
117.7467745291645
 10
342.3666148455646
 20
117.7739476894024
 10
342.3469039235928
 20
117.8013212456207
 10
342.3275172202103
 20
117.8288840127878
 10
342.3084634869315
 20
117.8566248058726
 10
342.2897514752703
 20
117.8845324398437
 10
342.2713831836385
 20
117.9126057099201
 10
342.2533604659462
 20
117.940842679505
 10
342.2356914467466
 20
117.9692316851398
 10
342.2183842505924
 20
117.9977610633654
 10
342.2014470020366
 20
118.026419150723
 10
342.1836712820462
 20
118.0573387202945
 10
342.1663266748482
 20
118.0884027395637
 10
342.1494223186243
 20
118.1195962192185
 10
342.1329673515561
 20
118.1509041699471
 10
342.1169709118254
 20
118.1823116024373
 10
342.1026827602532
 20
118.2112482612752
 10
342.0887848840974
 20
118.2402652515028
 10
342.0752835564024
 20
118.2693506096766
 10
342.0621850502125
 20
118.2984923723532
 10
342.049495638572
 20
118.3276785760892
 10
342.0372169859948
 20
118.3569076910243
 10
342.0253503582725
 20
118.3861776030612
 10
342.0139011621567
 20
118.4154760998953
 10
342.0028748043994
 20
118.4447909692226
 10
341.9922766917524
 20
118.4741099987386
 10
341.9821083401202
 20
118.5034315235238
 10
341.9723707672791
 20
118.5327533930918
 10
341.9630684295852
 20
118.5620632405914
 10
341.9542057833946
 20
118.5913486991712
 10
341.9457872850632
 20
118.6205974019801
 10
341.9372382926036
 20
118.6519816939943
 10
341.9292045880405
 20
118.6833188188382
 10
341.9216903782141
 20
118.7145933769466
 10
341.9146998699642
 20
118.7457899687543
 10
341.9082372701309
 20
118.7768931946961
 10
341.9025679682957
 20
118.8064608737953
 10
341.897380497324
 20
118.8359370214506
 10
341.8926773962729
 20
118.8653083612202
 10
341.8884612041992
 20
118.8945616166617
 10
341.8847330913618
 20
118.9236924019885
 10
341.8814935782283
 20
118.9526963422582
 10
341.8787442097277
 20
118.9815603201751
 10
341.8764865307888
 20
119.0102712184435
 10
341.8746914215149
 20
119.0393868404317
 10
341.8734085170363
 20
119.0683341855183
 10
341.8726383694662
 20
119.0970996122009
 10
341.8723815309177
 20
119.1256694789771
  0
LINE
  5
EC
330
1F
100
AcDbEntity
  8
Geometries
  6
Continuous
370
    40
100
AcDbLine
 10
266.8216705379318
 20
139.970865039407
 30
0.0
 11
265.356378009583
 21
140.8168520750908
 31
0.0
  0
LWPOLYLINE
  5
ED
330
1F
100
AcDbEntity
  8
Geometries
  6
Continuous
370
    40
100
AcDbPolyline
 90
       48
 70
   128
 43
0.0
 10
344.9630224554499
 20
67.095050723444
 10
344.9358060934554
 20
67.08363534908511
 10
344.9085790697654
 20
67.07268902796082
 10
344.8813526222465
 20
67.06221594670879
 10
344.8541379887651
 20
67.05222029196673
 10
344.8269464071877
 20
67.0427062503723
 10
344.7997798479124
 20
67.03367467897641
 10
344.7726401691942
 20
67.02512573993411
 10
344.7455385837277
 20
67.01706262634173
 10
344.7184863042071
 20
67.00948853129559
 10
344.691494543327
 20
67.00240664789202
 10
344.6645653003418
 20
66.9958176678814
 10
344.6377004700151
 20
66.9897216052828
 10
344.6109111806379
 20
66.98412065493434
 10
344.5842085605015
 20
66.97901701167422
 10
344.5576037378968
 20
66.97441287034064
 10
344.5291897491233
 20
66.97003196917672
 10
344.5008928984553
 20
66.96622579733506
 10
344.4727267188547
 20
66.96299578222975
 10
344.4447047432836
 20
66.96034335127504
 10
344.4168405047038
 20
66.95826993188511
 10
344.3909962838802
 20
66.95685835164761
 10
344.3652934149335
 20
66.95595052851951
 10
344.3397426668545
 20
66.95554658233709
 10
344.3143548086338
 20
66.95564663293669
 10
344.2891406092621
 20
66.95625080015463
 10
344.2641021161195
 20
66.95735933461219
 10
344.2392413164055
 20
66.95897181391997
 10
344.2145687151543
 20
66.96108735431778
 10
344.1900948173996
 20
66.96370507204543
 10
344.1658301281757
 20
66.96682408334271
 10
344.14177670013
 20
66.97044451269169
 10
344.1179365328035
 20
66.97456579120458
 10
344.0943198046568
 20
66.97918602950605
 10
344.0709366941506
 20
66.98430333822073
 10
344.0477973797456
 20
66.98991582797322
 10
344.0232541535649
 20
66.99648549144854
 10
343.99899619012
 20
67.00362390406738
 10
343.9750355406526
 20
67.01132744654342
 10
343.9513842564048
 20
67.0195924995904
 10
343.9280543886184
 20
67.02841544392209
 10
343.9066552181251
 20
67.03711838868296
 10
343.8855379624865
 20
67.04630244665066
 10
343.864711822822
 20
67.0559636741703
 10
343.8441860002512
 20
67.066098127587
 10
343.8239696958934
 20
67.07670186324583
 10
343.8040649125125
 20
67.08777462413622
 10
343.8011662639105
 20
67.08944079348598
  0
LINE
  5
EE
330
1F
100
AcDbEntity
  8
Geometries
  6
Continuous
370
    40
100
AcDbLine
 10
268.9854828453514
 20
110.9607036696998
 30
0.0
 11
268.9854828453514
 21
111.3145380819711
 31
0.0
  0
LINE
  5
EF
330
1F
100
AcDbEntity
  8
Geometries
  6
Continuous
370
    40
100
AcDbLine
 10
281.467278073145
 20
116.818281129807
 30
0.0
 11
280.0369775445502
 21
117.6440655250133
 31
0.0
  0
LWPOLYLINE
  5
F0
330
1F
100
AcDbEntity
  8
Geometries
  6
Continuous
370
    40
100
AcDbPolyline
 90
        8
 70
   128
 43
0.0
 10
281.6880241115502
 20
68.04828290334609
 10
281.6876724973845
 20
68.01501287484992
 10
281.686618342155
 20
67.9820281191293
 10
281.684862676763
 20
67.94934996509733
 10
281.6824065321096
 20
67.91699974166715
 10
281.679250075267
 20
67.88498476779989
 10
281.6753948287016
 20
67.85331167883976
 10
281.6745112751847
 20
67.84680591740985
  0
LINE
  5
F1
330
1F
100
AcDbEntity
  8
Geometries
  6
Continuous
370
    40
100
AcDbLine
 10
268.9854828453514
 20
111.3145380819711
 30
0.0
 11
268.9854828453514
 21
138.7215874212425
 31
0.0
  0
LWPOLYLINE
  5
F2
330
1F
100
AcDbEntity
  8
Geometries
  6
Continuous
370
    40
100
AcDbPolyline
 90
       60
 70
   128
 43
0.0
 10
265.356378009583
 20
140.8168520750908
 10
265.3854011351234
 20
140.8453873781139
 10
265.4144732564829
 20
140.8732636563507
 10
265.4435863119821
 20
140.9004726648454
 10
265.4727846905223
 20
140.9270534728833
 10
265.5020158507263
 20
140.9529561562334
 10
265.5312715107159
 20
140.9781729009639
 10
265.5604989376556
 20
141.0026593925325
 10
265.5897422411931
 20
141.0264540472286
 10
265.6189930087587
 20
141.0495495830115
 10
265.6482960729012
 20
141.0719790338773
 10
265.677597779993
 20
141.0936992886098
 10
265.7068895118845
 20
141.1147035488081
 10
265.7361177144276
 20
141.1349546332787
 10
265.7653268941766
 20
141.1544849253037
 10
265.7945083257935
 20
141.1732882041289
 10
265.8237070268299
 20
141.1913911205791
 10
265.8528685212141
 20
141.2087578634735
 10
265.881983901968
 20
141.2253827530347
 10
265.9052856736423
 20
141.2381710320295
 10
265.9285529784714
 20
141.250479453583
 10
265.9517811649395
 20
141.26230541233
 10
265.974965581531
 20
141.2736463029053
 10
265.998150254582
 20
141.2845219820372
 10
266.02128733107
 20
141.294908531349
 10
266.0443720763161
 20
141.3048036783904
 10
266.0673997556412
 20
141.3142051507113
 10
266.0959397856864
 20
141.3252010444466
 10
266.1243837461092
 20
141.3354304990303
 10
266.1527224653366
 20
141.3448898259144
 10
266.1810003379703
 20
141.3535913383537
 10
266.2091624116718
 20
141.3615159423774
 10
266.2371994132391
 20
141.368660610869
 10
266.2650574963076
 20
141.3750129829563
 10
266.2927806648411
 20
141.3805847979817
 10
266.3203596668438
 20
141.3853737453106
 10
266.3478380284633
 20
141.3893847132945
 10
266.3751612997097
 20
141.3926074089035
 10
266.4023201791497
 20
141.3950402351197
 10
266.4292616814588
 20
141.3966798099491
 10
266.4560289449909
 20
141.3975304809591
 10
266.482612746869
 20
141.397591401042
 10
266.509055332007
 20
141.3968597641539
 10
266.5353033066286
 20
141.395334476277
 10
266.5613474577131
 20
141.3930154480666
 10
266.5821546813577
 20
141.3905725435469
 10
266.6028244593712
 20
141.3876153269518
 10
266.6233520401184
 20
141.384144171688
 10
266.6437326719646
 20
141.3801594511624
 10
266.6640069289772
 20
141.3756509909967
 10
266.6841295101317
 20
141.3706268578507
 10
266.7040957050317
 20
141.3650878720041
 10
266.7239008032807
 20
141.3590348537367
 10
266.74766725946
 20
141.3510162203856
 10
266.7711896871124
 20
141.3422448114852
 10
266.7944598742396
 20
141.3327228457592
 10
266.8175136235416
 20
141.322432324261
 10
266.8403047661004
 20
141.3113908390814
 10
266.862825225002
 20
141.2996013543757
 10
266.8815043491296
 20
141.2891358022113
  0
LINE
  5
F3
330
1F
100
AcDbEntity
  8
Geometries
  6
Continuous
370
    40
100
AcDbLine
 10
268.3276123815437
 20
140.4542249404199
 30
0.0
 11
266.8815117576693
 21
141.2891315248891
 31
0.0
  0
LINE
  5
F4
330
1F
100
AcDbEntity
  8
Geometries
  6
Continuous
370
    40
100
AcDbLine
 10
357.4541115121808
 20
76.21324871262337
 30
0.0
 11
357.4541115121808
 21
103.9741324641661
 31
0.0
  0
ELLIPSE
  5
F5
330
1F
100
AcDbEntity
  8
Geometries
  6
Continuous
370
    40
100
AcDbEllipse
 10
312.5
 20
92.36955812422867
 30
0.0
 11
-54.49999999999999
 21
3.469446951953615E-15
 31
0.0
210
0.0
220
0.0
230
0.9999999999999998
 40
0.5773502691896257
 41
0.6380768508490814
 42
0.9327194759458148
  0
LINE
  5
F6
330
1F
100
AcDbEntity
  8
Geometries
  6
Continuous
370
    40
100
AcDbLine
 10
342.3195049210907
 20
97.7349858648626
 30
0.0
 11
340.8733907123712
 21
98.5699002925457
 31
0.0
  0
LINE
  5
F7
330
1F
100
AcDbEntity
  8
Geometries
  6
Continuous
370
    40
100
AcDbLine
 10
280.0369775445501
 20
67.09505072344402
 30
0.0
 11
281.4672780731449
 21
67.9208351186503
 31
0.0
  0
ELLIPSE
  5
F8
330
1F
100
AcDbEntity
  8
Geometries
  6
Continuous
370
    40
100
AcDbEllipse
 10
312.5
 20
92.36955812422867
 30
0.0
 11
-54.49999999999999
 21
3.469446951953615E-15
 31
0.0
210
0.0
220
0.0
230
0.9999999999999998
 40
0.5773502691896257
 41
2.208873177643978
 42
2.503515802740712
  0
LINE
  5
F9
330
1F
100
AcDbEntity
  8
Geometries
  6
Continuous
370
    40
100
AcDbLine
 10
343.5327219268551
 20
67.9208351186503
 30
0.0
 11
344.9630224554499
 21
67.095050723444
 31
0.0
  0
ELLIPSE
  5
FA
330
1F
100
AcDbEntity
  8
Geometries
  6
Continuous
370
    40
100
AcDbEllipse
 10
312.5
 20
125.0294213613377
 30
0.0
 11
-52.49999999999999
 21
3.469446951953614E-15
 31
0.0
210
0.0
220
0.0
230
1.0
 40
0.5773502691896257
 41
4.196923612820644
 42
5.227854347948734
  0
LINE
  5
FB
330
1F
100
AcDbEntity
  8
Geometries
  6
Continuous
370
    40
100
AcDbLine
 10
268.9854828453514
 20
103.9887860730834
 30
0.0
 11
267.5458884878192
 21
103.1576358832383
 31
0.0
  0
LWPOLYLINE
  5
FC
330
1F
100
AcDbEntity
  8
Geometries
  6
Continuous
370
    40
100
AcDbPolyline
 90
      120
 70
   128
 43
0.0
 10
286.6206604111551
 20
151.4018171723952
 10
286.5702041845283
 20
151.384972402494
 10
286.5197864684979
 20
151.3674590871123
 10
286.4694211055466
 20
151.3492814493129
 10
286.4190316982682
 20
151.3304094878794
 10
286.3687087018156
 20
151.3108749355285
 10
286.3184660406497
 20
151.2906826170021
 10
286.2683934240276
 20
151.2698695743918
 10
286.2184147033675
 20
151.2484054481281
 10
286.1685437348128
 20
151.2262956301749
 10
286.1187040008222
 20
151.2035037476627
 10
286.0689862309084
 20
151.1800691457821
 10
286.019404336841
 20
151.1559978500551
 10
285.9700478200635
 20
151.1313344015086
 10
285.9208404930332
 20
151.1060421473585
 10
285.8717961665315
 20
151.0801276969617
 10
285.822838628072
 20
151.0535483355605
 10
285.7740584089941
 20
151.0263510937257
 10
285.7254693398153
 20
150.9985432406375
 10
285.6866679097763
 20
150.9758166829458
 10
285.6479960201992
 20
150.9527012379289
 10
285.6094607533939
 20
150.9292009856558
 10
285.5710691916703
 20
150.905320006195
 10
285.5327479602262
 20
150.8810109645703
 10
285.494575662568
 20
150.8563222513525
 10
285.4565593688025
 20
150.8312583239077
 10
285.4187061490363
 20
150.8058236396023
 10
285.3718823791892
 20
150.7736913780482
 10
285.3253208491021
 20
150.74099277211
 10
285.2790350103073
 20
150.7077370399944
 10
285.2329508907912
 20
150.6738686585273
 10
285.1871567480079
 20
150.639450487454
 10
285.1416659512985
 20
150.6044924280787
 10
285.0965640233265
 20
150.5690619293983
 10
285.0517774702992
 20
150.5331033978348
 10
285.0073194102441
 20
150.4966273074876
 10
284.9631178394087
 20
150.4595722533181
 10
284.9192588655787
 20
150.4220084877265
 10
284.8757554651658
 20
150.3839471591872
 10
284.8326905213654
 20
150.3454628097613
 10
284.7899925308657
 20
150.3064940111468
 10
284.7476741595414
 20
150.2670524536542
 10
284.7056660023012
 20
150.2270711617848
 10
284.6640512604893
 20
150.1866274520671
 10
284.6228423952338
 20
150.145733665639
 10
284.5899714689917
 20
150.1124945421654
 10
284.5573695439792
 20
150.0789701107016
 10
284.525042953614
 20
150.0451671134502
 10
284.492998031314
 20
150.011092292614
 10
284.4611695767192
 20
149.9766745456677
 10
284.4296280313633
 20
149.9419885580275
 10
284.3983795783045
 20
149.9070414194052
 10
284.3674304006006
 20
149.8718402195128
 10
284.3304303444677
 20
149.8289637425251
 10
284.293875439303
 20
149.7857264186445
 10
284.2577762464026
 20
149.7421412453867
 10
284.2220750248826
 20
149.6981364364833
 10
284.1868413452402
 20
149.6537960970398
 10
284.1520854617652
 20
149.609133728431
 10
284.1178727203078
 20
149.5642361922013
 10
284.0841458659031
 20
149.5190317437251
 10
284.0509147118355
 20
149.4735342142445
 10
284.0181256831547
 20
149.4276681100942
 10
283.9858435428401
 20
149.3815223284948
 10
283.9540777444352
 20
149.33511114605
 10
283.9228884547802
 20
149.2885257574831
 10
283.8922225935075
 20
149.2416907142004
 10
283.8620891302113
 20
149.1946205499297
 10
283.8324392012096
 20
149.1472366414684
 10
283.8033321176106
 20
149.0996319538717
 10
283.7747764410213
 20
149.0518213989437
 10
283.752185282382
 20
149.013176914049
 10
283.7299556884143
 20
148.9744067227989
 10
283.7080918712659
 20
148.9355187526185
 10
283.6865980430844
 20
148.8965209309331
 10
283.6654311602246
 20
148.8573330135124
 10
283.6446383687324
 20
148.8180404726131
 10
283.6242236269977
 20
148.778651409494
 10
283.6041908934102
 20
148.7391739254142
 10
283.5805389893882
 20
148.6914457308645
 10
283.5574476544509
 20
148.6436005107324
 10
283.5349233480705
 20
148.5956526453722
 10
283.5129311951612
 20
148.5475251729626
 10
283.4915140493359
 20
148.4993096522018
 10
283.470677926434
 20
148.4510206611103
 10
283.4504606769718
 20
148.4027503800415
 10
283.4308279087355
 20
148.354421884982
 10
283.4117851192017
 20
148.3060497626662
 10
283.393302944967
 20
148.2575560708617
 10
283.375417857673
 20
148.2090337020412
 10
283.3581348841386
 20
148.1604973695178
 10
283.3414852895726
 20
148.1120400858007
 10
283.3254402076255
 20
148.0635839481353
 10
283.3100041323685
 20
148.0151436052307
 10
283.2951535095251
 20
147.9666407722125
 10
283.2809180907689
 20
147.9181688717296
 10
283.2673018772518
 20
147.8697426076457
 10
283.2568026456
 20
147.8308378166096
 10
283.246705622034
 20
147.7919700644865
 10
283.2370126049353
 20
147.7531469663521
 10
283.2277253926852
 20
147.7143761372819
 10
283.2188267552753
 20
147.675580787712
 10
283.2103365744237
 20
147.6368432206522
 10
283.2022563618457
 20
147.5981710443277
 10
283.1945876292566
 20
147.5595718669638
 10
283.1860314833858
 20
147.5139178067609
 10
283.1780544319696
 20
147.4683722981235
 10
283.1706583703765
 20
147.4229478524052
 10
283.1638451939751
 20
147.3776569809594
 10
283.157616798134
 20
147.3325121951395
 10
283.1519736078421
 20
147.2875157482307
 10
283.1469155571042
 20
147.2426697889779
 10
283.1424437916031
 20
147.1979865716294
 10
283.1385594570218
 20
147.1534783504334
 10
283.1352636990433
 20
147.1091573796381
 10
283.1325124999124
 20
147.0642141692458
 10
283.1303719709803
 20
147.0194695538171
 10
283.1288425186174
 20
146.9749361286729
 10
283.1279245491946
 20
146.9306264891335
 10
283.1276184690824
 20
146.8865532305198
  0
LINE
  5
FD
330
1F
100
AcDbEntity
  8
Geometries
  6
Continuous
370
    40
100
AcDbLine
 10
281.6880241115501
 20
119.9568196688222
 30
0.0
 11
281.6880241115501
 21
147.7177034203649
 31
0.0
  0
ELLIPSE
  5
FE
330
1F
100
AcDbEntity
  8
Geometries
  6
Continuous
370
    40
100
AcDbEllipse
 10
312.5
 20
92.36955812422866
 30
0.0
 11
-52.49999999999999
 21
3.469446951953614E-15
 31
0.0
210
0.0
220
0.0
230
1.0
 40
0.5773502691896257
 41
0.6324212494466939
 42
0.9383750773482031
  0
LINE
  5
FF
330
1F
100
AcDbEntity
  8
Geometries
  6
Continuous
370
    40
100
AcDbLine
 10
357.4541115121808
 20
103.9741324641661
 30
0.0
 11
356.0145171546486
 21
104.8052826540111
 31
0.0
  0
LWPOLYLINE
  5
100
330
1F
100
AcDbEntity
  8
Geometries
  6
Continuous
370
    40
100
AcDbPolyline
 90
       48
 70
   128
 43
0.0
 10
270.1535695741602
 20
110.2863084823852
 10
270.1335197052297
 20
110.2707315626296
 10
270.113488918779
 20
110.2556075420721
 10
270.0934854165964
 20
110.2409423607195
 10
270.0735174004701
 20
110.2267419585784
 10
270.0535930721884
 20
110.2130122756557
 10
270.0337138216064
 20
110.1997545008571
 10
270.0138808408171
 20
110.1869691697928
 10
269.9941021481758
 20
110.1746613192842
 10
269.9743857620379
 20
110.1628359861529
 10
269.9547397007588
 20
110.1514982072205
 10
269.9351652551953
 20
110.1406490800396
 10
269.9156635322097
 20
110.1302890678168
 10
269.8962423311031
 20
110.1204222880639
 10
269.8769094511763
 20
110.1110528582928
 10
269.8576726917304
 20
110.1021848960153
 10
269.8371557627775
 20
110.0932351881523
 10
269.8167519813841
 20
110.0848636569644
 10
269.7964706406806
 20
110.0770741825279
 10
269.7763210337978
 20
110.0698706449194
 10
269.756312453866
 20
110.0632569242153
 10
269.7377789807663
 20
110.0576209897014
 10
269.719370299371
 20
110.0524993932011
 10
269.7010936606379
 20
110.0478942942999
 10
269.6829563155252
 20
110.0438078525831
 10
269.6649655149911
 20
110.040242227636
 10
269.6471222640214
 20
110.0371982788413
 10
269.6294274536075
 20
110.0346762320451
 10
269.6118880300634
 20
110.0326772718755
 10
269.5945109397027
 20
110.0312025829605
 10
269.5773031288392
 20
110.0302533499281
 10
269.5602655260413
 20
110.0298303591446
 10
269.5433989660892
 20
110.0299337360762
 10
269.5267100656148
 20
110.0305636664275
 10
269.5102054412506
 20
110.0317203359027
 10
269.4938917096289
 20
110.0334039302061
 10
269.476608297345
 20
110.0357960601807
 10
269.4595464392522
 20
110.0387951884261
 10
269.4427138427483
 20
110.0424002314677
 10
269.4261182152312
 20
110.0466101058311
 10
269.4097672640988
 20
110.0514237280418
 10
269.3947900060531
 20
110.0564398020313
 10
269.380025684407
 20
110.0619778830047
 10
269.3654800921595
 20
110.0680360178368
 10
269.35115902231
 20
110.0746122534022
 10
269.3370682678574
 20
110.0817046365754
 10
269.3232085835048
 20
110.0893136632142
 10
269.3217646829097
 20
110.090143345359
  0
LINE
  5
101
330
1F
100
AcDbEntity
  8
Geometries
  6
Continuous
370
    40
100
AcDbLine
 10
286.6206604111551
 20
98.65702555028024
 30
0.0
 11
285.1553678828063
 21
97.81103851459646
 31
0.0
  0
LINE
  5
102
330
1F
100
AcDbEntity
  8
Geometries
  6
Continuous
370
    40
100
AcDbLine
 10
358.1783294620682
 20
110.0879776832684
 30
0.0
 11
359.643621990417
 21
109.2419906475846
 31
0.0
  0
LINE
  5
103
330
1F
100
AcDbEntity
  8
Geometries
  6
Continuous
370
    40
100
AcDbLine
 10
341.8723815309177
 20
119.1256694789771
 30
0.0
 11
341.8723815309177
 21
146.8865532305198
 31
0.0
  0
LINE
  5
104
330
1F
100
AcDbEntity
  8
Geometries
  6
Continuous
370
    40
100
AcDbLine
 10
356.0145171546486
 20
77.04439890246843
 30
0.0
 11
357.4541115121808
 21
76.21324871262337
 31
0.0
  0
LINE
  5
105
330
1F
100
AcDbEntity
  8
Geometries
  6
Continuous
370
    40
100
AcDbLine
 10
359.643621990417
 20
140.8168520750908
 30
0.0
 11
358.1783294620682
 21
139.970865039407
 31
0.0
  0
LINE
  5
106
330
1F
100
AcDbEntity
  8
Geometries
  6
Continuous
370
    40
100
AcDbLine
 10
270.1535695741602
 20
74.45280776607211
 30
0.0
 11
268.7232690455654
 21
73.62702337086583
 31
0.0
  0
LINE
  5
107
330
1F
100
AcDbEntity
  8
Geometries
  6
Continuous
370
    40
100
AcDbLine
 10
268.9854828453514
 20
110.9607036696998
 30
0.0
 11
270.1535695741602
 21
110.2863084823852
 31
0.0
  0
ELLIPSE
  5
108
330
1F
100
AcDbEntity
  8
Geometries
  6
Continuous
370
    40
100
AcDbEllipse
 10
312.5
 20
92.36955812422866
 30
0.0
 11
-52.49999999999999
 21
3.469446951953614E-15
 31
0.0
210
0.0
220
0.0
230
1.0
 40
0.5773502691896257
 41
5.344810229831382
 42
5.650764057732893
  0
ELLIPSE
  5
109
330
1F
100
AcDbEntity
  8
Geometries
  6
Continuous
370
    40
100
AcDbEllipse
 10
312.5
 20
89.10357180051776
 30
0.0
 11
-52.49999999999999
 21
3.469446951953614E-15
 31
0.0
210
0.0
220
0.0
230
1.0
 40
0.5773502691896257
 41
3.73122361334621
 42
5.697759300123352
  0
LINE
  5
10A
330
1F
100
AcDbEntity
  8
Geometries
  6
Continuous
370
    40
100
AcDbLine
 10
338.3793395888449
 20
151.4018171723952
 30
0.0
 11
339.8446321171938
 21
152.2478042080789
 31
0.0
  0
LWPOLYLINE
  5
10B
330
1F
100
AcDbEntity
  8
Geometries
  6
Continuous
370
    40
100
AcDbPolyline
 90
       93
 70
   128
 43
0.0
 10
280.0369775445502
 20
117.6440655250133
 10
280.0641939065446
 20
117.6559397663453
 10
280.0914209302346
 20
117.6682619176173
 10
280.1186473777535
 20
117.681026636034
 10
280.145862011235
 20
117.6942285788003
 10
280.1730535928123
 20
117.7078624031211
 10
280.2002201520876
 20
117.7219273524433
 10
280.2273598308058
 20
117.7364221932393
 10
280.2544614162723
 20
117.7513407943629
 10
280.2815136957929
 20
117.7666770246679
 10
280.308505456673
 20
117.7824247530082
 10
280.3354346996582
 20
117.7985831658368
 10
280.3622995299849
 20
117.8151509781064
 10
280.3890888193621
 20
117.8321213086196
 10
280.4157914394985
 20
117.8494872761789
 10
280.4423962621032
 20
117.8672419995868
 10
280.4708102508767
 20
117.8867090156467
 10
280.4991071015447
 20
117.90662034025
 10
280.5272732811453
 20
117.9269665801574
 10
280.5552952567164
 20
117.9477383421296
 10
280.5831594952962
 20
117.9689262329274
 10
280.6090037161198
 20
117.9890619620408
 10
280.6347065850665
 20
118.0095572707969
 10
280.6602573331455
 20
118.0304038331184
 10
280.6856451913662
 20
118.0515933229278
 10
280.7108593907379
 20
118.0731174141476
 10
280.7358978838805
 20
118.0949751694515
 10
280.7607586835945
 20
118.1171651182283
 10
280.7854312848458
 20
118.1396782844116
 10
280.8099051826004
 20
118.1625056919347
 10
280.8341698718244
 20
118.1856383647312
 10
280.85822329987
 20
118.2090753258601
 10
280.8820634671965
 20
118.2328150256363
 10
280.9056801953432
 20
118.2568478668536
 10
280.9290633058494
 20
118.281164252306
 10
280.9522026202544
 20
118.3057545847874
 10
280.9767458464351
 20
118.3324306097664
 10
281.00100380988
 20
118.3594185823057
 10
281.0249644593474
 20
118.3867059075368
 10
281.0486157435952
 20
118.4142799905913
 10
281.0719456113816
 20
118.4421282366008
 10
281.0933447818749
 20
118.4682633894016
 10
281.1144620375135
 20
118.4946325744008
 10
281.135288177178
 20
118.5212250995967
 10
281.1558139997488
 20
118.5480302729877
 10
281.1760303041067
 20
118.5750374025718
 10
281.1959350874875
 20
118.6022453330643
 10
281.2155264604382
 20
118.6296522302543
 10
281.2347957667263
 20
118.6572468903722
 10
281.253734350119
 20
118.6850181096488
 10
281.2723335543839
 20
118.7129546843144
 10
281.2905914141532
 20
118.7410553673635
 10
281.3085061322952
 20
118.7693182199237
 10
281.3260696815983
 20
118.7977315731027
 10
281.343274034851
 20
118.8262837580086
 10
281.360111164842
 20
118.8549631057492
 10
281.3777802952572
 20
118.8858999344017
 10
281.3950216735126
 20
118.9169793516908
 10
281.4118262837632
 20
118.9481863866553
 10
281.4281851101638
 20
118.9795060683337
 10
281.4440891368695
 20
119.0109234257646
 10
281.4583115770164
 20
119.0399003599831
 10
281.4721461050051
 20
119.0689562564482
 10
281.4855865165072
 20
119.0980791413652
 10
281.4986266071944
 20
119.1272570409389
 10
281.5112601727383
 20
119.1564779813744
 10
281.5234855827688
 20
119.1857404016455
 10
281.5353016159852
 20
119.215042196882
 10
281.5467029286783
 20
119.2443711586479
 10
281.5576841771389
 20
119.2737150785066
 10
281.5682400176578
 20
119.303061748022
 10
281.5783689678862
 20
119.3324094782025
 10
281.5880700478756
 20
119.3617561318151
 10
281.5973388547144
 20
119.3910893592383
 10
281.606170985491
 20
119.4203968108509
 10
281.614562037294
 20
119.4496661370316
 10
281.6230836792202
 20
119.4810660493822
 10
281.6310938111517
 20
119.5124172282076
 10
281.6385882771577
 20
119.543704317357
 10
281.6455629213073
 20
119.5749119606794
 10
281.6520135876694
 20
119.6060248020239
 10
281.6577070959509
 20
119.6357740622974
 10
281.6629167421833
 20
119.6654293835317
 10
281.6676399721771
 20
119.6949773011861
 10
281.6718742317428
 20
119.72440435072
 10
281.6756183510052
 20
119.7537060794741
 10
281.6788718147686
 20
119.7828780568206
 10
281.6816330692632
 20
119.811906986714
 10
281.6839005607189
 20
119.840779573109
 10
281.6857037809851
 20
119.870061194774
 10
281.6869924832002
 20
119.8991709696454
 10
281.6877661118824
 20
119.9280950701769
 10
281.6880241115501
 20
119.9568196688222
  0
LINE
  5
10C
330
1F
100
AcDbEntity
  8
Geometries
  6
Continuous
370
    40
100
AcDbLine
 10
268.9854828453514
 20
77.04439890246843
 30
0.0
 11
268.9854828453514
 21
103.9887860730834
 31
0.0
  0
LINE
  5
10D
330
1F
100
AcDbEntity
  8
Geometries
  6
Continuous
370
    40
100
AcDbLine
 10
285.1553678828063
 20
152.247804208079
 30
0.0
 11
286.6206604111551
 21
151.4018171723952
 31
0.0
  0
ARC
  5
10E
330
1F
100
AcDbEntity
  8
Geometries
  6
Continuous
370
    40
100
AcDbCircle
 10
362.0816176220731
 20
104.753663895435
 30
0.0
 40
6.067320049087526
100
AcDbArc
 50
168.5507741898865
 51
179.5125405178346
  0
LINE
  5
10F
330
1F
100
AcDbEntity
  8
Geometries
  6
Continuous
370
    40
100
AcDbLine
 10
283.1276184690824
 20
119.1256694789771
 30
0.0
 11
283.1276184690824
 21
146.8865532305198
 31
0.0
  0
LWPOLYLINE
  5
110
330
1F
100
AcDbEntity
  8
Geometries
  6
Continuous
370
    40
100
AcDbPolyline
 90
       81
 70
   128
 43
0.0
 10
343.3119758884499
 20
119.9568196688221
 10
343.3123275026155
 20
119.9232713763601
 10
343.313381657845
 20
119.889452298346
 10
343.315137323237
 20
119.8553844680994
 10
343.3175934678904
 20
119.8210899189398
 10
343.320749924733
 20
119.786575952524
 10
343.3246051712984
 20
119.7518501140819
 10
343.3291561334468
 20
119.7169349266879
 10
343.3343997370383
 20
119.6818529134169
 10
343.3403349617815
 20
119.6466115888173
 10
343.3469594904598
 20
119.611218467341
 10
343.3542682601227
 20
119.5756963450747
 10
343.3622562078199
 20
119.5400680181051
 10
343.3696517686344
 20
119.5094126375797
 10
343.3775449520115
 20
119.4786868978291
 10
343.3859313127744
 20
119.4479052469595
 10
343.3948064057456
 20
119.4170821330772
 10
343.4041657857481
 20
119.3862320042883
 10
343.415681013315
 20
119.3502541935265
 10
343.4278485516048
 20
119.3142502167864
 10
343.4406595214887
 20
119.2782427787643
 10
343.454105043838
 20
119.2422545841562
 10
343.4681817049427
 20
119.2062932357975
 10
343.4828851527903
 20
119.1703657030577
 10
343.4982048630372
 20
119.134494361991
 10
343.5141303113398
 20
119.0987015886517
 10
343.5306574362767
 20
119.0629948498658
 10
343.5477813814271
 20
119.0273808393474
 10
343.5654901239386
 20
118.9918814476729
 10
343.5837716409592
 20
118.9565185654185
 10
343.5998902603725
 20
118.9263285401277
 10
343.6164241006022
 20
118.8962458167439
 10
343.6333647194614
 20
118.8662837671573
 10
343.6507036747631
 20
118.8364557632584
 10
343.6684325243206
 20
118.8067751769372
 10
343.6897961022054
 20
118.7720331976606
 10
343.7116912752861
 20
118.7375046197237
 10
343.7341030129066
 20
118.7032104594298
 10
343.7570162844108
 20
118.6691717330823
 10
343.7804254081154
 20
118.6353953377
 10
343.8043242818977
 20
118.6018871669705
 10
343.8286968019334
 20
118.5686673800176
 10
343.8535268643984
 20
118.5357561359654
 10
343.8788084596857
 20
118.5031600168817
 10
343.904535251258
 20
118.4708845998342
 10
343.9306902057913
 20
118.4389491104502
 10
343.9572562899619
 20
118.4073727743568
 10
343.9803227118741
 20
118.3806289759318
 10
344.0036836042415
 20
118.354154339704
 10
344.027327761608
 20
118.3279602832902
 10
344.0512439785171
 20
118.3020582243068
 10
344.0754210495124
 20
118.2764595803704
 10
344.1044257963587
 20
118.2464996993812
 10
344.1337871472406
 20
118.2169741081215
 10
344.1634856908993
 20
118.187900693934
 10
344.1935020160757
 20
118.1592973441614
 10
344.2238292092455
 20
118.1311698972875
 10
344.254460173315
 20
118.1035232150963
 10
344.2853749131289
 20
118.0763740099482
 10
344.3165534335321
 20
118.0497389942036
 10
344.347988722969
 20
118.0236236630324
 10
344.3796736043283
 20
117.9980325683434
 10
344.4115876129984
 20
117.9729811938945
 10
344.4437102843676
 20
117.9484850234437
 10
344.4713886166012
 20
117.9279459961036
 10
344.4992124938285
 20
117.9078193383711
 10
344.5271688171554
 20
117.8881139475894
 10
344.5552444876885
 20
117.8688387211018
 10
344.5834264065339
 20
117.8500025562514
 10
344.6143954989178
 20
117.8298882634895
 10
344.6454831466326
 20
117.8103050506919
 10
344.6766719618903
 20
117.7912634719222
 10
344.7079445569026
 20
117.7727740812438
 10
344.7392950735332
 20
117.754840534968
 10
344.7707175435776
 20
117.7374657819397
 10
344.8021944674019
 20
117.7206592840485
 10
344.8337083453717
 20
117.704430503184
 10
344.8660163185421
 20
117.6884117435216
 10
344.8983505507418
 20
117.6730053801095
 10
344.9306922077761
 20
117.6582203336919
 10
344.9630224554499
 20
117.6440655250133
  0
LINE
  5
111
330
1F
100
AcDbEntity
  8
Geometries
  6
Continuous
370
    40
100
AcDbLine
 10
264.8444441809049
 20
109.7629220947178
 30
0.0
 11
266.3177746053075
 21
110.6135498118519
 31
0.0
  0
LINE
  5
112
330
1F
100
AcDbEntity
  8
Geometries
  6
Continuous
370
    40
100
AcDbLine
 10
358.118494794314
 20
141.2891353076784
 30
0.0
 11
356.6723805855946
 21
140.4542208799953
 31
0.0
  0
LINE
  5
113
330
1F
100
AcDbEntity
  8
Geometries
  6
Continuous
370
    40
100
AcDbLine
 10
367.0
 20
87.4705786386623
 30
0.0
 11
367.0
 21
125.0294213613377
 31
0.0
  0
LINE
  5
114
330
1F
100
AcDbEntity
  8
Geometries
  6
Continuous
370
    40
100
AcDbLine
 10
258.0
 20
125.0294213613377
 30
0.0
 11
258.0
 21
87.4705786386623
 31
0.0
  0
LINE
  5
115
330
1F
100
AcDbEntity
  8
Geometries
  6
Continuous
370
    40
100
AcDbLine
 10
341.8723815309177
 20
119.1256694789771
 30
0.0
 11
343.3119758884499
 21
119.9568196688221
 31
0.0
  0
LINE
  5
116
330
1F
100
AcDbEntity
  8
Geometries
  6
Continuous
370
    40
100
AcDbLine
 10
281.6880241115501
 20
119.9568196688222
 30
0.0
 11
283.1276184690824
 21
119.1256694789771
 31
0.0
  0
LINE
  5
117
330
1F
100
AcDbEntity
  8
Geometries
  6
Continuous
370
    40
100
AcDbLine
 10
283.1276184690824
 20
146.8865532305198
 30
0.0
 11
281.6880241115501
 21
147.7177034203649
 31
0.0
  0
LINE
  5
118
330
1F
100
AcDbEntity
  8
Geometries
  6
Continuous
370
    40
100
AcDbLine
 10
343.3119758884499
 20
147.7177034203648
 30
0.0
 11
341.8723815309177
 21
146.8865532305198
 31
0.0
  0
LINE
  5
119
330
1F
100
AcDbEntity
  8
Geometries
  6
Continuous
370
    40
100
AcDbLine
 10
354.8464304258398
 20
110.2863084823852
 30
0.0
 11
356.0145171546486
 21
110.9607036696998
 31
0.0
  0
LINE
  5
11A
330
1F
100
AcDbEntity
  8
Geometries
  6
Continuous
370
    40
100
AcDbLine
 10
344.9630224554499
 20
117.6440655250133
 30
0.0
 11
343.5327219268551
 21
116.818281129807
 31
0.0
  0
LWPOLYLINE
  5
11B
330
1F
100
AcDbEntity
  8
Geometries
  6
Continuous
370
    40
100
AcDbPolyline
 90
       93
 70
   128
 43
0.0
 10
366.4096466321196
 20
209.75
 10
366.4046636766811
 20
209.750280997486
 10
366.3996602347146
 20
209.7511235179446
 10
366.3946384170297
 20
209.7525268533769
 10
366.389600334436
 20
209.7544902957839
 10
366.384548097743
 20
209.7570131371665
 10
366.3794821121063
 20
209.760095439067
 10
366.3744028368326
 20
209.7637365454063
 10
366.3693124905854
 20
209.7679346570037
 10
366.3642132920277
 20
209.7726879746784
 10
366.3591074598228
 20
209.7779946992497
 10
366.3539954858545
 20
209.7838547561326
 10
366.3488779144104
 20
209.7902673669846
 10
366.3437570564666
 20
209.7972296620085
 10
366.3386352229993
 20
209.8047387714069
 10
366.3335147249844
 20
209.8127918253825
 10
366.3280268079987
 20
209.8220301463066
 10
366.3225418540717
 20
209.8318924979305
 10
366.3170628061828
 20
209.8423740022025
 10
366.3115926073111
 20
209.8534697810708
 10
366.3061342004358
 20
209.8651749564839
 10
366.3010545549469
 20
209.8766411091374
 10
366.2959865700223
 20
209.8886359454205
 10
366.2909326884434
 20
209.9011544400576
 10
366.2858953529921
 20
209.9141915677727
 10
366.2808770064498
 20
209.9277423032899
 10
366.2758783690664
 20
209.9418062260901
 10
366.2709002041022
 20
209.9563821769517
 10
366.2659449842325
 20
209.9714641179888
 10
366.2610151821329
 20
209.9870460113152
 10
366.2561132704787
 20
210.0031218190448
 10
366.25124002623
 20
210.0196910191553
 10
366.2463962626623
 20
210.036752314291
 10
366.2415844569711
 20
210.0542986703862
 10
366.236807086352
 20
210.0723230533748
 10
366.2320666280003
 20
210.090818429191
 10
366.2270245279028
 20
210.1111771724062
 10
366.222026880809
 20
210.132075230007
 10
366.2170767118348
 20
210.1535026728919
 10
366.212177046096
 20
210.1754495719596
 10
366.2073309087084
 20
210.1979059981087
 10
366.2028744138378
 20
210.2192398887675
 10
366.1984659572736
 20
210.24101171476
 10
366.1941079126885
 20
210.2632125136136
 10
366.1898026537547
 20
210.2858333228555
 10
366.1855525541445
 20
210.308865180013
 10
366.1813584799474
 20
210.3323072202352
 10
366.1772212908722
 20
210.3561576734184
 10
366.1731432721098
 20
210.3804066534931
 10
366.1691267088511
 20
210.4050442743899
 10
366.1651738862872
 20
210.4300606500394
 10
366.1612856710915
 20
210.4554547762292
 10
366.1574629012196
 20
210.4812247111439
 10
366.1537077386502
 20
210.5073596774844
 10
366.1500223453626
 20
210.5338488979515
 10
366.1464088833358
 20
210.5606815952463
 10
366.1426097057657
 20
210.5898765331113
 10
366.1388954445946
 20
210.6194636557317
 10
366.1352685714273
 20
210.6494285310598
 10
366.1317315578685
 20
210.6797567270476
 10
366.1282868755233
 20
210.7104338116473
 10
366.1252014047676
 20
210.7389518501027
 10
366.1221955553382
 20
210.7677612711562
 10
366.1192710533974
 20
210.7968500709241
 10
366.1164296251076
 20
210.8262062455226
 10
366.1136729966313
 20
210.855817791068
 10
366.1110018924012
 20
210.8856832241141
 10
366.1084169247453
 20
210.9158002179945
 10
366.1059195977336
 20
210.9461560949924
 10
366.1035114154362
 20
210.9767381773909
 10
366.1011938819233
 20
211.0075337874731
 10
366.098967647647
 20
211.0385412543824
 10
366.0968332216459
 20
211.0697581444425
 10
366.0947918547482
 20
211.101171195019
 10
366.0928447977818
 20
211.132767143477
 10
366.0909933015746
 20
211.1645327271819
 10
366.0891113359887
 20
211.1988458635884
 10
366.0873408031413
 20
211.2333495733073
 10
366.0856828923427
 20
211.2680267983483
 10
366.0841387929029
 20
211.3028604807209
 10
366.0827096941322
 20
211.3378335624349
 10
366.0814475528949
 20
211.3715050393052
 10
366.0802920162978
 20
211.405297002315
 10
366.0792438188135
 20
211.4391940324491
 10
366.0783036949147
 20
211.4731807106926
 10
366.0774720615321
 20
211.5072519939696
 10
366.0767491473301
 20
211.5414025915256
 10
366.0761354002947
 20
211.5756168697923
 10
366.0756312684121
 20
211.6098791952014
 10
366.0752302849591
 20
211.6448676253363
 10
366.0749436696512
 20
211.6798950380501
 10
366.0747715828604
 20
211.7149447305392
 10
366.0747141849586
 20
211.75
  0
LINE
  5
11C
330
1F
100
AcDbEntity
  8
Geometries
  6
Continuous
370
    40
100
AcDbLine
 10
304.5
 20
209.75
 30
0.0
 11
320.5
 21
209.75
 31
0.0
  0
LWPOLYLINE
  5
11D
330
1F
100
AcDbEntity
  8
Geometries
  6
Continuous
370
    40
100
AcDbPolyline
 90
      117
 70
   128
 43
0.0
 10
366.0747141849586
 20
245.75
 10
366.0746451210652
 20
245.8044013766635
 10
366.0744379400017
 20
245.8587949433044
 10
366.0740926576934
 20
245.9131650837849
 10
366.0736082810022
 20
245.9675978440483
 10
366.0729852700816
 20
246.0219914268677
 10
366.0722236733083
 20
246.0763301675698
 10
366.0713250972043
 20
246.1305126612499
 10
366.0702883040078
 20
246.1846249375108
 10
366.0691133750128
 20
246.2386514773273
 10
366.067797831878
 20
246.2926775471271
 10
366.0663435148991
 20
246.3466020528034
 10
366.064750540735
 20
246.4004094922854
 10
366.0630218976763
 20
246.4539996820299
 10
366.0611548678306
 20
246.5074578519402
 10
366.0591496042167
 20
246.5607687090293
 10
366.0570021545815
 20
246.6140160920356
 10
366.0547157441871
 20
246.667100399938
 10
366.0522905667871
 20
246.7200064222848
 10
366.0495402187671
 20
246.7764406740141
 10
366.0466304819356
 20
246.8326526965422
 10
366.0435616491536
 20
246.8886240725977
 10
366.0403269621816
 20
246.9444555730063
 10
366.0369321599446
 20
247.000027180941
 10
366.0333775997639
 20
247.0553206702792
 10
366.0299259456445
 20
247.106519958621
 10
366.0263355874146
 20
247.1574633595949
 10
366.0226068665327
 20
247.2081364512153
 10
366.0187328497715
 20
247.2586181257996
 10
366.0147196520453
 20
247.3088143198023
 10
366.0105676731824
 20
247.3587108273773
 10
366.0062841815661
 20
247.4082160021288
 10
366.0018620423496
 20
247.457408647162
 10
365.9973017145488
 20
247.5062749476602
 10
365.9925948818554
 20
247.5548905069766
 10
365.9877490596255
 20
247.6031650535623
 10
365.9827647759309
 20
247.6510850503516
 10
365.9776506983685
 20
247.6985630862607
 10
365.9723983267549
 20
247.7456746616024
 10
365.9670082580916
 20
247.7924066826684
 10
365.9614708425283
 20
247.838830926326
 10
365.955794993888
 20
247.8848615871229
 10
365.9499813895465
 20
247.9304859073896
 10
365.9436102676269
 20
247.9788307601891
 10
365.9370812742329
 20
248.0266961490277
 10
365.9303953432557
 20
248.074067003983
 10
365.923538954634
 20
248.1210260675271
 10
365.9165248302694
 20
248.1674741869186
 10
365.909354025859
 20
248.2133968027594
 10
365.9024937580999
 20
248.2559367396921
 10
365.8954958909872
 20
248.2980036648189
 10
365.8883613909031
 20
248.3395861072706
 10
365.8810778309307
 20
248.3807474780943
 10
365.8736571873629
 20
248.4214118382351
 10
365.8661005321155
 20
248.4615681674359
 10
365.8584209885345
 20
248.5011446259296
 10
365.8506060033444
 20
248.5402044750831
 10
365.8426567476575
 20
248.5787372752676
 10
365.8345596525736
 20
248.6168011553758
 10
365.8263280600876
 20
248.6543264745709
 10
365.8179632564587
 20
248.6913032848293
 10
365.8094797066728
 20
248.7276663417232
 10
365.8008637351138
 20
248.7634736050797
 10
365.7921167339342
 20
248.7987157323457
 10
365.7832240852916
 20
248.83344525143
 10
365.7742004496254
 20
248.8675992209083
 10
365.7650473420598
 20
248.9011688220186
 10
365.7551264817737
 20
248.9363804409435
 10
365.7450585970537
 20
248.9709158155867
 10
365.7348456848537
 20
249.0047649262177
 10
365.724468604627
 20
249.0379846356029
 10
365.7139469066526
 20
249.0705066155649
 10
365.7032827576357
 20
249.1023215602221
 10
365.6930404325543
 20
249.1318300888129
 10
365.6826710600236
 20
249.1606959216689
 10
365.672176620238
 20
249.188911771668
 10
365.6615398119409
 20
249.2165198098123
 10
365.6507786874372
 20
249.2434694543785
 10
365.639895368302
 20
249.2697540150273
 10
365.6289089668344
 20
249.2953282683048
 10
365.6178021236329
 20
249.3202341048543
 10
365.6065770806968
 20
249.344465497061
 10
365.5952157688918
 20
249.3680580485833
 10
365.5837374018124
 20
249.3909690187536
 10
365.572144363906
 20
249.4131929789799
 10
365.5604568616012
 20
249.4346926640505
 10
365.548656783202
 20
249.4555033515312
 10
365.5367466311914
 20
249.4756202595227
 10
365.5247076911966
 20
249.4950723753908
 10
365.5125602328986
 20
249.5138248239444
 10
365.5003069000355
 20
249.5318734147194
 10
365.4871146380268
 20
249.5503563494913
 10
365.4738042810681
 20
249.5680341264368
 10
365.4603792022272
 20
249.5849024123515
 10
365.446815856631
 20
249.600988166709
 10
365.4331401939437
 20
249.6162585583925
 10
365.4193557687591
 20
249.6307100036591
 10
365.4076861497088
 20
249.6422226445258
 10
365.3959408334928
 20
249.6531559280455
 10
365.3841220446348
 20
249.6635082624758
 10
365.3722320076585
 20
249.6732780560745
 10
365.3602729470877
 20
249.6824637170993
 10
365.3482450461124
 20
249.6910652928915
 10
365.3361484681205
 20
249.6990833113728
 10
365.3239855653994
 20
249.706516784904
 10
365.3117586902367
 20
249.713364725846
 10
365.2994701949201
 20
249.7196261465596
 10
365.2871203504529
 20
249.7253011824985
 10
365.274709408961
 20
249.7303904033461
 10
365.2622398452201
 20
249.7348933997502
 10
365.2497141340051
 20
249.7388097623584
 10
365.2371347500917
 20
249.7421390818183
 10
365.2240456435068
 20
249.7449694643019
 10
365.2108996904555
 20
249.7471705778851
 10
365.1976997755112
 20
249.7487425920446
 10
365.1844487832477
 20
249.7496856762573
 10
365.1711495982383
 20
249.75
  0
LWPOLYLINE
  5
11E
330
1F
100
AcDbEntity
  8
Geometries
  6
Continuous
370
    40
100
AcDbPolyline
 90
       81
 70
   128
 43
0.0
 10
258.9252858150415
 20
211.75
 10
258.9252075874631
 20
211.7090823020457
 10
258.9249731031269
 20
211.6681734756677
 10
258.9245826596311
 20
211.6273000747022
 10
258.9240365545738
 20
211.586488652985
 10
258.9233349166896
 20
211.5457481637796
 10
258.9224782653359
 20
211.5050872908787
 10
258.9214674863017
 20
211.4645323313461
 10
258.9203034653756
 20
211.4241095822456
 10
258.9189866552489
 20
211.3838279782183
 10
258.9175178805921
 20
211.3436959087014
 10
258.9158985948
 20
211.3037391664335
 10
258.9141302512673
 20
211.263983544153
 10
258.9124943470858
 20
211.2300320710951
 10
258.9107497655272
 20
211.1962376208483
 10
258.9088977750587
 20
211.1626160139092
 10
258.9069396441478
 20
211.1291830707742
 10
258.904876641262
 20
211.09595461194
 10
258.9023412167476
 20
211.0574980437106
 10
258.8996655154907
 20
211.0193304054266
 10
258.8968520507711
 20
210.9814757393359
 10
258.8939033358688
 20
210.9439580876865
 10
258.8908207024402
 20
210.9067856798108
 10
258.8876057380296
 20
210.8699655616153
 10
258.8842613918546
 20
210.8335206454404
 10
258.8807906131324
 20
210.7974738436262
 10
258.8771949564068
 20
210.7618329838148
 10
258.8734761842384
 20
210.7266045926508
 10
258.8696376245051
 20
210.6918103069427
 10
258.8656826050844
 20
210.6574717634991
 10
258.8622019956077
 20
210.6284136604708
 10
258.8586380490717
 20
210.5996972432984
 10
258.8549930666434
 20
210.5713352207755
 10
258.8512693494902
 20
210.5433403016957
 10
258.847469198779
 20
210.5157251948525
 10
258.8428997699699
 20
210.4837120358951
 10
258.8382277801598
 20
210.4522335727009
 10
258.8334572526358
 20
210.4213089398879
 10
258.8285922106847
 20
210.3909572720738
 10
258.8236346948875
 20
210.3611850393712
 10
258.8185868165161
 20
210.3319972564633
 10
258.8134527987304
 20
210.3034114491703
 10
258.8082368646902
 20
210.2754451433124
 10
258.8029411152357
 20
210.2481042516497
 10
258.7975676833392
 20
210.2213932570311
 10
258.79212093247
 20
210.1953280250356
 10
258.7866052260973
 20
210.1699244212419
 10
258.7818297859839
 20
210.1487050745176
 10
258.7770063197986
 20
210.127975578798
 10
258.7721376201227
 20
210.1077447868776
 10
258.7672264795373
 20
210.0880215515504
 10
258.7622756906233
 20
210.0688147256109
 10
258.756354842053
 20
210.0467101196332
 10
258.7503817548164
 20
210.0253373262399
 10
258.7443611179797
 20
210.0047092160956
 10
258.7382976206093
 20
209.9848386598651
 10
258.7321934124068
 20
209.9657300693031
 10
258.7260505884462
 20
209.9473864755257
 10
258.7198738180682
 20
209.9298188775412
 10
258.713667770613
 20
209.9130382743579
 10
258.7074345126773
 20
209.8970485048349
 10
258.701176037802
 20
209.8818520624564
 10
258.6948969496754
 20
209.8674580438976
 10
258.6886018519853
 20
209.853875545834
 10
258.6831979417015
 20
209.8428881035664
 10
258.6777844820039
 20
209.832499075299
 10
258.6723642970557
 20
209.8227129198537
 10
258.6669402110197
 20
209.8135340960524
 10
258.6615150480591
 20
209.8049670627169
 10
258.6555758827378
 20
209.7962914757257
 10
258.6496377063616
 20
209.7883511464206
 10
258.6437041032561
 20
209.7811502901396
 10
258.6377786577468
 20
209.7746931222204
 10
258.6318627488312
 20
209.7689813573808
 10
258.6259576711706
 20
209.7640156817071
 10
258.6200668725161
 20
209.7597987572412
 10
258.6141938006189
 20
209.7563332460252
 10
258.6081984234144
 20
209.7535641619933
 10
258.6022242036316
 20
209.7515848324878
 10
258.5962746741579
 20
209.7503963982446
 10
258.5903533678804
 20
209.75
  0
ARC
  5
11F
330
1F
100
AcDbEntity
  8
Geometries
  6
Continuous
370
    40
100
AcDbCircle
 10
326.4999996037322
 20
245.7500003962678
 30
0.0
 40
3.999999603732233
100
AcDbArc
 50
89.99999432388121
 51
180.0000056761184
  0
ARC
  5
120
330
1F
100
AcDbEntity
  8
Geometries
  6
Continuous
370
    40
100
AcDbCircle
 10
320.4999997933036
 20
211.7500002109673
 30
0.0
 40
2.000000210967317
100
AcDbArc
 50
270.0000059214158
 51
358.828264975152
  0
ARC
  5
121
330
1F
100
AcDbEntity
  8
Geometries
  6
Continuous
370
    40
100
AcDbCircle
 10
304.50000044825
 20
211.7500004482501
 30
0.0
 40
2.000000448250105
100
AcDbArc
 50
180.0000128414155
 51
269.9999871585853
  0
LINE
  5
122
330
1F
100
AcDbEntity
  8
Geometries
  6
Continuous
370
    40
100
AcDbLine
 10
367.0
 20
203.75
 30
0.0
 11
367.0
 21
209.75
 31
0.0
  0
LINE
  5
123
330
1F
100
AcDbEntity
  8
Geometries
  6
Continuous
370
    40
100
AcDbLine
 10
258.0
 20
209.75
 30
0.0
 11
258.0
 21
203.75
 31
0.0
  0
LINE
  5
124
330
1F
100
AcDbEntity
  8
Geometries
  6
Continuous
370
    40
100
AcDbLine
 10
258.9252858150415
 20
211.75
 30
0.0
 11
258.9252858150415
 21
245.75
 31
0.0
  0
LINE
  5
125
330
1F
100
AcDbEntity
  8
Geometries
  6
Continuous
370
    40
100
AcDbLine
 10
366.0747141849586
 20
211.75
 30
0.0
 11
366.0747141849586
 21
245.75
 31
0.0
  0
LINE
  5
126
330
1F
100
AcDbEntity
  8
Geometries
  6
Continuous
370
    40
100
AcDbLine
 10
298.5
 20
249.75
 30
0.0
 11
297.5
 21
249.75
 31
0.0
  0
LWPOLYLINE
  5
127
330
1F
100
AcDbEntity
  8
Geometries
  6
Continuous
370
    40
100
AcDbPolyline
 90
      120
 70
   128
 43
0.0
 10
259.8288504017617
 20
249.75
 10
259.8140342410204
 20
249.749609856409
 10
259.7992793244579
 20
249.7484391744936
 10
259.7845896728592
 20
249.7464875775401
 10
259.7699430264574
 20
249.7437492679947
 10
259.7553657482549
 20
249.7402266167782
 10
259.7408617557587
 20
249.7359198274972
 10
259.7264567627338
 20
249.7308376276536
 10
259.712128472173
 20
249.7249735801627
 10
259.6978806552792
 20
249.7183284861705
 10
259.683691329894
 20
249.7108891203366
 10
259.6695862028777
 20
249.7026663281243
 10
259.6555689328882
 20
249.6936615358369
 10
259.6416644459608
 20
249.6838920005349
 10
259.627850744485
 20
249.6733439149801
 10
259.6141313338854
 20
249.6620193355059
 10
259.6004846301953
 20
249.6498974863908
 10
259.5869355499768
 20
249.6369979450363
 10
259.573487477282
 20
249.6233234374011
 10
259.5627816966831
 20
249.6118031951505
 10
259.5521421129989
 20
249.5997858186143
 10
259.5415703930094
 20
249.5872730727832
 10
259.5310682034947
 20
249.5742667226479
 10
259.5206152920999
 20
249.5607397039589
 10
259.5102328559419
 20
249.5467177571204
 10
259.4999224906611
 20
249.5322030425248
 10
259.4896857918979
 20
249.5171977205643
 10
259.477065164922
 20
249.4978634092668
 10
259.4645599078276
 20
249.4777737069122
 10
259.4521729312298
 20
249.4569334918667
 10
259.4398838938725
 20
249.435306111746
 10
259.4277156337873
 20
249.41292987651
 10
259.4156709258363
 20
249.3898104107194
 10
259.4037714909094
 20
249.3659923714791
 10
259.3919970292266
 20
249.3414387212071
 10
259.3803501493022
 20
249.3161557806285
 10
259.3688113230554
 20
249.2900992310123
 10
259.357402174535
 20
249.2633165920286
 10
259.3461251727461
 20
249.2358149538495
 10
259.3350007396018
 20
249.2076480625906
 10
259.3240094070704
 20
249.1787712714587
 10
259.3131534782615
 20
249.1491923676311
 10
259.3024143792243
 20
249.1188594688043
 10
259.2918123932279
 20
249.087829273456
 10
259.2813496829145
 20
249.0561103493932
 10
259.2730314290182
 20
249.0300872317783
 10
259.264803707292
 20
249.0036219339947
 10
259.2566675629413
 20
248.9767193184891
 10
259.2486240411716
 20
248.9493842477084
 10
259.240656397021
 20
248.9215588254749
 10
259.2327816645789
 20
248.8933019981397
 10
259.2250008116256
 20
248.8646190688698
 10
259.2173148059417
 20
248.8355153408325
 10
259.2081335033066
 20
248.7997078357959
 10
259.199091445752
 20
248.7632901720727
 10
259.1901902126788
 20
248.726272453194
 10
259.1814146512974
 20
248.6885921659205
 10
259.1727808409042
 20
248.6503195817267
 10
259.1642902392505
 20
248.6114654999386
 10
259.1559576592167
 20
248.5721052113673
 10
259.1477680648034
 20
248.5321760158988
 10
259.1397227807728
 20
248.4916892783031
 10
259.1318078961706
 20
248.4505763657195
 10
259.1240379927975
 20
248.4089151538137
 10
259.1164142813126
 20
248.3667176756845
 10
259.1089500465122
 20
248.3240664904855
 10
259.1016315174068
 20
248.2808928008004
 10
259.0944597827865
 20
248.2372091578428
 10
259.0874222744479
 20
248.1929412410731
 10
259.0805320242637
 20
248.1481740379874
 10
259.0737900165874
 20
248.1029207296775
 10
259.0684699387463
 20
248.0661399007328
 10
259.0632456846072
 20
248.0290504389247
 10
259.0581177113956
 20
247.9916595117457
 10
259.0530864763365
 20
247.9539742866882
 10
259.0481414643859
 20
247.915916589497
 10
259.0432931455572
 20
247.8775680542395
 10
259.0385419248653
 20
247.83893617893
 10
259.0338882073251
 20
247.8000284615829
 10
259.0283931218991
 20
247.752636147648
 10
259.0230399927689
 20
247.7048511289856
 10
259.0178294486505
 20
247.6566870956021
 10
259.0127526034835
 20
247.6080654202009
 10
259.0078185252979
 20
247.5590771668549
 10
259.0030277693482
 20
247.5097364988091
 10
258.9983881837868
 20
247.4601375132265
 10
258.9938910768741
 20
247.4102014775929
 10
258.989536930271
 20
247.3599428504074
 10
258.9853182965292
 20
247.3092794287826
 10
258.9812427689452
 20
247.2583068465013
 10
258.9773107662348
 20
247.2070399789776
 10
258.9735286594656
 20
247.155577019096
 10
258.9698892148498
 20
247.103835672799
 10
258.9663927890555
 20
247.0518310441391
 10
258.9630334209041
 20
246.9994779711627
 10
258.9598172271535
 20
246.9468759164093
 10
258.9567445112239
 20
246.8940403401155
 10
258.9543778194462
 20
246.8513930305474
 10
258.9521036251869
 20
246.8086024220536
 10
258.9499220590004
 20
246.7656766821042
 10
258.9478332514414
 20
246.7226239781692
 10
258.9458330751156
 20
246.6793584570102
 10
258.9439257499629
 20
246.6359709361522
 10
258.9421113814563
 20
246.5924697492401
 10
258.9403900750685
 20
246.5488632299188
 10
258.9384546447956
 20
246.496608420816
 10
258.9366517225274
 20
246.4442094430187
 10
258.9349814383878
 20
246.3916807242706
 10
258.9334439225005
 20
246.3390366923151
 10
258.932039304989
 20
246.2862917748957
 10
258.9307673982311
 20
246.2334482971022
 10
258.9296279802842
 20
246.1805087675666
 10
258.92862112695
 20
246.1274877772535
 10
258.9277469140305
 20
246.0743999171275
 10
258.9270054173277
 20
246.0212597781533
 10
258.926386430887
 20
245.9670750602014
 10
258.9259049510446
 20
245.9128412111548
 10
258.925561004194
 20
245.8585737432687
 10
258.9253546167285
 20
245.8042881687987
 10
258.9252858150415
 20
245.75
  0
LINE
  5
128
330
1F
100
AcDbEntity
  8
Geometries
  6
Continuous
370
    40
100
AcDbLine
 10
322.5
 20
211.75
 30
0.0
 11
322.4995817903659
 21
211.7091017893167
 31
0.0
  0
ARC
  5
129
330
1F
100
AcDbEntity
  8
Geometries
  6
Continuous
370
    40
100
AcDbCircle
 10
297.5000003063413
 20
244.7500003063413
 30
0.0
 40
4.999999693658744
100
AcDbArc
 50
359.9999964895875
 51
90.00000351041284
  0
LINE
  5
12A
330
1F
100
AcDbEntity
  8
Geometries
  6
Continuous
370
    40
100
AcDbLine
 10
326.5
 20
249.75
 30
0.0
 11
365.1711495982383
 21
249.75
 31
0.0
  0
ARC
  5
12B
330
1F
100
AcDbEntity
  8
Geometries
  6
Continuous
370
    40
100
AcDbCircle
 10
298.5000002596435
 20
245.7500002596435
 30
0.0
 40
3.999999740356515
100
AcDbArc
 50
359.9999962808808
 51
90.00000371911962
  0
LINE
  5
12C
330
1F
100
AcDbEntity
  8
Geometries
  6
Continuous
370
    40
100
AcDbLine
 10
258.0
 20
209.75
 30
0.0
 11
258.5903533678804
 21
209.75
 31
0.0
  0
LINE
  5
12D
330
1F
100
AcDbEntity
  8
Geometries
  6
Continuous
370
    40
100
AcDbLine
 10
322.5
 20
211.75
 30
0.0
 11
322.5
 21
245.75
 31
0.0
  0
LINE
  5
12E
330
1F
100
AcDbEntity
  8
Geometries
  6
Continuous
370
    40
100
AcDbLine
 10
366.4096466321196
 20
209.75
 30
0.0
 11
367.0
 21
209.75
 31
0.0
  0
LINE
  5
12F
330
1F
100
AcDbEntity
  8
Geometries
  6
Continuous
370
    40
100
AcDbLine
 10
302.5
 20
244.7499999999987
 30
0.0
 11
302.5
 21
245.75
 31
0.0
  0
LINE
  5
130
330
1F
100
AcDbEntity
  8
Geometries
  6
Continuous
370
    40
100
AcDbLine
 10
259.8288504017617
 20
249.75
 30
0.0
 11
297.5
 21
249.75
 31
0.0
  0
LINE
  5
131
330
1F
100
AcDbEntity
  8
Geometries
  6
Continuous
370
    40
100
AcDbLine
 10
302.5
 20
211.75
 30
0.0
 11
302.5
 21
244.75
 31
0.0
  0
LINE
  5
132
330
1F
100
AcDbEntity
  8
Geometries
  6
Continuous
370
    40
100
AcDbLine
 10
258.0
 20
203.75
 30
0.0
 11
367.0
 21
203.75
 31
0.0
  0
ARC
  5
133
330
1F
100
AcDbEntity
  8
Geometries
  6
Continuous
370
    40
100
AcDbCircle
 10
117.5
 20
106.25
 30
0.0
 40
52.5
100
AcDbArc
 50
171.2350684676858
 51
188.7649315323142
  0
ARC
  5
134
330
1F
100
AcDbEntity
  8
Geometries
  6
Continuous
370
    40
100
AcDbCircle
 10
117.5
 20
106.25
 30
0.0
 40
52.50000000000001
100
AcDbArc
 50
195.4660099534206
 51
254.5339900465794
  0
ARC
  5
135
330
1F
100
AcDbEntity
  8
Geometries
  6
Continuous
370
    40
100
AcDbCircle
 10
117.5
 20
106.25
 30
0.0
 40
52.50000000000001
100
AcDbArc
 50
351.2350684676858
 51
8.764931532314181
  0
ARC
  5
136
330
1F
100
AcDbEntity
  8
Geometries
  6
Continuous
370
    40
100
AcDbCircle
 10
117.5
 20
106.25
 30
0.0
 40
52.50000000000001
100
AcDbArc
 50
261.2350684676858
 51
278.7649315323142
  0
ARC
  5
137
330
1F
100
AcDbEntity
  8
Geometries
  6
Continuous
370
    40
100
AcDbCircle
 10
117.5
 20
106.25
 30
0.0
 40
54.49999999999999
100
AcDbArc
 50
194.8850560995158
 51
255.1149439004842
  0
ARC
  5
138
330
1F
100
AcDbEntity
  8
Geometries
  6
Continuous
370
    40
100
AcDbCircle
 10
117.5
 20
106.25
 30
0.0
 40
52.50000000000001
100
AcDbArc
 50
15.46600995342055
 51
74.53399004657945
  0
ARC
  5
139
330
1F
100
AcDbEntity
  8
Geometries
  6
Continuous
370
    40
100
AcDbCircle
 10
117.5
 20
106.25
 30
0.0
 40
54.5
100
AcDbArc
 50
261.5591105586508
 51
278.4408894413492
  0
ARC
  5
13A
330
1F
100
AcDbEntity
  8
Geometries
  6
Continuous
370
    40
100
AcDbCircle
 10
117.5
 20
106.25
 30
0.0
 40
54.5
100
AcDbArc
 50
351.5591105586508
 51
8.44088944134911
  0
ARC
  5
13B
330
1F
100
AcDbEntity
  8
Geometries
  6
Continuous
370
    40
100
AcDbCircle
 10
117.5
 20
106.25
 30
0.0
 40
52.49999999999999
100
AcDbArc
 50
81.23506846768579
 51
98.7649315323142
  0
ARC
  5
13C
330
1F
100
AcDbEntity
  8
Geometries
  6
Continuous
370
    40
100
AcDbCircle
 10
117.5
 20
106.25
 30
0.0
 40
54.5
100
AcDbArc
 50
284.8850560995158
 51
345.1149439004841
  0
ARC
  5
13D
330
1F
100
AcDbEntity
  8
Geometries
  6
Continuous
370
    40
100
AcDbCircle
 10
117.5
 20
106.25
 30
0.0
 40
54.5
100
AcDbArc
 50
171.5591105586509
 51
188.4408894413491
  0
ARC
  5
13E
330
1F
100
AcDbEntity
  8
Geometries
  6
Continuous
370
    40
100
AcDbCircle
 10
117.4999885152709
 20
106.2499314206169
 30
0.0
 40
54.50006952235127
100
AcDbArc
 50
79.42711177004571
 51
81.55910919866514
  0
ARC
  5
13F
330
1F
100
AcDbEntity
  8
Geometries
  6
Continuous
370
    40
100
AcDbCircle
 10
117.5000114847274
 20
106.2500685793725
 30
0.0
 40
54.50006952234049
100
AcDbArc
 50
259.4271117700455
 51
261.5591091986653
  0
ARC
  5
140
330
1F
100
AcDbEntity
  8
Geometries
  6
Continuous
370
    40
100
AcDbCircle
 10
117.5000160051094
 20
106.250091963334
 30
0.0
 40
52.50009332824462
100
AcDbArc
 50
259.0194265419847
 51
261.235066498091
  0
ARC
  5
141
330
1F
100
AcDbEntity
  8
Geometries
  6
Continuous
370
    40
100
AcDbCircle
 10
117.4999080367932
 20
106.2500160050885
 30
0.0
 40
52.50009332811572
100
AcDbArc
 50
349.0194265419806
 51
351.2350664980925
  0
ARC
  5
142
330
1F
100
AcDbEntity
  8
Geometries
  6
Continuous
370
    40
100
AcDbCircle
 10
117.5000685794583
 20
106.249988515257
 30
0.0
 40
54.50006952242772
100
AcDbArc
 50
169.4271117700458
 51
171.5591091986623
  0
ARC
  5
143
330
1F
100
AcDbEntity
  8
Geometries
  6
Continuous
370
    40
100
AcDbCircle
 10
117.4999029306828
 20
106.2499837441679
 30
0.0
 40
54.50009840402294
100
AcDbArc
 50
8.440891366314602
 51
10.57288766497726
  0
ARC
  5
144
330
1F
100
AcDbEntity
  8
Geometries
  6
Continuous
370
    40
100
AcDbCircle
 10
117.4999884946628
 20
106.2500661082014
 30
0.0
 40
52.50006708937305
100
AcDbArc
 50
278.7649329481678
 51
280.980574011761
  0
ARC
  5
145
330
1F
100
AcDbEntity
  8
Geometries
  6
Continuous
370
    40
100
AcDbCircle
 10
117.5000661084306
 20
106.2500115053762
 30
0.0
 40
52.50006708960549
100
AcDbArc
 50
188.7649329481717
 51
190.9805740117552
  0
ARC
  5
146
330
1F
100
AcDbEntity
  8
Geometries
  6
Continuous
370
    40
100
AcDbCircle
 10
117.5000162558438
 20
106.2499029306182
 30
0.0
 40
54.50009840408853
100
AcDbArc
 50
98.44089136631685
 51
100.572887664977
  0
ARC
  5
147
330
1F
100
AcDbEntity
  8
Geometries
  6
Continuous
370
    40
100
AcDbCircle
 10
117.4999819059683
 20
106.2500042686746
 30
0.0
 40
54.49998142992072
100
AcDbArc
 50
164.0243162267931
 51
169.427111331202
  0
ARC
  5
148
330
1F
100
AcDbEntity
  8
Geometries
  6
Continuous
370
    40
100
AcDbCircle
 10
117.4999960507891
 20
106.2499825171921
 30
0.0
 40
54.49998208938452
100
AcDbArc
 50
255.114943191584
 51
259.4271111189565
  0
ARC
  5
149
330
1F
100
AcDbEntity
  8
Geometries
  6
Continuous
370
    40
100
AcDbCircle
 10
117.5000041081316
 20
106.250017483134
 30
0.0
 40
52.50001794555087
100
AcDbArc
 50
254.5339908135762
 51
259.0194238053903
  0
ARC
  5
14A
330
1F
100
AcDbEntity
  8
Geometries
  6
Continuous
370
    40
100
AcDbCircle
 10
117.4999958789154
 20
106.2500175382606
 30
0.0
 40
52.49998199786464
100
AcDbArc
 50
100.9805746581962
 51
105.4660107228368
  0
ARC
  5
14B
330
1F
100
AcDbEntity
  8
Geometries
  6
Continuous
370
    40
100
AcDbCircle
 10
117.4999957964335
 20
106.250018608817
 30
0.0
 40
54.5000190641783
100
AcDbArc
 50
280.5728903444989
 51
284.8850553449583
  0
ARC
  5
14C
330
1F
100
AcDbEntity
  8
Geometries
  6
Continuous
370
    40
100
AcDbCircle
 10
117.500018608881
 20
106.2500042035815
 30
0.0
 40
54.50001906424399
100
AcDbArc
 50
190.5728903445021
 51
194.8850553449563
  0
ARC
  5
14D
330
1F
100
AcDbEntity
  8
Geometries
  6
Continuous
370
    40
100
AcDbCircle
 10
117.4999824616928
 20
106.2499958789041
 30
0.0
 40
52.49998199781672
100
AcDbArc
 50
190.9805746581938
 51
195.4660107228385
  0
ARC
  5
14E
330
1F
100
AcDbEntity
  8
Geometries
  6
Continuous
370
    40
100
AcDbCircle
 10
117.4999825168704
 20
106.2500041081301
 30
0.0
 40
52.50001794554615
100
AcDbArc
 50
344.5339908135766
 51
349.0194238053911
  0
ARC
  5
14F
330
1F
100
AcDbEntity
  8
Geometries
  6
Continuous
370
    40
100
AcDbCircle
 10
117.4999813911448
 20
106.2499957964244
 30
0.0
 40
54.50001906421749
100
AcDbArc
 50
10.57289034450095
 51
14.88505534495724
  0
ARC
  5
150
330
1F
100
AcDbEntity
  8
Geometries
  6
Continuous
370
    40
100
AcDbCircle
 10
117.5000039492048
 20
106.250017482781
 30
0.0
 40
54.49998208941211
100
AcDbArc
 50
75.11494319158507
 51
79.42711111895545
  0
ARC
  5
151
330
1F
100
AcDbEntity
  8
Geometries
  6
Continuous
370
    40
100
AcDbCircle
 10
117.4999958918851
 20
106.2499825169341
 30
0.0
 40
52.50001794548076
100
AcDbArc
 50
74.53399081357398
 51
79.01942380539406
  0
LINE
  5
152
330
1F
100
AcDbEntity
  8
Geometries
  6
Continuous
370
    40
100
AcDbLine
 10
127.5
 20
157.7888203202207
 30
0.0
 11
127.5
 21
159.8247141849586
 31
0.0
  0
LINE
  5
153
330
1F
100
AcDbEntity
  8
Geometries
  6
Continuous
370
    40
100
AcDbLine
 10
103.5
 20
156.8489130318034
 30
0.0
 11
103.5
 21
158.9211495982383
 31
0.0
  0
LINE
  5
154
330
1F
100
AcDbEntity
  8
Geometries
  6
Continuous
370
    40
100
AcDbLine
 10
125.5
 20
52.34035336788044
 30
0.0
 11
125.5
 21
54.36310377368868
 31
0.0
  0
LINE
  5
155
330
1F
100
AcDbEntity
  8
Geometries
  6
Continuous
370
    40
100
AcDbLine
 10
131.5
 20
158.9211495982383
 30
0.0
 11
131.5
 21
156.8489130318034
 31
0.0
  0
LINE
  5
156
330
1F
100
AcDbEntity
  8
Geometries
  6
Continuous
370
    40
100
AcDbLine
 10
66.90108696819664
 20
92.25
 30
0.0
 11
64.82885040176168
 21
92.25
 31
0.0
  0
LINE
  5
157
330
1F
100
AcDbEntity
  8
Geometries
  6
Continuous
370
    40
100
AcDbLine
 10
65.96117967977925
 20
116.25
 30
0.0
 11
63.92528581504144
 21
116.25
 31
0.0
  0
LINE
  5
158
330
1F
100
AcDbEntity
  8
Geometries
  6
Continuous
370
    40
100
AcDbLine
 10
125.5
 20
158.1368962263113
 30
0.0
 11
125.5
 21
160.1596466321196
 31
0.0
  0
ARC
  5
159
330
1F
100
AcDbEntity
  8
Geometries
  6
Continuous
370
    40
100
AcDbCircle
 10
117.4999338916104
 20
106.2499884946311
 30
0.0
 40
52.50006708956382
100
AcDbArc
 50
8.764932948170655
 51
10.98057401175584
  0
LINE
  5
15A
330
1F
100
AcDbEntity
  8
Geometries
  6
Continuous
370
    40
100
AcDbLine
 10
171.0747141849586
 20
116.25
 30
0.0
 11
169.0388203202207
 21
116.25
 31
0.0
  0
ARC
  5
15B
330
1F
100
AcDbEntity
  8
Geometries
  6
Continuous
370
    40
100
AcDbCircle
 10
117.5000970695315
 20
106.2500162558678
 30
0.0
 40
54.50009840424012
100
AcDbArc
 50
188.4408913663186
 51
190.5728876649728
  0
LINE
  5
15C
330
1F
100
AcDbEntity
  8
Geometries
  6
Continuous
370
    40
100
AcDbLine
 10
127.5
 20
52.67528581504148
 30
0.0
 11
127.5
 21
54.71117967977928
 31
0.0
  0
ARC
  5
15D
330
1F
100
AcDbEntity
  8
Geometries
  6
Continuous
370
    40
100
AcDbCircle
 10
117.5000115053927
 20
106.2499338914702
 30
0.0
 40
52.50006708970603
100
AcDbArc
 50
98.76493294817308
 51
100.9805740117523
  0
LINE
  5
15E
330
1F
100
AcDbEntity
  8
Geometries
  6
Continuous
370
    40
100
AcDbLine
 10
168.0989130318034
 20
120.25
 30
0.0
 11
170.1711495982383
 21
120.25
 31
0.0
  0
ARC
  5
15F
330
1F
100
AcDbEntity
  8
Geometries
  6
Continuous
370
    40
100
AcDbCircle
 10
117.500007958132
 20
106.2499980466116
 30
0.0
 40
52.50000818450707
100
AcDbArc
 50
163.3984508394734
 51
169.0194241338943
  0
LINE
  5
160
330
1F
100
AcDbEntity
  8
Geometries
  6
Continuous
370
    40
100
AcDbLine
 10
107.5
 20
159.8247141849585
 30
0.0
 11
107.5
 21
157.7888203202208
 31
0.0
  0
ARC
  5
161
330
1F
100
AcDbEntity
  8
Geometries
  6
Continuous
370
    40
100
AcDbCircle
 10
117.5000042035799
 20
106.2499813911235
 30
0.0
 40
54.50001906423927
100
AcDbArc
 50
100.5728903445013
 51
104.8850553449559
  0
LINE
  5
162
330
1F
100
AcDbEntity
  8
Geometries
  6
Continuous
370
    40
100
AcDbLine
 10
169.0388203202207
 20
96.25
 30
0.0
 11
171.0747141849586
 21
96.25
 31
0.0
  0
ARC
  5
163
330
1F
100
AcDbEntity
  8
Geometries
  6
Continuous
370
    40
100
AcDbCircle
 10
117.500004121102
 20
106.249982461669
 30
0.0
 40
52.4999819977922
100
AcDbArc
 50
280.9805746581922
 51
285.466010722839
  0
LINE
  5
164
330
1F
100
AcDbEntity
  8
Geometries
  6
Continuous
370
    40
100
AcDbLine
 10
65.61310377368869
 20
114.25
 30
0.0
 11
63.59035336788044
 21
114.25
 31
0.0
  0
ARC
  5
165
330
1F
100
AcDbEntity
  8
Geometries
  6
Continuous
370
    40
100
AcDbCircle
 10
117.5000174827716
 20
106.2499960507967
 30
0.0
 40
54.49998208942161
100
AcDbArc
 50
345.114943191586
 51
349.4271111189556
  0
LINE
  5
166
330
1F
100
AcDbEntity
  8
Geometries
  6
Continuous
370
    40
100
AcDbLine
 10
170.1711495982383
 20
92.25
 30
0.0
 11
168.0989130318034
 21
92.25
 31
0.0
  0
ARC
  5
167
330
1F
100
AcDbEntity
  8
Geometries
  6
Continuous
370
    40
100
AcDbCircle
 10
117.5000175383212
 20
106.2500041210992
 30
0.0
 40
52.49998199780234
100
AcDbArc
 50
10.9805746581932
 51
15.46601072283918
  0
LINE
  5
168
330
1F
100
AcDbEntity
  8
Geometries
  6
Continuous
370
    40
100
AcDbLine
 10
63.92528581504144
 20
96.25
 30
0.0
 11
65.96117967977925
 21
96.25
 31
0.0
  0
LINE
  5
169
330
1F
100
AcDbEntity
  8
Geometries
  6
Continuous
370
    40
100
AcDbLine
 10
103.5
 20
53.57885040176168
 30
0.0
 11
103.5
 21
55.65108696819663
 31
0.0
  0
ARC
  5
16A
330
1F
100
AcDbEntity
  8
Geometries
  6
Continuous
370
    40
100
AcDbCircle
 10
117.5
 20
106.25
 30
0.0
 40
54.5
100
AcDbArc
 50
81.55911055865087
 51
98.44088944134913
  0
LINE
  5
16B
330
1F
100
AcDbEntity
  8
Geometries
  6
Continuous
370
    40
100
AcDbLine
 10
131.5
 20
55.65108696819663
 30
0.0
 11
131.5
 21
53.57885040176168
 31
0.0
  0
ARC
  5
16C
330
1F
100
AcDbEntity
  8
Geometries
  6
Continuous
370
    40
100
AcDbCircle
 10
117.5
 20
106.25
 30
0.0
 40
52.5
100
AcDbArc
 50
105.4660099534206
 51
163.3984504009798
  0
LINE
  5
16D
330
1F
100
AcDbEntity
  8
Geometries
  6
Continuous
370
    40
100
AcDbLine
 10
107.5
 20
54.7111796797792
 30
0.0
 11
107.5
 21
52.67528581504139
 31
0.0
  0
ARC
  5
16E
330
1F
100
AcDbEntity
  8
Geometries
  6
Continuous
370
    40
100
AcDbCircle
 10
117.5
 20
106.25
 30
0.0
 40
54.5
100
AcDbArc
 50
104.8850560995158
 51
164.0243171479374
  0
LINE
  5
16F
330
1F
100
AcDbEntity
  8
Geometries
  6
Continuous
370
    40
100
AcDbLine
 10
65.10486663820771
 20
121.25
 30
0.0
 11
67.18847050625473
 21
121.25
 31
0.0
  0
ARC
  5
170
330
1F
100
AcDbEntity
  8
Geometries
  6
Continuous
370
    40
100
AcDbCircle
 10
117.5
 20
106.25
 30
0.0
 40
52.50000000000001
100
AcDbArc
 50
285.4660099534206
 51
344.5339900465794
  0
LINE
  5
171
330
1F
100
AcDbEntity
  8
Geometries
  6
Continuous
370
    40
100
AcDbLine
 10
109.5
 20
160.1596466321196
 30
0.0
 11
109.5
 21
158.1368962263113
 31
0.0
  0
ARC
  5
172
330
1F
100
AcDbEntity
  8
Geometries
  6
Continuous
370
    40
100
AcDbCircle
 10
117.5
 20
106.25
 30
0.0
 40
54.5
100
AcDbArc
 50
14.88505609951579
 51
75.11494390048422
  0
LINE
  5
173
330
1F
100
AcDbEntity
  8
Geometries
  6
Continuous
370
    40
100
AcDbLine
 10
63.59035336788045
 20
98.25
 30
0.0
 11
65.61310377368868
 21
98.24999999999999
 31
0.0
  0
ARC
  5
174
330
1F
100
AcDbEntity
  8
Geometries
  6
Continuous
370
    40
100
AcDbCircle
 10
117.4999839948905
 20
106.2499080366736
 30
0.0
 40
52.50009332823713
100
AcDbArc
 50
79.01942654198304
 51
81.23506649808967
  0
LINE
  5
175
330
1F
100
AcDbEntity
  8
Geometries
  6
Continuous
370
    40
100
AcDbLine
 10
171.4096466321196
 20
114.25
 30
0.0
 11
169.3868962263113
 21
114.25
 31
0.0
  0
ARC
  5
176
330
1F
100
AcDbEntity
  8
Geometries
  6
Continuous
370
    40
100
AcDbCircle
 10
117.4999314205688
 20
106.2500114847383
 30
0.0
 40
54.50006952240013
100
AcDbArc
 50
349.4271117700455
 51
351.559109198663
  0
LINE
  5
177
330
1F
100
AcDbEntity
  8
Geometries
  6
Continuous
370
    40
100
AcDbLine
 10
169.3868962263113
 20
98.24999999999999
 30
0.0
 11
171.4096466321195
 21
98.25
 31
0.0
  0
ARC
  5
178
330
1F
100
AcDbEntity
  8
Geometries
  6
Continuous
370
    40
100
AcDbCircle
 10
117.4999837441457
 20
106.2500970694444
 30
0.0
 40
54.50009840415193
100
AcDbArc
 50
278.4408913663181
 51
280.5728876649757
  0
ARC
  5
179
330
1F
100
AcDbEntity
  8
Geometries
  6
Continuous
370
    40
100
AcDbCircle
 10
117.5000919632039
 20
106.2499839949122
 30
0.0
 40
52.50009332811274
100
AcDbArc
 50
169.0194265419808
 51
171.2350664980927
  0
LINE
  5
17A
330
1F
100
AcDbEntity
  8
Geometries
  6
Continuous
370
    40
100
AcDbLine
 10
109.5
 20
54.36310377368868
 30
0.0
 11
109.5
 21
52.34035336788044
 31
0.0
  0
DIMENSION
  5
17C
330
1F
100
AcDbEntity
  8
Annotations
  6
Continuous
370
    15
100
AcDbDimension
280
     0
  2
*D2
 10
69.02771421573362
 20
126.4164947585942
 30
0.0
 11
192.3904957925156
 21
75.09242683355137
 31
0.0
 70
   163
 71
     5
 42
105.0
 73
     0
 74
     0
 75
     0
  3
ISO-25
100
AcDbDiametricDimension
 15
165.9722857842664
 25
86.08350524140579
 35
0.0
 40
0.0
1001
ACAD
1000
DSTYLE
1002
{
1070
   144
1040
1.0
1070
   141
1040
2.5
1070
   172
1070
     1
1070
   278
1070
    44
1070
    78
1070
     8
1070
   271
1070
     2
1070
   340
1005
78
1070
   283
1070
     1
1070
   146
1040
0.6
1070
   272
1070
     8
1070
   274
1070
     8
1070
    48
1040
0.0
1070
    47
1040
0.0
1070
    72
1070
     0
1070
    71
1070
     0
1070
    40
1040
1.0
1070
   179
1070
     2
1070
   276
1070
     2
1070
   147
1040
0.7
1070
   371
1070
    15
1070
   372
1070
    15
1070
    45
1040
0.01
1002
}
1001
ACAD_DSTYLE_DIMRADIAL_EXTENSION
1070
   387
1070
     1
1070
   388
1040
6.130208393228831
1070
   390
1040
0.1529769139507542
  0
DIMENSION
  5
18A
330
1F
100
AcDbEntity
  8
Annotations
  6
Continuous
370
    15
100
AcDbDimension
280
     0
  2
*D3
 10
67.40575565453659
 20
84.7833588221863
 30
0.0
 11
182.3410597570809
 21
134.0360217592141
 31
0.0
 70
   163
 71
     5
 42
109.0
 73
     0
 74
     0
 75
     0
  3
ISO-25
100
AcDbDiametricDimension
 15
167.5942443454634
 25
127.7166411778137
 35
0.0
 40
0.0
1001
ACAD
1000
DSTYLE
1002
{
1070
   144
1040
1.0
1070
   141
1040
2.5
1070
   172
1070
     1
1070
   278
1070
    44
1070
    78
1070
     8
1070
   271
1070
     2
1070
   340
1005
78
1070
   283
1070
     1
1070
   146
1040
0.6
1070
   272
1070
     8
1070
   274
1070
     8
1070
    48
1040
0.0
1070
    47
1040
0.0
1070
    72
1070
     0
1070
    71
1070
     0
1070
    40
1040
1.0
1070
   179
1070
     2
1070
   276
1070
     2
1070
   147
1040
0.7
1070
   371
1070
    15
1070
   372
1070
    15
1070
    45
1040
0.01
1002
}
1001
ACAD_DSTYLE_DIMRADIAL_EXTENSION
1070
   387
1070
     1
1070
   388
1040
0.2597932382806151
1070
   390
1040
1.311003088514282
  0
DIMENSION
  5
196
330
1F
100
AcDbEntity
  8
Annotations
  6
Continuous
370
    15
100
AcDbDimension
280
     0
  2
*D4
 10
172.0
 20
180.319450378418
 30
0.0
 11
117.5
 21
180.319450378418
 31
0.0
 70
   160
 71
     5
 42
109.0
 73
     0
 74
     0
 75
     0
  3
ISO-25
100
AcDbAlignedDimension
 13
63.0
 23
203.75
 33
0.0
 14
172.0
 24
203.75
 34
0.0
100
AcDbRotatedDimension
1001
ACAD
1000
DSTYLE
1002
{
1070
   144
1040
1.0
1070
    76
1070
     0
1070
    75
1070
     0
1070
   278
1070
    44
1070
    78
1070
     8
1070
   271
1070
     2
1070
   340
1005
75
1070
   283
1070
     1
1070
   146
1040
0.6
1070
   272
1070
     8
1070
   274
1070
     8
1070
    48
1040
0.0
1070
    47
1040
0.0
1070
    72
1070
     0
1070
    71
1070
     0
1070
    40
1040
1.0
1070
   179
1070
     2
1070
   276
1070
     2
1070
   147
1040
0.7
1070
   371
1070
    15
1070
   372
1070
    15
1070
    45
1040
0.01
1002
}
  0
DIMENSION
  5
1A3
330
1F
100
AcDbEntity
  8
Annotations
  6
Continuous
370
    15
100
AcDbDimension
280
     0
  2
*D5
 10
103.5
 20
261.75
 30
0.0
 11
84.16442520088086
 21
261.75
 31
0.0
 70
   160
 71
     5
 42
38.67114959823832
 73
     0
 74
     0
 75
     0
  3
ISO-25
100
AcDbAlignedDimension
 13
64.82885040176168
 23
249.75
 33
0.0
 14
103.5
 24
249.75
 34
0.0
100
AcDbRotatedDimension
1001
ACAD
1000
DSTYLE
1002
{
1070
   144
1040
1.0
1070
    76
1070
     0
1070
    75
1070
     0
1070
   278
1070
    44
1070
    78
1070
     8
1070
   271
1070
     2
1070
   340
1005
75
1070
   283
1070
     1
1070
   146
1040
0.6
1070
   272
1070
     8
1070
   274
1070
     8
1070
    48
1040
0.0
1070
    47
1040
0.0
1070
    72
1070
     0
1070
    71
1070
     0
1070
    40
1040
1.0
1070
   179
1070
     2
1070
   276
1070
     2
1070
   147
1040
0.7
1070
   371
1070
    15
1070
   372
1070
    15
1070
    45
1040
0.01
1002
}
  0
DIMENSION
  5
1B0
330
1F
100
AcDbEntity
  8
Annotations
  6
Continuous
370
    15
100
AcDbDimension
280
     0
  2
*D6
 10
51.00000000000001
 20
211.75
 30
0.0
 11
51.00000000000001
 21
228.75
 31
0.0
 70
   160
 71
     5
 42
34.0
 73
     0
 74
     0
 75
     0
  3
ISO-25
100
AcDbAlignedDimension
 13
107.5
 23
245.75
 33
0.0
 14
107.5
 24
211.75
 34
0.0
 50
90.0
100
AcDbRotatedDimension
1001
ACAD
1000
DSTYLE
1002
{
1070
   144
1040
1.0
1070
    76
1070
     0
1070
    75
1070
     0
1070
   278
1070
    44
1070
    78
1070
     8
1070
   271
1070
     2
1070
   340
1005
75
1070
   283
1070
     1
1070
   146
1040
0.6
1070
   272
1070
     8
1070
   274
1070
     8
1070
    48
1040
0.0
1070
    47
1040
0.0
1070
    72
1070
     0
1070
    71
1070
     0
1070
    40
1040
1.0
1070
   179
1070
     2
1070
   276
1070
     2
1070
   147
1040
0.7
1070
   371
1070
    15
1070
   372
1070
    15
1070
    45
1040
0.01
1002
}
  0
DIMENSION
  5
1BD
330
1F
100
AcDbEntity
  8
Annotations
  6
Continuous
370
    15
100
AcDbDimension
280
     0
  2
*D7
 10
184.0
 20
211.75
 30
0.0
 11
184.0
 21
230.75
 31
0.0
 70
   160
 71
     5
 42
38.0
 73
     0
 74
     0
 75
     0
  3
ISO-25
100
AcDbAlignedDimension
 13
170.1711495982383
 23
249.75
 33
0.0
 14
171.0747141849586
 24
211.75
 34
0.0
 50
90.0
100
AcDbRotatedDimension
1001
ACAD
1000
DSTYLE
1002
{
1070
   144
1040
1.0
1070
    76
1070
     0
1070
    75
1070
     0
1070
   278
1070
    44
1070
    78
1070
     8
1070
   271
1070
     2
1070
   340
1005
75
1070
   283
1070
     1
1070
   146
1040
0.6
1070
   272
1070
     8
1070
   274
1070
     8
1070
    48
1040
0.0
1070
    47
1040
0.0
1070
    72
1070
     0
1070
    71
1070
     0
1070
    40
1040
1.0
1070
   179
1070
     2
1070
   276
1070
     2
1070
   147
1040
0.7
1070
   371
1070
    15
1070
   372
1070
    15
1070
    45
1040
0.01
1002
}
  0
DIMENSION
  5
1CA
330
1F
100
AcDbEntity
  8
Annotations
  6
Continuous
370
    15
100
AcDbDimension
280
     0
  2
*D8
 10
246.0
 20
203.75
 30
0.0
 11
246.0
 21
226.75
 31
0.0
 70
   160
 71
     5
 42
46.0
 73
     0
 74
     0
 75
     0
  3
ISO-25
100
AcDbAlignedDimension
 13
259.8288504017617
 23
249.75
 33
0.0
 14
258.0
 24
203.75
 34
0.0
 50
90.0
100
AcDbRotatedDimension
1001
ACAD
1000
DSTYLE
1002
{
1070
   144
1040
1.0
1070
    76
1070
     0
1070
    75
1070
     0
1070
   278
1070
    44
1070
    78
1070
     8
1070
   271
1070
     2
1070
   340
1005
77
1070
   283
1070
     1
1070
   146
1040
0.6
1070
   272
1070
     8
1070
   274
1070
     8
1070
    48
1040
0.0
1070
    47
1040
0.0
1070
    72
1070
     0
1070
    71
1070
     0
1070
    40
1040
1.0
1070
   179
1070
     2
1070
   276
1070
     2
1070
   147
1040
0.7
1070
   371
1070
    15
1070
   372
1070
    15
1070
    45
1040
0.01
1002
}
  0
DIMENSION
  5
1D7
330
1F
100
AcDbEntity
  8
Annotations
  6
Continuous
370
    15
100
AcDbDimension
280
     0
  2
*D9
 10
125.5
 20
191.75
 30
0.0
 11
117.5
 21
191.75
 31
0.0
 70
   160
 71
     5
 42
16.0
 73
     0
 74
     0
 75
     0
  3
ISO-25
100
AcDbAlignedDimension
 13
109.5
 23
209.75
 33
0.0
 14
125.5
 24
209.75
 34
0.0
100
AcDbRotatedDimension
1001
ACAD
1000
DSTYLE
1002
{
1070
   144
1040
1.0
1070
    76
1070
     0
1070
    75
1070
     0
1070
   278
1070
    44
1070
    78
1070
     8
1070
   271
1070
     2
1070
   340
1005
75
1070
   283
1070
     1
1070
   146
1040
0.6
1070
   272
1070
     8
1070
   274
1070
     8
1070
    48
1040
0.0
1070
    47
1040
0.0
1070
    72
1070
     0
1070
    71
1070
     0
1070
    40
1040
1.0
1070
   179
1070
     2
1070
   276
1070
     2
1070
   147
1040
0.7
1070
   371
1070
    15
1070
   372
1070
    15
1070
    45
1040
0.01
1002
}
  0
DIMENSION
  5
1E4
330
1F
100
AcDbEntity
  8
Annotations
  6
Continuous
370
    15
100
AcDbDimension
280
     0
  2
*D10
 10
131.5
 20
261.75
 30
0.0
 11
117.5
 21
261.75
 31
0.0
 70
   160
 71
     5
 42
28.0
 73
     0
 74
     0
 75
     0
  3
ISO-25
100
AcDbAlignedDimension
 13
103.5
 23
249.75
 33
0.0
 14
131.5
 24
249.75
 34
0.0
100
AcDbRotatedDimension
1001
ACAD
1000
DSTYLE
1002
{
1070
   144
1040
1.0
1070
    76
1070
     0
1070
    75
1070
     0
1070
   278
1070
    44
1070
    78
1070
     8
1070
   271
1070
     2
1070
   340
1005
75
1070
   283
1070
     1
1070
   146
1040
0.6
1070
   272
1070
     8
1070
   274
1070
     8
1070
    48
1040
0.0
1070
    47
1040
0.0
1070
    72
1070
     0
1070
    71
1070
     0
1070
    40
1040
1.0
1070
   179
1070
     2
1070
   276
1070
     2
1070
   147
1040
0.7
1070
   371
1070
    15
1070
   372
1070
    15
1070
    45
1040
0.01
1002
}
  0
DIMENSION
  5
1F1
330
1F
100
AcDbEntity
  8
Annotations
  6
Continuous
370
    15
100
AcDbDimension
280
     0
  2
*D11
 10
170.1711495982383
 20
261.75
 30
0.0
 11
150.8355747991191
 21
261.75
 31
0.0
 70
   160
 71
     5
 42
38.67114959823832
 73
     0
 74
     0
 75
     0
  3
ISO-25
100
AcDbAlignedDimension
 13
131.5
 23
249.75
 33
0.0
 14
170.1711495982383
 24
249.75
 34
0.0
100
AcDbRotatedDimension
1001
ACAD
1000
DSTYLE
1002
{
1070
   144
1040
1.0
1070
    76
1070
     0
1070
    75
1070
     0
1070
   278
1070
    44
1070
    78
1070
     8
1070
   271
1070
     2
1070
   340
1005
75
1070
   283
1070
     1
1070
   146
1040
0.6
1070
   272
1070
     8
1070
   274
1070
     8
1070
    48
1040
0.0
1070
    47
1040
0.0
1070
    72
1070
     0
1070
    71
1070
     0
1070
    40
1040
1.0
1070
   179
1070
     2
1070
   276
1070
     2
1070
   147
1040
0.7
1070
   371
1070
    15
1070
   372
1070
    15
1070
    45
1040
0.01
1002
}
  0
DIMENSION
  5
1FE
330
1F
100
AcDbEntity
  8
Annotations
  6
Continuous
370
    15
100
AcDbDimension
280
     0
  2
*D12
 10
302.5
 20
261.75
 30
0.0
 11
280.7126429075207
 21
261.75
 31
0.0
 70
   160
 71
     5
 42
43.57471418495851
 73
     0
 74
     0
 75
     0
  3
ISO-25
100
AcDbAlignedDimension
 13
258.9252858150415
 23
245.75
 33
0.0
 14
302.5
 24
244.75
 34
0.0
100
AcDbRotatedDimension
1001
ACAD
1000
DSTYLE
1002
{
1070
   144
1040
1.0
1070
    76
1070
     0
1070
    75
1070
     0
1070
   278
1070
    44
1070
    78
1070
     8
1070
   271
1070
     2
1070
   340
1005
77
1070
   283
1070
     1
1070
   146
1040
0.6
1070
   272
1070
     8
1070
   274
1070
     8
1070
    48
1040
0.0
1070
    47
1040
0.0
1070
    72
1070
     0
1070
    71
1070
     0
1070
    40
1040
1.0
1070
   179
1070
     2
1070
   276
1070
     2
1070
   147
1040
0.7
1070
   371
1070
    15
1070
   372
1070
    15
1070
    45
1040
0.01
1002
}
  0
DIMENSION
  5
20B
330
1F
100
AcDbEntity
  8
Annotations
  6
Continuous
370
    15
100
AcDbDimension
280
     0
  2
*D13
 10
366.0747141849586
 20
272.4046592712402
 30
0.0
 11
344.2873570924793
 21
272.4046592712402
 31
0.0
 70
   160
 71
     5
 42
43.57471418495862
 73
     0
 74
     0
 75
     0
  3
ISO-25
100
AcDbAlignedDimension
 13
322.5
 23
245.75
 33
0.0
 14
366.0747141849586
 24
245.75
 34
0.0
100
AcDbRotatedDimension
1001
ACAD
1000
DSTYLE
1002
{
1070
   144
1040
1.0
1070
    76
1070
     0
1070
    75
1070
     0
1070
   278
1070
    44
1070
    78
1070
     8
1070
   271
1070
     2
1070
   340
1005
77
1070
   283
1070
     1
1070
   146
1040
0.6
1070
   272
1070
     8
1070
   274
1070
     8
1070
    48
1040
0.0
1070
    47
1040
0.0
1070
    72
1070
     0
1070
    71
1070
     0
1070
    40
1040
1.0
1070
   179
1070
     2
1070
   276
1070
     2
1070
   147
1040
0.7
1070
   371
1070
    15
1070
   372
1070
    15
1070
    45
1040
0.01
1002
}
  0
DIMENSION
  5
218
330
1F
100
AcDbEntity
  8
Annotations
  6
Continuous
370
    15
100
AcDbDimension
280
     0
  2
*D14
 10
365.1711495982383
 20
261.75
 30
0.0
 11
345.8355747991192
 21
261.75
 31
0.0
 70
   160
 71
     5
 42
38.67114959823834
 73
     0
 74
     0
 75
     0
  3
ISO-25
100
AcDbAlignedDimension
 13
326.5
 23
249.75
 33
0.0
 14
365.1711495982383
 24
249.75
 34
0.0
100
AcDbRotatedDimension
1001
ACAD
1000
DSTYLE
1002
{
1070
   144
1040
1.0
1070
    76
1070
     0
1070
    75
1070
     0
1070
   278
1070
    44
1070
    78
1070
     8
1070
   271
1070
     2
1070
   340
1005
77
1070
   283
1070
     1
1070
   146
1040
0.6
1070
   272
1070
     8
1070
   274
1070
     8
1070
    48
1040
0.0
1070
    47
1040
0.0
1070
    72
1070
     0
1070
    71
1070
     0
1070
    40
1040
1.0
1070
   179
1070
     2
1070
   276
1070
     2
1070
   147
1040
0.7
1070
   371
1070
    15
1070
   372
1070
    15
1070
    45
1040
0.01
1002
}
  0
DIMENSION
  5
225
330
1F
100
AcDbEntity
  8
Annotations
  6
Continuous
370
    15
100
AcDbDimension
280
     0
  2
*D15
 10
326.4999996037322
 20
245.7500003962678
 30
0.0
 11
305.5486283102766
 21
266.7013716897237
 31
0.0
 70
   164
 71
     5
 42
3.999999603732229
 73
     0
 74
     0
 75
     0
  3
ISO-25
100
AcDbRadialDimension
 15
323.6715727591896
 25
248.5784272408104
 35
0.0
 40
0.0
1001
ACAD
1000
DSTYLE
1002
{
1070
   144
1040
1.0
1070
   141
1040
0.0
1070
   172
1070
     0
1070
   278
1070
    44
1070
    78
1070
     8
1070
   271
1070
     2
1070
   340
1005
77
1070
   283
1070
     1
1070
   146
1040
0.6
1070
   272
1070
     8
1070
   274
1070
     8
1070
    48
1040
0.0
1070
    47
1040
0.0
1070
    72
1070
     0
1070
    71
1070
     0
1070
    40
1040
1.0
1070
   179
1070
     2
1070
   276
1070
     2
1070
   147
1040
0.7
1070
   371
1070
    15
1070
   372
1070
    15
1070
    45
1040
0.01
1002
}
1001
ACAD_DSTYLE_DIMRADIAL_EXTENSION
1070
   387
1070
     1
1070
   388
1040
1.570796227727941
1070
   390
1040
3.141592752656749
  0
DIMENSION
  5
22E
330
1F
100
AcDbEntity
  8
Annotations
  6
Continuous
370
    15
100
AcDbDimension
280
     0
  2
*D16
 10
297.5000003063413
 20
244.7500003063413
 30
0.0
 11
319.0996870291631
 21
266.3496870291631
 31
0.0
 70
   164
 71
     5
 42
4.999999693658753
 73
     0
 74
     0
 75
     0
  3
ISO-25
100
AcDbRadialDimension
 15
301.0355339956581
 25
248.285533995658
 35
0.0
 40
0.0
1001
ACAD
1000
DSTYLE
1002
{
1070
   144
1040
1.0
1070
   141
1040
0.0
1070
   172
1070
     0
1070
   278
1070
    44
1070
    78
1070
     8
1070
   271
1070
     2
1070
   340
1005
77
1070
   283
1070
     1
1070
   146
1040
0.6
1070
   272
1070
     8
1070
   274
1070
     8
1070
    48
1040
0.0
1070
    47
1040
0.0
1070
    72
1070
     0
1070
    71
1070
     0
1070
    40
1040
1.0
1070
   179
1070
     2
1070
   276
1070
     2
1070
   147
1040
0.7
1070
   371
1070
    15
1070
   372
1070
    15
1070
    45
1040
0.01
1002
}
1001
ACAD_DSTYLE_DIMRADIAL_EXTENSION
1070
   387
1070
     1
1070
   388
1040
6.283185245911329
1070
   390
1040
1.570796388063153
  0
DIMENSION
  5
237
330
1F
100
AcDbEntity
  8
Annotations
  6
Continuous
370
    15
100
AcDbDimension
280
     0
  2
*D17
 10
304.50000044825
 20
211.7500004482501
 30
0.0
 11
285.0367513279449
 21
192.2867513279445
 31
0.0
 70
   164
 71
     5
 42
2.000000448250109
 73
     0
 74
     0
 75
     0
  3
ISO-25
100
AcDbRadialDimension
 15
303.0857865689163
 25
210.3357865689163
 35
0.0
 40
0.0
1001
ACAD
1000
DSTYLE
1002
{
1070
   144
1040
1.0
1070
   141
1040
0.0
1070
   172
1070
     0
1070
   278
1070
    44
1070
    78
1070
     8
1070
   271
1070
     2
1070
   340
1005
77
1070
   283
1070
     1
1070
   146
1040
0.6
1070
   272
1070
     8
1070
   274
1070
     8
1070
    48
1040
0.0
1070
    47
1040
0.0
1070
    72
1070
     0
1070
    71
1070
     0
1070
    40
1040
1.0
1070
   179
1070
     2
1070
   276
1070
     2
1070
   147
1040
0.7
1070
   371
1070
    15
1070
   372
1070
    15
1070
    45
1040
0.01
1002
}
1001
ACAD_DSTYLE_DIMRADIAL_EXTENSION
1070
   387
1070
     1
1070
   388
1040
3.141592877714773
1070
   390
1040
4.712388756259712
  0
DIMENSION
  5
240
330
1F
100
AcDbEntity
  8
Annotations
  6
Continuous
370
    15
100
AcDbDimension
280
     0
  2
*D18
 10
320.4999997933036
 20
211.7500002109673
 30
0.0
 11
339.7632178364526
 21
192.0887553318219
 31
0.0
 70
   164
 71
     5
 42
2.000000210967304
 73
     0
 74
     0
 75
     0
  3
ISO-25
100
AcDbRadialDimension
 15
321.8996791146566
 25
210.321399972536
 35
0.0
 40
0.0
1001
ACAD
1000
DSTYLE
1002
{
1070
   144
1040
1.0
1070
   141
1040
0.0
1070
   172
1070
     0
1070
   278
1070
    44
1070
    78
1070
     8
1070
   271
1070
     2
1070
   340
1005
77
1070
   283
1070
     1
1070
   146
1040
0.6
1070
   272
1070
     8
1070
   274
1070
     8
1070
    48
1040
0.0
1070
    47
1040
0.0
1070
    72
1070
     0
1070
    71
1070
     0
1070
    40
1040
1.0
1070
   179
1070
     2
1070
   276
1070
     2
1070
   147
1040
0.7
1070
   371
1070
    15
1070
   372
1070
    15
1070
    45
1040
0.01
1002
}
1001
ACAD_DSTYLE_DIMRADIAL_EXTENSION
1070
   387
1070
     1
1070
   388
1040
4.712389083732895
1070
   390
1040
6.262734673035051
  0
LINE
  5
249
330
1F
100
AcDbEntity
  8
Border
  6
Continuous
370
    15
100
AcDbLine
 10
20.0
 20
10.0
 30
0.0
 11
410.0
 21
10.0
 31
0.0
  0
LINE
  5
24A
330
1F
100
AcDbEntity
  8
Border
  6
Continuous
370
    15
100
AcDbLine
 10
410.0
 20
10.0
 30
0.0
 11
410.0
 21
287.0
 31
0.0
  0
LINE
  5
24B
330
1F
100
AcDbEntity
  8
Border
  6
Continuous
370
    15
100
AcDbLine
 10
410.0
 20
287.0
 30
0.0
 11
20.0
 21
287.0
 31
0.0
  0
LINE
  5
24C
330
1F
100
AcDbEntity
  8
Border
  6
Continuous
370
    15
100
AcDbLine
 10
20.0
 20
287.0
 30
0.0
 11
20.0
 21
10.0
 31
0.0
  0
LINE
  5
24D
330
1F
100
AcDbEntity
  8
Border
  6
Continuous
370
    15
100
AcDbLine
 10
215.0
 20
15.0
 30
0.0
 11
215.0
 21
5.0
 31
0.0
  0
LINE
  5
24E
330
1F
100
AcDbEntity
  8
Border
  6
Continuous
370
    15
100
AcDbLine
 10
265.0
 20
10.0
 30
0.0
 11
265.0
 21
5.0
 31
0.0
  0
LINE
  5
24F
330
1F
100
AcDbEntity
  8
Border
  6
Continuous
370
    15
100
AcDbLine
 10
165.0
 20
10.0
 30
0.0
 11
165.0
 21
5.0
 31
0.0
  0
LINE
  5
250
330
1F
100
AcDbEntity
  8
Border
  6
Continuous
370
    15
100
AcDbLine
 10
315.0
 20
10.0
 30
0.0
 11
315.0
 21
5.0
 31
0.0
  0
LINE
  5
251
330
1F
100
AcDbEntity
  8
Border
  6
Continuous
370
    15
100
AcDbLine
 10
115.0
 20
10.0
 30
0.0
 11
115.0
 21
5.0
 31
0.0
  0
LINE
  5
252
330
1F
100
AcDbEntity
  8
Border
  6
Continuous
370
    15
100
AcDbLine
 10
365.0
 20
10.0
 30
0.0
 11
365.0
 21
5.0
 31
0.0
  0
LINE
  5
253
330
1F
100
AcDbEntity
  8
Border
  6
Continuous
370
    15
100
AcDbLine
 10
65.0
 20
10.0
 30
0.0
 11
65.0
 21
5.0
 31
0.0
  0
MTEXT
  5
254
330
1F
100
AcDbEntity
  8
Border
  6
Continuous
370
    15
100
AcDbMText
 10
42.5
 20
9.17475
 30
0.0
 40
3.3495
 41
3.3495
 46
3.3495
 71
     2
 72
     1
  1
1
  7
Shapr0
 73
     1
 44
1.0
1001
ACAD
1000
ACAD_MTEXT_DEFINED_HEIGHT_BEGIN
1070
    46
1040
3.3495
1000
ACAD_MTEXT_DEFINED_HEIGHT_END
  0
MTEXT
  5
255
330
1F
100
AcDbEntity
  8
Border
  6
Continuous
370
    15
100
AcDbMText
 10
90.0
 20
9.17475
 30
0.0
 40
3.3495
 41
3.3495
 46
3.3495
 71
     2
 72
     1
  1
2
  7
Shapr0
 73
     1
 44
1.0
1001
ACAD
1000
ACAD_MTEXT_DEFINED_HEIGHT_BEGIN
1070
    46
1040
3.3495
1000
ACAD_MTEXT_DEFINED_HEIGHT_END
  0
MTEXT
  5
256
330
1F
100
AcDbEntity
  8
Border
  6
Continuous
370
    15
100
AcDbMText
 10
140.0
 20
9.17475
 30
0.0
 40
3.3495
 41
3.3495
 46
3.3495
 71
     2
 72
     1
  1
3
  7
Shapr0
 73
     1
 44
1.0
1001
ACAD
1000
ACAD_MTEXT_DEFINED_HEIGHT_BEGIN
1070
    46
1040
3.3495
1000
ACAD_MTEXT_DEFINED_HEIGHT_END
  0
MTEXT
  5
257
330
1F
100
AcDbEntity
  8
Border
  6
Continuous
370
    15
100
AcDbMText
 10
190.0
 20
9.17475
 30
0.0
 40
3.3495
 41
3.3495
 46
3.3495
 71
     2
 72
     1
  1
4
  7
Shapr0
 73
     1
 44
1.0
1001
ACAD
1000
ACAD_MTEXT_DEFINED_HEIGHT_BEGIN
1070
    46
1040
3.3495
1000
ACAD_MTEXT_DEFINED_HEIGHT_END
  0
MTEXT
  5
258
330
1F
100
AcDbEntity
  8
Border
  6
Continuous
370
    15
100
AcDbMText
 10
240.0
 20
9.17475
 30
0.0
 40
3.3495
 41
3.3495
 46
3.3495
 71
     2
 72
     1
  1
5
  7
Shapr0
 73
     1
 44
1.0
1001
ACAD
1000
ACAD_MTEXT_DEFINED_HEIGHT_BEGIN
1070
    46
1040
3.3495
1000
ACAD_MTEXT_DEFINED_HEIGHT_END
  0
MTEXT
  5
259
330
1F
100
AcDbEntity
  8
Border
  6
Continuous
370
    15
100
AcDbMText
 10
290.0
 20
9.17475
 30
0.0
 40
3.3495
 41
3.3495
 46
3.3495
 71
     2
 72
     1
  1
6
  7
Shapr0
 73
     1
 44
1.0
1001
ACAD
1000
ACAD_MTEXT_DEFINED_HEIGHT_BEGIN
1070
    46
1040
3.3495
1000
ACAD_MTEXT_DEFINED_HEIGHT_END
  0
MTEXT
  5
25A
330
1F
100
AcDbEntity
  8
Border
  6
Continuous
370
    15
100
AcDbMText
 10
340.0
 20
9.17475
 30
0.0
 40
3.3495
 41
3.3495
 46
3.3495
 71
     2
 72
     1
  1
7
  7
Shapr0
 73
     1
 44
1.0
1001
ACAD
1000
ACAD_MTEXT_DEFINED_HEIGHT_BEGIN
1070
    46
1040
3.3495
1000
ACAD_MTEXT_DEFINED_HEIGHT_END
  0
MTEXT
  5
25B
330
1F
100
AcDbEntity
  8
Border
  6
Continuous
370
    15
100
AcDbMText
 10
387.5
 20
9.17475
 30
0.0
 40
3.3495
 41
3.3495
 46
3.3495
 71
     2
 72
     1
  1
8
  7
Shapr0
 73
     1
 44
1.0
1001
ACAD
1000
ACAD_MTEXT_DEFINED_HEIGHT_BEGIN
1070
    46
1040
3.3495
1000
ACAD_MTEXT_DEFINED_HEIGHT_END
  0
LINE
  5
25C
330
1F
100
AcDbEntity
  8
Border
  6
Continuous
370
    15
100
AcDbLine
 10
405.0
 20
148.5
 30
0.0
 11
415.0
 21
148.5
 31
0.0
  0
LINE
  5
25D
330
1F
100
AcDbEntity
  8
Border
  6
Continuous
370
    15
100
AcDbLine
 10
410.0
 20
198.5
 30
0.0
 11
415.0
 21
198.5
 31
0.0
  0
LINE
  5
25E
330
1F
100
AcDbEntity
  8
Border
  6
Continuous
370
    15
100
AcDbLine
 10
410.0
 20
98.5
 30
0.0
 11
415.0
 21
98.5
 31
0.0
  0
LINE
  5
25F
330
1F
100
AcDbEntity
  8
Border
  6
Continuous
370
    15
100
AcDbLine
 10
410.0
 20
248.5
 30
0.0
 11
415.0
 21
248.5
 31
0.0
  0
LINE
  5
260
330
1F
100
AcDbEntity
  8
Border
  6
Continuous
370
    15
100
AcDbLine
 10
410.0
 20
48.5
 30
0.0
 11
415.0
 21
48.5
 31
0.0
  0
MTEXT
  5
261
330
1F
100
AcDbEntity
  8
Border
  6
Continuous
370
    15
100
AcDbMText
 10
410.82525
 20
29.25
 30
0.0
 40
3.3495
 41
3.3495
 46
3.3495
 71
     4
 72
     1
  1
F
  7
Shapr0
 73
     1
 44
1.0
1001
ACAD
1000
ACAD_MTEXT_DEFINED_HEIGHT_BEGIN
1070
    46
1040
3.3495
1000
ACAD_MTEXT_DEFINED_HEIGHT_END
  0
MTEXT
  5
262
330
1F
100
AcDbEntity
  8
Border
  6
Continuous
370
    15
100
AcDbMText
 10
410.82525
 20
73.5
 30
0.0
 40
3.3495
 41
3.3495
 46
3.3495
 71
     4
 72
     1
  1
E
  7
Shapr0
 73
     1
 44
1.0
1001
ACAD
1000
ACAD_MTEXT_DEFINED_HEIGHT_BEGIN
1070
    46
1040
3.3495
1000
ACAD_MTEXT_DEFINED_HEIGHT_END
  0
MTEXT
  5
263
330
1F
100
AcDbEntity
  8
Border
  6
Continuous
370
    15
100
AcDbMText
 10
410.82525
 20
123.5
 30
0.0
 40
3.3495
 41
3.3495
 46
3.3495
 71
     4
 72
     1
  1
D
  7
Shapr0
 73
     1
 44
1.0
1001
ACAD
1000
ACAD_MTEXT_DEFINED_HEIGHT_BEGIN
1070
    46
1040
3.3495
1000
ACAD_MTEXT_DEFINED_HEIGHT_END
  0
MTEXT
  5
264
330
1F
100
AcDbEntity
  8
Border
  6
Continuous
370
    15
100
AcDbMText
 10
410.82525
 20
173.5
 30
0.0
 40
3.3495
 41
3.3495
 46
3.3495
 71
     4
 72
     1
  1
C
  7
Shapr0
 73
     1
 44
1.0
1001
ACAD
1000
ACAD_MTEXT_DEFINED_HEIGHT_BEGIN
1070
    46
1040
3.3495
1000
ACAD_MTEXT_DEFINED_HEIGHT_END
  0
MTEXT
  5
265
330
1F
100
AcDbEntity
  8
Border
  6
Continuous
370
    15
100
AcDbMText
 10
410.82525
 20
223.5
 30
0.0
 40
3.3495
 41
3.3495
 46
3.3495
 71
     4
 72
     1
  1
B
  7
Shapr0
 73
     1
 44
1.0
1001
ACAD
1000
ACAD_MTEXT_DEFINED_HEIGHT_BEGIN
1070
    46
1040
3.3495
1000
ACAD_MTEXT_DEFINED_HEIGHT_END
  0
MTEXT
  5
266
330
1F
100
AcDbEntity
  8
Border
  6
Continuous
370
    15
100
AcDbMText
 10
410.82525
 20
267.75
 30
0.0
 40
3.3495
 41
3.3495
 46
3.3495
 71
     4
 72
     1
  1
A
  7
Shapr0
 73
     1
 44
1.0
1001
ACAD
1000
ACAD_MTEXT_DEFINED_HEIGHT_BEGIN
1070
    46
1040
3.3495
1000
ACAD_MTEXT_DEFINED_HEIGHT_END
  0
LINE
  5
267
330
1F
100
AcDbEntity
  8
Border
  6
Continuous
370
    15
100
AcDbLine
 10
215.0
 20
282.0
 30
0.0
 11
215.0
 21
292.0
 31
0.0
  0
LINE
  5
268
330
1F
100
AcDbEntity
  8
Border
  6
Continuous
370
    15
100
AcDbLine
 10
165.0
 20
287.0
 30
0.0
 11
165.0
 21
292.0
 31
0.0
  0
LINE
  5
269
330
1F
100
AcDbEntity
  8
Border
  6
Continuous
370
    15
100
AcDbLine
 10
265.0
 20
287.0
 30
0.0
 11
265.0
 21
292.0
 31
0.0
  0
LINE
  5
26A
330
1F
100
AcDbEntity
  8
Border
  6
Continuous
370
    15
100
AcDbLine
 10
115.0
 20
287.0
 30
0.0
 11
115.0
 21
292.0
 31
0.0
  0
LINE
  5
26B
330
1F
100
AcDbEntity
  8
Border
  6
Continuous
370
    15
100
AcDbLine
 10
315.0
 20
287.0
 30
0.0
 11
315.0
 21
292.0
 31
0.0
  0
LINE
  5
26C
330
1F
100
AcDbEntity
  8
Border
  6
Continuous
370
    15
100
AcDbLine
 10
65.0
 20
287.0
 30
0.0
 11
65.0
 21
292.0
 31
0.0
  0
LINE
  5
26D
330
1F
100
AcDbEntity
  8
Border
  6
Continuous
370
    15
100
AcDbLine
 10
365.0
 20
287.0
 30
0.0
 11
365.0
 21
292.0
 31
0.0
  0
MTEXT
  5
26E
330
1F
100
AcDbEntity
  8
Border
  6
Continuous
370
    15
100
AcDbMText
 10
387.5
 20
287.82525
 30
0.0
 40
3.3495
 41
3.3495
 46
3.3495
 71
     8
 72
     1
  1
8
  7
Shapr0
 73
     1
 44
1.0
1001
ACAD
1000
ACAD_MTEXT_DEFINED_HEIGHT_BEGIN
1070
    46
1040
3.3495
1000
ACAD_MTEXT_DEFINED_HEIGHT_END
  0
MTEXT
  5
26F
330
1F
100
AcDbEntity
  8
Border
  6
Continuous
370
    15
100
AcDbMText
 10
340.0
 20
287.82525
 30
0.0
 40
3.3495
 41
3.3495
 46
3.3495
 71
     8
 72
     1
  1
7
  7
Shapr0
 73
     1
 44
1.0
1001
ACAD
1000
ACAD_MTEXT_DEFINED_HEIGHT_BEGIN
1070
    46
1040
3.3495
1000
ACAD_MTEXT_DEFINED_HEIGHT_END
  0
MTEXT
  5
270
330
1F
100
AcDbEntity
  8
Border
  6
Continuous
370
    15
100
AcDbMText
 10
290.0
 20
287.82525
 30
0.0
 40
3.3495
 41
3.3495
 46
3.3495
 71
     8
 72
     1
  1
6
  7
Shapr0
 73
     1
 44
1.0
1001
ACAD
1000
ACAD_MTEXT_DEFINED_HEIGHT_BEGIN
1070
    46
1040
3.3495
1000
ACAD_MTEXT_DEFINED_HEIGHT_END
  0
MTEXT
  5
271
330
1F
100
AcDbEntity
  8
Border
  6
Continuous
370
    15
100
AcDbMText
 10
240.0
 20
287.82525
 30
0.0
 40
3.3495
 41
3.3495
 46
3.3495
 71
     8
 72
     1
  1
5
  7
Shapr0
 73
     1
 44
1.0
1001
ACAD
1000
ACAD_MTEXT_DEFINED_HEIGHT_BEGIN
1070
    46
1040
3.3495
1000
ACAD_MTEXT_DEFINED_HEIGHT_END
  0
MTEXT
  5
272
330
1F
100
AcDbEntity
  8
Border
  6
Continuous
370
    15
100
AcDbMText
 10
190.0
 20
287.82525
 30
0.0
 40
3.3495
 41
3.3495
 46
3.3495
 71
     8
 72
     1
  1
4
  7
Shapr0
 73
     1
 44
1.0
1001
ACAD
1000
ACAD_MTEXT_DEFINED_HEIGHT_BEGIN
1070
    46
1040
3.3495
1000
ACAD_MTEXT_DEFINED_HEIGHT_END
  0
MTEXT
  5
273
330
1F
100
AcDbEntity
  8
Border
  6
Continuous
370
    15
100
AcDbMText
 10
140.0
 20
287.82525
 30
0.0
 40
3.3495
 41
3.3495
 46
3.3495
 71
     8
 72
     1
  1
3
  7
Shapr0
 73
     1
 44
1.0
1001
ACAD
1000
ACAD_MTEXT_DEFINED_HEIGHT_BEGIN
1070
    46
1040
3.3495
1000
ACAD_MTEXT_DEFINED_HEIGHT_END
  0
MTEXT
  5
274
330
1F
100
AcDbEntity
  8
Border
  6
Continuous
370
    15
100
AcDbMText
 10
90.0
 20
287.82525
 30
0.0
 40
3.3495
 41
3.3495
 46
3.3495
 71
     8
 72
     1
  1
2
  7
Shapr0
 73
     1
 44
1.0
1001
ACAD
1000
ACAD_MTEXT_DEFINED_HEIGHT_BEGIN
1070
    46
1040
3.3495
1000
ACAD_MTEXT_DEFINED_HEIGHT_END
  0
MTEXT
  5
275
330
1F
100
AcDbEntity
  8
Border
  6
Continuous
370
    15
100
AcDbMText
 10
42.5
 20
287.82525
 30
0.0
 40
3.3495
 41
3.3495
 46
3.3495
 71
     8
 72
     1
  1
1
  7
Shapr0
 73
     1
 44
1.0
1001
ACAD
1000
ACAD_MTEXT_DEFINED_HEIGHT_BEGIN
1070
    46
1040
3.3495
1000
ACAD_MTEXT_DEFINED_HEIGHT_END
  0
LINE
  5
276
330
1F
100
AcDbEntity
  8
Border
  6
Continuous
370
    15
100
AcDbLine
 10
25.0
 20
148.5
 30
0.0
 11
15.0
 21
148.5
 31
0.0
  0
LINE
  5
277
330
1F
100
AcDbEntity
  8
Border
  6
Continuous
370
    15
100
AcDbLine
 10
20.0
 20
98.5
 30
0.0
 11
15.0
 21
98.5
 31
0.0
  0
LINE
  5
278
330
1F
100
AcDbEntity
  8
Border
  6
Continuous
370
    15
100
AcDbLine
 10
20.0
 20
198.5
 30
0.0
 11
15.0
 21
198.5
 31
0.0
  0
LINE
  5
279
330
1F
100
AcDbEntity
  8
Border
  6
Continuous
370
    15
100
AcDbLine
 10
20.0
 20
48.5
 30
0.0
 11
15.0
 21
48.5
 31
0.0
  0
LINE
  5
27A
330
1F
100
AcDbEntity
  8
Border
  6
Continuous
370
    15
100
AcDbLine
 10
20.0
 20
248.5
 30
0.0
 11
15.0
 21
248.5
 31
0.0
  0
MTEXT
  5
27B
330
1F
100
AcDbEntity
  8
Border
  6
Continuous
370
    15
100
AcDbMText
 10
19.17475
 20
267.75
 30
0.0
 40
3.3495
 41
3.3495
 46
3.3495
 71
     6
 72
     1
  1
A
  7
Shapr0
 73
     1
 44
1.0
1001
ACAD
1000
ACAD_MTEXT_DEFINED_HEIGHT_BEGIN
1070
    46
1040
3.3495
1000
ACAD_MTEXT_DEFINED_HEIGHT_END
  0
MTEXT
  5
27C
330
1F
100
AcDbEntity
  8
Border
  6
Continuous
370
    15
100
AcDbMText
 10
19.17475
 20
223.5
 30
0.0
 40
3.3495
 41
3.3495
 46
3.3495
 71
     6
 72
     1
  1
B
  7
Shapr0
 73
     1
 44
1.0
1001
ACAD
1000
ACAD_MTEXT_DEFINED_HEIGHT_BEGIN
1070
    46
1040
3.3495
1000
ACAD_MTEXT_DEFINED_HEIGHT_END
  0
MTEXT
  5
27D
330
1F
100
AcDbEntity
  8
Border
  6
Continuous
370
    15
100
AcDbMText
 10
19.17475
 20
173.5
 30
0.0
 40
3.3495
 41
3.3495
 46
3.3495
 71
     6
 72
     1
  1
C
  7
Shapr0
 73
     1
 44
1.0
1001
ACAD
1000
ACAD_MTEXT_DEFINED_HEIGHT_BEGIN
1070
    46
1040
3.3495
1000
ACAD_MTEXT_DEFINED_HEIGHT_END
  0
MTEXT
  5
27E
330
1F
100
AcDbEntity
  8
Border
  6
Continuous
370
    15
100
AcDbMText
 10
19.17475
 20
123.5
 30
0.0
 40
3.3495
 41
3.3495
 46
3.3495
 71
     6
 72
     1
  1
D
  7
Shapr0
 73
     1
 44
1.0
1001
ACAD
1000
ACAD_MTEXT_DEFINED_HEIGHT_BEGIN
1070
    46
1040
3.3495
1000
ACAD_MTEXT_DEFINED_HEIGHT_END
  0
MTEXT
  5
27F
330
1F
100
AcDbEntity
  8
Border
  6
Continuous
370
    15
100
AcDbMText
 10
19.17475
 20
73.5
 30
0.0
 40
3.3495
 41
3.3495
 46
3.3495
 71
     6
 72
     1
  1
E
  7
Shapr0
 73
     1
 44
1.0
1001
ACAD
1000
ACAD_MTEXT_DEFINED_HEIGHT_BEGIN
1070
    46
1040
3.3495
1000
ACAD_MTEXT_DEFINED_HEIGHT_END
  0
MTEXT
  5
280
330
1F
100
AcDbEntity
  8
Border
  6
Continuous
370
    15
100
AcDbMText
 10
19.17475
 20
29.25
 30
0.0
 40
3.3495
 41
3.3495
 46
3.3495
 71
     6
 72
     1
  1
F
  7
Shapr0
 73
     1
 44
1.0
1001
ACAD
1000
ACAD_MTEXT_DEFINED_HEIGHT_BEGIN
1070
    46
1040
3.3495
1000
ACAD_MTEXT_DEFINED_HEIGHT_END
  0
INSERT
  5
29B
330
1F
100
AcDbEntity
  8
0
100
AcDbBlockReference
  2
*U19
 10
0.0
 20
0.0
 30
0.0
  0
MTEXT
  5
29C
330
1F
100
AcDbEntity
  8
Border
  6
Continuous
370
    15
100
AcDbMText
 10
360.0
 20
16.20425531914893
 30
0.0
 40
3.25
 41
0.0
 46
3.25
 71
     1
 72
     1
  1
08/30/26
  7
Shapr44
 73
     1
 44
1.0
1001
ACAD
1000
ACAD_MTEXT_DEFINED_HEIGHT_BEGIN
1070
    46
1040
3.25
1000
ACAD_MTEXT_DEFINED_HEIGHT_END
  0
MTEXT
  5
29D
330
1F
100
AcDbEntity
  8
Border
  6
Continuous
370
    15
100
AcDbMText
 10
340.0
 20
43.75
 30
0.0
 40
1.65
 41
0.0
 46
1.65
 71
     1
 72
     1
  1
TITLE
  7
Shapr2
 73
     1
 44
1.0
1001
ACAD
1000
ACAD_MTEXT_DEFINED_HEIGHT_BEGIN
1070
    46
1040
1.65
1000
ACAD_MTEXT_DEFINED_HEIGHT_END
  0
MTEXT
  5
29E
330
1F
100
AcDbEntity
  8
Border
  6
Continuous
370
    15
100
AcDbMText
 10
340.0
 20
40.31950354609929
 30
0.0
 40
3.25
 41
0.0
 46
3.25
 71
     1
 72
     1
  1
Chilewich Coasters
  7
Shapr3
 73
     1
 44
1.0
1001
ACAD
1000
ACAD_MTEXT_DEFINED_HEIGHT_BEGIN
1070
    46
1040
3.25
1000
ACAD_MTEXT_DEFINED_HEIGHT_END
  0
MTEXT
  5
29F
330
1F
100
AcDbEntity
  8
Border
  6
Continuous
370
    15
100
AcDbMText
 10
340.0
 20
31.78276595744681
 30
0.0
 40
1.65
 41
0.0
 46
1.65
 71
     1
 72
     1
  1
UNITS
  7
Shapr4
 73
     1
 44
1.0
1001
ACAD
1000
ACAD_MTEXT_DEFINED_HEIGHT_BEGIN
1070
    46
1040
1.65
1000
ACAD_MTEXT_DEFINED_HEIGHT_END
  0
MTEXT
  5
2A0
330
1F
100
AcDbEntity
  8
Border
  6
Continuous
370
    15
100
AcDbMText
 10
340.0
 20
27.9
 30
0.0
 40
3.25
 41
0.0
 46
3.25
 71
     1
 72
     1
  1
mm
  7
Shapr5
 73
     1
 44
1.0
1001
ACAD
1000
ACAD_MTEXT_DEFINED_HEIGHT_BEGIN
1070
    46
1040
3.25
1000
ACAD_MTEXT_DEFINED_HEIGHT_END
  0
MTEXT
  5
2A1
330
1F
100
AcDbEntity
  8
Border
  6
Continuous
370
    15
100
AcDbMText
 10
360.0
 20
31.78276595744681
 30
0.0
 40
1.65
 41
0.0
 46
1.65
 71
     1
 72
     1
  1
PROJ. ANG.
  7
Shapr6
 73
     1
 44
1.0
1001
ACAD
1000
ACAD_MTEXT_DEFINED_HEIGHT_BEGIN
1070
    46
1040
1.65
1000
ACAD_MTEXT_DEFINED_HEIGHT_END
  0
MTEXT
  5
2A2
330
1F
100
AcDbEntity
  8
Border
  6
Continuous
370
    15
100
AcDbMText
 10
392.0
 20
31.78276595744681
 30
0.0
 40
1.65
 41
0.0
 46
1.65
 71
     1
 72
     1
  1
SIZE
  7
Shapr7
 73
     1
 44
1.0
1001
ACAD
1000
ACAD_MTEXT_DEFINED_HEIGHT_BEGIN
1070
    46
1040
1.65
1000
ACAD_MTEXT_DEFINED_HEIGHT_END
  0
MTEXT
  5
2A3
330
1F
100
AcDbEntity
  8
Border
  6
Continuous
370
    15
100
AcDbMText
 10
392.0
 20
27.9645390070922
 30
0.0
 40
3.25
 41
0.0
 46
3.25
 71
     1
 72
     1
  1
A3
  7
Shapr8
 73
     1
 44
1.0
1001
ACAD
1000
ACAD_MTEXT_DEFINED_HEIGHT_BEGIN
1070
    46
1040
3.25
1000
ACAD_MTEXT_DEFINED_HEIGHT_END
  0
MTEXT
  5
2A4
330
1F
100
AcDbEntity
  8
Border
  6
Continuous
370
    15
100
AcDbMText
 10
340.0
 20
19.78276595744681
 30
0.0
 40
1.65
 41
0.0
 46
1.65
 71
     1
 72
     1
  1
SCALE
  7
Shapr9
 73
     1
 44
1.0
1001
ACAD
1000
ACAD_MTEXT_DEFINED_HEIGHT_BEGIN
1070
    46
1040
1.65
1000
ACAD_MTEXT_DEFINED_HEIGHT_END
  0
MTEXT
  5
2A5
330
1F
100
AcDbEntity
  8
Border
  6
Continuous
370
    15
100
AcDbMText
 10
340.0
 20
15.9
 30
0.0
 40
3.25
 41
0.0
 46
3.25
 71
     1
 72
     1
  1
1:1
  7
Shapr10
 73
     1
 44
1.0
1001
ACAD
1000
ACAD_MTEXT_DEFINED_HEIGHT_BEGIN
1070
    46
1040
3.25
1000
ACAD_MTEXT_DEFINED_HEIGHT_END
  0
MTEXT
  5
2A6
330
1F
100
AcDbEntity
  8
Border
  6
Continuous
370
    15
100
AcDbMText
 10
360.0
 20
19.78276595744681
 30
0.0
 40
1.65
 41
0.0
 46
1.65
 71
     1
 72
     1
  1
LAST UPDATED
  7
Shapr11
 73
     1
 44
1.0
1001
ACAD
1000
ACAD_MTEXT_DEFINED_HEIGHT_BEGIN
1070
    46
1040
1.65
1000
ACAD_MTEXT_DEFINED_HEIGHT_END
  0
MTEXT
  5
2A7
330
1F
100
AcDbEntity
  8
Border
  6
Continuous
370
    15
100
AcDbMText
 10
392.0
 20
19.78276595744681
 30
0.0
 40
1.65
 41
0.0
 46
1.65
 71
     1
 72
     1
  1
SHEET
  7
Shapr13
 73
     1
 44
1.0
1001
ACAD
1000
ACAD_MTEXT_DEFINED_HEIGHT_BEGIN
1070
    46
1040
1.65
1000
ACAD_MTEXT_DEFINED_HEIGHT_END
  0
MTEXT
  5
2A8
330
1F
100
AcDbEntity
  8
Border
  6
Continuous
370
    15
100
AcDbMText
 10
392.0
 20
16.20425531914893
 30
0.0
 40
3.25
 41
0.0
 46
3.25
 71
     1
 72
     1
  1
1/1
  7
Shapr14
 73
     1
 44
1.0
1001
ACAD
1000
ACAD_MTEXT_DEFINED_HEIGHT_BEGIN
1070
    46
1040
3.25
1000
ACAD_MTEXT_DEFINED_HEIGHT_END
  0
VIEWPORT
  5
97
330
93
100
AcDbEntity
 67
     1
  8
0
100
AcDbViewport
 10
210.0
 20
148.5
 30
0.0
 40
420.0
 41
297.0
 68
     1
 69
     1
 12
210.0
 22
148.5
 13
0.0
 23
0.0
 14
10.0
 24
10.0
 15
10.0
 25
10.0
 16
0.0
 26
0.0
 36
1.0
 17
0.0
 27
0.0
 37
0.0
 42
50.0
 43
0.0
 44
0.0
 45
297.0
 50
0.0
 51
0.0
 72
   100
 90
   557152
  1

281
     0
 71
     1
 74
     0
110
0.0
120
0.0
130
0.0
111
1.0
121
0.0
131
0.0
112
0.0
122
1.0
132
0.0
 79
     0
146
0.0
170
     0
 61
     5
348
2F
292
     1
282
     1
141
0.0
142
0.0
 63
   256
361
98
  0
VIEWPORT
  5
99
330
93
100
AcDbEntity
 67
     1
  8
0
100
AcDbViewport
 10
210.0
 20
148.5
 30
0.0
 40
420.0
 41
297.0
 68
     2
 69
     2
 12
210.0
 22
148.5
 13
0.0
 23
0.0
 14
10.0
 24
10.0
 15
10.0
 25
10.0
 16
0.0
 26
0.0
 36
1.0
 17
0.0
 27
0.0
 37
0.0
 42
50.0
 43
0.0
 44
0.0
 45
297.0
 50
0.0
 51
0.0
 72
   100
 90
   557152
  1

281
     0
 71
     1
 74
     0
110
0.0
120
0.0
130
0.0
111
1.0
121
0.0
131
0.0
112
0.0
122
1.0
132
0.0
 79
     0
146
0.0
170
     0
 61
     5
348
2F
292
     1
282
     1
141
0.0
142
0.0
 63
   256
361
9A
  0
ENDSEC
  0
SECTION
  2
OBJECTS
  0
DICTIONARY
  5
C
330
0
100
AcDbDictionary
281
     1
  3
ACAD_DETAILVIEWSTYLE
350
2E0
  3
ACAD_GROUP
350
D
  3
ACAD_LAYOUT
350
1A
  3
ACAD_MATERIAL
350
43
  3
ACAD_MLEADERSTYLE
350
5B
  3
ACAD_MLINESTYLE
350
17
  3
ACAD_PLOTSETTINGS
350
19
  3
ACAD_PLOTSTYLENAME
350
E
  3
ACAD_SCALELIST
350
47
  3
ACAD_SECTIONVIEWSTYLE
350
2E1
  3
ACAD_TABLESTYLE
350
59
  3
ACAD_VISUALSTYLE
350
2A
  3
AcDbVariableDictionary
350
2A9
  3
ACDB_RECOMPOSE_DATA
350
2DD
  0
SUN
  5
5D
330
29
100
AcDbSun
 90
        1
290
     0
 63
     7
421
 16777215
 40
1.0
291
     1
 91
  2455826
 92
 54000000
292
     0
 70
     2
 71
   256
280
     1
  0
SUN
  5
98
330
97
100
AcDbSun
 90
        1
290
     0
 63
     7
421
 16777215
 40
1.0
291
     1
 91
  2455826
 92
 54000000
292
     0
 70
     2
 71
   256
280
     1
  0
SUN
  5
9A
330
99
100
AcDbSun
 90
        1
290
     0
 63
     7
421
 16777215
 40
1.0
291
     1
 91
  2455826
 92
 54000000
292
     0
 70
     2
 71
   256
280
     1
  0
DICTIONARY
  5
2E0
102
{ACAD_REACTORS
330
C
102
}
330
C
100
AcDbDictionary
281
     1
  0
DICTIONARY
  5
D
102
{ACAD_REACTORS
330
C
102
}
330
C
100
AcDbDictionary
281
     1
  0
DICTIONARY
  5
1A
102
{ACAD_REACTORS
330
C
102
}
330
C
100
AcDbDictionary
281
     1
  3
Layout1
350
1E
  3
Layout2
350
26
  3
Model
350
22
  3
Sheet
350
94
  0
DICTIONARY
  5
43
102
{ACAD_REACTORS
330
C
102
}
330
C
100
AcDbDictionary
281
     1
  3
ByBlock
350
45
  3
ByLayer
350
44
  3
Global
350
46
  0
DICTIONARY
  5
5B
102
{ACAD_REACTORS
330
C
102
}
330
C
100
AcDbDictionary
281
     1
  3
Standard
350
5C
  0
DICTIONARY
  5
17
102
{ACAD_REACTORS
330
C
102
}
330
C
100
AcDbDictionary
281
     1
  3
Standard
350
18
  0
DICTIONARY
  5
19
102
{ACAD_REACTORS
330
C
102
}
330
C
100
AcDbDictionary
281
     1
  0
ACDBDICTIONARYWDFLT
  5
E
102
{ACAD_REACTORS
330
C
102
}
330
C
100
AcDbDictionary
281
     1
  3
Normal
350
F
100
AcDbDictionaryWithDefault
340
F
  0
DICTIONARY
  5
47
102
{ACAD_REACTORS
330
C
102
}
330
C
100
AcDbDictionary
281
     1
  3
A0
350
48
  3
A1
350
49
  3
A2
350
4A
  3
A3
350
4B
  3
A4
350
4C
  3
A5
350
4D
  3
A6
350
4E
  3
A7
350
4F
  3
A8
350
50
  3
A9
350
51
  3
B0
350
52
  3
B1
350
53
  3
B2
350
54
  3
B3
350
55
  3
B4
350
56
  3
B5
350
57
  3
B6
350
58
  0
DICTIONARY
  5
2E1
102
{ACAD_REACTORS
330
C
102
}
330
C
100
AcDbDictionary
281
     1
  0
DICTIONARY
  5
59
102
{ACAD_REACTORS
330
C
102
}
330
C
100
AcDbDictionary
281
     1
  3
Standard
350
5A
  0
DICTIONARY
  5
2A
102
{ACAD_REACTORS
330
C
102
}
330
C
100
AcDbDictionary
281
     1
  3
2dWireframe
350
2F
  3
Basic
350
32
  3
Brighten
350
36
  3
ColorChange
350
3A
  3
Conceptual
350
34
  3
Dim
350
35
  3
EdgeColorOff
350
3D
  3
Facepattern
350
39
  3
Flat
350
2B
  3
FlatWithEdges
350
2C
  3
Gouraud
350
2D
  3
GouraudWithEdges
350
2E
  3
Hidden
350
31
  3
JitterOff
350
3B
  3
Linepattern
350
38
  3
OverhangOff
350
3C
  3
Realistic
350
33
  3
Shaded
350
42
  3
Shaded with edges
350
41
  3
Shades of Gray
350
3E
  3
Sketchy
350
3F
  3
Thicken
350
37
  3
Wireframe
350
30
  3
X-Ray
350
40
  0
DICTIONARY
  5
2A9
102
{ACAD_REACTORS
330
C
102
}
330
C
100
AcDbDictionary
281
     1
  3
CANNOSCALE
350
2AA
  3
CENTEREXE
350
2E2
  3
CENTERLTYPEFILE
350
2E3
  3
CMLEADERSTYLE
350
2DF
  3
CTABLESTYLE
350
2DE
  0
XRECORD
  5
2DD
102
{ACAD_REACTORS
330
C
102
}
330
C
100
AcDbXrecord
280
     1
 90
        1
330
5A
  0
LAYOUT
  5
1E
102
{ACAD_REACTORS
330
1A
102
}
330
1A
100
AcDbPlotSettings
  1

  2
none_device
  4

  6

 40
0.0
 41
0.0
 42
0.0
 43
0.0
 44
0.0
 45
0.0
 46
0.0
 47
0.0
 48
0.0
 49
0.0
140
0.0
141
0.0
142
1.0
143
1.0
 70
   688
 72
     1
 73
     0
 74
     5
  7

 75
    16
 76
     0
 77
     2
 78
   300
147
1.0
148
0.0
149
0.0
100
AcDbLayout
  1
Layout1
 70
     1
 71
     1
 10
0.0
 20
0.0
 11
420.0
 21
297.0
 12
0.0
 22
0.0
 32
0.0
 14
1.000000000000000E+20
 24
1.000000000000000E+20
 34
1.000000000000000E+20
 15
-1.000000000000000E+20
 25
-1.000000000000000E+20
 35
-1.000000000000000E+20
146
0.0
 13
0.0
 23
0.0
 33
0.0
 16
1.0
 26
0.0
 36
0.0
 17
0.0
 27
1.0
 37
0.0
 76
     0
330
1B
  0
LAYOUT
  5
26
102
{ACAD_REACTORS
330
1A
102
}
330
1A
100
AcDbPlotSettings
  1

  2
none_device
  4

  6

 40
0.0
 41
0.0
 42
0.0
 43
0.0
 44
0.0
 45
0.0
 46
0.0
 47
0.0
 48
0.0
 49
0.0
140
0.0
141
0.0
142
1.0
143
1.0
 70
   688
 72
     1
 73
     0
 74
     5
  7

 75
    16
 76
     0
 77
     2
 78
   300
147
1.0
148
0.0
149
0.0
100
AcDbLayout
  1
Layout2
 70
     1
 71
     2
 10
0.0
 20
0.0
 11
0.0
 21
0.0
 12
0.0
 22
0.0
 32
0.0
 14
0.0
 24
0.0
 34
0.0
 15
0.0
 25
0.0
 35
0.0
146
0.0
 13
0.0
 23
0.0
 33
0.0
 16
1.0
 26
0.0
 36
0.0
 17
0.0
 27
1.0
 37
0.0
 76
     0
330
23
  0
LAYOUT
  5
22
102
{ACAD_REACTORS
330
1A
102
}
330
1A
100
AcDbPlotSettings
  1

  2
none_device
  4
Letter_(8.50_x_11.00_Inches)
  6

 40
6.35
 41
6.35
 42
6.35000508
 43
6.35000508
 44
215.9
 45
279.4
 46
0.0
 47
0.0
 48
0.0
 49
0.0
140
0.0
141
0.0
142
1.0
143
1.0
 70
  1712
 72
     1
 73
     0
 74
     0
  7

 75
     0
 76
     0
 77
     2
 78
   300
147
1.0
148
0.0
149
0.0
100
AcDbLayout
  1
Model
 70
     1
 71
     0
 10
0.0
 20
0.0
 11
420.0
 21
297.0
 12
0.0
 22
0.0
 32
0.0
 14
1.000000000000000E+20
 24
1.000000000000000E+20
 34
1.000000000000000E+20
 15
-1.000000000000000E+20
 25
-1.000000000000000E+20
 35
-1.000000000000000E+20
146
0.0
 13
0.0
 23
0.0
 33
0.0
 16
1.0
 26
0.0
 36
0.0
 17
0.0
 27
1.0
 37
0.0
 76
     0
330
1F
331
29
  0
LAYOUT
  5
94
102
{ACAD_REACTORS
330
1A
102
}
330
1A
100
AcDbPlotSettings
  1

  2
Custom Device
  4
CustomPaper_420.000000x297.000000mm
  6

 40
0.0
 41
0.0
 42
0.0
 43
0.0
 44
297.0
 45
420.0
 46
0.0
 47
0.0
 48
0.0
 49
0.0
140
0.0
141
0.0
142
1.0
143
1.0
 70
   672
 72
     1
 73
     1
 74
     5
  7

 75
    16
 76
     0
 77
     2
 78
   300
147
1.0
148
0.0
149
0.0
100
AcDbLayout
  1
Sheet
 70
     1
 71
     3
 10
-20.0
 20
-7.5
 11
277.0
 21
202.5
 12
0.0
 22
0.0
 32
0.0
 14
0.0
 24
0.0
 34
0.0
 15
0.0
 25
0.0
 35
0.0
146
0.0
 13
0.0
 23
0.0
 33
0.0
 16
1.0
 26
0.0
 36
0.0
 17
0.0
 27
1.0
 37
0.0
 76
     0
330
93
331
97
  0
MATERIAL
  5
45
102
{ACAD_REACTORS
330
43
102
}
330
43
100
AcDbMaterial
  1
ByBlock
 72
     1
 94
      127
  0
MATERIAL
  5
44
102
{ACAD_REACTORS
330
43
102
}
330
43
100
AcDbMaterial
  1
ByLayer
 72
     1
 94
      127
  0
MATERIAL
  5
46
102
{ACAD_REACTORS
330
43
102
}
330
43
100
AcDbMaterial
  1
Global
 72
     1
 94
      127
  0
MLEADERSTYLE
  5
5C
102
{ACAD_REACTORS
330
5B
102
}
330
5B
100
AcDbMLeaderStyle
179
     2
170
     2
171
     1
172
     0
 90
        2
 40
0.0
 41
0.0
173
     1
 91
-1056964608
340
14
 92
       -2
290
     1
 42
2.0
291
     1
 43
8.0
  3
Standard
341
0
 44
4.0
300

342
11
174
     1
178
     6
175
     1
176
     0
 93
-1056964608
 45
4.0
292
     0
297
     0
 46
4.0
343
0
 94
-1056964608
 47
1.0
 49
1.0
140
1.0
293
     1
141
0.0
294
     1
177
     0
142
1.0
295
     0
296
     0
143
3.75
271
     0
272
     9
273
     9
  0
MLINESTYLE
  5
18
102
{ACAD_REACTORS
330
17
102
}
330
17
100
AcDbMlineStyle
  2
Standard
 70
     0
  3

 62
   256
 51
90.0
 52
90.0
 71
     2
 49
0.5
 62
   256
  6
BYLAYER
 49
-0.5
 62
   256
  6
BYLAYER
  0
ACDBPLACEHOLDER
  5
F
102
{ACAD_REACTORS
330
E
102
}
330
E
  0
SCALE
  5
48
102
{ACAD_REACTORS
330
47
102
}
330
47
100
AcDbScale
 70
     0
300
1:1
140
1.0
141
1.0
290
     1
  0
SCALE
  5
49
102
{ACAD_REACTORS
330
47
102
}
330
47
100
AcDbScale
 70
     0
300
1:2
140
1.0
141
2.0
290
     0
  0
SCALE
  5
4A
102
{ACAD_REACTORS
330
47
102
}
330
47
100
AcDbScale
 70
     0
300
1:4
140
1.0
141
4.0
290
     0
  0
SCALE
  5
4B
102
{ACAD_REACTORS
330
47
102
}
330
47
100
AcDbScale
 70
     0
300
1:5
140
1.0
141
5.0
290
     0
  0
SCALE
  5
4C
102
{ACAD_REACTORS
330
47
102
}
330
47
100
AcDbScale
 70
     0
300
1:8
140
1.0
141
8.0
290
     0
  0
SCALE
  5
4D
102
{ACAD_REACTORS
330
47
102
}
330
47
100
AcDbScale
 70
     0
300
1:10
140
1.0
141
10.0
290
     0
  0
SCALE
  5
4E
102
{ACAD_REACTORS
330
47
102
}
330
47
100
AcDbScale
 70
     0
300
1:16
140
1.0
141
16.0
290
     0
  0
SCALE
  5
4F
102
{ACAD_REACTORS
330
47
102
}
330
47
100
AcDbScale
 70
     0
300
1:20
140
1.0
141
20.0
290
     0
  0
SCALE
  5
50
102
{ACAD_REACTORS
330
47
102
}
330
47
100
AcDbScale
 70
     0
300
1:30
140
1.0
141
30.0
290
     0
  0
SCALE
  5
51
102
{ACAD_REACTORS
330
47
102
}
330
47
100
AcDbScale
 70
     0
300
1:40
140
1.0
141
40.0
290
     0
  0
SCALE
  5
52
102
{ACAD_REACTORS
330
47
102
}
330
47
100
AcDbScale
 70
     0
300
1:50
140
1.0
141
50.0
290
     0
  0
SCALE
  5
53
102
{ACAD_REACTORS
330
47
102
}
330
47
100
AcDbScale
 70
     0
300
1:100
140
1.0
141
100.0
290
     0
  0
SCALE
  5
54
102
{ACAD_REACTORS
330
47
102
}
330
47
100
AcDbScale
 70
     0
300
2:1
140
2.0
141
1.0
290
     0
  0
SCALE
  5
55
102
{ACAD_REACTORS
330
47
102
}
330
47
100
AcDbScale
 70
     0
300
4:1
140
4.0
141
1.0
290
     0
  0
SCALE
  5
56
102
{ACAD_REACTORS
330
47
102
}
330
47
100
AcDbScale
 70
     0
300
8:1
140
8.0
141
1.0
290
     0
  0
SCALE
  5
57
102
{ACAD_REACTORS
330
47
102
}
330
47
100
AcDbScale
 70
     0
300
10:1
140
10.0
141
1.0
290
     0
  0
SCALE
  5
58
102
{ACAD_REACTORS
330
47
102
}
330
47
100
AcDbScale
 70
     0
300
100:1
140
100.0
141
1.0
290
     0
  0
TABLESTYLE
  5
5A
102
{ACAD_REACTORS
330
59
102
}
102
{ACAD_XDICTIONARY
360
2DB
102
}
330
59
100
AcDbTableStyle
  3
Standard
 70
     0
 71
     0
 40
0.06
 41
0.06
280
     0
281
     0
  7
Standard
140
4.5
170
     2
 62
     0
 63
   257
283
     0
 90
        4
 91
        0
  1

274
    -2
284
     1
 64
     0
275
    -2
285
     1
 65
     0
276
    -2
286
     1
 66
     0
277
    -2
287
     1
 67
     0
278
    -2
288
     1
 68
     0
279
    -2
289
     1
 69
     0
  7
Standard
140
6.0
170
     5
 62
     0
 63
   257
283
     0
 90
        4
 91
        0
  1

274
    -2
284
     1
 64
     0
275
    -2
285
     1
 65
     0
276
    -2
286
     1
 66
     0
277
    -2
287
     1
 67
     0
278
    -2
288
     1
 68
     0
279
    -2
289
     1
 69
     0
  7
Standard
140
4.5
170
     5
 62
     0
 63
   257
283
     0
 90
        4
 91
        0
  1

274
    -2
284
     1
 64
     0
275
    -2
285
     1
 65
     0
276
    -2
286
     1
 66
     0
277
    -2
287
     1
 67
     0
278
    -2
288
     1
 68
     0
279
    -2
289
     1
 69
     0
  0
VISUALSTYLE
  5
2F
102
{ACAD_REACTORS
330
2A
102
}
102
{ACAD_XDICTIONARY
360
2B3
102
}
330
2A
100
AcDbVisualStyle
  2
2dWireframe
 70
     4
177
     2
291
     0
 71
     0
176
     1
 72
     2
176
     1
 73
     0
176
     1
 90
        0
176
     1
 40
0.6
176
     1
 41
30.0
176
     1
 62
     5
 63
     7
421
 16777215
176
     1
 74
     1
176
     1
 91
        4
176
     1
 64
     7
176
     1
 65
   257
176
     1
 75
     1
176
     1
175
     1
176
     1
 42
1.0
176
     1
 92
        0
176
     1
 66
   257
176
     1
 43
1.0
176
     1
 76
     1
176
     1
 77
     6
176
     1
 78
     2
176
     1
 67
     7
176
     1
 79
     5
176
     1
170
     0
176
     1
171
     0
176
     1
290
     0
176
     1
 93
        1
176
     1
 44
0.0
176
     1
173
     0
176
     1
  0
VISUALSTYLE
  5
32
102
{ACAD_REACTORS
330
2A
102
}
102
{ACAD_XDICTIONARY
360
2B9
102
}
330
2A
100
AcDbVisualStyle
  2
Basic
 70
     7
177
     2
291
     1
 71
     1
176
     1
 72
     0
176
     1
 73
     1
176
     1
 90
        0
176
     1
 40
0.6
176
     1
 41
30.0
176
     1
 62
     5
 63
     7
421
 16777215
176
     1
 74
     0
176
     1
 91
        4
176
     1
 64
     7
176
     1
 65
   257
176
     1
 75
     1
176
     1
175
     1
176
     1
 42
1.0
176
     1
 92
        8
176
     1
 66
     7
176
     1
 43
1.0
176
     1
 76
     1
176
     1
 77
     6
176
     1
 78
     2
176
     1
 67
     7
176
     1
 79
     5
176
     1
170
     0
176
     1
171
     0
176
     1
290
     0
176
     1
 93
        1
176
     1
 44
0.0
176
     1
173
     0
176
     1
  0
VISUALSTYLE
  5
36
102
{ACAD_REACTORS
330
2A
102
}
102
{ACAD_XDICTIONARY
360
2C1
102
}
330
2A
100
AcDbVisualStyle
  2
Brighten
 70
    12
177
     2
291
     1
 71
     2
176
     1
 72
     2
176
     1
 73
     0
176
     1
 90
        0
176
     1
 40
0.6
176
     1
 41
30.0
176
     1
 62
     5
 63
     7
421
 16777215
176
     1
 74
     1
176
     1
 91
        4
176
     1
 64
     7
176
     1
 65
   257
176
     1
 75
     1
176
     1
175
     1
176
     1
 42
1.0
176
     1
 92
        8
176
     1
 66
     7
176
     1
 43
1.0
176
     1
 76
     1
176
     1
 77
     6
176
     1
 78
     2
176
     1
 67
     7
176
     1
 79
     5
176
     1
170
     0
176
     1
171
     0
176
     1
290
     0
176
     1
 93
        1
176
     1
 44
50.0
176
     1
173
     0
176
     1
  0
VISUALSTYLE
  5
3A
102
{ACAD_REACTORS
330
2A
102
}
102
{ACAD_XDICTIONARY
360
2C9
102
}
330
2A
100
AcDbVisualStyle
  2
ColorChange
 70
    16
177
     2
291
     1
 71
     2
176
     1
 72
     2
176
     1
 73
     3
176
     1
 90
        0
176
     1
 40
0.6
176
     1
 41
30.0
176
     1
 62
     5
 63
     8
421
  8421504
176
     1
 74
     1
176
     1
 91
        4
176
     1
 64
     7
176
     1
 65
   257
176
     1
 75
     1
176
     1
175
     1
176
     1
 42
1.0
176
     1
 92
        8
176
     1
 66
     8
424
  8421504
176
     1
 43
1.0
176
     1
 76
     1
176
     1
 77
     6
176
     1
 78
     2
176
     1
 67
     7
176
     1
 79
     5
176
     1
170
     0
176
     1
171
     0
176
     1
290
     0
176
     1
 93
        1
176
     1
 44
0.0
176
     1
173
     0
176
     1
  0
VISUALSTYLE
  5
34
102
{ACAD_REACTORS
330
2A
102
}
102
{ACAD_XDICTIONARY
360
2BD
102
}
330
2A
100
AcDbVisualStyle
  2
Conceptual
 70
     9
177
     2
291
     0
 71
     3
176
     1
 72
     2
176
     1
 73
     0
176
     1
 90
        0
176
     1
 40
0.6
176
     1
 41
30.0
176
     1
 62
     5
 63
     7
421
 16777215
176
     1
 74
     2
176
     1
 91
        2
176
     1
 64
     7
176
     1
 65
   257
176
     1
 75
     1
176
     1
175
     1
176
     1
 42
179.0
176
     1
 92
        8
176
     1
 66
     7
176
     1
 43
1.0
176
     1
 76
     1
176
     1
 77
     6
176
     1
 78
     2
176
     1
 67
     7
176
     1
 79
     3
176
     1
170
     0
176
     1
171
     0
176
     1
290
     0
176
     1
 93
        1
176
     1
 44
0.0
176
     1
173
     0
176
     1
  0
VISUALSTYLE
  5
35
102
{ACAD_REACTORS
330
2A
102
}
102
{ACAD_XDICTIONARY
360
2BF
102
}
330
2A
100
AcDbVisualStyle
  2
Dim
 70
    11
177
     2
291
     1
 71
     2
176
     1
 72
     2
176
     1
 73
     0
176
     1
 90
        0
176
     1
 40
0.6
176
     1
 41
30.0
176
     1
 62
     5
 63
     7
421
 16777215
176
     1
 74
     1
176
     1
 91
        4
176
     1
 64
     7
176
     1
 65
   257
176
     1
 75
     1
176
     1
175
     1
176
     1
 42
1.0
176
     1
 92
        8
176
     1
 66
     7
176
     1
 43
1.0
176
     1
 76
     1
176
     1
 77
     6
176
     1
 78
     2
176
     1
 67
     7
176
     1
 79
     5
176
     1
170
     0
176
     1
171
     0
176
     1
290
     0
176
     1
 93
        1
176
     1
 44
-50.0
176
     1
173
     0
176
     1
  0
VISUALSTYLE
  5
3D
102
{ACAD_REACTORS
330
2A
102
}
102
{ACAD_XDICTIONARY
360
2CF
102
}
330
2A
100
AcDbVisualStyle
  2
EdgeColorOff
 70
    22
177
     2
291
     1
 71
     2
176
     0
 72
     2
176
     0
 73
     0
176
     0
 90
        0
176
     0
 40
0.6
176
     0
 41
30.0
176
     0
 62
     5
 63
     7
421
 16777215
176
     0
 74
     1
176
     0
 91
        4
176
     0
 64
     7
176
     0
 65
   257
176
     0
 75
     1
176
     0
175
     1
176
     0
 42
1.0
176
     0
 92
        8
176
     2
 66
     7
176
     0
 43
1.0
176
     0
 76
     1
176
     0
 77
     6
176
     0
 78
     2
176
     0
 67
     7
176
     0
 79
     5
176
     0
170
     0
176
     0
171
     0
176
     0
290
     0
176
     0
 93
        1
176
     0
 44
0.0
176
     0
173
     0
176
     0
  0
VISUALSTYLE
  5
39
102
{ACAD_REACTORS
330
2A
102
}
102
{ACAD_XDICTIONARY
360
2C7
102
}
330
2A
100
AcDbVisualStyle
  2
Facepattern
 70
    15
177
     2
291
     1
 71
     2
176
     1
 72
     2
176
     1
 73
     0
176
     1
 90
        0
176
     1
 40
0.6
176
     1
 41
30.0
176
     1
 62
     5
 63
     7
421
 16777215
176
     1
 74
     1
176
     1
 91
        4
176
     1
 64
     7
176
     1
 65
   257
176
     1
 75
     1
176
     1
175
     1
176
     1
 42
1.0
176
     1
 92
        8
176
     1
 66
     7
176
     1
 43
1.0
176
     1
 76
     1
176
     1
 77
     6
176
     1
 78
     2
176
     1
 67
     7
176
     1
 79
     5
176
     1
170
     0
176
     1
171
     0
176
     1
290
     0
176
     1
 93
        1
176
     1
 44
0.0
176
     1
173
     0
176
     1
  0
VISUALSTYLE
  5
2B
102
{ACAD_REACTORS
330
2A
102
}
102
{ACAD_XDICTIONARY
360
2AB
102
}
330
2A
100
AcDbVisualStyle
  2
Flat
 70
     0
177
     2
291
     1
 71
     2
176
     1
 72
     1
176
     1
 73
     1
176
     1
 90
        2
176
     1
 40
0.6
176
     1
 41
30.0
176
     1
 62
     5
 63
     7
421
 16777215
176
     1
 74
     0
176
     1
 91
        0
176
     1
 64
     7
176
     1
 65
   257
176
     1
 75
     1
176
     1
175
     1
176
     1
 42
1.0
176
     1
 92
        8
176
     1
 66
     7
176
     1
 43
1.0
176
     1
 76
     1
176
     1
 77
     6
176
     1
 78
     2
176
     1
 67
     7
176
     1
 79
     5
176
     1
170
     0
176
     1
171
     0
176
     1
290
     0
176
     1
 93
       13
176
     1
 44
0.0
176
     1
173
     0
176
     1
  0
VISUALSTYLE
  5
2C
102
{ACAD_REACTORS
330
2A
102
}
102
{ACAD_XDICTIONARY
360
2AD
102
}
330
2A
100
AcDbVisualStyle
  2
FlatWithEdges
 70
     1
177
     2
291
     1
 71
     2
176
     1
 72
     1
176
     1
 73
     1
176
     1
 90
        2
176
     1
 40
0.6
176
     1
 41
30.0
176
     1
 62
     5
 63
     7
421
 16777215
176
     1
 74
     1
176
     1
 91
        0
176
     1
 64
     7
176
     1
 65
   257
176
     1
 75
     1
176
     1
175
     1
176
     1
 42
1.0
176
     1
 92
        0
176
     1
 66
   257
176
     1
 43
1.0
176
     1
 76
     1
176
     1
 77
     6
176
     1
 78
     2
176
     1
 67
     7
176
     1
 79
     5
176
     1
170
     0
176
     1
171
     0
176
     1
290
     0
176
     1
 93
       13
176
     1
 44
0.0
176
     1
173
     0
176
     1
  0
VISUALSTYLE
  5
2D
102
{ACAD_REACTORS
330
2A
102
}
102
{ACAD_XDICTIONARY
360
2AF
102
}
330
2A
100
AcDbVisualStyle
  2
Gouraud
 70
     2
177
     2
291
     1
 71
     2
176
     1
 72
     2
176
     1
 73
     1
176
     1
 90
        2
176
     1
 40
0.6
176
     1
 41
30.0
176
     1
 62
     5
 63
     7
421
 16777215
176
     1
 74
     0
176
     1
 91
        0
176
     1
 64
     7
176
     1
 65
   257
176
     1
 75
     1
176
     1
175
     1
176
     1
 42
1.0
176
     1
 92
        0
176
     1
 66
     7
176
     1
 43
1.0
176
     1
 76
     1
176
     1
 77
     6
176
     1
 78
     2
176
     1
 67
     7
176
     1
 79
     5
176
     1
170
     0
176
     1
171
     0
176
     1
290
     0
176
     1
 93
       13
176
     1
 44
0.0
176
     1
173
     0
176
     1
  0
VISUALSTYLE
  5
2E
102
{ACAD_REACTORS
330
2A
102
}
102
{ACAD_XDICTIONARY
360
2B1
102
}
330
2A
100
AcDbVisualStyle
  2
GouraudWithEdges
 70
     3
177
     2
291
     1
 71
     2
176
     1
 72
     2
176
     1
 73
     1
176
     1
 90
        2
176
     1
 40
0.6
176
     1
 41
30.0
176
     1
 62
     5
 63
     7
421
 16777215
176
     1
 74
     1
176
     1
 91
        0
176
     1
 64
     7
176
     1
 65
   257
176
     1
 75
     1
176
     1
175
     1
176
     1
 42
1.0
176
     1
 92
        0
176
     1
 66
   257
176
     1
 43
1.0
176
     1
 76
     1
176
     1
 77
     6
176
     1
 78
     2
176
     1
 67
     7
176
     1
 79
     5
176
     1
170
     0
176
     1
171
     0
176
     1
290
     0
176
     1
 93
       13
176
     1
 44
0.0
176
     1
173
     0
176
     1
  0
VISUALSTYLE
  5
31
102
{ACAD_REACTORS
330
2A
102
}
102
{ACAD_XDICTIONARY
360
2B7
102
}
330
2A
100
AcDbVisualStyle
  2
Hidden
 70
     6
177
     2
291
     0
 71
     1
176
     1
 72
     2
176
     1
 73
     2
176
     1
 90
        0
176
     1
 40
0.6
176
     1
 41
30.0
176
     1
 62
     5
 63
     7
421
 16777215
176
     1
 74
     2
176
     1
 91
        2
176
     1
 64
     7
176
     1
 65
   257
176
     1
 75
     2
176
     1
175
     1
176
     1
 42
40.0
176
     1
 92
        0
176
     1
 66
   257
176
     1
 43
1.0
176
     1
 76
     1
176
     1
 77
     6
176
     1
 78
     2
176
     1
 67
     7
176
     1
 79
     3
176
     1
170
     0
176
     1
171
     0
176
     1
290
     0
176
     1
 93
        1
176
     1
 44
0.0
176
     1
173
     0
176
     1
  0
VISUALSTYLE
  5
3B
102
{ACAD_REACTORS
330
2A
102
}
102
{ACAD_XDICTIONARY
360
2CB
102
}
330
2A
100
AcDbVisualStyle
  2
JitterOff
 70
    20
177
     2
291
     1
 71
     2
176
     0
 72
     2
176
     0
 73
     0
176
     0
 90
        0
176
     0
 40
0.6
176
     0
 41
30.0
176
     0
 62
     5
 63
     7
421
 16777215
176
     0
 74
     1
176
     0
 91
        4
176
     0
 64
     7
176
     0
 65
   257
176
     0
 75
     1
176
     0
175
     1
176
     0
 42
1.0
176
     0
 92
       10
176
     2
 66
     7
176
     0
 43
1.0
176
     0
 76
     1
176
     0
 77
     6
176
     0
 78
     2
176
     0
 67
     7
176
     0
 79
     5
176
     0
170
     0
176
     0
171
     0
176
     0
290
     0
176
     0
 93
        1
176
     0
 44
0.0
176
     0
173
     0
176
     0
  0
VISUALSTYLE
  5
38
102
{ACAD_REACTORS
330
2A
102
}
102
{ACAD_XDICTIONARY
360
2C5
102
}
330
2A
100
AcDbVisualStyle
  2
Linepattern
 70
    14
177
     2
291
     1
 71
     2
176
     1
 72
     2
176
     1
 73
     0
176
     1
 90
        0
176
     1
 40
0.6
176
     1
 41
30.0
176
     1
 62
     5
 63
     7
421
 16777215
176
     1
 74
     1
176
     1
 91
        4
176
     1
 64
     7
176
     1
 65
   257
176
     1
 75
     7
176
     1
175
     7
176
     1
 42
1.0
176
     1
 92
        8
176
     1
 66
     7
176
     1
 43
1.0
176
     1
 76
     1
176
     1
 77
     6
176
     1
 78
     2
176
     1
 67
     7
176
     1
 79
     5
176
     1
170
     0
176
     1
171
     0
176
     1
290
     0
176
     1
 93
        1
176
     1
 44
0.0
176
     1
173
     0
176
     1
  0
VISUALSTYLE
  5
3C
102
{ACAD_REACTORS
330
2A
102
}
102
{ACAD_XDICTIONARY
360
2CD
102
}
330
2A
100
AcDbVisualStyle
  2
OverhangOff
 70
    21
177
     2
291
     1
 71
     2
176
     0
 72
     2
176
     0
 73
     0
176
     0
 90
        0
176
     0
 40
0.6
176
     0
 41
30.0
176
     0
 62
     5
 63
     7
421
 16777215
176
     0
 74
     1
176
     0
 91
        4
176
     0
 64
     7
176
     0
 65
   257
176
     0
 75
     1
176
     0
175
     1
176
     0
 42
1.0
176
     0
 92
        9
176
     2
 66
     7
176
     0
 43
1.0
176
     0
 76
     1
176
     0
 77
     6
176
     0
 78
     2
176
     0
 67
     7
176
     0
 79
     5
176
     0
170
     0
176
     0
171
     0
176
     0
290
     0
176
     0
 93
        1
176
     0
 44
0.0
176
     0
173
     0
176
     0
  0
VISUALSTYLE
  5
33
102
{ACAD_REACTORS
330
2A
102
}
102
{ACAD_XDICTIONARY
360
2BB
102
}
330
2A
100
AcDbVisualStyle
  2
Realistic
 70
     8
177
     2
291
     0
 71
     2
176
     1
 72
     3
176
     1
 73
     0
176
     1
 90
        2
176
     1
 40
0.6
176
     1
 41
30.0
176
     1
 62
     5
 63
     7
421
 16777215
176
     1
 74
     0
176
     1
 91
        0
176
     1
 64
     7
176
     1
 65
   257
176
     1
 75
     1
176
     1
175
     1
176
     1
 42
1.0
176
     1
 92
        8
176
     1
 66
   257
176
     1
 43
1.0
176
     1
 76
     1
176
     1
 77
     6
176
     1
 78
     2
176
     1
 67
     7
176
     1
 79
     3
176
     1
170
     0
176
     1
171
     0
176
     1
290
     0
176
     1
 93
       13
176
     1
 44
0.0
176
     1
173
     0
176
     1
  0
VISUALSTYLE
  5
42
102
{ACAD_REACTORS
330
2A
102
}
102
{ACAD_XDICTIONARY
360
2D9
102
}
330
2A
100
AcDbVisualStyle
  2
Shaded
 70
    27
177
     2
291
     0
 71
     2
176
     1
 72
     2
176
     1
 73
     1
176
     1
 90
        2
176
     1
 40
0.6
176
     1
 41
30.0
176
     1
 62
     5
 63
     7
421
 16777215
176
     1
 74
     0
176
     1
 91
        4
176
     1
 64
     7
176
     1
 65
   257
176
     1
 75
     1
176
     1
175
     1
176
     1
 42
1.0
176
     1
 92
        8
176
     1
 66
   257
176
     1
 43
1.0
176
     1
 76
     1
176
     1
 77
     6
176
     1
 78
     2
176
     1
 67
     8
425
  7895160
176
     1
 79
     3
176
     1
170
     0
176
     1
171
     0
176
     1
290
     0
176
     1
 93
        5
176
     1
 44
0.0
176
     1
173
     0
176
     1
  0
VISUALSTYLE
  5
41
102
{ACAD_REACTORS
330
2A
102
}
102
{ACAD_XDICTIONARY
360
2D7
102
}
330
2A
100
AcDbVisualStyle
  2
Shaded with edges
 70
    26
177
     2
291
     0
 71
     2
176
     1
 72
     2
176
     1
 73
     1
176
     1
 90
        2
176
     1
 40
0.6
176
     1
 41
30.0
176
     1
 62
     5
 63
     7
421
 16777215
176
     1
 74
     1
176
     1
 91
       10
176
     1
 64
     7
176
     1
 65
   257
176
     1
 75
     2
176
     1
175
     1
176
     1
 42
1.0
176
     1
 92
        8
176
     1
 66
   257
176
     1
 43
1.0
176
     1
 76
     1
176
     1
 77
     6
176
     1
 78
     2
176
     1
 67
     7
176
     1
 79
     3
176
     1
170
     0
176
     1
171
     0
176
     1
290
     0
176
     1
 93
        5
176
     1
 44
0.0
176
     1
173
     0
176
     1
  0
VISUALSTYLE
  5
3E
102
{ACAD_REACTORS
330
2A
102
}
102
{ACAD_XDICTIONARY
360
2D1
102
}
330
2A
100
AcDbVisualStyle
  2
Shades of Gray
 70
    23
177
     2
291
     0
 71
     2
176
     1
 72
     2
176
     1
 73
     3
176
     1
 90
        0
176
     1
 40
0.6
176
     1
 41
30.0
176
     1
 62
     5
 63
     7
421
 16777215
176
     1
 74
     2
176
     1
 91
        2
176
     1
 64
     7
176
     1
 65
     7
176
     1
 75
     1
176
     1
175
     1
176
     1
 42
40.0
176
     1
 92
        8
176
     1
 66
     7
176
     1
 43
1.0
176
     1
 76
     1
176
     1
 77
     6
176
     1
 78
     2
176
     1
 67
     7
176
     1
 79
     3
176
     1
170
     0
176
     1
171
     0
176
     1
290
     0
176
     1
 93
        1
176
     1
 44
0.0
176
     1
173
     0
176
     1
  0
VISUALSTYLE
  5
3F
102
{ACAD_REACTORS
330
2A
102
}
102
{ACAD_XDICTIONARY
360
2D3
102
}
330
2A
100
AcDbVisualStyle
  2
Sketchy
 70
    24
177
     2
291
     0
 71
     1
176
     1
 72
     2
176
     1
 73
     2
176
     1
 90
        0
176
     1
 40
0.6
176
     1
 41
30.0
176
     1
 62
     5
 63
     7
421
 16777215
176
     1
 74
     2
176
     1
 91
        2
176
     1
 64
     7
176
     1
 65
     7
176
     1
 75
     1
176
     1
175
     1
176
     1
 42
40.0
176
     1
 92
       11
176
     1
 66
     7
176
     1
 43
1.0
176
     1
 76
     1
176
     1
 77
     6
176
     1
 78
     2
176
     1
 67
     7
176
     1
 79
     6
176
     1
170
     0
176
     1
171
     0
176
     1
290
     0
176
     1
 93
        1
176
     1
 44
0.0
176
     1
173
     0
176
     1
  0
VISUALSTYLE
  5
37
102
{ACAD_REACTORS
330
2A
102
}
102
{ACAD_XDICTIONARY
360
2C3
102
}
330
2A
100
AcDbVisualStyle
  2
Thicken
 70
    13
177
     2
291
     1
 71
     2
176
     1
 72
     2
176
     1
 73
     0
176
     1
 90
        0
176
     1
 40
0.6
176
     1
 41
30.0
176
     1
 62
     5
 63
     7
421
 16777215
176
     1
 74
     1
176
     1
 91
        4
176
     1
 64
     7
176
     1
 65
   257
176
     1
 75
     1
176
     1
175
     1
176
     1
 42
1.0
176
     1
 92
       12
176
     1
 66
     7
176
     1
 43
1.0
176
     1
 76
     1
176
     1
 77
     6
176
     1
 78
     2
176
     1
 67
     7
176
     1
 79
     5
176
     1
170
     0
176
     1
171
     0
176
     1
290
     0
176
     1
 93
        1
176
     1
 44
0.0
176
     1
173
     0
176
     1
  0
VISUALSTYLE
  5
30
102
{ACAD_REACTORS
330
2A
102
}
102
{ACAD_XDICTIONARY
360
2B5
102
}
330
2A
100
AcDbVisualStyle
  2
Wireframe
 70
     5
177
     2
291
     0
 71
     0
176
     1
 72
     2
176
     1
 73
     0
176
     1
 90
        0
176
     1
 40
0.6
176
     1
 41
30.0
176
     1
 62
     5
 63
     7
421
 16777215
176
     1
 74
     1
176
     1
 91
        4
176
     1
 64
     7
176
     1
 65
   257
176
     1
 75
     1
176
     1
175
     1
176
     1
 42
1.0
176
     1
 92
        0
176
     1
 66
   257
176
     1
 43
1.0
176
     1
 76
     1
176
     1
 77
     6
176
     1
 78
     2
176
     1
 67
     7
176
     1
 79
     3
176
     1
170
     0
176
     1
171
     0
176
     1
290
     0
176
     1
 93
        1
176
     1
 44
0.0
176
     1
173
     0
176
     1
  0
VISUALSTYLE
  5
40
102
{ACAD_REACTORS
330
2A
102
}
102
{ACAD_XDICTIONARY
360
2D5
102
}
330
2A
100
AcDbVisualStyle
  2
X-Ray
 70
    25
177
     2
291
     0
 71
     2
176
     1
 72
     2
176
     1
 73
     1
176
     1
 90
        1
176
     1
 40
0.5
176
     1
 41
30.0
176
     1
 62
     5
 63
     7
421
 16777215
176
     1
 74
     1
176
     1
 91
        0
176
     1
 64
     7
176
     1
 65
   257
176
     1
 75
     1
176
     1
175
     1
176
     1
 42
1.0
176
     1
 92
        8
176
     1
 66
     7
176
     1
 43
1.0
176
     1
 76
     1
176
     1
 77
     6
176
     1
 78
     2
176
     1
 67
     7
176
     1
 79
     3
176
     1
170
     0
176
     1
171
     0
176
     1
290
     0
176
     1
 93
       13
176
     1
 44
0.0
176
     1
173
     0
176
     1
  0
DICTIONARYVAR
  5
2AA
102
{ACAD_REACTORS
330
2A9
102
}
330
2A9
100
DictionaryVariables
280
     0
  1
1:1
  0
DICTIONARYVAR
  5
2E2
102
{ACAD_REACTORS
330
2A9
102
}
330
2A9
100
DictionaryVariables
280
     0
  1
3.500000
  0
DICTIONARYVAR
  5
2E3
102
{ACAD_REACTORS
330
2A9
102
}
330
2A9
100
DictionaryVariables
280
     0
  1
acadiso.lin
  0
DICTIONARYVAR
  5
2DF
102
{ACAD_REACTORS
330
2A9
102
}
330
2A9
100
DictionaryVariables
280
     0
  1
Standard
  0
DICTIONARYVAR
  5
2DE
102
{ACAD_REACTORS
330
2A9
102
}
330
2A9
100
DictionaryVariables
280
     0
  1
Standard
  0
DICTIONARY
  5
2DB
330
5A
100
AcDbDictionary
280
     1
281
     1
  3
ACAD_ROUNDTRIP_2008_TABLESTYLE_CELLSTYLEMAP
360
2DC
  0
DICTIONARY
  5
2B3
330
2F
100
AcDbDictionary
280
     1
281
     1
  3
ACAD_XREC_ROUNDTRIP
360
2B4
  0
DICTIONARY
  5
2B9
330
32
100
AcDbDictionary
280
     1
281
     1
  3
ACAD_XREC_ROUNDTRIP
360
2BA
  0
DICTIONARY
  5
2C1
330
36
100
AcDbDictionary
280
     1
281
     1
  3
ACAD_XREC_ROUNDTRIP
360
2C2
  0
DICTIONARY
  5
2C9
330
3A
100
AcDbDictionary
280
     1
281
     1
  3
ACAD_XREC_ROUNDTRIP
360
2CA
  0
DICTIONARY
  5
2BD
330
34
100
AcDbDictionary
280
     1
281
     1
  3
ACAD_XREC_ROUNDTRIP
360
2BE
  0
DICTIONARY
  5
2BF
330
35
100
AcDbDictionary
280
     1
281
     1
  3
ACAD_XREC_ROUNDTRIP
360
2C0
  0
DICTIONARY
  5
2CF
330
3D
100
AcDbDictionary
280
     1
281
     1
  3
ACAD_XREC_ROUNDTRIP
360
2D0
  0
DICTIONARY
  5
2C7
330
39
100
AcDbDictionary
280
     1
281
     1
  3
ACAD_XREC_ROUNDTRIP
360
2C8
  0
DICTIONARY
  5
2AB
330
2B
100
AcDbDictionary
280
     1
281
     1
  3
ACAD_XREC_ROUNDTRIP
360
2AC
  0
DICTIONARY
  5
2AD
330
2C
100
AcDbDictionary
280
     1
281
     1
  3
ACAD_XREC_ROUNDTRIP
360
2AE
  0
DICTIONARY
  5
2AF
330
2D
100
AcDbDictionary
280
     1
281
     1
  3
ACAD_XREC_ROUNDTRIP
360
2B0
  0
DICTIONARY
  5
2B1
330
2E
100
AcDbDictionary
280
     1
281
     1
  3
ACAD_XREC_ROUNDTRIP
360
2B2
  0
DICTIONARY
  5
2B7
330
31
100
AcDbDictionary
280
     1
281
     1
  3
ACAD_XREC_ROUNDTRIP
360
2B8
  0
DICTIONARY
  5
2CB
330
3B
100
AcDbDictionary
280
     1
281
     1
  3
ACAD_XREC_ROUNDTRIP
360
2CC
  0
DICTIONARY
  5
2C5
330
38
100
AcDbDictionary
280
     1
281
     1
  3
ACAD_XREC_ROUNDTRIP
360
2C6
  0
DICTIONARY
  5
2CD
330
3C
100
AcDbDictionary
280
     1
281
     1
  3
ACAD_XREC_ROUNDTRIP
360
2CE
  0
DICTIONARY
  5
2BB
330
33
100
AcDbDictionary
280
     1
281
     1
  3
ACAD_XREC_ROUNDTRIP
360
2BC
  0
DICTIONARY
  5
2D9
330
42
100
AcDbDictionary
280
     1
281
     1
  3
ACAD_XREC_ROUNDTRIP
360
2DA
  0
DICTIONARY
  5
2D7
330
41
100
AcDbDictionary
280
     1
281
     1
  3
ACAD_XREC_ROUNDTRIP
360
2D8
  0
DICTIONARY
  5
2D1
330
3E
100
AcDbDictionary
280
     1
281
     1
  3
ACAD_XREC_ROUNDTRIP
360
2D2
  0
DICTIONARY
  5
2D3
330
3F
100
AcDbDictionary
280
     1
281
     1
  3
ACAD_XREC_ROUNDTRIP
360
2D4
  0
DICTIONARY
  5
2C3
330
37
100
AcDbDictionary
280
     1
281
     1
  3
ACAD_XREC_ROUNDTRIP
360
2C4
  0
DICTIONARY
  5
2B5
330
30
100
AcDbDictionary
280
     1
281
     1
  3
ACAD_XREC_ROUNDTRIP
360
2B6
  0
DICTIONARY
  5
2D5
330
40
100
AcDbDictionary
280
     1
281
     1
  3
ACAD_XREC_ROUNDTRIP
360
2D6
  0
CELLSTYLEMAP
  5
2DC
102
{ACAD_REACTORS
330
2DB
102
}
330
2DB
100
AcDbCellStyleMap
 90
        3
300
CELLSTYLE
  1
TABLEFORMAT_BEGIN
 90
        5
170
     1
 91
        0
 92
    32768
 62
   257
 93
        1
300
CONTENTFORMAT
  1
CONTENTFORMAT_BEGIN
 90
        0
 91
        0
 92
        4
 93
        0
300

 40
0.0
140
1.0
 94
        5
 62
     0
340
11
144
6.0
309
CONTENTFORMAT_END
171
     1
301
MARGIN
  1
CELLMARGIN_BEGIN
 40
1.5
 40
1.5
 40
1.5
 40
1.5
 40
1.5
 40
1.5
309
CELLMARGIN_END
 94
        6
 95
        1
302
GRIDFORMAT
  1
GRIDFORMAT_BEGIN
 90
        0
 91
        1
 62
     0
 92
       -2
340
14
 93
        0
 40
0.045
309
GRIDFORMAT_END
 95
        2
302
GRIDFORMAT
  1
GRIDFORMAT_BEGIN
 90
        0
 91
        1
 62
     0
 92
       -2
340
14
 93
        0
 40
0.045
309
GRIDFORMAT_END
 95
        4
302
GRIDFORMAT
  1
GRIDFORMAT_BEGIN
 90
        0
 91
        1
 62
     0
 92
       -2
340
14
 93
        0
 40
0.045
309
GRIDFORMAT_END
 95
        8
302
GRIDFORMAT
  1
GRIDFORMAT_BEGIN
 90
        0
 91
        1
 62
     0
 92
       -2
340
14
 93
        0
 40
0.045
309
GRIDFORMAT_END
 95
       16
302
GRIDFORMAT
  1
GRIDFORMAT_BEGIN
 90
        0
 91
        1
 62
     0
 92
       -2
340
14
 93
        0
 40
0.045
309
GRIDFORMAT_END
 95
       32
302
GRIDFORMAT
  1
GRIDFORMAT_BEGIN
 90
        0
 91
        1
 62
     0
 92
       -2
340
14
 93
        0
 40
0.045
309
GRIDFORMAT_END
309
TABLEFORMAT_END
  1
CELLSTYLE_BEGIN
 90
        1
 91
        1
300
_TITLE
309
CELLSTYLE_END
300
CELLSTYLE
  1
TABLEFORMAT_BEGIN
 90
        5
170
     1
 91
        0
 92
        0
 62
   257
 93
        1
300
CONTENTFORMAT
  1
CONTENTFORMAT_BEGIN
 90
        0
 91
        0
 92
        4
 93
        0
300

 40
0.0
140
1.0
 94
        5
 62
     0
340
11
144
4.5
309
CONTENTFORMAT_END
171
     1
301
MARGIN
  1
CELLMARGIN_BEGIN
 40
1.5
 40
1.5
 40
1.5
 40
1.5
 40
1.5
 40
1.5
309
CELLMARGIN_END
 94
        6
 95
        1
302
GRIDFORMAT
  1
GRIDFORMAT_BEGIN
 90
        0
 91
        1
 62
     0
 92
       -2
340
14
 93
        0
 40
0.045
309
GRIDFORMAT_END
 95
        2
302
GRIDFORMAT
  1
GRIDFORMAT_BEGIN
 90
        0
 91
        1
 62
     0
 92
       -2
340
14
 93
        0
 40
0.045
309
GRIDFORMAT_END
 95
        4
302
GRIDFORMAT
  1
GRIDFORMAT_BEGIN
 90
        0
 91
        1
 62
     0
 92
       -2
340
14
 93
        0
 40
0.045
309
GRIDFORMAT_END
 95
        8
302
GRIDFORMAT
  1
GRIDFORMAT_BEGIN
 90
        0
 91
        1
 62
     0
 92
       -2
340
14
 93
        0
 40
0.045
309
GRIDFORMAT_END
 95
       16
302
GRIDFORMAT
  1
GRIDFORMAT_BEGIN
 90
        0
 91
        1
 62
     0
 92
       -2
340
14
 93
        0
 40
0.045
309
GRIDFORMAT_END
 95
       32
302
GRIDFORMAT
  1
GRIDFORMAT_BEGIN
 90
        0
 91
        1
 62
     0
 92
       -2
340
14
 93
        0
 40
0.045
309
GRIDFORMAT_END
309
TABLEFORMAT_END
  1
CELLSTYLE_BEGIN
 90
        2
 91
        1
300
_HEADER
309
CELLSTYLE_END
300
CELLSTYLE
  1
TABLEFORMAT_BEGIN
 90
        5
170
     1
 91
        0
 92
        0
 62
   257
 93
        1
300
CONTENTFORMAT
  1
CONTENTFORMAT_BEGIN
 90
        0
 91
        0
 92
        4
 93
        0
300

 40
0.0
140
1.0
 94
        2
 62
     0
340
11
144
4.5
309
CONTENTFORMAT_END
171
     1
301
MARGIN
  1
CELLMARGIN_BEGIN
 40
1.5
 40
1.5
 40
1.5
 40
1.5
 40
1.5
 40
1.5
309
CELLMARGIN_END
 94
        6
 95
        1
302
GRIDFORMAT
  1
GRIDFORMAT_BEGIN
 90
        0
 91
        1
 62
     0
 92
       -2
340
14
 93
        0
 40
0.045
309
GRIDFORMAT_END
 95
        2
302
GRIDFORMAT
  1
GRIDFORMAT_BEGIN
 90
        0
 91
        1
 62
     0
 92
       -2
340
14
 93
        0
 40
0.045
309
GRIDFORMAT_END
 95
        4
302
GRIDFORMAT
  1
GRIDFORMAT_BEGIN
 90
        0
 91
        1
 62
     0
 92
       -2
340
14
 93
        0
 40
0.045
309
GRIDFORMAT_END
 95
        8
302
GRIDFORMAT
  1
GRIDFORMAT_BEGIN
 90
        0
 91
        1
 62
     0
 92
       -2
340
14
 93
        0
 40
0.045
309
GRIDFORMAT_END
 95
       16
302
GRIDFORMAT
  1
GRIDFORMAT_BEGIN
 90
        0
 91
        1
 62
     0
 92
       -2
340
14
 93
        0
 40
0.045
309
GRIDFORMAT_END
 95
       32
302
GRIDFORMAT
  1
GRIDFORMAT_BEGIN
 90
        0
 91
        1
 62
     0
 92
       -2
340
14
 93
        0
 40
0.045
309
GRIDFORMAT_END
309
TABLEFORMAT_END
  1
CELLSTYLE_BEGIN
 90
        3
 91
        2
300
_DATA
309
CELLSTYLE_END
  0
XRECORD
  5
2B4
102
{ACAD_REACTORS
330
2B3
102
}
330
2B3
100
AcDbXrecord
280
     1
102
RTVSPost2010Prop28
280
     1
102
RTVSPost2010PropOp28
 70
     1
102
RTVSPost2010Prop29
280
     1
102
RTVSPost2010PropOp29
 70
     1
102
RTVSPost2010Prop30
280
     0
102
RTVSPost2010PropOp30
 70
     1
102
RTVSPost2010Prop31
280
     0
102
RTVSPost2010PropOp31
 70
     1
102
RTVSPost2010Prop32
280
     0
102
RTVSPost2010PropOp32
 70
     1
102
RTVSPost2010Prop33
280
     0
102
RTVSPost2010PropOp33
 70
     1
102
RTVSPost2010Prop34
280
     0
102
RTVSPost2010PropOp34
 70
     1
102
RTVSPost2010Prop35
280
     0
102
RTVSPost2010PropOp35
 70
     1
102
RTVSPost2010Prop36
280
     0
102
RTVSPost2010PropOp36
 70
     1
102
RTVSPost2010Prop37
 90
       50
102
RTVSPost2010PropOp37
 70
     1
102
RTVSPost2010Prop38
140
0.0
102
RTVSPost2010PropOp38
 70
     1
102
RTVSPost2010Prop39
140
1.0
102
RTVSPost2010PropOp39
 70
     1
102
RTVSPost2010Prop40
 90
        0
102
RTVSPost2010PropOp40
 70
     1
102
RTVSPost2010Prop41ColorIndex
 90
       18
102
RTVSPost2010Prop41ColorRGB
 90
        0
102
RTVSPost2010PropOp41
 70
     1
102
RTVSPost2010Prop42
 90
       50
102
RTVSPost2010PropOp42
 70
     1
102
RTVSPost2010Prop43
 90
        3
102
RTVSPost2010PropOp43
 70
     1
102
RTVSPost2010Prop44ColorIndex
 90
        5
102
RTVSPost2010Prop44ColorRGB
 90
      255
102
RTVSPost2010PropOp44
 70
     1
102
RTVSPost2010Prop45
280
     0
102
RTVSPost2010PropOp45
 70
     1
102
RTVSPost2010Prop46
 90
       50
102
RTVSPost2010PropOp46
 70
     1
102
RTVSPost2010Prop47
 90
       50
102
RTVSPost2010PropOp47
 70
     1
102
RTVSPost2010Prop48
 90
       50
102
RTVSPost2010PropOp48
 70
     1
102
RTVSPost2010Prop49
280
     0
102
RTVSPost2010PropOp49
 70
     1
102
RTVSPost2010Prop50
 90
       50
102
RTVSPost2010PropOp50
 70
     1
102
RTVSPost2010Prop51ColorIndex
 90
      256
102
RTVSPost2010Prop51ColorRGB
 90
-16777216
102
RTVSPost2010PropOp51
 70
     0
102
RTVSPost2010Prop52
140
1.0
102
RTVSPost2010PropOp52
 70
     0
102
RTVSPost2010Prop53
 90
        2
102
RTVSPost2010PropOp53
 70
     1
102
RTVSPost2010Prop54
  1
strokes_ogs.tif
102
RTVSPost2010PropOp54
 70
     1
102
RTVSPost2010Prop55
280
     0
102
RTVSPost2010PropOp55
 70
     1
102
RTVSPost2010Prop56
140
1.0
102
RTVSPost2010PropOp56
 70
     1
102
RTVSPost2010Prop57
140
1.0
102
RTVSPost2010PropOp57
 70
     1
  0
XRECORD
  5
2BA
102
{ACAD_REACTORS
330
2B9
102
}
330
2B9
100
AcDbXrecord
280
     1
102
RTVSPost2010Prop28
280
     0
102
RTVSPost2010PropOp28
 70
     1
102
RTVSPost2010Prop29
280
     1
102
RTVSPost2010PropOp29
 70
     1
102
RTVSPost2010Prop30
280
     1
102
RTVSPost2010PropOp30
 70
     1
102
RTVSPost2010Prop31
280
     0
102
RTVSPost2010PropOp31
 70
     1
102
RTVSPost2010Prop32
280
     0
102
RTVSPost2010PropOp32
 70
     1
102
RTVSPost2010Prop33
280
     0
102
RTVSPost2010PropOp33
 70
     1
102
RTVSPost2010Prop34
280
     0
102
RTVSPost2010PropOp34
 70
     1
102
RTVSPost2010Prop35
280
     0
102
RTVSPost2010PropOp35
 70
     1
102
RTVSPost2010Prop36
280
     0
102
RTVSPost2010PropOp36
 70
     1
102
RTVSPost2010Prop37
 90
       50
102
RTVSPost2010PropOp37
 70
     1
102
RTVSPost2010Prop38
140
0.0
102
RTVSPost2010PropOp38
 70
     1
102
RTVSPost2010Prop39
140
1.0
102
RTVSPost2010PropOp39
 70
     1
102
RTVSPost2010Prop40
 90
        0
102
RTVSPost2010PropOp40
 70
     1
102
RTVSPost2010Prop41ColorIndex
 90
       18
102
RTVSPost2010Prop41ColorRGB
 90
        0
102
RTVSPost2010PropOp41
 70
     1
102
RTVSPost2010Prop42
 90
       50
102
RTVSPost2010PropOp42
 70
     1
102
RTVSPost2010Prop43
 90
        3
102
RTVSPost2010PropOp43
 70
     1
102
RTVSPost2010Prop44ColorIndex
 90
        5
102
RTVSPost2010Prop44ColorRGB
 90
      255
102
RTVSPost2010PropOp44
 70
     1
102
RTVSPost2010Prop45
280
     0
102
RTVSPost2010PropOp45
 70
     1
102
RTVSPost2010Prop46
 90
       50
102
RTVSPost2010PropOp46
 70
     1
102
RTVSPost2010Prop47
 90
       50
102
RTVSPost2010PropOp47
 70
     1
102
RTVSPost2010Prop48
 90
       50
102
RTVSPost2010PropOp48
 70
     1
102
RTVSPost2010Prop49
280
     0
102
RTVSPost2010PropOp49
 70
     1
102
RTVSPost2010Prop50
 90
       50
102
RTVSPost2010PropOp50
 70
     1
102
RTVSPost2010Prop51ColorIndex
 90
      256
102
RTVSPost2010Prop51ColorRGB
 90
-16777216
102
RTVSPost2010PropOp51
 70
     0
102
RTVSPost2010Prop52
140
1.0
102
RTVSPost2010PropOp52
 70
     0
102
RTVSPost2010Prop53
 90
        2
102
RTVSPost2010PropOp53
 70
     1
102
RTVSPost2010Prop54
  1
strokes_ogs.tif
102
RTVSPost2010PropOp54
 70
     1
102
RTVSPost2010Prop55
280
     0
102
RTVSPost2010PropOp55
 70
     1
102
RTVSPost2010Prop56
140
1.0
102
RTVSPost2010PropOp56
 70
     1
102
RTVSPost2010Prop57
140
1.0
102
RTVSPost2010PropOp57
 70
     1
  0
XRECORD
  5
2C2
102
{ACAD_REACTORS
330
2C1
102
}
330
2C1
100
AcDbXrecord
280
     1
102
RTVSPost2010Prop28
280
     0
102
RTVSPost2010PropOp28
 70
     1
102
RTVSPost2010Prop29
280
     1
102
RTVSPost2010PropOp29
 70
     1
102
RTVSPost2010Prop30
280
     1
102
RTVSPost2010PropOp30
 70
     1
102
RTVSPost2010Prop31
280
     0
102
RTVSPost2010PropOp31
 70
     1
102
RTVSPost2010Prop32
280
     0
102
RTVSPost2010PropOp32
 70
     1
102
RTVSPost2010Prop33
280
     0
102
RTVSPost2010PropOp33
 70
     1
102
RTVSPost2010Prop34
280
     0
102
RTVSPost2010PropOp34
 70
     1
102
RTVSPost2010Prop35
280
     0
102
RTVSPost2010PropOp35
 70
     1
102
RTVSPost2010Prop36
280
     0
102
RTVSPost2010PropOp36
 70
     1
102
RTVSPost2010Prop37
 90
       50
102
RTVSPost2010PropOp37
 70
     1
102
RTVSPost2010Prop38
140
0.0
102
RTVSPost2010PropOp38
 70
     1
102
RTVSPost2010Prop39
140
1.0
102
RTVSPost2010PropOp39
 70
     1
102
RTVSPost2010Prop40
 90
        0
102
RTVSPost2010PropOp40
 70
     1
102
RTVSPost2010Prop41ColorIndex
 90
       18
102
RTVSPost2010Prop41ColorRGB
 90
        0
102
RTVSPost2010PropOp41
 70
     1
102
RTVSPost2010Prop42
 90
       50
102
RTVSPost2010PropOp42
 70
     1
102
RTVSPost2010Prop43
 90
        3
102
RTVSPost2010PropOp43
 70
     1
102
RTVSPost2010Prop44ColorIndex
 90
        5
102
RTVSPost2010Prop44ColorRGB
 90
      255
102
RTVSPost2010PropOp44
 70
     1
102
RTVSPost2010Prop45
280
     0
102
RTVSPost2010PropOp45
 70
     1
102
RTVSPost2010Prop46
 90
       50
102
RTVSPost2010PropOp46
 70
     1
102
RTVSPost2010Prop47
 90
       50
102
RTVSPost2010PropOp47
 70
     1
102
RTVSPost2010Prop48
 90
       50
102
RTVSPost2010PropOp48
 70
     1
102
RTVSPost2010Prop49
280
     0
102
RTVSPost2010PropOp49
 70
     1
102
RTVSPost2010Prop50
 90
       50
102
RTVSPost2010PropOp50
 70
     1
102
RTVSPost2010Prop51ColorIndex
 90
      256
102
RTVSPost2010Prop51ColorRGB
 90
-16777216
102
RTVSPost2010PropOp51
 70
     0
102
RTVSPost2010Prop52
140
1.0
102
RTVSPost2010PropOp52
 70
     0
102
RTVSPost2010Prop53
 90
        2
102
RTVSPost2010PropOp53
 70
     1
102
RTVSPost2010Prop54
  1
strokes_ogs.tif
102
RTVSPost2010PropOp54
 70
     1
102
RTVSPost2010Prop55
280
     0
102
RTVSPost2010PropOp55
 70
     1
102
RTVSPost2010Prop56
140
1.0
102
RTVSPost2010PropOp56
 70
     1
102
RTVSPost2010Prop57
140
1.0
102
RTVSPost2010PropOp57
 70
     1
  0
XRECORD
  5
2CA
102
{ACAD_REACTORS
330
2C9
102
}
330
2C9
100
AcDbXrecord
280
     1
102
RTVSPost2010Prop28
280
     0
102
RTVSPost2010PropOp28
 70
     1
102
RTVSPost2010Prop29
280
     1
102
RTVSPost2010PropOp29
 70
     1
102
RTVSPost2010Prop30
280
     1
102
RTVSPost2010PropOp30
 70
     1
102
RTVSPost2010Prop31
280
     0
102
RTVSPost2010PropOp31
 70
     1
102
RTVSPost2010Prop32
280
     0
102
RTVSPost2010PropOp32
 70
     1
102
RTVSPost2010Prop33
280
     0
102
RTVSPost2010PropOp33
 70
     1
102
RTVSPost2010Prop34
280
     0
102
RTVSPost2010PropOp34
 70
     1
102
RTVSPost2010Prop35
280
     0
102
RTVSPost2010PropOp35
 70
     1
102
RTVSPost2010Prop36
280
     0
102
RTVSPost2010PropOp36
 70
     1
102
RTVSPost2010Prop37
 90
       50
102
RTVSPost2010PropOp37
 70
     1
102
RTVSPost2010Prop38
140
0.0
102
RTVSPost2010PropOp38
 70
     1
102
RTVSPost2010Prop39
140
1.0
102
RTVSPost2010PropOp39
 70
     1
102
RTVSPost2010Prop40
 90
        0
102
RTVSPost2010PropOp40
 70
     1
102
RTVSPost2010Prop41ColorIndex
 90
       18
102
RTVSPost2010Prop41ColorRGB
 90
        0
102
RTVSPost2010PropOp41
 70
     1
102
RTVSPost2010Prop42
 90
       50
102
RTVSPost2010PropOp42
 70
     1
102
RTVSPost2010Prop43
 90
        3
102
RTVSPost2010PropOp43
 70
     1
102
RTVSPost2010Prop44ColorIndex
 90
        5
102
RTVSPost2010Prop44ColorRGB
 90
      255
102
RTVSPost2010PropOp44
 70
     1
102
RTVSPost2010Prop45
280
     0
102
RTVSPost2010PropOp45
 70
     1
102
RTVSPost2010Prop46
 90
       50
102
RTVSPost2010PropOp46
 70
     1
102
RTVSPost2010Prop47
 90
       50
102
RTVSPost2010PropOp47
 70
     1
102
RTVSPost2010Prop48
 90
       50
102
RTVSPost2010PropOp48
 70
     1
102
RTVSPost2010Prop49
280
     0
102
RTVSPost2010PropOp49
 70
     1
102
RTVSPost2010Prop50
 90
       50
102
RTVSPost2010PropOp50
 70
     1
102
RTVSPost2010Prop51ColorIndex
 90
      256
102
RTVSPost2010Prop51ColorRGB
 90
-16777216
102
RTVSPost2010PropOp51
 70
     0
102
RTVSPost2010Prop52
140
1.0
102
RTVSPost2010PropOp52
 70
     0
102
RTVSPost2010Prop53
 90
        2
102
RTVSPost2010PropOp53
 70
     1
102
RTVSPost2010Prop54
  1
strokes_ogs.tif
102
RTVSPost2010PropOp54
 70
     1
102
RTVSPost2010Prop55
280
     0
102
RTVSPost2010PropOp55
 70
     1
102
RTVSPost2010Prop56
140
1.0
102
RTVSPost2010PropOp56
 70
     1
102
RTVSPost2010Prop57
140
1.0
102
RTVSPost2010PropOp57
 70
     1
  0
XRECORD
  5
2BE
102
{ACAD_REACTORS
330
2BD
102
}
330
2BD
100
AcDbXrecord
280
     1
102
RTVSPost2010Prop28
280
     0
102
RTVSPost2010PropOp28
 70
     1
102
RTVSPost2010Prop29
280
     1
102
RTVSPost2010PropOp29
 70
     1
102
RTVSPost2010Prop30
280
     1
102
RTVSPost2010PropOp30
 70
     1
102
RTVSPost2010Prop31
280
     0
102
RTVSPost2010PropOp31
 70
     1
102
RTVSPost2010Prop32
280
     0
102
RTVSPost2010PropOp32
 70
     1
102
RTVSPost2010Prop33
280
     0
102
RTVSPost2010PropOp33
 70
     1
102
RTVSPost2010Prop34
280
     0
102
RTVSPost2010PropOp34
 70
     1
102
RTVSPost2010Prop35
280
     0
102
RTVSPost2010PropOp35
 70
     1
102
RTVSPost2010Prop36
280
     0
102
RTVSPost2010PropOp36
 70
     1
102
RTVSPost2010Prop37
 90
       50
102
RTVSPost2010PropOp37
 70
     1
102
RTVSPost2010Prop38
140
0.0
102
RTVSPost2010PropOp38
 70
     1
102
RTVSPost2010Prop39
140
1.0
102
RTVSPost2010PropOp39
 70
     1
102
RTVSPost2010Prop40
 90
        0
102
RTVSPost2010PropOp40
 70
     1
102
RTVSPost2010Prop41ColorIndex
 90
       18
102
RTVSPost2010Prop41ColorRGB
 90
        0
102
RTVSPost2010PropOp41
 70
     1
102
RTVSPost2010Prop42
 90
       50
102
RTVSPost2010PropOp42
 70
     1
102
RTVSPost2010Prop43
 90
        3
102
RTVSPost2010PropOp43
 70
     1
102
RTVSPost2010Prop44ColorIndex
 90
        5
102
RTVSPost2010Prop44ColorRGB
 90
      255
102
RTVSPost2010PropOp44
 70
     1
102
RTVSPost2010Prop45
280
     0
102
RTVSPost2010PropOp45
 70
     1
102
RTVSPost2010Prop46
 90
       50
102
RTVSPost2010PropOp46
 70
     1
102
RTVSPost2010Prop47
 90
       50
102
RTVSPost2010PropOp47
 70
     1
102
RTVSPost2010Prop48
 90
       50
102
RTVSPost2010PropOp48
 70
     1
102
RTVSPost2010Prop49
280
     0
102
RTVSPost2010PropOp49
 70
     1
102
RTVSPost2010Prop50
 90
       50
102
RTVSPost2010PropOp50
 70
     1
102
RTVSPost2010Prop51ColorIndex
 90
      256
102
RTVSPost2010Prop51ColorRGB
 90
-16777216
102
RTVSPost2010PropOp51
 70
     0
102
RTVSPost2010Prop52
140
1.0
102
RTVSPost2010PropOp52
 70
     0
102
RTVSPost2010Prop53
 90
        2
102
RTVSPost2010PropOp53
 70
     1
102
RTVSPost2010Prop54
  1
strokes_ogs.tif
102
RTVSPost2010PropOp54
 70
     1
102
RTVSPost2010Prop55
280
     0
102
RTVSPost2010PropOp55
 70
     1
102
RTVSPost2010Prop56
140
1.0
102
RTVSPost2010PropOp56
 70
     1
102
RTVSPost2010Prop57
140
1.0
102
RTVSPost2010PropOp57
 70
     1
  0
XRECORD
  5
2C0
102
{ACAD_REACTORS
330
2BF
102
}
330
2BF
100
AcDbXrecord
280
     1
102
RTVSPost2010Prop28
280
     0
102
RTVSPost2010PropOp28
 70
     1
102
RTVSPost2010Prop29
280
     1
102
RTVSPost2010PropOp29
 70
     1
102
RTVSPost2010Prop30
280
     1
102
RTVSPost2010PropOp30
 70
     1
102
RTVSPost2010Prop31
280
     0
102
RTVSPost2010PropOp31
 70
     1
102
RTVSPost2010Prop32
280
     0
102
RTVSPost2010PropOp32
 70
     1
102
RTVSPost2010Prop33
280
     0
102
RTVSPost2010PropOp33
 70
     1
102
RTVSPost2010Prop34
280
     0
102
RTVSPost2010PropOp34
 70
     1
102
RTVSPost2010Prop35
280
     0
102
RTVSPost2010PropOp35
 70
     1
102
RTVSPost2010Prop36
280
     0
102
RTVSPost2010PropOp36
 70
     1
102
RTVSPost2010Prop37
 90
       50
102
RTVSPost2010PropOp37
 70
     1
102
RTVSPost2010Prop38
140
0.0
102
RTVSPost2010PropOp38
 70
     1
102
RTVSPost2010Prop39
140
1.0
102
RTVSPost2010PropOp39
 70
     1
102
RTVSPost2010Prop40
 90
        0
102
RTVSPost2010PropOp40
 70
     1
102
RTVSPost2010Prop41ColorIndex
 90
       18
102
RTVSPost2010Prop41ColorRGB
 90
        0
102
RTVSPost2010PropOp41
 70
     1
102
RTVSPost2010Prop42
 90
       50
102
RTVSPost2010PropOp42
 70
     1
102
RTVSPost2010Prop43
 90
        3
102
RTVSPost2010PropOp43
 70
     1
102
RTVSPost2010Prop44ColorIndex
 90
        5
102
RTVSPost2010Prop44ColorRGB
 90
      255
102
RTVSPost2010PropOp44
 70
     1
102
RTVSPost2010Prop45
280
     0
102
RTVSPost2010PropOp45
 70
     1
102
RTVSPost2010Prop46
 90
       50
102
RTVSPost2010PropOp46
 70
     1
102
RTVSPost2010Prop47
 90
       50
102
RTVSPost2010PropOp47
 70
     1
102
RTVSPost2010Prop48
 90
       50
102
RTVSPost2010PropOp48
 70
     1
102
RTVSPost2010Prop49
280
     0
102
RTVSPost2010PropOp49
 70
     1
102
RTVSPost2010Prop50
 90
       50
102
RTVSPost2010PropOp50
 70
     1
102
RTVSPost2010Prop51ColorIndex
 90
      256
102
RTVSPost2010Prop51ColorRGB
 90
-16777216
102
RTVSPost2010PropOp51
 70
     0
102
RTVSPost2010Prop52
140
1.0
102
RTVSPost2010PropOp52
 70
     0
102
RTVSPost2010Prop53
 90
        2
102
RTVSPost2010PropOp53
 70
     1
102
RTVSPost2010Prop54
  1
strokes_ogs.tif
102
RTVSPost2010PropOp54
 70
     1
102
RTVSPost2010Prop55
280
     0
102
RTVSPost2010PropOp55
 70
     1
102
RTVSPost2010Prop56
140
1.0
102
RTVSPost2010PropOp56
 70
     1
102
RTVSPost2010Prop57
140
1.0
102
RTVSPost2010PropOp57
 70
     1
  0
XRECORD
  5
2D0
102
{ACAD_REACTORS
330
2CF
102
}
330
2CF
100
AcDbXrecord
280
     1
102
RTVSPost2010Prop28
280
     0
102
RTVSPost2010PropOp28
 70
     0
102
RTVSPost2010Prop29
280
     1
102
RTVSPost2010PropOp29
 70
     0
102
RTVSPost2010Prop30
280
     1
102
RTVSPost2010PropOp30
 70
     0
102
RTVSPost2010Prop31
280
     0
102
RTVSPost2010PropOp31
 70
     0
102
RTVSPost2010Prop32
280
     0
102
RTVSPost2010PropOp32
 70
     0
102
RTVSPost2010Prop33
280
     0
102
RTVSPost2010PropOp33
 70
     0
102
RTVSPost2010Prop34
280
     0
102
RTVSPost2010PropOp34
 70
     0
102
RTVSPost2010Prop35
280
     0
102
RTVSPost2010PropOp35
 70
     0
102
RTVSPost2010Prop36
280
     0
102
RTVSPost2010PropOp36
 70
     0
102
RTVSPost2010Prop37
 90
       50
102
RTVSPost2010PropOp37
 70
     0
102
RTVSPost2010Prop38
140
0.0
102
RTVSPost2010PropOp38
 70
     0
102
RTVSPost2010Prop39
140
1.0
102
RTVSPost2010PropOp39
 70
     0
102
RTVSPost2010Prop40
 90
        0
102
RTVSPost2010PropOp40
 70
     0
102
RTVSPost2010Prop41ColorIndex
 90
       18
102
RTVSPost2010Prop41ColorRGB
 90
        0
102
RTVSPost2010PropOp41
 70
     0
102
RTVSPost2010Prop42
 90
       50
102
RTVSPost2010PropOp42
 70
     0
102
RTVSPost2010Prop43
 90
        3
102
RTVSPost2010PropOp43
 70
     0
102
RTVSPost2010Prop44ColorIndex
 90
        5
102
RTVSPost2010Prop44ColorRGB
 90
      255
102
RTVSPost2010PropOp44
 70
     0
102
RTVSPost2010Prop45
280
     0
102
RTVSPost2010PropOp45
 70
     0
102
RTVSPost2010Prop46
 90
       50
102
RTVSPost2010PropOp46
 70
     0
102
RTVSPost2010Prop47
 90
       50
102
RTVSPost2010PropOp47
 70
     0
102
RTVSPost2010Prop48
 90
       50
102
RTVSPost2010PropOp48
 70
     0
102
RTVSPost2010Prop49
280
     0
102
RTVSPost2010PropOp49
 70
     0
102
RTVSPost2010Prop50
 90
       50
102
RTVSPost2010PropOp50
 70
     0
102
RTVSPost2010Prop51ColorIndex
 90
      256
102
RTVSPost2010Prop51ColorRGB
 90
-16777216
102
RTVSPost2010PropOp51
 70
     0
102
RTVSPost2010Prop52
140
1.0
102
RTVSPost2010PropOp52
 70
     0
102
RTVSPost2010Prop53
 90
        2
102
RTVSPost2010PropOp53
 70
     0
102
RTVSPost2010Prop54
  1
strokes_ogs.tif
102
RTVSPost2010PropOp54
 70
     0
102
RTVSPost2010Prop55
280
     0
102
RTVSPost2010PropOp55
 70
     0
102
RTVSPost2010Prop56
140
1.0
102
RTVSPost2010PropOp56
 70
     0
102
RTVSPost2010Prop57
140
1.0
102
RTVSPost2010PropOp57
 70
     0
  0
XRECORD
  5
2C8
102
{ACAD_REACTORS
330
2C7
102
}
330
2C7
100
AcDbXrecord
280
     1
102
RTVSPost2010Prop28
280
     0
102
RTVSPost2010PropOp28
 70
     1
102
RTVSPost2010Prop29
280
     1
102
RTVSPost2010PropOp29
 70
     1
102
RTVSPost2010Prop30
280
     1
102
RTVSPost2010PropOp30
 70
     1
102
RTVSPost2010Prop31
280
     0
102
RTVSPost2010PropOp31
 70
     1
102
RTVSPost2010Prop32
280
     0
102
RTVSPost2010PropOp32
 70
     1
102
RTVSPost2010Prop33
280
     0
102
RTVSPost2010PropOp33
 70
     1
102
RTVSPost2010Prop34
280
     0
102
RTVSPost2010PropOp34
 70
     1
102
RTVSPost2010Prop35
280
     0
102
RTVSPost2010PropOp35
 70
     1
102
RTVSPost2010Prop36
280
     0
102
RTVSPost2010PropOp36
 70
     1
102
RTVSPost2010Prop37
 90
       50
102
RTVSPost2010PropOp37
 70
     1
102
RTVSPost2010Prop38
140
0.0
102
RTVSPost2010PropOp38
 70
     1
102
RTVSPost2010Prop39
140
1.0
102
RTVSPost2010PropOp39
 70
     1
102
RTVSPost2010Prop40
 90
        0
102
RTVSPost2010PropOp40
 70
     1
102
RTVSPost2010Prop41ColorIndex
 90
       18
102
RTVSPost2010Prop41ColorRGB
 90
        0
102
RTVSPost2010PropOp41
 70
     1
102
RTVSPost2010Prop42
 90
       50
102
RTVSPost2010PropOp42
 70
     1
102
RTVSPost2010Prop43
 90
        3
102
RTVSPost2010PropOp43
 70
     1
102
RTVSPost2010Prop44ColorIndex
 90
        5
102
RTVSPost2010Prop44ColorRGB
 90
      255
102
RTVSPost2010PropOp44
 70
     1
102
RTVSPost2010Prop45
280
     0
102
RTVSPost2010PropOp45
 70
     1
102
RTVSPost2010Prop46
 90
       50
102
RTVSPost2010PropOp46
 70
     1
102
RTVSPost2010Prop47
 90
       50
102
RTVSPost2010PropOp47
 70
     1
102
RTVSPost2010Prop48
 90
       50
102
RTVSPost2010PropOp48
 70
     1
102
RTVSPost2010Prop49
280
     0
102
RTVSPost2010PropOp49
 70
     1
102
RTVSPost2010Prop50
 90
       50
102
RTVSPost2010PropOp50
 70
     1
102
RTVSPost2010Prop51ColorIndex
 90
      256
102
RTVSPost2010Prop51ColorRGB
 90
-16777216
102
RTVSPost2010PropOp51
 70
     0
102
RTVSPost2010Prop52
140
1.0
102
RTVSPost2010PropOp52
 70
     0
102
RTVSPost2010Prop53
 90
        2
102
RTVSPost2010PropOp53
 70
     1
102
RTVSPost2010Prop54
  1
strokes_ogs.tif
102
RTVSPost2010PropOp54
 70
     1
102
RTVSPost2010Prop55
280
     0
102
RTVSPost2010PropOp55
 70
     1
102
RTVSPost2010Prop56
140
1.0
102
RTVSPost2010PropOp56
 70
     1
102
RTVSPost2010Prop57
140
1.0
102
RTVSPost2010PropOp57
 70
     1
  0
XRECORD
  5
2AC
102
{ACAD_REACTORS
330
2AB
102
}
330
2AB
100
AcDbXrecord
280
     1
102
RTVSPost2010Prop28
280
     0
102
RTVSPost2010PropOp28
 70
     1
102
RTVSPost2010Prop29
280
     1
102
RTVSPost2010PropOp29
 70
     1
102
RTVSPost2010Prop30
280
     1
102
RTVSPost2010PropOp30
 70
     1
102
RTVSPost2010Prop31
280
     0
102
RTVSPost2010PropOp31
 70
     1
102
RTVSPost2010Prop32
280
     0
102
RTVSPost2010PropOp32
 70
     1
102
RTVSPost2010Prop33
280
     0
102
RTVSPost2010PropOp33
 70
     1
102
RTVSPost2010Prop34
280
     0
102
RTVSPost2010PropOp34
 70
     1
102
RTVSPost2010Prop35
280
     0
102
RTVSPost2010PropOp35
 70
     1
102
RTVSPost2010Prop36
280
     0
102
RTVSPost2010PropOp36
 70
     1
102
RTVSPost2010Prop37
 90
       50
102
RTVSPost2010PropOp37
 70
     1
102
RTVSPost2010Prop38
140
0.0
102
RTVSPost2010PropOp38
 70
     1
102
RTVSPost2010Prop39
140
1.0
102
RTVSPost2010PropOp39
 70
     1
102
RTVSPost2010Prop40
 90
        0
102
RTVSPost2010PropOp40
 70
     1
102
RTVSPost2010Prop41ColorIndex
 90
       18
102
RTVSPost2010Prop41ColorRGB
 90
        0
102
RTVSPost2010PropOp41
 70
     1
102
RTVSPost2010Prop42
 90
       50
102
RTVSPost2010PropOp42
 70
     1
102
RTVSPost2010Prop43
 90
        3
102
RTVSPost2010PropOp43
 70
     1
102
RTVSPost2010Prop44ColorIndex
 90
        5
102
RTVSPost2010Prop44ColorRGB
 90
      255
102
RTVSPost2010PropOp44
 70
     1
102
RTVSPost2010Prop45
280
     0
102
RTVSPost2010PropOp45
 70
     1
102
RTVSPost2010Prop46
 90
       50
102
RTVSPost2010PropOp46
 70
     1
102
RTVSPost2010Prop47
 90
       50
102
RTVSPost2010PropOp47
 70
     1
102
RTVSPost2010Prop48
 90
       50
102
RTVSPost2010PropOp48
 70
     1
102
RTVSPost2010Prop49
280
     0
102
RTVSPost2010PropOp49
 70
     1
102
RTVSPost2010Prop50
 90
       50
102
RTVSPost2010PropOp50
 70
     1
102
RTVSPost2010Prop51ColorIndex
 90
      256
102
RTVSPost2010Prop51ColorRGB
 90
-16777216
102
RTVSPost2010PropOp51
 70
     0
102
RTVSPost2010Prop52
140
1.0
102
RTVSPost2010PropOp52
 70
     0
102
RTVSPost2010Prop53
 90
        2
102
RTVSPost2010PropOp53
 70
     1
102
RTVSPost2010Prop54
  1
strokes_ogs.tif
102
RTVSPost2010PropOp54
 70
     1
102
RTVSPost2010Prop55
280
     0
102
RTVSPost2010PropOp55
 70
     1
102
RTVSPost2010Prop56
140
1.0
102
RTVSPost2010PropOp56
 70
     1
102
RTVSPost2010Prop57
140
1.0
102
RTVSPost2010PropOp57
 70
     1
  0
XRECORD
  5
2AE
102
{ACAD_REACTORS
330
2AD
102
}
330
2AD
100
AcDbXrecord
280
     1
102
RTVSPost2010Prop28
280
     0
102
RTVSPost2010PropOp28
 70
     1
102
RTVSPost2010Prop29
280
     1
102
RTVSPost2010PropOp29
 70
     1
102
RTVSPost2010Prop30
280
     1
102
RTVSPost2010PropOp30
 70
     1
102
RTVSPost2010Prop31
280
     0
102
RTVSPost2010PropOp31
 70
     1
102
RTVSPost2010Prop32
280
     0
102
RTVSPost2010PropOp32
 70
     1
102
RTVSPost2010Prop33
280
     0
102
RTVSPost2010PropOp33
 70
     1
102
RTVSPost2010Prop34
280
     0
102
RTVSPost2010PropOp34
 70
     1
102
RTVSPost2010Prop35
280
     0
102
RTVSPost2010PropOp35
 70
     1
102
RTVSPost2010Prop36
280
     0
102
RTVSPost2010PropOp36
 70
     1
102
RTVSPost2010Prop37
 90
       50
102
RTVSPost2010PropOp37
 70
     1
102
RTVSPost2010Prop38
140
0.0
102
RTVSPost2010PropOp38
 70
     1
102
RTVSPost2010Prop39
140
1.0
102
RTVSPost2010PropOp39
 70
     1
102
RTVSPost2010Prop40
 90
        0
102
RTVSPost2010PropOp40
 70
     1
102
RTVSPost2010Prop41ColorIndex
 90
       18
102
RTVSPost2010Prop41ColorRGB
 90
        0
102
RTVSPost2010PropOp41
 70
     1
102
RTVSPost2010Prop42
 90
       50
102
RTVSPost2010PropOp42
 70
     1
102
RTVSPost2010Prop43
 90
        3
102
RTVSPost2010PropOp43
 70
     1
102
RTVSPost2010Prop44ColorIndex
 90
        5
102
RTVSPost2010Prop44ColorRGB
 90
      255
102
RTVSPost2010PropOp44
 70
     1
102
RTVSPost2010Prop45
280
     0
102
RTVSPost2010PropOp45
 70
     1
102
RTVSPost2010Prop46
 90
       50
102
RTVSPost2010PropOp46
 70
     1
102
RTVSPost2010Prop47
 90
       50
102
RTVSPost2010PropOp47
 70
     1
102
RTVSPost2010Prop48
 90
       50
102
RTVSPost2010PropOp48
 70
     1
102
RTVSPost2010Prop49
280
     0
102
RTVSPost2010PropOp49
 70
     1
102
RTVSPost2010Prop50
 90
       50
102
RTVSPost2010PropOp50
 70
     1
102
RTVSPost2010Prop51ColorIndex
 90
      256
102
RTVSPost2010Prop51ColorRGB
 90
-16777216
102
RTVSPost2010PropOp51
 70
     0
102
RTVSPost2010Prop52
140
1.0
102
RTVSPost2010PropOp52
 70
     0
102
RTVSPost2010Prop53
 90
        2
102
RTVSPost2010PropOp53
 70
     1
102
RTVSPost2010Prop54
  1
strokes_ogs.tif
102
RTVSPost2010PropOp54
 70
     1
102
RTVSPost2010Prop55
280
     0
102
RTVSPost2010PropOp55
 70
     1
102
RTVSPost2010Prop56
140
1.0
102
RTVSPost2010PropOp56
 70
     1
102
RTVSPost2010Prop57
140
1.0
102
RTVSPost2010PropOp57
 70
     1
  0
XRECORD
  5
2B0
102
{ACAD_REACTORS
330
2AF
102
}
330
2AF
100
AcDbXrecord
280
     1
102
RTVSPost2010Prop28
280
     0
102
RTVSPost2010PropOp28
 70
     1
102
RTVSPost2010Prop29
280
     1
102
RTVSPost2010PropOp29
 70
     1
102
RTVSPost2010Prop30
280
     1
102
RTVSPost2010PropOp30
 70
     1
102
RTVSPost2010Prop31
280
     0
102
RTVSPost2010PropOp31
 70
     1
102
RTVSPost2010Prop32
280
     0
102
RTVSPost2010PropOp32
 70
     1
102
RTVSPost2010Prop33
280
     0
102
RTVSPost2010PropOp33
 70
     1
102
RTVSPost2010Prop34
280
     0
102
RTVSPost2010PropOp34
 70
     1
102
RTVSPost2010Prop35
280
     0
102
RTVSPost2010PropOp35
 70
     1
102
RTVSPost2010Prop36
280
     0
102
RTVSPost2010PropOp36
 70
     1
102
RTVSPost2010Prop37
 90
       50
102
RTVSPost2010PropOp37
 70
     1
102
RTVSPost2010Prop38
140
0.0
102
RTVSPost2010PropOp38
 70
     1
102
RTVSPost2010Prop39
140
1.0
102
RTVSPost2010PropOp39
 70
     1
102
RTVSPost2010Prop40
 90
        0
102
RTVSPost2010PropOp40
 70
     1
102
RTVSPost2010Prop41ColorIndex
 90
       18
102
RTVSPost2010Prop41ColorRGB
 90
        0
102
RTVSPost2010PropOp41
 70
     1
102
RTVSPost2010Prop42
 90
       50
102
RTVSPost2010PropOp42
 70
     1
102
RTVSPost2010Prop43
 90
        3
102
RTVSPost2010PropOp43
 70
     1
102
RTVSPost2010Prop44ColorIndex
 90
        5
102
RTVSPost2010Prop44ColorRGB
 90
      255
102
RTVSPost2010PropOp44
 70
     1
102
RTVSPost2010Prop45
280
     0
102
RTVSPost2010PropOp45
 70
     1
102
RTVSPost2010Prop46
 90
       50
102
RTVSPost2010PropOp46
 70
     1
102
RTVSPost2010Prop47
 90
       50
102
RTVSPost2010PropOp47
 70
     1
102
RTVSPost2010Prop48
 90
       50
102
RTVSPost2010PropOp48
 70
     1
102
RTVSPost2010Prop49
280
     0
102
RTVSPost2010PropOp49
 70
     1
102
RTVSPost2010Prop50
 90
       50
102
RTVSPost2010PropOp50
 70
     1
102
RTVSPost2010Prop51ColorIndex
 90
      256
102
RTVSPost2010Prop51ColorRGB
 90
-16777216
102
RTVSPost2010PropOp51
 70
     0
102
RTVSPost2010Prop52
140
1.0
102
RTVSPost2010PropOp52
 70
     0
102
RTVSPost2010Prop53
 90
        2
102
RTVSPost2010PropOp53
 70
     1
102
RTVSPost2010Prop54
  1
strokes_ogs.tif
102
RTVSPost2010PropOp54
 70
     1
102
RTVSPost2010Prop55
280
     0
102
RTVSPost2010PropOp55
 70
     1
102
RTVSPost2010Prop56
140
1.0
102
RTVSPost2010PropOp56
 70
     1
102
RTVSPost2010Prop57
140
1.0
102
RTVSPost2010PropOp57
 70
     1
  0
XRECORD
  5
2B2
102
{ACAD_REACTORS
330
2B1
102
}
330
2B1
100
AcDbXrecord
280
     1
102
RTVSPost2010Prop28
280
     0
102
RTVSPost2010PropOp28
 70
     1
102
RTVSPost2010Prop29
280
     1
102
RTVSPost2010PropOp29
 70
     1
102
RTVSPost2010Prop30
280
     1
102
RTVSPost2010PropOp30
 70
     1
102
RTVSPost2010Prop31
280
     0
102
RTVSPost2010PropOp31
 70
     1
102
RTVSPost2010Prop32
280
     0
102
RTVSPost2010PropOp32
 70
     1
102
RTVSPost2010Prop33
280
     0
102
RTVSPost2010PropOp33
 70
     1
102
RTVSPost2010Prop34
280
     0
102
RTVSPost2010PropOp34
 70
     1
102
RTVSPost2010Prop35
280
     0
102
RTVSPost2010PropOp35
 70
     1
102
RTVSPost2010Prop36
280
     0
102
RTVSPost2010PropOp36
 70
     1
102
RTVSPost2010Prop37
 90
       50
102
RTVSPost2010PropOp37
 70
     1
102
RTVSPost2010Prop38
140
0.0
102
RTVSPost2010PropOp38
 70
     1
102
RTVSPost2010Prop39
140
1.0
102
RTVSPost2010PropOp39
 70
     1
102
RTVSPost2010Prop40
 90
        0
102
RTVSPost2010PropOp40
 70
     1
102
RTVSPost2010Prop41ColorIndex
 90
       18
102
RTVSPost2010Prop41ColorRGB
 90
        0
102
RTVSPost2010PropOp41
 70
     1
102
RTVSPost2010Prop42
 90
       50
102
RTVSPost2010PropOp42
 70
     1
102
RTVSPost2010Prop43
 90
        3
102
RTVSPost2010PropOp43
 70
     1
102
RTVSPost2010Prop44ColorIndex
 90
        5
102
RTVSPost2010Prop44ColorRGB
 90
      255
102
RTVSPost2010PropOp44
 70
     1
102
RTVSPost2010Prop45
280
     0
102
RTVSPost2010PropOp45
 70
     1
102
RTVSPost2010Prop46
 90
       50
102
RTVSPost2010PropOp46
 70
     1
102
RTVSPost2010Prop47
 90
       50
102
RTVSPost2010PropOp47
 70
     1
102
RTVSPost2010Prop48
 90
       50
102
RTVSPost2010PropOp48
 70
     1
102
RTVSPost2010Prop49
280
     0
102
RTVSPost2010PropOp49
 70
     1
102
RTVSPost2010Prop50
 90
       50
102
RTVSPost2010PropOp50
 70
     1
102
RTVSPost2010Prop51ColorIndex
 90
      256
102
RTVSPost2010Prop51ColorRGB
 90
-16777216
102
RTVSPost2010PropOp51
 70
     0
102
RTVSPost2010Prop52
140
1.0
102
RTVSPost2010PropOp52
 70
     0
102
RTVSPost2010Prop53
 90
        2
102
RTVSPost2010PropOp53
 70
     1
102
RTVSPost2010Prop54
  1
strokes_ogs.tif
102
RTVSPost2010PropOp54
 70
     1
102
RTVSPost2010Prop55
280
     0
102
RTVSPost2010PropOp55
 70
     1
102
RTVSPost2010Prop56
140
1.0
102
RTVSPost2010PropOp56
 70
     1
102
RTVSPost2010Prop57
140
1.0
102
RTVSPost2010PropOp57
 70
     1
  0
XRECORD
  5
2B8
102
{ACAD_REACTORS
330
2B7
102
}
330
2B7
100
AcDbXrecord
280
     1
102
RTVSPost2010Prop28
280
     0
102
RTVSPost2010PropOp28
 70
     1
102
RTVSPost2010Prop29
280
     1
102
RTVSPost2010PropOp29
 70
     1
102
RTVSPost2010Prop30
280
     1
102
RTVSPost2010PropOp30
 70
     1
102
RTVSPost2010Prop31
280
     0
102
RTVSPost2010PropOp31
 70
     1
102
RTVSPost2010Prop32
280
     0
102
RTVSPost2010PropOp32
 70
     1
102
RTVSPost2010Prop33
280
     0
102
RTVSPost2010PropOp33
 70
     1
102
RTVSPost2010Prop34
280
     0
102
RTVSPost2010PropOp34
 70
     1
102
RTVSPost2010Prop35
280
     0
102
RTVSPost2010PropOp35
 70
     1
102
RTVSPost2010Prop36
280
     0
102
RTVSPost2010PropOp36
 70
     1
102
RTVSPost2010Prop37
 90
       50
102
RTVSPost2010PropOp37
 70
     1
102
RTVSPost2010Prop38
140
0.0
102
RTVSPost2010PropOp38
 70
     1
102
RTVSPost2010Prop39
140
1.0
102
RTVSPost2010PropOp39
 70
     1
102
RTVSPost2010Prop40
 90
        0
102
RTVSPost2010PropOp40
 70
     1
102
RTVSPost2010Prop41ColorIndex
 90
       18
102
RTVSPost2010Prop41ColorRGB
 90
        0
102
RTVSPost2010PropOp41
 70
     1
102
RTVSPost2010Prop42
 90
       50
102
RTVSPost2010PropOp42
 70
     1
102
RTVSPost2010Prop43
 90
        3
102
RTVSPost2010PropOp43
 70
     1
102
RTVSPost2010Prop44ColorIndex
 90
        5
102
RTVSPost2010Prop44ColorRGB
 90
      255
102
RTVSPost2010PropOp44
 70
     1
102
RTVSPost2010Prop45
280
     0
102
RTVSPost2010PropOp45
 70
     1
102
RTVSPost2010Prop46
 90
       50
102
RTVSPost2010PropOp46
 70
     1
102
RTVSPost2010Prop47
 90
       50
102
RTVSPost2010PropOp47
 70
     1
102
RTVSPost2010Prop48
 90
       50
102
RTVSPost2010PropOp48
 70
     1
102
RTVSPost2010Prop49
280
     0
102
RTVSPost2010PropOp49
 70
     1
102
RTVSPost2010Prop50
 90
       50
102
RTVSPost2010PropOp50
 70
     1
102
RTVSPost2010Prop51ColorIndex
 90
      256
102
RTVSPost2010Prop51ColorRGB
 90
-16777216
102
RTVSPost2010PropOp51
 70
     0
102
RTVSPost2010Prop52
140
1.0
102
RTVSPost2010PropOp52
 70
     0
102
RTVSPost2010Prop53
 90
        2
102
RTVSPost2010PropOp53
 70
     1
102
RTVSPost2010Prop54
  1
strokes_ogs.tif
102
RTVSPost2010PropOp54
 70
     1
102
RTVSPost2010Prop55
280
     0
102
RTVSPost2010PropOp55
 70
     1
102
RTVSPost2010Prop56
140
1.0
102
RTVSPost2010PropOp56
 70
     1
102
RTVSPost2010Prop57
140
1.0
102
RTVSPost2010PropOp57
 70
     1
  0
XRECORD
  5
2CC
102
{ACAD_REACTORS
330
2CB
102
}
330
2CB
100
AcDbXrecord
280
     1
102
RTVSPost2010Prop28
280
     0
102
RTVSPost2010PropOp28
 70
     0
102
RTVSPost2010Prop29
280
     1
102
RTVSPost2010PropOp29
 70
     0
102
RTVSPost2010Prop30
280
     1
102
RTVSPost2010PropOp30
 70
     0
102
RTVSPost2010Prop31
280
     0
102
RTVSPost2010PropOp31
 70
     0
102
RTVSPost2010Prop32
280
     0
102
RTVSPost2010PropOp32
 70
     0
102
RTVSPost2010Prop33
280
     0
102
RTVSPost2010PropOp33
 70
     0
102
RTVSPost2010Prop34
280
     0
102
RTVSPost2010PropOp34
 70
     0
102
RTVSPost2010Prop35
280
     0
102
RTVSPost2010PropOp35
 70
     0
102
RTVSPost2010Prop36
280
     0
102
RTVSPost2010PropOp36
 70
     0
102
RTVSPost2010Prop37
 90
       50
102
RTVSPost2010PropOp37
 70
     0
102
RTVSPost2010Prop38
140
0.0
102
RTVSPost2010PropOp38
 70
     0
102
RTVSPost2010Prop39
140
1.0
102
RTVSPost2010PropOp39
 70
     0
102
RTVSPost2010Prop40
 90
        0
102
RTVSPost2010PropOp40
 70
     0
102
RTVSPost2010Prop41ColorIndex
 90
       18
102
RTVSPost2010Prop41ColorRGB
 90
        0
102
RTVSPost2010PropOp41
 70
     0
102
RTVSPost2010Prop42
 90
       50
102
RTVSPost2010PropOp42
 70
     0
102
RTVSPost2010Prop43
 90
        3
102
RTVSPost2010PropOp43
 70
     0
102
RTVSPost2010Prop44ColorIndex
 90
        5
102
RTVSPost2010Prop44ColorRGB
 90
      255
102
RTVSPost2010PropOp44
 70
     0
102
RTVSPost2010Prop45
280
     0
102
RTVSPost2010PropOp45
 70
     0
102
RTVSPost2010Prop46
 90
       50
102
RTVSPost2010PropOp46
 70
     0
102
RTVSPost2010Prop47
 90
       50
102
RTVSPost2010PropOp47
 70
     0
102
RTVSPost2010Prop48
 90
       50
102
RTVSPost2010PropOp48
 70
     0
102
RTVSPost2010Prop49
280
     0
102
RTVSPost2010PropOp49
 70
     0
102
RTVSPost2010Prop50
 90
       50
102
RTVSPost2010PropOp50
 70
     0
102
RTVSPost2010Prop51ColorIndex
 90
      256
102
RTVSPost2010Prop51ColorRGB
 90
-16777216
102
RTVSPost2010PropOp51
 70
     0
102
RTVSPost2010Prop52
140
1.0
102
RTVSPost2010PropOp52
 70
     0
102
RTVSPost2010Prop53
 90
        2
102
RTVSPost2010PropOp53
 70
     0
102
RTVSPost2010Prop54
  1
strokes_ogs.tif
102
RTVSPost2010PropOp54
 70
     0
102
RTVSPost2010Prop55
280
     0
102
RTVSPost2010PropOp55
 70
     0
102
RTVSPost2010Prop56
140
1.0
102
RTVSPost2010PropOp56
 70
     0
102
RTVSPost2010Prop57
140
1.0
102
RTVSPost2010PropOp57
 70
     0
  0
XRECORD
  5
2C6
102
{ACAD_REACTORS
330
2C5
102
}
330
2C5
100
AcDbXrecord
280
     1
102
RTVSPost2010Prop28
280
     0
102
RTVSPost2010PropOp28
 70
     1
102
RTVSPost2010Prop29
280
     1
102
RTVSPost2010PropOp29
 70
     1
102
RTVSPost2010Prop30
280
     1
102
RTVSPost2010PropOp30
 70
     1
102
RTVSPost2010Prop31
280
     0
102
RTVSPost2010PropOp31
 70
     1
102
RTVSPost2010Prop32
280
     0
102
RTVSPost2010PropOp32
 70
     1
102
RTVSPost2010Prop33
280
     0
102
RTVSPost2010PropOp33
 70
     1
102
RTVSPost2010Prop34
280
     0
102
RTVSPost2010PropOp34
 70
     1
102
RTVSPost2010Prop35
280
     0
102
RTVSPost2010PropOp35
 70
     1
102
RTVSPost2010Prop36
280
     0
102
RTVSPost2010PropOp36
 70
     1
102
RTVSPost2010Prop37
 90
       50
102
RTVSPost2010PropOp37
 70
     1
102
RTVSPost2010Prop38
140
0.0
102
RTVSPost2010PropOp38
 70
     1
102
RTVSPost2010Prop39
140
1.0
102
RTVSPost2010PropOp39
 70
     1
102
RTVSPost2010Prop40
 90
        0
102
RTVSPost2010PropOp40
 70
     1
102
RTVSPost2010Prop41ColorIndex
 90
       18
102
RTVSPost2010Prop41ColorRGB
 90
        0
102
RTVSPost2010PropOp41
 70
     1
102
RTVSPost2010Prop42
 90
       50
102
RTVSPost2010PropOp42
 70
     1
102
RTVSPost2010Prop43
 90
        3
102
RTVSPost2010PropOp43
 70
     1
102
RTVSPost2010Prop44ColorIndex
 90
        5
102
RTVSPost2010Prop44ColorRGB
 90
      255
102
RTVSPost2010PropOp44
 70
     1
102
RTVSPost2010Prop45
280
     0
102
RTVSPost2010PropOp45
 70
     1
102
RTVSPost2010Prop46
 90
       50
102
RTVSPost2010PropOp46
 70
     1
102
RTVSPost2010Prop47
 90
       50
102
RTVSPost2010PropOp47
 70
     1
102
RTVSPost2010Prop48
 90
       50
102
RTVSPost2010PropOp48
 70
     1
102
RTVSPost2010Prop49
280
     0
102
RTVSPost2010PropOp49
 70
     1
102
RTVSPost2010Prop50
 90
       50
102
RTVSPost2010PropOp50
 70
     1
102
RTVSPost2010Prop51ColorIndex
 90
      256
102
RTVSPost2010Prop51ColorRGB
 90
-16777216
102
RTVSPost2010PropOp51
 70
     0
102
RTVSPost2010Prop52
140
1.0
102
RTVSPost2010PropOp52
 70
     0
102
RTVSPost2010Prop53
 90
        2
102
RTVSPost2010PropOp53
 70
     1
102
RTVSPost2010Prop54
  1
strokes_ogs.tif
102
RTVSPost2010PropOp54
 70
     1
102
RTVSPost2010Prop55
280
     0
102
RTVSPost2010PropOp55
 70
     1
102
RTVSPost2010Prop56
140
1.0
102
RTVSPost2010PropOp56
 70
     1
102
RTVSPost2010Prop57
140
1.0
102
RTVSPost2010PropOp57
 70
     1
  0
XRECORD
  5
2CE
102
{ACAD_REACTORS
330
2CD
102
}
330
2CD
100
AcDbXrecord
280
     1
102
RTVSPost2010Prop28
280
     0
102
RTVSPost2010PropOp28
 70
     0
102
RTVSPost2010Prop29
280
     1
102
RTVSPost2010PropOp29
 70
     0
102
RTVSPost2010Prop30
280
     1
102
RTVSPost2010PropOp30
 70
     0
102
RTVSPost2010Prop31
280
     0
102
RTVSPost2010PropOp31
 70
     0
102
RTVSPost2010Prop32
280
     0
102
RTVSPost2010PropOp32
 70
     0
102
RTVSPost2010Prop33
280
     0
102
RTVSPost2010PropOp33
 70
     0
102
RTVSPost2010Prop34
280
     0
102
RTVSPost2010PropOp34
 70
     0
102
RTVSPost2010Prop35
280
     0
102
RTVSPost2010PropOp35
 70
     0
102
RTVSPost2010Prop36
280
     0
102
RTVSPost2010PropOp36
 70
     0
102
RTVSPost2010Prop37
 90
       50
102
RTVSPost2010PropOp37
 70
     0
102
RTVSPost2010Prop38
140
0.0
102
RTVSPost2010PropOp38
 70
     0
102
RTVSPost2010Prop39
140
1.0
102
RTVSPost2010PropOp39
 70
     0
102
RTVSPost2010Prop40
 90
        0
102
RTVSPost2010PropOp40
 70
     0
102
RTVSPost2010Prop41ColorIndex
 90
       18
102
RTVSPost2010Prop41ColorRGB
 90
        0
102
RTVSPost2010PropOp41
 70
     0
102
RTVSPost2010Prop42
 90
       50
102
RTVSPost2010PropOp42
 70
     0
102
RTVSPost2010Prop43
 90
        3
102
RTVSPost2010PropOp43
 70
     0
102
RTVSPost2010Prop44ColorIndex
 90
        5
102
RTVSPost2010Prop44ColorRGB
 90
      255
102
RTVSPost2010PropOp44
 70
     0
102
RTVSPost2010Prop45
280
     0
102
RTVSPost2010PropOp45
 70
     0
102
RTVSPost2010Prop46
 90
       50
102
RTVSPost2010PropOp46
 70
     0
102
RTVSPost2010Prop47
 90
       50
102
RTVSPost2010PropOp47
 70
     0
102
RTVSPost2010Prop48
 90
       50
102
RTVSPost2010PropOp48
 70
     0
102
RTVSPost2010Prop49
280
     0
102
RTVSPost2010PropOp49
 70
     0
102
RTVSPost2010Prop50
 90
       50
102
RTVSPost2010PropOp50
 70
     0
102
RTVSPost2010Prop51ColorIndex
 90
      256
102
RTVSPost2010Prop51ColorRGB
 90
-16777216
102
RTVSPost2010PropOp51
 70
     0
102
RTVSPost2010Prop52
140
1.0
102
RTVSPost2010PropOp52
 70
     0
102
RTVSPost2010Prop53
 90
        2
102
RTVSPost2010PropOp53
 70
     0
102
RTVSPost2010Prop54
  1
strokes_ogs.tif
102
RTVSPost2010PropOp54
 70
     0
102
RTVSPost2010Prop55
280
     0
102
RTVSPost2010PropOp55
 70
     0
102
RTVSPost2010Prop56
140
1.0
102
RTVSPost2010PropOp56
 70
     0
102
RTVSPost2010Prop57
140
1.0
102
RTVSPost2010PropOp57
 70
     0
  0
XRECORD
  5
2BC
102
{ACAD_REACTORS
330
2BB
102
}
330
2BB
100
AcDbXrecord
280
     1
102
RTVSPost2010Prop28
280
     0
102
RTVSPost2010PropOp28
 70
     1
102
RTVSPost2010Prop29
280
     1
102
RTVSPost2010PropOp29
 70
     1
102
RTVSPost2010Prop30
280
     1
102
RTVSPost2010PropOp30
 70
     1
102
RTVSPost2010Prop31
280
     0
102
RTVSPost2010PropOp31
 70
     1
102
RTVSPost2010Prop32
280
     0
102
RTVSPost2010PropOp32
 70
     1
102
RTVSPost2010Prop33
280
     0
102
RTVSPost2010PropOp33
 70
     1
102
RTVSPost2010Prop34
280
     0
102
RTVSPost2010PropOp34
 70
     1
102
RTVSPost2010Prop35
280
     0
102
RTVSPost2010PropOp35
 70
     1
102
RTVSPost2010Prop36
280
     0
102
RTVSPost2010PropOp36
 70
     1
102
RTVSPost2010Prop37
 90
       50
102
RTVSPost2010PropOp37
 70
     1
102
RTVSPost2010Prop38
140
0.0
102
RTVSPost2010PropOp38
 70
     1
102
RTVSPost2010Prop39
140
1.0
102
RTVSPost2010PropOp39
 70
     1
102
RTVSPost2010Prop40
 90
        0
102
RTVSPost2010PropOp40
 70
     1
102
RTVSPost2010Prop41ColorIndex
 90
       18
102
RTVSPost2010Prop41ColorRGB
 90
        0
102
RTVSPost2010PropOp41
 70
     1
102
RTVSPost2010Prop42
 90
       50
102
RTVSPost2010PropOp42
 70
     1
102
RTVSPost2010Prop43
 90
        3
102
RTVSPost2010PropOp43
 70
     1
102
RTVSPost2010Prop44ColorIndex
 90
        5
102
RTVSPost2010Prop44ColorRGB
 90
      255
102
RTVSPost2010PropOp44
 70
     1
102
RTVSPost2010Prop45
280
     0
102
RTVSPost2010PropOp45
 70
     1
102
RTVSPost2010Prop46
 90
       50
102
RTVSPost2010PropOp46
 70
     1
102
RTVSPost2010Prop47
 90
       50
102
RTVSPost2010PropOp47
 70
     1
102
RTVSPost2010Prop48
 90
       50
102
RTVSPost2010PropOp48
 70
     1
102
RTVSPost2010Prop49
280
     0
102
RTVSPost2010PropOp49
 70
     1
102
RTVSPost2010Prop50
 90
       50
102
RTVSPost2010PropOp50
 70
     1
102
RTVSPost2010Prop51ColorIndex
 90
      256
102
RTVSPost2010Prop51ColorRGB
 90
-16777216
102
RTVSPost2010PropOp51
 70
     0
102
RTVSPost2010Prop52
140
1.0
102
RTVSPost2010PropOp52
 70
     0
102
RTVSPost2010Prop53
 90
        2
102
RTVSPost2010PropOp53
 70
     1
102
RTVSPost2010Prop54
  1
strokes_ogs.tif
102
RTVSPost2010PropOp54
 70
     1
102
RTVSPost2010Prop55
280
     0
102
RTVSPost2010PropOp55
 70
     1
102
RTVSPost2010Prop56
140
1.0
102
RTVSPost2010PropOp56
 70
     1
102
RTVSPost2010Prop57
140
1.0
102
RTVSPost2010PropOp57
 70
     1
  0
XRECORD
  5
2DA
102
{ACAD_REACTORS
330
2D9
102
}
330
2D9
100
AcDbXrecord
280
     1
102
RTVSPost2010Prop28
280
     0
102
RTVSPost2010PropOp28
 70
     1
102
RTVSPost2010Prop29
280
     1
102
RTVSPost2010PropOp29
 70
     1
102
RTVSPost2010Prop30
280
     1
102
RTVSPost2010PropOp30
 70
     1
102
RTVSPost2010Prop31
280
     0
102
RTVSPost2010PropOp31
 70
     1
102
RTVSPost2010Prop32
280
     0
102
RTVSPost2010PropOp32
 70
     1
102
RTVSPost2010Prop33
280
     0
102
RTVSPost2010PropOp33
 70
     1
102
RTVSPost2010Prop34
280
     0
102
RTVSPost2010PropOp34
 70
     1
102
RTVSPost2010Prop35
280
     0
102
RTVSPost2010PropOp35
 70
     1
102
RTVSPost2010Prop36
280
     0
102
RTVSPost2010PropOp36
 70
     1
102
RTVSPost2010Prop37
 90
       50
102
RTVSPost2010PropOp37
 70
     1
102
RTVSPost2010Prop38
140
0.0
102
RTVSPost2010PropOp38
 70
     1
102
RTVSPost2010Prop39
140
1.0
102
RTVSPost2010PropOp39
 70
     1
102
RTVSPost2010Prop40
 90
        0
102
RTVSPost2010PropOp40
 70
     1
102
RTVSPost2010Prop41ColorIndex
 90
       18
102
RTVSPost2010Prop41ColorRGB
 90
        0
102
RTVSPost2010PropOp41
 70
     1
102
RTVSPost2010Prop42
 90
       50
102
RTVSPost2010PropOp42
 70
     1
102
RTVSPost2010Prop43
 90
        3
102
RTVSPost2010PropOp43
 70
     1
102
RTVSPost2010Prop44ColorIndex
 90
        5
102
RTVSPost2010Prop44ColorRGB
 90
      255
102
RTVSPost2010PropOp44
 70
     1
102
RTVSPost2010Prop45
280
     0
102
RTVSPost2010PropOp45
 70
     1
102
RTVSPost2010Prop46
 90
       50
102
RTVSPost2010PropOp46
 70
     1
102
RTVSPost2010Prop47
 90
       50
102
RTVSPost2010PropOp47
 70
     1
102
RTVSPost2010Prop48
 90
       50
102
RTVSPost2010PropOp48
 70
     1
102
RTVSPost2010Prop49
280
     0
102
RTVSPost2010PropOp49
 70
     1
102
RTVSPost2010Prop50
 90
       50
102
RTVSPost2010PropOp50
 70
     1
102
RTVSPost2010Prop51ColorIndex
 90
      256
102
RTVSPost2010Prop51ColorRGB
 90
-16777216
102
RTVSPost2010PropOp51
 70
     0
102
RTVSPost2010Prop52
140
1.0
102
RTVSPost2010PropOp52
 70
     0
102
RTVSPost2010Prop53
 90
        2
102
RTVSPost2010PropOp53
 70
     1
102
RTVSPost2010Prop54
  1
strokes_ogs.tif
102
RTVSPost2010PropOp54
 70
     1
102
RTVSPost2010Prop55
280
     0
102
RTVSPost2010PropOp55
 70
     1
102
RTVSPost2010Prop56
140
1.0
102
RTVSPost2010PropOp56
 70
     1
102
RTVSPost2010Prop57
140
1.0
102
RTVSPost2010PropOp57
 70
     1
  0
XRECORD
  5
2D8
102
{ACAD_REACTORS
330
2D7
102
}
330
2D7
100
AcDbXrecord
280
     1
102
RTVSPost2010Prop28
280
     0
102
RTVSPost2010PropOp28
 70
     1
102
RTVSPost2010Prop29
280
     1
102
RTVSPost2010PropOp29
 70
     1
102
RTVSPost2010Prop30
280
     1
102
RTVSPost2010PropOp30
 70
     1
102
RTVSPost2010Prop31
280
     0
102
RTVSPost2010PropOp31
 70
     1
102
RTVSPost2010Prop32
280
     0
102
RTVSPost2010PropOp32
 70
     1
102
RTVSPost2010Prop33
280
     0
102
RTVSPost2010PropOp33
 70
     1
102
RTVSPost2010Prop34
280
     0
102
RTVSPost2010PropOp34
 70
     1
102
RTVSPost2010Prop35
280
     0
102
RTVSPost2010PropOp35
 70
     1
102
RTVSPost2010Prop36
280
     0
102
RTVSPost2010PropOp36
 70
     1
102
RTVSPost2010Prop37
 90
       50
102
RTVSPost2010PropOp37
 70
     1
102
RTVSPost2010Prop38
140
0.0
102
RTVSPost2010PropOp38
 70
     1
102
RTVSPost2010Prop39
140
1.0
102
RTVSPost2010PropOp39
 70
     1
102
RTVSPost2010Prop40
 90
        0
102
RTVSPost2010PropOp40
 70
     1
102
RTVSPost2010Prop41ColorIndex
 90
       18
102
RTVSPost2010Prop41ColorRGB
 90
        0
102
RTVSPost2010PropOp41
 70
     1
102
RTVSPost2010Prop42
 90
       50
102
RTVSPost2010PropOp42
 70
     1
102
RTVSPost2010Prop43
 90
        3
102
RTVSPost2010PropOp43
 70
     1
102
RTVSPost2010Prop44ColorIndex
 90
        5
102
RTVSPost2010Prop44ColorRGB
 90
      255
102
RTVSPost2010PropOp44
 70
     1
102
RTVSPost2010Prop45
280
     0
102
RTVSPost2010PropOp45
 70
     1
102
RTVSPost2010Prop46
 90
       50
102
RTVSPost2010PropOp46
 70
     1
102
RTVSPost2010Prop47
 90
       50
102
RTVSPost2010PropOp47
 70
     1
102
RTVSPost2010Prop48
 90
       50
102
RTVSPost2010PropOp48
 70
     1
102
RTVSPost2010Prop49
280
     0
102
RTVSPost2010PropOp49
 70
     1
102
RTVSPost2010Prop50
 90
       50
102
RTVSPost2010PropOp50
 70
     1
102
RTVSPost2010Prop51ColorIndex
 90
      256
102
RTVSPost2010Prop51ColorRGB
 90
-16777216
102
RTVSPost2010PropOp51
 70
     0
102
RTVSPost2010Prop52
140
1.0
102
RTVSPost2010PropOp52
 70
     0
102
RTVSPost2010Prop53
 90
        2
102
RTVSPost2010PropOp53
 70
     1
102
RTVSPost2010Prop54
  1
strokes_ogs.tif
102
RTVSPost2010PropOp54
 70
     1
102
RTVSPost2010Prop55
280
     0
102
RTVSPost2010PropOp55
 70
     1
102
RTVSPost2010Prop56
140
1.0
102
RTVSPost2010PropOp56
 70
     1
102
RTVSPost2010Prop57
140
1.0
102
RTVSPost2010PropOp57
 70
     1
  0
XRECORD
  5
2D2
102
{ACAD_REACTORS
330
2D1
102
}
330
2D1
100
AcDbXrecord
280
     1
102
RTVSPost2010Prop28
280
     0
102
RTVSPost2010PropOp28
 70
     1
102
RTVSPost2010Prop29
280
     1
102
RTVSPost2010PropOp29
 70
     1
102
RTVSPost2010Prop30
280
     1
102
RTVSPost2010PropOp30
 70
     1
102
RTVSPost2010Prop31
280
     0
102
RTVSPost2010PropOp31
 70
     1
102
RTVSPost2010Prop32
280
     0
102
RTVSPost2010PropOp32
 70
     1
102
RTVSPost2010Prop33
280
     0
102
RTVSPost2010PropOp33
 70
     1
102
RTVSPost2010Prop34
280
     0
102
RTVSPost2010PropOp34
 70
     1
102
RTVSPost2010Prop35
280
     0
102
RTVSPost2010PropOp35
 70
     1
102
RTVSPost2010Prop36
280
     0
102
RTVSPost2010PropOp36
 70
     1
102
RTVSPost2010Prop37
 90
       50
102
RTVSPost2010PropOp37
 70
     1
102
RTVSPost2010Prop38
140
0.0
102
RTVSPost2010PropOp38
 70
     1
102
RTVSPost2010Prop39
140
1.0
102
RTVSPost2010PropOp39
 70
     1
102
RTVSPost2010Prop40
 90
        0
102
RTVSPost2010PropOp40
 70
     1
102
RTVSPost2010Prop41ColorIndex
 90
       18
102
RTVSPost2010Prop41ColorRGB
 90
        0
102
RTVSPost2010PropOp41
 70
     1
102
RTVSPost2010Prop42
 90
       50
102
RTVSPost2010PropOp42
 70
     1
102
RTVSPost2010Prop43
 90
        3
102
RTVSPost2010PropOp43
 70
     1
102
RTVSPost2010Prop44ColorIndex
 90
        5
102
RTVSPost2010Prop44ColorRGB
 90
      255
102
RTVSPost2010PropOp44
 70
     1
102
RTVSPost2010Prop45
280
     0
102
RTVSPost2010PropOp45
 70
     1
102
RTVSPost2010Prop46
 90
       50
102
RTVSPost2010PropOp46
 70
     1
102
RTVSPost2010Prop47
 90
       50
102
RTVSPost2010PropOp47
 70
     1
102
RTVSPost2010Prop48
 90
       50
102
RTVSPost2010PropOp48
 70
     1
102
RTVSPost2010Prop49
280
     0
102
RTVSPost2010PropOp49
 70
     1
102
RTVSPost2010Prop50
 90
       50
102
RTVSPost2010PropOp50
 70
     1
102
RTVSPost2010Prop51ColorIndex
 90
      256
102
RTVSPost2010Prop51ColorRGB
 90
-16777216
102
RTVSPost2010PropOp51
 70
     0
102
RTVSPost2010Prop52
140
1.0
102
RTVSPost2010PropOp52
 70
     0
102
RTVSPost2010Prop53
 90
        2
102
RTVSPost2010PropOp53
 70
     1
102
RTVSPost2010Prop54
  1
strokes_ogs.tif
102
RTVSPost2010PropOp54
 70
     1
102
RTVSPost2010Prop55
280
     0
102
RTVSPost2010PropOp55
 70
     1
102
RTVSPost2010Prop56
140
1.0
102
RTVSPost2010PropOp56
 70
     1
102
RTVSPost2010Prop57
140
1.0
102
RTVSPost2010PropOp57
 70
     1
  0
XRECORD
  5
2D4
102
{ACAD_REACTORS
330
2D3
102
}
330
2D3
100
AcDbXrecord
280
     1
102
RTVSPost2010Prop28
280
     0
102
RTVSPost2010PropOp28
 70
     1
102
RTVSPost2010Prop29
280
     1
102
RTVSPost2010PropOp29
 70
     1
102
RTVSPost2010Prop30
280
     1
102
RTVSPost2010PropOp30
 70
     1
102
RTVSPost2010Prop31
280
     0
102
RTVSPost2010PropOp31
 70
     1
102
RTVSPost2010Prop32
280
     0
102
RTVSPost2010PropOp32
 70
     1
102
RTVSPost2010Prop33
280
     0
102
RTVSPost2010PropOp33
 70
     1
102
RTVSPost2010Prop34
280
     0
102
RTVSPost2010PropOp34
 70
     1
102
RTVSPost2010Prop35
280
     0
102
RTVSPost2010PropOp35
 70
     1
102
RTVSPost2010Prop36
280
     0
102
RTVSPost2010PropOp36
 70
     1
102
RTVSPost2010Prop37
 90
       50
102
RTVSPost2010PropOp37
 70
     1
102
RTVSPost2010Prop38
140
0.0
102
RTVSPost2010PropOp38
 70
     1
102
RTVSPost2010Prop39
140
1.0
102
RTVSPost2010PropOp39
 70
     1
102
RTVSPost2010Prop40
 90
        0
102
RTVSPost2010PropOp40
 70
     1
102
RTVSPost2010Prop41ColorIndex
 90
       18
102
RTVSPost2010Prop41ColorRGB
 90
        0
102
RTVSPost2010PropOp41
 70
     1
102
RTVSPost2010Prop42
 90
       50
102
RTVSPost2010PropOp42
 70
     1
102
RTVSPost2010Prop43
 90
        3
102
RTVSPost2010PropOp43
 70
     1
102
RTVSPost2010Prop44ColorIndex
 90
        5
102
RTVSPost2010Prop44ColorRGB
 90
      255
102
RTVSPost2010PropOp44
 70
     1
102
RTVSPost2010Prop45
280
     0
102
RTVSPost2010PropOp45
 70
     1
102
RTVSPost2010Prop46
 90
       50
102
RTVSPost2010PropOp46
 70
     1
102
RTVSPost2010Prop47
 90
       50
102
RTVSPost2010PropOp47
 70
     1
102
RTVSPost2010Prop48
 90
       50
102
RTVSPost2010PropOp48
 70
     1
102
RTVSPost2010Prop49
280
     0
102
RTVSPost2010PropOp49
 70
     1
102
RTVSPost2010Prop50
 90
       50
102
RTVSPost2010PropOp50
 70
     1
102
RTVSPost2010Prop51ColorIndex
 90
      256
102
RTVSPost2010Prop51ColorRGB
 90
-16777216
102
RTVSPost2010PropOp51
 70
     0
102
RTVSPost2010Prop52
140
1.0
102
RTVSPost2010PropOp52
 70
     0
102
RTVSPost2010Prop53
 90
        2
102
RTVSPost2010PropOp53
 70
     1
102
RTVSPost2010Prop54
  1
strokes_ogs.tif
102
RTVSPost2010PropOp54
 70
     1
102
RTVSPost2010Prop55
280
     0
102
RTVSPost2010PropOp55
 70
     1
102
RTVSPost2010Prop56
140
1.0
102
RTVSPost2010PropOp56
 70
     1
102
RTVSPost2010Prop57
140
1.0
102
RTVSPost2010PropOp57
 70
     1
  0
XRECORD
  5
2C4
102
{ACAD_REACTORS
330
2C3
102
}
330
2C3
100
AcDbXrecord
280
     1
102
RTVSPost2010Prop28
280
     0
102
RTVSPost2010PropOp28
 70
     1
102
RTVSPost2010Prop29
280
     1
102
RTVSPost2010PropOp29
 70
     1
102
RTVSPost2010Prop30
280
     1
102
RTVSPost2010PropOp30
 70
     1
102
RTVSPost2010Prop31
280
     0
102
RTVSPost2010PropOp31
 70
     1
102
RTVSPost2010Prop32
280
     0
102
RTVSPost2010PropOp32
 70
     1
102
RTVSPost2010Prop33
280
     0
102
RTVSPost2010PropOp33
 70
     1
102
RTVSPost2010Prop34
280
     0
102
RTVSPost2010PropOp34
 70
     1
102
RTVSPost2010Prop35
280
     0
102
RTVSPost2010PropOp35
 70
     1
102
RTVSPost2010Prop36
280
     0
102
RTVSPost2010PropOp36
 70
     1
102
RTVSPost2010Prop37
 90
       50
102
RTVSPost2010PropOp37
 70
     1
102
RTVSPost2010Prop38
140
0.0
102
RTVSPost2010PropOp38
 70
     1
102
RTVSPost2010Prop39
140
1.0
102
RTVSPost2010PropOp39
 70
     1
102
RTVSPost2010Prop40
 90
        0
102
RTVSPost2010PropOp40
 70
     1
102
RTVSPost2010Prop41ColorIndex
 90
       18
102
RTVSPost2010Prop41ColorRGB
 90
        0
102
RTVSPost2010PropOp41
 70
     1
102
RTVSPost2010Prop42
 90
       50
102
RTVSPost2010PropOp42
 70
     1
102
RTVSPost2010Prop43
 90
        3
102
RTVSPost2010PropOp43
 70
     1
102
RTVSPost2010Prop44ColorIndex
 90
        5
102
RTVSPost2010Prop44ColorRGB
 90
      255
102
RTVSPost2010PropOp44
 70
     1
102
RTVSPost2010Prop45
280
     0
102
RTVSPost2010PropOp45
 70
     1
102
RTVSPost2010Prop46
 90
       50
102
RTVSPost2010PropOp46
 70
     1
102
RTVSPost2010Prop47
 90
       50
102
RTVSPost2010PropOp47
 70
     1
102
RTVSPost2010Prop48
 90
       50
102
RTVSPost2010PropOp48
 70
     1
102
RTVSPost2010Prop49
280
     0
102
RTVSPost2010PropOp49
 70
     1
102
RTVSPost2010Prop50
 90
       50
102
RTVSPost2010PropOp50
 70
     1
102
RTVSPost2010Prop51ColorIndex
 90
      256
102
RTVSPost2010Prop51ColorRGB
 90
-16777216
102
RTVSPost2010PropOp51
 70
     0
102
RTVSPost2010Prop52
140
1.0
102
RTVSPost2010PropOp52
 70
     0
102
RTVSPost2010Prop53
 90
        2
102
RTVSPost2010PropOp53
 70
     1
102
RTVSPost2010Prop54
  1
strokes_ogs.tif
102
RTVSPost2010PropOp54
 70
     1
102
RTVSPost2010Prop55
280
     0
102
RTVSPost2010PropOp55
 70
     1
102
RTVSPost2010Prop56
140
1.0
102
RTVSPost2010PropOp56
 70
     1
102
RTVSPost2010Prop57
140
1.0
102
RTVSPost2010PropOp57
 70
     1
  0
XRECORD
  5
2B6
102
{ACAD_REACTORS
330
2B5
102
}
330
2B5
100
AcDbXrecord
280
     1
102
RTVSPost2010Prop28
280
     0
102
RTVSPost2010PropOp28
 70
     1
102
RTVSPost2010Prop29
280
     1
102
RTVSPost2010PropOp29
 70
     1
102
RTVSPost2010Prop30
280
     1
102
RTVSPost2010PropOp30
 70
     1
102
RTVSPost2010Prop31
280
     0
102
RTVSPost2010PropOp31
 70
     1
102
RTVSPost2010Prop32
280
     0
102
RTVSPost2010PropOp32
 70
     1
102
RTVSPost2010Prop33
280
     0
102
RTVSPost2010PropOp33
 70
     1
102
RTVSPost2010Prop34
280
     0
102
RTVSPost2010PropOp34
 70
     1
102
RTVSPost2010Prop35
280
     0
102
RTVSPost2010PropOp35
 70
     1
102
RTVSPost2010Prop36
280
     0
102
RTVSPost2010PropOp36
 70
     1
102
RTVSPost2010Prop37
 90
       50
102
RTVSPost2010PropOp37
 70
     1
102
RTVSPost2010Prop38
140
0.0
102
RTVSPost2010PropOp38
 70
     1
102
RTVSPost2010Prop39
140
1.0
102
RTVSPost2010PropOp39
 70
     1
102
RTVSPost2010Prop40
 90
        0
102
RTVSPost2010PropOp40
 70
     1
102
RTVSPost2010Prop41ColorIndex
 90
       18
102
RTVSPost2010Prop41ColorRGB
 90
        0
102
RTVSPost2010PropOp41
 70
     1
102
RTVSPost2010Prop42
 90
       50
102
RTVSPost2010PropOp42
 70
     1
102
RTVSPost2010Prop43
 90
        3
102
RTVSPost2010PropOp43
 70
     1
102
RTVSPost2010Prop44ColorIndex
 90
        5
102
RTVSPost2010Prop44ColorRGB
 90
      255
102
RTVSPost2010PropOp44
 70
     1
102
RTVSPost2010Prop45
280
     0
102
RTVSPost2010PropOp45
 70
     1
102
RTVSPost2010Prop46
 90
       50
102
RTVSPost2010PropOp46
 70
     1
102
RTVSPost2010Prop47
 90
       50
102
RTVSPost2010PropOp47
 70
     1
102
RTVSPost2010Prop48
 90
       50
102
RTVSPost2010PropOp48
 70
     1
102
RTVSPost2010Prop49
280
     0
102
RTVSPost2010PropOp49
 70
     1
102
RTVSPost2010Prop50
 90
       50
102
RTVSPost2010PropOp50
 70
     1
102
RTVSPost2010Prop51ColorIndex
 90
      256
102
RTVSPost2010Prop51ColorRGB
 90
-16777216
102
RTVSPost2010PropOp51
 70
     0
102
RTVSPost2010Prop52
140
1.0
102
RTVSPost2010PropOp52
 70
     0
102
RTVSPost2010Prop53
 90
        2
102
RTVSPost2010PropOp53
 70
     1
102
RTVSPost2010Prop54
  1
strokes_ogs.tif
102
RTVSPost2010PropOp54
 70
     1
102
RTVSPost2010Prop55
280
     0
102
RTVSPost2010PropOp55
 70
     1
102
RTVSPost2010Prop56
140
1.0
102
RTVSPost2010PropOp56
 70
     1
102
RTVSPost2010Prop57
140
1.0
102
RTVSPost2010PropOp57
 70
     1
  0
XRECORD
  5
2D6
102
{ACAD_REACTORS
330
2D5
102
}
330
2D5
100
AcDbXrecord
280
     1
102
RTVSPost2010Prop28
280
     0
102
RTVSPost2010PropOp28
 70
     1
102
RTVSPost2010Prop29
280
     1
102
RTVSPost2010PropOp29
 70
     1
102
RTVSPost2010Prop30
280
     1
102
RTVSPost2010PropOp30
 70
     1
102
RTVSPost2010Prop31
280
     0
102
RTVSPost2010PropOp31
 70
     1
102
RTVSPost2010Prop32
280
     0
102
RTVSPost2010PropOp32
 70
     1
102
RTVSPost2010Prop33
280
     0
102
RTVSPost2010PropOp33
 70
     1
102
RTVSPost2010Prop34
280
     0
102
RTVSPost2010PropOp34
 70
     1
102
RTVSPost2010Prop35
280
     0
102
RTVSPost2010PropOp35
 70
     1
102
RTVSPost2010Prop36
280
     0
102
RTVSPost2010PropOp36
 70
     1
102
RTVSPost2010Prop37
 90
       50
102
RTVSPost2010PropOp37
 70
     1
102
RTVSPost2010Prop38
140
0.0
102
RTVSPost2010PropOp38
 70
     1
102
RTVSPost2010Prop39
140
1.0
102
RTVSPost2010PropOp39
 70
     1
102
RTVSPost2010Prop40
 90
        0
102
RTVSPost2010PropOp40
 70
     1
102
RTVSPost2010Prop41ColorIndex
 90
       18
102
RTVSPost2010Prop41ColorRGB
 90
        0
102
RTVSPost2010PropOp41
 70
     1
102
RTVSPost2010Prop42
 90
       50
102
RTVSPost2010PropOp42
 70
     1
102
RTVSPost2010Prop43
 90
        3
102
RTVSPost2010PropOp43
 70
     1
102
RTVSPost2010Prop44ColorIndex
 90
        5
102
RTVSPost2010Prop44ColorRGB
 90
      255
102
RTVSPost2010PropOp44
 70
     1
102
RTVSPost2010Prop45
280
     0
102
RTVSPost2010PropOp45
 70
     1
102
RTVSPost2010Prop46
 90
       50
102
RTVSPost2010PropOp46
 70
     1
102
RTVSPost2010Prop47
 90
       50
102
RTVSPost2010PropOp47
 70
     1
102
RTVSPost2010Prop48
 90
       50
102
RTVSPost2010PropOp48
 70
     1
102
RTVSPost2010Prop49
280
     0
102
RTVSPost2010PropOp49
 70
     1
102
RTVSPost2010Prop50
 90
       50
102
RTVSPost2010PropOp50
 70
     1
102
RTVSPost2010Prop51ColorIndex
 90
      256
102
RTVSPost2010Prop51ColorRGB
 90
-16777216
102
RTVSPost2010PropOp51
 70
     0
102
RTVSPost2010Prop52
140
1.0
102
RTVSPost2010PropOp52
 70
     0
102
RTVSPost2010Prop53
 90
        2
102
RTVSPost2010PropOp53
 70
     1
102
RTVSPost2010Prop54
  1
strokes_ogs.tif
102
RTVSPost2010PropOp54
 70
     1
102
RTVSPost2010Prop55
280
     0
102
RTVSPost2010PropOp55
 70
     1
102
RTVSPost2010Prop56
140
1.0
102
RTVSPost2010PropOp56
 70
     1
102
RTVSPost2010Prop57
140
1.0
102
RTVSPost2010PropOp57
 70
     1
  0
ENDSEC
  0
EOF
