  0
SECTION
  2
HEADER
  9
$ACADVER
  1
AC1024
  9
$ACADMAINTVER
 70
     6
  9
$DWGCODEPAGE
  3
MAC-ROMAN
  9
$INSBASE
 10
0.0
 20
0.0
 30
0.0
  9
$EXTMIN
 10
1.000000000000000E+20
 20
1.000000000000000E+20
 30
1.000000000000000E+20
  9
$EXTMAX
 10
-1.000000000000000E+20
 20
-1.000000000000000E+20
 30
-1.000000000000000E+20
  9
$LIMMIN
 10
0.0
 20
0.0
  9
$LIMMAX
 10
420.0
 20
297.0
  9
$ORTHOMODE
 70
     0
  9
$REGENMODE
 70
     1
  9
$FILLMODE
 70
     1
  9
$QTEXTMODE
 70
     0
  9
$MIRRTEXT
 70
     1
  9
$LTSCALE
 40
1.0
  9
$ATTMODE
 70
     1
  9
$TEXTSIZE
 40
2.5
  9
$TRACEWID
 40
1.0
  9
$TEXTSTYLE
  7
Standard
  9
$CLAYER
  8
0
  9
$CELTYPE
  6
ByLayer
  9
$CECOLOR
 62
   256
  9
$CELTSCALE
 40
1.0
  9
$DISPSILH
 70
     0
  9
$DIMSCALE
 40
1.0
  9
$DIMASZ
 40
2.5
  9
$DIMEXO
 40
0.625
  9
$DIMDLI
 40
3.75
  9
$DIMRND
 40
0.01
  9
$DIMDLE
 40
0.0
  9
$DIMEXE
 40
1.25
  9
$DIMTP
 40
0.0
  9
$DIMTM
 40
0.0
  9
$DIMTXT
 40
2.5
  9
$DIMCEN
 40
2.5
  9
$DIMTSZ
 40
0.0
  9
$DIMTOL
 70
     0
  9
$DIMLIM
 70
     0
  9
$DIMTIH
 70
     0
  9
$DIMTOH
 70
     0
  9
$DIMSE1
 70
     0
  9
$DIMSE2
 70
     0
  9
$DIMTAD
 70
     1
  9
$DIMZIN
 70
     8
  9
$DIMBLK
  1

  9
$DIMASO
 70
     1
  9
$DIMSHO
 70
     1
  9
$DIMPOST
  1

  9
$DIMAPOST
  1

  9
$DIMALT
 70
     0
  9
$DIMALTD
 70
     3
  9
$DIMALTF
 40
0.0393700787401575
  9
$DIMLFAC
 40
1.0
  9
$DIMTOFL
 70
     1
  9
$DIMTVP
 40
0.0
  9
$DIMTIX
 70
     0
  9
$DIMSOXD
 70
     0
  9
$DIMSAH
 70
     0
  9
$DIMBLK1
  1

  9
$DIMBLK2
  1

  9
$DIMSTYLE
  2
ISO-25
  9
$DIMCLRD
 70
     0
  9
$DIMCLRE
 70
     0
  9
$DIMCLRT
 70
     0
  9
$DIMTFAC
 40
1.0
  9
$DIMGAP
 40
0.7
  9
$DIMJUST
 70
     0
  9
$DIMSD1
 70
     0
  9
$DIMSD2
 70
     0
  9
$DIMTOLJ
 70
     0
  9
$DIMTZIN
 70
     8
  9
$DIMALTZ
 70
     0
  9
$DIMALTTZ
 70
     0
  9
$DIMUPT
 70
     0
  9
$DIMDEC
 70
     2
  9
$DIMTDEC
 70
     2
  9
$DIMALTU
 70
     2
  9
$DIMALTTD
 70
     3
  9
$DIMTXSTY
  7
Standard
  9
$DIMAUNIT
 70
     0
  9
$DIMADEC
 70
     2
  9
$DIMALTRND
 40
0.0
  9
$DIMAZIN
 70
     0
  9
$DIMDSEP
 70
    44
  9
$DIMATFIT
 70
     3
  9
$DIMFRAC
 70
     2
  9
$DIMLDRBLK
  1

  9
$DIMLUNIT
 70
     2
  9
$DIMLWD
 70
    15
  9
$DIMLWE
 70
    15
  9
$DIMTMOVE
 70
     0
  9
$DIMFXL
 40
1.0
  9
$DIMFXLON
 70
     0
  9
$DIMJOGANG
 40
0.7853981633974483
  9
$DIMTFILL
 70
     0
  9
$DIMTFILLCLR
 70
     0
  9
$DIMARCSYM
 70
     0
  9
$DIMLTYPE
  6

  9
$DIMLTEX1
  6

  9
$DIMLTEX2
  6

  9
$DIMTXTDIRECTION
 70
     0
  9
$LUNITS
 70
     2
  9
$LUPREC
 70
     4
  9
$SKETCHINC
 40
1.0
  9
$FILLETRAD
 40
0.0
  9
$AUNITS
 70
     0
  9
$AUPREC
 70
     0
  9
$MENU
  1
.
  9
$ELEVATION
 40
0.0
  9
$PELEVATION
 40
0.0
  9
$THICKNESS
 40
0.0
  9
$LIMCHECK
 70
     0
  9
$CHAMFERA
 40
0.0
  9
$CHAMFERB
 40
0.0
  9
$CHAMFERC
 40
0.0
  9
$CHAMFERD
 40
0.0
  9
$SKPOLY
 70
     0
  9
$TDCREATE
 40
2461283.511305301
  9
$TDUCREATE
 40
2461283.844638635
  9
$TDUPDATE
 40
2461283.511305487
  9
$TDUUPDATE
 40
2461283.84463882
  9
$TDINDWG
 40
0.0000000116
  9
$TDUSRTIMER
 40
0.0000000116
  9
$USRTIMER
 70
     1
  9
$ANGBASE
 50
0.0
  9
$ANGDIR
 70
     0
  9
$PDMODE
 70
     0
  9
$PDSIZE
 40
0.0
  9
$PLINEWID
 40
0.0
  9
$SPLFRAME
 70
     0
  9
$SPLINETYPE
 70
     6
  9
$SPLINESEGS
 70
     8
  9
$HANDSEED
  5
58A
  9
$SURFTAB1
 70
     6
  9
$SURFTAB2
 70
     6
  9
$SURFTYPE
 70
     6
  9
$SURFU
 70
     6
  9
$SURFV
 70
     6
  9
$UCSBASE
  2

  9
$UCSNAME
  2

  9
$UCSORG
 10
0.0
 20
0.0
 30
0.0
  9
$UCSXDIR
 10
1.0
 20
0.0
 30
0.0
  9
$UCSYDIR
 10
0.0
 20
1.0
 30
0.0
  9
$UCSORTHOREF
  2

  9
$UCSORTHOVIEW
 70
     0
  9
$UCSORGTOP
 10
0.0
 20
0.0
 30
0.0
  9
$UCSORGBOTTOM
 10
0.0
 20
0.0
 30
0.0
  9
$UCSORGLEFT
 10
0.0
 20
0.0
 30
0.0
  9
$UCSORGRIGHT
 10
0.0
 20
0.0
 30
0.0
  9
$UCSORGFRONT
 10
0.0
 20
0.0
 30
0.0
  9
$UCSORGBACK
 10
0.0
 20
0.0
 30
0.0
  9
$PUCSBASE
  2

  9
$PUCSNAME
  2

  9
$PUCSORG
 10
0.0
 20
0.0
 30
0.0
  9
$PUCSXDIR
 10
1.0
 20
0.0
 30
0.0
  9
$PUCSYDIR
 10
0.0
 20
1.0
 30
0.0
  9
$PUCSORTHOREF
  2

  9
$PUCSORTHOVIEW
 70
     0
  9
$PUCSORGTOP
 10
0.0
 20
0.0
 30
0.0
  9
$PUCSORGBOTTOM
 10
0.0
 20
0.0
 30
0.0
  9
$PUCSORGLEFT
 10
0.0
 20
0.0
 30
0.0
  9
$PUCSORGRIGHT
 10
0.0
 20
0.0
 30
0.0
  9
$PUCSORGFRONT
 10
0.0
 20
0.0
 30
0.0
  9
$PUCSORGBACK
 10
0.0
 20
0.0
 30
0.0
  9
$USERI1
 70
     0
  9
$USERI2
 70
     0
  9
$USERI3
 70
     0
  9
$USERI4
 70
     0
  9
$USERI5
 70
     0
  9
$USERR1
 40
0.0
  9
$USERR2
 40
0.0
  9
$USERR3
 40
0.0
  9
$USERR4
 40
0.0
  9
$USERR5
 40
0.0
  9
$WORLDVIEW
 70
     1
  9
$SHADEDGE
 70
     3
  9
$SHADEDIF
 70
    70
  9
$TILEMODE
 70
     0
  9
$MAXACTVP
 70
    64
  9
$PINSBASE
 10
0.0
 20
0.0
 30
0.0
  9
$PLIMCHECK
 70
     0
  9
$PEXTMIN
 10
0.0
 20
0.0
 30
0.0
  9
$PEXTMAX
 10
0.0
 20
0.0
 30
0.0
  9
$PLIMMIN
 10
-20.0
 20
-7.5
  9
$PLIMMAX
 10
277.0
 20
202.5
  9
$UNITMODE
 70
     0
  9
$VISRETAIN
 70
     1
  9
$PLINEGEN
 70
     0
  9
$PSLTSCALE
 70
     1
  9
$TREEDEPTH
 70
  3020
  9
$CMLSTYLE
  2
Standard
  9
$CMLJUST
 70
     0
  9
$CMLSCALE
 40
20.0
  9
$PROXYGRAPHICS
 70
     1
  9
$MEASUREMENT
 70
     1
  9
$CELWEIGHT
370
    -1
  9
$ENDCAPS
280
     0
  9
$JOINSTYLE
280
     0
  9
$LWDISPLAY
290
     0
  9
$INSUNITS
 70
     4
  9
$HYPERLINKBASE
  1

  9
$STYLESHEET
  1

  9
$XEDIT
290
     1
  9
$CEPSNTYPE
380
     0
  9
$PSTYLEMODE
290
     1
  9
$FINGERPRINTGUID
  2
{87ff6715-1f9a-484c-b95f-ef0fece36cae}
  9
$VERSIONGUID
  2
{FAEB1C32-E019-11D5-929B-00C0DF256EC4}
  9
$EXTNAMES
290
     1
  9
$PSVPSCALE
 40
0.0
  9
$OLESTARTUP
290
     0
  9
$SORTENTS
280
   127
  9
$INDEXCTL
280
     0
  9
$HIDETEXT
280
     1
  9
$XCLIPFRAME
280
     2
  9
$HALOGAP
280
     0
  9
$OBSCOLOR
 70
   257
  9
$OBSLTYPE
280
     0
  9
$INTERSECTIONDISPLAY
280
     0
  9
$INTERSECTIONCOLOR
 70
   257
  9
$DIMASSOC
280
     2
  9
$PROJECTNAME
  1

  9
$CAMERADISPLAY
290
     0
  9
$LENSLENGTH
 40
50.0
  9
$CAMERAHEIGHT
 40
0.0
  9
$STEPSPERSEC
 40
2.0
  9
$STEPSIZE
 40
6.0
  9
$3DDWFPREC
 40
2.0
  9
$PSOLWIDTH
 40
5.0
  9
$PSOLHEIGHT
 40
80.0
  9
$LOFTANG1
 40
1.570796326794897
  9
$LOFTANG2
 40
1.570796326794897
  9
$LOFTMAG1
 40
0.0
  9
$LOFTMAG2
 40
0.0
  9
$LOFTPARAM
 70
     7
  9
$LOFTNORMALS
280
     1
  9
$LATITUDE
 40
37.795
  9
$LONGITUDE
 40
-122.394
  9
$NORTHDIRECTION
 40
0.0
  9
$TIMEZONE
 70
 -8000
  9
$LIGHTGLYPHDISPLAY
280
     1
  9
$TILEMODELIGHTSYNCH
280
     1
  9
$CMATERIAL
347
44
  9
$SOLIDHIST
280
     0
  9
$SHOWHIST
280
     1
  9
$DWFFRAME
280
     2
  9
$DGNFRAME
280
     2
  9
$REALWORLDSCALE
290
     1
  9
$INTERFERECOLOR
 62
   256
  9
$CSHADOW
280
     0
  9
$SHADOWPLANELOCATION
 40
0.0
  0
ENDSEC
  0
SECTION
  2
CLASSES
  0
CLASS
  1
ACDBDICTIONARYWDFLT
  2
AcDbDictionaryWithDefault
  3
ObjectDBX Classes
 90
        0
 91
        3
280
     0
281
     0
  0
CLASS
  1
VISUALSTYLE
  2
AcDbVisualStyle
  3
ObjectDBX Classes
 90
     4095
 91
        3
280
     0
281
     0
  0
CLASS
  1
MATERIAL
  2
AcDbMaterial
  3
ObjectDBX Classes
 90
     1153
 91
        3
280
     0
281
     0
  0
CLASS
  1
SCALE
  2
AcDbScale
  3
ObjectDBX Classes
 90
     1153
 91
        3
280
     0
281
     0
  0
CLASS
  1
TABLESTYLE
  2
AcDbTableStyle
  3
ObjectDBX Classes
 90
     4095
 91
        3
280
     0
281
     0
  0
CLASS
  1
MLEADERSTYLE
  2
AcDbMLeaderStyle
  3
ACDB_MLEADERSTYLE_CLASS
 90
     4095
 91
        3
280
     0
281
     0
  0
CLASS
  1
SUN
  2
AcDbSun
  3
SCENEOE
 90
     1153
 91
        3
280
     0
281
     0
  0
CLASS
  1
DICTIONARYVAR
  2
AcDbDictionaryVar
  3
ObjectDBX Classes
 90
        0
 91
        3
280
     0
281
     0
  0
CLASS
  1
CELLSTYLEMAP
  2
AcDbCellStyleMap
  3
ObjectDBX Classes
 90
     1152
 91
        3
280
     0
281
     0
  0
ENDSEC
  0
SECTION
  2
TABLES
  0
TABLE
  2
VPORT
  5
8
330
0
100
AcDbSymbolTable
 70
     1
  0
VPORT
  5
29
330
8
100
AcDbSymbolTableRecord
100
AcDbViewportTableRecord
  2
*Active
 70
     0
 10
0.0
 20
0.0
 11
1.0
 21
1.0
 12
210.0
 22
148.5
 13
0.0
 23
0.0
 14
10.0
 24
10.0
 15
10.0
 25
10.0
 16
0.0
 26
0.0
 36
1.0
 17
0.0
 27
0.0
 37
0.0
 40
297.0
 41
1.414141414141414
 42
50.0
 43
0.0
 44
0.0
 50
0.0
 51
0.0
 71
     0
 72
   100
 73
     1
 74
     3
 75
     0
 76
     0
 77
     0
 78
     0
281
     0
 65
     1
110
0.0
120
0.0
130
0.0
111
1.0
121
0.0
131
0.0
112
0.0
122
1.0
132
0.0
 79
     0
146
0.0
348
2F
 60
     3
 61
     5
292
     1
282
     1
141
0.0
142
0.0
 63
   250
361
5D
  0
ENDTAB
  0
TABLE
  2
LTYPE
  5
5
330
0
100
AcDbSymbolTable
 70
     6
  0
LTYPE
  5
14
330
5
100
AcDbSymbolTableRecord
100
AcDbLinetypeTableRecord
  2
ByBlock
 70
     0
  3

 72
    65
 73
     0
 40
0.0
  0
LTYPE
  5
15
330
5
100
AcDbSymbolTableRecord
100
AcDbLinetypeTableRecord
  2
ByLayer
 70
     0
  3

 72
    65
 73
     0
 40
0.0
  0
LTYPE
  5
16
330
5
100
AcDbSymbolTableRecord
100
AcDbLinetypeTableRecord
  2
Continuous
 70
     0
  3
Solid line
 72
    65
 73
     0
 40
0.0
  0
LTYPE
  5
61
330
5
100
AcDbSymbolTableRecord
100
AcDbLinetypeTableRecord
  2
CenterLine
 70
     0
  3

 72
    65
 73
     4
 40
8.0
 49
5.0
 74
     0
 49
-1.0
 74
     0
 49
1.0
 74
     0
 49
-1.0
 74
     0
  0
LTYPE
  5
62
330
5
100
AcDbSymbolTableRecord
100
AcDbLinetypeTableRecord
  2
DraftedLine
 70
     0
  3

 72
    65
 73
     2
 40
3.0
 49
2.0
 74
     0
 49
-1.0
 74
     0
  0
LTYPE
  5
63
330
5
100
AcDbSymbolTableRecord
100
AcDbLinetypeTableRecord
  2
SectionLineISO
 70
     0
  3

 72
    65
 73
     5
 40
13.75833333333342
 49
4.23333333333336
 74
     0
 49
-2.11666666666668
 74
     0
 49
1.05833333333334
 74
     0
 49
-2.11666666666668
 74
     0
 49
4.23333333333336
 74
     0
  0
LTYPE
  5
64
330
5
100
AcDbSymbolTableRecord
100
AcDbLinetypeTableRecord
  2
SectionLineANSI
 70
     0
  3

 72
    65
 73
     7
 40
11.99444444444452
 49
4.23333333333336
 74
     0
 49
-1.05833333333334
 74
     0
 49
0.17638888888889
 74
     0
 49
-1.05833333333334
 74
     0
 49
0.17638888888889
 74
     0
 49
-1.05833333333334
 74
     0
 49
4.23333333333336
 74
     0
  0
LTYPE
  5
65
330
5
100
AcDbSymbolTableRecord
100
AcDbLinetypeTableRecord
  2
DetailCircleISO
 70
     0
  3

 72
    65
 73
     5
 40
13.75833333333342
 49
4.23333333333336
 74
     0
 49
-2.11666666666668
 74
     0
 49
1.05833333333334
 74
     0
 49
-2.11666666666668
 74
     0
 49
4.23333333333336
 74
     0
  0
ENDTAB
  0
TABLE
  2
LAYER
  5
2
330
0
100
AcDbSymbolTable
 70
     5
  0
LAYER
  5
10
330
2
100
AcDbSymbolTableRecord
100
AcDbLayerTableRecord
  2
0
 70
     0
 62
     7
  6
Continuous
370
    -3
390
F
347
46
  0
LAYER
  5
5E
330
2
100
AcDbSymbolTableRecord
100
AcDbLayerTableRecord
  2
Geometries
 70
     0
 62
     7
  6
Continuous
370
    -3
390
F
347
46
  0
LAYER
  5
5F
330
2
100
AcDbSymbolTableRecord
100
AcDbLayerTableRecord
  2
Annotations
 70
     0
 62
     7
  6
Continuous
370
    -3
390
F
347
46
  0
LAYER
  5
60
330
2
100
AcDbSymbolTableRecord
100
AcDbLayerTableRecord
  2
Border
 70
     0
 62
     7
  6
Continuous
370
    -3
390
F
347
46
  0
LAYER
  5
411
330
2
100
AcDbSymbolTableRecord
100
AcDbLayerTableRecord
  2
Defpoints
 70
     0
 62
     7
  6
Continuous
290
     0
370
    -3
390
F
347
46
  0
ENDTAB
  0
TABLE
  2
STYLE
  5
3
330
0
100
AcDbSymbolTable
 70
    42
  0
STYLE
  5
11
330
3
100
AcDbSymbolTableRecord
100
AcDbTextStyleTableRecord
  2
Standard
 70
     0
 40
0.0
 41
1.0
 50
0.0
 71
     0
 42
2.5
  3
txt
  4

  0
STYLE
  5
66
330
3
100
AcDbSymbolTableRecord
100
AcDbTextStyleTableRecord
  2
Shapr0
 70
     0
 40
3.3495
 41
1.0
 50
0.0
 71
     0
 42
2.5
  3

  4

  0
STYLE
  5
67
330
3
100
AcDbSymbolTableRecord
100
AcDbTextStyleTableRecord
  2
Shapr1
 70
     0
 40
3.3495
 41
1.0
 50
0.0
 71
     0
 42
2.5
  3

  4

  0
STYLE
  5
68
330
3
100
AcDbSymbolTableRecord
100
AcDbTextStyleTableRecord
  2
Shapr2
 70
     0
 40
3.3495
 41
1.0
 50
0.0
 71
     0
 42
2.5
  3

  4

  0
STYLE
  5
69
330
3
100
AcDbSymbolTableRecord
100
AcDbTextStyleTableRecord
  2
Shapr3
 70
     0
 40
3.3495
 41
1.0
 50
0.0
 71
     0
 42
2.5
  3

  4

  0
STYLE
  5
6A
330
3
100
AcDbSymbolTableRecord
100
AcDbTextStyleTableRecord
  2
Shapr4
 70
     0
 40
3.3495
 41
1.0
 50
0.0
 71
     0
 42
2.5
  3

  4

  0
STYLE
  5
6B
330
3
100
AcDbSymbolTableRecord
100
AcDbTextStyleTableRecord
  2
Shapr5
 70
     0
 40
3.3495
 41
1.0
 50
0.0
 71
     0
 42
2.5
  3

  4

  0
STYLE
  5
6C
330
3
100
AcDbSymbolTableRecord
100
AcDbTextStyleTableRecord
  2
Shapr6
 70
     0
 40
3.3495
 41
1.0
 50
0.0
 71
     0
 42
2.5
  3

  4

  0
STYLE
  5
6D
330
3
100
AcDbSymbolTableRecord
100
AcDbTextStyleTableRecord
  2
Shapr7
 70
     0
 40
3.3495
 41
1.0
 50
0.0
 71
     0
 42
2.5
  3

  4

  0
STYLE
  5
6E
330
3
100
AcDbSymbolTableRecord
100
AcDbTextStyleTableRecord
  2
Shapr8
 70
     0
 40
3.3495
 41
1.0
 50
0.0
 71
     0
 42
2.5
  3

  4

  0
STYLE
  5
6F
330
3
100
AcDbSymbolTableRecord
100
AcDbTextStyleTableRecord
  2
Shapr9
 70
     0
 40
3.3495
 41
1.0
 50
0.0
 71
     0
 42
2.5
  3

  4

  0
STYLE
  5
70
330
3
100
AcDbSymbolTableRecord
100
AcDbTextStyleTableRecord
  2
Shapr10
 70
     0
 40
3.3495
 41
1.0
 50
0.0
 71
     0
 42
2.5
  3

  4

  0
STYLE
  5
71
330
3
100
AcDbSymbolTableRecord
100
AcDbTextStyleTableRecord
  2
Shapr11
 70
     0
 40
3.3495
 41
1.0
 50
0.0
 71
     0
 42
2.5
  3

  4

  0
STYLE
  5
72
330
3
100
AcDbSymbolTableRecord
100
AcDbTextStyleTableRecord
  2
Shapr12
 70
     0
 40
3.3495
 41
1.0
 50
0.0
 71
     0
 42
2.5
  3

  4

  0
STYLE
  5
73
330
3
100
AcDbSymbolTableRecord
100
AcDbTextStyleTableRecord
  2
Shapr13
 70
     0
 40
3.3495
 41
1.0
 50
0.0
 71
     0
 42
2.5
  3

  4

  0
STYLE
  5
74
330
3
100
AcDbSymbolTableRecord
100
AcDbTextStyleTableRecord
  2
Shapr14
 70
     0
 40
3.3495
 41
1.0
 50
0.0
 71
     0
 42
2.5
  3

  4

  0
STYLE
  5
75
330
3
100
AcDbSymbolTableRecord
100
AcDbTextStyleTableRecord
  2
Shapr15
 70
     0
 40
3.3495
 41
1.0
 50
0.0
 71
     0
 42
2.5
  3

  4

  0
STYLE
  5
76
330
3
100
AcDbSymbolTableRecord
100
AcDbTextStyleTableRecord
  2
Shapr16
 70
     0
 40
3.3495
 41
1.0
 50
0.0
 71
     0
 42
2.5
  3

  4

  0
STYLE
  5
77
330
3
100
AcDbSymbolTableRecord
100
AcDbTextStyleTableRecord
  2
Shapr17
 70
     0
 40
3.3495
 41
1.0
 50
0.0
 71
     0
 42
2.5
  3

  4

  0
STYLE
  5
78
330
3
100
AcDbSymbolTableRecord
100
AcDbTextStyleTableRecord
  2
Shapr18
 70
     0
 40
3.3495
 41
1.0
 50
0.0
 71
     0
 42
2.5
  3

  4

  0
STYLE
  5
79
330
3
100
AcDbSymbolTableRecord
100
AcDbTextStyleTableRecord
  2
Shapr19
 70
     0
 40
3.3495
 41
1.0
 50
0.0
 71
     0
 42
2.5
  3

  4

  0
STYLE
  5
7A
330
3
100
AcDbSymbolTableRecord
100
AcDbTextStyleTableRecord
  2
Shapr20
 70
     0
 40
3.3495
 41
1.0
 50
0.0
 71
     0
 42
2.5
  3

  4

  0
STYLE
  5
7B
330
3
100
AcDbSymbolTableRecord
100
AcDbTextStyleTableRecord
  2
Shapr21
 70
     0
 40
3.3495
 41
1.0
 50
0.0
 71
     0
 42
2.5
  3

  4

  0
STYLE
  5
7C
330
3
100
AcDbSymbolTableRecord
100
AcDbTextStyleTableRecord
  2
Shapr22
 70
     0
 40
3.3495
 41
1.0
 50
0.0
 71
     0
 42
2.5
  3

  4

  0
STYLE
  5
7D
330
3
100
AcDbSymbolTableRecord
100
AcDbTextStyleTableRecord
  2
Shapr23
 70
     0
 40
3.3495
 41
1.0
 50
0.0
 71
     0
 42
2.5
  3

  4

  0
STYLE
  5
7E
330
3
100
AcDbSymbolTableRecord
100
AcDbTextStyleTableRecord
  2
Shapr24
 70
     0
 40
3.3495
 41
1.0
 50
0.0
 71
     0
 42
2.5
  3

  4

  0
STYLE
  5
7F
330
3
100
AcDbSymbolTableRecord
100
AcDbTextStyleTableRecord
  2
Shapr25
 70
     0
 40
3.3495
 41
1.0
 50
0.0
 71
     0
 42
2.5
  3

  4

  0
STYLE
  5
80
330
3
100
AcDbSymbolTableRecord
100
AcDbTextStyleTableRecord
  2
Shapr26
 70
     0
 40
3.3495
 41
1.0
 50
0.0
 71
     0
 42
2.5
  3

  4

  0
STYLE
  5
81
330
3
100
AcDbSymbolTableRecord
100
AcDbTextStyleTableRecord
  2
Shapr27
 70
     0
 40
3.3495
 41
1.0
 50
0.0
 71
     0
 42
2.5
  3

  4

  0
STYLE
  5
82
330
3
100
AcDbSymbolTableRecord
100
AcDbTextStyleTableRecord
  2
Shapr28
 70
     0
 40
3.3495
 41
1.0
 50
0.0
 71
     0
 42
2.5
  3

  4

  0
STYLE
  5
83
330
3
100
AcDbSymbolTableRecord
100
AcDbTextStyleTableRecord
  2
Shapr29
 70
     0
 40
3.3495
 41
1.0
 50
0.0
 71
     0
 42
2.5
  3

  4

  0
STYLE
  5
84
330
3
100
AcDbSymbolTableRecord
100
AcDbTextStyleTableRecord
  2
Shapr30
 70
     0
 40
3.3495
 41
1.0
 50
0.0
 71
     0
 42
2.5
  3

  4

  0
STYLE
  5
85
330
3
100
AcDbSymbolTableRecord
100
AcDbTextStyleTableRecord
  2
Shapr31
 70
     0
 40
3.3495
 41
1.0
 50
0.0
 71
     0
 42
2.5
  3

  4

  0
STYLE
  5
86
330
3
100
AcDbSymbolTableRecord
100
AcDbTextStyleTableRecord
  2
Shapr32
 70
     0
 40
3.3495
 41
1.0
 50
0.0
 71
     0
 42
2.5
  3

  4

  0
STYLE
  5
87
330
3
100
AcDbSymbolTableRecord
100
AcDbTextStyleTableRecord
  2
Shapr33
 70
     0
 40
3.3495
 41
1.0
 50
0.0
 71
     0
 42
2.5
  3

  4

  0
STYLE
  5
88
330
3
100
AcDbSymbolTableRecord
100
AcDbTextStyleTableRecord
  2
Shapr34
 70
     0
 40
3.3495
 41
1.0
 50
0.0
 71
     0
 42
2.5
  3

  4

  0
STYLE
  5
89
330
3
100
AcDbSymbolTableRecord
100
AcDbTextStyleTableRecord
  2
Shapr35
 70
     0
 40
3.3495
 41
1.0
 50
0.0
 71
     0
 42
2.5
  3

  4

  0
STYLE
  5
8A
330
3
100
AcDbSymbolTableRecord
100
AcDbTextStyleTableRecord
  2
Shapr36
 70
     0
 40
3.3495
 41
1.0
 50
0.0
 71
     0
 42
2.5
  3

  4

  0
STYLE
  5
8B
330
3
100
AcDbSymbolTableRecord
100
AcDbTextStyleTableRecord
  2
Shapr37
 70
     0
 40
3.3495
 41
1.0
 50
0.0
 71
     0
 42
2.5
  3

  4

  0
STYLE
  5
8C
330
3
100
AcDbSymbolTableRecord
100
AcDbTextStyleTableRecord
  2
Shapr38
 70
     0
 40
3.3495
 41
1.0
 50
0.0
 71
     0
 42
2.5
  3

  4

  0
STYLE
  5
8D
330
3
100
AcDbSymbolTableRecord
100
AcDbTextStyleTableRecord
  2
Shapr39
 70
     0
 40
3.3495
 41
1.0
 50
0.0
 71
     0
 42
2.5
  3

  4

  0
STYLE
  5
8E
330
3
100
AcDbSymbolTableRecord
100
AcDbTextStyleTableRecord
  2
Shapr40
 70
     0
 40
3.3495
 41
1.0
 50
0.0
 71
     0
 42
2.5
  3

  4

  0
ENDTAB
  0
TABLE
  2
VIEW
  5
6
330
0
100
AcDbSymbolTable
 70
     0
  0
ENDTAB
  0
TABLE
  2
UCS
  5
7
330
0
100
AcDbSymbolTable
 70
     0
  0
ENDTAB
  0
TABLE
  2
APPID
  5
9
330
0
100
AcDbSymbolTable
 70
     1
  0
APPID
  5
12
330
9
100
AcDbSymbolTableRecord
100
AcDbRegAppTableRecord
  2
ACAD
 70
     0
  0
ENDTAB
  0
TABLE
  2
DIMSTYLE
  5
A
330
0
100
AcDbSymbolTable
 70
     1
100
AcDbDimStyleTable
  0
DIMSTYLE
105
27
102
{ACAD_REACTORS
330
412
330
41F
330
42C
330
439
330
446
330
453
330
460
330
46D
330
47A
330
487
330
494
330
4A1
330
4AE
330
4BB
330
4C8
330
4D5
330
4E2
102
}
330
A
100
AcDbSymbolTableRecord
100
AcDbDimStyleTableRecord
  2
ISO-25
 70
     0
 41
2.5
 42
0.625
 43
3.75
 44
1.25
 73
     0
 74
     0
 77
     1
 78
     8
140
2.5
141
2.5
143
0.0393700787401575
147
0.625
171
     3
172
     1
178
     0
271
     2
272
     2
274
     3
278
    44
283
     0
284
     8
340
11
  0
ENDTAB
  0
TABLE
  2
BLOCK_RECORD
  5
1
330
0
100
AcDbSymbolTable
 70
    20
  0
BLOCK_RECORD
  5
1F
330
1
100
AcDbSymbolTableRecord
100
AcDbBlockTableRecord
  2
*Model_Space
340
22
 70
     4
280
     1
281
     0
  0
BLOCK_RECORD
  5
8F
330
1
100
AcDbSymbolTableRecord
100
AcDbBlockTableRecord
  2
*Paper_Space
340
90
 70
     0
280
     1
281
     0
  0
BLOCK_RECORD
  5
23
330
1
100
AcDbSymbolTableRecord
100
AcDbBlockTableRecord
  2
*Paper_Space0
340
26
 70
     0
280
     1
281
     0
  0
BLOCK_RECORD
  5
1B
330
1
100
AcDbSymbolTableRecord
100
AcDbBlockTableRecord
  2
*Paper_Space1
340
1E
 70
     4
280
     1
281
     0
  0
BLOCK_RECORD
  5
413
330
1
100
AcDbSymbolTableRecord
100
AcDbBlockTableRecord
  2
*D2
340
0
 70
     0
280
     1
281
     0
  0
BLOCK_RECORD
  5
420
330
1
100
AcDbSymbolTableRecord
100
AcDbBlockTableRecord
  2
*D3
340
0
 70
     0
280
     1
281
     0
  0
BLOCK_RECORD
  5
42D
330
1
100
AcDbSymbolTableRecord
100
AcDbBlockTableRecord
  2
*D4
340
0
 70
     0
280
     1
281
     0
  0
BLOCK_RECORD
  5
43A
330
1
100
AcDbSymbolTableRecord
100
AcDbBlockTableRecord
  2
*D5
340
0
 70
     0
280
     1
281
     0
  0
BLOCK_RECORD
  5
447
330
1
100
AcDbSymbolTableRecord
100
AcDbBlockTableRecord
  2
*D6
340
0
 70
     0
280
     1
281
     0
  0
BLOCK_RECORD
  5
454
330
1
100
AcDbSymbolTableRecord
100
AcDbBlockTableRecord
  2
*D7
340
0
 70
     0
280
     1
281
     0
  0
BLOCK_RECORD
  5
461
330
1
100
AcDbSymbolTableRecord
100
AcDbBlockTableRecord
  2
*D8
340
0
 70
     0
280
     1
281
     0
  0
BLOCK_RECORD
  5
46E
330
1
100
AcDbSymbolTableRecord
100
AcDbBlockTableRecord
  2
*D9
340
0
 70
     0
280
     1
281
     0
  0
BLOCK_RECORD
  5
47B
330
1
100
AcDbSymbolTableRecord
100
AcDbBlockTableRecord
  2
*D10
340
0
 70
     0
280
     1
281
     0
  0
BLOCK_RECORD
  5
488
330
1
100
AcDbSymbolTableRecord
100
AcDbBlockTableRecord
  2
*D11
340
0
 70
     0
280
     1
281
     0
  0
BLOCK_RECORD
  5
495
330
1
100
AcDbSymbolTableRecord
100
AcDbBlockTableRecord
  2
*D12
340
0
 70
     0
280
     1
281
     0
  0
BLOCK_RECORD
  5
4A2
330
1
100
AcDbSymbolTableRecord
100
AcDbBlockTableRecord
  2
*D13
340
0
 70
     0
280
     1
281
     0
  0
BLOCK_RECORD
  5
4AF
330
1
100
AcDbSymbolTableRecord
100
AcDbBlockTableRecord
  2
*D14
340
0
 70
     0
280
     1
281
     0
  0
BLOCK_RECORD
  5
4BC
330
1
100
AcDbSymbolTableRecord
100
AcDbBlockTableRecord
  2
*D15
340
0
 70
     0
280
     1
281
     0
  0
BLOCK_RECORD
  5
4C9
330
1
100
AcDbSymbolTableRecord
100
AcDbBlockTableRecord
  2
*D16
340
0
 70
     0
280
     1
281
     0
  0
BLOCK_RECORD
  5
4D6
330
1
100
AcDbSymbolTableRecord
100
AcDbBlockTableRecord
  2
*D17
340
0
 70
     0
280
     1
281
     0
  0
BLOCK_RECORD
  5
4E3
330
1
100
AcDbSymbolTableRecord
100
AcDbBlockTableRecord
  2
*D18
340
0
 70
     0
280
     1
281
     0
  0
BLOCK_RECORD
  5
527
330
1
100
AcDbSymbolTableRecord
100
AcDbBlockTableRecord
  2
*U19
340
0
102
{BLKREFS
331
541
102
}
 70
     0
280
     1
281
     0
  0
ENDTAB
  0
ENDSEC
  0
SECTION
  2
BLOCKS
  0
BLOCK
  5
20
330
1F
100
AcDbEntity
  8
0
100
AcDbBlockBegin
  2
*Model_Space
 70
     0
 10
0.0
 20
0.0
 30
0.0
  3
*Model_Space
  1

  0
ENDBLK
  5
21
330
1F
100
AcDbEntity
  8
0
100
AcDbBlockEnd
  0
BLOCK
  5
91
330
8F
100
AcDbEntity
 67
     1
  8
0
100
AcDbBlockBegin
  2
*Paper_Space
 70
     0
 10
0.0
 20
0.0
 30
0.0
  3
*Paper_Space
  1

  0
ENDBLK
  5
92
330
8F
100
AcDbEntity
 67
     1
  8
0
100
AcDbBlockEnd
  0
BLOCK
  5
24
330
23
100
AcDbEntity
  8
0
100
AcDbBlockBegin
  2
*Paper_Space0
 70
     0
 10
0.0
 20
0.0
 30
0.0
  3
*Paper_Space0
  1

  0
ENDBLK
  5
25
330
23
100
AcDbEntity
  8
0
100
AcDbBlockEnd
  0
BLOCK
  5
1C
330
1B
100
AcDbEntity
  8
0
100
AcDbBlockBegin
  2
*Paper_Space1
 70
     0
 10
0.0
 20
0.0
 30
0.0
  3
*Paper_Space1
  1

  0
ENDBLK
  5
1D
330
1B
100
AcDbEntity
  8
0
100
AcDbBlockEnd
  0
BLOCK
  5
414
330
413
100
AcDbEntity
  8
0
100
AcDbBlockBegin
  2
*D2
 70
     1
 10
0.0
 20
0.0
 30
0.0
  3
*D2
  1

  0
LINE
  5
416
330
413
100
AcDbEntity
  8
Annotations
  6
Continuous
 62
     0
370
    15
100
AcDbLine
 10
83.87268293840052
 20
205.125
 30
0.0
 11
83.87268293840052
 21
184.5
 31
0.0
  0
LINE
  5
417
330
413
100
AcDbEntity
  8
Annotations
  6
Continuous
 62
     0
370
    15
100
AcDbLine
 10
150.8725214436613
 20
205.125
 30
0.0
 11
150.8725214436613
 21
184.5
 31
0.0
  0
LINE
  5
418
330
413
100
AcDbEntity
  8
Annotations
  6
Continuous
 62
     0
370
    15
100
AcDbLine
 10
86.37268293840052
 20
185.75
 30
0.0
 11
148.3725214436613
 21
185.75
 31
0.0
  0
SOLID
  5
419
330
413
100
AcDbEntity
  8
Annotations
 62
     0
100
AcDbTrace
 10
86.37268293840052
 20
186.1666666666667
 30
0.0
 11
86.37268293840052
 21
185.3333333333333
 31
0.0
 12
83.87268293840052
 22
185.75
 32
0.0
 13
83.87268293840052
 23
185.75
 33
0.0
  0
SOLID
  5
41A
330
413
100
AcDbEntity
  8
Annotations
 62
     0
100
AcDbTrace
 10
148.3725214436613
 20
185.3333333333333
 30
0.0
 11
148.3725214436613
 21
186.1666666666667
 31
0.0
 12
150.8725214436613
 22
185.75
 32
0.0
 13
150.8725214436613
 23
185.75
 33
0.0
  0
MTEXT
  5
41B
330
413
100
AcDbEntity
  8
Annotations
 62
     0
370
    15
100
AcDbMText
 10
117.3726021910309
 20
188.12475
 30
0.0
 40
3.3495
 41
0.0
 46
0.0
 71
     5
 72
     1
  1
\A1;67
  7
Shapr15
 73
     1
 44
1.0
  0
POINT
  5
41C
330
413
100
AcDbEntity
  8
Defpoints
 62
     0
100
AcDbPoint
 10
83.87268293840052
 20
205.75
 30
0.0
  0
POINT
  5
41D
330
413
100
AcDbEntity
  8
Defpoints
 62
     0
100
AcDbPoint
 10
150.8725214436613
 20
205.75
 30
0.0
  0
POINT
  5
41E
330
413
100
AcDbEntity
  8
Defpoints
 62
     0
100
AcDbPoint
 10
150.8725214436613
 20
185.75
 30
0.0
  0
ENDBLK
  5
415
330
413
100
AcDbEntity
  8
0
100
AcDbBlockEnd
  0
BLOCK
  5
421
330
420
100
AcDbEntity
  8
0
100
AcDbBlockBegin
  2
*D3
 70
     1
 10
0.0
 20
0.0
 30
0.0
  3
*D3
  1

  0
LINE
  5
423
330
420
100
AcDbEntity
  8
Annotations
  6
Continuous
 62
     0
370
    15
100
AcDbLine
 10
85.02738069352509
 20
248.375
 30
0.0
 11
85.02738069352509
 21
261.0
 31
0.0
  0
LINE
  5
424
330
420
100
AcDbEntity
  8
Annotations
  6
Continuous
 62
     0
370
    15
100
AcDbLine
 10
100.6226425647157
 20
248.375
 30
0.0
 11
100.6226425647157
 21
261.0
 31
0.0
  0
LINE
  5
425
330
420
100
AcDbEntity
  8
Annotations
  6
Continuous
 62
     0
370
    15
100
AcDbLine
 10
87.52738069352509
 20
259.75
 30
0.0
 11
98.1226425647157
 21
259.75
 31
0.0
  0
SOLID
  5
426
330
420
100
AcDbEntity
  8
Annotations
 62
     0
100
AcDbTrace
 10
87.52738069352509
 20
260.1666666666667
 30
0.0
 11
87.52738069352509
 21
259.3333333333333
 31
0.0
 12
85.02738069352509
 22
259.75
 32
0.0
 13
85.02738069352509
 23
259.75
 33
0.0
  0
SOLID
  5
427
330
420
100
AcDbEntity
  8
Annotations
 62
     0
100
AcDbTrace
 10
98.1226425647157
 20
259.3333333333333
 30
0.0
 11
98.1226425647157
 21
260.1666666666667
 31
0.0
 12
100.6226425647157
 22
259.75
 32
0.0
 13
100.6226425647157
 23
259.75
 33
0.0
  0
MTEXT
  5
428
330
420
100
AcDbEntity
  8
Annotations
 62
     0
370
    15
100
AcDbMText
 10
92.8250116291204
 20
262.44375
 30
0.0
 40
3.3495
 41
0.0
 46
0.0
 71
     5
 72
     1
  1
\A1;15,6
  7
Shapr15
 73
     1
 44
1.0
  0
POINT
  5
429
330
420
100
AcDbEntity
  8
Defpoints
 62
     0
100
AcDbPoint
 10
85.02738069352509
 20
247.75
 30
0.0
  0
POINT
  5
42A
330
420
100
AcDbEntity
  8
Defpoints
 62
     0
100
AcDbPoint
 10
100.6226425647157
 20
247.75
 30
0.0
  0
POINT
  5
42B
330
420
100
AcDbEntity
  8
Defpoints
 62
     0
100
AcDbPoint
 10
100.6226425647157
 20
259.75
 30
0.0
  0
ENDBLK
  5
422
330
420
100
AcDbEntity
  8
0
100
AcDbBlockEnd
  0
BLOCK
  5
42E
330
42D
100
AcDbEntity
  8
0
100
AcDbBlockBegin
  2
*D4
 70
     1
 10
0.0
 20
0.0
 30
0.0
  3
*D4
  1

  0
LINE
  5
430
330
42D
100
AcDbEntity
  8
Annotations
  6
Continuous
 62
     0
370
    15
100
AcDbLine
 10
134.1225618173461
 20
248.375
 30
0.0
 11
134.1225618173461
 21
261.0
 31
0.0
  0
LINE
  5
431
330
42D
100
AcDbEntity
  8
Annotations
  6
Continuous
 62
     0
370
    15
100
AcDbLine
 10
149.7178236885367
 20
248.375
 30
0.0
 11
149.7178236885367
 21
261.0
 31
0.0
  0
LINE
  5
432
330
42D
100
AcDbEntity
  8
Annotations
  6
Continuous
 62
     0
370
    15
100
AcDbLine
 10
136.6225618173461
 20
259.75
 30
0.0
 11
147.2178236885367
 21
259.75
 31
0.0
  0
SOLID
  5
433
330
42D
100
AcDbEntity
  8
Annotations
 62
     0
100
AcDbTrace
 10
136.6225618173461
 20
260.1666666666667
 30
0.0
 11
136.6225618173461
 21
259.3333333333333
 31
0.0
 12
134.1225618173461
 22
259.75
 32
0.0
 13
134.1225618173461
 23
259.75
 33
0.0
  0
SOLID
  5
434
330
42D
100
AcDbEntity
  8
Annotations
 62
     0
100
AcDbTrace
 10
147.2178236885367
 20
259.3333333333333
 30
0.0
 11
147.2178236885367
 21
260.1666666666667
 31
0.0
 12
149.7178236885367
 22
259.75
 32
0.0
 13
149.7178236885367
 23
259.75
 33
0.0
  0
MTEXT
  5
435
330
42D
100
AcDbEntity
  8
Annotations
 62
     0
370
    15
100
AcDbMText
 10
141.9201927529414
 20
262.44375
 30
0.0
 40
3.3495
 41
0.0
 46
0.0
 71
     5
 72
     1
  1
\A1;15,6
  7
Shapr15
 73
     1
 44
1.0
  0
POINT
  5
436
330
42D
100
AcDbEntity
  8
Defpoints
 62
     0
100
AcDbPoint
 10
134.1225618173461
 20
247.75
 30
0.0
  0
POINT
  5
437
330
42D
100
AcDbEntity
  8
Defpoints
 62
     0
100
AcDbPoint
 10
149.7178236885367
 20
247.75
 30
0.0
  0
POINT
  5
438
330
42D
100
AcDbEntity
  8
Defpoints
 62
     0
100
AcDbPoint
 10
149.7178236885367
 20
259.75
 30
0.0
  0
ENDBLK
  5
42F
330
42D
100
AcDbEntity
  8
0
100
AcDbBlockEnd
  0
BLOCK
  5
43B
330
43A
100
AcDbEntity
  8
0
100
AcDbBlockBegin
  2
*D5
 70
     1
 10
0.0
 20
0.0
 30
0.0
  3
*D5
  1

  0
LINE
  5
43D
330
43A
100
AcDbEntity
  8
Annotations
  6
Continuous
 62
     0
370
    15
100
AcDbLine
 10
283.3778891635444
 20
247.375
 30
0.0
 11
283.3778891635444
 21
261.0
 31
0.0
  0
LINE
  5
43E
330
43A
100
AcDbEntity
  8
Annotations
  6
Continuous
 62
     0
370
    15
100
AcDbLine
 10
254.4028846456869
 20
247.375
 30
0.0
 11
254.4028846456869
 21
261.0
 31
0.0
  0
LINE
  5
43F
330
43A
100
AcDbEntity
  8
Annotations
  6
Continuous
 62
     0
370
    15
100
AcDbLine
 10
280.8778891635444
 20
259.75
 30
0.0
 11
256.9028846456869
 21
259.75
 31
0.0
  0
SOLID
  5
440
330
43A
100
AcDbEntity
  8
Annotations
 62
     0
100
AcDbTrace
 10
280.8778891635444
 20
259.3333333333333
 30
0.0
 11
280.8778891635444
 21
260.1666666666667
 31
0.0
 12
283.3778891635444
 22
259.75
 32
0.0
 13
283.3778891635444
 23
259.75
 33
0.0
  0
SOLID
  5
441
330
43A
100
AcDbEntity
  8
Annotations
 62
     0
100
AcDbTrace
 10
256.9028846456869
 20
260.1666666666667
 30
0.0
 11
256.9028846456869
 21
259.3333333333333
 31
0.0
 12
254.4028846456869
 22
259.75
 32
0.0
 13
254.4028846456869
 23
259.75
 33
0.0
  0
MTEXT
  5
442
330
43A
100
AcDbEntity
  8
Annotations
 62
     0
370
    15
100
AcDbMText
 10
268.8903869046156
 20
262.44375
 30
0.0
 40
3.3495
 41
0.0
 46
0.0
 71
     5
 72
     1
  1
\A1;28,98
  7
Shapr16
 73
     1
 44
1.0
  0
POINT
  5
443
330
43A
100
AcDbEntity
  8
Defpoints
 62
     0
100
AcDbPoint
 10
283.3778891635444
 20
246.75
 30
0.0
  0
POINT
  5
444
330
43A
100
AcDbEntity
  8
Defpoints
 62
     0
100
AcDbPoint
 10
254.4028846456869
 20
246.75
 30
0.0
  0
POINT
  5
445
330
43A
100
AcDbEntity
  8
Defpoints
 62
     0
100
AcDbPoint
 10
254.4028846456869
 20
259.75
 30
0.0
  0
ENDBLK
  5
43C
330
43A
100
AcDbEntity
  8
0
100
AcDbBlockEnd
  0
BLOCK
  5
448
330
447
100
AcDbEntity
  8
0
100
AcDbBlockBegin
  2
*D6
 70
     1
 10
0.0
 20
0.0
 30
0.0
  3
*D6
  1

  0
LINE
  5
44A
330
447
100
AcDbEntity
  8
Annotations
  6
Continuous
 62
     0
370
    15
100
AcDbLine
 10
254.4028846456869
 20
205.125
 30
0.0
 11
254.4028846456869
 21
192.5
 31
0.0
  0
LINE
  5
44B
330
447
100
AcDbEntity
  8
Annotations
  6
Continuous
 62
     0
370
    15
100
AcDbLine
 10
311.8535287065248
 20
205.125
 30
0.0
 11
311.8535287065248
 21
192.5
 31
0.0
  0
LINE
  5
44C
330
447
100
AcDbEntity
  8
Annotations
  6
Continuous
 62
     0
370
    15
100
AcDbLine
 10
256.9028846456869
 20
193.75
 30
0.0
 11
309.3535287065248
 21
193.75
 31
0.0
  0
SOLID
  5
44D
330
447
100
AcDbEntity
  8
Annotations
 62
     0
100
AcDbTrace
 10
256.9028846456869
 20
194.1666666666667
 30
0.0
 11
256.9028846456869
 21
193.3333333333333
 31
0.0
 12
254.4028846456869
 22
193.75
 32
0.0
 13
254.4028846456869
 23
193.75
 33
0.0
  0
SOLID
  5
44E
330
447
100
AcDbEntity
  8
Annotations
 62
     0
100
AcDbTrace
 10
309.3535287065248
 20
193.3333333333333
 30
0.0
 11
309.3535287065248
 21
194.1666666666667
 31
0.0
 12
311.8535287065248
 22
193.75
 32
0.0
 13
311.8535287065248
 23
193.75
 33
0.0
  0
MTEXT
  5
44F
330
447
100
AcDbEntity
  8
Annotations
 62
     0
370
    15
100
AcDbMText
 10
283.1282066761058
 20
196.44375
 30
0.0
 40
3.3495
 41
0.0
 46
0.0
 71
     5
 72
     1
  1
\A1;57,45
  7
Shapr16
 73
     1
 44
1.0
  0
POINT
  5
450
330
447
100
AcDbEntity
  8
Defpoints
 62
     0
100
AcDbPoint
 10
254.4028846456869
 20
205.75
 30
0.0
  0
POINT
  5
451
330
447
100
AcDbEntity
  8
Defpoints
 62
     0
100
AcDbPoint
 10
311.8535287065248
 20
205.75
 30
0.0
  0
POINT
  5
452
330
447
100
AcDbEntity
  8
Defpoints
 62
     0
100
AcDbPoint
 10
311.8535287065248
 20
193.75
 30
0.0
  0
ENDBLK
  5
449
330
447
100
AcDbEntity
  8
0
100
AcDbBlockEnd
  0
BLOCK
  5
455
330
454
100
AcDbEntity
  8
0
100
AcDbBlockBegin
  2
*D7
 70
     1
 10
0.0
 20
0.0
 30
0.0
  3
*D7
  1

  0
LINE
  5
457
330
454
100
AcDbEntity
  8
Annotations
  6
Continuous
 62
     0
370
    15
100
AcDbLine
 10
312.8535262961556
 20
205.125
 30
0.0
 11
312.8535262961556
 21
192.5
 31
0.0
  0
LINE
  5
458
330
454
100
AcDbEntity
  8
Annotations
  6
Continuous
 62
     0
370
    15
100
AcDbLine
 10
370.4500090357081
 20
205.125
 30
0.0
 11
370.4500090357081
 21
192.5
 31
0.0
  0
LINE
  5
459
330
454
100
AcDbEntity
  8
Annotations
  6
Continuous
 62
     0
370
    15
100
AcDbLine
 10
315.3535262961556
 20
193.75
 30
0.0
 11
367.9500090357081
 21
193.75
 31
0.0
  0
SOLID
  5
45A
330
454
100
AcDbEntity
  8
Annotations
 62
     0
100
AcDbTrace
 10
315.3535262961556
 20
194.1666666666667
 30
0.0
 11
315.3535262961556
 21
193.3333333333333
 31
0.0
 12
312.8535262961556
 22
193.75
 32
0.0
 13
312.8535262961556
 23
193.75
 33
0.0
  0
SOLID
  5
45B
330
454
100
AcDbEntity
  8
Annotations
 62
     0
100
AcDbTrace
 10
367.9500090357081
 20
193.3333333333333
 30
0.0
 11
367.9500090357081
 21
194.1666666666667
 31
0.0
 12
370.4500090357081
 22
193.75
 32
0.0
 13
370.4500090357081
 23
193.75
 33
0.0
  0
MTEXT
  5
45C
330
454
100
AcDbEntity
  8
Annotations
 62
     0
370
    15
100
AcDbMText
 10
341.6517676659319
 20
196.44375
 30
0.0
 40
3.3495
 41
0.0
 46
0.0
 71
     5
 72
     1
  1
\A1;57,6
  7
Shapr16
 73
     1
 44
1.0
  0
POINT
  5
45D
330
454
100
AcDbEntity
  8
Defpoints
 62
     0
100
AcDbPoint
 10
312.8535262961556
 20
205.75
 30
0.0
  0
POINT
  5
45E
330
454
100
AcDbEntity
  8
Defpoints
 62
     0
100
AcDbPoint
 10
370.4500090357081
 20
205.75
 30
0.0
  0
POINT
  5
45F
330
454
100
AcDbEntity
  8
Defpoints
 62
     0
100
AcDbPoint
 10
370.4500090357081
 20
193.75
 30
0.0
  0
ENDBLK
  5
456
330
454
100
AcDbEntity
  8
0
100
AcDbBlockEnd
  0
BLOCK
  5
462
330
461
100
AcDbEntity
  8
0
100
AcDbBlockBegin
  2
*D8
 70
     1
 10
0.0
 20
0.0
 30
0.0
  3
*D8
  1

  0
LINE
  5
464
330
461
100
AcDbEntity
  8
Annotations
  6
Continuous
 62
     0
370
    15
100
AcDbLine
 10
359.4454435344428
 20
248.375
 30
0.0
 11
359.4454435344428
 21
261.0
 31
0.0
  0
LINE
  5
465
330
461
100
AcDbEntity
  8
Annotations
  6
Continuous
 62
     0
370
    15
100
AcDbLine
 10
370.4525443154886
 20
248.375
 30
0.0
 11
370.4525443154886
 21
261.0
 31
0.0
  0
LINE
  5
466
330
461
100
AcDbEntity
  8
Annotations
  6
Continuous
 62
     0
370
    15
100
AcDbLine
 10
361.9454435344428
 20
259.75
 30
0.0
 11
367.9525443154886
 21
259.75
 31
0.0
  0
SOLID
  5
467
330
461
100
AcDbEntity
  8
Annotations
 62
     0
100
AcDbTrace
 10
361.9454435344428
 20
260.1666666666667
 30
0.0
 11
361.9454435344428
 21
259.3333333333333
 31
0.0
 12
359.4454435344428
 22
259.75
 32
0.0
 13
359.4454435344428
 23
259.75
 33
0.0
  0
SOLID
  5
468
330
461
100
AcDbEntity
  8
Annotations
 62
     0
100
AcDbTrace
 10
367.9525443154886
 20
259.3333333333333
 30
0.0
 11
367.9525443154886
 21
260.1666666666667
 31
0.0
 12
370.4525443154886
 22
259.75
 32
0.0
 13
370.4525443154886
 23
259.75
 33
0.0
  0
MTEXT
  5
469
330
461
100
AcDbEntity
  8
Annotations
 62
     0
370
    15
100
AcDbMText
 10
364.9489939249657
 20
262.44375
 30
0.0
 40
3.3495
 41
0.0
 46
0.0
 71
     5
 72
     1
  1
\A1;11,01
  7
Shapr16
 73
     1
 44
1.0
  0
POINT
  5
46A
330
461
100
AcDbEntity
  8
Defpoints
 62
     0
100
AcDbPoint
 10
359.4454435344428
 20
247.75
 30
0.0
  0
POINT
  5
46B
330
461
100
AcDbEntity
  8
Defpoints
 62
     0
100
AcDbPoint
 10
370.4525443154886
 20
247.75
 30
0.0
  0
POINT
  5
46C
330
461
100
AcDbEntity
  8
Defpoints
 62
     0
100
AcDbPoint
 10
370.4525443154886
 20
259.75
 30
0.0
  0
ENDBLK
  5
463
330
461
100
AcDbEntity
  8
0
100
AcDbBlockEnd
  0
BLOCK
  5
46F
330
46E
100
AcDbEntity
  8
0
100
AcDbBlockBegin
  2
*D9
 70
     1
 10
0.0
 20
0.0
 30
0.0
  3
*D9
  1

  0
LINE
  5
471
330
46E
100
AcDbEntity
  8
Annotations
  6
Continuous
 62
     0
370
    15
100
AcDbLine
 10
312.3554289611756
 20
248.375
 30
0.0
 11
312.3554289611756
 21
261.0
 31
0.0
  0
LINE
  5
472
330
46E
100
AcDbEntity
  8
Annotations
  6
Continuous
 62
     0
370
    15
100
AcDbLine
 10
321.7256746103739
 20
248.375
 30
0.0
 11
321.7256746103739
 21
261.0
 31
0.0
  0
LINE
  5
473
330
46E
100
AcDbEntity
  8
Annotations
  6
Continuous
 62
     0
370
    15
100
AcDbLine
 10
314.8554289611756
 20
259.75
 30
0.0
 11
319.2256746103739
 21
259.75
 31
0.0
  0
SOLID
  5
474
330
46E
100
AcDbEntity
  8
Annotations
 62
     0
100
AcDbTrace
 10
314.8554289611756
 20
260.1666666666667
 30
0.0
 11
314.8554289611756
 21
259.3333333333333
 31
0.0
 12
312.3554289611756
 22
259.75
 32
0.0
 13
312.3554289611756
 23
259.75
 33
0.0
  0
SOLID
  5
475
330
46E
100
AcDbEntity
  8
Annotations
 62
     0
100
AcDbTrace
 10
319.2256746103739
 20
259.3333333333333
 30
0.0
 11
319.2256746103739
 21
260.1666666666667
 31
0.0
 12
321.7256746103739
 22
259.75
 32
0.0
 13
321.7256746103739
 23
259.75
 33
0.0
  0
MTEXT
  5
476
330
46E
100
AcDbEntity
  8
Annotations
 62
     0
370
    15
100
AcDbMText
 10
317.0405517857747
 20
262.44375
 30
0.0
 40
3.3495
 41
0.0
 46
0.0
 71
     5
 72
     1
  1
\A1;9,37
  7
Shapr16
 73
     1
 44
1.0
  0
POINT
  5
477
330
46E
100
AcDbEntity
  8
Defpoints
 62
     0
100
AcDbPoint
 10
312.3554289611756
 20
247.75
 30
0.0
  0
POINT
  5
478
330
46E
100
AcDbEntity
  8
Defpoints
 62
     0
100
AcDbPoint
 10
321.7256746103739
 20
247.75
 30
0.0
  0
POINT
  5
479
330
46E
100
AcDbEntity
  8
Defpoints
 62
     0
100
AcDbPoint
 10
321.7256746103739
 20
259.75
 30
0.0
  0
ENDBLK
  5
470
330
46E
100
AcDbEntity
  8
0
100
AcDbBlockEnd
  0
BLOCK
  5
47C
330
47B
100
AcDbEntity
  8
0
100
AcDbBlockBegin
  2
*D10
 70
     1
 10
0.0
 20
0.0
 30
0.0
  3
*D10
  1

  0
LINE
  5
47E
330
47B
100
AcDbEntity
  8
Annotations
  6
Continuous
 62
     0
370
    15
100
AcDbLine
 10
264.3732404384659
 20
241.2638067715533
 30
0.0
 11
241.1528846456869
 21
241.2638067715533
 31
0.0
  0
LINE
  5
47F
330
47B
100
AcDbEntity
  8
Annotations
  6
Continuous
 62
     0
370
    15
100
AcDbLine
 10
264.3732404384659
 20
213.2638067715538
 30
0.0
 11
241.1528846456869
 21
213.2638067715538
 31
0.0
  0
LINE
  5
480
330
47B
100
AcDbEntity
  8
Annotations
  6
Continuous
 62
     0
370
    15
100
AcDbLine
 10
242.4028846456869
 20
238.7638067715533
 30
0.0
 11
242.4028846456869
 21
215.7638067715538
 31
0.0
  0
SOLID
  5
481
330
47B
100
AcDbEntity
  8
Annotations
 62
     0
100
AcDbTrace
 10
242.8195513123535
 20
238.7638067715533
 30
0.0
 11
241.9862179790202
 21
238.7638067715533
 31
0.0
 12
242.4028846456869
 22
241.2638067715533
 32
0.0
 13
242.4028846456869
 23
241.2638067715533
 33
0.0
  0
SOLID
  5
482
330
47B
100
AcDbEntity
  8
Annotations
 62
     0
100
AcDbTrace
 10
241.9862179790202
 20
215.7638067715538
 30
0.0
 11
242.8195513123535
 21
215.7638067715538
 31
0.0
 12
242.4028846456869
 22
213.2638067715538
 32
0.0
 13
242.4028846456869
 23
213.2638067715538
 33
0.0
  0
MTEXT
  5
483
330
47B
100
AcDbEntity
  8
Annotations
 62
     0
370
    15
100
AcDbMText
 10
240.0281346456869
 20
227.2638067715535
 30
0.0
 40
3.3495
 41
0.0
 46
0.0
 71
     5
 72
     1
  1
\A1;28
  7
Shapr16
 11
0.0
 21
1.0
 31
0.0
 73
     1
 44
1.0
  0
POINT
  5
484
330
47B
100
AcDbEntity
  8
Defpoints
 62
     0
100
AcDbPoint
 10
264.9982404384659
 20
241.2638067715533
 30
0.0
  0
POINT
  5
485
330
47B
100
AcDbEntity
  8
Defpoints
 62
     0
100
AcDbPoint
 10
264.9982404384659
 20
213.2638067715538
 30
0.0
  0
POINT
  5
486
330
47B
100
AcDbEntity
  8
Defpoints
 62
     0
100
AcDbPoint
 10
242.4028846456869
 20
213.2638067715538
 30
0.0
  0
ENDBLK
  5
47D
330
47B
100
AcDbEntity
  8
0
100
AcDbBlockEnd
  0
BLOCK
  5
489
330
488
100
AcDbEntity
  8
0
100
AcDbBlockBegin
  2
*D11
 70
     1
 10
0.0
 20
0.0
 30
0.0
  3
*D11
  1

  0
LINE
  5
48B
330
488
100
AcDbEntity
  8
Annotations
  6
Continuous
 62
     0
370
    15
100
AcDbLine
 10
151.1273170615995
 20
164.8250090357082
 30
0.0
 11
151.1273170615995
 21
177.5971153543131
 31
0.0
  0
LINE
  5
48C
330
488
100
AcDbEntity
  8
Annotations
  6
Continuous
 62
     0
370
    15
100
AcDbLine
 10
85.28217631146325
 20
164.9695800745326
 30
0.0
 11
85.28217631146325
 21
177.5971153543131
 31
0.0
  0
LINE
  5
48D
330
488
100
AcDbEntity
  8
Annotations
  6
Continuous
 62
     0
370
    15
100
AcDbLine
 10
148.6273170615995
 20
176.3471153543131
 30
0.0
 11
87.78217631146325
 21
176.3471153543131
 31
0.0
  0
SOLID
  5
48E
330
488
100
AcDbEntity
  8
Annotations
 62
     0
100
AcDbTrace
 10
148.6273170615995
 20
175.9304486876465
 30
0.0
 11
148.6273170615995
 21
176.7637820209798
 31
0.0
 12
151.1273170615995
 22
176.3471153543131
 32
0.0
 13
151.1273170615995
 23
176.3471153543131
 33
0.0
  0
SOLID
  5
48F
330
488
100
AcDbEntity
  8
Annotations
 62
     0
100
AcDbTrace
 10
87.78217631146325
 20
176.7637820209798
 30
0.0
 11
87.78217631146325
 21
175.9304486876465
 31
0.0
 12
85.28217631146325
 22
176.3471153543131
 32
0.0
 13
85.28217631146325
 23
176.3471153543131
 33
0.0
  0
MTEXT
  5
490
330
488
100
AcDbEntity
  8
Annotations
 62
     0
370
    15
100
AcDbMText
 10
118.2047466865314
 20
179.0408653543131
 30
0.0
 40
3.3495
 41
0.0
 46
0.0
 71
     5
 72
     1
  1
\A1;65,85
  7
Shapr18
 73
     1
 44
1.0
  0
POINT
  5
491
330
488
100
AcDbEntity
  8
Defpoints
 62
     0
100
AcDbPoint
 10
151.1273170615995
 20
164.2000090357082
 30
0.0
  0
POINT
  5
492
330
488
100
AcDbEntity
  8
Defpoints
 62
     0
100
AcDbPoint
 10
85.28217631146325
 20
164.3445800745326
 30
0.0
  0
POINT
  5
493
330
488
100
AcDbEntity
  8
Defpoints
 62
     0
100
AcDbPoint
 10
85.28217631146325
 20
176.3471153543131
 30
0.0
  0
ENDBLK
  5
48A
330
488
100
AcDbEntity
  8
0
100
AcDbBlockEnd
  0
BLOCK
  5
496
330
495
100
AcDbEntity
  8
0
100
AcDbBlockBegin
  2
*D12
 70
     1
 10
0.0
 20
0.0
 30
0.0
  3
*D12
  1

  0
LINE
  5
498
330
495
100
AcDbEntity
  8
Annotations
  6
Continuous
 62
     0
370
    15
100
AcDbLine
 10
151.7523170615995
 20
164.2000090357082
 30
0.0
 11
197.5951407501362
 21
164.2000090357082
 31
0.0
  0
LINE
  5
499
330
495
100
AcDbEntity
  8
Annotations
  6
Continuous
 62
     0
370
    15
100
AcDbLine
 10
184.8372618748274
 20
106.6035262961556
 30
0.0
 11
197.5951407501362
 21
106.6035262961556
 31
0.0
  0
LINE
  5
49A
330
495
100
AcDbEntity
  8
Annotations
  6
Continuous
 62
     0
370
    15
100
AcDbLine
 10
196.3451407501362
 20
161.7000090357082
 30
0.0
 11
196.3451407501362
 21
109.1035262961556
 31
0.0
  0
SOLID
  5
49B
330
495
100
AcDbEntity
  8
Annotations
 62
     0
100
AcDbTrace
 10
196.7618074168029
 20
161.7000090357082
 30
0.0
 11
195.9284740834696
 21
161.7000090357082
 31
0.0
 12
196.3451407501362
 22
164.2000090357082
 32
0.0
 13
196.3451407501362
 23
164.2000090357082
 33
0.0
  0
SOLID
  5
49C
330
495
100
AcDbEntity
  8
Annotations
 62
     0
100
AcDbTrace
 10
195.9284740834696
 20
109.1035262961556
 30
0.0
 11
196.7618074168029
 21
109.1035262961556
 31
0.0
 12
196.3451407501362
 22
106.6035262961556
 32
0.0
 13
196.3451407501362
 23
106.6035262961556
 33
0.0
  0
MTEXT
  5
49D
330
495
100
AcDbEntity
  8
Annotations
 62
     0
370
    15
100
AcDbMText
 10
193.6513907501362
 20
135.4017676659319
 30
0.0
 40
3.3495
 41
0.0
 46
0.0
 71
     5
 72
     1
  1
\A1;57,6
  7
Shapr18
 11
0.0
 21
1.0
 31
0.0
 73
     1
 44
1.0
  0
POINT
  5
49E
330
495
100
AcDbEntity
  8
Defpoints
 62
     0
100
AcDbPoint
 10
151.1273170615995
 20
164.2000090357082
 30
0.0
  0
POINT
  5
49F
330
495
100
AcDbEntity
  8
Defpoints
 62
     0
100
AcDbPoint
 10
184.2122618748274
 20
106.6035262961556
 30
0.0
  0
POINT
  5
4A0
330
495
100
AcDbEntity
  8
Defpoints
 62
     0
100
AcDbPoint
 10
196.3451407501362
 20
106.6035262961556
 30
0.0
  0
ENDBLK
  5
497
330
495
100
AcDbEntity
  8
0
100
AcDbBlockEnd
  0
BLOCK
  5
4A3
330
4A2
100
AcDbEntity
  8
0
100
AcDbBlockBegin
  2
*D13
 70
     1
 10
0.0
 20
0.0
 30
0.0
  3
*D13
  1

  0
LINE
  5
4A5
330
4A2
100
AcDbEntity
  8
Annotations
  6
Continuous
 62
     0
370
    15
100
AcDbLine
 10
184.8350662581319
 20
105.6035287065249
 30
0.0
 11
197.5951407501362
 21
105.6035287065249
 31
0.0
  0
LINE
  5
4A6
330
4A2
100
AcDbEntity
  8
Annotations
  6
Continuous
 62
     0
370
    15
100
AcDbLine
 10
151.4975214436613
 20
48.15288464568686
 30
0.0
 11
197.5951407501362
 21
48.15288464568686
 31
0.0
  0
LINE
  5
4A7
330
4A2
100
AcDbEntity
  8
Annotations
  6
Continuous
 62
     0
370
    15
100
AcDbLine
 10
196.3451407501362
 20
103.1035287065249
 30
0.0
 11
196.3451407501362
 21
50.65288464568686
 31
0.0
  0
SOLID
  5
4A8
330
4A2
100
AcDbEntity
  8
Annotations
 62
     0
100
AcDbTrace
 10
196.7618074168029
 20
103.1035287065249
 30
0.0
 11
195.9284740834696
 21
103.1035287065249
 31
0.0
 12
196.3451407501362
 22
105.6035287065249
 32
0.0
 13
196.3451407501362
 23
105.6035287065249
 33
0.0
  0
SOLID
  5
4A9
330
4A2
100
AcDbEntity
  8
Annotations
 62
     0
100
AcDbTrace
 10
195.9284740834696
 20
50.65288464568686
 30
0.0
 11
196.7618074168029
 21
50.65288464568686
 31
0.0
 12
196.3451407501362
 22
48.15288464568686
 32
0.0
 13
196.3451407501362
 23
48.15288464568686
 33
0.0
  0
MTEXT
  5
4AA
330
4A2
100
AcDbEntity
  8
Annotations
 62
     0
370
    15
100
AcDbMText
 10
193.6513907501362
 20
76.87820667610586
 30
0.0
 40
3.3495
 41
0.0
 46
0.0
 71
     5
 72
     1
  1
\A1;57,45
  7
Shapr18
 11
0.0
 21
1.0
 31
0.0
 73
     1
 44
1.0
  0
POINT
  5
4AB
330
4A2
100
AcDbEntity
  8
Defpoints
 62
     0
100
AcDbPoint
 10
184.2100662581319
 20
105.6035287065249
 30
0.0
  0
POINT
  5
4AC
330
4A2
100
AcDbEntity
  8
Defpoints
 62
     0
100
AcDbPoint
 10
150.8725214436613
 20
48.15288464568686
 30
0.0
  0
POINT
  5
4AD
330
4A2
100
AcDbEntity
  8
Defpoints
 62
     0
100
AcDbPoint
 10
196.3451407501362
 20
48.15288464568686
 30
0.0
  0
ENDBLK
  5
4A4
330
4A2
100
AcDbEntity
  8
0
100
AcDbBlockEnd
  0
BLOCK
  5
4B0
330
4AF
100
AcDbEntity
  8
0
100
AcDbBlockBegin
  2
*D14
 70
     1
 10
0.0
 20
0.0
 30
0.0
  3
*D14
  1

  0
LINE
  5
4B2
330
4AF
100
AcDbEntity
  8
Annotations
  6
Continuous
 62
     0
370
    15
100
AcDbLine
 10
112.6226136402848
 20
243.375
 30
0.0
 11
112.6226136402848
 21
261.0
 31
0.0
  0
LINE
  5
4B3
330
4AF
100
AcDbEntity
  8
Annotations
  6
Continuous
 62
     0
370
    15
100
AcDbLine
 10
122.122590741777
 20
243.4000628144669
 30
0.0
 11
122.122590741777
 21
261.0
 31
0.0
  0
LINE
  5
4B4
330
4AF
100
AcDbEntity
  8
Annotations
  6
Continuous
 62
     0
370
    15
100
AcDbLine
 10
115.1226136402848
 20
259.75
 30
0.0
 11
119.622590741777
 21
259.75
 31
0.0
  0
SOLID
  5
4B5
330
4AF
100
AcDbEntity
  8
Annotations
 62
     0
100
AcDbTrace
 10
115.1226136402848
 20
260.1666666666667
 30
0.0
 11
115.1226136402848
 21
259.3333333333333
 31
0.0
 12
112.6226136402848
 22
259.75
 32
0.0
 13
112.6226136402848
 23
259.75
 33
0.0
  0
SOLID
  5
4B6
330
4AF
100
AcDbEntity
  8
Annotations
 62
     0
100
AcDbTrace
 10
119.622590741777
 20
259.3333333333333
 30
0.0
 11
119.622590741777
 21
260.1666666666667
 31
0.0
 12
122.122590741777
 22
259.75
 32
0.0
 13
122.122590741777
 23
259.75
 33
0.0
  0
MTEXT
  5
4B7
330
4AF
100
AcDbEntity
  8
Annotations
 62
     0
370
    15
100
AcDbMText
 10
117.3726021910309
 20
262.44375
 30
0.0
 40
3.3495
 41
0.0
 46
0.0
 71
     5
 72
     1
  1
\A1;9,5
  7
Shapr15
 73
     1
 44
1.0
  0
POINT
  5
4B8
330
4AF
100
AcDbEntity
  8
Defpoints
 62
     0
100
AcDbPoint
 10
112.6226136402848
 20
242.75
 30
0.0
  0
POINT
  5
4B9
330
4AF
100
AcDbEntity
  8
Defpoints
 62
     0
100
AcDbPoint
 10
122.122590741777
 20
242.7750628144669
 30
0.0
  0
POINT
  5
4BA
330
4AF
100
AcDbEntity
  8
Defpoints
 62
     0
100
AcDbPoint
 10
122.122590741777
 20
259.75
 30
0.0
  0
ENDBLK
  5
4B1
330
4AF
100
AcDbEntity
  8
0
100
AcDbBlockEnd
  0
BLOCK
  5
4BD
330
4BC
100
AcDbEntity
  8
0
100
AcDbBlockBegin
  2
*D15
 70
     1
 10
0.0
 20
0.0
 30
0.0
  3
*D15
  1

  0
LINE
  5
4BF
330
4BC
100
AcDbEntity
  8
Annotations
  6
Continuous
 62
     0
370
    15
100
AcDbLine
 10
100.6226425647157
 20
208.125
 30
0.0
 11
100.6226425647157
 21
192.5
 31
0.0
  0
LINE
  5
4C0
330
4BC
100
AcDbEntity
  8
Annotations
  6
Continuous
 62
     0
370
    15
100
AcDbLine
 10
112.6226136402848
 20
213.125
 30
0.0
 11
112.6226136402848
 21
192.5
 31
0.0
  0
LINE
  5
4C1
330
4BC
100
AcDbEntity
  8
Annotations
  6
Continuous
 62
     0
370
    15
100
AcDbLine
 10
103.1226425647157
 20
193.75
 30
0.0
 11
110.1226136402848
 21
193.75
 31
0.0
  0
SOLID
  5
4C2
330
4BC
100
AcDbEntity
  8
Annotations
 62
     0
100
AcDbTrace
 10
103.1226425647157
 20
194.1666666666667
 30
0.0
 11
103.1226425647157
 21
193.3333333333333
 31
0.0
 12
100.6226425647157
 22
193.75
 32
0.0
 13
100.6226425647157
 23
193.75
 33
0.0
  0
SOLID
  5
4C3
330
4BC
100
AcDbEntity
  8
Annotations
 62
     0
100
AcDbTrace
 10
110.1226136402848
 20
193.3333333333333
 30
0.0
 11
110.1226136402848
 21
194.1666666666667
 31
0.0
 12
112.6226136402848
 22
193.75
 32
0.0
 13
112.6226136402848
 23
193.75
 33
0.0
  0
MTEXT
  5
4C4
330
4BC
100
AcDbEntity
  8
Annotations
 62
     0
370
    15
100
AcDbMText
 10
106.6226281025002
 20
196.12475
 30
0.0
 40
3.3495
 41
0.0
 46
0.0
 71
     5
 72
     1
  1
\A1;12
  7
Shapr15
 73
     1
 44
1.0
  0
POINT
  5
4C5
330
4BC
100
AcDbEntity
  8
Defpoints
 62
     0
100
AcDbPoint
 10
100.6226425647157
 20
208.75
 30
0.0
  0
POINT
  5
4C6
330
4BC
100
AcDbEntity
  8
Defpoints
 62
     0
100
AcDbPoint
 10
112.6226136402848
 20
213.75
 30
0.0
  0
POINT
  5
4C7
330
4BC
100
AcDbEntity
  8
Defpoints
 62
     0
100
AcDbPoint
 10
112.6226136402848
 20
193.75
 30
0.0
  0
ENDBLK
  5
4BE
330
4BC
100
AcDbEntity
  8
0
100
AcDbBlockEnd
  0
BLOCK
  5
4CA
330
4C9
100
AcDbEntity
  8
0
100
AcDbBlockBegin
  2
*D16
 70
     1
 10
0.0
 20
0.0
 30
0.0
  3
*D16
  1

  0
LINE
  5
4CC
330
4C9
100
AcDbEntity
  8
Annotations
  6
Continuous
 62
     0
370
    15
100
AcDbLine
 10
133.4975618173461
 20
247.75
 30
0.0
 11
128.4360907623432
 21
247.75
 31
0.0
  0
LINE
  5
4CD
330
4C9
100
AcDbEntity
  8
Annotations
  6
Continuous
 62
     0
370
    15
100
AcDbLine
 10
133.4975618173461
 20
208.75
 30
0.0
 11
128.4360907623432
 21
208.75
 31
0.0
  0
LINE
  5
4CE
330
4C9
100
AcDbEntity
  8
Annotations
  6
Continuous
 62
     0
370
    15
100
AcDbLine
 10
129.6860907623432
 20
245.25
 30
0.0
 11
129.6860907623432
 21
211.25
 31
0.0
  0
SOLID
  5
4CF
330
4C9
100
AcDbEntity
  8
Annotations
 62
     0
100
AcDbTrace
 10
130.1027574290099
 20
245.25
 30
0.0
 11
129.2694240956766
 21
245.25
 31
0.0
 12
129.6860907623432
 22
247.75
 32
0.0
 13
129.6860907623432
 23
247.75
 33
0.0
  0
SOLID
  5
4D0
330
4C9
100
AcDbEntity
  8
Annotations
 62
     0
100
AcDbTrace
 10
129.2694240956766
 20
211.25
 30
0.0
 11
130.1027574290099
 21
211.25
 31
0.0
 12
129.6860907623432
 22
208.75
 32
0.0
 13
129.6860907623432
 23
208.75
 33
0.0
  0
MTEXT
  5
4D1
330
4C9
100
AcDbEntity
  8
Annotations
 62
     0
370
    15
100
AcDbMText
 10
127.3113407623432
 20
231.2146987915039
 30
0.0
 40
3.3495
 41
0.0
 46
0.0
 71
     5
 72
     1
  1
\A1;39
  7
Shapr15
 11
0.0
 21
1.0
 31
0.0
 73
     1
 44
1.0
  0
POINT
  5
4D2
330
4C9
100
AcDbEntity
  8
Defpoints
 62
     0
100
AcDbPoint
 10
134.1225618173461
 20
247.75
 30
0.0
  0
POINT
  5
4D3
330
4C9
100
AcDbEntity
  8
Defpoints
 62
     0
100
AcDbPoint
 10
134.1225618173461
 20
208.75
 30
0.0
  0
POINT
  5
4D4
330
4C9
100
AcDbEntity
  8
Defpoints
 62
     0
100
AcDbPoint
 10
129.6860907623432
 20
208.75
 30
0.0
  0
ENDBLK
  5
4CB
330
4C9
100
AcDbEntity
  8
0
100
AcDbBlockEnd
  0
BLOCK
  5
4D7
330
4D6
100
AcDbEntity
  8
0
100
AcDbBlockBegin
  2
*D17
 70
     1
 10
0.0
 20
0.0
 30
0.0
  3
*D17
  1

  0
LINE
  5
4D9
330
4D6
100
AcDbEntity
  8
Annotations
  6
Continuous
 62
     0
370
    15
100
AcDbLine
 10
52.50000000000003
 20
105.625
 30
0.0
 11
52.50000000000003
 21
76.43467055417466
 31
0.0
  0
LINE
  5
4DA
330
4D6
100
AcDbEntity
  8
Annotations
  6
Continuous
 62
     0
370
    15
100
AcDbLine
 10
182.5
 20
105.625
 30
0.0
 11
182.5
 21
76.43467055417466
 31
0.0
  0
LINE
  5
4DB
330
4D6
100
AcDbEntity
  8
Annotations
  6
Continuous
 62
     0
370
    15
100
AcDbLine
 10
55.00000000000003
 20
77.68467055417466
 30
0.0
 11
180.0
 21
77.68467055417466
 31
0.0
  0
SOLID
  5
4DC
330
4D6
100
AcDbEntity
  8
Annotations
 62
     0
100
AcDbTrace
 10
55.00000000000003
 20
78.10133722084133
 30
0.0
 11
55.00000000000003
 21
77.26800388750799
 31
0.0
 12
52.50000000000003
 22
77.68467055417466
 32
0.0
 13
52.50000000000003
 23
77.68467055417466
 33
0.0
  0
SOLID
  5
4DD
330
4D6
100
AcDbEntity
  8
Annotations
 62
     0
100
AcDbTrace
 10
180.0
 20
77.26800388750799
 30
0.0
 11
180.0
 21
78.10133722084133
 31
0.0
 12
182.5
 22
77.68467055417466
 32
0.0
 13
182.5
 23
77.68467055417466
 33
0.0
  0
MTEXT
  5
4DE
330
4D6
100
AcDbEntity
  8
Annotations
 62
     0
370
    15
100
AcDbMText
 10
117.5
 20
80.05942055417466
 30
0.0
 40
3.3495
 41
0.0
 46
0.0
 71
     5
 72
     1
  1
\A1;130
  7
Shapr18
 73
     1
 44
1.0
  0
POINT
  5
4DF
330
4D6
100
AcDbEntity
  8
Defpoints
 62
     0
100
AcDbPoint
 10
52.50000000000003
 20
106.25
 30
0.0
  0
POINT
  5
4E0
330
4D6
100
AcDbEntity
  8
Defpoints
 62
     0
100
AcDbPoint
 10
182.5
 20
106.25
 30
0.0
  0
POINT
  5
4E1
330
4D6
100
AcDbEntity
  8
Defpoints
 62
     0
100
AcDbPoint
 10
182.5
 20
77.68467055417466
 30
0.0
  0
ENDBLK
  5
4D8
330
4D6
100
AcDbEntity
  8
0
100
AcDbBlockEnd
  0
BLOCK
  5
4E4
330
4E3
100
AcDbEntity
  8
0
100
AcDbBlockBegin
  2
*D18
 70
     1
 10
0.0
 20
0.0
 30
0.0
  3
*D18
  1

  0
LINE
  5
4E6
330
4E3
100
AcDbEntity
  8
Annotations
  6
Continuous
 62
     0
370
    15
100
AcDbLine
 10
84.37500000000003
 20
162.5416512459885
 30
0.0
 11
37.40485924986379
 21
162.5416512459885
 31
0.0
  0
LINE
  5
4E7
330
4E3
100
AcDbEntity
  8
Annotations
  6
Continuous
 62
     0
370
    15
100
AcDbLine
 10
84.37499999999999
 20
49.95834875401152
 30
0.0
 11
37.40485924986379
 21
49.95834875401152
 31
0.0
  0
LINE
  5
4E8
330
4E3
100
AcDbEntity
  8
Annotations
  6
Continuous
 62
     0
370
    15
100
AcDbLine
 10
38.65485924986379
 20
160.0416512459885
 30
0.0
 11
38.65485924986379
 21
52.45834875401152
 31
0.0
  0
SOLID
  5
4E9
330
4E3
100
AcDbEntity
  8
Annotations
 62
     0
100
AcDbTrace
 10
39.07152591653045
 20
160.0416512459885
 30
0.0
 11
38.23819258319713
 21
160.0416512459885
 31
0.0
 12
38.65485924986379
 22
162.5416512459885
 32
0.0
 13
38.65485924986379
 23
162.5416512459885
 33
0.0
  0
SOLID
  5
4EA
330
4E3
100
AcDbEntity
  8
Annotations
 62
     0
100
AcDbTrace
 10
38.23819258319713
 20
52.45834875401152
 30
0.0
 11
39.07152591653045
 21
52.45834875401152
 31
0.0
 12
38.65485924986379
 22
49.95834875401152
 32
0.0
 13
38.65485924986379
 23
49.95834875401152
 33
0.0
  0
MTEXT
  5
4EB
330
4E3
100
AcDbEntity
  8
Annotations
 62
     0
370
    15
100
AcDbMText
 10
35.96110924986378
 20
106.25
 30
0.0
 40
3.3495
 41
0.0
 46
0.0
 71
     5
 72
     1
  1
\A1;112,58
  7
Shapr18
 11
6.311262150181956E-17
 21
1.0
 31
0.0
 73
     1
 44
1.0
  0
POINT
  5
4EC
330
4E3
100
AcDbEntity
  8
Defpoints
 62
     0
100
AcDbPoint
 10
85.00000000000003
 20
162.5416512459885
 30
0.0
  0
POINT
  5
4ED
330
4E3
100
AcDbEntity
  8
Defpoints
 62
     0
100
AcDbPoint
 10
84.99999999999999
 20
49.95834875401152
 30
0.0
  0
POINT
  5
4EE
330
4E3
100
AcDbEntity
  8
Defpoints
 62
     0
100
AcDbPoint
 10
38.65485924986379
 20
49.95834875401152
 30
0.0
  0
ENDBLK
  5
4E5
330
4E3
100
AcDbEntity
  8
0
100
AcDbBlockEnd
  0
BLOCK
  5
53F
330
527
100
AcDbEntity
  8
0
100
AcDbBlockBegin
  2
*U19
 70
     1
 10
0.0
 20
0.0
 30
0.0
  3
*U19
  1

  0
LINE
  5
528
330
527
100
AcDbEntity
  8
Border
  6
Continuous
370
    15
100
AcDbLine
 10
410.0
 20
10.0
 30
0.0
 11
338.0
 21
10.0
 31
0.0
  0
LINE
  5
529
330
527
100
AcDbEntity
  8
Border
  6
Continuous
370
    15
100
AcDbLine
 10
410.0
 20
22.0
 30
0.0
 11
338.0
 21
22.0
 31
0.0
  0
LINE
  5
52A
330
527
100
AcDbEntity
  8
Border
  6
Continuous
370
    15
100
AcDbLine
 10
410.0
 20
34.0
 30
0.0
 11
338.0
 21
34.0
 31
0.0
  0
LINE
  5
52B
330
527
100
AcDbEntity
  8
Border
  6
Continuous
370
    15
100
AcDbLine
 10
410.0
 20
46.0
 30
0.0
 11
338.0
 21
46.0
 31
0.0
  0
LINE
  5
52C
330
527
100
AcDbEntity
  8
Border
  6
Continuous
370
    15
100
AcDbLine
 10
410.0
 20
10.0
 30
0.0
 11
410.0
 21
46.0
 31
0.0
  0
LINE
  5
52D
330
527
100
AcDbEntity
  8
Border
  6
Continuous
370
    15
100
AcDbLine
 10
390.0
 20
10.0
 30
0.0
 11
390.0
 21
34.0
 31
0.0
  0
LINE
  5
52E
330
527
100
AcDbEntity
  8
Border
  6
Continuous
370
    15
100
AcDbLine
 10
358.0
 20
10.0
 30
0.0
 11
358.0
 21
34.0
 31
0.0
  0
LINE
  5
52F
330
527
100
AcDbEntity
  8
Border
  6
Continuous
370
    15
100
AcDbLine
 10
338.0
 20
10.0
 30
0.0
 11
338.0
 21
46.0
 31
0.0
  0
CIRCLE
  5
530
330
527
100
AcDbEntity
  8
Border
  6
Continuous
370
    40
100
AcDbCircle
 10
369.5333333333333
 20
26.23333333333333
 30
0.0
 40
1.083333333333333
  0
CIRCLE
  5
531
330
527
100
AcDbEntity
  8
Border
  6
Continuous
370
    40
100
AcDbCircle
 10
369.5333333333333
 20
26.23333333333333
 30
0.0
 40
2.166666666666667
  0
LINE
  5
532
330
527
100
AcDbEntity
  8
Border
  6
Continuous
370
    15
100
AcDbLine
 10
369.3166666666667
 20
26.23333333333333
 30
0.0
 11
369.7499999999999
 21
26.23333333333333
 31
0.0
  0
LINE
  5
533
330
527
100
AcDbEntity
  8
Border
  6
Continuous
370
    15
100
AcDbLine
 10
368.8833333333333
 20
26.23333333333333
 30
0.0
 11
366.9333333333333
 21
26.23333333333333
 31
0.0
  0
LINE
  5
534
330
527
100
AcDbEntity
  8
Border
  6
Continuous
370
    15
100
AcDbLine
 10
370.1833333333333
 20
26.23333333333333
 30
0.0
 11
372.1333333333333
 21
26.23333333333333
 31
0.0
  0
LINE
  5
535
330
527
100
AcDbEntity
  8
Border
  6
Continuous
370
    15
100
AcDbLine
 10
369.5333333333333
 20
26.01666666666667
 30
0.0
 11
369.5333333333333
 21
26.45
 31
0.0
  0
LINE
  5
536
330
527
100
AcDbEntity
  8
Border
  6
Continuous
370
    15
100
AcDbLine
 10
369.5333333333333
 20
25.58333333333333
 30
0.0
 11
369.5333333333333
 21
23.63333333333333
 31
0.0
  0
LINE
  5
537
330
527
100
AcDbEntity
  8
Border
  6
Continuous
370
    15
100
AcDbLine
 10
369.5333333333333
 20
26.88333333333333
 30
0.0
 11
369.5333333333333
 21
28.83333333333333
 31
0.0
  0
LINE
  5
538
330
527
100
AcDbEntity
  8
Border
  6
Continuous
370
    40
100
AcDbLine
 10
360.4333333333333
 20
27.31666666666666
 30
0.0
 11
360.4333333333333
 21
25.15
 31
0.0
  0
LINE
  5
539
330
527
100
AcDbEntity
  8
Border
  6
Continuous
370
    40
100
AcDbLine
 10
360.4333333333333
 20
27.31666666666666
 30
0.0
 11
365.6333333333333
 21
28.4
 31
0.0
  0
LINE
  5
53A
330
527
100
AcDbEntity
  8
Border
  6
Continuous
370
    40
100
AcDbLine
 10
360.4333333333333
 20
25.15
 30
0.0
 11
365.6333333333333
 21
24.06666666666666
 31
0.0
  0
LINE
  5
53B
330
527
100
AcDbEntity
  8
Border
  6
Continuous
370
    40
100
AcDbLine
 10
365.6333333333333
 20
28.4
 30
0.0
 11
365.6333333333333
 21
24.06666666666666
 31
0.0
  0
LINE
  5
53C
330
527
100
AcDbEntity
  8
Border
  6
Continuous
370
    15
100
AcDbLine
 10
360.0
 20
26.23333333333333
 30
0.0
 11
362.3833333333333
 21
26.23333333333333
 31
0.0
  0
LINE
  5
53D
330
527
100
AcDbEntity
  8
Border
  6
Continuous
370
    15
100
AcDbLine
 10
362.8166666666667
 20
26.23333333333333
 30
0.0
 11
363.25
 21
26.23333333333333
 31
0.0
  0
LINE
  5
53E
330
527
100
AcDbEntity
  8
Border
  6
Continuous
370
    15
100
AcDbLine
 10
366.0666666666667
 20
26.23333333333333
 30
0.0
 11
363.6833333333333
 21
26.23333333333333
 31
0.0
  0
ENDBLK
  5
540
330
527
100
AcDbEntity
  8
0
100
AcDbBlockEnd
  0
ENDSEC
  0
SECTION
  2
ENTITIES
  0
LWPOLYLINE
  5
97
330
1F
100
AcDbEntity
  8
Geometries
  6
Continuous
370
    40
100
AcDbPolyline
 90
      110
 70
   128
 43
0.0
 10
159.5242859779864
 20
210.3279514081346
 10
159.5237562271248
 20
210.32925172119
 10
159.5135756044193
 20
210.3544102990188
 10
159.5034543240231
 20
210.3797463837647
 10
159.4933934338253
 20
210.4052587248671
 10
159.4833939702879
 20
210.4309460572426
 10
159.4734569584452
 20
210.4568071015641
 10
159.4635834119035
 20
210.4828405645437
 10
159.4537743328475
 20
210.5090451392024
 10
159.4440307120463
 20
210.5354195051443
 10
159.4343535288637
 20
210.5619623288188
 10
159.4247437512715
 20
210.5886722637833
 10
159.4152023358644
 20
210.6155479509591
 10
159.4057302278776
 20
210.6425880188839
 10
159.3963283612068
 20
210.6697910839601
 10
159.3869976584301
 20
210.6971557506971
 10
159.3777390308312
 20
210.7246806119545
 10
159.3685533784255
 20
210.7523642491745
 10
159.3594415899881
 20
210.7802052326131
 10
159.3504045430815
 20
210.80820212157
 10
159.3414431040864
 20
210.8363534646105
 10
159.332558128234
 20
210.8646577997843
 10
159.323750459639
 20
210.8931136548415
 10
159.3150209313329
 20
210.921719547446
 10
159.3063703652997
 20
210.9504739853825
 10
159.2977995725137
 20
210.9793754667577
 10
159.2893093529742
 20
211.0084224802067
 10
159.2809004957452
 20
211.0376135050857
 10
159.2725737789937
 20
211.0669470116675
 10
159.2643299700294
 20
211.0964214613295
 10
159.2561698253443
 20
211.1260353067427
 10
159.2480940906527
 20
211.1557869920566
 10
159.2401035009342
 20
211.1856749530723
 10
159.2321987804724
 20
211.2156976174282
 10
159.2243806428993
 20
211.2458534047651
 10
159.2166497912354
 20
211.2761407269028
 10
159.2090069179322
 20
211.3065579880067
 10
159.2014527049153
 20
211.33710358475
 10
159.1939878236259
 20
211.3677759064776
 10
159.1866129350647
 20
211.3985733353613
 10
159.1793286898324
 20
211.4294942465633
 10
159.1721357281743
 20
211.4605370083802
 10
159.1650346800217
 20
211.4916999823981
 10
159.1580261650336
 20
211.5229815236443
 10
159.1511107926402
 20
211.5543799807262
 10
159.144289162084
 20
211.5858936959768
 10
159.1375618624619
 20
211.6175210055963
 10
159.1309294727664
 20
211.649260239789
 10
159.1243925619273
 20
211.6811097228996
 10
159.1179516888521
 20
211.7130677735458
 10
159.1116074024663
 20
211.7451327047523
 10
159.1053602417546
 20
211.7773028240772
 10
159.0992107357997
 20
211.8095764337403
 10
159.0931594038224
 20
211.8419518307457
 10
159.0872067552192
 20
211.8744273070124
 10
159.0813532896026
 20
211.9070011494861
 10
159.0755994968378
 20
211.9396716402627
 10
159.0699458570801
 20
211.9724370567087
 10
159.0643928408128
 20
212.0052956715707
 10
159.0589409088825
 20
212.0382457530941
 10
159.0535905125358
 20
212.0712855651333
 10
159.0483420934539
 20
212.1044133672637
 10
159.0431960837879
 20
212.1376274148886
 10
159.0381529061925
 20
212.1709259593478
 10
159.03321297386
 20
212.204307248023
 10
159.0283766905521
 20
212.2377695244462
 10
159.0236444506337
 20
212.2713110283943
 10
159.0190166391032
 20
212.3049299960011
 10
159.0144936316243
 20
212.3386246598495
 10
159.0100757945558
 20
212.3723932490752
 10
159.0057634849818
 20
212.4062339894626
 10
159.0015570507401
 20
212.4401451035429
 10
158.9974568304513
 20
212.4741248106859
 10
158.9934631535455
 20
212.5081713272018
 10
158.9895763402899
 20
212.5422828664276
 10
158.9857967018152
 20
212.5764576388206
 10
158.9821245401408
 20
212.6106938520518
 10
158.9785601481994
 20
212.6449897110969
 10
158.9751038098623
 20
212.6793434183205
 10
158.9717557999613
 20
212.7137531735721
 10
158.9685163843128
 20
212.7482171742663
 10
158.9653858197396
 20
212.7827336154709
 10
158.9623643540914
 20
212.8173006899993
 10
158.9594522262661
 20
212.8519165884881
 10
158.95664966623
 20
212.8865794994841
 10
158.953956895036
 20
212.9212876095291
 10
158.9513741248428
 20
212.9560391032426
 10
158.9489015589329
 20
212.9908321633977
 10
158.9465393917282
 20
213.0256649710172
 10
158.9442878088081
 20
213.0605357054385
 10
158.9421469869234
 20
213.0954425444057
 10
158.9401170940123
 20
213.130383664145
 10
158.938198289214
 20
213.1653572394408
 10
158.9363907228817
 20
213.2003614437251
 10
158.9346945365962
 20
213.235394449142
 10
158.9331098631767
 20
213.2704544266397
 10
158.9316368266926
 20
213.3055395460379
 10
158.9302755424737
 20
213.3406479761117
 10
158.9290261171201
 20
213.3757778846622
 10
158.927888648511
 20
213.4109274386
 10
158.9268632258127
 20
213.4460948040172
 10
158.9259499294865
 20
213.4812781462649
 10
158.9251488312953
 20
213.5164756300262
 10
158.9244599943095
 20
213.5516854193999
 10
158.9238834729124
 20
213.5869056779655
 10
158.9234193128047
 20
213.6221345688636
 10
158.9230675510083
 20
213.6573702548723
 10
158.9228282158695
 20
213.69261089848
 10
158.922701327061
 20
213.7278546619599
 10
158.9226791278354
 20
213.75
  0
LWPOLYLINE
  5
98
330
1F
100
AcDbEntity
  8
Geometries
  6
Continuous
370
    40
100
AcDbPolyline
 90
      199
 70
   128
 43
0.0
 10
165.0608429362708
 20
241.278179424301
 10
165.0609331676889
 20
241.300903114492
 10
165.0611605738604
 20
241.3343791177787
 10
165.0615005087755
 20
241.3678502798865
 10
165.061952943161
 20
241.4013146508386
 10
165.0625178377997
 20
241.4347702809613
 10
165.0631951435259
 20
241.4682152209716
 10
165.0639848012213
 20
241.5016475220696
 10
165.0648867418089
 20
241.5350652360231
 10
165.0659008862465
 20
241.5684664152599
 10
165.0670271455191
 20
241.6018491129553
 10
165.0682654206304
 20
241.6352113831249
 10
165.0696156025931
 20
241.6685512807103
 10
165.0710775724187
 20
241.7018668616721
 10
165.0726512011058
 20
241.7351561830828
 10
165.0743363496277
 20
241.7684173032118
 10
165.0761328689195
 20
241.8016482816229
 10
165.0780405998632
 20
241.8348471792637
 10
165.0800593732727
 20
241.8680120585587
 10
165.0821890098775
 20
241.9011409835007
 10
165.0844293203058
 20
241.9342320197477
 10
165.0867801050658
 20
241.9672832347147
 10
165.0892411545271
 20
242.0002926976681
 10
165.0918122489005
 20
242.0332584798259
 10
165.0944931582168
 20
242.0661786544469
 10
165.0972836423051
 20
242.0990512969351
 10
165.1001834507695
 20
242.1318744849308
 10
165.1031923229656
 20
242.164646298415
 10
165.1063099879755
 20
242.1973648198072
 10
165.1095361645821
 20
242.2300281340632
 10
165.1128705612421
 20
242.2626343287812
 10
165.1163128760586
 20
242.2951814943002
 10
165.1198627967525
 20
242.3276677238092
 10
165.1235200006328
 20
242.3600911134446
 10
165.1272841545662
 20
242.3924497624042
 10
165.1311549149456
 20
242.4247417730472
 10
165.1351319276579
 20
242.4569652510067
 10
165.1392148280505
 20
242.4891183052968
 10
165.1434032408973
 20
242.5211990484274
 10
165.1476967803637
 20
242.5532055965133
 10
165.1520950499705
 20
242.5851360693889
 10
165.156597642557
 20
242.6169885907244
 10
165.1612041402429
 20
242.6487612881408
 10
165.1659141143909
 20
242.6804522933327
 10
165.1707271255655
 20
242.7120597421823
 10
165.1756427234939
 20
242.7435817748867
 10
165.1806604470244
 20
242.7750165360801
 10
165.185779824084
 20
242.8063621749563
 10
165.1910003716365
 20
242.8376168454014
 10
165.1963215956379
 20
242.8687787061196
 10
165.2017429909924
 20
242.899845920765
 10
165.2072640415071
 20
242.9308166580747
 10
165.2128842198466
 20
242.9616890920091
 10
165.2186029874849
 20
242.9924614018806
 10
165.2244197946602
 20
243.0231317725049
 10
165.2303340803247
 20
243.0536983943337
 10
165.2363452720975
 20
243.0841594636067
 10
165.2424527862135
 20
243.1145131824915
 10
165.2486560274756
 20
243.1447577592429
 10
165.2549543892022
 20
243.1748914083467
 10
165.2613472531775
 20
243.2049123506813
 10
165.2678339895987
 20
243.2348188136708
 10
165.2744139570251
 20
243.2646090314503
 10
165.2810865023246
 20
243.2942812450256
 10
165.2878509606211
 20
243.3238337024426
 10
165.2947066552415
 20
243.3532646589562
 10
165.3016528976615
 20
243.3825723772034
 10
165.3086889874518
 20
243.4117551273778
 10
165.3158142122244
 20
243.4408111874125
 10
165.3230278475783
 20
243.4697388431615
 10
165.3303291570438
 20
243.4985363885815
 10
165.3377173920296
 20
243.5272021259295
 10
165.3451917917677
 20
243.555734365951
 10
165.3527515832583
 20
243.5841314280774
 10
165.3603959812167
 20
243.6123916406307
 10
165.368124188018
 20
243.6405133410234
 10
165.3759353936437
 20
243.6684948759695
 10
165.3838287756282
 20
243.6963346016984
 10
165.3918034990056
 20
243.7240308841692
 10
165.399858716257
 20
243.7515820992951
 10
165.4079935672582
 20
243.7789866331641
 10
165.4162071792285
 20
243.8062428822723
 10
165.4244986666806
 20
243.8333492537584
 10
165.43286713137
 20
243.8603041656401
 10
165.4413116622467
 20
243.8871060470578
 10
165.4498313354072
 20
243.9137533385238
 10
165.458425214048
 20
243.9402444921725
 10
165.4670923484214
 20
243.9665779720237
 10
165.4758317757896
 20
243.9927522542363
 10
165.4846425203851
 20
244.0187658273842
 10
165.4935235933672
 20
244.0446171927216
 10
165.502473992786
 20
244.0703048644662
 10
165.5114927035447
 20
244.0958273700806
 10
165.5205786973638
 20
244.1211832505574
 10
165.5297309327508
 20
244.146371060717
 10
165.5389483549689
 20
244.1713893695037
 10
165.5482298960093
 20
244.196236760289
 10
165.5575744745691
 20
244.2209118311864
 10
165.566980996026
 20
244.2454131953599
 10
165.5764483524235
 20
244.2697394813509
 10
165.585975422453
 20
244.2938893334008
 10
165.5955610714439
 20
244.3178614117856
 10
165.6052041513553
 20
244.3416543931539
 10
165.6149035007712
 20
244.3652669708684
 10
165.6246579449018
 20
244.3886978553575
 10
165.6344662955889
 20
244.4119457744728
 10
165.6443273513125
 20
244.435009473845
 10
165.6542398972084
 20
244.4578877172567
 10
165.6642027050845
 20
244.4805792870108
 10
165.674214533448
 20
244.5030829843138
 10
165.6842741275338
 20
244.525397629656
 10
165.6943802193422
 20
244.5475220632055
 10
165.7045315276813
 20
244.5694551452033
 10
165.7147267582156
 20
244.5911957563657
 10
165.7249646035224
 20
244.6127427982913
 10
165.7352437431558
 20
244.634095193878
 10
165.7455628437154
 20
244.6552518877374
 10
165.7559205589263
 20
244.6762118466229
 10
165.7663155297269
 20
244.6969740598618
 10
165.7767463843614
 20
244.7175375397867
 10
165.7872117384856
 20
244.7379013221793
 10
165.7977101952806
 20
244.7580644667174
 10
165.8082403455761
 20
244.7780260574266
 10
165.8188007679833
 20
244.797785203136
 10
165.829390029039
 20
244.8173410379406
 10
165.8400066833605
 20
244.8366927216673
 10
165.8506492738119
 20
244.8558394403457
 10
165.8613163316836
 20
244.8747804066856
 10
165.8720063768811
 20
244.8935148605537
 10
165.8827179181299
 20
244.912042069459
 10
165.8934494531924
 20
244.9303613290403
 10
165.9041994690991
 20
244.9484719635577
 10
165.9149664423932
 20
244.9663733263857
 10
165.925748839393
 20
244.9840648005137
 10
165.9365451164664
 20
245.0015457990427
 10
165.9473537203254
 20
245.0188157656929
 10
165.9581730883351
 20
245.035874175307
 10
165.9690016488397
 20
245.0527205343552
 10
165.9798378215112
 20
245.0693543814503
 10
165.9906800177125
 20
245.0857752878537
 10
166.0015266408807
 20
245.1019828579863
 10
166.0123760869353
 20
245.1179767299433
 10
166.023226744704
 20
245.1337565760061
 10
166.0340769963713
 20
245.1493221031519
 10
166.0449252179517
 20
245.1646730535663
 10
166.0557697797861
 20
245.1798092051536
 10
166.0666090470655
 20
245.1947303720459
 10
166.0774413803768
 20
245.2094364051071
 10
166.0882651362824
 20
245.2239271924407
 10
166.0990786679219
 20
245.2382026598865
 10
166.1098803256479
 20
245.2522627715189
 10
166.1206684576935
 20
245.2661075301414
 10
166.1314414108707
 20
245.2797369777733
 10
166.1421975313024
 20
245.2931511961308
 10
166.1529351651954
 20
245.3063503071069
 10
166.1636526596447
 20
245.3193344732374
 10
166.1743483634827
 20
245.3321038981657
 10
166.1850206281685
 20
245.3446588270959
 10
166.1956678087201
 20
245.3569995472374
 10
166.2062882646964
 20
245.3691263882422
 10
166.2168801689353
 20
245.3810395079903
 10
166.2274418833084
 20
245.3927393211519
 10
166.2379717783821
 20
245.4042262875979
 10
166.2484682335364
 20
245.4155009115594
 10
166.2589296382207
 20
245.4265637420124
 10
166.2693543932755
 20
245.4374153730458
 10
166.2797409123231
 20
245.4480564442121
 10
166.2900876232355
 20
245.4584876408637
 10
166.3003929696809
 20
245.4687096944671
 10
166.3106554127575
 20
245.4787233828989
 10
166.3208734327179
 20
245.488529530719
 10
166.331045530797
 20
245.498129009423
 10
166.3411702311441
 20
245.5075227376671
 10
166.3512460828745
 20
245.5167116814694
 10
166.3612716622446
 20
245.52569685438
 10
166.3712455749673
 20
245.5344793176231
 10
166.3811664586776
 20
245.5430601802057
 10
166.391032985559
 20
245.5514405989904
 10
166.4008438651508
 20
245.5596217787289
 10
166.4105978473544
 20
245.5676049720581
 10
166.4202937256517
 20
245.5753914794463
 10
166.4299303405659
 20
245.5829826490935
 10
166.4395065833835
 20
245.590379876777
 10
166.4490214001712
 20
245.5975846056381
 10
166.4584737961145
 20
245.6045983259031
 10
166.4678628402212
 20
245.611422574534
 10
166.477187670427
 20
245.6180589347979
 10
166.4864474991513
 20
245.6245090357458
 10
166.4956416193658
 20
245.6307745515953
 10
166.5047694112267
 20
245.6368572009952
 10
166.5138303493583
 20
245.6427587461672
 10
166.52282401086
 20
245.6484809918989
 10
166.5317500841429
 20
245.6540257843723
 10
166.5406083787077
 20
245.6593950098022
 10
166.5493988359939
 20
245.6645905928531
 10
166.5581215414639
 20
245.6696144948039
 10
166.5667767380945
 20
245.6744687114144
 10
166.5753648414959
 20
245.6791552704438
 10
166.5795224061014
 20
245.6813771515632
  0
LWPOLYLINE
  5
99
330
1F
100
AcDbEntity
  8
Geometries
  6
Continuous
370
    40
100
AcDbPolyline
 90
      201
 70
   128
 43
0.0
 10
166.5794896578938
 20
208.8186402294915
 10
166.5748931286267
 20
208.8210987614666
 10
166.56618727355
 20
208.8258577262284
 10
166.5574194560585
 20
208.8307849954575
 10
166.5485889721973
 20
208.8358825242697
 10
166.5396953224896
 20
208.8411522379056
 10
166.5307381921756
 20
208.8465960291187
 10
166.5217174338162
 20
208.8522157559563
 10
166.5126330519196
 20
208.8580132398701
 10
166.5034851893062
 20
208.8639902641049
 10
166.4942741149709
 20
208.8701485723235
 10
166.4850002132396
 20
208.8764898674324
 10
166.4756639740505
 20
208.883015810582
 10
166.4662659842158
 20
208.8897280203137
 10
166.4568069195369
 20
208.8966280718385
 10
166.4472875376705
 20
208.9037174964275
 10
166.4377086716542
 20
208.9109977809019
 10
166.4280712240136
 20
208.9184703672094
 10
166.4183761613831
 20
208.9261366520796
 10
166.4086245095825
 20
208.9339979867472
 10
166.3988173491004
 20
208.9420556767375
 10
166.3889558109385
 20
208.9503109817074
 10
166.3790410727798
 20
208.9587651153368
 10
166.3690743554458
 20
208.9674192452663
 10
166.359056919616
 20
208.9762744930757
 10
166.3489900627811
 20
208.9853319343016
 10
166.3388751164092
 20
208.9945925984897
 10
166.3287134433033
 20
209.0040574692807
 10
166.3185064351345
 20
209.0137274845245
 10
166.3082555101338
 20
209.0236035364245
 10
166.2979621109282
 20
209.0336864717065
 10
166.28762770251
 20
209.0439770918126
 10
166.2772537703278
 20
209.0544761531178
 10
166.2668418184886
 20
209.0651843671682
 10
166.256393368064
 20
209.076102400938
 10
166.2459099554899
 20
209.0872308771071
 10
166.2353931310554
 20
209.0985703743553
 10
166.2248444574723
 20
209.110121427673
 10
166.2142655085214
 20
209.1218845286874
 10
166.2036578677686
 20
209.133860126004
 10
166.1930231273469
 20
209.1460486255613
 10
166.182362886801
 20
209.1584503909982
 10
166.171678800212
 20
209.1710656866723
 10
166.1609726141367
 20
209.1838946267548
 10
166.1502459351902
 20
209.1969374512891
 10
166.1395003734929
 20
209.2101943598598
 10
166.128737541792
 20
209.2236655119754
 10
166.1179590546029
 20
209.2373510274881
 10
166.1071665273912
 20
209.2512509870203
 10
166.096361575793
 20
209.265365432399
 10
166.0855458148723
 20
209.2796943670969
 10
166.074720858413
 20
209.2942377566791
 10
166.0638883182449
 20
209.3089955292546
 10
166.0530498036002
 20
209.3239675759345
 10
166.0422069205009
 20
209.3391537512927
 10
166.0313612711744
 20
209.3545538738318
 10
166.0205144534977
 20
209.3701677264511
 10
166.0096680604669
 20
209.3859950569185
 10
165.9988236796914
 20
209.4020355783451
 10
165.9879828929138
 20
209.4182889696609
 10
165.9771472755518
 20
209.434754876092
 10
165.9663183962623
 20
209.4514329096405
 10
165.9554978165272
 20
209.468322649563
 10
165.9446870902587
 20
209.4854236428518
 10
165.9338877634263
 20
209.5027354047133
 10
165.9231013736996
 20
209.5202574190498
 10
165.9123294501121
 20
209.5379891389361
 10
165.9015735127403
 20
209.5559299871001
 10
165.8908350724011
 20
209.5740793563971
 10
165.8801156303638
 20
209.5924366102871
 10
165.8694166780796
 20
209.6110010833055
 10
165.8587396969232
 20
209.6297720815374
 10
165.8480861579519
 20
209.6487488830834
 10
165.8374575216764
 20
209.6679307385265
 10
165.8268552378451
 20
209.6873168713955
 10
165.8162807452424
 20
209.706906478624
 10
165.8057354714975
 20
209.7266987310088
 10
165.7952208329063
 20
209.7466927736609
 10
165.7847382342652
 20
209.7668877264549
 10
165.7742890687136
 20
209.7872826844765
 10
165.7638747175889
 20
209.8078767184622
 10
165.7534965502912
 20
209.8286688752363
 10
165.743155924157
 20
209.8496581781449
 10
165.7328541843436
 20
209.8708436274825
 10
165.7225926637205
 20
209.8922242009177
 10
165.7123726827708
 20
209.9137988539114
 10
165.702195549501
 20
209.9355665201305
 10
165.692062559358
 20
209.9575261118566
 10
165.6819749951529
 20
209.979676520394
 10
165.6719341269952
 20
210.0020166164631
 10
165.6619412122292
 20
210.0245452506001
 10
165.6519974953819
 20
210.0472612535423
 10
165.6421042081134
 20
210.0701634366139
 10
165.6322625691764
 20
210.0932505921024
 10
165.6224737843786
 20
210.1165214936347
 10
165.6127390465537
 20
210.1399748965414
 10
165.603059535535
 20
210.1636095382218
 10
165.5934364181361
 20
210.1874241385001
 10
165.5838708481344
 20
210.2114173999773
 10
165.574363966262
 20
210.2355880083763
 10
165.5649169001973
 20
210.2599346328851
 10
165.5555307645644
 20
210.2844559264898
 10
165.5462066609334
 20
210.3091505263079
 10
165.5369456778267
 20
210.3340170539092
 10
165.5277488907277
 20
210.3590541156383
 10
165.5186173620923
 20
210.3842603029284
 10
165.5095521413649
 20
210.4096341926096
 10
165.5005542649968
 20
210.4351743472132
 10
165.491624756467
 20
210.4608793152694
 10
165.4827646263062
 20
210.4867476316018
 10
165.4739748721226
 20
210.5127778176165
 10
165.4652564786309
 20
210.5389683815836
 10
165.4566104176832
 20
210.5653178189164
 10
165.4480376483015
 20
210.5918246124444
 10
165.4395391167117
 20
210.6184872326843
 10
165.4311157563814
 20
210.6453041380998
 10
165.4227684880567
 20
210.6722737753649
 10
165.4144982198029
 20
210.6993945796125
 10
165.4063058470439
 20
210.7266649746922
 10
165.3981922526063
 20
210.7540833734064
 10
165.3901583067609
 20
210.7816481777592
 10
165.3822048672687
 20
210.8093577791865
 10
165.374332779425
 20
210.8372105587922
 10
165.3665428761067
 20
210.8652048875728
 10
165.3588359778187
 20
210.8933391266429
 10
165.3512128927413
 20
210.921611627455
 10
165.3436744167798
 20
210.9500207320103
 10
165.3362213336115
 20
210.9785647730778
 10
165.3288544147364
 20
211.0072420743934
 10
165.3215744195257
 20
211.0360509508699
 10
165.3143820952726
 20
211.0649897087936
 10
165.3072781772414
 20
211.0940566460221
 10
165.3002633887182
 20
211.1232500521753
 10
165.2933384410617
 20
211.1525682088253
 10
165.2865040337522
 20
211.1820093896832
 10
165.2797608544432
 20
211.2115718607794
 10
165.2731095790112
 20
211.2412538806424
 10
165.2665508716052
 20
211.2710537004778
 10
165.2600853846969
 20
211.3009695643381
 10
165.2537137591312
 20
211.3309997092914
 10
165.2474366241741
 20
211.3611423655904
 10
165.2412545975626
 20
211.3913957568364
 10
165.2351682855533
 20
211.4217581001367
 10
165.2291782829708
 20
211.4522276062642
 10
165.2232851732552
 20
211.4828024798149
 10
165.2174895285092
 20
211.5134809193583
 10
165.2117919095465
 20
211.5442611175855
 10
165.2061928659359
 20
211.5751412614615
 10
165.2006929360492
 20
211.6061195323658
 10
165.1952926471048
 20
211.6371941062386
 10
165.1899925152134
 20
211.668363153718
 10
165.1847930454212
 20
211.6996248402812
 10
165.1796947317536
 20
211.7309773263781
 10
165.1746980572578
 20
211.7624187675664
 10
165.1698034940446
 20
211.7939473146407
 10
165.1650115033294
 20
211.8255611137691
 10
165.1603225354731
 20
211.8572583066125
 10
165.1557370300216
 20
211.8890370304553
 10
165.1512554157447
 20
211.9208954183273
 10
165.1468781106739
 20
211.9528315991314
 10
165.1426055221405
 20
211.9848436977567
 10
165.1384380468117
 20
212.0169298352012
 10
165.1343760707261
 20
212.0490881286904
 10
165.1304199693291
 20
212.081316691791
 10
165.1265701075066
 20
212.1136136345245
 10
165.1228268396183
 20
212.1459770634828
 10
165.1191905095301
 20
212.1784050819382
 10
165.1156614506455
 20
212.2108957899516
 10
165.1122399859359
 20
212.2434472844868
 10
165.1089264279712
 20
212.276057659509
 10
165.1057210789476
 20
212.308725006101
 10
165.1026242307158
 20
212.3414474125624
 10
165.0996361648086
 20
212.3742229645157
 10
165.0967571524663
 20
212.4070497450089
 10
165.0939874546623
 20
212.4399258346157
 10
165.0913273221274
 20
212.4728493115392
 10
165.088776995373
 20
212.50581825171
 10
165.0863367047138
 20
212.5388307288875
 10
165.084006670289
 20
212.5718848147557
 10
165.0817871020832
 20
212.6049785790241
 10
165.0796781999462
 20
212.6381100895167
 10
165.0776801536112
 20
212.671277412279
 10
165.0757931427134
 20
212.704478611663
 10
165.0740173368061
 20
212.7377117504294
 10
165.0723528953774
 20
212.7709748898356
 10
165.0707999678644
 20
212.8042660897343
 10
165.0693586936682
 20
212.8375834086616
 10
165.0680292021663
 20
212.8709249039324
 10
165.0668116127248
 20
212.9042886317319
 10
165.0657060347104
 20
212.9376726472029
 10
165.0647125674997
 20
212.9710750045449
 10
165.0638313004894
 20
213.0044937570944
 10
165.0630623131042
 20
213.0379269574242
 10
165.0624056748044
 20
213.0713726574287
 10
165.0618614450925
 20
213.1048289084144
 10
165.0614296735185
 20
213.1382937611876
 10
165.0611103996849
 20
213.1717652661466
 10
165.0609036532502
 20
213.2052414733683
 10
165.0608094539315
 20
213.2387204326989
 10
165.0608278115062
 20
213.2722001938428
 10
165.0608429361264
 20
213.278179372577
  0
LWPOLYLINE
  5
9A
330
1F
100
AcDbEntity
  8
Geometries
  6
Continuous
370
    40
100
AcDbPolyline
 90
        3
 70
   128
 43
0.0
 10
73.73583743767298
 20
208.750152286465
 10
73.72900114575974
 20
208.7500294418143
 10
73.72363719226811
 20
208.75
  0
LWPOLYLINE
  5
9B
330
1F
100
AcDbEntity
  8
Geometries
  6
Continuous
370
    40
100
AcDbPolyline
 90
      150
 70
   128
 43
0.0
 10
75.29069138670388
 20
210.8276229331628
 10
75.28524346140193
 20
210.8105359045219
 10
75.27620747444914
 20
210.7825101345518
 10
75.26709652756358
 20
210.7546401444078
 10
75.25791149816916
 20
210.7269273835374
 10
75.24865327505603
 20
210.6993732906423
 10
75.23932275841743
 20
210.6719792934558
 10
75.22992085988355
 20
210.6447468085131
 10
75.22044850255438
 20
210.6176772409178
 10
75.21090662103016
 20
210.5907719841017
 10
75.20129616144223
 20
210.5640324195873
 10
75.19161808147979
 20
210.5374599167387
 10
75.18187335041559
 20
210.511055832511
 10
75.17206294912936
 20
210.4848215111948
 10
75.16218787012974
 20
210.4587582841578
 10
75.15224911757272
 20
210.4328674695797
 10
75.14224770727722
 20
210.4071503721809
 10
75.13218466673996
 20
210.3816082829519
 10
75.12206103514566
 20
210.3562424788739
 10
75.1118778633743
 20
210.3310542226338
 10
75.1016362140058
 20
210.3060447623371
 10
75.09133716132158
 20
210.2812153312163
 10
75.08098179130084
 20
210.2565671473297
 10
75.07057120161593
 20
210.2321014132633
 10
75.06010650162017
 20
210.2078193158181
 10
75.04958881233452
 20
210.183722025701
 10
75.0390192664287
 20
210.1598106972069
 10
75.02839900819691
 20
210.1360864678946
 10
75.01772919352945
 20
210.1125504582598
 10
75.00701098988014
 20
210.0892037714046
 10
74.99624557622631
 20
210.0660474926974
 10
74.98543414302517
 20
210.0430826894335
 10
74.97457789216215
 20
210.0203104104842
 10
74.96367803689628
 20
209.9977316859496
 10
74.952735801795
 20
209.9753475267963
 10
74.94175242266643
 20
209.9531589245008
 10
74.93072914648089
 20
209.9311668506786
 10
74.91966723128846
 20
209.909372256717
 10
74.9085679461256
 20
209.8877760733958
 10
74.89743257091641
 20
209.8663792105089
 10
74.88626239636372
 20
209.8451825564786
 10
74.87505872383326
 20
209.8241869779675
 10
74.86382286522615
 20
209.8033933194824
 10
74.85255614284402
 20
209.7828024029779
 10
74.84125988924441
 20
209.7624150274554
 10
74.82993544708359
 20
209.7422319685546
 10
74.81858416895163
 20
209.7222539781468
 10
74.80720741719304
 20
209.7024817839176
 10
74.79580656371898
 20
209.6829160889534
 10
74.78438298980483
 20
209.6635575713184
 10
74.77293808587629
 20
209.6444068836317
 10
74.76147325128284
 20
209.6254646526419
 10
74.74998989405543
 20
209.6067314787946
 10
74.73848943065255
 20
209.5882079358036
 10
74.72697328568918
 20
209.5698945702136
 10
74.7154428916515
 20
209.5517919009646
 10
74.7038996885961
 20
209.5339004189546
 10
74.6923451238299
 20
209.5162205865969
 10
74.68078065157559
 20
209.4987528373807
 10
74.66920773261648
 20
209.4814975754265
 10
74.65762783392518
 20
209.4644551750461
 10
74.64604242826863
 20
209.4476259802954
 10
74.6344529937958
 20
209.4310103045324
 10
74.62286101360269
 20
209.4146084299735
 10
74.61126797527483
 20
209.3984206072512
 10
74.59967537040694
 20
209.3824470549721
 10
74.58808469409705
 20
209.366687959277
 10
74.57649744441628
 20
209.3511434734023
 10
74.56491512185117
 20
209.3358137172447
 10
74.55333922871907
 20
209.3206987769292
 10
74.54177126855225
 20
209.3057987043778
 10
74.53021274545436
 20
209.2911135168862
 10
74.51866516342184
 20
209.2766431967011
 10
74.50713002563415
 20
209.2623876906061
 10
74.49560883370674
 20
209.2483469095097
 10
74.48410308690777
 20
209.2345207280426
 10
74.47261428133572
 20
209.2209089841604
 10
74.46114390905612
 20
209.2075114787551
 10
74.44969347727977
 20
209.1943279982329
 10
74.43826462733955
 20
209.1813584475963
 10
74.42685884192841
 20
209.168602514727
 10
74.41547759600614
 20
209.1560598487824
 10
74.40412235567258
 20
209.1437300598214
 10
74.39279457700829
 20
209.1316127184713
 10
74.38149570485332
 20
209.1197073556069
 10
74.3702271715218
 20
209.1080134620457
 10
74.35899039544834
 20
209.096530488259
 10
74.34778677976101
 20
209.0852578441006
 10
74.33661771077603
 20
209.0741948985542
 10
74.32548455640818
 20
209.0633409795007
 10
74.31438866449318
 20
209.0526953735086
 10
74.30333136101198
 20
209.0422573256466
 10
74.292313948213
 20
209.0320260393226
 10
74.28133770262093
 20
209.0220006761492
 10
74.27040387292791
 20
209.0121803558407
 10
74.25951367775124
 20
209.0025641561394
 10
74.24866830325303
 20
208.9931511127799
 10
74.23786890060401
 20
208.9839402194877
 10
74.22711658328336
 20
208.974930428022
 10
74.21641242419453
 20
208.9661206482601
 10
74.2057574525846
 20
208.9575097483323
 10
74.19515265074693
 20
208.9490965548099
 10
74.18459895048468
 20
208.9408798529498
 10
74.17409722931473
 20
208.9328583870048
 10
74.16364830638378
 20
208.9250308606031
 10
74.15325293806765
 20
208.9173959372062
 10
74.1429118132215
 20
208.9099522406538
 10
74.13262554803985
 20
208.9026983558019
 10
74.12239468048946
 20
208.8956328292711
 10
74.11221966426191
 20
208.8887541703123
 10
74.10210086219402
 20
208.8820608518074
 10
74.0920385390919
 20
208.875551311421
 10
74.08203285389068
 20
208.8692239529238
 10
74.07208385106534
 20
208.8630771477091
 10
74.06219145120266
 20
208.857109236531
 10
74.05235544062725
 20
208.8513185314951
 10
74.04257545995954
 20
208.8457033183388
 10
74.03285099146706
 20
208.8402618590459
 10
74.0231813450454
 20
208.8349923948474
 10
74.01356564264478
 20
208.8298931496694
 10
74.00400280092691
 20
208.8249623341055
 10
73.99449151190203
 20
208.8201981499982
 10
73.98503022126184
 20
208.8155987957405
 10
73.97561710407246
 20
208.8111624724241
 10
73.9662500374476
 20
208.806887390994
 10
73.95692656975608
 20
208.8027717805978
 10
73.94764388585523
 20
208.7988138983664
 10
73.93839876777137
 20
208.7950120409129
 10
73.92918755016281
 20
208.7913645579037
 10
73.92000606983575
 20
208.787869868144
 10
73.91084960849855
 20
208.7845264787224
 10
73.9017128279075
 20
208.781333007898
 10
73.89258969654594
 20
208.7782882125834
 10
73.88347340708583
 20
208.7753910214917
 10
73.87435628414228
 20
208.7726405752888
 10
73.86522968239538
 20
208.7700362754215
 10
73.8560838762315
 20
208.7675778436998
 10
73.84690794398347
 20
208.7652653951774
 10
73.83768965320995
 20
208.7630995273769
 10
73.82841535915247
 20
208.7610814293513
 10
73.81906993800662
 20
208.7592130142606
 10
73.80963679209049
 20
208.7574970786302
 10
73.80009798846979
 20
208.7559374893843
 10
73.79043462965886
 20
208.7545393944775
 10
73.78062760699294
 20
208.7533094416262
 10
73.77065894963351
 20
208.7522559678392
 10
73.7605140300872
 20
208.7513890848727
 10
73.75018485027601
 20
208.7507205305457
 10
73.7396743678677
 20
208.7502630973902
 10
73.73583743767298
 20
208.750152286465
  0
LWPOLYLINE
  5
9C
330
1F
100
AcDbEntity
  8
Geometries
  6
Continuous
370
    40
100
AcDbPolyline
 90
       74
 70
   128
 43
0.0
 10
76.04971221711195
 20
245.1330133774743
 10
76.04903757518687
 20
245.1308031065048
 10
76.03967818635806
 20
245.0998537682798
 10
76.03045231105196
 20
245.068809289993
 10
76.02135982880397
 20
245.0376710350781
 10
76.012400621699
 20
245.0064403601826
 10
76.00357457455618
 20
244.975118615782
 10
75.99488157508826
 20
244.9437071467681
 10
75.98632151403301
 20
244.9122072929928
 10
75.97789428526968
 20
244.8806203898112
 10
75.96959978590694
 20
244.8489477685682
 10
75.96143791635843
 20
244.8171907570843
 10
75.95340858039603
 20
244.7853506800971
 10
75.94551168519044
 20
244.7534288596921
 10
75.93774714133357
 20
244.7214266156968
 10
75.93011486285084
 20
244.6893452660654
 10
75.9226147671979
 20
244.6571861272291
 10
75.9152467752472
 20
244.624950514429
 10
75.9080108112638
 20
244.5926397420277
 10
75.90090680287352
 20
244.5602551238075
 10
75.89393468101939
 20
244.5277979732355
 10
75.88709437991261
 20
244.4952696037201
 10
75.88038583697642
 20
244.4626713288477
 10
75.87380899278332
 20
244.4300044626004
 10
75.86736379098731
 20
244.3972703195594
 10
75.86105017825096
 20
244.3644702150901
 10
75.85486810416836
 20
244.3316054655129
 10
75.8488175211848
 20
244.2986773882601
 10
75.8428983845127
 20
244.2656873020168
 10
75.83711065204636
 20
244.2326365268545
 10
75.83145428427281
 20
244.1995263843438
 10
75.82592924418196
 20
244.1663581976587
 10
75.82053549717543
 20
244.1331332916714
 10
75.81527301097415
 20
244.0998529930323
 10
75.81014175552535
 20
244.0665186302406
 10
75.80514170291005
 20
244.0331315337093
 10
75.80027282724876
 20
243.9996930358097
 10
75.79553510460977
 20
243.96620447092
 10
75.79092851291577
 20
243.9326671754544
 10
75.78645303185294
 20
243.8990824878907
 10
75.78210864278009
 20
243.8654517487881
 10
75.77789532863886
 20
243.8317763007943
 10
75.77381307386588
 20
243.7980574886505
 10
75.76986186430581
 20
243.7642966591853
 10
75.76604168712679
 20
243.7304951613088
 10
75.76235253073631
 20
243.6966543459877
 10
75.75879438470092
 20
243.6627755662325
 10
75.75536723966604
 20
243.6288601770611
 10
75.75207108727945
 20
243.5949095354727
 10
75.74890592011587
 20
243.5609250004043
 10
75.74587173160474
 20
243.5269079326918
 10
75.74296851595984
 20
243.4928596950218
 10
75.74019626811173
 20
243.4587816518811
 10
75.7375549836421
 20
243.4246751694969
 10
75.73504465872207
 20
243.3905416157873
 10
75.73266529005164
 20
243.3563823602916
 10
75.73041687480278
 20
243.322198774107
 10
75.72829941056509
 20
243.2879922298215
 10
75.72631289529399
 20
243.2537641014401
 10
75.72445732726244
 20
243.2195157643159
 10
75.72273270501455
 20
243.1852485950662
 10
75.72113902732303
 20
243.1509639715019
 10
75.71967629314904
 20
243.1166632725402
 10
75.71834450160509
 20
243.0823478781255
 10
75.7171436519211
 20
243.0480191691425
 10
75.71607374341339
 20
243.0136785273341
 10
75.71513477545653
 20
242.9793273352101
 10
75.71432674745844
 20
242.9449669759588
 10
75.71364965883853
 20
242.9105988333611
 10
75.71310350900868
 20
242.8762242916929
 10
75.71268829735757
 20
242.8418447356357
 10
75.71240402323804
 20
242.8074615501863
 10
75.71225068595737
 20
242.7730761205616
 10
75.71222120214819
 20
242.75
  0
LWPOLYLINE
  5
9D
330
1F
100
AcDbEntity
  8
Geometries
  6
Continuous
370
    40
100
AcDbPolyline
 90
      136
 70
   128
 43
0.0
 10
78.70461054206827
 20
247.75
 10
78.68825903767979
 20
247.749932901526
 10
78.66633493384953
 20
247.7496323268604
 10
78.64441564513145
 20
247.7490905601434
 10
78.62250233240118
 20
247.7483076851632
 10
78.600596158631
 20
247.7472837822463
 10
78.57869828209898
 20
247.7460189280343
 10
78.55680985566478
 20
247.7445131952743
 10
78.53493202605549
 20
247.7427666525721
 10
78.51306593317938
 20
247.7407793641132
 10
78.49121270945815
 20
247.7385513893485
 10
78.4693734791892
 20
247.7360827826507
 10
78.44754935793583
 20
247.7333735929401
 10
78.42574145195515
 20
247.730423863284
 10
78.40395085765626
 20
247.7272336304716
 10
78.38217866110341
 20
247.7238029245658
 10
78.36042593756198
 20
247.7201317684379
 10
78.33869375109484
 20
247.7162201772861
 10
78.31698315419573
 20
247.7120681581399
 10
78.2952951874943
 20
247.7076757093599
 10
78.27363087950108
 20
247.7030428201301
 10
78.25199124641708
 20
247.6981694699507
 10
78.23037729200945
 20
247.6930556281372
 10
78.20879000754316
 20
247.6877012533269
 10
78.1872303717841
 20
247.6821062930003
 10
78.16569935107401
 20
247.6762706830235
 10
78.1441978994727
 20
247.6701943472147
 10
78.12272695897597
 20
247.6638771969424
 10
78.10128745981007
 20
247.6573191307614
 10
78.07988032080769
 20
247.6505200340935
 10
78.0585064498544
 20
247.6434797789558
 10
78.03716674442583
 20
247.6361982237498
 10
78.01586209220412
 20
247.628675213113
 10
77.99459337177178
 20
247.6209105778411
 10
77.9733614534028
 20
247.6129041348925
 10
77.95216719992331
 20
247.6046556874755
 10
77.93101146766323
 20
247.5961650252308
 10
77.90989510749509
 20
247.5874319245176
 10
77.8888189659444
 20
247.5784561488047
 10
77.86778388639365
 20
247.5692374491833
 10
77.84679071035688
 20
247.5597755650006
 10
77.82584027883324
 20
247.550070224627
 10
77.80493343373266
 20
247.5401211463604
 10
77.78407101937657
 20
247.5299280394792
 10
77.7632538840545
 20
247.5194906054435
 10
77.74248288164883
 20
247.508808539257
 10
77.72175887330883
 20
247.497881530991
 10
77.70108272917503
 20
247.4867092674775
 10
77.68045533013952
 20
247.4752914341719
 10
77.65987756963673
 20
247.4636277171898
 10
77.63935035546343
 20
247.4517178055247
 10
77.61887461159994
 20
247.4395613934359
 10
77.59845128003775
 20
247.4271581830167
 10
77.57808132259254
 20
247.4145078869342
 10
77.55776572269536
 20
247.4016102313404
 10
77.53750548713691
 20
247.388464958943
 10
77.51730164777092
 20
247.3750718322396
 10
77.49715526313648
 20
247.3614306368912
 10
77.47706742000298
 20
247.3475411852359
 10
77.45703923480995
 20
247.3334033199206
 10
77.43707185499227
 20
247.3190169176412
 10
77.41716646016141
 20
247.3043818929632
 10
77.39732426314612
 20
247.2894982022167
 10
77.37754651085119
 20
247.274365847427
 10
77.3578344849354
 20
247.2589848802662
 10
77.338189502284
 20
247.2433554059955
 10
77.31861291526405
 20
247.2274775873692
 10
77.29910611174559
 20
247.2113516484694
 10
77.2796705148748
 20
247.194977878438
 10
77.26030758259162
 20
247.1783566350757
 10
77.2410188068815
 20
247.1614883482726
 10
77.2218057127516
 20
247.144373523236
 10
77.20266985692712
 20
247.1270127434788
 10
77.18361282627305
 20
247.1094066735433
 10
77.16463623592863
 20
247.0915560614146
 10
77.14574172717491
 20
247.0734617406085
 10
77.12693096502761
 20
247.0551246318903
 10
77.10820563557866
 20
247.0365457446112
 10
77.08956744309538
 20
247.0177261776362
 10
77.07101810688607
 20
246.9986671198337
 10
77.05255935797854
 20
246.9793698501411
 10
77.03419293559602
 20
246.9598357371555
 10
77.01592058349753
 20
246.9400662382867
 10
76.99774404618262
 20
246.920062898443
 10
76.97966506500134
 20
246.8998273482662
 10
76.96168537420814
 20
246.8793613019323
 10
76.9438066969774
 20
246.8586665545182
 10
76.9260307414321
 20
246.8377449789727
 10
76.90835919670693
 20
246.8165985227045
 10
76.89079372908432
 20
246.7952292038204
 10
76.87333597824268
 20
246.7736391070581
 10
76.8559875536312
 20
246.7518303794259
 10
76.83875003101832
 20
246.7298052256146
 10
76.82162494923313
 20
246.7075659032105
 10
76.80461380712141
 20
246.6851147177505
 10
76.78771806074465
 20
246.6624540176715
 10
76.77093912082954
 20
246.6395861891843
 10
76.75427835049743
 20
246.6165136511341
 10
76.73773706326708
 20
246.593238849865
 10
76.721316521353
 20
246.5697642541499
 10
76.70501793425444
 20
246.5460923502094
 10
76.68884245763806
 20
246.5222256368581
 10
76.67279119251091
 20
246.4981666208091
 10
76.65686518468107
 20
246.4739178121693
 10
76.6410654244898
 20
246.4494817201378
 10
76.62539284681247
 20
246.4248608489411
 10
76.60984833130851
 20
246.4000576940116
 10
76.59443270291243
 20
246.375074738434
 10
76.57914673253757
 20
246.3499144496493
 10
76.56399113799344
 20
246.3245792764538
 10
76.54896658507573
 20
246.2990716462571
 10
76.5340736888317
 20
246.2733939626373
 10
76.51931301496401
 20
246.2475486031585
 10
76.50468508596128
 20
246.221537925701
 10
76.49019060393533
 20
246.1953646699628
 10
76.47582997814118
 20
246.1690311116352
 10
76.46160357584354
 20
246.1425394940445
 10
76.44751172409755
 20
246.1158920271257
 10
76.43355471168319
 20
246.0890908868218
 10
76.4197327910574
 20
246.0621382146793
 10
76.40604618031546
 20
246.0350361176341
 10
76.3924950651433
 20
246.0077866679628
 10
76.3790796007568
 20
245.980391903396
 10
76.36579991381421
 20
245.9528538273735
 10
76.35265610429573
 20
245.9251744094307
 10
76.33964824733934
 20
245.8973555856975
 10
76.32677639502819
 20
245.8693992594971
 10
76.31404057812887
 20
245.8413073020464
 10
76.30144080776489
 20
245.8130815532178
 10
76.28897707703405
 20
245.7847238223809
 10
76.27664936256
 20
245.7562358892973
 10
76.26445762597376
 20
245.7276195050534
 10
76.25240181533374
 20
245.6988763930455
 10
76.2404818664711
 20
245.6700082499794
 10
76.2286977042705
 20
245.6410167469028
 10
76.2265180800982
 20
245.6356040385742
  0
ELLIPSE
  5
9E
330
1F
100
AcDbEntity
  8
Geometries
  6
Continuous
370
    40
100
AcDbEllipse
 10
174.5632225932869
 20
213.2499999999998
 30
0.0
 11
1.377730969881129E-16
 21
-4.500000000000007
 31
0.0
210
0.0
220
0.0
230
1.0
 40
0.5000012051875261
 41
0.346180529561065
 42
1.573864503065171
  0
ELLIPSE
  5
9F
330
1F
100
AcDbEntity
  8
Geometries
  6
Continuous
370
    40
100
AcDbEllipse
 10
57.6299286009765
 20
242.75
 30
0.0
 11
1.530812188756806E-16
 21
-5.000000000000001
 31
0.0
210
0.0
220
0.0
230
1.0
 40
0.5000012051875256
 41
2.155923271212626
 42
3.141592653589793
  0
ELLIPSE
  5
A0
330
1F
100
AcDbEntity
  8
Geometries
  6
Continuous
370
    40
100
AcDbEllipse
 10
77.18681778049528
 20
213.2499999999998
 30
0.0
 11
1.377730969881128E-16
 21
4.500000000000007
 31
0.0
210
0.0
220
0.0
230
1.0
 40
0.5000012051875259
 41
1.564854414870492
 42
2.139232044391573
  0
ELLIPSE
  5
A1
330
1F
100
AcDbEntity
  8
Geometries
  6
Continuous
370
    40
100
AcDbEllipse
 10
117.1264042101978
 20
242.7750628144669
 30
0.0
 11
-5.000012051875259
 21
0.0
 31
0.0
210
0.0
220
0.0
230
1.0
 40
0.9999975896307581
 41
3.141592653589793
 42
4.586495038910331
  0
ELLIPSE
  5
A2
330
1F
100
AcDbEntity
  8
Geometries
  6
Continuous
370
    40
100
AcDbEllipse
 10
127.1264283139483
 20
213.75
 30
0.0
 11
5.000012051875258
 21
0.0
 31
0.0
210
0.0
220
0.0
230
1.0
 40
0.9999975896307581
 41
3.14159265358979
 42
4.71238898038469
  0
ELLIPSE
  5
A3
330
1F
100
AcDbEntity
  8
Geometries
  6
Continuous
370
    40
100
AcDbEllipse
 10
62.62994065285167
 20
213.75
 30
0.0
 11
1.530812188756806E-16
 21
5.000000000000001
 31
0.0
210
0.0
220
0.0
230
1.0
 40
0.5000012051875256
 41
1.570796326794893
 42
2.266879523697863
  0
ELLIPSE
  5
A4
330
1F
100
AcDbEntity
  8
Geometries
  6
Continuous
370
    40
100
AcDbEllipse
 10
66.00312850007779
 20
246.75
 30
0.0
 11
0.8654759774193679
 21
-0.8654759774193693
 31
0.0
210
0.0
220
0.0
230
1.0
 40
0.5788149437585145
 41
3.666289238417934
 42
4.187692395556558
  0
ELLIPSE
  5
A5
330
1F
100
AcDbEntity
  8
Geometries
  6
Continuous
370
    40
100
AcDbEllipse
 10
166.1882024063958
 20
213.2499999999998
 30
0.0
 11
1.377730969881126E-16
 21
-4.499999999999999
 31
0.0
210
0.0
220
0.0
230
1.0
 40
0.5000012051875262
 41
0.1747906804234887
 42
1.573864503065171
  0
ELLIPSE
  5
A6
330
1F
100
AcDbEntity
  8
Geometries
  6
Continuous
370
    40
100
AcDbEllipse
 10
117.1264042101978
 20
242.7750628144669
 30
0.0
 11
-5.000012051875259
 21
0.0
 31
0.0
210
0.0
220
0.0
230
1.0
 40
0.9999975896307581
 41
4.587637104443573
 42
4.612221559223132
  0
ELLIPSE
  5
A7
330
1F
100
AcDbEntity
  8
Geometries
  6
Continuous
370
    40
100
AcDbEllipse
 10
157.8131822195047
 20
213.2499999999998
 30
0.0
 11
1.377730969881128E-16
 21
-4.500000000000004
 31
0.0
210
0.0
220
0.0
230
1.0
 40
0.5000012051875261
 41
0.3312199074671525
 42
0.5549771381080212
  0
ELLIPSE
  5
A8
330
1F
100
AcDbEntity
  8
Geometries
  6
Continuous
370
    40
100
AcDbEllipse
 10
69.73885851242792
 20
246.75
 30
0.0
 11
-0.8654759774193679
 21
-0.8654759774193693
 31
0.0
210
0.0
220
0.0
230
1.0
 40
0.5788149437585145
 41
3.666289238417912
 42
5.237085565212827
  0
ELLIPSE
  5
A9
330
1F
100
AcDbEntity
  8
Geometries
  6
Continuous
370
    40
100
AcDbEllipse
 10
157.8131822195047
 20
213.2499999999998
 30
0.0
 11
1.377730969881128E-16
 21
-4.500000000000004
 31
0.0
210
0.0
220
0.0
230
1.0
 40
0.5000012051875261
 41
0.8640718713260758
 42
1.573864503065176
  0
ELLIPSE
  5
AA
330
1F
100
AcDbEntity
  8
Geometries
  6
Continuous
370
    40
100
AcDbEllipse
 10
57.6299286009765
 20
242.75
 30
0.0
 11
1.530812188756806E-16
 21
-5.000000000000001
 31
0.0
210
0.0
220
0.0
230
1.0
 40
0.5000012051875256
 41
1.570796326794898
 42
2.137237187426544
  0
ELLIPSE
  5
AB
330
1F
100
AcDbEntity
  8
Geometries
  6
Continuous
370
    40
100
AcDbEllipse
 10
57.6299286009765
 20
242.75
 30
0.0
 11
1.530812188756806E-16
 21
-5.000000000000001
 31
0.0
210
0.0
220
0.0
230
1.0
 40
0.5000012051875256
 41
2.137237187426544
 42
2.155923271212625
  0
ELLIPSE
  5
AC
330
1F
100
AcDbEntity
  8
Geometries
  6
Continuous
370
    40
100
AcDbEllipse
 10
174.5632225933076
 20
241.2499999999988
 30
0.0
 11
1.377730969881128E-16
 21
-4.500000000000005
 31
0.0
210
0.0
220
0.0
230
1.0
 40
0.5000012051875261
 41
1.573864503065294
 42
2.795412124028875
  0
ELLIPSE
  5
AD
330
1F
100
AcDbEntity
  8
Geometries
  6
Continuous
370
    40
100
AcDbEllipse
 10
172.003564161967
 20
213.75
 30
0.0
 11
1.530812188756806E-16
 21
-5.000000000000001
 31
0.0
210
0.0
220
0.0
230
1.0
 40
0.5000012051875258
 41
1.006325246433938
 42
1.570796326794897
  0
ELLIPSE
  5
AE
330
1F
100
AcDbEntity
  8
Geometries
  6
Continuous
370
    40
100
AcDbEllipse
 10
177.0035762138422
 20
242.75
 30
0.0
 11
-1.530812188756806E-16
 21
5.000000000000001
 31
0.0
210
0.0
220
0.0
230
1.0
 40
0.5000012051875258
 41
1.138924896533632
 42
1.570796326794897
  0
ELLIPSE
  5
AF
330
1F
100
AcDbEntity
  8
Geometries
  6
Continuous
370
    40
100
AcDbEllipse
 10
68.81179759360225
 20
241.25
 30
0.0
 11
1.377730969881128E-16
 21
4.500000000000007
 31
0.0
210
0.0
220
0.0
230
1.0
 40
0.5000012051875259
 41
4.715457156654784
 42
5.117188642845535
  0
ELLIPSE
  5
B0
330
1F
100
AcDbEntity
  8
Geometries
  6
Continuous
370
    40
100
AcDbEllipse
 10
60.43677740671084
 20
241.2499999999988
 30
0.0
 11
1.377730969881127E-16
 21
4.500000000000007
 31
0.0
210
0.0
220
0.0
230
1.0
 40
0.5000012051875257
 41
4.715457156655042
 42
6.610199073167111
  0
ELLIPSE
  5
B1
330
1F
100
AcDbEntity
  8
Geometries
  6
Continuous
370
    40
100
AcDbEllipse
 10
68.81179759360421
 20
213.2499999999998
 30
0.0
 11
1.377730969881125E-16
 21
4.5
 31
0.0
210
0.0
220
0.0
230
1.0
 40
0.5000012051875257
 41
4.307589317921639
 42
4.715457156654963
  0
ELLIPSE
  5
B2
330
1F
100
AcDbEntity
  8
Geometries
  6
Continuous
370
    40
100
AcDbEllipse
 10
77.18681778051595
 20
241.2499999999988
 30
0.0
 11
1.377730969881127E-16
 21
4.500000000000007
 31
0.0
210
0.0
220
0.0
230
1.0
 40
0.5000012051875257
 41
0.5298227168262779
 42
1.564854414870164
  0
ELLIPSE
  5
B3
330
1F
100
AcDbEntity
  8
Geometries
  6
Continuous
370
    40
100
AcDbEllipse
 10
72.85651606757685
 20
213.75
 30
0.0
 11
-1.829979920841325E-16
 21
6.000000000000002
 31
0.0
210
0.0
220
0.0
230
0.9999999999999999
 40
0.4980973349800196
 41
3.141592653589795
 42
4.71238898038469
  0
ELLIPSE
  5
B4
330
1F
100
AcDbEntity
  8
Geometries
  6
Continuous
370
    40
100
AcDbEllipse
 10
77.83748941737704
 20
242.75
 30
0.0
 11
1.219986613894217E-16
 21
-4.0
 31
0.0
210
0.0
220
0.0
230
0.9999999999999999
 40
0.4980973349800198
 41
3.141592653589793
 42
4.71238898038469
  0
ELLIPSE
  5
B5
330
1F
100
AcDbEntity
  8
Geometries
  6
Continuous
370
    40
100
AcDbEllipse
 10
176.0930092398609
 20
213.2499999999998
 30
0.0
 11
-1.382963715785856E-16
 21
4.500000000000007
 31
0.0
210
0.0
220
0.0
230
1.0
 40
0.5019002546507385
 41
2.075215361758248
 42
2.795412124028275
  0
ELLIPSE
  5
B6
330
1F
100
AcDbEntity
  8
Geometries
  6
Continuous
370
    40
100
AcDbEllipse
 10
176.0930092398817
 20
241.2499999999988
 30
0.0
 11
-1.382963715785856E-16
 21
4.500000000000007
 31
0.0
210
0.0
220
0.0
230
1.0
 40
0.5019002546507383
 41
0.6461425025198472
 42
1.564854414870164
  0
ELLIPSE
  5
B7
330
1F
100
AcDbEntity
  8
Geometries
  6
Continuous
370
    40
100
AcDbEllipse
 10
167.6861799744611
 20
213.2499999999998
 30
0.0
 11
-1.690288985960488E-16
 21
5.500000000000001
 31
0.0
210
0.0
220
0.0
230
1.0
 40
0.5019002546507383
 41
1.565421666671267
 42
4.714899306879708
  0
ELLIPSE
  5
B8
330
1F
100
AcDbEntity
  8
Geometries
  6
Continuous
370
    40
100
AcDbEllipse
 10
159.2793507090589
 20
241.2499999999988
 30
0.0
 11
-1.382963715785856E-16
 21
4.500000000000007
 31
0.0
210
0.0
220
0.0
230
1.0
 40
0.5019002546507383
 41
0.3631752625436798
 42
0.5369344464335253
  0
ELLIPSE
  5
B9
330
1F
100
AcDbEntity
  8
Geometries
  6
Continuous
370
    40
100
AcDbEllipse
 10
159.2793507090589
 20
241.2499999999988
 30
0.0
 11
-1.382963715785856E-16
 21
4.500000000000007
 31
0.0
210
0.0
220
0.0
230
1.0
 40
0.5019002546507383
 41
0.3312199074666368
 42
0.3631752625436802
  0
ELLIPSE
  5
BA
330
1F
100
AcDbEntity
  8
Geometries
  6
Continuous
370
    40
100
AcDbEllipse
 10
159.2793507090589
 20
241.2499999999988
 30
0.0
 11
-1.382963715785856E-16
 21
4.500000000000007
 31
0.0
210
0.0
220
0.0
230
1.0
 40
0.5019002546507383
 41
4.715457156655042
 42
6.614405214646223
  0
ELLIPSE
  5
BB
330
1F
100
AcDbEntity
  8
Geometries
  6
Continuous
370
    40
100
AcDbEllipse
 10
117.1226027936232
 20
242.7750628144669
 30
0.0
 11
3.061609618240941E-16
 21
-4.999999999999999
 31
0.0
210
0.0
220
0.0
230
1.0
 40
0.9999975896307582
 41
1.570796326794897
 42
3.041425232428235
  0
ELLIPSE
  5
BC
330
1F
100
AcDbEntity
  8
Geometries
  6
Continuous
370
    40
100
AcDbEllipse
 10
167.6861799744591
 20
241.25
 30
0.0
 11
-1.690288985960490E-16
 21
5.500000000000008
 31
0.0
210
0.0
220
0.0
230
1.0
 40
0.5019002546507385
 41
6.283185307179586
 42
7.848606973717945
  0
ELLIPSE
  5
BD
330
1F
100
AcDbEntity
  8
Geometries
  6
Continuous
370
    40
100
AcDbEllipse
 10
176.0930092398817
 20
241.2499999999988
 30
0.0
 11
-1.382963715785856E-16
 21
4.500000000000007
 31
0.0
210
0.0
220
0.0
230
1.0
 40
0.5019002546507383
 41
4.715457156655088
 42
6.629365836741286
  0
ELLIPSE
  5
BE
330
1F
100
AcDbEntity
  8
Geometries
  6
Continuous
370
    40
100
AcDbEllipse
 10
57.03737647043734
 20
242.75
 30
0.0
 11
-1.524983267367771E-16
 21
5.000000000000001
 31
0.0
210
0.0
220
0.0
230
1.0
 40
0.4980973349800196
 41
4.71238898038469
 42
6.283185307179562
  0
ELLIPSE
  5
BF
330
1F
100
AcDbEntity
  8
Geometries
  6
Continuous
370
    40
100
AcDbEllipse
 10
57.03737647043744
 20
246.75
 30
0.0
 11
-2.857384016028157E-15
 21
-1.000000000000001
 31
0.0
210
0.0
220
0.0
230
0.9999999999999999
 40
0.8671211246912398
 41
3.141592653589852
 42
4.712388980384691
  0
ELLIPSE
  5
C0
330
1F
100
AcDbEntity
  8
Geometries
  6
Continuous
370
    40
100
AcDbEllipse
 10
51.6548592498638
 20
246.75
 30
0.0
 11
-3.422425537076851E-15
 21
1.000000000000001
 31
0.0
210
0.0
220
0.0
230
0.9999999999999999
 40
0.8671211246912401
 41
6.283185307179582
 42
7.853981633974479
  0
ELLIPSE
  5
C1
330
1F
100
AcDbEntity
  8
Geometries
  6
Continuous
370
    40
100
AcDbEllipse
 10
166.8212544664634
 20
241.25
 30
0.0
 11
1.382963715785856E-16
 21
-4.500000000000007
 31
0.0
210
0.0
220
0.0
230
1.0
 40
0.5019002546507385
 41
1.573864503064992
 42
3.141593644681934
  0
ELLIPSE
  5
C2
330
1F
100
AcDbEntity
  8
Geometries
  6
Continuous
370
    40
100
AcDbEllipse
 10
169.5816928740162
 20
213.2668749430103
 30
0.0
 11
0.9999993796910283
 21
-0.001113830130131019
 31
0.0
210
0.0
220
0.0
230
1.0
 40
0.0041936371303906
 41
4.18660162867872
 42
5.757397099687701
  0
ELLIPSE
  5
C3
330
1F
100
AcDbEntity
  8
Geometries
  6
Continuous
370
    40
100
AcDbEllipse
 10
159.2793507090589
 20
241.2499999999988
 30
0.0
 11
-1.382963715785856E-16
 21
4.500000000000007
 31
0.0
210
0.0
220
0.0
230
1.0
 40
0.5019002546507383
 41
0.5369344464335252
 42
0.8204474920025584
  0
ELLIPSE
  5
C4
330
1F
100
AcDbEntity
  8
Geometries
  6
Continuous
370
    40
100
AcDbEllipse
 10
176.0930092398609
 20
213.2499999999998
 30
0.0
 11
-1.382963715785856E-16
 21
4.500000000000007
 31
0.0
210
0.0
220
0.0
230
1.0
 40
0.5019002546507385
 41
1.564854414870492
 42
2.075215361758248
  0
ELLIPSE
  5
C5
330
1F
100
AcDbEntity
  8
Geometries
  6
Continuous
370
    40
100
AcDbEllipse
 10
62.01834982023769
 20
213.75
 30
0.0
 11
1.524983267367771E-16
 21
-5.000000000000001
 31
0.0
210
0.0
220
0.0
230
1.0
 40
0.4980973349800196
 41
4.71238898038469
 42
6.283185307179562
  0
ELLIPSE
  5
C6
330
1F
100
AcDbEntity
  8
Geometries
  6
Continuous
370
    40
100
AcDbEllipse
 10
167.6861799744591
 20
241.25
 30
0.0
 11
-1.690288985960490E-16
 21
5.500000000000008
 31
0.0
210
0.0
220
0.0
230
1.0
 40
0.5019002546507385
 41
4.715457154029073
 42
6.283185307179586
  0
ELLIPSE
  5
C7
330
1F
100
AcDbEntity
  8
Geometries
  6
Continuous
370
    40
100
AcDbEllipse
 10
78.70461054206827
 20
246.75
 30
0.0
 11
5.309585549130905E-17
 21
-1.000000000000001
 31
0.0
210
0.0
220
0.0
230
0.9999999999999999
 40
0.8671211246912401
 41
3.141592653589793
 42
4.71238898038469
  0
ELLIPSE
  5
C8
330
1F
100
AcDbEntity
  8
Geometries
  6
Continuous
370
    40
100
AcDbEllipse
 10
155.9302897879152
 20
242.75
 30
0.0
 11
1.524983267367772E-16
 21
-5.000000000000001
 31
0.0
210
0.0
220
0.0
230
1.0
 40
0.4980973349800199
 41
1.570796326794897
 42
2.063889322143954
  0
ELLIPSE
  5
C9
330
1F
100
AcDbEntity
  8
Geometries
  6
Continuous
370
    40
100
AcDbEllipse
 10
127.377374307869
 20
213.75
 30
0.0
 11
3.061609618240941E-16
 21
-4.999999999999999
 31
0.0
210
0.0
220
0.0
230
1.0
 40
0.9999975896307582
 41
4.71238898038469
 42
6.283185307179587
  0
ARC
  5
CA
330
1F
100
AcDbEntity
  8
Geometries
  6
Continuous
370
    40
100
AcDbCircle
 10
51.6548592498638
 20
246.75
 30
0.0
 40
1.000000000000001
100
AcDbArc
 50
90.0
 51
180.0
  0
ARC
  5
CB
330
1F
100
AcDbEntity
  8
Geometries
  6
Continuous
370
    40
100
AcDbCircle
 10
166.8394606694142
 20
209.272734923507
 30
0.0
 40
0.5232465173931214
100
AcDbArc
 50
240.2086917254377
 51
267.3553122352922
  0
ARC
  5
CC
330
1F
100
AcDbEntity
  8
Geometries
  6
Continuous
370
    40
100
AcDbCircle
 10
81.99098688042979
 20
243.3253328503585
 30
0.0
 40
6.210189490917011
100
AcDbArc
 50
158.1601824623042
 51
163.0771958070784
  0
LINE
  5
CD
330
1F
100
AcDbEntity
  8
Geometries
  6
Continuous
370
    40
100
AcDbLine
 10
100.6226425647157
 20
247.75
 30
0.0
 11
100.6226425647157
 21
208.75
 31
0.0
  0
LINE
  5
CE
330
1F
100
AcDbEntity
  8
Geometries
  6
Continuous
370
    40
100
AcDbLine
 10
100.6226425647157
 20
208.75
 30
0.0
 11
100.6263644390095
 21
208.75
 31
0.0
  0
LINE
  5
CF
330
1F
100
AcDbEntity
  8
Geometries
  6
Continuous
370
    40
100
AcDbLine
 10
100.6263644390095
 20
208.75
 30
0.0
 11
100.8735548134263
 21
208.75
 31
0.0
  0
LINE
  5
D0
330
1F
100
AcDbEntity
  8
Geometries
  6
Continuous
370
    40
100
AcDbLine
 10
83.87268293840052
 20
205.75
 30
0.0
 11
150.8725214436613
 21
205.75
 31
0.0
  0
LINE
  5
D1
330
1F
100
AcDbEntity
  8
Geometries
  6
Continuous
370
    40
100
AcDbLine
 10
75.71222120214814
 20
242.75
 30
0.0
 11
75.84510007745695
 21
242.75
 31
0.0
  0
LINE
  5
D2
330
1F
100
AcDbEntity
  8
Geometries
  6
Continuous
370
    40
100
AcDbLine
 10
112.6226136402848
 20
213.75
 30
0.0
 11
112.6226136402848
 21
242.75
 31
0.0
  0
LINE
  5
D3
330
1F
100
AcDbEntity
  8
Geometries
  6
Continuous
370
    40
100
AcDbLine
 10
122.122590741777
 20
213.75
 30
0.0
 11
122.122590741777
 21
242.7750628144669
 31
0.0
  0
LINE
  5
D4
330
1F
100
AcDbEntity
  8
Geometries
  6
Continuous
370
    40
100
AcDbLine
 10
83.87268293840052
 20
246.75
 30
0.0
 11
77.83748941737704
 21
246.75
 31
0.0
  0
LINE
  5
D5
330
1F
100
AcDbEntity
  8
Geometries
  6
Continuous
370
    40
100
AcDbLine
 10
134.1225618173461
 20
208.75
 30
0.0
 11
127.377374307869
 21
208.75
 31
0.0
  0
LINE
  5
D6
330
1F
100
AcDbEntity
  8
Geometries
  6
Continuous
370
    40
100
AcDbLine
 10
100.6263644390095
 20
247.75
 30
0.0
 11
100.6226425647157
 21
247.75
 31
0.0
  0
LINE
  5
D7
330
1F
100
AcDbEntity
  8
Geometries
  6
Continuous
370
    40
100
AcDbLine
 10
70.87996053844596
 20
211.4777442021042
 30
0.0
 11
70.87996053844597
 21
208.75
 31
0.0
  0
LINE
  5
D8
330
1F
100
AcDbEntity
  8
Geometries
  6
Continuous
370
    40
100
AcDbLine
 10
127.377374307869
 20
208.75
 30
0.0
 11
127.3736186883652
 21
208.75
 31
0.0
  0
LINE
  5
D9
330
1F
100
AcDbEntity
  8
Geometries
  6
Continuous
370
    40
100
AcDbLine
 10
127.3736186883652
 20
208.75
 30
0.0
 11
127.1225786899308
 21
208.75
 31
0.0
  0
LINE
  5
DA
330
1F
100
AcDbEntity
  8
Geometries
  6
Continuous
370
    40
100
AcDbLine
 10
134.1225618173461
 20
247.75
 30
0.0
 11
134.1225618173461
 21
208.75
 31
0.0
  0
LINE
  5
DB
330
1F
100
AcDbEntity
  8
Geometries
  6
Continuous
370
    40
100
AcDbLine
 10
150.8725214436613
 20
246.75
 30
0.0
 11
150.8725214436613
 21
205.75
 31
0.0
  0
ELLIPSE
  5
DC
330
1F
100
AcDbEntity
  8
Geometries
  6
Continuous
370
    40
100
AcDbEllipse
 10
149.7178236885367
 20
246.75
 30
0.0
 11
-1.15469775512459
 21
0.0
 31
0.0
210
0.0
220
0.0
230
1.0
 40
0.8660274912304671
 41
3.141592653589793
 42
4.712388980384671
  0
LINE
  5
DD
330
1F
100
AcDbEntity
  8
Geometries
  6
Continuous
370
    40
100
AcDbLine
 10
184.2100662581319
 20
246.75
 30
0.0
 11
167.6861799744591
 21
246.75
 31
0.0
  0
LINE
  5
DE
330
1F
100
AcDbEntity
  8
Geometries
  6
Continuous
370
    40
100
AcDbLine
 10
68.87173738773672
 20
246.75
 30
0.0
 11
65.13600737538655
 21
246.75
 31
0.0
  0
ELLIPSE
  5
DF
330
1F
100
AcDbEntity
  8
Geometries
  6
Continuous
370
    40
100
AcDbEllipse
 10
85.02738069352512
 20
246.75
 30
0.0
 11
-1.15469775512459
 21
0.0
 31
0.0
210
0.0
220
0.0
230
1.0
 40
0.8660274912304667
 41
4.712388980384702
 42
6.283185307179586
  0
LINE
  5
E0
330
1F
100
AcDbEntity
  8
Geometries
  6
Continuous
370
    40
100
AcDbLine
 10
173.834497964377
 20
241.2767384463203
 30
0.0
 11
173.834497964377
 21
213.2767384463196
 31
0.0
  0
LINE
  5
E1
330
1F
100
AcDbEntity
  8
Geometries
  6
Continuous
370
    40
100
AcDbLine
 10
157.0208394335773
 20
241.2767384463206
 30
0.0
 11
157.0208394335772
 21
213.2767384463196
 31
0.0
  0
LINE
  5
E2
330
1F
100
AcDbEntity
  8
Geometries
  6
Continuous
370
    40
100
AcDbLine
 10
170.4466207443807
 20
241.2668749430096
 30
0.0
 11
170.4466226772224
 21
213.2638067812212
 31
0.0
  0
LINE
  5
E3
330
1F
100
AcDbEntity
  8
Geometries
  6
Continuous
370
    40
100
AcDbLine
 10
184.2100662581319
 20
205.75
 30
0.0
 11
184.2100662581319
 21
246.75
 31
0.0
  0
ELLIPSE
  5
E4
330
1F
100
AcDbEntity
  8
Geometries
  6
Continuous
370
    40
100
AcDbEllipse
 10
157.8131822195024
 20
241.2499999999988
 30
0.0
 11
1.377730969881128E-16
 21
-4.500000000000005
 31
0.0
210
0.0
220
0.0
230
1.0
 40
0.5000012051875261
 41
1.573864503065249
 42
2.810372746122203
  0
LINE
  5
E5
330
1F
100
AcDbEntity
  8
Geometries
  6
Continuous
370
    40
100
AcDbLine
 10
62.68677223962096
 20
213.2638067715538
 30
0.0
 11
62.68677223962097
 21
241.2638067715533
 31
0.0
  0
LINE
  5
E6
330
1F
100
AcDbEntity
  8
Geometries
  6
Continuous
370
    40
100
AcDbLine
 10
164.9257684443264
 20
213.2795604883604
 30
0.0
 11
164.9257684443264
 21
241.2795604890916
 31
0.0
  0
ELLIPSE
  5
E7
330
1F
100
AcDbEntity
  8
Geometries
  6
Continuous
370
    40
100
AcDbEllipse
 10
62.62994065285167
 20
213.75
 30
0.0
 11
1.530812188756806E-16
 21
5.000000000000001
 31
0.0
210
0.0
220
0.0
230
1.0
 40
0.5000012051875256
 41
2.673846449188101
 42
3.141592653589826
  0
LINE
  5
E8
330
1F
100
AcDbEntity
  8
Geometries
  6
Continuous
370
    40
100
AcDbLine
 10
184.3451407501362
 20
205.75
 30
0.0
 11
184.2100662581319
 21
205.75
 31
0.0
  0
ELLIPSE
  5
E9
330
1F
100
AcDbEntity
  8
Geometries
  6
Continuous
370
    40
100
AcDbEllipse
 10
166.1882024063938
 20
241.25
 30
0.0
 11
1.377730969881129E-16
 21
-4.500000000000007
 31
0.0
210
0.0
220
0.0
230
1.0
 40
0.5000012051875261
 41
1.573864503064992
 42
2.96678828392735
  0
LINE
  5
EA
330
1F
100
AcDbEntity
  8
Geometries
  6
Continuous
370
    40
100
AcDbLine
 10
150.8725214436613
 20
205.75
 30
0.0
 11
184.2100662581319
 21
205.75
 31
0.0
  0
ELLIPSE
  5
EB
330
1F
100
AcDbEntity
  8
Geometries
  6
Continuous
370
    40
100
AcDbEllipse
 10
62.62994065285167
 20
213.75
 30
0.0
 11
1.530812188756806E-16
 21
5.000000000000001
 31
0.0
210
0.0
220
0.0
230
1.0
 40
0.5000012051875256
 41
2.266879523697864
 42
2.673846449188101
  0
LINE
  5
EC
330
1F
100
AcDbEntity
  8
Geometries
  6
Continuous
370
    40
100
AcDbLine
 10
169.0797949817343
 20
241.2638067715533
 30
0.0
 11
168.4381972393036
 21
241.2638067715533
 31
0.0
  0
LINE
  5
ED
330
1F
100
AcDbEntity
  8
Geometries
  6
Continuous
370
    40
100
AcDbLine
 10
122.1264162620731
 20
242.7750628144669
 30
0.0
 11
122.1264162620731
 21
213.75
 31
0.0
  0
LINE
  5
EE
330
1F
100
AcDbEntity
  8
Geometries
  6
Continuous
370
    40
100
AcDbLine
 10
50.78773812517257
 20
246.75
 30
0.0
 11
50.78773812517257
 21
205.75
 31
0.0
  0
LINE
  5
EF
330
1F
100
AcDbEntity
  8
Geometries
  6
Continuous
370
    40
100
AcDbLine
 10
100.6263644390095
 20
208.75
 30
0.0
 11
100.6263644390095
 21
247.75
 31
0.0
  0
LINE
  5
F0
330
1F
100
AcDbEntity
  8
Geometries
  6
Continuous
370
    40
100
AcDbLine
 10
60.12993462691412
 20
213.75
 30
0.0
 11
60.12993462691412
 21
242.75
 31
0.0
  0
LINE
  5
F1
330
1F
100
AcDbEntity
  8
Geometries
  6
Continuous
370
    40
100
AcDbLine
 10
58.16264468566627
 20
213.75
 30
0.0
 11
58.16264468566629
 21
242.75
 31
0.0
  0
LINE
  5
F2
330
1F
100
AcDbEntity
  8
Geometries
  6
Continuous
370
    40
100
AcDbLine
 10
65.13600737538655
 20
207.75
 30
0.0
 11
61.15122869554639
 21
207.75
 31
0.0
  0
ELLIPSE
  5
F3
330
1F
100
AcDbEntity
  8
Geometries
  6
Continuous
370
    40
100
AcDbEllipse
 10
73.723637192268
 20
207.75
 30
0.0
 11
5.309585549130901E-17
 21
-1.000000000000001
 31
0.0
210
0.0
220
0.0
230
1.0
 40
0.8671211246912393
 41
3.141592653589793
 42
4.71238898038469
  0
LINE
  5
F4
330
1F
100
AcDbEntity
  8
Geometries
  6
Continuous
370
    40
100
AcDbLine
 10
68.87173738773672
 20
207.75
 30
0.0
 11
68.87173738773672
 21
246.75
 31
0.0
  0
LINE
  5
F5
330
1F
100
AcDbEntity
  8
Geometries
  6
Continuous
370
    40
100
AcDbLine
 10
72.85651606757685
 20
207.75
 30
0.0
 11
68.87173738773672
 21
207.75
 31
0.0
  0
ELLIPSE
  5
F6
330
1F
100
AcDbEntity
  8
Geometries
  6
Continuous
370
    40
100
AcDbEllipse
 10
117.3773984115614
 20
242.75
 30
0.0
 11
-3.061609618240941E-16
 21
4.999999999999999
 31
0.0
210
0.0
220
0.0
230
1.0
 40
0.9999975896307582
 41
4.71238898038469
 42
6.208886788044393
  0
LINE
  5
F7
330
1F
100
AcDbEntity
  8
Geometries
  6
Continuous
370
    40
100
AcDbLine
 10
75.84510007745695
 20
242.75
 30
0.0
 11
75.84510007745698
 21
213.75
 31
0.0
  0
ELLIPSE
  5
F8
330
1F
100
AcDbEntity
  8
Geometries
  6
Continuous
370
    40
100
AcDbEllipse
 10
159.2793507090612
 20
213.2499999999998
 30
0.0
 11
-1.382963715785855E-16
 21
4.500000000000004
 31
0.0
210
0.0
220
0.0
230
1.0
 40
0.5019002546507385
 41
2.810372746122724
 42
4.715457156654967
  0
LINE
  5
F9
330
1F
100
AcDbEntity
  8
Geometries
  6
Continuous
370
    40
100
AcDbLine
 10
50.78773812517257
 20
205.75
 30
0.0
 11
83.87268293840052
 21
205.75
 31
0.0
  0
ELLIPSE
  5
FA
330
1F
100
AcDbEntity
  8
Geometries
  6
Continuous
370
    40
100
AcDbEllipse
 10
117.6226015884386
 20
242.75
 30
0.0
 11
3.061609618240941E-16
 21
-4.999999999999999
 31
0.0
210
0.0
220
0.0
230
1.0
 40
0.9999975896307582
 41
3.141592653589793
 42
4.71238898038469
  0
LINE
  5
FB
330
1F
100
AcDbEntity
  8
Geometries
  6
Continuous
370
    40
100
AcDbLine
 10
57.03737647043739
 20
247.75
 30
0.0
 11
57.6299286009765
 21
247.75
 31
0.0
  0
LINE
  5
FC
330
1F
100
AcDbEntity
  8
Geometries
  6
Continuous
370
    40
100
AcDbLine
 10
71.06179242651207
 20
241.2638067715533
 30
0.0
 11
70.87996053844593
 21
241.2638067715533
 31
0.0
  0
LINE
  5
FD
330
1F
100
AcDbEntity
  8
Geometries
  6
Continuous
370
    40
100
AcDbLine
 10
160.0631770524126
 20
241.2638067715533
 30
0.0
 11
160.0631770524126
 21
213.2638067715538
 31
0.0
  0
LINE
  5
FE
330
1F
100
AcDbEntity
  8
Geometries
  6
Continuous
370
    40
100
AcDbLine
 10
70.23695584740798
 20
247.75
 30
0.0
 11
70.23695584740793
 21
208.75
 31
0.0
  0
ELLIPSE
  5
FF
330
1F
100
AcDbEntity
  8
Geometries
  6
Continuous
370
    40
100
AcDbEllipse
 10
159.2793507090612
 20
213.2499999999998
 30
0.0
 11
-1.382963715785855E-16
 21
4.500000000000004
 31
0.0
210
0.0
220
0.0
230
1.0
 40
0.5019002546507385
 41
1.564854414870491
 42
2.810372746122723
  0
LINE
  5
100
330
1F
100
AcDbEntity
  8
Geometries
  6
Continuous
370
    40
100
AcDbLine
 10
169.0797949817343
 20
213.2638067715538
 30
0.0
 11
168.4381972393036
 21
213.2638067715538
 31
0.0
  0
LINE
  5
101
330
1F
100
AcDbEntity
  8
Geometries
  6
Continuous
370
    40
100
AcDbLine
 10
50.6548592498638
 20
246.75
 30
0.0
 11
50.6548592498638
 21
205.75
 31
0.0
  0
ELLIPSE
  5
102
330
1F
100
AcDbEntity
  8
Geometries
  6
Continuous
370
    40
100
AcDbEllipse
 10
183.3451407501362
 20
246.75
 30
0.0
 11
5.296141274338823E-17
 21
-1.000000000000001
 31
0.0
210
0.0
220
0.0
230
1.0
 40
0.8649255079956439
 41
1.570796326794897
 42
3.141592653589809
  0
LINE
  5
103
330
1F
100
AcDbEntity
  8
Geometries
  6
Continuous
370
    40
100
AcDbLine
 10
70.87996053844597
 20
213.2638067715538
 30
0.0
 11
70.87996053844596
 21
211.4777442021042
 31
0.0
  0
ELLIPSE
  5
104
330
1F
100
AcDbEntity
  8
Geometries
  6
Continuous
370
    40
100
AcDbEllipse
 10
169.581695236385
 20
241.2638067715532
 30
0.0
 11
-0.9999964788512533
 21
-0.002653730411229021
 31
0.0
210
0.0
220
0.0
230
1.0
 40
0.0015399087871353
 41
3.667385004391931
 42
5.23818133118184
  0
LINE
  5
105
330
1F
100
AcDbEntity
  8
Geometries
  6
Continuous
370
    40
100
AcDbLine
 10
65.00312850007779
 20
247.24809733498
 30
0.0
 11
65.00312850007779
 21
208.75
 31
0.0
  0
ELLIPSE
  5
106
330
1F
100
AcDbEntity
  8
Geometries
  6
Continuous
370
    40
100
AcDbEllipse
 10
66.00312850007779
 20
246.75
 30
0.0
 11
0.8654759774193679
 21
-0.8654759774193693
 31
0.0
210
0.0
220
0.0
230
1.0
 40
0.5788149437585145
 41
2.616896068761653
 42
3.666289238417935
  0
LINE
  5
107
330
1F
100
AcDbEntity
  8
Geometries
  6
Continuous
370
    40
100
AcDbLine
 10
122.122590741777
 20
213.75
 30
0.0
 11
122.1264162620731
 21
213.75
 31
0.0
  0
LINE
  5
108
330
1F
100
AcDbEntity
  8
Geometries
  6
Continuous
370
    40
100
AcDbLine
 10
168.4381972393036
 20
241.2638067715533
 30
0.0
 11
168.4381972393036
 21
213.2638067715538
 31
0.0
  0
LINE
  5
109
330
1F
100
AcDbEntity
  8
Geometries
  6
Continuous
370
    40
100
AcDbLine
 10
50.78773812517257
 20
205.75
 30
0.0
 11
50.6548592498638
 21
205.75
 31
0.0
  0
LINE
  5
10A
330
1F
100
AcDbEntity
  8
Geometries
  6
Continuous
370
    40
100
AcDbLine
 10
157.7535298141225
 20
242.75
 30
0.0
 11
157.7535298141225
 21
213.75
 31
0.0
  0
LINE
  5
10B
330
1F
100
AcDbEntity
  8
Geometries
  6
Continuous
370
    40
100
AcDbLine
 10
100.8774381826539
 20
247.75
 30
0.0
 11
100.8735548134263
 21
247.75
 31
0.0
  0
LINE
  5
10C
330
1F
100
AcDbEntity
  8
Geometries
  6
Continuous
370
    40
100
AcDbLine
 10
178.3515497551298
 20
241.2638067715533
 30
0.0
 11
176.8132174261947
 21
241.2638067715533
 31
0.0
  0
LINE
  5
10D
330
1F
100
AcDbEntity
  8
Geometries
  6
Continuous
370
    40
100
AcDbLine
 10
74.9368520767373
 20
213.2767384463196
 30
0.0
 11
74.93685207673727
 21
241.2767384463203
 31
0.0
  0
ELLIPSE
  5
10E
330
1F
100
AcDbEntity
  8
Geometries
  6
Continuous
370
    40
100
AcDbEllipse
 10
62.01834982023764
 20
207.75
 30
0.0
 11
-5.979997244815768E-15
 21
1.000000000000001
 31
0.0
210
0.0
220
0.0
230
1.0
 40
0.8671211246912406
 41
6.283185307179579
 42
7.853981633974477
  0
LINE
  5
10F
330
1F
100
AcDbEntity
  8
Geometries
  6
Continuous
370
    40
100
AcDbLine
 10
158.4207764628154
 20
213.75
 30
0.0
 11
158.4207764628154
 21
242.75
 31
0.0
  0
LINE
  5
110
330
1F
100
AcDbEntity
  8
Geometries
  6
Continuous
370
    40
100
AcDbLine
 10
122.3773863597152
 20
213.75
 30
0.0
 11
122.3773863597152
 21
242.75
 31
0.0
  0
ELLIPSE
  5
111
330
1F
100
AcDbEntity
  8
Geometries
  6
Continuous
370
    40
100
AcDbEllipse
 10
160.9112631377155
 20
213.75
 30
0.0
 11
-1.524983267367772E-16
 21
5.000000000000001
 31
0.0
210
0.0
220
0.0
230
1.0
 40
0.4980973349800199
 41
1.570796326794897
 42
2.447810452572775
  0
LINE
  5
112
330
1F
100
AcDbEntity
  8
Geometries
  6
Continuous
370
    40
100
AcDbLine
 10
59.52786314533752
 20
213.75
 30
0.0
 11
60.12993462691412
 21
213.75
 31
0.0
  0
ELLIPSE
  5
113
330
1F
100
AcDbEntity
  8
Geometries
  6
Continuous
370
    40
100
AcDbEllipse
 10
117.1264042101978
 20
242.7750628144669
 30
0.0
 11
-5.000012051875259
 21
0.0
 31
0.0
210
0.0
220
0.0
230
1.0
 40
0.9999975896307581
 41
4.586495038910331
 42
4.587637104443573
  0
LINE
  5
114
330
1F
100
AcDbEntity
  8
Geometries
  6
Continuous
370
    40
100
AcDbLine
 10
184.3451407501362
 20
246.75
 30
0.0
 11
184.2100662581319
 21
246.75
 31
0.0
  0
LINE
  5
115
330
1F
100
AcDbEntity
  8
Geometries
  6
Continuous
370
    40
100
AcDbLine
 10
134.1225618173461
 20
247.75
 30
0.0
 11
149.7178236885367
 21
247.75
 31
0.0
  0
LINE
  5
116
330
1F
100
AcDbEntity
  8
Geometries
  6
Continuous
370
    40
100
AcDbLine
 10
50.78773812517257
 20
246.75
 30
0.0
 11
50.6548592498638
 21
246.75
 31
0.0
  0
ELLIPSE
  5
117
330
1F
100
AcDbEntity
  8
Geometries
  6
Continuous
370
    40
100
AcDbEllipse
 10
56.1702553457462
 20
242.75
 30
0.0
 11
1.219986613894217E-16
 21
-4.0
 31
0.0
210
0.0
220
0.0
230
0.9999999999999999
 40
0.4980973349800198
 41
1.570796326794897
 42
3.141592653589793
  0
LINE
  5
118
330
1F
100
AcDbEntity
  8
Geometries
  6
Continuous
370
    40
100
AcDbLine
 10
122.3736066364899
 20
213.75
 30
0.0
 11
122.3736066364899
 21
242.75
 31
0.0
  0
LINE
  5
119
330
1F
100
AcDbEntity
  8
Geometries
  6
Continuous
370
    40
100
AcDbLine
 10
166.8212537275654
 20
208.7500000000005
 30
0.0
 11
166.8153169658298
 21
208.7500457237513
 31
0.0
  0
LINE
  5
11A
330
1F
100
AcDbEntity
  8
Geometries
  6
Continuous
370
    40
100
AcDbLine
 10
158.4207764628154
 20
242.75
 30
0.0
 11
158.9226791278353
 21
242.75
 31
0.0
  0
ELLIPSE
  5
11B
330
1F
100
AcDbEntity
  8
Geometries
  6
Continuous
370
    40
100
AcDbEllipse
 10
127.1225786899308
 20
213.75
 30
0.0
 11
-3.061609618240941E-16
 21
4.999999999999999
 31
0.0
210
0.0
220
0.0
230
1.0
 40
0.9999975896307582
 41
1.570796326794897
 42
3.141592653589793
  0
LINE
  5
11C
330
1F
100
AcDbEntity
  8
Geometries
  6
Continuous
370
    40
100
AcDbLine
 10
62.68677223962096
 20
213.2638067715538
 30
0.0
 11
61.1655312754079
 21
213.2638067715538
 31
0.0
  0
LINE
  5
11D
330
1F
100
AcDbEntity
  8
Geometries
  6
Continuous
370
    40
100
AcDbLine
 10
75.7122212021483
 20
213.75
 30
0.0
 11
75.84510007745698
 21
213.75
 31
0.0
  0
LINE
  5
11E
330
1F
100
AcDbEntity
  8
Geometries
  6
Continuous
370
    40
100
AcDbLine
 10
83.87268293840052
 20
246.75
 30
0.0
 11
83.87268293840052
 21
205.75
 31
0.0
  0
LINE
  5
11F
330
1F
100
AcDbEntity
  8
Geometries
  6
Continuous
370
    40
100
AcDbLine
 10
166.8145986331974
 20
245.7499425449462
 30
0.0
 11
166.821253736649
 21
245.7499999999993
 31
0.0
  0
LINE
  5
120
330
1F
100
AcDbEntity
  8
Geometries
  6
Continuous
370
    40
100
AcDbLine
 10
60.12993462691412
 20
242.75
 30
0.0
 11
59.52786314533753
 21
242.75
 31
0.0
  0
ELLIPSE
  5
121
330
1F
100
AcDbEntity
  8
Geometries
  6
Continuous
370
    40
100
AcDbEllipse
 10
157.8131822195047
 20
213.2499999999998
 30
0.0
 11
1.377730969881128E-16
 21
-4.500000000000004
 31
0.0
210
0.0
220
0.0
230
1.0
 40
0.5000012051875261
 41
0.7330338856202064
 42
0.8640718713260753
  0
LINE
  5
122
330
1F
100
AcDbEntity
  8
Geometries
  6
Continuous
370
    40
100
AcDbLine
 10
58.16264468566629
 20
242.75
 30
0.0
 11
59.52786314533753
 21
242.75
 31
0.0
  0
LINE
  5
123
330
1F
100
AcDbEntity
  8
Geometries
  6
Continuous
370
    40
100
AcDbLine
 10
85.02738069352509
 20
247.75
 30
0.0
 11
100.6226425647157
 21
247.75
 31
0.0
  0
ELLIPSE
  5
124
330
1F
100
AcDbEntity
  8
Geometries
  6
Continuous
370
    40
100
AcDbEllipse
 10
61.15122869554639
 20
213.75
 30
0.0
 11
-1.829979920841325E-16
 21
6.000000000000002
 31
0.0
210
0.0
220
0.0
230
0.9999999999999999
 40
0.4980973349800196
 41
1.570796326794897
 42
3.141592653589793
  0
LINE
  5
125
330
1F
100
AcDbEntity
  8
Geometries
  6
Continuous
370
    40
100
AcDbLine
 10
165.0608429363307
 20
213.2781795110395
 30
0.0
 11
165.0608429363307
 21
241.2781795117382
 31
0.0
  0
LINE
  5
126
330
1F
100
AcDbEntity
  8
Geometries
  6
Continuous
370
    40
100
AcDbLine
 10
176.8132174261947
 20
241.2638067715533
 30
0.0
 11
176.8132174261947
 21
213.2638067715538
 31
0.0
  0
LINE
  5
127
330
1F
100
AcDbEntity
  8
Geometries
  6
Continuous
370
    40
100
AcDbLine
 10
167.6861799744591
 20
246.75
 30
0.0
 11
150.8725214436613
 21
246.75
 31
0.0
  0
LINE
  5
128
330
1F
100
AcDbEntity
  8
Geometries
  6
Continuous
370
    40
100
AcDbLine
 10
62.62994065285167
 20
208.75
 30
0.0
 11
65.00312850007779
 21
208.75
 31
0.0
  0
ELLIPSE
  5
129
330
1F
100
AcDbEntity
  8
Geometries
  6
Continuous
370
    40
100
AcDbEllipse
 10
60.43677740671313
 20
213.2499999999998
 30
0.0
 11
1.377730969881127E-16
 21
4.500000000000004
 31
0.0
210
0.0
220
0.0
230
1.0
 40
0.5000012051875259
 41
3.635152471825063
 42
4.715457156654969
  0
LINE
  5
12A
330
1F
100
AcDbEntity
  8
Geometries
  6
Continuous
370
    40
100
AcDbLine
 10
78.70461054206827
 20
247.75
 30
0.0
 11
85.02738069352509
 21
247.75
 31
0.0
  0
ARC
  5
12B
330
1F
100
AcDbEntity
  8
Geometries
  6
Continuous
370
    40
100
AcDbCircle
 10
183.3451407501362
 20
246.75
 30
0.0
 40
0.999999999999987
100
AcDbArc
 50
0.0
 51
90.0
  0
LINE
  5
12C
330
1F
100
AcDbEntity
  8
Geometries
  6
Continuous
370
    40
100
AcDbLine
 10
51.6548592498638
 20
247.75
 30
0.0
 11
57.03737647043739
 21
247.75
 31
0.0
  0
ELLIPSE
  5
12D
330
1F
100
AcDbEntity
  8
Geometries
  6
Continuous
370
    40
100
AcDbEllipse
 10
157.8131822195047
 20
213.2499999999998
 30
0.0
 11
1.377730969881128E-16
 21
-4.500000000000004
 31
0.0
210
0.0
220
0.0
230
1.0
 40
0.5000012051875261
 41
0.5549771381080212
 42
0.7330338856202064
  0
LINE
  5
12E
330
1F
100
AcDbEntity
  8
Geometries
  6
Continuous
370
    40
100
AcDbLine
 10
149.7178236885367
 20
247.75
 30
0.0
 11
183.3451407501362
 21
247.75
 31
0.0
  0
LINE
  5
12F
330
1F
100
AcDbEntity
  8
Geometries
  6
Continuous
370
    40
100
AcDbLine
 10
70.87996053844593
 20
247.75
 30
0.0
 11
70.23695584740798
 21
247.75
 31
0.0
  0
LINE
  5
130
330
1F
100
AcDbEntity
  8
Geometries
  6
Continuous
370
    40
100
AcDbLine
 10
56.1702553457462
 20
246.75
 30
0.0
 11
50.78773812517257
 21
246.75
 31
0.0
  0
LINE
  5
131
330
1F
100
AcDbEntity
  8
Geometries
  6
Continuous
370
    40
100
AcDbLine
 10
174.5035701879046
 20
242.75
 30
0.0
 11
174.5035701879046
 21
213.75
 31
0.0
  0
ELLIPSE
  5
132
330
1F
100
AcDbEntity
  8
Geometries
  6
Continuous
370
    40
100
AcDbEllipse
 10
155.2535237881849
 20
242.75
 30
0.0
 11
1.530812188756806E-16
 21
5.000000000000001
 31
0.0
210
0.0
220
0.0
230
1.0
 40
0.5000012051875258
 41
4.71238898038469
 42
5.031481018373674
  0
LINE
  5
133
330
1F
100
AcDbEntity
  8
Geometries
  6
Continuous
370
    40
100
AcDbLine
 10
178.3515497551298
 20
241.2638067715533
 30
0.0
 11
178.3515497551298
 21
213.2638067715538
 31
0.0
  0
LINE
  5
134
330
1F
100
AcDbEntity
  8
Geometries
  6
Continuous
370
    40
100
AcDbLine
 10
70.87996053844596
 20
243.0222557978864
 30
0.0
 11
70.87996053844594
 21
241.2638067715533
 31
0.0
  0
ARC
  5
135
330
1F
100
AcDbEntity
  8
Geometries
  6
Continuous
370
    40
100
AcDbCircle
 10
166.8395428805385
 20
245.2271595396745
 30
0.0
 40
0.5233777661272486
100
AcDbArc
 50
92.7317586079769
 51
119.7893219005135
  0
LINE
  5
136
330
1F
100
AcDbEntity
  8
Geometries
  6
Continuous
370
    40
100
AcDbLine
 10
71.06179242651204
 20
213.2638067715538
 30
0.0
 11
71.06179242651207
 21
241.2638067715533
 31
0.0
  0
LINE
  5
137
330
1F
100
AcDbEntity
  8
Geometries
  6
Continuous
370
    40
100
AcDbLine
 10
70.87996053844594
 20
241.2638067715533
 30
0.0
 11
70.87996053844597
 21
213.2638067715538
 31
0.0
  0
ELLIPSE
  5
138
330
1F
100
AcDbEntity
  8
Geometries
  6
Continuous
370
    40
100
AcDbEllipse
 10
127.3736186883652
 20
213.75
 30
0.0
 11
5.000012051875258
 21
0.0
 31
0.0
210
0.0
220
0.0
230
1.0
 40
0.9999975896307581
 41
3.14159265358979
 42
4.71238898038469
  0
LINE
  5
139
330
1F
100
AcDbEntity
  8
Geometries
  6
Continuous
370
    40
100
AcDbLine
 10
158.4207764628154
 20
242.75
 30
0.0
 11
157.7535298141225
 21
242.75
 31
0.0
  0
LINE
  5
13A
330
1F
100
AcDbEntity
  8
Geometries
  6
Continuous
370
    40
100
AcDbLine
 10
62.68677223962097
 20
241.2638067715533
 30
0.0
 11
61.16553127540793
 21
241.2638067715533
 31
0.0
  0
ELLIPSE
  5
13B
330
1F
100
AcDbEntity
  8
Geometries
  6
Continuous
370
    40
100
AcDbEllipse
 10
117.3735945846147
 20
242.75
 30
0.0
 11
-5.000012051875258
 21
0.0
 31
0.0
210
0.0
220
0.0
230
1.0
 40
0.9999975896307581
 41
3.141592653589794
 42
4.636191573137579
  0
LINE
  5
13C
330
1F
100
AcDbEntity
  8
Geometries
  6
Continuous
370
    40
100
AcDbLine
 10
65.13600737538655
 20
246.75
 30
0.0
 11
65.13600737538655
 21
207.75
 31
0.0
  0
LINE
  5
13D
330
1F
100
AcDbEntity
  8
Geometries
  6
Continuous
370
    40
100
AcDbLine
 10
58.16264468566627
 20
213.75
 30
0.0
 11
59.52786314533752
 21
213.75
 31
0.0
  0
ELLIPSE
  5
13E
330
1F
100
AcDbEntity
  8
Geometries
  6
Continuous
370
    40
100
AcDbEllipse
 10
107.622625692131
 20
213.75
 30
0.0
 11
-3.061609618240941E-16
 21
4.999999999999999
 31
0.0
210
0.0
220
0.0
230
1.0
 40
0.9999975896307582
 41
3.141592653589793
 42
4.71238898038469
  0
LINE
  5
13F
330
1F
100
AcDbEntity
  8
Geometries
  6
Continuous
370
    40
100
AcDbLine
 10
184.3451407501362
 20
205.75
 30
0.0
 11
184.3451407501362
 21
246.75
 31
0.0
  0
LINE
  5
140
330
1F
100
AcDbEntity
  8
Geometries
  6
Continuous
370
    40
100
AcDbLine
 10
65.50503116509776
 20
247.75
 30
0.0
 11
57.62992860097651
 21
247.75
 31
0.0
  0
ELLIPSE
  5
141
330
1F
100
AcDbEntity
  8
Geometries
  6
Continuous
370
    40
100
AcDbEllipse
 10
160.2535358400601
 20
213.75
 30
0.0
 11
1.530812188756806E-16
 21
-5.000000000000001
 31
0.0
210
0.0
220
0.0
230
1.0
 40
0.5000012051875258
 41
4.71238898038469
 42
5.757382406067531
  0
LINE
  5
142
330
1F
100
AcDbEntity
  8
Geometries
  6
Continuous
370
    40
100
AcDbLine
 10
158.4207764628154
 20
213.75
 30
0.0
 11
158.9226791278352
 21
213.75
 31
0.0
  0
ELLIPSE
  5
143
330
1F
100
AcDbEntity
  8
Geometries
  6
Continuous
370
    40
100
AcDbEllipse
 10
176.0930092398609
 20
213.2499999999998
 30
0.0
 11
-1.382963715785856E-16
 21
4.500000000000007
 31
0.0
210
0.0
220
0.0
230
1.0
 40
0.5019002546507385
 41
2.795412124028275
 42
4.715457156654963
  0
LINE
  5
144
330
1F
100
AcDbEntity
  8
Geometries
  6
Continuous
370
    40
100
AcDbLine
 10
122.3736066364899
 20
213.75
 30
0.0
 11
122.3773863597152
 21
213.75
 31
0.0
  0
LINE
  5
145
330
1F
100
AcDbEntity
  8
Geometries
  6
Continuous
370
    40
100
AcDbLine
 10
100.8735548134263
 20
208.75
 30
0.0
 11
100.8774381826539
 21
208.75
 31
0.0
  0
LINE
  5
146
330
1F
100
AcDbEntity
  8
Geometries
  6
Continuous
370
    40
100
AcDbLine
 10
78.70461054206658
 20
247.75
 30
0.0
 11
70.87996053844593
 21
247.75
 31
0.0
  0
ELLIPSE
  5
147
330
1F
100
AcDbEntity
  8
Geometries
  6
Continuous
370
    40
100
AcDbEllipse
 10
58.90699076013907
 20
213.2499999999998
 30
0.0
 11
-1.382963715785854E-16
 21
4.500000000000004
 31
0.0
210
0.0
220
0.0
230
1.0
 40
0.5019002546507382
 41
4.067196496514777
 42
4.715457156654969
  0
LINE
  5
148
330
1F
100
AcDbEntity
  8
Geometries
  6
Continuous
370
    40
100
AcDbLine
 10
65.00312850007779
 20
208.75
 30
0.0
 11
65.00312850007779
 21
208.24809733498
 31
0.0
  0
LINE
  5
149
330
1F
100
AcDbEntity
  8
Geometries
  6
Continuous
370
    40
100
AcDbLine
 10
100.8774381826539
 20
208.75
 30
0.0
 11
107.622625692131
 21
208.75
 31
0.0
  0
LINE
  5
14A
330
1F
100
AcDbEntity
  8
Geometries
  6
Continuous
370
    40
100
AcDbLine
 10
157.7535298141225
 20
213.75
 30
0.0
 11
158.4207764628154
 21
213.75
 31
0.0
  0
LINE
  5
14B
330
1F
100
AcDbEntity
  8
Geometries
  6
Continuous
370
    40
100
AcDbLine
 10
161.5378912243301
 20
241.2638067715533
 30
0.0
 11
161.53789122433
 21
213.2638067715538
 31
0.0
  0
LWPOLYLINE
  5
14C
330
1F
100
AcDbEntity
  8
Geometries
  6
Continuous
370
    40
100
AcDbPolyline
 90
       21
 70
   128
 43
0.0
 10
164.9257684443264
 20
213.2795604883604
 10
164.9398574632772
 20
213.2794828929252
 10
164.9532209388547
 20
213.2794053457632
 10
164.9658422632446
 20
213.2793277386658
 10
164.9751594044618
 20
213.2792671866324
 10
164.9840173957483
 20
213.279206650194
 10
164.9924095487214
 20
213.2791461752989
 10
165.0003675357387
 20
213.2790855095519
 10
165.00784918893
 20
213.2790249531423
 10
165.01484880741
 20
213.2789645530431
 10
165.0227674375918
 20
213.2788907552977
 10
165.0299542517327
 20
213.2788172592499
 10
165.0364014442558
 20
213.2787441517924
 10
165.042101209584
 20
213.2786715198178
 10
165.0470503676094
 20
213.2785993950447
 10
165.0512480261028
 20
213.2785278087877
 10
165.0546898113319
 20
213.2784568473332
 10
165.0573713495641
 20
213.2783865969674
 10
165.0593685846034
 20
213.2783135373059
 10
165.0605233613222
 20
213.2782413368463
 10
165.0608429360623
 20
213.2781793967129
  0
LINE
  5
14D
330
1F
100
AcDbEntity
  8
Geometries
  6
Continuous
370
    40
100
AcDbLine
 10
100.8735548134263
 20
247.75
 30
0.0
 11
100.8735548134263
 21
208.75
 31
0.0
  0
LWPOLYLINE
  5
14E
330
1F
100
AcDbEntity
  8
Geometries
  6
Continuous
370
    40
100
AcDbPolyline
 90
       91
 70
   128
 43
0.0
 10
75.71222120214823
 20
213.75
 10
75.71220593667653
 20
213.7316359355403
 10
75.71209111160785
 20
213.6963917421051
 10
75.71186383532599
 20
213.6611502249214
 10
75.71152412482067
 20
213.6259132758111
 10
75.71107200566473
 20
213.5906827323922
 10
75.71050751210612
 20
213.5554604320261
 10
75.70983068707082
 20
213.5202482117458
 10
75.70904158216639
 20
213.4850479081751
 10
75.70814025768654
 20
213.4498613574591
 10
75.7071267826161
 20
213.4146903951864
 10
75.70600123463703
 20
213.379536856316
 10
75.70476370013489
 20
213.3444025750989
 10
75.70341427420648
 20
213.3092893850081
 10
75.7019530606675
 20
213.2741991186524
 10
75.70038017206194
 20
213.2391336077146
 10
75.69869572967113
 20
213.20409468286
 10
75.6968998635245
 20
213.1690841736713
 10
75.69499271241037
 20
213.1341039085645
 10
75.6929744238882
 20
213.099155714719
 10
75.69084515430059
 20
213.0642414179898
 10
75.68860506878688
 20
213.029362842835
 10
75.68625434129746
 20
212.9945218122394
 10
75.68379315460831
 20
212.9597201476328
 10
75.68122170033638
 20
212.9249596688059
 10
75.6785401789565
 20
212.89024219384
 10
75.6757487998178
 20
212.8555695390172
 10
75.67284778116195
 20
212.8209435187442
 10
75.66983735014149
 20
212.7863659454687
 10
75.66671774283938
 20
212.7518386295987
 10
75.66348920428874
 20
212.7173633794165
 10
75.6601519884938
 20
212.6829420009959
 10
75.65670635845146
 20
212.6485762981191
 10
75.65315258617376
 20
212.614268072191
 10
75.64949095271034
 20
212.5800191221498
 10
75.64572174817312
 20
212.5458312443867
 10
75.64184527175976
 20
212.5117062326499
 10
75.63786183177979
 20
212.4776458779623
 10
75.63377174568042
 20
212.4436519685313
 10
75.62957534007236
 20
212.4097262896503
 10
75.62527295075881
 20
212.3758706236195
 10
75.62086492276255
 20
212.342086749645
 10
75.61635161035528
 20
212.308376443748
 10
75.61173337708671
 20
212.2747414786661
 10
75.60701059581609
 20
212.2411836237662
 10
75.60218364874154
 20
212.2077046449346
 10
75.59725292743362
 20
212.174306304492
 10
75.59221883286618
 20
212.1409903610824
 10
75.58708177545086
 20
212.1077585695812
 10
75.58184217506965
 20
212.074612680985
 10
75.57650046111041
 20
212.0415544423138
 10
75.57105707250162
 20
212.008585596504
 10
75.56551245774827
 20
211.9757078823012
 10
75.55986707496818
 20
211.9429230341518
 10
75.55412139192913
 20
211.9102327820929
 10
75.54827588608674
 20
211.8776388516423
 10
75.54233104462271
 20
211.8451429636841
 10
75.53628736448397
 20
211.8127468343557
 10
75.53014535242183
 20
211.7804521749289
 10
75.52390552503248
 20
211.7482606916934
 10
75.51756840879679
 20
211.7161740858323
 10
75.51113454012287
 20
211.6841940533073
 10
75.50460446538597
 20
211.6523222847251
 10
75.49797874097246
 20
211.6205604652202
 10
75.49125793332135
 20
211.588910274321
 10
75.48444261896722
 20
211.5573733858182
 10
75.47753338458455
 20
211.5259514676367
 10
75.47053082703086
 20
211.4946461816962
 10
75.46343555339134
 20
211.4634591837758
 10
75.4562481810236
 20
211.432392123375
 10
75.448969337602
 20
211.4014466435684
 10
75.44159966116344
 20
211.3706243808642
 10
75.43413980015205
 20
211.3399269650532
 10
75.42659041346562
 20
211.3093560190625
 10
75.41895217050023
 20
211.2789131587981
 10
75.41122575119769
 20
211.2485999929955
 10
75.40341184609035
 20
211.2184181230568
 10
75.39551115634731
 20
211.1883691428899
 10
75.38752439382031
 20
211.1584546387447
 10
75.37945228109027
 20
211.1286761890473
 10
75.37129555151225
 20
211.0990353642272
 10
75.36305494926125
 20
211.0695337265439
 10
75.35473122937859
 20
211.040172829914
 10
75.34632515781487
 20
211.0109542197233
 10
75.33783751147713
 20
210.9818794326521
 10
75.32926907827186
 20
210.9529499964836
 10
75.32062065714894
 20
210.9241674299134
 10
75.31189305814499
 20
210.8955332423567
 10
75.30308710242565
 20
210.8670489337489
 10
75.294203622328
 20
210.8387159943464
 10
75.29069138670388
 20
210.8276229331628
  0
LINE
  5
14F
330
1F
100
AcDbEntity
  8
Geometries
  6
Continuous
370
    40
100
AcDbLine
 10
100.8774381826539
 20
247.75
 30
0.0
 11
100.8774381826539
 21
208.75
 31
0.0
  0
ELLIPSE
  5
150
330
1F
100
AcDbEntity
  8
Geometries
  6
Continuous
370
    40
100
AcDbEllipse
 10
58.90699076013679
 20
241.2499999999988
 30
0.0
 11
-1.382963715785855E-16
 21
4.500000000000004
 31
0.0
210
0.0
220
0.0
230
0.9999999999999999
 40
0.5019002546507384
 41
4.715457156655042
 42
5.90569152811549
  0
LINE
  5
151
330
1F
100
AcDbEntity
  8
Geometries
  6
Continuous
370
    40
100
AcDbLine
 10
70.87996053844597
 20
208.75
 30
0.0
 11
73.723637192268
 21
208.75
 31
0.0
  0
LINE
  5
152
330
1F
100
AcDbEntity
  8
Geometries
  6
Continuous
370
    40
100
AcDbLine
 10
122.1264162620731
 20
242.7750628144669
 30
0.0
 11
122.122590741777
 21
242.7750628144669
 31
0.0
  0
LINE
  5
153
330
1F
100
AcDbEntity
  8
Geometries
  6
Continuous
370
    40
100
AcDbLine
 10
178.3515497551298
 20
213.2638067715538
 30
0.0
 11
176.8132174261947
 21
213.2638067715538
 31
0.0
  0
ELLIPSE
  5
154
330
1F
100
AcDbEntity
  8
Geometries
  6
Continuous
370
    40
100
AcDbEllipse
 10
166.8212544664654
 20
213.2499999999998
 30
0.0
 11
1.382963715785853E-16
 21
-4.5
 31
0.0
210
0.0
220
0.0
230
1.0
 40
0.5019002546507383
 41
6.283184301068576
 42
7.857049810244757
  0
LINE
  5
155
330
1F
100
AcDbEntity
  8
Geometries
  6
Continuous
370
    40
100
AcDbLine
 10
70.23695584740793
 20
208.75
 30
0.0
 11
70.87996053844597
 21
208.75
 31
0.0
  0
LINE
  5
156
330
1F
100
AcDbEntity
  8
Geometries
  6
Continuous
370
    40
100
AcDbLine
 10
70.87996053844593
 20
247.75
 30
0.0
 11
70.87996053844596
 21
243.0222557978864
 31
0.0
  0
LINE
  5
157
330
1F
100
AcDbEntity
  8
Geometries
  6
Continuous
370
    40
100
AcDbLine
 10
100.8735548134263
 20
247.75
 30
0.0
 11
100.6263644390095
 21
247.75
 31
0.0
  0
ELLIPSE
  5
158
330
1F
100
AcDbEntity
  8
Geometries
  6
Continuous
370
    40
100
AcDbEllipse
 10
176.0930092398817
 20
241.2499999999988
 30
0.0
 11
-1.382963715785856E-16
 21
4.500000000000007
 31
0.0
210
0.0
220
0.0
230
1.0
 40
0.5019002546507383
 41
0.3461805295617008
 42
0.6461425025198473
  0
LINE
  5
159
330
1F
100
AcDbEntity
  8
Geometries
  6
Continuous
370
    40
100
AcDbLine
 10
75.7122212021481
 20
242.75
 30
0.0
 11
75.7122212021481
 21
213.75
 31
0.0
  0
LINE
  5
15A
330
1F
100
AcDbEntity
  8
Geometries
  6
Continuous
370
    40
100
AcDbLine
 10
65.50503116509776
 20
247.75
 30
0.0
 11
70.23695584740798
 21
247.75
 31
0.0
  0
LWPOLYLINE
  5
15B
330
1F
100
AcDbEntity
  8
Geometries
  6
Continuous
370
    40
100
AcDbPolyline
 90
       21
 70
   128
 43
0.0
 10
164.9257684443264
 20
241.2795604890916
 10
164.9398574631071
 20
241.2794828936599
 10
164.9532209385326
 20
241.2794053465012
 10
164.9658422627891
 20
241.2793277394033
 10
164.9751594041
 20
241.279267187366
 10
164.984017395473
 20
241.2792066509246
 10
164.9924095485255
 20
241.2791461760266
 10
165.0003675356157
 20
241.2790855102773
 10
165.0078491888724
 20
241.2790249538657
 10
165.0148488074101
 20
241.2789645537643
 10
165.0227674375919
 20
241.2788907560165
 10
165.0299542517328
 20
241.2788172599664
 10
165.0364014442559
 20
241.2787441525066
 10
165.042101209584
 20
241.2786715205299
 10
165.0470503676094
 20
241.2785993957547
 10
165.0512480261029
 20
241.2785278094956
 10
165.0546898113319
 20
241.2784568480391
 10
165.0573713495641
 20
241.2783865976714
 10
165.0593685846034
 20
241.278313538008
 10
165.0605233613222
 20
241.2782413375466
 10
165.0608429358556
 20
241.2781793787409
  0
LINE
  5
15C
330
1F
100
AcDbEntity
  8
Geometries
  6
Continuous
370
    40
100
AcDbLine
 10
158.9226791278353
 20
213.75
 30
0.0
 11
158.9226791278353
 21
242.75
 31
0.0
  0
ELLIPSE
  5
15D
330
1F
100
AcDbEntity
  8
Geometries
  6
Continuous
370
    40
100
AcDbEllipse
 10
66.00312850007779
 20
207.75
 30
0.0
 11
0.8654759774193672
 21
-0.865475977419369
 31
0.0
210
0.0
220
0.0
230
1.0
 40
0.5788149437585144
 41
3.666289238417927
 42
4.187692395556551
  0
LINE
  5
15E
330
1F
100
AcDbEntity
  8
Geometries
  6
Continuous
370
    40
100
AcDbLine
 10
117.6264054153853
 20
247.75
 30
0.0
 11
117.6226015884386
 21
247.75
 31
0.0
  0
LINE
  5
15F
330
1F
100
AcDbEntity
  8
Geometries
  6
Continuous
370
    40
100
AcDbLine
 10
59.52786314533753
 20
242.75
 30
0.0
 11
59.52786314533752
 21
213.75
 31
0.0
  0
ELLIPSE
  5
160
330
1F
100
AcDbEntity
  8
Geometries
  6
Continuous
370
    40
100
AcDbEllipse
 10
69.7388585124279
 20
207.75
 30
0.0
 11
-0.8654759774193672
 21
-0.865475977419369
 31
0.0
210
0.0
220
0.0
230
1.0
 40
0.5788149437585144
 41
3.666289238417916
 42
5.237085565212826
  0
LINE
  5
161
330
1F
100
AcDbEntity
  8
Geometries
  6
Continuous
370
    40
100
AcDbLine
 10
122.3773863597152
 20
242.75
 30
0.0
 11
122.3736066364899
 21
242.75
 31
0.0
  0
LINE
  5
162
330
1F
100
AcDbEntity
  8
Geometries
  6
Continuous
370
    40
100
AcDbLine
 10
62.01834982023764
 20
208.75
 30
0.0
 11
62.62994065285167
 21
208.75
 31
0.0
  0
LINE
  5
163
330
1F
100
AcDbEntity
  8
Geometries
  6
Continuous
370
    40
100
AcDbLine
 10
161.53789122433
 20
213.2638067715538
 30
0.0
 11
160.0631770524126
 21
213.2638067715538
 31
0.0
  0
LINE
  5
164
330
1F
100
AcDbEntity
  8
Geometries
  6
Continuous
370
    40
100
AcDbLine
 10
61.16553127540793
 20
241.2638067715533
 30
0.0
 11
61.1655312754079
 21
213.2638067715538
 31
0.0
  0
LINE
  5
165
330
1F
100
AcDbEntity
  8
Geometries
  6
Continuous
370
    40
100
AcDbLine
 10
169.0797949817343
 20
213.2638067715538
 30
0.0
 11
169.0797949817343
 21
241.2638067715533
 31
0.0
  0
ELLIPSE
  5
166
330
1F
100
AcDbEntity
  8
Geometries
  6
Continuous
370
    40
100
AcDbEllipse
 10
159.2793507090589
 20
241.2499999999988
 30
0.0
 11
-1.382963715785856E-16
 21
4.500000000000007
 31
0.0
210
0.0
220
0.0
230
1.0
 40
0.5019002546507383
 41
0.8204474920025587
 42
1.564854414870046
  0
LINE
  5
167
330
1F
100
AcDbEntity
  8
Geometries
  6
Continuous
370
    40
100
AcDbLine
 10
161.5378912243301
 20
241.2638067715533
 30
0.0
 11
160.0631770524126
 21
241.2638067715533
 31
0.0
  0
LWPOLYLINE
  5
168
330
1F
100
AcDbEntity
  8
Geometries
  6
Continuous
370
    40
100
AcDbPolyline
 90
       84
 70
   128
 43
0.0
 10
158.9226791278353
 20
242.75
 10
158.9226604074186
 20
242.7683877774192
 10
158.9225249237299
 20
242.802773200193
 10
158.9222585066913
 20
242.8371563785965
 10
158.9218611585073
 20
242.8715358722643
 10
158.9213328813152
 20
242.9059102963962
 10
158.9206736772885
 20
242.9402782665709
 10
158.9198835486239
 20
242.9746383988384
 10
158.9189624975257
 20
243.0089893098128
 10
158.9179105261869
 20
243.0433296167698
 10
158.9167276367673
 20
243.0776579377289
 10
158.9154138313684
 20
243.1119728915563
 10
158.9139691120047
 20
243.1462730980464
 10
158.9123934805733
 20
243.180557178014
 10
158.9106869388186
 20
243.2148237533828
 10
158.9088494882955
 20
243.2490714472692
 10
158.9068811303284
 20
243.2832988840664
 10
158.9047818659679
 20
243.317504689532
 10
158.9025516959442
 20
243.3516874908645
 10
158.9001906206169
 20
243.3858459167837
 10
158.8976986399235
 20
243.4199785976048
 10
158.8950757533228
 20
243.4540841653153
 10
158.8923219597365
 20
243.4881612536481
 10
158.8894372574887
 20
243.5222084981415
 10
158.8864216442403
 20
243.5562245362165
 10
158.8832751169228
 20
243.5902080072302
 10
158.8799976716679
 20
243.6241575525393
 10
158.8765893037356
 20
243.6580718155508
 10
158.8730500074378
 20
243.6919494417803
 10
158.8693797760614
 20
243.7257890788921
 10
158.8655786017875
 20
243.7595893767445
 10
158.861646475608
 20
243.7933489874319
 10
158.8575833872412
 20
243.8270665653103
 10
158.8533893250434
 20
243.8607407670335
 10
158.8490642759196
 20
243.8943702515698
 10
158.8446082252314
 20
243.927953680221
 10
158.8400211567031
 20
243.9614897166347
 10
158.8353030523265
 20
243.994977026804
 10
158.8304538922628
 20
244.028414279072
 10
158.8254736547447
 20
244.0618001441138
 10
158.8203623159749
 20
244.0951332949276
 10
158.8151198500262
 20
244.1284124068031
 10
158.809746228738
 20
244.1616361572933
 10
158.8042414216137
 20
244.1948032261682
 10
158.7986053957174
 20
244.2279122953657
 10
158.7928381155689
 20
244.2609620489348
 10
158.7869395430417
 20
244.2939511729554
 10
158.7809096372584
 20
244.3268783554633
 10
158.7747483544886
 20
244.3597422863571
 10
158.7684556480464
 20
244.3925416572934
 10
158.7620314681913
 20
244.4252751615697
 10
158.7554757620295
 20
244.457941493994
 10
158.7487884734173
 20
244.4905393507455
 10
158.7419695428687
 20
244.5230674292159
 10
158.735018907465
 20
244.5555244278376
 10
158.7279365007696
 20
244.5879090458975
 10
158.7207222527449
 20
244.620219983338
 10
158.7133760896784
 20
244.65245594053
 10
158.7058979341094
 20
244.6846156180471
 10
158.698287704768
 20
244.7166977163998
 10
158.6905453165164
 20
244.7487009357712
 10
158.6826706803016
 20
244.7806239757192
 10
158.6746637031168
 20
244.8124655348633
 10
158.6665242879716
 20
244.8442243105527
 10
158.658252333875
 20
244.8758989985057
 10
158.6498477358297
 20
244.9074882924346
 10
158.6413103848399
 20
244.9389908836406
 10
158.6326401679346
 20
244.9704054605864
 10
158.6238369682059
 20
245.0017307084461
 10
158.6149006648652
 20
245.032965308625
 10
158.6058311333196
 20
245.0641079382528
 10
158.596628245265
 20
245.0951572696583
 10
158.5872918688064
 20
245.1261119698007
 10
158.5778218685977
 20
245.1569706996873
 10
158.5682181060095
 20
245.1877321137514
 10
158.5584804393249
 20
245.218394859203
 10
158.5486087239615
 20
245.2489575753559
 10
158.5386028127296
 20
245.2794188929132
 10
158.5284625561209
 20
245.3097774332278
 10
158.518187802634
 20
245.3400318075345
 10
158.5077783991387
 20
245.3701806161453
 10
158.497234191281
 20
245.4002224476158
 10
158.4865550239298
 20
245.4301558778844
 10
158.4770254357683
 20
245.4564617384235
  0
LINE
  5
169
330
1F
100
AcDbEntity
  8
Geometries
  6
Continuous
370
    40
100
AcDbLine
 10
71.06179242651204
 20
213.2638067715538
 30
0.0
 11
70.87996053844597
 21
213.2638067715538
 31
0.0
  0
LWPOLYLINE
  5
16A
330
1F
100
AcDbEntity
  8
Geometries
  6
Continuous
370
    40
100
AcDbPolyline
 90
      226
 70
   128
 43
0.0
 10
284.0603314290406
 20
245.7447642625893
 10
284.0729885102059
 20
245.7440039276439
 10
284.098505703995
 20
245.7423140486713
 10
284.1240117463203
 20
245.7404149459759
 10
284.1495052964307
 20
245.7383067544704
 10
284.1749850170744
 20
245.7359896246238
 10
284.2004495748987
 20
245.7334637223107
 10
284.2258976408201
 20
245.7307292286484
 10
284.2513278903978
 20
245.7277863398189
 10
284.2767390041805
 20
245.7246352668782
 10
284.3021296680456
 20
245.7212762355534
 10
284.3274985735299
 20
245.717709486027
 10
284.352844418135
 20
245.7139352727116
 10
284.3781659056203
 20
245.7099538640141
 10
284.4034617462901
 20
245.7057655420898
 10
284.4287306572424
 20
245.7013706025905
 10
284.453971362624
 20
245.6967693544022
 10
284.479182593855
 20
245.6919621193784
 10
284.5043630898363
 20
245.6869492320674
 10
284.529511597146
 20
245.6817310394338
 10
284.5546268702083
 20
245.6763079005785
 10
284.579707671455
 20
245.670680186453
 10
284.6047527714651
 20
245.6648482795732
 10
284.6297609490844
 20
245.6588125737316
 10
284.6547309915256
 20
245.652573473711
 10
284.6796616944632
 20
245.6461313949947
 10
284.7045518620984
 20
245.6394867634819
 10
284.7294003072159
 20
245.6326400152022
 10
284.754205851218
 20
245.6255915960359
 10
284.7789673241503
 20
245.618341961434
 10
284.8036835647069
 20
245.6108915761459
 10
284.8283534202249
 20
245.6032409139487
 10
284.8529757466582
 20
245.5953904573851
 10
284.8775494085506
 20
245.587340697503
 10
284.9020732789801
 20
245.5790921336059
 10
284.9265462395072
 20
245.5706452730056
 10
284.9509671800968
 20
245.5620006307863
 10
284.9753349990422
 20
245.553158729573
 10
284.9996486028712
 20
245.5441200993088
 10
285.0239069062462
 20
245.5348852770414
 10
285.0481088318505
 20
245.5254548067174
 10
285.0722533102779
 20
245.5158292389835
 10
285.0963392799049
 20
245.5060091309981
 10
285.1203656867552
 20
245.4959950462539
 10
285.1443314843721
 20
245.4857875544035
 10
285.168235633668
 20
245.4753872311007
 10
285.1920771027808
 20
245.4647946578473
 10
285.2158548669243
 20
245.4540104218488
 10
285.2395679082352
 20
245.4430351158799
 10
285.2632152156136
 20
245.4318693381608
 10
285.2867957845673
 20
245.4205136922387
 10
285.3103086170525
 20
245.408968786881
 10
285.3337527213113
 20
245.397235235976
 10
285.3571271117102
 20
245.3853136584435
 10
285.3804308085817
 20
245.3732046781509
 10
285.4036628380636
 20
245.3609089238393
 10
285.4268222319365
 20
245.3484270290594
 10
285.4499080274699
 20
245.3357596321107
 10
285.4729192672651
 20
245.3229073759916
 10
285.495854999099
 20
245.3098709083565
 10
285.518714275775
 20
245.296650881479
 10
285.5414961549759
 20
245.2832479522202
 10
285.5641996991146
 20
245.2696627820089
 10
285.5868239751985
 20
245.25589603682
 10
285.6093680546841
 20
245.2419483871682
 10
285.6318310133512
 20
245.2278205080975
 10
285.6542119311667
 20
245.2135130791847
 10
285.6765098921585
 20
245.1990267845448
 10
285.6987239843041
 20
245.1843623128351
 10
285.7208532993999
 20
245.169520357278
 10
285.7428969329616
 20
245.1545016156723
 10
285.764853984111
 20
245.1393067904201
 10
285.7867235554766
 20
245.1239365885509
 10
285.8085047530964
 20
245.1083917217527
 10
285.8301966863245
 20
245.0926729064053
 10
285.8517984677489
 20
245.0767808636136
 10
285.8733092131037
 20
245.0607163192511
 10
285.8947280412003
 20
245.0444800039947
 10
285.9160540738491
 20
245.0280726533744
 10
285.9372864357986
 20
245.011495007814
 10
285.9584242546719
 20
244.9947478126806
 10
285.9794666609126
 20
244.9778318183319
 10
286.000412787734
 20
244.9607477801663
 10
286.0212617710696
 20
244.9434964586763
 10
286.0420127495403
 20
244.9260786194953
 10
286.0626648644094
 20
244.9084950334562
 10
286.0832172595584
 20
244.8907464766405
 10
286.1036690814554
 20
244.8728337304348
 10
286.1240194791379
 20
244.854757581582
 10
286.1442676041935
 20
244.8365188222365
 10
286.1644126107467
 20
244.8181182500179
 10
286.1844536554491
 20
244.7995566680662
 10
286.2043898974791
 20
244.7808348850915
 10
286.2242204985372
 20
244.7619537154303
 10
286.2439446228543
 20
244.742913979094
 10
286.2635614371953
 20
244.7237165018237
 10
286.2830701108737
 20
244.7043621151376
 10
286.3024698157635
 20
244.6848516563844
 10
286.3217597263234
 20
244.6651859687853
 10
286.3409390196136
 20
244.6453659014873
 10
286.3600068753244
 20
244.6253923096057
 10
286.3789624758024
 20
244.6052660542717
 10
286.3978050060855
 20
244.5849880026723
 10
286.4165336539349
 20
244.5645590280945
 10
286.4351476098756
 20
244.5439800099632
 10
286.453646067234
 20
244.5232518338823
 10
286.472028222182
 20
244.5023753916709
 10
286.4902932737845
 20
244.4813515813963
 10
286.508440424043
 20
244.4601813074125
 10
286.5264688779494
 20
244.4388654803877
 10
286.5443778435383
 20
244.4174050173345
 10
286.5621665319396
 20
244.3958008416407
 10
286.5798341574364
 20
244.3740538830929
 10
286.5973799375233
 20
244.3521650779019
 10
286.6148030929649
 20
244.3301353687261
 10
286.6321028478617
 20
244.3079657046874
 10
286.6492784297074
 20
244.2856570413972
 10
286.6663290694587
 20
244.2632103409664
 10
286.6832540016003
 20
244.2406265720216
 10
286.7000524642106
 20
244.2179067097204
 10
286.716723699033
 20
244.1950517357572
 10
286.733266951543
 20
244.172062638377
 10
286.7496814710225
 20
244.148940412376
 10
286.7659665106275
 20
244.1256860591125
 10
286.782121327465
 20
244.1023005865032
 10
286.798145182662
 20
244.0787850090302
 10
286.8140373414446
 20
244.0551403477327
 10
286.8297970732082
 20
244.0313676302096
 10
286.8454236515962
 20
244.0074678906103
 10
286.8609163545745
 20
243.9834421696288
 10
286.8762744645072
 20
243.9592915144958
 10
286.8914972682351
 20
243.9350169789642
 10
286.9065840571507
 20
243.9106196233004
 10
286.921534127277
 20
243.8861005142658
 10
286.9363467793445
 20
243.8614607251012
 10
286.9510213188678
 20
243.8367013355098
 10
286.9655570562251
 20
243.8118234316343
 10
286.9799533067341
 20
243.7868281060358
 10
286.99420939073
 20
243.761716457672
 10
287.0083246336445
 20
243.7364895918665
 10
287.0222983660814
 20
243.7111486202862
 10
287.0361299238951
 20
243.6856946609088
 10
287.0498186482662
 20
243.6601288379956
 10
287.06336388578
 20
243.6344522820557
 10
287.0767649885019
 20
243.6086661298129
 10
287.090021314055
 20
243.582771524169
 10
287.1031322256929
 20
243.5567696141711
 10
287.1160970923779
 20
243.5306615549676
 10
287.1289152888554
 20
243.5044485077685
 10
287.1415861957278
 20
243.478131639806
 10
287.154109199528
 20
243.4517121242907
 10
287.1664836927941
 20
243.425191140365
 10
287.1787090741419
 20
243.3985698730573
 10
287.1907847483363
 20
243.371849513237
 10
287.2027101263637
 20
243.3450312575627
 10
287.2144846255032
 20
243.3181163084325
 10
287.2261076693964
 20
243.2911058739337
 10
287.2375786881174
 20
243.2640011677885
 10
287.2488971182411
 20
243.2368034093016
 10
287.2600624029129
 20
243.2095138233018
 10
287.2710739919146
 20
243.1821336400884
 10
287.2819313417314
 20
243.1546640953736
 10
287.2926339156185
 20
243.1271064302207
 10
287.303181183666
 20
243.0994618909855
 10
287.313572622862
 20
243.071731729258
 10
287.3238077171584
 20
243.0439172017937
 10
287.3338859575309
 20
243.0160195704581
 10
287.3438068420426
 20
242.9880401021557
 10
287.3535698759035
 20
242.9599800687699
 10
287.3631745715319
 20
242.9318407470921
 10
287.3726204486123
 20
242.9036234187582
 10
287.3819070341538
 20
242.8753293701788
 10
287.3910338625478
 20
242.8469598924694
 10
287.400000475624
 20
242.8185162813819
 10
287.4088064227058
 20
242.7899998372321
 10
287.4174512606646
 20
242.7614118648299
 10
287.4259345539729
 20
242.7327536734072
 10
287.4342558747579
 20
242.7040265765408
 10
287.4424148028526
 20
242.6752318920811
 10
287.4504109258456
 20
242.6463709420788
 10
287.4582438391318
 20
242.6174450527046
 10
287.4659131459599
 20
242.5884555541788
 10
287.4734184574812
 20
242.5594037806888
 10
287.4807593927955
 20
242.5302910703143
 10
287.4879355789971
 20
242.501118764948
 10
287.4949466512182
 20
242.4718882102204
 10
287.5017922526747
 20
242.4426007554121
 10
287.508472034707
 20
242.4132577533817
 10
287.5149856568224
 20
242.3838605604797
 10
287.5213327867356
 20
242.3544105364707
 10
287.5275131004079
 20
242.3249090444485
 10
287.5335262820863
 20
242.2953574507567
 10
287.5393720243403
 20
242.2657571249041
 10
287.5450500280994
 20
242.23610943948
 10
287.5505600026875
 20
242.2064157700734
 10
287.5559016658586
 20
242.1766774951843
 10
287.5610747438287
 20
242.1468959961455
 10
287.5660789713092
 20
242.1170726570317
 10
287.5709140915387
 20
242.0872088645728
 10
287.5755798563116
 20
242.057306008076
 10
287.5800760260095
 20
242.0273654793298
 10
287.584402369628
 20
241.9973886725234
 10
287.5885586648046
 20
241.9673769841568
 10
287.5925446978447
 20
241.9373318129547
 10
287.5963602637468
 20
241.9072545597777
 10
287.6000051662267
 20
241.8771466275357
 10
287.6034792177405
 20
241.8470094210974
 10
287.6067822395073
 20
241.8168443472028
 10
287.609914061529
 20
241.786652814374
 10
287.6128745226115
 20
241.7564362328286
 10
287.6156634703832
 20
241.7261960143839
 10
287.618280761313
 20
241.6959335723751
 10
287.6207262607273
 20
241.6656503215564
 10
287.6229998428256
 20
241.6353476780221
 10
287.6251013906959
 20
241.6050270591067
 10
287.627030796328
 20
241.5746898832987
 10
287.6287879606266
 20
241.5443375701497
 10
287.6303727934231
 20
241.5139715401815
 10
287.6317852134861
 20
241.4835932148005
 10
287.6330251485313
 20
241.4532040161998
 10
287.6340925352299
 20
241.4228053672745
 10
287.6349873192169
 20
241.3923986915251
 10
287.635709455097
 20
241.3619854129699
 10
287.6362589064503
 20
241.3315669560533
 10
287.6366356458374
 20
241.3011447455496
 10
287.6368110045317
 20
241.27713654607
  0
LWPOLYLINE
  5
16B
330
1F
100
AcDbEntity
  8
Geometries
  6
Continuous
370
    40
100
AcDbPolyline
 90
        6
 70
   128
 43
0.0
 10
284.0597676483819
 20
208.7552030708503
 10
284.0506849102201
 20
208.7546909106289
 10
284.025156523644
 20
208.7533936562663
 10
283.999619907875
 20
208.7523057892426
 10
283.9740764065578
 20
208.7514274062609
 10
283.9520454452523
 20
208.7508382331159
  0
LWPOLYLINE
  5
16C
330
1F
100
AcDbEntity
  8
Geometries
  6
Continuous
370
    40
100
AcDbPolyline
 90
       39
 70
   128
 43
0.0
 10
287.6368237978531
 20
213.2771442443605
 10
287.6373453792395
 20
213.2771861145888
 10
287.6387176706394
 20
213.2772321073472
 10
287.6409334690655
 20
213.2772800888466
 10
287.6439894378917
 20
213.2773299868423
 10
287.6478822404921
 20
213.2773817290897
 10
287.6523606950877
 20
213.277432625026
 10
287.6575928997981
 20
213.2774851314736
 10
287.6635724356279
 20
213.2775391784833
 10
287.6702928835812
 20
213.2775946961056
 10
287.6777526589146
 20
213.2776516560827
 10
287.6859479234186
 20
213.2777100260482
 10
287.6948688778091
 20
213.2777697298899
 10
287.7045057228021
 20
213.2778306914955
 10
287.715407195992
 20
213.2778961112062
 10
287.7270914278372
 20
213.2779628495481
 10
287.7395431432453
 20
213.2780308124372
 10
287.7527470671242
 20
213.2780999057892
 10
287.7659991045994
 20
213.2781666361695
 10
287.779921431977
 20
213.2782343228009
 10
287.7944977335424
 20
213.2783028813786
 10
287.8097116935808
 20
213.2783722275981
 10
287.8255583373891
 20
213.2784423298669
 10
287.8420307619057
 20
213.2785131553144
 10
287.8591097587503
 20
213.2785846177182
 10
287.876776119543
 20
213.2786566308559
 10
287.895977802686
 20
213.2787329064642
 10
287.9158132502083
 20
213.2788097193602
 10
287.9362569705552
 20
213.2788869685475
 10
287.9572834721722
 20
213.2789645530297
 10
287.9739156960909
 20
213.2790246781202
 10
287.9908837547773
 20
213.2790849582099
 10
288.0081748361949
 20
213.279145346963
 10
288.0258637343488
 20
213.2792060972873
 10
288.0438652831641
 20
213.2792669100357
 10
288.0621657658349
 20
213.2793277386252
 10
288.0859627109016
 20
213.2794053457235
 10
288.1102210877768
 20
213.2794828929056
 10
288.1349107487167
 20
213.2795604883642
  0
LWPOLYLINE
  5
16D
330
1F
100
AcDbEntity
  8
Geometries
  6
Continuous
370
    40
100
AcDbPolyline
 90
      165
 70
   128
 43
0.0
 10
328.2962523376541
 20
209.4224455473193
 10
328.2928445040507
 20
209.4247954970897
 10
328.2695730249696
 20
209.4409787223941
 10
328.2463905028301
 20
209.4573375985097
 10
328.223297808992
 20
209.4738714405635
 10
328.2002958115384
 20
209.4905795590091
 10
328.1773853753339
 20
209.5074612596093
 10
328.1545673620783
 20
209.5245158434172
 10
328.1318426303587
 20
209.5417426067555
 10
328.1092120356962
 20
209.5591408411951
 10
328.0866764305917
 20
209.5767098335293
 10
328.0642366645663
 20
209.5944488657503
 10
328.0418935842013
 20
209.6123572150209
 10
328.0196480331706
 20
209.6304341536483
 10
327.9975008522732
 20
209.6486789490549
 10
327.9754528794633
 20
209.6670908637475
 10
327.9535049498722
 20
209.6856691552898
 10
327.9316578958334
 20
209.7044130762685
 10
327.9099125468999
 20
209.7233218742635
 10
327.8882697298598
 20
209.7423947918166
 10
327.8667302687503
 20
209.7616310663977
 10
327.8452949848664
 20
209.7810299303742
 10
327.8239646967683
 20
209.8005906109778
 10
327.8027402202842
 20
209.8203123302734
 10
327.781622368514
 20
209.8401943051248
 10
327.7606119518238
 20
209.8602357471657
 10
327.7397097778448
 20
209.8804358627658
 10
327.7189166514643
 20
209.900793853001
 10
327.6982333748168
 20
209.9213089136218
 10
327.6776607472722
 20
209.9419802350232
 10
327.6571995654194
 20
209.962807002216
 10
327.6368506230518
 20
209.9837883947965
 10
327.6166147111455
 20
210.0049235869195
 10
327.5964926178396
 20
210.0262117472701
 10
327.5764851284104
 20
210.0476520390384
 10
327.5565930252477
 20
210.0692436198917
 10
327.5368170878247
 20
210.0909856419525
 10
327.5171580926695
 20
210.1128772517727
 10
327.4976168133331
 20
210.1349175903115
 10
327.4781940203551
 20
210.1571057929146
 10
327.4588904812285
 20
210.1794409892928
 10
327.4397069603625
 20
210.2019223035037
 10
327.420644219044
 20
210.224548853933
 10
327.4017030153973
 20
210.2473197532772
 10
327.3828841043421
 20
210.2702341085287
 10
327.3641882375504
 20
210.2932910209609
 10
327.3456161634012
 20
210.316489586116
 10
327.3271686269355
 20
210.3398288937929
 10
327.3088463698096
 20
210.363308028035
 10
327.2906501302447
 20
210.3869260671248
 10
327.2725806429809
 20
210.4106820835713
 10
327.2546386392235
 20
210.434575144108
 10
327.2368248465933
 20
210.4586043096856
 10
327.2191399890742
 20
210.4827686354688
 10
327.2015847869596
 20
210.5070671708342
 10
327.184159956799
 20
210.5314989593692
 10
327.1668662113427
 20
210.5560630388726
 10
327.1497042594863
 20
210.5807584413568
 10
327.1326748062161
 20
210.6055841930502
 10
327.11577855255
 20
210.6305393144036
 10
327.0990161954822
 20
210.6556228200947
 10
327.0823884279255
 20
210.6808337190357
 10
327.0658959386517
 20
210.7061710143838
 10
327.0495394122352
 20
210.7316337035489
 10
327.0333195289919
 20
210.7572207782074
 10
327.0172369649214
 20
210.7829312243148
 10
327.0012923916476
 20
210.8087640221189
 10
326.9854864763581
 20
210.834718146177
 10
326.969819881746
 20
210.8607925653707
 10
326.9542932659482
 20
210.8869862429272
 10
326.9389072824861
 20
210.9132981364363
 10
326.923662580206
 20
210.9397271978728
 10
326.9085598032175
 20
210.966272373619
 10
326.8935995908348
 20
210.9929326044872
 10
326.8787825775162
 20
211.019706825744
 10
326.8641093928034
 20
211.0465939671383
 10
326.8495806612622
 20
211.0735929529274
 10
326.8351970024223
 20
211.1007027019052
 10
326.8209590307189
 20
211.1279221274316
 10
326.806867355431
 20
211.1552501374653
 10
326.7929225806249
 20
211.1826856345919
 10
326.7791253050924
 20
211.2102275160624
 10
326.7654761222944
 20
211.2378746738231
 10
326.7519756203011
 20
211.2656259945535
 10
326.7386243817353
 20
211.2934803597004
 10
326.7254229837129
 20
211.321436645519
 10
326.7123719977874
 20
211.3494937231074
 10
326.6994719898914
 20
211.3776504584504
 10
326.6867235202812
 20
211.405905712457
 10
326.6741271434797
 20
211.4342583410046
 10
326.6616834082213
 20
211.4627071949803
 10
326.6493928573972
 20
211.4912511203241
 10
326.6372560279993
 20
211.519888958076
 10
326.6252734510671
 20
211.5486195444199
 10
326.6134456516339
 20
211.5774417107291
 10
326.601773148673
 20
211.6063542836166
 10
326.5902564550454
 20
211.6353560849818
 10
326.5788960774483
 20
211.6644459320596
 10
326.5676925163624
 20
211.6936226374715
 10
326.5566462660022
 20
211.7228850092756
 10
326.545757814265
 20
211.7522318510182
 10
326.5350276426812
 20
211.7816619617882
 10
326.5244562263655
 20
211.8111741362688
 10
326.5140440339684
 20
211.8407671647914
 10
326.5037915276282
 20
211.8704398333918
 10
326.493699162924
 20
211.9001909238651
 10
326.4837673888291
 20
211.9300192138223
 10
326.473996647665
 20
211.9599234767479
 10
326.4643873750571
 20
211.9899024820551
 10
326.4549399998887
 20
212.0199549951489
 10
326.4456549442589
 20
212.0500797774799
 10
326.4365326234382
 20
212.0802755866091
 10
326.4275734458267
 20
212.1105411762637
 10
326.4187778129127
 20
212.1408752964016
 10
326.4101461192311
 20
212.1712766932707
 10
326.4016787523232
 20
212.2017441094733
 10
326.393376092698
 20
212.2322762840262
 10
326.3852385137925
 20
212.2628719524267
 10
326.3772663819342
 20
212.2935298467141
 10
326.369460056304
 20
212.3242486955337
 10
326.3618198888985
 20
212.3550272242067
 10
326.3543462244957
 20
212.3858641547879
 10
326.3470394006189
 20
212.4167582061386
 10
326.3398997475029
 20
212.4477080939877
 10
326.3329275880602
 20
212.4787125310021
 10
326.3261232378485
 20
212.5097702268508
 10
326.3194870050384
 20
212.5408798882759
 10
326.313019190382
 20
212.5720402191585
 10
326.3067200871832
 20
212.6032499205874
 10
326.300589981267
 20
212.6345076909282
 10
326.2946291509515
 20
212.6658122258927
 10
326.288837867019
 20
212.6971622186083
 10
326.2832163926889
 20
212.728556359688
 10
326.2777649835911
 20
212.759993337301
 10
326.2724838877402
 20
212.7914718372432
 10
326.2673733455106
 20
212.8229905430074
 10
326.2624335896116
 20
212.854548135857
 10
326.2576648450647
 20
212.8861432948938
 10
326.2530673291803
 20
212.9177746971328
 10
326.2486412515364
 20
212.9494410175746
 10
326.2443868139567
 20
212.9811409292741
 10
326.2403042104909
 20
213.0128731034182
 10
326.2363936273947
 20
213.0446362093956
 10
326.2326552431115
 20
213.07642891487
 10
326.2290892282537
 20
213.1082498858549
 10
326.2256957455865
 20
213.140097786785
 10
326.2224749500103
 20
213.171971280593
 10
326.2194269885462
 20
213.2038690287813
 10
326.2165520003203
 20
213.2357896914958
 10
326.2138501165504
 20
213.2677319276017
 10
326.2113214605318
 20
213.2996943947596
 10
326.2089661476259
 20
213.3316757494943
 10
326.2067842852479
 20
213.3636746472764
 10
326.2047759728558
 20
213.395689742592
 10
326.2029413019409
 20
213.4277196890214
 10
326.2012803560178
 20
213.4597631393112
 10
326.1997932106165
 20
213.4918187454531
 10
326.1984799332741
 20
213.5238851587561
 10
326.1973405835284
 20
213.5559610299237
 10
326.1963752129115
 20
213.5880450091274
 10
326.1955838649444
 20
213.6201357460855
 10
326.1949665751322
 20
213.6522318901365
 10
326.1945233709614
 20
213.6843320903145
 10
326.1942542718954
 20
213.7164349954271
 10
326.1941591091388
 20
213.75
  0
LWPOLYLINE
  5
16E
330
1F
100
AcDbEntity
  8
Geometries
  6
Continuous
370
    40
100
AcDbPolyline
 90
        6
 70
   128
 43
0.0
 10
330.3968858572862
 20
208.75
 10
330.3842850351048
 20
208.7500226094047
 10
330.3571479361605
 20
208.7502248589448
 10
330.3300123162117
 20
208.750636833468
 10
330.3028794810307
 20
208.7512585140123
 10
330.2958166735967
 20
208.7514547528484
  0
LWPOLYLINE
  5
16F
330
1F
100
AcDbEntity
  8
Geometries
  6
Continuous
370
    40
100
AcDbPolyline
 90
      149
 70
   128
 43
0.0
 10
325.376537489115
 20
245.6362276401941
 10
325.3711772311772
 20
245.6447081566022
 10
325.3542318553951
 20
245.6712738840016
 10
325.3371317088699
 20
245.697714720732
 10
325.3198775322906
 20
245.7240295143937
 10
325.3024700738789
 20
245.7502171181209
 10
325.2849100893577
 20
245.7762763906647
 10
325.2671983419216
 20
245.8022061964743
 10
325.2493356021998
 20
245.828005405786
 10
325.2313226482238
 20
245.8536728947014
 10
325.2131602653913
 20
245.8792075452718
 10
325.194849246426
 20
245.9046082455849
 10
325.176390391342
 20
245.9298738898419
 10
325.1577845073976
 20
245.955003378449
 10
325.1390324090606
 20
245.9799956180892
 10
325.1201349179569
 20
246.0048495218153
 10
325.1010928628309
 20
246.0295640091246
 10
325.0819070794938
 20
246.0541380060466
 10
325.0625784107819
 20
246.0785704452165
 10
325.0431077064997
 20
246.1028602659649
 10
325.0234958233738
 20
246.1270064143915
 10
325.0037436249971
 20
246.1510078434484
 10
324.9838519817769
 20
246.1748635130168
 10
324.9638217708772
 20
246.1985723899878
 10
324.9436538761624
 20
246.2221334483383
 10
324.923349188139
 20
246.2455456692086
 10
324.902908603894
 20
246.268808040979
 10
324.8823330270361
 20
246.291919559343
 10
324.8616233676295
 20
246.3148792273843
 10
324.8407805421318
 20
246.3376860556484
 10
324.8198054733274
 20
246.3603390622151
 10
324.7986990902602
 20
246.3828372727704
 10
324.7774623281667
 20
246.4051797206748
 10
324.7560961284044
 20
246.4273654470343
 10
324.7346014383813
 20
246.4493935007668
 10
324.7129792114847
 20
246.4712629386686
 10
324.6912304070072
 20
246.4929728254792
 10
324.6693559900717
 20
246.5145222339457
 10
324.647356931556
 20
246.5359102448844
 10
324.6252342080164
 20
246.5571359472416
 10
324.6029888016083
 20
246.578198438154
 10
324.5806217000094
 20
246.5990968230045
 10
324.558133896339
 20
246.6198302154791
 10
324.5355263890757
 20
246.6403977376231
 10
324.5128001819778
 20
246.6607985198916
 10
324.4899562839989
 20
246.6810317012024
 10
324.4669957092062
 20
246.7010964289842
 10
324.4439194766962
 20
246.7209918592247
 10
324.4207286105073
 20
246.7407171565177
 10
324.3974241395365
 20
246.7602714941065
 10
324.3740070974532
 20
246.7796540539257
 10
324.3504785226147
 20
246.7988640266398
 10
324.3268394579733
 20
246.8179006116868
 10
324.3030909509923
 20
246.8367630173115
 10
324.2792340535612
 20
246.8554504605977
 10
324.2552698218988
 20
246.8739621675082
 10
324.2311993164747
 20
246.8922973729073
 10
324.2070236019132
 20
246.9104553205953
 10
324.1827437469041
 20
246.9284352633355
 10
324.158360824122
 20
246.946236462873
 10
324.1338759101276
 20
246.9638581899646
 10
324.1092900852811
 20
246.9812997243979
 10
324.0846044336579
 20
246.9985603550064
 10
324.059820042956
 20
247.0156393796899
 10
324.034938004404
 20
247.0325361054307
 10
324.0099594126781
 20
247.0492498483033
 10
323.9848853658143
 20
247.0657799334854
 10
323.9597169651136
 20
247.0821256952711
 10
323.934455315062
 20
247.098286477073
 10
323.9091015232408
 20
247.1142616314298
 10
323.8836567002376
 20
247.1300505200106
 10
323.8581219595639
 20
247.1456525136142
 10
323.8324984175704
 20
247.1610669921683
 10
323.8067871933579
 20
247.17629334473
 10
323.7809894086965
 20
247.1913309694797
 10
323.7551061879435
 20
247.2061792737146
 10
323.7291386579607
 20
247.2208376738413
 10
323.7030879480276
 20
247.2353055953696
 10
323.6769551897705
 20
247.2495824728959
 10
323.6507415170735
 20
247.2636677500956
 10
323.6244480660059
 20
247.2775608797058
 10
323.5980759747462
 20
247.2912613235084
 10
323.5716263834959
 20
247.3047685523181
 10
323.545100434417
 20
247.3180820459566
 10
323.5184992715468
 20
247.3312012932379
 10
323.4918240407331
 20
247.3441257919429
 10
323.4650758895575
 20
247.3568550487982
 10
323.4382559672682
 20
247.3693885794507
 10
323.4113654247068
 20
247.3817259084438
 10
323.3844054142428
 20
247.3938665691891
 10
323.3573770897109
 20
247.4058101039373
 10
323.3302816063364
 20
247.417556063753
 10
323.3031201206813
 20
247.4291040084808
 10
323.2758937905779
 20
247.4404535067156
 10
323.2486037750627
 20
247.4516041357731
 10
323.2212512343262
 20
247.4625554816532
 10
323.1938373296491
 20
247.4733071390085
 10
323.1663632233464
 20
247.48385871111
 10
323.1388300787138
 20
247.4942098098114
 10
323.1112390599729
 20
247.5043600555141
 10
323.0835913322184
 20
247.5143090771308
 10
323.05588806137
 20
247.5240565120483
 10
323.0281304141202
 20
247.5336020060915
 10
323.0003195578886
 20
247.5429452134846
 10
322.9724566607759
 20
247.5520857968141
 10
322.9445428915204
 20
247.5610234269891
 10
322.9165794194485
 20
247.5697577832062
 10
322.8885674144417
 20
247.5782885529076
 10
322.8605080468927
 20
247.5866154317433
 10
322.8324024876626
 20
247.5947381235347
 10
322.8042519080532
 20
247.602656340232
 10
322.7760574797606
 20
247.6103698018795
 10
322.7478203748532
 20
247.6178782365731
 10
322.7195417657235
 20
247.6251813804268
 10
322.6912228250718
 20
247.6322789775301
 10
322.6628647258638
 20
247.6391707799134
 10
322.6344686413127
 20
247.6458565475083
 10
322.6060357448414
 20
247.6523360481127
 10
322.5775672100664
 20
247.6586090573518
 10
322.5490642107637
 20
247.6646753586445
 10
322.5205279208533
 20
247.6705347431657
 10
322.4919595143714
 20
247.6761870098126
 10
322.4633601654529
 20
247.6816319651696
 10
322.4347310483106
 20
247.6868694234748
 10
322.4060733372146
 20
247.6918992065875
 10
322.377388206478
 20
247.6967211439553
 10
322.3486768304393
 20
247.7013350725827
 10
322.3199403834453
 20
247.7057408370012
 10
322.291180039839
 20
247.7099382892391
 10
322.2623969739445
 20
247.7139272887928
 10
322.2335923600594
 20
247.7177077025986
 10
322.204767372435
 20
247.7212794050067
 10
322.1759231852709
 20
247.7246422777551
 10
322.1470609727084
 20
247.727796209944
 10
322.1181819088153
 20
247.7307410980132
 10
322.089287167579
 20
247.7334768457192
 10
322.0603779229058
 20
247.7360033641133
 10
322.0314553486037
 20
247.7383205715219
 10
322.0025206183824
 20
247.7404283935276
 10
321.9735749058509
 20
247.7423267629501
 10
321.9446193845047
 20
247.7440156198309
 10
321.9156552277283
 20
247.7454949114174
 10
321.8866836087852
 20
247.7467645921485
 10
321.8577057008229
 20
247.7478246236421
 10
321.8287226768586
 20
247.7486749746834
 10
321.7997357097859
 20
247.7493156212146
 10
321.7707459723695
 20
247.7497465463262
 10
321.7417546372418
 20
247.7499677402488
 10
321.7256746103739
 20
247.75
  0
ELLIPSE
  5
170
330
1F
100
AcDbEntity
  8
Geometries
  6
Continuous
370
    40
100
AcDbEllipse
 10
254.4054199254674
 20
246.75
 30
0.0
 11
1.552411134053343E-19
 21
-1.000000000000001
 31
0.0
210
0.0
220
0.0
230
1.0
 40
0.0025352797804791
 41
3.141592653589745
 42
4.71238898038469
  0
ELLIPSE
  5
171
330
1F
100
AcDbEntity
  8
Geometries
  6
Continuous
370
    40
100
AcDbEllipse
 10
370.5945800745326
 20
246.75
 30
0.0
 11
-1.552411134053708E-19
 21
1.000000000000001
 31
0.0
210
0.0
220
0.0
230
1.0
 40
0.0025352797804797
 41
4.71238898038469
 42
6.283185307179586
  0
ELLIPSE
  5
172
330
1F
100
AcDbEntity
  8
Geometries
  6
Continuous
370
    40
100
AcDbEllipse
 10
298.7530982832081
 20
213.2499999999998
 30
0.0
 11
-2.386300038995258E-16
 21
4.500000000000004
 31
0.0
210
0.0
220
0.0
230
1.0
 40
0.8660274912304657
 41
2.55617467997808
 42
3.02737942668146
  0
ELLIPSE
  5
173
330
1F
100
AcDbEntity
  8
Geometries
  6
Continuous
370
    40
100
AcDbEllipse
 10
350.3972179323126
 20
213.75
 30
0.0
 11
2.651444487772508E-16
 21
5.000000000000001
 31
0.0
210
0.0
220
0.0
230
1.0
 40
0.8660274912304662
 41
3.889687975113777
 42
4.712388980384692
  0
ELLIPSE
  5
174
330
1F
100
AcDbEntity
  8
Geometries
  6
Continuous
370
    40
100
AcDbEllipse
 10
355.2588226730125
 20
213.2499999999998
 30
0.0
 11
-2.386300038995259E-16
 21
4.500000000000004
 31
0.0
210
0.0
220
0.0
230
1.0
 40
0.8660274912304663
 41
1.567728150524618
 42
2.491129228645878
  0
ELLIPSE
  5
175
330
1F
100
AcDbEntity
  8
Geometries
  6
Continuous
370
    40
100
AcDbEllipse
 10
337.3338548548161
 20
207.75
 30
0.0
 11
0.9662093781089168
 21
-0.9662093781089179
 31
0.0
210
0.0
220
0.0
230
1.0
 40
0.2667729095842073
 41
1.310094748225587
 42
2.880891075020422
  0
ELLIPSE
  5
176
330
1F
100
AcDbEntity
  8
Geometries
  6
Continuous
370
    40
100
AcDbEllipse
 10
298.753098283212
 20
241.2499999999988
 30
0.0
 11
-2.386300038995259E-16
 21
4.500000000000007
 31
0.0
210
0.0
220
0.0
230
0.9999999999999999
 40
0.8660274912304655
 41
0.1142132269165835
 42
1.567728150524544
  0
ELLIPSE
  5
177
330
1F
100
AcDbEntity
  8
Geometries
  6
Continuous
370
    40
100
AcDbEllipse
 10
343.8372632900005
 20
246.75
 30
0.0
 11
-0.9662093781089175
 21
-0.9662093781089183
 31
0.0
210
0.0
220
0.0
230
0.9999999999999999
 40
0.2667729095842073
 41
2.880891075020446
 42
3.402294232159191
  0
ELLIPSE
  5
178
330
1F
100
AcDbEntity
  8
Geometries
  6
Continuous
370
    40
100
AcDbEllipse
 10
298.7530982832081
 20
213.2499999999998
 30
0.0
 11
-2.386300038995258E-16
 21
4.500000000000004
 31
0.0
210
0.0
220
0.0
230
1.0
 40
0.8660274912304657
 41
2.503372639355559
 42
2.55617467997808
  0
ELLIPSE
  5
179
330
1F
100
AcDbEntity
  8
Geometries
  6
Continuous
370
    40
100
AcDbEllipse
 10
284.2471378050978
 20
213.2499999999998
 30
0.0
 11
-2.386300038995255E-16
 21
4.5
 31
0.0
210
0.0
220
0.0
230
1.0
 40
0.8660274912304655
 41
1.567728150524622
 42
3.093494572342205
  0
ELLIPSE
  5
17A
330
1F
100
AcDbEntity
  8
Geometries
  6
Continuous
370
    40
100
AcDbEllipse
 10
359.0574928446172
 20
242.75
 30
0.0
 11
-2.651444487772508E-16
 21
5.000000000000001
 31
0.0
210
0.0
220
0.0
230
1.0
 40
0.8660274912304662
 41
0.0000000000000015
 42
0.9311951916838738
  0
ELLIPSE
  5
17B
330
1F
100
AcDbEntity
  8
Geometries
  6
Continuous
370
    40
100
AcDbEllipse
 10
269.7411773269516
 20
241.2499999999988
 30
0.0
 11
-2.386300038995259E-16
 21
4.500000000000007
 31
0.0
210
0.0
220
0.0
230
0.9999999999999999
 40
0.8660274912304655
 41
0.2314127545823854
 42
1.567728150524498
  0
ELLIPSE
  5
17C
330
1F
100
AcDbEntity
  8
Geometries
  6
Continuous
370
    40
100
AcDbEllipse
 10
350.3972179323126
 20
213.75
 30
0.0
 11
2.651444487772508E-16
 21
5.000000000000001
 31
0.0
210
0.0
220
0.0
230
1.0
 40
0.8660274912304662
 41
3.141592653589785
 42
3.757546182330891
  0
ELLIPSE
  5
17D
330
1F
100
AcDbEntity
  8
Geometries
  6
Continuous
370
    40
100
AcDbEllipse
 10
359.0574928446172
 20
242.75
 30
0.0
 11
-2.651444487772508E-16
 21
5.000000000000001
 31
0.0
210
0.0
220
0.0
230
1.0
 40
0.8660274912304662
 41
0.9383195432807346
 42
1.570796326794895
  0
ELLIPSE
  5
17E
330
1F
100
AcDbEntity
  8
Geometries
  6
Continuous
370
    40
100
AcDbEllipse
 10
370.4525443154886
 20
246.75
 30
0.0
 11
-1.552411134053709E-19
 21
1.000000000000001
 31
0.0
210
0.0
220
0.0
230
0.9999999999999999
 40
0.0025352797804797
 41
6.283185307179586
 42
7.853981633974483
  0
ELLIPSE
  5
17F
330
1F
100
AcDbEntity
  8
Geometries
  6
Continuous
370
    40
100
AcDbEllipse
 10
326.246901716756
 20
241.2499999999988
 30
0.0
 11
-2.386300038995260E-16
 21
4.500000000000005
 31
0.0
210
0.0
220
0.0
230
0.9999999999999999
 40
0.8660274912304662
 41
6.168972080267606
 42
6.508430342369174
  0
ELLIPSE
  5
180
330
1F
100
AcDbEntity
  8
Geometries
  6
Continuous
370
    40
100
AcDbEllipse
 10
269.7411773269874
 20
213.2499999999998
 30
0.0
 11
-2.386300038995260E-16
 21
4.500000000000007
 31
0.0
210
0.0
220
0.0
230
1.0
 40
0.8660274912304657
 41
1.567728150524622
 42
3.032148606106627
  0
ELLIPSE
  5
181
330
1F
100
AcDbEntity
  8
Geometries
  6
Continuous
370
    40
100
AcDbEllipse
 10
355.2588226730164
 20
241.2499999999988
 30
0.0
 11
-2.386300038995260E-16
 21
4.500000000000005
 31
0.0
210
0.0
220
0.0
230
0.9999999999999999
 40
0.8660274912304662
 41
6.1998340617031
 42
7.850913457704129
  0
ELLIPSE
  5
182
330
1F
100
AcDbEntity
  8
Geometries
  6
Continuous
370
    40
100
AcDbEllipse
 10
302.9799147424447
 20
242.75
 30
0.0
 11
-2.651444487772508E-16
 21
5.000000000000001
 31
0.0
210
0.0
220
0.0
230
1.0
 40
0.8660274912304662
 41
1.006631134252961
 42
1.570796326794897
  0
ELLIPSE
  5
183
330
1F
100
AcDbEntity
  8
Geometries
  6
Continuous
370
    40
100
AcDbEllipse
 10
326.2469017167919
 20
213.2499999999998
 30
0.0
 11
-2.386300038995261E-16
 21
4.500000000000007
 31
0.0
210
0.0
220
0.0
230
1.0
 40
0.8660274912304663
 41
3.695324754413883
 42
4.718330892309093
  0
ELLIPSE
  5
184
330
1F
100
AcDbEntity
  8
Geometries
  6
Continuous
370
    40
100
AcDbEllipse
 10
268.8903869046139
 20
213.2499999999998
 30
0.0
 11
2.383263573452474E-16
 21
-4.500000000000007
 31
0.0
210
0.0
220
0.0
230
1.0
 40
0.8649255079956447
 41
4.709320804114414
 42
6.392629354663098
  0
ELLIPSE
  5
185
330
1F
100
AcDbEntity
  8
Geometries
  6
Continuous
370
    40
100
AcDbEllipse
 10
330.8949831922662
 20
213.75
 30
0.0
 11
-3.185751329478543E-16
 21
6.000000000000002
 31
0.0
210
0.0
220
0.0
230
1.0
 40
0.8671211246912405
 41
1.570796326794897
 42
3.141592653589793
  0
ELLIPSE
  5
186
330
1F
100
AcDbEntity
  8
Geometries
  6
Continuous
370
    40
100
AcDbEllipse
 10
268.8903869045781
 20
241.2499999999988
 30
0.0
 11
2.383263573452474E-16
 21
-4.500000000000004
 31
0.0
210
0.0
220
0.0
230
1.0
 40
0.864925507995645
 41
1.576738238719629
 42
3.03214860607941
  0
ELLIPSE
  5
187
330
1F
100
AcDbEntity
  8
Geometries
  6
Continuous
370
    40
100
AcDbEllipse
 10
283.8797894181951
 20
241.25
 30
0.0
 11
2.383263573452475E-16
 21
-4.500000000000007
 31
0.0
210
0.0
220
0.0
230
1.0
 40
0.8649255079956448
 41
3.141594238157707
 42
4.709320804114593
  0
ELLIPSE
  5
188
330
1F
100
AcDbEntity
  8
Geometries
  6
Continuous
370
    40
100
AcDbEllipse
 10
322.2237719453539
 20
242.75
 30
0.0
 11
2.123834219652362E-16
 21
-4.0
 31
0.0
210
0.0
220
0.0
230
1.0
 40
0.8671211246912407
 41
1.570796326794897
 42
3.141592653589796
  0
ELLIPSE
  5
189
330
1F
100
AcDbEntity
  8
Geometries
  6
Continuous
370
    40
100
AcDbEllipse
 10
370.5230132908367
 20
242.7750628144669
 30
0.0
 11
6.722137396041607E-19
 21
-4.999999999999999
 31
0.0
210
0.0
220
0.0
230
1.0
 40
0.0021956166955964
 41
1.570796326794897
 42
3.041425232428215
  0
ELLIPSE
  5
18A
330
1F
100
AcDbEntity
  8
Geometries
  6
Continuous
370
    40
100
AcDbEllipse
 10
297.865391422472
 20
241.2499999999988
 30
0.0
 11
2.383263573452474E-16
 21
-4.500000000000004
 31
0.0
210
0.0
220
0.0
230
1.0
 40
0.864925507995645
 41
1.576738238719746
 42
2.75834783323916
  0
ELLIPSE
  5
18B
330
1F
100
AcDbEntity
  8
Geometries
  6
Continuous
370
    40
100
AcDbEllipse
 10
297.865391422472
 20
241.2499999999988
 30
0.0
 11
2.383263573452474E-16
 21
-4.500000000000004
 31
0.0
210
0.0
220
0.0
230
1.0
 40
0.864925507995645
 41
2.859661834713905
 42
3.02737942668973
  0
ELLIPSE
  5
18C
330
1F
100
AcDbEntity
  8
Geometries
  6
Continuous
370
    40
100
AcDbEllipse
 10
370.5241110991846
 20
242.75
 30
0.0
 11
6.722137396041607E-19
 21
-4.999999999999999
 31
0.0
210
0.0
220
0.0
230
1.0
 40
0.0021956166955964
 41
3.141592653589131
 42
4.71238898038469
  0
ELLIPSE
  5
18D
330
1F
100
AcDbEntity
  8
Geometries
  6
Continuous
370
    40
100
AcDbEllipse
 10
297.865391422468
 20
213.2499999999998
 30
0.0
 11
2.383263573452473E-16
 21
-4.500000000000004
 31
0.0
210
0.0
220
0.0
230
1.0
 40
0.8649255079956447
 41
4.70932080411441
 42
6.397398534087911
  0
ELLIPSE
  5
18E
330
1F
100
AcDbEntity
  8
Geometries
  6
Continuous
370
    40
100
AcDbEllipse
 10
268.8903869045781
 20
241.2499999999988
 30
0.0
 11
2.383263573452474E-16
 21
-4.500000000000004
 31
0.0
210
0.0
220
0.0
230
1.0
 40
0.864925507995645
 41
3.032148606079411
 42
4.709320804114292
  0
ELLIPSE
  5
18F
330
1F
100
AcDbEntity
  8
Geometries
  6
Continuous
370
    40
100
AcDbEllipse
 10
283.377889163541
 20
213.2499999999998
 30
0.0
 11
-2.912877700886353E-16
 21
5.5
 31
0.0
210
0.0
220
0.0
230
1.0
 40
0.8649255079956446
 41
1.568286000299878
 42
4.717763640508999
  0
ELLIPSE
  5
190
330
1F
100
AcDbEntity
  8
Geometries
  6
Continuous
370
    40
100
AcDbEllipse
 10
297.865391422468
 20
213.2499999999998
 30
0.0
 11
2.383263573452473E-16
 21
-4.500000000000004
 31
0.0
210
0.0
220
0.0
230
1.0
 40
0.8649255079956447
 41
0.1142132269083247
 42
1.576738238719302
  0
ELLIPSE
  5
191
330
1F
100
AcDbEntity
  8
Geometries
  6
Continuous
370
    40
100
AcDbEllipse
 10
293.9675242403872
 20
213.75
 30
0.0
 11
-2.654792774565452E-16
 21
5.000000000000001
 31
0.0
210
0.0
220
0.0
230
1.0
 40
0.8671211246912404
 41
3.745995239270468
 42
4.71238898038469
  0
ELLIPSE
  5
192
330
1F
100
AcDbEntity
  8
Geometries
  6
Continuous
370
    40
100
AcDbEllipse
 10
283.3778891635444
 20
241.25
 30
0.0
 11
-2.912877700886358E-16
 21
5.500000000000008
 31
0.0
210
0.0
220
0.0
230
1.0
 40
0.8649255079956447
 41
4.71776364064191
 42
6.283185307179586
  0
ELLIPSE
  5
193
330
1F
100
AcDbEntity
  8
Geometries
  6
Continuous
370
    40
100
AcDbEllipse
 10
283.8797894181917
 20
213.2499999999998
 30
0.0
 11
2.383263573452470E-16
 21
-4.5
 31
0.0
210
0.0
220
0.0
230
1.0
 40
0.8649255079956445
 41
4.709320804114414
 42
6.283186970855414
  0
ELLIPSE
  5
194
330
1F
100
AcDbEntity
  8
Geometries
  6
Continuous
370
    40
100
AcDbEllipse
 10
302.6387354872996
 20
242.75
 30
0.0
 11
2.654792774565452E-16
 21
-5.000000000000001
 31
0.0
210
0.0
220
0.0
230
1.0
 40
0.8671211246912404
 41
4.120441380709661
 42
4.71238898038469
  0
ELLIPSE
  5
195
330
1F
100
AcDbEntity
  8
Geometries
  6
Continuous
370
    40
100
AcDbEllipse
 10
268.8903869046139
 20
213.2499999999998
 30
0.0
 11
2.383263573452474E-16
 21
-4.500000000000007
 31
0.0
210
0.0
220
0.0
230
1.0
 40
0.8649255079956447
 41
0.6849513775815383
 42
1.576738238719301
  0
ELLIPSE
  5
196
330
1F
100
AcDbEntity
  8
Geometries
  6
Continuous
370
    40
100
AcDbEllipse
 10
359.4454435344428
 20
242.75
 30
0.0
 11
-2.654792774565453E-16
 21
5.000000000000001
 31
0.0
210
0.0
220
0.0
230
1.0
 40
0.8671211246912405
 41
6.283185307179586
 42
7.853981633974483
  0
ELLIPSE
  5
197
330
1F
100
AcDbEntity
  8
Geometries
  6
Continuous
370
    40
100
AcDbEllipse
 10
312.3554289611756
 20
246.75
 30
0.0
 11
1.981038538403433E-15
 21
-1.000000000000001
 31
0.0
210
0.0
220
0.0
230
1.0
 40
0.4980973349800188
 41
1.570796326794896
 42
3.141592653589796
  0
ELLIPSE
  5
198
330
1F
100
AcDbEntity
  8
Geometries
  6
Continuous
370
    40
100
AcDbEllipse
 10
327.1346085774962
 20
241.2499999999988
 30
0.0
 11
2.383263573452474E-16
 21
-4.500000000000007
 31
0.0
210
0.0
220
0.0
230
1.0
 40
0.8649255079956444
 41
3.255805880494479
 42
3.563388570236872
  0
LINE
  5
199
330
1F
100
AcDbEntity
  8
Geometries
  6
Continuous
370
    40
100
AcDbLine
 10
312.8535262961556
 20
246.75
 30
0.0
 11
312.8535262961556
 21
205.75
 31
0.0
  0
LINE
  5
19A
330
1F
100
AcDbEntity
  8
Geometries
  6
Continuous
370
    40
100
AcDbLine
 10
352.2174666292381
 20
241.2638067715533
 30
0.0
 11
351.3617173056487
 21
241.2638067715533
 31
0.0
  0
LINE
  5
19B
330
1F
100
AcDbEntity
  8
Geometries
  6
Continuous
370
    40
100
AcDbLine
 10
298.3031298638434
 20
213.75
 30
0.0
 11
298.6497772862924
 21
213.75
 31
0.0
  0
LINE
  5
19C
330
1F
100
AcDbEntity
  8
Geometries
  6
Continuous
370
    40
100
AcDbLine
 10
325.6922564441188
 20
213.75
 30
0.0
 11
325.6922564441188
 21
242.75
 31
0.0
  0
LINE
  5
19D
330
1F
100
AcDbEntity
  8
Geometries
  6
Continuous
370
    40
100
AcDbLine
 10
337.8319521897961
 20
207.75
 30
0.0
 11
330.8949831922662
 21
207.75
 31
0.0
  0
LINE
  5
19E
330
1F
100
AcDbEntity
  8
Geometries
  6
Continuous
370
    40
100
AcDbLine
 10
359.0574928446172
 20
247.75
 30
0.0
 11
359.4454435344428
 21
247.75
 31
0.0
  0
LINE
  5
19F
330
1F
100
AcDbEntity
  8
Geometries
  6
Continuous
370
    40
100
AcDbLine
 10
337.8319521897961
 20
246.75
 30
0.0
 11
337.8319521897961
 21
207.75
 31
0.0
  0
LINE
  5
1A0
330
1F
100
AcDbEntity
  8
Geometries
  6
Continuous
370
    40
100
AcDbLine
 10
344.3353606249805
 20
246.75
 30
0.0
 11
337.8319521897961
 21
246.75
 31
0.0
  0
LINE
  5
1A1
330
1F
100
AcDbEntity
  8
Geometries
  6
Continuous
370
    40
100
AcDbLine
 10
344.3353606249805
 20
207.75
 30
0.0
 11
344.3353606249805
 21
246.75
 31
0.0
  0
LINE
  5
1A2
330
1F
100
AcDbEntity
  8
Geometries
  6
Continuous
370
    40
100
AcDbLine
 10
351.3617173056487
 20
241.2638067715533
 30
0.0
 11
351.3617173056487
 21
213.2638067715538
 31
0.0
  0
LWPOLYLINE
  5
1A3
330
1F
100
AcDbEntity
  8
Geometries
  6
Continuous
370
    40
100
AcDbPolyline
 90
      151
 70
   128
 43
0.0
 10
298.1702509885346
 20
213.75
 10
298.170229440413
 20
213.7340279822622
 10
298.1700557572666
 20
213.7019243297257
 10
298.169707964611
 20
213.6698227230885
 10
298.1691860796622
 20
213.6377245570073
 10
298.1684901275442
 20
213.6056311825715
 10
298.1676201414036
 20
213.5735439506063
 10
298.1665761624068
 20
213.5414642115984
 10
298.1653582397366
 20
213.5093933156193
 10
298.1639664305875
 20
213.4773326122493
 10
298.1624008001608
 20
213.4452834505028
 10
298.1606614216583
 20
213.4132471787501
 10
298.1587483762758
 20
213.3812251446458
 10
298.156661753195
 20
213.349218695052
 10
298.1544016495757
 20
213.3172291759584
 10
298.1519681705466
 20
213.2852579324156
 10
298.1493614291947
 20
213.2533063084514
 10
298.146581546555
 20
213.2213756470008
 10
298.1436286515993
 20
213.1894672898304
 10
298.140502881223
 20
213.157582577462
 10
298.1372043802326
 20
213.1257228490981
 10
298.1337333013315
 20
213.0938894425492
 10
298.1300898051054
 20
213.0620836941586
 10
298.1262740600067
 20
213.0303069387261
 10
298.1222862423381
 20
212.9985605094369
 10
298.1181265362356
 20
212.9668457377861
 10
298.113795133651
 20
212.9351639535071
 10
298.1092922343319
 20
212.9035164844942
 10
298.1046180458038
 20
212.871904656733
 10
298.0997727833486
 20
212.8403297942259
 10
298.0947566699848
 20
212.8087932189221
 10
298.0895699364439
 20
212.7772962506389
 10
298.0842128211491
 20
212.7458402069958
 10
298.0786855701917
 20
212.7144264033405
 10
298.0729884373062
 20
212.6830561526749
 10
298.0671216838456
 20
212.6517307655874
 10
298.0610855787557
 20
212.6204515501788
 10
298.0548803985488
 20
212.5892198119955
 10
298.0485064272752
 20
212.5580368539532
 10
298.0419639564963
 20
212.5269039762728
 10
298.035253285255
 20
212.4958224764079
 10
298.0283747200455
 20
212.4647936489746
 10
298.0213285747834
 20
212.4338187856836
 10
298.0141151707747
 20
212.402899175273
 10
298.0067348366829
 20
212.3720361034385
 10
297.9991879084965
 20
212.3412308527666
 10
297.9914747294949
 20
212.3104847026642
 10
297.9835956502152
 20
212.279798929298
 10
297.9755510284153
 20
212.2491748055208
 10
297.9673412290393
 20
212.2186136008122
 10
297.9589666241804
 20
212.1881165812087
 10
297.950427593043
 20
212.1576850092401
 10
297.9417245219049
 20
212.1273201438657
 10
297.9328578040783
 20
212.0970232404099
 10
297.9238278398697
 20
212.0667955504987
 10
297.9146350365393
 20
212.0366383219955
 10
297.9052798082612
 20
212.0065527989437
 10
297.8957625760795
 20
211.9765402214996
 10
297.8860837678663
 20
211.9466018258727
 10
297.8762438182787
 20
211.9167388442675
 10
297.8662431687144
 20
211.8869525048214
 10
297.8560822672669
 20
211.8572440315481
 10
297.8457615686792
 20
211.8276146442747
 10
297.8352815342989
 20
211.7980655585885
 10
297.8246426320297
 20
211.7685979857764
 10
297.8138453362857
 20
211.7392131327729
 10
297.8028901279408
 20
211.7099122020986
 10
297.7917774942813
 20
211.6806963918099
 10
297.7805079289556
 20
211.6515668954417
 10
297.7690819319244
 20
211.6225249019575
 10
297.7575000094091
 20
211.5935715956931
 10
297.745762673841
 20
211.5647081563081
 10
297.7338704438081
 20
211.5359357587313
 10
297.721823844003
 20
211.5072555731139
 10
297.7096234051701
 20
211.4786687647795
 10
297.6972696640501
 20
211.4501764941742
 10
297.6847631633265
 20
211.4217799168202
 10
297.6721044515708
 20
211.3934801832704
 10
297.6592940831855
 20
211.3652784390601
 10
297.6463326183497
 20
211.3371758246652
 10
297.6332206229612
 20
211.3091734754566
 10
297.6199586685797
 20
211.2812725216581
 10
297.6065473323692
 20
211.2534740883047
 10
297.5929871970405
 20
211.2257792952031
 10
297.5792788507915
 20
211.1981892568895
 10
297.5654228872488
 20
211.1707050825932
 10
297.5514199054094
 20
211.1433278761988
 10
297.5372705095795
 20
211.1160587362094
 10
297.5229753093156
 20
211.0888987557119
 10
297.5085349193632
 20
211.0618490223418
 10
297.4939499595964
 20
211.0349106182506
 10
297.4792210549583
 20
211.0080846200762
 10
297.4643488353975
 20
210.9813720989081
 10
297.4493339358087
 20
210.9547741202624
 10
297.4341769959697
 20
210.9282917440496
 10
297.418878660481
 20
210.9019260245516
 10
297.4034395787024
 20
210.8756780103924
 10
297.3878604046924
 20
210.8495487445164
 10
297.3721417971451
 20
210.8235392641632
 10
297.3562844193282
 20
210.7976506008465
 10
297.3402889390224
 20
210.7718837803351
 10
297.3241560284567
 20
210.7462398226306
 10
297.307886364249
 20
210.7207197419525
 10
297.2914806273424
 20
210.6953245467195
 10
297.2749395029438
 20
210.6700552395348
 10
297.2582636804635
 20
210.6449128171737
 10
297.2414538534528
 20
210.6198982705697
 10
297.2245107195428
 20
210.5950125848035
 10
297.2074349803846
 20
210.5702567390943
 10
297.1902273415881
 20
210.5456317067905
 10
297.1728885126624
 20
210.5211384553634
 10
297.1554192069566
 20
210.4967779464025
 10
297.1378201416001
 20
210.4725511356098
 10
297.1200920374451
 20
210.4484589727997
 10
297.1022356190084
 20
210.4245024018957
 10
297.0842516144131
 20
210.4006823609308
 10
297.0661407553349
 20
210.3769997820522
 10
297.0479037769431
 20
210.3534555915198
 10
297.0295414178488
 20
210.3300507097152
 10
297.0110544200498
 20
210.306786051146
 10
296.9924435288766
 20
210.283662524452
 10
296.9737094929417
 20
210.2606810324156
 10
296.9548530640881
 20
210.237842471972
 10
296.9358749973413
 20
210.2151477342217
 10
296.9167760508578
 20
210.192597704441
 10
296.8975569858801
 20
210.1701932620991
 10
296.8782185666896
 20
210.1479352808716
 10
296.8587615605621
 20
210.1258246286592
 10
296.8391867377263
 20
210.1038621676061
 10
296.8194948713196
 20
210.082048754118
 10
296.7996867373506
 20
210.0603852388852
 10
296.7797631146594
 20
210.0388724669031
 10
296.7597247848812
 20
210.0175112774959
 10
296.7395725324126
 20
209.9963025043416
 10
296.7193071443773
 20
209.975246975497
 10
296.698929410596
 20
209.954345513424
 10
296.6784401235579
 20
209.9335989350181
 10
296.657840078394
 20
209.9130080516373
 10
296.6371300728517
 20
209.8925736691305
 10
296.6163109072729
 20
209.8722965878683
 10
296.5953833845747
 20
209.852177602775
 10
296.574348310231
 20
209.8322175033599
 10
296.5532064922579
 20
209.8124170737504
 10
296.5319587412007
 20
209.7927770927249
 10
296.5106058701245
 20
209.7732983337474
 10
296.4891486946062
 20
209.7539815650011
 10
296.4675880327306
 20
209.7348275494234
 10
296.4459247050888
 20
209.7158370447418
 10
296.424159534778
 20
209.6970108035078
 10
296.4022933474071
 20
209.6783495731333
 10
296.3921522625841
 20
209.6697797894641
  0
LINE
  5
1A4
330
1F
100
AcDbEntity
  8
Geometries
  6
Continuous
370
    40
100
AcDbLine
 10
312.8535262961556
 20
246.75
 30
0.0
 11
311.8535287065248
 21
246.75
 31
0.0
  0
LINE
  5
1A5
330
1F
100
AcDbEntity
  8
Geometries
  6
Continuous
370
    40
100
AcDbLine
 10
370.4500090357081
 20
246.75
 30
0.0
 11
359.9435408694228
 21
246.75
 31
0.0
  0
LWPOLYLINE
  5
1A6
330
1F
100
AcDbEntity
  8
Geometries
  6
Continuous
370
    40
100
AcDbPolyline
 90
        3
 70
   128
 43
0.0
 10
283.9239309995581
 20
245.7496871846982
 10
283.9452823903484
 20
245.7493113491343
 10
283.9653297661254
 20
245.7488251718548
  0
LINE
  5
1A7
330
1F
100
AcDbEntity
  8
Geometries
  6
Continuous
370
    40
100
AcDbLine
 10
370.4500090357081
 20
246.75
 30
0.0
 11
370.4500090357081
 21
205.75
 31
0.0
  0
LWPOLYLINE
  5
1A8
330
1F
100
AcDbEntity
  8
Geometries
  6
Continuous
370
    40
100
AcDbPolyline
 90
       39
 70
   128
 43
0.0
 10
287.6368237978531
 20
241.2771442450328
 10
287.6373453792395
 20
241.2771861152623
 10
287.6387176706394
 20
241.2772321080219
 10
287.6409334690655
 20
241.2772800895225
 10
287.6439894378917
 20
241.2773299875196
 10
287.647882240492
 20
241.2773817297683
 10
287.6523606950876
 20
241.277432625706
 10
287.6575928997981
 20
241.277485132155
 10
287.6635724356279
 20
241.2775391791662
 10
287.6702928835811
 20
241.2775946967901
 10
287.6777526589145
 20
241.2776516567686
 10
287.6859479234185
 20
241.2777100267355
 10
287.694868877809
 20
241.2777697305787
 10
287.704505722802
 20
241.2778306921859
 10
287.715407195992
 20
241.2778961118984
 10
287.7270914278371
 20
241.2779628502423
 10
287.7395431432452
 20
241.2780308131333
 10
287.7527470671241
 20
241.2780999064872
 10
287.7659991045993
 20
241.2781666368695
 10
287.7799214319768
 20
241.2782343235027
 10
287.7944977335422
 20
241.2783028820824
 10
287.8097116935806
 20
241.2783722283039
 10
287.8255583373889
 20
241.2784423305747
 10
287.8420307619055
 20
241.2785131560242
 10
287.8591097587502
 20
241.27858461843
 10
287.8767761195428
 20
241.27865663157
 10
287.8959778026859
 20
241.2787329071808
 10
287.9158132502081
 20
241.2788097200796
 10
287.936256970555
 20
241.2788869692699
 10
287.957283472172
 20
241.2789645537552
 10
287.9739156962233
 20
241.2790246788486
 10
287.9908837550477
 20
241.2790849589414
 10
288.0081748366082
 20
241.2791453476979
 10
288.0258637349118
 20
241.2792060980263
 10
288.0438652838814
 20
241.2792669107798
 10
288.062165766711
 20
241.2793277393761
 10
288.0859627114973
 20
241.2794053464746
 10
288.1102210880801
 20
241.2794828936468
 10
288.1349107487167
 20
241.2795604890954
  0
LINE
  5
1A9
330
1F
100
AcDbEntity
  8
Geometries
  6
Continuous
370
    40
100
AcDbLine
 10
336.4667337301249
 20
208.75
 30
0.0
 11
336.4667337301249
 21
247.75
 31
0.0
  0
LWPOLYLINE
  5
1AA
330
1F
100
AcDbEntity
  8
Geometries
  6
Continuous
370
    40
100
AcDbPolyline
 90
        3
 70
   128
 43
0.0
 10
283.9039871161263
 20
208.7500940004939
 10
283.8974180645029
 20
208.7500498905061
 10
283.8797954214309
 20
208.7500000000055
  0
LINE
  5
1AB
330
1F
100
AcDbEntity
  8
Geometries
  6
Continuous
370
    40
100
AcDbLine
 10
283.3778891635444
 20
246.75
 30
0.0
 11
254.4028846456869
 21
246.75
 31
0.0
  0
LWPOLYLINE
  5
1AC
330
1F
100
AcDbEntity
  8
Geometries
  6
Continuous
370
    40
100
AcDbPolyline
 90
        4
 70
   128
 43
0.0
 10
283.9520454452523
 20
208.7508382331159
 10
283.9485273660865
 20
208.7507585881898
 10
283.9229741351887
 20
208.7502993999649
 10
283.9039871161263
 20
208.7500940004939
  0
LINE
  5
1AD
330
1F
100
AcDbEntity
  8
Geometries
  6
Continuous
370
    40
100
AcDbLine
 10
352.2174666292381
 20
213.2638067715538
 30
0.0
 11
351.3617173056487
 21
213.2638067715538
 31
0.0
  0
LWPOLYLINE
  5
1AE
330
1F
100
AcDbEntity
  8
Geometries
  6
Continuous
370
    40
100
AcDbPolyline
 90
      228
 70
   128
 43
0.0
 10
287.6368110038254
 20
213.2771366848791
 10
287.6368724550976
 20
213.2588193069814
 10
287.63683615624
 20
213.2283938989191
 10
287.6366271192788
 20
213.1979695715995
 10
287.6362453563429
 20
213.1675477555777
 10
287.6356908885571
 20
213.1371298758603
 10
287.6349637460314
 20
213.1067173572073
 10
287.6340639678584
 20
213.0763116240418
 10
287.6329916021091
 20
213.0459141003597
 10
287.6317467058284
 20
213.0155262096376
 10
287.6303293450285
 20
212.9851493747386
 10
287.6287395946825
 20
212.9547850178264
 10
287.6269775387162
 20
212.9244345602682
 10
287.625043269999
 20
212.8940994225478
 10
287.622936890334
 20
212.8637810241737
 10
287.6206585104465
 20
212.8334807835854
 10
287.6182082499724
 20
212.8032001180654
 10
287.6155862374446
 20
212.7729404436488
 10
287.6127926102787
 20
212.7427031750289
 10
287.6098275147583
 20
212.7124897254723
 10
287.6066911060182
 20
212.6823015067237
 10
287.6033835480271
 20
212.6521399289193
 10
287.5999050135698
 20
212.6220064004966
 10
287.5962556842266
 20
212.5919023281012
 10
287.5924357503544
 20
212.5618291165026
 10
287.588445411064
 20
212.5317881685013
 10
287.584284874198
 20
212.5017808848422
 10
287.5799543563072
 20
212.4718086641234
 10
287.5754540826263
 20
212.4418729027117
 10
287.570784287048
 20
212.4119749946528
 10
287.5659452120956
 20
212.3821163315789
 10
287.5609371088971
 20
212.3522983026309
 10
287.5557602371541
 20
212.3225222943626
 10
287.5504148651139
 20
212.2927896906591
 10
287.5449012695381
 20
212.2631018726492
 10
287.5392197356698
 20
212.2334602186179
 10
287.5333705572017
 20
212.2038661039221
 10
287.5273540362425
 20
212.1743209009082
 10
287.5211704832802
 20
212.1448259788216
 10
287.5148202171475
 20
212.1153827037282
 10
287.5083035649845
 20
212.0859924384269
 10
287.5016208621999
 20
212.0566565423683
 10
287.4947724524321
 20
212.0273763715689
 10
287.48775868751
 20
211.9981532785362
 10
287.4805799274102
 20
211.9689886121778
 10
287.4732365402156
 20
211.9398837177258
 10
287.465728902072
 20
211.9108399366555
 10
287.4580573971441
 20
211.8818586066048
 10
287.4502224175691
 20
211.8529410612942
 10
287.4422243634115
 20
211.8240886304488
 10
287.4340636426151
 20
211.7953026397212
 10
287.4257406709551
 20
211.7665844106132
 10
287.4172558719875
 20
211.7379352603973
 10
287.4086096770006
 20
211.709356502044
 10
287.3998025249616
 20
211.680849444144
 10
287.3908348624656
 20
211.6524153908348
 10
287.3817071436812
 20
211.6240556417262
 10
287.3724198302975
 20
211.5957714918293
 10
287.3629733914671
 20
211.5675642314816
 10
287.3533683037506
 20
211.5394351462774
 10
287.3436050510593
 20
211.5113855169957
 10
287.3336841245966
 20
211.483416619533
 10
287.3236060228
 20
211.4555297248353
 10
287.3133712512786
 20
211.4277260988241
 10
287.3029803227543
 20
211.4000070023376
 10
287.2924337569989
 20
211.3723736910608
 10
287.281732080771
 20
211.3448274154596
 10
287.2708758277524
 20
211.3173694207206
 10
287.2598655384836
 20
211.2900009466851
 10
287.2487017602984
 20
211.2627232277905
 10
287.2373850472566
 20
211.2355374930055
 10
287.2259159600783
 20
211.2084449657764
 10
287.214295066074
 20
211.1814468639632
 10
287.2025229390773
 20
211.154544399786
 10
287.1906001593742
 20
211.1277387797686
 10
287.1785273136333
 20
211.1010312046828
 10
287.1663049948345
 20
211.0744228694959
 10
287.1539338021968
 20
211.0479149633187
 10
287.1414143411055
 20
211.0215086693531
 10
287.1287472230402
 20
210.9952051648461
 10
287.1159330654987
 20
210.9690056210376
 10
287.1029724919243
 20
210.9429112031167
 10
287.0898661316299
 20
210.9169230701759
 10
287.0766146197213
 20
210.8910423751653
 10
287.0632185970226
 20
210.8652702648539
 10
287.0496787099978
 20
210.8396078797849
 10
287.0359956106745
 20
210.8140563542403
 10
287.0221699565644
 20
210.7886168161979
 10
287.0082024105876
 20
210.763290387302
 10
286.9940936409913
 20
210.7380781828227
 10
286.9798443212733
 20
210.7129813116277
 10
286.9654551300999
 20
210.6880008761466
 10
286.9509267512286
 20
210.6631379723451
 10
286.9362598734276
 20
210.6383936896961
 10
286.9214551903949
 20
210.613769111152
 10
286.9065134006792
 20
210.5892653131225
 10
286.8914352075998
 20
210.564883365452
 10
286.8762213191653
 20
210.5406243313972
 10
286.8608724479942
 20
210.51648926761
 10
286.8453893112337
 20
210.4924792241189
 10
286.8297726304809
 20
210.4685952443155
 10
286.8140231317024
 20
210.4448383649409
 10
286.7981415451536
 20
210.4212096160731
 10
286.7821286053003
 20
210.3977100211187
 10
286.7659850507398
 20
210.3743405968061
 10
286.7497116241221
 20
210.3511023531793
 10
286.7333090720709
 20
210.327996293594
 10
286.7167781451081
 20
210.3050234147182
 10
286.7001195975739
 20
210.2821847065295
 10
286.6833341875533
 20
210.259481152321
 10
286.6664226767996
 20
210.2369137287046
 10
286.6493858306593
 20
210.2144834056169
 10
286.6322244179994
 20
210.1921911463293
 10
286.6149392111346
 20
210.1700379074588
 10
286.5975309857558
 20
210.1480246389801
 10
286.5800005208588
 20
210.1261522842401
 10
286.5623485986774
 20
210.1044217799768
 10
286.5445760046135
 20
210.0828340563356
 10
286.5266835271728
 20
210.0613900368933
 10
286.5086719578996
 20
210.040090638679
 10
286.490542091314
 20
210.0189367722003
 10
286.4722947248509
 20
209.9979293414703
 10
286.4539306588001
 20
209.9770692440352
 10
286.4354506962504
 20
209.9563573710077
 10
286.4168556430334
 20
209.9357946070978
 10
286.3981463076714
 20
209.9153818306491
 10
286.3793235013259
 20
209.8951199136742
 10
286.3603880377506
 20
209.8750097218945
 10
286.3413407332451
 20
209.8550521147792
 10
286.3221824066122
 20
209.835247945588
 10
286.3029138791163
 20
209.8155980614135
 10
286.2835359744497
 20
209.796103303229
 10
286.264049518694
 20
209.7767645059319
 10
286.2444553402919
 20
209.7575824983943
 10
286.2247542700188
 20
209.738558103512
 10
286.2049471409567
 20
209.7196921382547
 10
286.1850347884761
 20
209.7009854137196
 10
286.1650180502152
 20
209.6824387351827
 10
286.1448977660692
 20
209.6640529021552
 10
286.1246747781791
 20
209.6458287084376
 10
286.1043499309251
 20
209.6277669421755
 10
286.0839240709265
 20
209.6098683859176
 10
286.0633980470431
 20
209.5921338166718
 10
286.0427727103823
 20
209.5745640059642
 10
286.0220489143099
 20
209.5571597198964
 10
286.001227514466
 20
209.5399217192039
 10
285.9803093687852
 20
209.5228507593148
 10
285.9592953375223
 20
209.5059475904081
 10
285.9381862832811
 20
209.4892129574713
 10
285.9169830710491
 20
209.4726476003573
 10
285.8956865682387
 20
209.4562522538423
 10
285.8742976447305
 20
209.4400276476809
 10
285.8528171729237
 20
209.4239745066608
 10
285.8312460277905
 20
209.4080935506564
 10
285.8095850869379
 20
209.3923854946818
 10
285.7878352306727
 20
209.3768510489402
 10
285.7659973420709
 20
209.3614909188724
 10
285.7440723070565
 20
209.3463058052037
 10
285.7220610144809
 20
209.3312964039872
 10
285.6999643562109
 20
209.3164634066459
 10
285.6777832272204
 20
209.3018075000099
 10
285.6555185256889
 20
209.2873293663531
 10
285.6331711531029
 20
209.273029683424
 10
285.6107420143644
 20
209.258909124474
 10
285.5882320179043
 20
209.2449683582817
 10
285.5656420757997
 20
209.2312080491733
 10
285.5429731038976
 20
209.2176288570374
 10
285.5202260219421
 20
209.2042314373361
 10
285.4974017537068
 20
209.1910164411102
 10
285.4745012271317
 20
209.1779845149802
 10
285.4515253744638
 20
209.1651363011399
 10
285.4284751324028
 20
209.152472437346
 10
285.4053514422492
 20
209.1399935569
 10
285.3821552500569
 20
209.1277002886244
 10
285.3588875067884
 20
209.1155932568318
 10
285.3355491684748
 20
209.1036730812877
 10
285.3121411963742
 20
209.0919403771646
 10
285.2886645571376
 20
209.0803957549903
 10
285.2651202229728
 20
209.0690398205872
 10
285.241509171811
 20
209.0578731750037
 10
285.2178323874742
 20
209.0468964144383
 10
285.1940908598446
 20
209.0361101301545
 10
285.1702855850309
 20
209.0255149083872
 10
285.1464175655375
 20
209.0151113302407
 10
285.1224878104301
 20
209.004899971577
 10
285.0984973355013
 20
208.9948814028965
 10
285.074447163434
 20
208.9850561892083
 10
285.0503383239606
 20
208.9754248898918
 10
285.026171854021
 20
208.9659880585492
 10
285.001948797914
 20
208.9567462428481
 10
284.9776702074471
 20
208.9476999843564
 10
284.9533371420779
 20
208.9388498183656
 10
284.9289506690517
 20
208.9301962737073
 10
284.9045118635314
 20
208.9217398725595
 10
284.8800218087196
 20
208.9134811302442
 10
284.8554815959737
 20
208.9054205550165
 10
284.8308923249114
 20
208.8975586478452
 10
284.806255103506
 20
208.889895902185
 10
284.781571048173
 20
208.8824328037414
 10
284.7568412838451
 20
208.8751698302275
 10
284.7320669440337
 20
208.868107451114
 10
284.7072491708818
 20
208.8612461273727
 10
284.6823891152001
 20
208.8545863112129
 10
284.6574879364918
 20
208.8481284458132
 10
284.6325468029631
 20
208.8418729650478
 10
284.6075668915169
 20
208.8358202932076
 10
284.5825493877339
 20
208.8299708447184
 10
284.5574954858357
 20
208.8243250238552
 10
284.5324063886326
 20
208.8188832244543
 10
284.5072833074555
 20
208.8136458296233
 10
284.482127462068
 20
208.8086132114506
 10
284.4569400805641
 20
208.8037857307139
 10
284.4317223992471
 20
208.7991637365905
 10
284.4064756624902
 20
208.7947475663679
 10
284.3812011225799
 20
208.7905375451575
 10
284.3559000395417
 20
208.7865339856114
 10
284.3305736809467
 20
208.7827371876428
 10
284.3052233217018
 20
208.7791474381527
 10
284.2798502438212
 20
208.7757650107611
 10
284.2544557361806
 20
208.772590165546
 10
284.2290410942555
 20
208.7696231487902
 10
284.2036076198408
 20
208.766864192736
 10
284.178156620756
 20
208.7643135153501
 10
284.1526894105339
 20
208.7619713200989
 10
284.1272073080939
 20
208.7598377957347
 10
284.1017116374019
 20
208.7579131160939
 10
284.0762037271162
 20
208.7561974399081
 10
284.0597676483819
 20
208.7552030708503
  0
LINE
  5
1AF
330
1F
100
AcDbEntity
  8
Geometries
  6
Continuous
370
    40
100
AcDbLine
 10
254.4054199254674
 20
247.75
 30
0.0
 11
312.3554289611756
 21
247.75
 31
0.0
  0
LINE
  5
1B0
330
1F
100
AcDbEntity
  8
Geometries
  6
Continuous
370
    40
100
AcDbLine
 10
264.9982404384659
 20
241.2638067715533
 30
0.0
 11
264.9982404384659
 21
213.2638067715538
 31
0.0
  0
ELLIPSE
  5
1B1
330
1F
100
AcDbEntity
  8
Geometries
  6
Continuous
370
    40
100
AcDbEllipse
 10
298.7530982832081
 20
213.2499999999998
 30
0.0
 11
-2.386300038995258E-16
 21
4.500000000000004
 31
0.0
210
0.0
220
0.0
230
1.0
 40
0.8660274912304657
 41
1.567728150524618
 42
2.49079493539592
  0
LINE
  5
1B2
330
1F
100
AcDbEntity
  8
Geometries
  6
Continuous
370
    40
100
AcDbLine
 10
272.782482981794
 20
241.2767384463203
 30
0.0
 11
272.782482981794
 21
213.2767384463196
 31
0.0
  0
ELLIPSE
  5
1B3
330
1F
100
AcDbEntity
  8
Geometries
  6
Continuous
370
    40
100
AcDbEllipse
 10
294.31963983014
 20
213.75
 30
0.0
 11
2.651444487772508E-16
 21
-5.000000000000001
 31
0.0
210
0.0
220
0.0
230
1.0
 40
0.8660274912304662
 41
0.5545583393917285
 42
1.570796326794897
  0
LINE
  5
1B4
330
1F
100
AcDbEntity
  8
Geometries
  6
Continuous
370
    40
100
AcDbLine
 10
370.5131330157066
 20
242.75
 30
0.0
 11
370.4867856153594
 21
242.75
 31
0.0
  0
LINE
  5
1B5
330
1F
100
AcDbEntity
  8
Geometries
  6
Continuous
370
    40
100
AcDbLine
 10
301.7574874996481
 20
241.2767384463206
 30
0.0
 11
301.7574874996481
 21
213.2767384463196
 31
0.0
  0
LINE
  5
1B6
330
1F
100
AcDbEntity
  8
Geometries
  6
Continuous
370
    40
100
AcDbLine
 10
336.1077643270099
 20
208.75
 30
0.0
 11
336.4667337301249
 21
208.75
 31
0.0
  0
LINE
  5
1B7
330
1F
100
AcDbEntity
  8
Geometries
  6
Continuous
370
    40
100
AcDbLine
 10
288.1349107487167
 20
241.2795604890954
 30
0.0
 11
288.1349107487167
 21
213.2795604883642
 31
0.0
  0
LINE
  5
1B8
330
1F
100
AcDbEntity
  8
Geometries
  6
Continuous
370
    40
100
AcDbLine
 10
278.620813858528
 20
213.2638067812212
 30
0.0
 11
278.6208171893973
 21
241.2668749430095
 31
0.0
  0
LINE
  5
1B9
330
1F
100
AcDbEntity
  8
Geometries
  6
Continuous
370
    40
100
AcDbLine
 10
294.8559929158443
 20
241.2638067715533
 30
0.0
 11
293.97324495632
 21
241.2638067715533
 31
0.0
  0
ELLIPSE
  5
1BA
330
1F
100
AcDbEntity
  8
Geometries
  6
Continuous
370
    40
100
AcDbEllipse
 10
343.8372632900005
 20
207.75
 30
0.0
 11
-0.9662093781089168
 21
-0.9662093781089179
 31
0.0
210
0.0
220
0.0
230
1.0
 40
0.2667729095842073
 41
1.831497905364206
 42
2.880891075020495
  0
LINE
  5
1BB
330
1F
100
AcDbEntity
  8
Geometries
  6
Continuous
370
    40
100
AcDbLine
 10
298.6497772862924
 20
242.75
 30
0.0
 11
298.3031298638434
 21
242.75
 31
0.0
  0
ELLIPSE
  5
1BC
330
1F
100
AcDbEntity
  8
Geometries
  6
Continuous
370
    40
100
AcDbEllipse
 10
273.9679937862241
 20
213.75
 30
0.0
 11
2.651444487772508E-16
 21
-5.000000000000001
 31
0.0
210
0.0
220
0.0
230
1.0
 40
0.8660274912304662
 41
4.71238898038469
 42
5.634708727103106
  0
LINE
  5
1BD
330
1F
100
AcDbEntity
  8
Geometries
  6
Continuous
370
    40
100
AcDbLine
 10
254.4028846456869
 20
205.75
 30
0.0
 11
311.8535287065248
 21
205.75
 31
0.0
  0
ELLIPSE
  5
1BE
330
1F
100
AcDbEntity
  8
Geometries
  6
Continuous
370
    40
100
AcDbEllipse
 10
298.7530982832081
 20
213.2499999999998
 30
0.0
 11
-2.386300038995258E-16
 21
4.500000000000004
 31
0.0
210
0.0
220
0.0
230
1.0
 40
0.8660274912304657
 41
2.49079493539592
 42
2.503372639355559
  0
LINE
  5
1BF
330
1F
100
AcDbEntity
  8
Geometries
  6
Continuous
370
    40
100
AcDbLine
 10
326.1941591091388
 20
213.75
 30
0.0
 11
326.1941591091388
 21
242.75
 31
0.0
  0
ELLIPSE
  5
1C0
330
1F
100
AcDbEntity
  8
Geometries
  6
Continuous
370
    40
100
AcDbEllipse
 10
284.2471378051012
 20
241.25
 30
0.0
 11
-2.386300038995260E-16
 21
4.500000000000007
 31
0.0
210
0.0
220
0.0
230
1.0
 40
0.8660274912304657
 41
0.0479539907654812
 42
1.5677281505248
  0
LINE
  5
1C1
330
1F
100
AcDbEntity
  8
Geometries
  6
Continuous
370
    40
100
AcDbLine
 10
355.1098379109866
 20
242.75
 30
0.0
 11
356.4750563706578
 21
242.75
 31
0.0
  0
LINE
  5
1C2
330
1F
100
AcDbEntity
  8
Geometries
  6
Continuous
370
    40
100
AcDbLine
 10
287.6368110033674
 20
241.2771369243651
 30
0.0
 11
287.6368110033674
 21
213.2771369236929
 31
0.0
  0
ELLIPSE
  5
1C3
330
1F
100
AcDbEntity
  8
Geometries
  6
Continuous
370
    40
100
AcDbEllipse
 10
350.3972179323126
 20
213.75
 30
0.0
 11
2.651444487772508E-16
 21
5.000000000000001
 31
0.0
210
0.0
220
0.0
230
1.0
 40
0.8660274912304662
 41
3.757546182330892
 42
3.889687975113777
  0
LINE
  5
1C4
330
1F
100
AcDbEntity
  8
Geometries
  6
Continuous
370
    40
100
AcDbLine
 10
336.1077643270099
 20
247.75
 30
0.0
 11
336.4667337301249
 21
247.75
 31
0.0
  0
ELLIPSE
  5
1C5
330
1F
100
AcDbEntity
  8
Geometries
  6
Continuous
370
    40
100
AcDbEllipse
 10
269.7411773269516
 20
241.2499999999988
 30
0.0
 11
-2.386300038995259E-16
 21
4.500000000000007
 31
0.0
210
0.0
220
0.0
230
0.9999999999999999
 40
0.8660274912304655
 41
0.1094440474563214
 42
0.2314127545823856
  0
LINE
  5
1C6
330
1F
100
AcDbEntity
  8
Geometries
  6
Continuous
370
    40
100
AcDbLine
 10
370.4867856153594
 20
242.75
 30
0.0
 11
370.4867856153594
 21
213.75
 31
0.0
  0
ARC
  5
1C7
330
1F
100
AcDbEntity
  8
Geometries
  6
Continuous
370
    40
100
AcDbCircle
 10
320.7303298654329
 20
242.7653376844592
 30
0.0
 40
5.463850771108327
100
AcDbArc
 50
359.839163663511
 51
28.29823209604526
  0
LINE
  5
1C8
330
1F
100
AcDbEntity
  8
Geometries
  6
Continuous
370
    40
100
AcDbLine
 10
269.6378563300718
 20
242.75
 30
0.0
 11
269.6378563300718
 21
213.75
 31
0.0
  0
LINE
  5
1C9
330
1F
100
AcDbEntity
  8
Geometries
  6
Continuous
370
    40
100
AcDbLine
 10
322.2237719453539
 20
246.75
 30
0.0
 11
312.8535262961556
 21
246.75
 31
0.0
  0
LINE
  5
1CA
330
1F
100
AcDbEntity
  8
Geometries
  6
Continuous
370
    40
100
AcDbLine
 10
344.8372632900005
 20
208.75
 30
0.0
 11
344.8372632900005
 21
247.6171211246912
 31
0.0
  0
LINE
  5
1CB
330
1F
100
AcDbEntity
  8
Geometries
  6
Continuous
370
    40
100
AcDbLine
 10
311.8535287065248
 20
205.75
 30
0.0
 11
311.8535287065248
 21
246.75
 31
0.0
  0
LINE
  5
1CC
330
1F
100
AcDbEntity
  8
Geometries
  6
Continuous
370
    40
100
AcDbLine
 10
279.9876429520437
 20
241.2638067715533
 30
0.0
 11
279.9876429520437
 21
213.2638067715538
 31
0.0
  0
LINE
  5
1CD
330
1F
100
AcDbEntity
  8
Geometries
  6
Continuous
370
    40
100
AcDbLine
 10
325.6922564441188
 20
213.75
 30
0.0
 11
326.1941591091388
 21
213.75
 31
0.0
  0
LINE
  5
1CE
330
1F
100
AcDbEntity
  8
Geometries
  6
Continuous
370
    40
100
AcDbLine
 10
280.350032437734
 20
213.2638067715538
 30
0.0
 11
280.350032437734
 21
241.2638067715533
 31
0.0
  0
LINE
  5
1CF
330
1F
100
AcDbEntity
  8
Geometries
  6
Continuous
370
    40
100
AcDbLine
 10
370.4867856153594
 20
247.75
 30
0.0
 11
370.4867856153594
 21
242.75
 31
0.0
  0
LINE
  5
1D0
330
1F
100
AcDbEntity
  8
Geometries
  6
Continuous
370
    40
100
AcDbLine
 10
265.8440719596236
 20
241.2638067715533
 30
0.0
 11
264.9982404384659
 21
241.2638067715533
 31
0.0
  0
ELLIPSE
  5
1D1
330
1F
100
AcDbEntity
  8
Geometries
  6
Continuous
370
    40
100
AcDbEllipse
 10
330.3968858572862
 20
207.75
 30
0.0
 11
3.523972122482039E-15
 21
-1.000000000000001
 31
0.0
210
0.0
220
0.0
230
1.0
 40
0.4980973349800181
 41
1.570796326794895
 42
3.141592653589793
  0
LINE
  5
1D2
330
1F
100
AcDbEntity
  8
Geometries
  6
Continuous
370
    40
100
AcDbLine
 10
354.7273553884649
 20
213.75
 30
0.0
 11
355.1098379109866
 21
213.75
 31
0.0
  0
ELLIPSE
  5
1D3
330
1F
100
AcDbEntity
  8
Geometries
  6
Continuous
370
    40
100
AcDbEllipse
 10
321.7256746103738
 20
246.75
 30
0.0
 11
1.557148165516846E-15
 21
1.000000000000001
 31
0.0
210
0.0
220
0.0
230
1.0
 40
0.4980973349800194
 41
4.712388980384691
 42
6.283185307179529
  0
LINE
  5
1D4
330
1F
100
AcDbEntity
  8
Geometries
  6
Continuous
370
    40
100
AcDbLine
 10
370.5241110991846
 20
247.75
 30
0.0
 11
370.5603387746619
 21
247.75
 31
0.0
  0
LWPOLYLINE
  5
1D5
330
1F
100
AcDbEntity
  8
Geometries
  6
Continuous
370
    40
100
AcDbPolyline
 90
        6
 70
   128
 43
0.0
 10
283.9653297661254
 20
245.7488251718548
 10
283.9708351357338
 20
245.7486690595424
 10
283.9963834718016
 20
245.7478171091267
 10
284.0219260464031
 20
245.7467555533324
 10
284.047461508821
 20
245.7454844636696
 10
284.0603314290406
 20
245.7447642625893
  0
LINE
  5
1D6
330
1F
100
AcDbEntity
  8
Geometries
  6
Continuous
370
    40
100
AcDbLine
 10
280.350032437734
 20
213.2638067715538
 30
0.0
 11
279.9876429520437
 21
213.2638067715538
 31
0.0
  0
LINE
  5
1D7
330
1F
100
AcDbEntity
  8
Geometries
  6
Continuous
370
    40
100
AcDbLine
 10
359.4454435344428
 20
247.75
 30
0.0
 11
370.4525443154886
 21
247.75
 31
0.0
  0
LWPOLYLINE
  5
1D8
330
1F
100
AcDbEntity
  8
Geometries
  6
Continuous
370
    40
100
AcDbPolyline
 90
        4
 70
   128
 43
0.0
 10
283.8797836770657
 20
245.7499999999947
 10
283.8941690848229
 20
245.7499668046814
 10
283.9197265888024
 20
245.7497439385735
 10
283.9239309995581
 20
245.7496871846982
  0
LINE
  5
1D9
330
1F
100
AcDbEntity
  8
Geometries
  6
Continuous
370
    40
100
AcDbLine
 10
312.3554289611756
 20
247.75
 30
0.0
 11
321.7256746103739
 21
247.75
 31
0.0
  0
ELLIPSE
  5
1DA
330
1F
100
AcDbEntity
  8
Geometries
  6
Continuous
370
    40
100
AcDbEllipse
 10
297.865391422472
 20
241.2499999999988
 30
0.0
 11
2.383263573452474E-16
 21
-4.500000000000004
 31
0.0
210
0.0
220
0.0
230
1.0
 40
0.864925507995645
 41
2.834807055911257
 42
2.859661834713904
  0
LINE
  5
1DB
330
1F
100
AcDbEntity
  8
Geometries
  6
Continuous
370
    40
100
AcDbLine
 10
370.4867856153594
 20
213.75
 30
0.0
 11
370.4867856153594
 21
208.75
 31
0.0
  0
ELLIPSE
  5
1DC
330
1F
100
AcDbEntity
  8
Geometries
  6
Continuous
370
    40
100
AcDbEllipse
 10
279.1227174440481
 20
241.2668749430096
 30
0.0
 11
0.9999964788512529
 21
-0.002653730411229023
 31
0.0
210
0.0
220
0.0
230
1.0
 40
0.0015399087871353
 41
4.186596629582903
 42
5.757392956385251
  0
LINE
  5
1DD
330
1F
100
AcDbEntity
  8
Geometries
  6
Continuous
370
    40
100
AcDbLine
 10
355.1098379109866
 20
213.75
 30
0.0
 11
356.4750563706579
 21
213.75
 31
0.0
  0
LINE
  5
1DE
330
1F
100
AcDbEntity
  8
Geometries
  6
Continuous
370
    40
100
AcDbLine
 10
344.8372632900005
 20
208.75
 30
0.0
 11
350.3972179323126
 21
208.75
 31
0.0
  0
LINE
  5
1DF
330
1F
100
AcDbEntity
  8
Geometries
  6
Continuous
370
    40
100
AcDbLine
 10
336.1077643270099
 20
247.75
 30
0.0
 11
336.1077643270099
 21
208.75
 31
0.0
  0
LINE
  5
1E0
330
1F
100
AcDbEntity
  8
Geometries
  6
Continuous
370
    40
100
AcDbLine
 10
298.3031298638434
 20
213.75
 30
0.0
 11
298.1702509885346
 21
213.75
 31
0.0
  0
ELLIPSE
  5
1E1
330
1F
100
AcDbEntity
  8
Geometries
  6
Continuous
370
    40
100
AcDbEllipse
 10
283.3778891635444
 20
241.25
 30
0.0
 11
-2.912877700886358E-16
 21
5.500000000000008
 31
0.0
210
0.0
220
0.0
230
1.0
 40
0.8649255079956447
 41
6.283185307179586
 42
7.850913460330099
  0
LINE
  5
1E2
330
1F
100
AcDbEntity
  8
Geometries
  6
Continuous
370
    40
100
AcDbLine
 10
370.5603387746619
 20
208.75
 30
0.0
 11
370.5449694577927
 21
208.75
 31
0.0
  0
LWPOLYLINE
  5
1E3
330
1F
100
AcDbEntity
  8
Geometries
  6
Continuous
370
    40
100
AcDbPolyline
 90
       79
 70
   128
 43
0.0
 10
330.2958166735967
 20
208.7514547528484
 10
330.2757506958622
 20
208.7520898682445
 10
330.2486272252763
 20
208.7531308503365
 10
330.2215103328697
 20
208.754381400997
 10
330.1944012809658
 20
208.7558414475136
 10
330.1673013303202
 20
208.7575109038058
 10
330.1402117398289
 20
208.7593896704888
 10
330.11313376624
 20
208.7614776349474
 10
330.0860686638725
 20
208.7637746714205
 10
330.0590176843389
 20
208.7662806410947
 10
330.0319820762739
 20
208.7689953922081
 10
330.0049630850718
 20
208.771918760163
 10
329.9779619526281
 20
208.7750505676475
 10
329.9509799170924
 20
208.7783906247654
 10
329.9240182126263
 20
208.7819387291743
 10
329.8970780691716
 20
208.7856946662314
 10
329.8701607122284
 20
208.7896582091458
 10
329.8432673626399
 20
208.7938291191385
 10
329.8163992363906
 20
208.7982071456075
 10
329.7895575444109
 20
208.8027920262994
 10
329.7627434923943
 20
208.8075834874855
 10
329.7359582806255
 20
208.8125812441435
 10
329.7092031038169
 20
208.8177850001421
 10
329.6824791509575
 20
208.8231944484303
 10
329.6557876051729
 20
208.8288092712295
 10
329.629129643596
 20
208.8346291402275
 10
329.6025064372475
 20
208.840653716776
 10
329.5759191509293
 20
208.8468826520879
 10
329.5493689431273
 20
208.8533155874375
 10
329.5228569659261
 20
208.8599521543598
 10
329.4963843649334
 20
208.8667919748505
 10
329.4699522792161
 20
208.8738346615659
 10
329.4435618412455
 20
208.8810798180213
 10
329.4172141768533
 20
208.8885270387891
 10
329.3909104051983
 20
208.8961759096939
 10
329.3646516387412
 20
208.9040260080071
 10
329.3384389832308
 20
208.9120769026374
 10
329.3122735376962
 20
208.9203281543202
 10
329.2861563944521
 20
208.9287793158019
 10
329.2600886391081
 20
208.937429932023
 10
329.2340713505894
 20
208.9462795402953
 10
329.2081056011635
 20
208.9553276704763
 10
329.1821924564755
 20
208.9645738451388
 10
329.1563329755887
 20
208.9740175797365
 10
329.1305282110336
 20
208.9836583827638
 10
329.1047792088618
 20
208.9934957559121
 10
329.0790870087062
 20
209.0035291942197
 10
329.0534526438473
 20
209.0137581862169
 10
329.0278771412827
 20
209.0241822140664
 10
329.0023615218034
 20
209.0348007536968
 10
328.9769068000723
 20
209.0456132749322
 10
328.9515139847086
 20
209.0566192416146
 10
328.9261840783738
 20
209.0678181117213
 10
328.9009180778614
 20
209.0792093374774
 10
328.8757169741895
 20
209.0907923654611
 10
328.8505817526957
 20
209.1025666367043
 10
328.8255133931339
 20
209.114531586787
 10
328.8005128697723
 20
209.1266866459262
 10
328.775581151494
 20
209.1390312390592
 10
328.750719201895
 20
209.1515647859222
 10
328.7259279793892
 20
209.1642867011208
 10
328.7012084373069
 20
209.1771963941986
 10
328.6765615239973
 20
209.1902932696978
 10
328.6519881829304
 20
209.2035767272161
 10
328.6274893527968
 20
209.2170461614576
 10
328.6030659676084
 20
209.2307009622796
 10
328.5787189567975
 20
209.2445405147336
 10
328.5544492453142
 20
209.2585641991029
 10
328.5302577537232
 20
209.272771390934
 10
328.506145398298
 20
209.2871614610653
 10
328.4821130911149
 20
209.3017337756501
 10
328.4581617401424
 20
209.3164876961769
 10
328.4342922493315
 20
209.3314225794842
 10
328.4105055187006
 20
209.3465377777731
 10
328.3868024444211
 20
209.3618326386151
 10
328.3631839188977
 20
209.3773065049569
 10
328.3396508308476
 20
209.3929587151222
 10
328.3162040653763
 20
209.4087886028099
 10
328.2962523376541
 20
209.4224455473193
  0
LINE
  5
1E4
330
1F
100
AcDbEntity
  8
Geometries
  6
Continuous
370
    40
100
AcDbLine
 10
311.8535287065248
 20
246.75
 30
0.0
 11
283.3778891635444
 21
246.75
 31
0.0
  0
ELLIPSE
  5
1E5
330
1F
100
AcDbEntity
  8
Geometries
  6
Continuous
370
    40
100
AcDbEllipse
 10
350.7742322875304
 20
213.75
 30
0.0
 11
2.654792774565453E-16
 21
-5.000000000000001
 31
0.0
210
0.0
220
0.0
230
1.0
 40
0.8671211246912405
 41
0.0000000000000159
 42
1.570796326794897
  0
LINE
  5
1E6
330
1F
100
AcDbEntity
  8
Geometries
  6
Continuous
370
    40
100
AcDbLine
 10
370.5603387746619
 20
247.75
 30
0.0
 11
370.5603387746619
 21
208.75
 31
0.0
  0
ARC
  5
1E7
330
1F
100
AcDbEntity
  8
Geometries
  6
Continuous
370
    40
100
AcDbCircle
 10
321.0755896768439
 20
242.9244030066936
 30
0.0
 40
5.084500459901612
100
AcDbArc
 50
28.56438299506707
 51
32.23216562996212
  0
ELLIPSE
  5
1E8
330
1F
100
AcDbEntity
  8
Geometries
  6
Continuous
370
    40
100
AcDbEllipse
 10
359.0574928446172
 20
242.75
 30
0.0
 11
-2.651444487772508E-16
 21
5.000000000000001
 31
0.0
210
0.0
220
0.0
230
1.0
 40
0.8660274912304662
 41
0.9311951916838737
 42
0.938319543280735
  0
LINE
  5
1E9
330
1F
100
AcDbEntity
  8
Geometries
  6
Continuous
370
    40
100
AcDbLine
 10
344.8372632900005
 20
208.6171211246912
 30
0.0
 11
344.8372632900005
 21
208.75
 31
0.0
  0
LINE
  5
1EA
330
1F
100
AcDbEntity
  8
Geometries
  6
Continuous
370
    40
100
AcDbLine
 10
370.5603387746619
 20
247.75
 30
0.0
 11
370.5945800745326
 21
247.75
 31
0.0
  0
ELLIPSE
  5
1EB
330
1F
100
AcDbEntity
  8
Geometries
  6
Continuous
370
    40
100
AcDbEllipse
 10
297.865391422472
 20
241.2499999999988
 30
0.0
 11
2.383263573452474E-16
 21
-4.500000000000004
 31
0.0
210
0.0
220
0.0
230
1.0
 40
0.864925507995645
 41
2.75834783323916
 42
2.834807055911255
  0
LINE
  5
1EC
330
1F
100
AcDbEntity
  8
Geometries
  6
Continuous
370
    40
100
AcDbLine
 10
370.4525443154886
 20
247.75
 30
0.0
 11
370.4867856153594
 21
247.75
 31
0.0
  0
LINE
  5
1ED
330
1F
100
AcDbEntity
  8
Geometries
  6
Continuous
370
    40
100
AcDbLine
 10
370.4500090357081
 20
205.75
 30
0.0
 11
370.5971153543131
 21
205.75
 31
0.0
  0
LINE
  5
1EE
330
1F
100
AcDbEntity
  8
Geometries
  6
Continuous
370
    40
100
AcDbLine
 10
287.6368110033675
 20
241.2771367822047
 30
0.0
 11
287.6368244539919
 21
241.2771442467217
 31
0.0
  0
LINE
  5
1EF
330
1F
100
AcDbEntity
  8
Geometries
  6
Continuous
370
    40
100
AcDbLine
 10
298.3031298638434
 20
242.75
 30
0.0
 11
298.3031298638434
 21
213.75
 31
0.0
  0
ELLIPSE
  5
1F0
330
1F
100
AcDbEntity
  8
Geometries
  6
Continuous
370
    40
100
AcDbEllipse
 10
359.9435408694228
 20
242.75
 30
0.0
 11
2.123834219652362E-16
 21
-4.0
 31
0.0
210
0.0
220
0.0
230
1.0
 40
0.8671211246912407
 41
3.141592653589793
 42
4.71238898038469
  0
LINE
  5
1F1
330
1F
100
AcDbEntity
  8
Geometries
  6
Continuous
370
    40
100
AcDbLine
 10
325.6922564441188
 20
242.75
 30
0.0
 11
326.1941591091388
 21
242.75
 31
0.0
  0
LINE
  5
1F2
330
1F
100
AcDbEntity
  8
Geometries
  6
Continuous
370
    40
100
AcDbLine
 10
350.3972179323126
 20
208.75
 30
0.0
 11
350.7742322875304
 21
208.75
 31
0.0
  0
LINE
  5
1F3
330
1F
100
AcDbEntity
  8
Geometries
  6
Continuous
370
    40
100
AcDbLine
 10
351.2723296225104
 20
207.75
 30
0.0
 11
344.3353606249805
 21
207.75
 31
0.0
  0
LINE
  5
1F4
330
1F
100
AcDbEntity
  8
Geometries
  6
Continuous
370
    40
100
AcDbLine
 10
355.1098379109866
 20
213.75
 30
0.0
 11
355.1098379109866
 21
242.75
 31
0.0
  0
LINE
  5
1F5
330
1F
100
AcDbEntity
  8
Geometries
  6
Continuous
370
    40
100
AcDbLine
 10
294.8559929158443
 20
213.2638067715538
 30
0.0
 11
293.97324495632
 21
213.2638067715538
 31
0.0
  0
LINE
  5
1F6
330
1F
100
AcDbEntity
  8
Geometries
  6
Continuous
370
    40
100
AcDbLine
 10
336.1077643270099
 20
247.75
 30
0.0
 11
321.7256746103739
 21
247.75
 31
0.0
  0
ELLIPSE
  5
1F7
330
1F
100
AcDbEntity
  8
Geometries
  6
Continuous
370
    40
100
AcDbEllipse
 10
370.5021549322286
 20
213.75
 30
0.0
 11
-6.722137396041607E-19
 21
4.999999999999999
 31
0.0
210
0.0
220
0.0
230
1.0
 40
0.0021956166955964
 41
3.141592653592165
 42
4.71238898038469
  0
LINE
  5
1F8
330
1F
100
AcDbEntity
  8
Geometries
  6
Continuous
370
    40
100
AcDbLine
 10
370.4867856153594
 20
213.75
 30
0.0
 11
370.5131330157066
 21
213.75
 31
0.0
  0
LINE
  5
1F9
330
1F
100
AcDbEntity
  8
Geometries
  6
Continuous
370
    40
100
AcDbLine
 10
312.8535262961556
 20
205.75
 30
0.0
 11
370.4500090357081
 21
205.75
 31
0.0
  0
ELLIPSE
  5
1FA
330
1F
100
AcDbEntity
  8
Geometries
  6
Continuous
370
    40
100
AcDbEllipse
 10
268.8903869046139
 20
213.2499999999998
 30
0.0
 11
2.383263573452474E-16
 21
-4.500000000000007
 31
0.0
210
0.0
220
0.0
230
1.0
 40
0.8649255079956447
 41
0.1094440474835132
 42
0.6849513775815383
  0
LINE
  5
1FB
330
1F
100
AcDbEntity
  8
Geometries
  6
Continuous
370
    40
100
AcDbLine
 10
265.8440719596236
 20
213.2638067715538
 30
0.0
 11
265.8440719596236
 21
241.2638067715533
 31
0.0
  0
ELLIPSE
  5
1FC
330
1F
100
AcDbEntity
  8
Geometries
  6
Continuous
370
    40
100
AcDbEllipse
 10
370.5449694577927
 20
213.75
 30
0.0
 11
-6.722137396041607E-19
 21
4.999999999999999
 31
0.0
210
0.0
220
0.0
230
1.0
 40
0.0021956166955964
 41
1.570796326794897
 42
3.141592653590951
  0
LINE
  5
1FD
330
1F
100
AcDbEntity
  8
Geometries
  6
Continuous
370
    40
100
AcDbLine
 10
298.1702509885346
 20
242.75
 30
0.0
 11
298.1702509885346
 21
213.75
 31
0.0
  0
LINE
  5
1FE
330
1F
100
AcDbEntity
  8
Geometries
  6
Continuous
370
    40
100
AcDbLine
 10
293.97324495632
 20
241.2638067715533
 30
0.0
 11
293.97324495632
 21
213.2638067715538
 31
0.0
  0
ELLIPSE
  5
1FF
330
1F
100
AcDbEntity
  8
Geometries
  6
Continuous
370
    40
100
AcDbEllipse
 10
297.865391422472
 20
241.2499999999988
 30
0.0
 11
2.383263573452474E-16
 21
-4.500000000000004
 31
0.0
210
0.0
220
0.0
230
1.0
 40
0.864925507995645
 41
3.027379426689731
 42
4.709320804114338
  0
LINE
  5
200
330
1F
100
AcDbEntity
  8
Geometries
  6
Continuous
370
    40
100
AcDbLine
 10
370.5971153543131
 20
246.75
 30
0.0
 11
370.5971153543131
 21
205.75
 31
0.0
  0
LWPOLYLINE
  5
201
330
1F
100
AcDbEntity
  8
Geometries
  6
Continuous
370
    40
100
AcDbPolyline
 90
       94
 70
   128
 43
0.0
 10
298.9481970326723
 20
245.5722641252562
 10
298.9441765047482
 20
245.5656618434212
 10
298.9278598013937
 20
245.5386317967204
 10
298.9117010956627
 20
245.5114825862005
 10
298.8957010848298
 20
245.4842153898976
 10
298.879860458565
 20
245.4568313909039
 10
298.8641798989098
 20
245.4293317772858
 10
298.8486600802576
 20
245.4017177420068
 10
298.8333016693327
 20
245.3739904828469
 10
298.8181053251673
 20
245.3461512023172
 10
298.8030716990869
 20
245.3182011075864
 10
298.7882014346911
 20
245.2901414103977
 10
298.7734951678387
 20
245.2619733269925
 10
298.7589535266312
 20
245.2336980780291
 10
298.7445771313999
 20
245.2053168885067
 10
298.7303665946937
 20
245.1768309876887
 10
298.7163225212657
 20
245.1482416090224
 10
298.7024455080638
 20
245.1195499900664
 10
298.6887361442203
 20
245.0907573724121
 10
298.6751950110431
 20
245.0618650016094
 10
298.6618226820079
 20
245.032874127092
 10
298.6486197227519
 20
245.0037860021042
 10
298.6355866910663
 20
244.974601883625
 10
298.6227241368919
 20
244.9453230322971
 10
298.610032602315
 20
244.9159507123555
 10
298.5975126215631
 20
244.8864861915543
 10
298.5851647210017
 20
244.8569307410949
 10
298.5729894191335
 20
244.8272856355601
 10
298.5609872265955
 20
244.7975521528395
 10
298.5491586461591
 20
244.7677315740647
 10
298.5375041727295
 20
244.7378251835388
 10
298.5260242933465
 20
244.7078342686696
 10
298.5147194871856
 20
244.6777601199041
 10
298.5035902255595
 20
244.6476040306612
 10
298.4926369719203
 20
244.6173672972668
 10
298.4818601818619
 20
244.5870512188889
 10
298.471260303124
 20
244.5566570974747
 10
298.4608377755951
 20
244.526186237687
 10
298.4505930313165
 20
244.4956399468421
 10
298.4405264944875
 20
244.4650195348474
 10
298.4306385814695
 20
244.4343263141416
 10
298.4209297007912
 20
244.4035615996326
 10
298.4114002531553
 20
244.3727267086411
 10
298.4020506314428
 20
244.3418229608383
 10
298.3928812207202
 20
244.3108516781894
 10
298.3838923982455
 20
244.2798141848969
 10
298.3750845334747
 20
244.2487118073421
 10
298.3664579880693
 20
244.2175458740299
 10
298.3580131159025
 20
244.1863177155332
 10
298.3497502630671
 20
244.1550286644391
 10
298.3416697678825
 20
244.1236800552929
 10
298.3337719609022
 20
244.0922732245448
 10
298.3260571649218
 20
244.0608095104997
 10
298.3185256949866
 20
244.0292902532627
 10
298.3111778583984
 20
243.9977167946857
 10
298.3040139547248
 20
243.9660904783206
 10
298.2970342758065
 20
243.9344126493667
 10
298.2902391057646
 20
243.9026846546187
 10
298.2836287210093
 20
243.8709078424227
 10
298.2772033902475
 20
243.8390835626209
 10
298.2709633744901
 20
243.8072131665088
 10
298.2649089270609
 20
243.7752980067851
 10
298.2590402936034
 20
243.7433394375046
 10
298.2533577120887
 20
243.7113388140316
 10
298.2478614128233
 20
243.6792974929947
 10
298.2425516184563
 20
243.6472168322387
 10
298.2374285439872
 20
243.6150981907842
 10
298.2324923967719
 20
243.5829429287746
 10
298.2277433765316
 20
243.5507524074415
 10
298.2231816753581
 20
243.518527989053
 10
298.2188074777216
 20
243.486271036874
 10
298.2146209604767
 20
243.4539829151229
 10
298.2106222928692
 20
243.4216649889266
 10
298.2068116365419
 20
243.38931862428
 10
298.203189145541
 20
243.356945188004
 10
298.1997549663216
 20
243.3245460477036
 10
298.1965092377534
 20
243.2921225717254
 10
298.1934520911263
 20
243.2596761291176
 10
298.1905836501548
 20
243.227208089589
 10
298.1879040309836
 20
243.1947198234679
 10
298.1854133421919
 20
243.1622127016634
 10
298.1831116847975
 20
243.1296880956228
 10
298.1809991522615
 20
243.0971473772939
 10
298.1790758304916
 20
243.0645919190851
 10
298.1773417978459
 20
243.0320230938246
 10
298.1757971251359
 20
242.9994422747246
 10
298.17444187563
 20
242.9668508353363
 10
298.1732761050557
 20
242.9342501495184
 10
298.1722998616021
 20
242.9016415913918
 10
298.1715131859223
 20
242.869026535305
 10
298.170916111135
 20
242.8364063557954
 10
298.1705086628259
 20
242.8037824275469
 10
298.1702908590492
 20
242.7711561253582
 10
298.1702509885346
 20
242.75
  0
LINE
  5
202
330
1F
100
AcDbEntity
  8
Geometries
  6
Continuous
370
    40
100
AcDbLine
 10
356.4750563706578
 20
242.75
 30
0.0
 11
356.4750563706579
 21
213.75
 31
0.0
  0
ELLIPSE
  5
203
330
1F
100
AcDbEntity
  8
Geometries
  6
Continuous
370
    40
100
AcDbEllipse
 10
350.7742322875304
 20
207.75
 30
0.0
 11
-3.049966534735548E-17
 21
1.000000000000001
 31
0.0
210
0.0
220
0.0
230
1.0
 40
0.4980973349800206
 41
4.71238898038469
 42
6.283185307179586
  0
LINE
  5
204
330
1F
100
AcDbEntity
  8
Geometries
  6
Continuous
370
    40
100
AcDbLine
 10
355.1098379109866
 20
242.75
 30
0.0
 11
354.7273553884649
 21
242.75
 31
0.0
  0
ELLIPSE
  5
205
330
1F
100
AcDbEntity
  8
Geometries
  6
Continuous
370
    40
100
AcDbEllipse
 10
337.3338548548161
 20
246.75
 30
0.0
 11
0.9662093781089175
 21
-0.9662093781089183
 31
0.0
210
0.0
220
0.0
230
0.9999999999999999
 40
0.2667729095842073
 41
1.31009474822558
 42
2.880891075020472
  0
LINE
  5
206
330
1F
100
AcDbEntity
  8
Geometries
  6
Continuous
370
    40
100
AcDbLine
 10
330.3968858572862
 20
208.75
 30
0.0
 11
336.1077643270099
 21
208.75
 31
0.0
  0
LINE
  5
207
330
1F
100
AcDbEntity
  8
Geometries
  6
Continuous
370
    40
100
AcDbLine
 10
359.0574928446172
 20
247.75
 30
0.0
 11
344.7043844146917
 21
247.75
 31
0.0
  0
ELLIPSE
  5
208
330
1F
100
AcDbEntity
  8
Geometries
  6
Continuous
370
    40
100
AcDbEllipse
 10
265.3077188739194
 20
242.75
 30
0.0
 11
2.651444487772508E-16
 21
5.000000000000001
 31
0.0
210
0.0
220
0.0
230
1.0
 40
0.8660274912304662
 41
4.71238898038469
 42
5.32622694394203
  0
LINE
  5
209
330
1F
100
AcDbEntity
  8
Geometries
  6
Continuous
370
    40
100
AcDbLine
 10
370.5131330157066
 20
213.75
 30
0.0
 11
370.5131330157066
 21
242.75
 31
0.0
  0
LINE
  5
20A
330
1F
100
AcDbEntity
  8
Geometries
  6
Continuous
370
    40
100
AcDbLine
 10
370.4867856153594
 20
208.75
 30
0.0
 11
370.5021549322286
 21
208.75
 31
0.0
  0
LINE
  5
20B
330
1F
100
AcDbEntity
  8
Geometries
  6
Continuous
370
    40
100
AcDbLine
 10
254.4028846456869
 20
246.75
 30
0.0
 11
254.4028846456869
 21
205.75
 31
0.0
  0
LINE
  5
20C
330
1F
100
AcDbEntity
  8
Geometries
  6
Continuous
370
    40
100
AcDbLine
 10
370.4867856153594
 20
247.75
 30
0.0
 11
370.5241110991846
 21
247.75
 31
0.0
  0
ELLIPSE
  5
20D
330
1F
100
AcDbEntity
  8
Geometries
  6
Continuous
370
    40
100
AcDbEllipse
 10
343.8372632900005
 20
246.75
 30
0.0
 11
-0.9662093781089175
 21
-0.9662093781089183
 31
0.0
210
0.0
220
0.0
230
0.9999999999999999
 40
0.2667729095842073
 41
1.831497905364206
 42
2.880891075020446
  0
LINE
  5
20E
330
1F
100
AcDbEntity
  8
Geometries
  6
Continuous
370
    40
100
AcDbLine
 10
336.4667337301249
 20
247.75
 30
0.0
 11
344.7043844146917
 21
247.75
 31
0.0
  0
ELLIPSE
  5
20F
330
1F
100
AcDbEntity
  8
Geometries
  6
Continuous
370
    40
100
AcDbEllipse
 10
356.1096130953861
 20
213.2499999999998
 30
0.0
 11
2.383263573452473E-16
 21
-4.500000000000004
 31
0.0
210
0.0
220
0.0
230
1.0
 40
0.8649255079956447
 41
4.70932080411441
 42
5.492442694036573
  0
LINE
  5
210
330
1F
100
AcDbEntity
  8
Geometries
  6
Continuous
370
    40
100
AcDbLine
 10
298.3031298638434
 20
242.75
 30
0.0
 11
298.1702509885346
 21
242.75
 31
0.0
  0
ELLIPSE
  5
211
330
1F
100
AcDbEntity
  8
Geometries
  6
Continuous
370
    40
100
AcDbEllipse
 10
351.2723296225104
 20
213.75
 30
0.0
 11
-3.185751329478543E-16
 21
6.000000000000002
 31
0.0
210
0.0
220
0.0
230
1.0
 40
0.8671211246912405
 41
3.141592653589795
 42
4.71238898038469
  0
LINE
  5
212
330
1F
100
AcDbEntity
  8
Geometries
  6
Continuous
370
    40
100
AcDbLine
 10
354.7273553884649
 20
213.75
 30
0.0
 11
354.7273553884649
 21
242.75
 31
0.0
  0
LINE
  5
213
330
1F
100
AcDbEntity
  8
Geometries
  6
Continuous
370
    40
100
AcDbLine
 10
294.8559929158443
 20
213.2638067715538
 30
0.0
 11
294.8559929158443
 21
241.2638067715533
 31
0.0
  0
LINE
  5
214
330
1F
100
AcDbEntity
  8
Geometries
  6
Continuous
370
    40
100
AcDbLine
 10
298.6497772862924
 20
242.75
 30
0.0
 11
298.6497772862924
 21
213.75
 31
0.0
  0
LINE
  5
215
330
1F
100
AcDbEntity
  8
Geometries
  6
Continuous
370
    40
100
AcDbLine
 10
280.350032437734
 20
241.2638067715533
 30
0.0
 11
279.9876429520437
 21
241.2638067715533
 31
0.0
  0
LINE
  5
216
330
1F
100
AcDbEntity
  8
Geometries
  6
Continuous
370
    40
100
AcDbLine
 10
370.5339913743147
 20
213.75
 30
0.0
 11
370.5339913743147
 21
242.7750628144669
 31
0.0
  0
ELLIPSE
  5
217
330
1F
100
AcDbEntity
  8
Geometries
  6
Continuous
370
    40
100
AcDbEllipse
 10
312.3554289611756
 20
246.75
 30
0.0
 11
-3.073252701746340E-17
 21
1.000000000000001
 31
0.0
210
0.0
220
0.0
230
1.0
 40
0.5019002546507378
 41
0.000000000000006
 42
1.570796326794897
  0
LINE
  5
218
330
1F
100
AcDbEntity
  8
Geometries
  6
Continuous
370
    40
100
AcDbLine
 10
265.8440719596236
 20
213.2638067715538
 30
0.0
 11
264.9982404384659
 21
213.2638067715538
 31
0.0
  0
LINE
  5
219
330
1F
100
AcDbEntity
  8
Geometries
  6
Continuous
370
    40
100
AcDbLine
 10
278.620813858528
 20
213.2638067812212
 30
0.0
 11
279.9876429520437
 21
213.2638067715538
 31
0.0
  0
ELLIPSE
  5
21A
330
1F
100
AcDbEntity
  8
Geometries
  6
Continuous
370
    40
100
AcDbEllipse
 10
356.10961309539
 20
241.2499999999988
 30
0.0
 11
2.383263573452474E-16
 21
-4.500000000000007
 31
0.0
210
0.0
220
0.0
230
1.0
 40
0.8649255079956444
 41
3.281991317363936
 42
4.709320804114336
  0
LINE
  5
21B
330
1F
100
AcDbEntity
  8
Geometries
  6
Continuous
370
    40
100
AcDbLine
 10
312.8535262961556
 20
205.75
 30
0.0
 11
311.8535287065248
 21
205.75
 31
0.0
  0
ELLIPSE
  5
21C
330
1F
100
AcDbEntity
  8
Geometries
  6
Continuous
370
    40
100
AcDbEllipse
 10
326.246901716756
 20
241.2499999999988
 30
0.0
 11
-2.386300038995260E-16
 21
4.500000000000005
 31
0.0
210
0.0
220
0.0
230
0.9999999999999999
 40
0.8660274912304662
 41
4.718330892309421
 42
6.168972080267606
  0
LINE
  5
21D
330
1F
100
AcDbEntity
  8
Geometries
  6
Continuous
370
    40
100
AcDbLine
 10
287.6368110035879
 20
213.2771367499344
 30
0.0
 11
287.6368244539919
 21
213.2771442460493
 31
0.0
  0
ELLIPSE
  5
21E
330
1F
100
AcDbEntity
  8
Geometries
  6
Continuous
370
    40
100
AcDbEllipse
 10
359.4454435344428
 20
246.75
 30
0.0
 11
-3.049966534735538E-17
 21
1.000000000000001
 31
0.0
210
0.0
220
0.0
230
1.0
 40
0.4980973349800188
 41
4.71238898038469
 42
6.283185307179586
  0
LINE
  5
21F
330
1F
100
AcDbEntity
  8
Geometries
  6
Continuous
370
    40
100
AcDbLine
 10
352.2174666292381
 20
241.2638067715533
 30
0.0
 11
352.2174666292381
 21
213.2638067715538
 31
0.0
  0
LINE
  5
220
330
1F
100
AcDbEntity
  8
Geometries
  6
Continuous
370
    40
100
AcDbLine
 10
330.1439566309882
 20
241.2767384463203
 30
0.0
 11
330.1439566309882
 21
213.2767384463196
 31
0.0
  0
LWPOLYLINE
  5
221
330
1F
100
AcDbEntity
  8
Geometries
  6
Continuous
370
    40
100
AcDbPolyline
 90
      240
 70
   128
 43
0.0
 10
315.8371930372072
 20
125.5043347440369
 10
315.8208529167493
 20
125.5069074718992
 10
315.7884106453945
 20
125.5121499216779
 10
315.7559598013971
 20
125.5175726341952
 10
315.7235027609818
 20
125.5231753092175
 10
315.6910410784741
 20
125.5289577670428
 10
315.6585763095831
 20
125.5349198177036
 10
315.6261100113223
 20
125.5410612609487
 10
315.5936437418886
 20
125.5473818862348
 10
315.5611790605412
 20
125.5538814727188
 10
315.5287175274815
 20
125.5605597892519
 10
315.4962607037319
 20
125.5674165943754
 10
315.4638101510166
 20
125.5744516363176
 10
315.431367431642
 20
125.5816646529922
 10
315.3989341083765
 20
125.5890553719982
 10
315.3665117443324
 20
125.5966235106214
 10
315.3341019028463
 20
125.6043687758368
 10
315.3017061473616
 20
125.6122908643127
 10
315.2693260413099
 20
125.6203894624161
 10
315.2369631479936
 20
125.6286642462191
 10
315.2046190304678
 20
125.6371148815072
 10
315.1722952514249
 20
125.6457410237881
 10
315.1399933730763
 20
125.6545423183025
 10
315.1077149570374
 20
125.6635184000357
 10
315.0754615642115
 20
125.6726688937302
 10
315.0432347546732
 20
125.6819934139002
 10
315.0110360875552
 20
125.6914915648469
 10
314.9788671209322
 20
125.7011629406745
 10
314.9467294117073
 20
125.7110071253084
 10
314.9146245154977
 20
125.7210236925134
 10
314.8825539865209
 20
125.7312122059142
 10
314.8505193774828
 20
125.7415722190157
 10
314.8185222394637
 20
125.7521032752257
 10
314.7865641218058
 20
125.7628049078779
 10
314.7546465720032
 20
125.7736766402556
 10
314.7227711355881
 20
125.784717985618
 10
314.6909393560211
 20
125.7959284472257
 10
314.6591527745799
 20
125.8073075183685
 10
314.627412930249
 20
125.8188546823939
 10
314.5957213596102
 20
125.8305694127364
 10
314.5640795967327
 20
125.842451172948
 10
314.5324891730643
 20
125.8544994167295
 10
314.5009516173226
 20
125.8667135879633
 10
314.4694684553862
 20
125.8790931207468
 10
314.4380412101882
 20
125.8916374394264
 10
314.4066714016078
 20
125.9043459586334
 10
314.3753605463631
 20
125.9172180833202
 10
314.3441101579045
 20
125.9302532087979
 10
314.31292174631
 20
125.9434507207738
 10
314.281796818177
 20
125.9568099953914
 10
314.2507368765191
 20
125.9703303992705
 10
314.2197434206587
 20
125.9840112895483
 10
314.1888179461267
 20
125.9978520139206
 10
314.1579619445528
 20
126.0118519106866
 10
314.1271769035661
 20
126.0260103087911
 10
314.09646430669
 20
126.0403265278703
 10
314.06582563324
 20
126.0547998782974
 10
314.0352623629263
 20
126.069429658962
 10
314.0047759685845
 20
126.0842151606678
 10
313.9743679162207
 20
126.0991556661851
 10
313.9440396672131
 20
126.1142504492207
 10
313.9137926782115
 20
126.1294987744678
 10
313.8836284010397
 20
126.1448998976573
 10
313.8535482825903
 20
126.160453065612
 10
313.8235537647314
 20
126.1761575162981
 10
313.7936462842054
 20
126.1920124788801
 10
313.7638272725275
 20
126.2080171737781
 10
313.7340981558948
 20
126.2241708127203
 10
313.7044603550815
 20
126.240472598804
 10
313.6749152853456
 20
126.2569217265522
 10
313.6454643563338
 20
126.2735173819711
 10
313.6161089719807
 20
126.2902587426136
 10
313.5868505304188
 20
126.3071449776366
 10
313.5576904238787
 20
126.3241752478656
 10
313.5286300385958
 20
126.3413487058571
 10
313.4996707547187
 20
126.3586644959608
 10
313.4708139462124
 20
126.3761217543862
 10
313.4420609807663
 20
126.3937196092678
 10
313.4134132197014
 20
126.4114571807322
 10
313.3848720178784
 20
126.4293335809652
 10
313.3564387236071
 20
126.4473479142806
 10
313.3281146785534
 20
126.4654992771904
 10
313.29990121765
 20
126.4837867584756
 10
313.2717996690064
 20
126.5022094392571
 10
313.2438113538192
 20
126.5207663930699
 10
313.2159375862834
 20
126.5394566859354
 10
313.188179673505
 20
126.5582793764369
 10
313.1605389154133
 20
126.5772335157948
 10
313.1330166046715
 20
126.5963181479455
 10
313.1056140265941
 20
126.6155323096166
 10
313.0783324590584
 20
126.6348750304082
 10
313.0511731724215
 20
126.654345332871
 10
313.0241374294336
 20
126.6739422325896
 10
312.9972264851559
 20
126.6936647382633
 10
312.9704415868782
 20
126.7135118517894
 10
312.9437839740363
 20
126.7334825683477
 10
312.9172548781273
 20
126.753575876488
 10
312.8908555226352
 20
126.7737907582126
 10
312.864587122944
 20
126.7941261890693
 10
312.838450886264
 20
126.8145811382358
 10
312.8124480115502
 20
126.8351545686122
 10
312.7865796894257
 20
126.8558454369121
 10
312.7608471021047
 20
126.8766526937548
 10
312.7352514233194
 20
126.8975752837569
 10
312.7097938182393
 20
126.9186121456311
 10
312.6844754434027
 20
126.9397622122788
 10
312.6592974466412
 20
126.9610244108883
 10
312.6342609670082
 20
126.9823976630331
 10
312.6093671347078
 20
127.0038808847717
 10
312.5846170710237
 20
127.0254729867484
 10
312.5600118882531
 20
127.047172874294
 10
312.5355526896355
 20
127.0689794475312
 10
312.5112405692884
 20
127.0908916014769
 10
312.4870766121388
 20
127.1129082261507
 10
312.4630618938639
 20
127.1350282066775
 10
312.4391974808214
 20
127.1572504234009
 10
312.4154844299927
 20
127.1795737519888
 10
312.3919237889201
 20
127.2019970635452
 10
312.368516595647
 20
127.2245192247236
 10
312.3452638896124
 20
127.2471390871264
 10
312.3221666907913
 20
127.2698555074018
 10
312.2992260087588
 20
127.2926673387643
 10
312.2764428433625
 20
127.3155734304163
 10
312.2538181846692
 20
127.3385726276674
 10
312.2313530129115
 20
127.3616637720562
 10
312.2090482984433
 20
127.3848457014655
 10
312.1869050016855
 20
127.4081172502516
 10
312.1649240730835
 20
127.4314772493637
 10
312.1431064530627
 20
127.4549245264681
 10
312.1214530719831
 20
127.4784579060782
 10
312.0999648501015
 20
127.5020762096771
 10
312.0786426975304
 20
127.5257782558492
 10
312.0574875142004
 20
127.5495628604105
 10
312.0365001898273
 20
127.5734288365368
 10
312.0156816038765
 20
127.597374994899
 10
311.9950326255321
 20
127.6214001437967
 10
311.9745541136692
 20
127.6455030892909
 10
311.9542469168265
 20
127.6696826353419
 10
311.9341118731814
 20
127.6939375839456
 10
311.9141498105267
 20
127.7182667352743
 10
311.8943615462537
 20
127.7426688878121
 10
311.8747478873311
 20
127.7671428385005
 10
311.8553096302937
 20
127.7916873828751
 10
311.8360475612247
 20
127.8163013152159
 10
311.816962455751
 20
127.8409834286842
 10
311.7980550790348
 20
127.8657325154695
 10
311.7793261857657
 20
127.8905473669399
 10
311.760776520164
 20
127.9154267737832
 10
311.7424068159772
 20
127.9403695261604
 10
311.7242177964887
 20
127.9653744138488
 10
311.70621017452
 20
127.9904402263991
 10
311.6883846524468
 20
128.0155657532769
 10
311.670741922205
 20
128.0407497840247
 10
311.6532826653141
 20
128.0659911084045
 10
311.6360075528933
 20
128.0912885165561
 10
311.6189172456854
 20
128.1166407991482
 10
311.6020123940844
 20
128.1420467475324
 10
311.5852936381642
 20
128.1675051538984
 10
311.5687616077115
 20
128.1930148114307
 10
311.5524169222679
 20
128.2185745144556
 10
311.5362601911631
 20
128.2441830586092
 10
311.5202920135682
 20
128.2698392409797
 10
311.5045129785378
 20
128.2955418602725
 10
311.4889236650664
 20
128.3212897169602
 10
311.4735246421428
 20
128.347081613441
 10
311.4583164688121
 20
128.3729163541929
 10
311.4432996942404
 20
128.398792745927
 10
311.4284748577824
 20
128.4247095977449
 10
311.4138424890563
 20
128.4506657212901
 10
311.3994031080222
 20
128.4766599308988
 10
311.3851572250603
 20
128.5026910437595
 10
311.3711053410618
 20
128.5287578800558
 10
311.3572479475166
 20
128.5548592631221
 10
311.3435855266106
 20
128.58099401959
 10
311.3301185513262
 20
128.6071609795344
 10
311.3168474855448
 20
128.6333589766231
 10
311.3037727841586
 20
128.6595868482571
 10
311.2908948931849
 20
128.6858434357122
 10
311.2782142498829
 20
128.712127584283
 10
311.2657312828815
 20
128.7384381434121
 10
311.2534464123033
 20
128.7647739668346
 10
311.2413600499016
 20
128.7911339127033
 10
311.2294725991991
 20
128.8175168437163
 10
311.2177844556293
 20
128.8439216272471
 10
311.2062960066867
 20
128.8703471354613
 10
311.1950076320778
 20
128.8967922454403
 10
311.1839197038821
 20
128.9232558392879
 10
311.1730325867127
 20
128.9497368042443
 10
311.1623466378853
 20
128.9762340327887
 10
311.1518622075893
 20
129.0027464227402
 10
311.1415796390679
 20
129.0292728773471
 10
311.1314992687959
 20
129.0558123053824
 10
311.1216214266697
 20
129.0823636212187
 10
311.1119464361953
 20
129.1089257449097
 10
311.1024746146859
 20
129.135497602254
 10
311.0932062734601
 20
129.1620781248585
 10
311.0841417180445
 20
129.1886662501948
 10
311.0752812483824
 20
129.2152609216408
 10
311.0666251590434
 20
129.2418610885234
 10
311.05817373944
 20
129.2684657061394
 10
311.0499272740424
 20
129.2950737357827
 10
311.0418860426017
 20
129.3216841447483
 10
311.0340503203722
 20
129.3482959063331
 10
311.0264203783371
 20
129.3749079998237
 10
311.0189964834374
 20
129.4015194104737
 10
311.0117788988006
 20
129.4281291294675
 10
311.0047678839729
 20
129.4547361538729
 10
310.9979636951489
 20
129.4813394865856
 10
310.9913665854067
 20
129.5079381362489
 10
310.9849768049387
 20
129.5345311171698
 10
310.9787946012839
 20
129.5611174492161
 10
310.9728202195584
 20
129.5876961577006
 10
310.9670539026847
 20
129.614266273246
 10
310.9614958916173
 20
129.6408268316418
 10
310.9561464255679
 20
129.6673768736712
 10
310.9510057422239
 20
129.6939154449357
 10
310.9460740779643
 20
129.7204415956487
 10
310.9413516680689
 20
129.7469543804236
 10
310.9368387469227
 20
129.7734528580318
 10
310.9325355482114
 20
129.7999360911504
 10
310.9284423051113
 20
129.8264031460789
 10
310.9245592504666
 20
129.8528530924554
 10
310.9208866169603
 20
129.8792850029274
 10
310.9174246372707
 20
129.9056979528243
 10
310.9141735442172
 20
129.9320910197957
 10
310.9111335708928
 20
129.9584632834294
 10
310.9083049507797
 20
129.9848138248555
 10
310.9056879178511
 20
130.0111417263204
 10
310.9032827066541
 20
130.0374460707428
 10
310.9010895523745
 20
130.0637259412491
 10
310.8991086908802
 20
130.0899804206863
 10
310.8973403587448
 20
130.1162085911099
 10
310.8957847932465
 20
130.1424095332591
 10
310.894442232343
 20
130.1685823260028
 10
310.8933129146203
 20
130.194726045769
 10
310.892397079214
 20
130.2208397659595
 10
310.891694965701
 20
130.2469225563395
 10
310.8912068139618
 20
130.2729734824078
 10
310.8909328640088
 20
130.2989916047635
 10
310.890868035534
 20
130.3191935662523
  0
LWPOLYLINE
  5
222
330
1F
100
AcDbEntity
  8
Geometries
  6
Continuous
370
    40
100
AcDbPolyline
 90
      225
 70
   128
 43
0.0
 10
310.890868035534
 20
153.9975944131563
 10
310.8908255325375
 20
154.015482863828
 10
310.8905704066863
 20
154.0449519803988
 10
310.8900849277081
 20
154.0744448545474
 10
310.8893689636878
 20
154.1039659303281
 10
310.8884224212485
 20
154.1335138279808
 10
310.887245217951
 20
154.163087165188
 10
310.8858372825034
 20
154.1926845541822
 10
310.8841985549327
 20
154.2223046017922
 10
310.8823289867572
 20
154.2519459095008
 10
310.8802285411546
 20
154.2816070735076
 10
310.8778971931321
 20
154.3112866847951
 10
310.8753349296906
 20
154.3409833292139
 10
310.8725417499905
 20
154.3706955875524
 10
310.8695176655124
 20
154.4004220356399
 10
310.8662627002164
 20
154.4301612444333
 10
310.8627768906973
 20
154.4599117801276
 10
310.8590602863374
 20
154.4896722042618
 10
310.8551129494563
 20
154.5194410738337
 10
310.8509349554542
 20
154.5492169414304
 10
310.8465263929539
 20
154.5789983553509
 10
310.8418873639371
 20
154.608783859746
 10
310.8370179838761
 20
154.6385719947601
 10
310.8319183818606
 20
154.6683612966777
 10
310.8265887007196
 20
154.6981502980823
 10
310.8210290971376
 20
154.7279375280132
 10
310.8152397417657
 20
154.7577215121323
 10
310.8092208193265
 20
154.787500772895
 10
310.8029725287124
 20
154.8172738297317
 10
310.7964950830794
 20
154.8470391992229
 10
310.7897887099331
 20
154.8767953952898
 10
310.7828536512076
 20
154.9065409293878
 10
310.7756901633406
 20
154.9362743106965
 10
310.7682985173381
 20
154.9659940463253
 10
310.7606789988345
 20
154.9956986415133
 10
310.7528319081451
 20
155.0253865998382
 10
310.7447575603115
 20
155.0550564234258
 10
310.7364562851382
 20
155.0847066131683
 10
310.7279284272249
 20
155.1143356689343
 10
310.7191743459909
 20
155.1439420897869
 10
310.7101944156872
 20
155.1735243742152
 10
310.7009890254104
 20
155.2030810203413
 10
310.6915585790993
 20
155.232610526159
 10
310.6819034955318
 20
155.2621113897497
 10
310.6720242083114
 20
155.2915821095102
 10
310.6619211658455
 20
155.3210211843816
 10
310.6515948313181
 20
155.3504271140743
 10
310.641045682654
 20
155.3797983992984
 10
310.630274212479
 20
155.4091335419824
 10
310.6192809280693
 20
155.4384310455049
 10
310.6080663512949
 20
155.4676894149199
 10
310.5966310185601
 20
155.4969071571728
 10
310.5849754807311
 20
155.5260827813322
 10
310.5731003030621
 20
155.555214798803
 10
310.5610060651151
 20
155.584301723543
 10
310.5486933606687
 20
155.6133420722855
 10
310.5361627976288
 20
155.6423343647414
 10
310.5234149979242
 20
155.6712771238217
 10
310.5104505974066
 20
155.7001688758314
 10
310.4972702457383
 20
155.72900815068
 10
310.4838746062766
 20
155.7577934820798
 10
310.4702643559553
 20
155.7865234077401
 10
310.4564401851586
 20
155.8151964695612
 10
310.4424027975941
 20
155.8438112138188
 10
310.4281529101575
 20
155.872366191351
 10
310.4136912527968
 20
155.9008599577359
 10
310.3990185683733
 20
155.9292910734607
 10
310.3841356125141
 20
155.9576581040996
 10
310.369043153467
 20
155.9859596204733
 10
310.3537419719518
 20
156.0141941988066
 10
310.3382328610037
 20
156.0423604208887
 10
310.3225166258216
 20
156.0704568742173
 10
310.3065940836098
 20
156.0984821521437
 10
310.2904660634161
 20
156.1264348540163
 10
310.274133405976
 20
156.1543135853049
 10
310.257596963545
 20
156.1821169577381
 10
310.2408575997383
 20
156.2098435894194
 10
310.2239161893634
 20
156.2374921049501
 10
310.2067736182564
 20
156.2650611355378
 10
310.1894307831165
 20
156.2925493191016
 10
310.1718885913368
 20
156.319955300379
 10
310.1541479608409
 20
156.3472777310161
 10
310.136209819912
 20
156.3745152696654
 10
310.1180751070316
 20
156.4016665820634
 10
310.0997447707098
 20
156.4287303411176
 10
310.0812197693193
 20
156.4557052269823
 10
310.0625010709367
 20
156.4825899271205
 10
310.04358965317
 20
156.5093831363828
 10
310.0244865030027
 20
156.5360835570586
 10
310.0051926166307
 20
156.562689898934
 10
309.985708999299
 20
156.5892008793494
 10
309.9660366651478
 20
156.6156152232393
 10
309.9461766370534
 20
156.641931663178
 10
309.92612994647
 20
156.6681489394228
 10
309.9058976332831
 20
156.6942657999392
 10
309.8854807456511
 20
156.7202810004406
 10
309.8648803398598
 20
156.7461933044098
 10
309.8440974801749
 20
156.7720014831223
 10
309.8231332386961
 20
156.7977043156665
 10
309.8019886952127
 20
156.8233005889621
 10
309.7806649370643
 20
156.8487890977701
 10
309.7591630590063
 20
156.8741686446986
 10
309.7374841630672
 20
156.8994380402172
 10
309.7156293584204
 20
156.9245961026543
 10
309.6935997612536
 20
156.9496416581981
 10
309.6713964946388
 20
156.9745735408962
 10
309.6490206884052
 20
156.9993905926525
 10
309.6264734790212
 20
157.0240916632158
 10
309.6037560094713
 20
157.0486756101722
 10
309.5808694291359
 20
157.0731412989375
 10
309.557814893682
 20
157.0974876027373
 10
309.534593564947
 20
157.1217134025952
 10
309.5112066108278
 20
157.1458175873177
 10
309.487655205179
 20
157.1697990534698
 10
309.4639405277031
 20
157.1936567053598
 10
309.4400637638514
 20
157.2173894550154
 10
309.4160261047227
 20
157.240996222162
 10
309.3918287469712
 20
157.2644759341949
 10
309.3674728927051
 20
157.2878275261605
 10
309.342959749402
 20
157.3110499407232
 10
309.318290529816
 20
157.3341421281426
 10
309.2934664518917
 20
157.3571030462441
 10
309.2684887386775
 20
157.3799316603932
 10
309.2433586182499
 20
157.4026269434603
 10
309.2180773236286
 20
157.4251878757961
 10
309.1926460927002
 20
157.4476134452005
 10
309.167066168142
 20
157.4699026468935
 10
309.1413387973552
 20
157.4920544834789
 10
309.1154652323888
 20
157.5140679649189
 10
309.0894467298692
 20
157.535942108504
 10
309.0632845509407
 20
157.5576759388165
 10
309.0369799611961
 20
157.5792684877043
 10
309.0105342306155
 20
157.6007187942481
 10
308.9839486335057
 20
157.6220259047314
 10
308.9572244484452
 20
157.6431888726073
 10
308.93036295822
 20
157.6642067584739
 10
308.9033654497786
 20
157.6850786300367
 10
308.8762332141688
 20
157.7058035620869
 10
308.8489675464947
 20
157.7263806364659
 10
308.8215697458605
 20
157.7468089420413
 10
308.794041115332
 20
157.7670875746719
 10
308.7663829618771
 20
157.7872156371891
 10
308.7385965963311
 20
157.8071922393626
 10
308.7106833333507
 20
157.8270164978757
 10
308.6826444927171
 20
157.8466875353612
 10
308.6544814003568
 20
157.8662044797033
 10
308.6261953817108
 20
157.8855664685968
 10
308.5977877658862
 20
157.9047726465315
 10
308.5692598856232
 20
157.9238221647661
 10
308.5406130772587
 20
157.9427141813081
 10
308.5118486806954
 20
157.9614478608907
 10
308.4829680393666
 20
157.9800223749537
 10
308.4539725002102
 20
157.9984369016213
 10
308.4248634136306
 20
158.0166906256879
 10
308.3956421334772
 20
158.0347827385955
 10
308.3663100170139
 20
158.0527124384186
 10
308.3368684248934
 20
158.0704789298467
 10
308.3073187211273
 20
158.0880814241723
 10
308.2776622730677
 20
158.1055191392718
 10
308.2479004513771
 20
158.1227912995961
 10
308.2180346300105
 20
158.1398971361551
 10
308.1880661861897
 20
158.1568358865079
 10
308.1579965003845
 20
158.1736067947509
 10
308.1278269562894
 20
158.1902091115097
 10
308.0975589408062
 20
158.2066420939293
 10
308.0671938440244
 20
158.2229050056663
 10
308.036733059201
 20
158.2389971168839
 10
308.0061779827495
 20
158.2549177042422
 10
307.9755300142138
 20
158.270666050899
 10
307.9447905562596
 20
158.2862414465016
 10
307.9139610146578
 20
158.3016431871855
 10
307.8830427982657
 20
158.3168705755743
 10
307.8520373190157
 20
158.3319229207778
 10
307.8209459919045
 20
158.3467995383915
 10
307.7897702349741
 20
158.3614997505006
 10
307.7585114693073
 20
158.3760228856791
 10
307.7271711205772
 20
158.3903682782845
 10
307.6957506173783
 20
158.4045352692573
 10
307.664251389827
 20
158.4185232067357
 10
307.6326748710109
 20
158.4323314453781
 10
307.6010224969851
 20
158.4459593463685
 10
307.5692957067564
 20
158.4594062774275
 10
307.537495942279
 20
158.4726716128202
 10
307.5056246484379
 20
158.4857547333703
 10
307.4736832730566
 20
158.4986550264658
 10
307.4416732668689
 20
158.5113718860802
 10
307.4095960835322
 20
158.5239047127791
 10
307.3774531796049
 20
158.5362529137413
 10
307.3452460145501
 20
158.5484159027723
 10
307.3129760507219
 20
158.5603931003242
 10
307.2806447533653
 20
158.5721839335135
 10
307.2482535906107
 20
158.5837878361407
 10
307.2158040334642
 20
158.5952042487141
 10
307.1832975558053
 20
158.6064326184716
 10
307.1507356343823
 20
158.6174723994043
 10
307.1181197488132
 20
158.6283230522808
 10
307.0854513815672
 20
158.6389840446783
 10
307.0527320179758
 20
158.6494548510055
 10
307.0199631462228
 20
158.6597349525343
 10
306.9871462573388
 20
158.669823837431
 10
306.9542828452015
 20
158.6797210007867
 10
306.9213744065266
 20
158.6894259446532
 10
306.8884224408702
 20
158.6989381780755
 10
306.8554284506221
 20
158.7082572171293
 10
306.8223939410029
 20
158.7173825849586
 10
306.7893204200574
 20
158.7263138118156
 10
306.7562093986596
 20
158.7350504350988
 10
306.7230623904969
 20
158.743591999399
 10
306.6898809173337
 20
158.7519380552334
 10
306.6566665004862
 20
158.7600881613174
 10
306.6234206627369
 20
158.7680418840579
 10
306.5901449296925
 20
158.7757987972465
 10
306.5568408297733
 20
158.7833584821115
 10
306.5235098942081
 20
158.7907205273699
 10
306.490153657027
 20
158.7978845292809
 10
306.4567736550554
 20
158.8048500917014
 10
306.423371427906
 20
158.811616826143
 10
306.3899485179697
 20
158.8181843518304
 10
306.356506470405
 20
158.8245522957623
 10
306.3230468331352
 20
158.830720292772
 10
306.2895711568242
 20
158.8366879855931
 10
306.2560809948759
 20
158.842455024923
 10
306.222577903419
 20
158.8480210694902
 10
306.190834558331
 20
158.8531073651237
 10
306.1836407308612
 20
158.8542347131192
  0
LWPOLYLINE
  5
223
330
1F
100
AcDbEntity
  8
Geometries
  6
Continuous
370
    40
100
AcDbPolyline
 90
       63
 70
   128
 43
0.0
 10
257.7278409404441
 20
82.69701813932555
 10
257.7265049410094
 20
82.68805527076236
 10
257.724197294736
 20
82.67287275569187
 10
257.7218712113021
 20
82.6579380595614
 10
257.7195279635729
 20
82.64325237919087
 10
257.7171688562453
 20
82.62881688000496
 10
257.7147952262521
 20
82.61463269442845
 10
257.7124084431469
 20
82.60070092023167
 10
257.7100099094641
 20
82.58702261882677
 10
257.7076010610548
 20
82.57359881351954
 10
257.7051833673954
 20
82.56043048771271
 10
257.7027583318659
 20
82.54751858307161
 10
257.7003274919969
 20
82.53486399764257
 10
257.6978924196833
 20
82.52246758394233
 10
257.6954547213604
 20
82.51033014700376
 10
257.6930160381433
 20
82.4984524424006
 10
257.6905780459248
 20
82.4868351742384
 10
257.6881424554319
 20
82.475478993129
 10
257.6857110122374
 20
82.46438449414352
 10
257.6832854967257
 20
82.45355221475793
 10
257.6808677240109
 20
82.44298263279175
 10
257.6784595438064
 20
82.43267616434709
 10
257.6760628402432
 20
82.42263316175615
 10
257.6736795316371
 20
82.41285391154295
 10
257.6713115702048
 20
82.40333863240878
 10
257.6689609417258
 20
82.39408747324845
 10
257.6666296651529
 20
82.38510051120258
 10
257.6643197921693
 20
82.37637774976221
 10
257.6620334066944
 20
82.3679191169265
 10
257.6597726243385
 20
82.35972446342873
 10
257.6575395918072
 20
82.35179356103666
 10
257.6553364862597
 20
82.34412610093858
 10
257.6531655146205
 20
82.33672169222358
 10
257.6510289128488
 20
82.32957986046615
 10
257.6489289451695
 20
82.32270004642469
 10
257.6468679032684
 20
82.31608160486329
 10
257.6448481054564
 20
82.30972380350369
 10
257.6428718958081
 20
82.30362582211941
 10
257.6409416432793
 20
82.29778675177744
 10
257.6390597408103
 20
82.29220559423464
 10
257.6372286044203
 20
82.28688126149808
 10
257.6354506723005
 20
82.28181257555164
 10
257.6337284039123
 20
82.2769982682562
 10
257.6320642790993
 20
82.27243698142613
 10
257.6304607972188
 20
82.26812726708367
 10
257.6289204763044
 20
82.26406758789508
 10
257.6274458522634
 20
82.26025631778505
 10
257.6260394781214
 20
82.25669174272988
 10
257.6247039233203
 20
82.2533720617266
 10
257.6234417730784
 20
82.25029538793137
 10
257.6222556278209
 20
82.24745974996256
 10
257.6211481026893
 20
82.24486309336005
 10
257.6201218271362
 20
82.24250328219102
 10
257.6191794446128
 20
82.24037810079034
 10
257.6183236123578
 20
82.23848525562425
 10
257.6175570012901
 20
82.23682237726106
 10
257.616882296014
 20
82.23538702243337
 10
257.6163021949393
 20
82.23417667617481
 10
257.6158194105204
 20
82.23318875401122
 10
257.6154366696175
 20
82.23242060418703
 10
257.6151567139801
 20
82.2318695099042
 10
257.614982300854
 20
82.23153269155199
 10
257.6149162037108
 20
82.2314073089033
  0
LWPOLYLINE
  5
224
330
1F
100
AcDbEntity
  8
Geometries
  6
Continuous
370
    40
100
AcDbPolyline
 90
        3
 70
   128
 43
0.0
 10
313.1464302448469
 20
60.20961325121805
 10
313.1463145711028
 20
60.20936123194012
 10
313.1376969503565
 20
60.1907729174095
  0
LWPOLYLINE
  5
225
330
1F
100
AcDbEntity
  8
Geometries
  6
Continuous
370
    40
100
AcDbPolyline
 90
        3
 70
   128
 43
0.0
 10
313.1629428337305
 20
60.24630560747772
 10
313.1567359393582
 20
60.23234306575181
 10
313.1464302448469
 20
60.20961325121805
  0
ELLIPSE
  5
226
330
1F
100
AcDbEntity
  8
Geometries
  6
Continuous
370
    40
100
AcDbEllipse
 10
376.3605131261238
 20
112.1880768376827
 30
0.0
 11
-0.6546717653534411
 21
-0.8661609696869864
 31
0.0
210
0.0
220
0.0
230
1.0
 40
0.5667728467711864
 41
2.498176899131872
 42
2.846408057066773
  0
ELLIPSE
  5
227
330
1F
100
AcDbEntity
  8
Geometries
  6
Continuous
370
    40
100
AcDbEllipse
 10
338.1843838572412
 20
125.4809190770736
 30
0.0
 11
4.535380173965998
 21
-2.104859367692846
 31
0.0
210
0.0
220
0.0
230
0.9999999999999999
 40
0.788673682782816
 41
0.0533437059222612
 42
0.3508760723082105
  0
ELLIPSE
  5
228
330
1F
100
AcDbEntity
  8
Geometries
  6
Continuous
370
    40
100
AcDbEllipse
 10
371.2407779862622
 20
117.2630586656756
 30
0.0
 11
-0.6879716127733062
 21
4.447103452949807
 31
0.0
210
0.0
220
0.0
230
1.0
 40
0.2113250193211747
 41
5.346811910923927
 42
7.218997889072095
  0
ELLIPSE
  5
229
330
1F
100
AcDbEntity
  8
Geometries
  6
Continuous
370
    40
100
AcDbEllipse
 10
318.466194990446
 20
84.91678263087923
 30
0.0
 11
-4.535380173965998
 21
2.104859367692848
 31
0.0
210
0.0
220
0.0
230
0.9999999999999999
 40
0.7886736827828159
 41
5.063265052692901
 42
6.28054039280628
  0
ELLIPSE
  5
22A
330
1F
100
AcDbEntity
  8
Geometries
  6
Continuous
370
    40
100
AcDbEllipse
 10
293.6464001233557
 20
91.59032985082854
 30
0.0
 11
0.9012738645806266
 21
-1.052835772798119
 31
0.0
210
0.0
220
0.0
230
1.0
 40
0.4115075189509122
 41
3.589688144626181
 42
4.896489465162258
  0
ELLIPSE
  5
22B
330
1F
100
AcDbEntity
  8
Geometries
  6
Continuous
370
    40
100
AcDbEllipse
 10
276.4483202682787
 20
91.41697047195045
 30
0.0
 11
4.535380173965997
 21
-2.104859367692847
 31
0.0
210
0.0
220
0.0
230
1.0
 40
0.788673682782816
 41
0.3508760723082129
 42
1.921672399103113
  0
ELLIPSE
  5
22C
330
1F
100
AcDbEntity
  8
Geometries
  6
Continuous
370
    40
100
AcDbEllipse
 10
308.8069134451201
 20
62.73267783939379
 30
0.0
 11
4.535380173966
 21
-2.104859367692846
 31
0.0
210
0.0
220
0.0
230
1.0
 40
0.7886736827828157
 41
5.063265052692905
 42
6.218815554344506
  0
ELLIPSE
  5
22D
330
1F
100
AcDbEntity
  8
Geometries
  6
Continuous
370
    40
100
AcDbEllipse
 10
362.5703190763084
 20
135.9453011469482
 30
0.0
 11
-0.6879716127733062
 21
4.447103452949807
 31
0.0
210
0.0
220
0.0
230
1.0
 40
0.2113250193211747
 41
4.086415323677393
 42
5.155266138209686
  0
ELLIPSE
  5
22E
330
1F
100
AcDbEntity
  8
Geometries
  6
Continuous
370
    40
100
AcDbEllipse
 10
272.9599637961653
 20
142.6197223023785
 30
0.0
 11
2.500012051875258
 21
4.330127018922193
 31
0.0
210
0.0
220
0.0
230
1.0
 40
0.5773502691862715
 41
0.8354214305753218
 42
2.356196900564491
  0
ELLIPSE
  5
22F
330
1F
100
AcDbEntity
  8
Geometries
  6
Continuous
370
    40
100
AcDbEllipse
 10
293.6464001233557
 20
59.74696319464722
 30
0.0
 11
0.9012738645806257
 21
-1.052835772798118
 31
0.0
210
0.0
220
0.0
230
1.0
 40
0.4115075189509124
 41
3.58968814462619
 42
4.89648946516226
  0
ELLIPSE
  5
230
330
1F
100
AcDbEntity
  8
Geometries
  6
Continuous
370
    40
100
AcDbEllipse
 10
300.8865643531153
 20
90.46042986615274
 30
0.0
 11
-0.9831013156545255
 21
-0.8415780931145779
 31
0.0
210
0.0
220
0.0
230
0.9999999999999999
 40
0.2175226453810766
 41
1.122700835758502
 42
2.693497162553499
  0
ELLIPSE
  5
231
330
1F
100
AcDbEntity
  8
Geometries
  6
Continuous
370
    40
100
AcDbEllipse
 10
258.094451468711
 20
109.918794493521
 30
0.0
 11
-0.6879716127733055
 21
4.447103452949807
 31
0.0
210
0.0
220
0.0
230
0.9999999999999998
 40
0.2113250193211749
 41
0.8835067972843699
 42
0.935812581892753
  0
ELLIPSE
  5
232
330
1F
100
AcDbEntity
  8
Geometries
  6
Continuous
370
    40
100
AcDbEllipse
 10
272.6064095533757
 20
142.4155976651309
 30
0.0
 11
-2.500012051875258
 21
-4.330127018922195
 31
0.0
210
0.0
220
0.0
230
1.0
 40
0.5773502691862715
 41
2.356196900564492
 42
3.140494841713828
  0
ELLIPSE
  5
233
330
1F
100
AcDbEntity
  8
Geometries
  6
Continuous
370
    40
100
AcDbEllipse
 10
366.9055485312911
 20
126.6041799063004
 30
0.0
 11
-0.6879716127733063
 21
4.447103452949804
 31
0.0
210
0.0
220
0.0
230
1.0
 40
0.211325019321175
 41
4.086415323677378
 42
5.39469789383027
  0
ELLIPSE
  5
234
330
1F
100
AcDbEntity
  8
Geometries
  6
Continuous
370
    40
100
AcDbEllipse
 10
366.9055485312911
 20
126.6041799063004
 30
0.0
 11
-0.6879716127733063
 21
4.447103452949804
 31
0.0
210
0.0
220
0.0
230
1.0
 40
0.211325019321175
 41
5.429180611882777
 42
5.89244441657662
  0
ELLIPSE
  5
235
330
1F
100
AcDbEntity
  8
Geometries
  6
Continuous
370
    40
100
AcDbEllipse
 10
371.2407779862622
 20
117.2630586656756
 30
0.0
 11
-0.6879716127733062
 21
4.447103452949807
 31
0.0
210
0.0
220
0.0
230
1.0
 40
0.2113250193211747
 41
4.086415323677514
 42
5.223461143633
  0
ELLIPSE
  5
236
330
1F
100
AcDbEntity
  8
Geometries
  6
Continuous
370
    40
100
AcDbEllipse
 10
293.6464001233557
 20
91.59032985082854
 30
0.0
 11
0.9012738645806266
 21
-1.052835772798119
 31
0.0
210
0.0
220
0.0
230
1.0
 40
0.4115075189509122
 41
3.325693138367357
 42
3.589688144626181
  0
ELLIPSE
  5
237
330
1F
100
AcDbEntity
  8
Geometries
  6
Continuous
370
    40
100
AcDbEllipse
 10
305.8257906803997
 20
154.1652117096302
 30
0.0
 11
4.535380173966
 21
-2.104859367692845
 31
0.0
210
0.0
220
0.0
230
1.0
 40
0.7886736827828157
 41
0.3508760723082036
 42
1.921672399103107
  0
ELLIPSE
  5
238
330
1F
100
AcDbEntity
  8
Geometries
  6
Continuous
370
    40
100
AcDbEllipse
 10
262.4296809236809
 20
77.71576898692317
 30
0.0
 11
-0.6879716127733054
 21
4.447103452949801
 31
0.0
210
0.0
220
0.0
230
1.0
 40
0.211325019321175
 41
0.9358125818925955
 42
2.013658885100757
  0
ELLIPSE
  5
239
330
1F
100
AcDbEntity
  8
Geometries
  6
Continuous
370
    40
100
AcDbEllipse
 10
359.1111210596257
 20
76.75683373827998
 30
0.0
 11
2.500012051875263
 21
4.330127018922194
 31
0.0
210
0.0
220
0.0
230
1.0
 40
0.577350269186272
 41
3.389407697023687
 42
3.92699322735939
  0
ELLIPSE
  5
23A
330
1F
100
AcDbEntity
  8
Geometries
  6
Continuous
370
    40
100
AcDbEllipse
 10
338.1843838572412
 20
125.4809190770736
 30
0.0
 11
4.535380173965998
 21
-2.104859367692846
 31
0.0
210
0.0
220
0.0
230
0.9999999999999999
 40
0.788673682782816
 41
0.0517568892097987
 42
0.053343705922261
  0
ELLIPSE
  5
23B
330
1F
100
AcDbEntity
  8
Geometries
  6
Continuous
370
    40
100
AcDbEllipse
 10
338.1843838572412
 20
125.4809190770736
 30
0.0
 11
4.535380173965998
 21
-2.104859367692846
 31
0.0
210
0.0
220
0.0
230
0.9999999999999999
 40
0.788673682782816
 41
5.063265052692901
 42
6.334942196389385
  0
ELLIPSE
  5
23C
330
1F
100
AcDbEntity
  8
Geometries
  6
Continuous
370
    40
100
AcDbEllipse
 10
347.843665402567
 20
147.6650238685589
 30
0.0
 11
-4.535380173965998
 21
2.104859367692848
 31
0.0
210
0.0
220
0.0
230
1.0
 40
0.7886736827828157
 41
5.063265052692898
 42
6.28054039280628
  0
ELLIPSE
  5
23D
330
1F
100
AcDbEntity
  8
Geometries
  6
Continuous
370
    40
100
AcDbEllipse
 10
315.4850722257255
 20
128.9925148073074
 30
0.0
 11
4.535380173965998
 21
-2.104859367692846
 31
0.0
210
0.0
220
0.0
230
0.9999999999999999
 40
0.788673682782816
 41
3.492468725897995
 42
5.063265052692903
  0
ELLIPSE
  5
23E
330
1F
100
AcDbEntity
  8
Geometries
  6
Continuous
370
    40
100
AcDbEllipse
 10
272.6064095533757
 20
142.4155976651309
 30
0.0
 11
-2.500012051875258
 21
-4.330127018922195
 31
0.0
210
0.0
220
0.0
230
1.0
 40
0.5773502691862715
 41
3.140494841713829
 42
3.876972370553577
  0
ELLIPSE
  5
23F
330
1F
100
AcDbEntity
  8
Geometries
  6
Continuous
370
    40
100
AcDbEllipse
 10
279.6774944091666
 20
122.8196895631804
 30
0.0
 11
2.500012051875258
 21
4.330127018922195
 31
0.0
210
0.0
220
0.0
230
1.0
 40
0.5773502691862717
 41
2.356196900564489
 42
2.895619353309268
  0
ELLIPSE
  5
240
330
1F
100
AcDbEntity
  8
Geometries
  6
Continuous
370
    40
100
AcDbEllipse
 10
276.2700059719329
 20
91.0361034903394
 30
0.0
 11
-4.528286162491208
 21
2.120052931082304
 31
0.0
210
0.0
220
0.0
230
0.9999999999999999
 40
0.7882092451938488
 41
3.495113640271325
 42
5.065909967066204
  0
ELLIPSE
  5
241
330
1F
100
AcDbEntity
  8
Geometries
  6
Continuous
370
    40
100
AcDbEllipse
 10
276.009066747809
 20
90.47875538806896
 30
0.0
 11
3.622628929992966
 21
-1.696042344865843
 31
0.0
210
0.0
220
0.0
230
1.0
 40
0.7882092451938483
 41
0.3535209866815153
 42
1.924317313476415
  0
ELLIPSE
  5
242
330
1F
100
AcDbEntity
  8
Geometries
  6
Continuous
370
    40
100
AcDbEllipse
 10
330.6460054941779
 20
154.02453411413
 30
0.0
 11
1.0
 21
-1.246832498358330E-15
 31
0.0
210
0.0
220
0.0
230
1.0
 40
0.5773502691896264
 41
6.019190300920758
 42
6.283185307179587
  0
ELLIPSE
  5
243
330
1F
100
AcDbEntity
  8
Geometries
  6
Continuous
370
    40
100
AcDbEllipse
 10
280.1314268944713
 20
66.755089318275
 30
0.0
 11
-1.0
 21
5.421010862427522E-17
 31
0.0
210
0.0
220
0.0
230
1.0
 40
0.5773502691896256
 41
1.306801320536068
 42
2.877597647330945
  0
ELLIPSE
  5
244
330
1F
100
AcDbEntity
  8
Geometries
  6
Continuous
370
    40
100
AcDbEllipse
 10
318.262958504538
 20
87.74866990293093
 30
0.0
 11
0.1541936178655612
 21
0.9880406510916091
 31
0.0
210
0.0
220
0.0
230
1.0
 40
0.2130559843271497
 41
0.6321959758139664
 42
2.202992302608855
  0
ELLIPSE
  5
245
330
1F
100
AcDbEntity
  8
Geometries
  6
Continuous
370
    40
100
AcDbEllipse
 10
252.1208846553827
 20
96.14678442425384
 30
0.0
 11
0.6820695766761898
 21
-4.448008665973217
 31
0.0
210
0.0
220
0.0
230
1.0
 40
0.2095927277413139
 41
4.077685642664318
 42
7.228288384448804
  0
ELLIPSE
  5
246
330
1F
100
AcDbEntity
  8
Geometries
  6
Continuous
370
    40
100
AcDbEllipse
 10
323.4058412644184
 20
155.1544340988058
 30
0.0
 11
0.1541936178655617
 21
0.9880406510916091
 31
0.0
210
0.0
220
0.0
230
1.0
 40
0.2130559843271504
 41
6.28318530717956
 42
6.915381282993607
  0
ELLIPSE
  5
247
330
1F
100
AcDbEntity
  8
Geometries
  6
Continuous
370
    40
100
AcDbEllipse
 10
318.0020192804141
 20
83.92533547694953
 30
0.0
 11
3.622628929992966
 21
-1.696042344865843
 31
0.0
210
0.0
220
0.0
230
1.0
 40
0.7882092451938483
 41
1.924317313476412
 42
3.495113640271309
  0
ELLIPSE
  5
248
330
1F
100
AcDbEntity
  8
Geometries
  6
Continuous
370
    40
100
AcDbEllipse
 10
306.0294471129956
 20
157.8661940620276
 30
0.0
 11
-0.1541936178655608
 21
-0.9880406510916091
 31
0.0
210
0.0
220
0.0
230
1.0
 40
0.2130559843271491
 41
3.141592653589766
 42
3.773788629403755
  0
ELLIPSE
  5
249
330
1F
100
AcDbEntity
  8
Geometries
  6
Continuous
370
    40
100
AcDbEllipse
 10
308.609406198192
 20
57.41183655965057
 30
0.0
 11
0.1541936178655602
 21
0.9880406510916095
 31
0.0
210
0.0
220
0.0
230
1.0
 40
0.2130559843271482
 41
0.632195975813966
 42
2.202992302608855
  0
ELLIPSE
  5
24A
330
1F
100
AcDbEntity
  8
Geometries
  6
Continuous
370
    40
100
AcDbEllipse
 10
285.662619054155
 20
65.29382122826388
 30
0.0
 11
-5.43394339498945
 21
2.544063517298766
 31
0.0
210
0.0
220
0.0
230
1.0
 40
0.7882092451938489
 41
0.3535209866815149
 42
1.924317313476413
  0
ELLIPSE
  5
24B
330
1F
100
AcDbEntity
  8
Geometries
  6
Continuous
370
    40
100
AcDbEllipse
 10
271.738393961002
 20
143.3280998191798
 30
0.0
 11
-2.508238086986355
 21
-4.325360297014692
 31
0.0
210
0.0
220
0.0
230
1.0
 40
0.5786165174525347
 41
3.978111896041122
 42
5.498887366030246
  0
ELLIPSE
  5
24C
330
1F
100
AcDbEntity
  8
Geometries
  6
Continuous
370
    40
100
AcDbEllipse
 10
314.4015375819997
 20
61.40689605747639
 30
0.0
 11
-1.0
 21
5.421010862427522E-17
 31
0.0
210
0.0
220
0.0
230
1.0
 40
0.5773502691896256
 41
0.0000000000001203
 42
1.306801320536074
  0
ELLIPSE
  5
24D
330
1F
100
AcDbEntity
  8
Geometries
  6
Continuous
370
    40
100
AcDbEllipse
 10
366.2011070072131
 20
129.7929378847126
 30
0.0
 11
0.9999933976827101
 21
0.003633812184162952
 31
0.0
210
0.0
220
0.0
230
1.0
 40
0.577990615112512
 41
4.969893597351281
 42
6.000845630991677
  0
ELLIPSE
  5
24E
330
1F
100
AcDbEntity
  8
Geometries
  6
Continuous
370
    40
100
AcDbEllipse
 10
256.4205697632847
 20
109.6621169841088
 30
0.0
 11
-0.8336405937153428
 21
5.436455036189487
 31
0.0
210
0.0
220
0.0
230
1.0
 40
0.2095927277413137
 41
4.086128479191827
 42
5.651550145729503
  0
ELLIPSE
  5
24F
330
1F
100
AcDbEntity
  8
Geometries
  6
Continuous
370
    40
100
AcDbEllipse
 10
260.7202548711846
 20
77.45364101201504
 30
0.0
 11
0.6820695766761892
 21
-4.448008665973214
 31
0.0
210
0.0
220
0.0
230
1.0
 40
0.209592727741314
 41
4.077685642664346
 42
7.228288384448803
  0
ELLIPSE
  5
250
330
1F
100
AcDbEntity
  8
Geometries
  6
Continuous
370
    40
100
AcDbEllipse
 10
260.7202548711858
 20
100.3155452779881
 30
0.0
 11
0.6820695766761896
 21
-4.448008665973215
 31
0.0
210
0.0
220
0.0
230
1.0
 40
0.209592727741314
 41
0.9451030772696656
 42
2.0188734319186
  0
ELLIPSE
  5
251
330
1F
100
AcDbEntity
  8
Geometries
  6
Continuous
370
    40
100
AcDbEllipse
 10
330.6460054941779
 20
154.02453411413
 30
0.0
 11
0.9056572324982398
 21
-0.4240105862164655
 31
0.0
210
0.0
220
0.0
230
1.0
 40
0.788209245193848
 41
0.3535209866815216
 42
1.924317313476402
  0
ELLIPSE
  5
252
330
1F
100
AcDbEntity
  8
Geometries
  6
Continuous
370
    40
100
AcDbEllipse
 10
280.1314268944714
 20
90.43349016517905
 30
0.0
 11
-1.0
 21
5.421010862427522E-17
 31
0.0
210
0.0
220
0.0
230
1.0
 40
0.5773502691896256
 41
1.306801320536066
 42
2.877597647330966
  0
ELLIPSE
  5
253
330
1F
100
AcDbEntity
  8
Geometries
  6
Continuous
370
    40
100
AcDbEllipse
 10
346.5293587225996
 20
68.0961294546388
 30
0.0
 11
-2.508238086986359
 21
-4.325360297014693
 31
0.0
210
0.0
220
0.0
230
1.0
 40
0.5786165174525348
 41
0.7864983856455668
 42
2.357294712440448
  0
ELLIPSE
  5
254
330
1F
100
AcDbEntity
  8
Geometries
  6
Continuous
370
    40
100
AcDbEllipse
 10
265.8382273054801
 20
95.93007312787051
 30
0.0
 11
-0.1541936178655598
 21
-0.9880406510916093
 31
0.0
210
0.0
220
0.0
230
1.0
 40
0.2130559843271507
 41
3.773788629403749
 42
5.344584956198664
  0
ELLIPSE
  5
255
330
1F
100
AcDbEntity
  8
Geometries
  6
Continuous
370
    40
100
AcDbEllipse
 10
353.261606038998
 20
95.66482802574987
 30
0.0
 11
2.508238086986359
 21
4.325360297014693
 31
0.0
210
0.0
220
0.0
230
0.9999999999999999
 40
0.5786165174525351
 41
6.283185307179584
 42
6.969516271663585
  0
ELLIPSE
  5
256
330
1F
100
AcDbEntity
  8
Geometries
  6
Continuous
370
    40
100
AcDbEllipse
 10
308.6094061981921
 20
62.31081604521699
 30
0.0
 11
4.528286162491209
 21
-2.120052931082301
 31
0.0
210
0.0
220
0.0
230
1.0
 40
0.7882092451938484
 41
5.0659099670662
 42
6.283188438700597
  0
ELLIPSE
  5
257
330
1F
100
AcDbEntity
  8
Geometries
  6
Continuous
370
    40
100
AcDbEllipse
 10
257.3870615287524
 20
109.810321423182
 30
0.0
 11
0.6820695766761898
 21
-4.448008665973217
 31
0.0
210
0.0
220
0.0
230
0.9999999999999999
 40
0.2095927277413139
 41
3.47375754680898
 42
4.07768564266451
  0
ELLIPSE
  5
258
330
1F
100
AcDbEntity
  8
Geometries
  6
Continuous
370
    40
100
AcDbEllipse
 10
285.923558278279
 20
65.85116933053442
 30
0.0
 11
4.528286162491209
 21
-2.120052931082301
 31
0.0
210
0.0
220
0.0
230
1.0
 40
0.7882092451938484
 41
3.495113640271319
 42
5.065909967066202
  0
ELLIPSE
  5
259
330
1F
100
AcDbEntity
  8
Geometries
  6
Continuous
370
    40
100
AcDbEllipse
 10
348.0223996456007
 20
148.0467878271973
 30
0.0
 11
4.528286162491209
 21
-2.120052931082301
 31
0.0
210
0.0
220
0.0
230
1.0
 40
0.7882092451938486
 41
1.924317313476411
 42
3.141592653589791
  0
ELLIPSE
  5
25A
330
1F
100
AcDbEntity
  8
Geometries
  6
Continuous
370
    40
100
AcDbEllipse
 10
257.3870615287514
 20
86.9484171572077
 30
0.0
 11
0.6820695766761887
 21
-4.448008665973211
 31
0.0
210
0.0
220
0.0
230
1.0
 40
0.2095927277413138
 41
4.07768564266432
 42
5.951023698833007
  0
ELLIPSE
  5
25B
330
1F
100
AcDbEntity
  8
Geometries
  6
Continuous
370
    40
100
AcDbEllipse
 10
367.6129384712496
 20
126.7126529766394
 30
0.0
 11
-0.6820695766761893
 21
4.448008665973217
 31
0.0
210
0.0
220
0.0
230
0.9999999999999999
 40
0.2095927277413137
 41
0.390460432231643
 42
0.936092989074706
  0
ELLIPSE
  5
25C
330
1F
100
AcDbEntity
  8
Geometries
  6
Continuous
370
    40
100
AcDbEllipse
 10
265.8382273054801
 20
95.93007312787051
 30
0.0
 11
1.0
 21
-1.517883041479706E-15
 31
0.0
210
0.0
220
0.0
230
1.0
 40
0.5773502691896264
 41
3.401196422929282
 42
4.448393974125864
  0
ELLIPSE
  5
25D
330
1F
100
AcDbEntity
  8
Geometries
  6
Continuous
370
    40
100
AcDbEllipse
 10
285.9235582782789
 20
60.95218984496803
 30
0.0
 11
-0.1541936178655593
 21
-0.9880406510916093
 31
0.0
210
0.0
220
0.0
230
1.0
 40
0.213055984327152
 41
3.773788629403757
 42
5.344584956198656
  0
ELLIPSE
  5
25E
330
1F
100
AcDbEntity
  8
Geometries
  6
Continuous
370
    40
100
AcDbEllipse
 10
323.4058412644184
 20
155.1544340988058
 30
0.0
 11
-0.9056572324982467
 21
0.4240105862164495
 31
0.0
210
0.0
220
0.0
230
1.0
 40
0.7882092451938327
 41
5.065909967066207
 42
6.283185307179579
  0
ELLIPSE
  5
25F
330
1F
100
AcDbEntity
  8
Geometries
  6
Continuous
370
    40
100
AcDbEllipse
 10
260.7202548711858
 20
100.3155452779881
 30
0.0
 11
0.6820695766761896
 21
-4.448008665973215
 31
0.0
210
0.0
220
0.0
230
1.0
 40
0.209592727741314
 41
2.205499664516075
 42
4.077685642664253
  0
ELLIPSE
  5
260
330
1F
100
AcDbEntity
  8
Geometries
  6
Continuous
370
    40
100
AcDbEllipse
 10
256.4205697632847
 20
109.6621169841088
 30
0.0
 11
-0.8336405937153428
 21
5.436455036189487
 31
0.0
210
0.0
220
0.0
230
1.0
 40
0.2095927277413137
 41
5.651550145729503
 42
7.21927829888002
  0
ELLIPSE
  5
261
330
1F
100
AcDbEntity
  8
Geometries
  6
Continuous
370
    40
100
AcDbEllipse
 10
353.6159348451242
 20
95.84803979826535
 30
0.0
 11
2.508238086986359
 21
4.325360297014693
 31
0.0
210
0.0
220
0.0
230
0.9999999999999999
 40
0.5786165174525351
 41
0.786498385645557
 42
2.357294712440458
  0
ELLIPSE
  5
262
330
1F
100
AcDbEntity
  8
Geometries
  6
Continuous
370
    40
100
AcDbEllipse
 10
306.0294471129956
 20
154.6002077383167
 30
0.0
 11
4.528286162491209
 21
-2.120052931082301
 31
0.0
210
0.0
220
0.0
230
1.0
 40
0.7882092451938486
 41
0.3535209866815173
 42
1.924317313476411
  0
ELLIPSE
  5
263
330
1F
100
AcDbEntity
  8
Geometries
  6
Continuous
370
    40
100
AcDbEllipse
 10
338.3688473392547
 20
120.9759408076279
 30
0.0
 11
-0.1541936178655602
 21
-0.9880406510916098
 31
0.0
210
0.0
220
0.0
230
0.9999999999999998
 40
0.2130559843271498
 41
3.141596489328058
 42
3.773788629403765
  0
ELLIPSE
  5
264
330
1F
100
AcDbEntity
  8
Geometries
  6
Continuous
370
    40
100
AcDbEllipse
 10
315.6829994193416
 20
129.4152735785117
 30
0.0
 11
-4.528286162491208
 21
2.120052931082303
 31
0.0
210
0.0
220
0.0
230
1.0
 40
0.7882092451938487
 41
0.3535209866815168
 42
1.924317313476415
  0
ELLIPSE
  5
265
330
1F
100
AcDbEntity
  8
Geometries
  6
Continuous
370
    40
100
AcDbEllipse
 10
315.6829994193416
 20
124.5162940929453
 30
0.0
 11
-0.1541936178655677
 21
-0.9880406510916095
 31
0.0
210
0.0
220
0.0
230
0.9999999999999999
 40
0.2130559843271575
 41
3.141588689998297
 42
3.773788629403756
  0
ARC
  5
266
330
1F
100
AcDbEntity
  8
Geometries
  6
Continuous
370
    40
100
AcDbCircle
 10
330.6460054941779
 20
154.02453411413
 30
0.0
 40
1.000000000000001
100
AcDbArc
 50
0.0
 51
81.12996826095878
  0
ARC
  5
267
330
1F
100
AcDbEntity
  8
Geometries
  6
Continuous
370
    40
100
AcDbCircle
 10
323.4058412644184
 20
155.1544340988058
 30
0.0
 40
0.9999999999999993
100
AcDbArc
 50
81.12996826096199
 51
154.9119471958749
  0
ARC
  5
268
330
1F
100
AcDbEntity
  8
Geometries
  6
Continuous
370
    40
100
AcDbCircle
 10
251.4744484340914
 20
83.5870811479557
 30
0.0
 40
6.316417497113314
100
AcDbArc
 50
351.8993402942464
 51
356.8569510682447
  0
ARC
  5
269
330
1F
100
AcDbEntity
  8
Geometries
  6
Continuous
370
    40
100
AcDbCircle
 10
258.1487576315017
 20
83.90480213896186
 30
0.0
 40
0.349887037523332
100
AcDbArc
 50
180.3852308633431
 51
205.282907091863
  0
ARC
  5
26A
330
1F
100
AcDbEntity
  8
Geometries
  6
Continuous
370
    40
100
AcDbCircle
 10
258.1487576523155
 20
106.7667064123725
 30
0.0
 40
0.3498870592634707
100
AcDbArc
 50
180.3852605339767
 51
205.2829066485768
  0
ARC
  5
26B
330
1F
100
AcDbEntity
  8
Geometries
  6
Continuous
370
    40
100
AcDbCircle
 10
310.5137398233317
 20
61.39359072622786
 30
0.0
 40
2.887828410208484
100
AcDbArc
 50
339.9205533389242
 51
0.2639845290142942
  0
LINE
  5
26C
330
1F
100
AcDbEntity
  8
Geometries
  6
Continuous
370
    40
100
AcDbLine
 10
348.8580480187288
 20
70.83721925809732
 30
0.0
 11
350.072646783862
 21
70.13288420300003
 31
0.0
  0
LINE
  5
26D
330
1F
100
AcDbEntity
  8
Geometries
  6
Continuous
370
    40
100
AcDbLine
 10
281.0967821251059
 20
90.28283683388895
 30
0.0
 11
281.0967821251059
 21
66.60443598698488
 31
0.0
  0
LINE
  5
26E
330
1F
100
AcDbEntity
  8
Geometries
  6
Continuous
370
    40
100
AcDbLine
 10
293.3854608992318
 20
59.18961509237671
 30
0.0
 11
285.662619054155
 21
60.39484174269753
 31
0.0
  0
LINE
  5
26F
330
1F
100
AcDbEntity
  8
Geometries
  6
Continuous
370
    40
100
AcDbLine
 10
265.8888789403743
 20
110.7763458058823
 30
0.0
 11
264.6518178384775
 21
111.4937065709146
 31
0.0
  0
LINE
  5
270
330
1F
100
AcDbEntity
  8
Geometries
  6
Continuous
370
    40
100
AcDbLine
 10
293.3854608992318
 20
91.03298174855803
 30
0.0
 11
293.3854608992318
 21
59.18961509237671
 31
0.0
  0
LINE
  5
271
330
1F
100
AcDbEntity
  8
Geometries
  6
Continuous
370
    40
100
AcDbLine
 10
377.1296850265329
 20
112.9088304007903
 30
0.0
 11
360.0702534738203
 21
149.9922902988344
 31
0.0
  0
LINE
  5
272
330
1F
100
AcDbEntity
  8
Geometries
  6
Continuous
370
    40
100
AcDbLine
 10
300.6256251289913
 20
89.90308176388226
 30
0.0
 11
293.3854608992318
 21
91.03298174855803
 31
0.0
  0
LINE
  5
273
330
1F
100
AcDbEntity
  8
Geometries
  6
Continuous
370
    40
100
AcDbLine
 10
358.4619407771256
 20
150.1048538560942
 30
0.0
 11
358.4619407771256
 21
117.4449906189851
 31
0.0
  0
LINE
  5
274
330
1F
100
AcDbEntity
  8
Geometries
  6
Continuous
370
    40
100
AcDbLine
 10
322.2465693074536
 20
124.5040875231568
 30
0.0
 11
322.2465693074536
 21
154.8908947391293
 31
0.0
  0
LINE
  5
275
330
1F
100
AcDbEntity
  8
Geometries
  6
Continuous
370
    40
100
AcDbLine
 10
338.5230409571203
 20
121.9639814587195
 30
0.0
 11
331.6460054941779
 21
123.0372115703038
 31
0.0
  0
LINE
  5
276
330
1F
100
AcDbEntity
  8
Geometries
  6
Continuous
370
    40
100
AcDbLine
 10
308.3484669740681
 20
56.85448845738014
 30
0.0
 11
300.6256251289913
 21
58.05971510770093
 31
0.0
  0
LINE
  5
277
330
1F
100
AcDbEntity
  8
Geometries
  6
Continuous
370
    40
100
AcDbLine
 10
318.466194990446
 20
88.99926553551786
 30
0.0
 11
318.262958504538
 21
88.56516648385865
 31
0.0
  0
LINE
  5
278
330
1F
100
AcDbEntity
  8
Geometries
  6
Continuous
370
    40
100
AcDbLine
 10
310.890868035534
 20
130.3191935662523
 30
0.0
 11
310.890868035534
 21
153.9975944131563
 31
0.0
  0
LINE
  5
279
330
1F
100
AcDbEntity
  8
Geometries
  6
Continuous
370
    40
100
AcDbLine
 10
318.466194990446
 20
88.99926553551786
 30
0.0
 11
329.3232379316638
 21
87.31967514730479
 31
0.0
  0
LINE
  5
27A
330
1F
100
AcDbEntity
  8
Geometries
  6
Continuous
370
    40
100
AcDbLine
 10
341.5687554368325
 20
93.00555655847575
 30
0.0
 11
341.5687554368325
 21
62.54626131909887
 31
0.0
  0
LINE
  5
27B
330
1F
100
AcDbEntity
  8
Geometries
  6
Continuous
370
    40
100
AcDbLine
 10
302.0454163633921
 20
59.69620217354828
 30
0.0
 11
301.8519195837499
 21
59.28290645960903
 31
0.0
  0
LINE
  5
27C
330
1F
100
AcDbEntity
  8
Geometries
  6
Continuous
370
    40
100
AcDbLine
 10
341.5687554368325
 20
62.54626131909887
 30
0.0
 11
341.5687554368325
 21
61.16218990229441
 31
0.0
  0
LINE
  5
27D
330
1F
100
AcDbEntity
  8
Geometries
  6
Continuous
370
    40
100
AcDbLine
 10
341.5687554368325
 20
61.16218990229441
 30
0.0
 11
346.5293587225997
 21
64.01364655000017
 31
0.0
  0
LINE
  5
27E
330
1F
100
AcDbEntity
  8
Geometries
  6
Continuous
370
    40
100
AcDbLine
 10
343.4941134831095
 20
150.1668407582796
 30
0.0
 11
343.3126917699331
 21
149.7793365496311
 31
0.0
  0
LINE
  5
27F
330
1F
100
AcDbEntity
  8
Geometries
  6
Continuous
370
    40
100
AcDbLine
 10
350.072646783862
 20
70.13288420300003
 30
0.0
 11
350.072646783862
 21
93.8112850499041
 31
0.0
  0
LINE
  5
280
330
1F
100
AcDbEntity
  8
Geometries
  6
Continuous
370
    40
100
AcDbLine
 10
367.2011013150925
 20
109.1884697680552
 30
0.0
 11
368.0702164812102
 21
109.69025364317
 31
0.0
  0
LINE
  5
281
330
1F
100
AcDbEntity
  8
Geometries
  6
Continuous
370
    40
100
AcDbLine
 10
256.9297684404324
 20
89.57770655738518
 30
0.0
 11
256.231927683098
 21
89.47069778431701
 31
0.0
  0
LINE
  5
282
330
1F
100
AcDbEntity
  8
Geometries
  6
Continuous
370
    40
100
AcDbLine
 10
356.8048941002602
 20
74.00271822488642
 30
0.0
 11
356.8048941002602
 21
97.70158277411112
 31
0.0
  0
LINE
  5
283
330
1F
100
AcDbEntity
  8
Geometries
  6
Continuous
370
    40
100
AcDbLine
 10
361.4056360480415
 20
138.466117476764
 30
0.0
 11
361.4056360480415
 21
115.6042132107881
 31
0.0
  0
LINE
  5
284
330
1F
100
AcDbEntity
  8
Geometries
  6
Continuous
370
    40
100
AcDbLine
 10
295.6767620683362
 20
159.8177548045815
 30
0.0
 11
284.6272538082202
 21
153.4383182361906
 31
0.0
  0
LINE
  5
285
330
1F
100
AcDbEntity
  8
Geometries
  6
Continuous
370
    40
100
AcDbLine
 10
365.3087854472897
 20
106.6518133724961
 30
0.0
 11
365.3087854472897
 21
74.80844671631478
 31
0.0
  0
LINE
  5
286
330
1F
100
AcDbEntity
  8
Geometries
  6
Continuous
370
    40
100
AcDbLine
 10
302.0454163633921
 20
91.53956882972959
 30
0.0
 11
301.8519195837499
 21
91.1262731157904
 31
0.0
  0
LINE
  5
287
330
1F
100
AcDbEntity
  8
Geometries
  6
Continuous
370
    40
100
AcDbLine
 10
313.4015375819996
 20
85.08529690438039
 30
0.0
 11
313.4015375819996
 21
61.40689605747632
 31
0.0
  0
LINE
  5
288
330
1F
100
AcDbEntity
  8
Geometries
  6
Continuous
370
    40
100
AcDbLine
 10
302.0454163633921
 20
91.53956882972959
 30
0.0
 11
302.0454163633921
 21
59.69620217354828
 31
0.0
  0
LINE
  5
289
330
1F
100
AcDbEntity
  8
Geometries
  6
Continuous
370
    40
100
AcDbLine
 10
260.9391195413207
 20
139.7619675405961
 30
0.0
 11
260.9391195413207
 21
109.359571339676
 31
0.0
  0
LINE
  5
28A
330
1F
100
AcDbEntity
  8
Geometries
  6
Continuous
370
    40
100
AcDbLine
 10
292.6464001233557
 20
60.71951976935676
 30
0.0
 11
292.6464001233557
 21
60.53517243984107
 31
0.0
  0
LINE
  5
28B
330
1F
100
AcDbEntity
  8
Geometries
  6
Continuous
370
    40
100
AcDbLine
 10
265.8382273054801
 20
96.74656970879825
 30
0.0
 11
276.2700059719329
 21
95.11858639497807
 31
0.0
  0
LINE
  5
28C
330
1F
100
AcDbEntity
  8
Geometries
  6
Continuous
370
    40
100
AcDbLine
 10
261.3703024293953
 20
108.1675444409146
 30
0.0
 11
261.669160920118
 21
107.5235938900552
 31
0.0
  0
LINE
  5
28D
330
1F
100
AcDbEntity
  8
Geometries
  6
Continuous
370
    40
100
AcDbLine
 10
261.669160920118
 20
107.5235938900552
 30
0.0
 11
266.5380592228744
 21
97.03257609579205
 31
0.0
  0
LINE
  5
28E
330
1F
100
AcDbEntity
  8
Geometries
  6
Continuous
370
    40
100
AcDbLine
 10
266.5380592228744
 20
97.03257609579205
 30
0.0
 11
276.4483202682787
 21
95.49945337658909
 31
0.0
  0
LINE
  5
28F
330
1F
100
AcDbEntity
  8
Geometries
  6
Continuous
370
    40
100
AcDbLine
 10
276.2700059719329
 20
95.11858639497807
 30
0.0
 11
276.4483202682787
 21
95.49945337658909
 31
0.0
  0
LINE
  5
290
330
1F
100
AcDbEntity
  8
Geometries
  6
Continuous
370
    40
100
AcDbLine
 10
248.6394868738762
 20
134.1328565332758
 30
0.0
 11
265.8382273054801
 21
96.74656970879825
 31
0.0
  0
LINE
  5
291
330
1F
100
AcDbEntity
  8
Geometries
  6
Continuous
370
    40
100
AcDbLine
 10
315.4850722257255
 20
124.9100319026688
 30
0.0
 11
322.2465693074536
 21
123.8640246638757
 31
0.0
  0
LWPOLYLINE
  5
292
330
1F
100
AcDbEntity
  8
Geometries
  6
Continuous
370
    40
100
AcDbPolyline
 90
      172
 70
   128
 43
0.0
 10
342.8017260334177
 20
123.5698100841807
 10
342.7899740894638
 20
123.549209964519
 10
342.7772566301945
 20
123.5273727611929
 10
342.764335473943
 20
123.505647989483
 10
342.7512115496155
 20
123.4840369352293
 10
342.7378858034259
 20
123.4625408577883
 10
342.7243591975304
 20
123.441160989245
 10
342.7106327086541
 20
123.419898533739
 10
342.6967073267172
 20
123.3987546669047
 10
342.6825840534661
 20
123.3777305354227
 10
342.6682639011236
 20
123.3568272566913
 10
342.6537478910567
 20
123.3360459186042
 10
342.6390370524758
 20
123.315387579442
 10
342.6241324211669
 20
123.294853267869
 10
342.6090350382661
 20
123.2744439830352
 10
342.5937459490764
 20
123.2541606947735
 10
342.578266201939
 20
123.2340043438968
 10
342.5625968471545
 20
123.213975842578
 10
342.546738935964
 20
123.1940760748158
 10
342.5306935195893
 20
123.1743058969778
 10
342.514461648336
 20
123.1546661384117
 10
342.4980443707619
 20
123.1351576021251
 10
342.4814427329091
 20
123.1157810655181
 10
342.4646577776026
 20
123.0965372811693
 10
342.4476905438158
 20
123.077426977667
 10
342.4305420661033
 20
123.058450860478
 10
342.4132133740951
 20
123.0396096128467
 10
342.3957054920577
 20
123.0209038967203
 10
342.3780194385208
 20
123.0023343536974
 10
342.3601562259581
 20
122.983901605984
 10
342.342116860536
 20
122.9656062573655
 10
342.3239023419097
 20
122.9474488941741
 10
342.3055136630852
 20
122.9294300862648
 10
342.2869518103239
 20
122.9115503879777
 10
342.2682177631012
 20
122.893810339094
 10
342.2493124941112
 20
122.8762104657784
 10
342.2302369693157
 20
122.8587512815053
 10
342.2109921480336
 20
122.8414332879637
 10
342.1915789830681
 20
122.8242569759403
 10
342.1719984208709
 20
122.8072228261783
 10
342.1522514017383
 20
122.7903313102085
 10
342.1323388600351
 20
122.7735828911504
 10
342.1122617244477
 20
122.7569780244849
 10
342.0920209182624
 20
122.7405171587955
 10
342.0716173596601
 20
122.7242007364731
 10
342.0510519620383
 20
122.7080291943939
 10
342.030325634341
 20
122.6920029645565
 10
342.0094392814109
 20
122.6761224746905
 10
341.9883938043485
 20
122.6603881488273
 10
341.9671901008854
 20
122.6448004078386
 10
341.9458290657622
 20
122.6293596699392
 10
341.9243115911128
 20
122.6140663511556
 10
341.9026385668603
 20
122.5989208657655
 10
341.8808108811058
 20
122.5839236266988
 10
341.8588294205263
 20
122.5690750459103
 10
341.8366950707684
 20
122.5543755347195
 10
341.8144087168454
 20
122.5398255041211
 10
341.7919712435256
 20
122.5254253650635
 10
341.7693835357224
 20
122.5111755287004
 10
341.7466464788818
 20
122.4970764066169
 10
341.7237609593557
 20
122.4831284110221
 10
341.7007278647783
 20
122.4693319549227
 10
341.6775480844299
 20
122.4556874522676
 10
341.6542225095988
 20
122.4421953180727
 10
341.6307520339274
 20
122.4288559685182
 10
341.6071375537576
 20
122.4156698210288
 10
341.5833799684603
 20
122.4026372943296
 10
341.5594801807626
 20
122.3897588084867
 10
341.5354390970588
 20
122.3770347849254
 10
341.5112576277151
 20
122.3644656464328
 10
341.4869366873621
 20
122.3520518171434
 10
341.4624771951807
 20
122.3397937225104
 10
341.4378800751721
 20
122.3276917892602
 10
341.4131462564209
 20
122.3157464453349
 10
341.3882766733469
 20
122.3039581198214
 10
341.3632722659452
 20
122.2923272428685
 10
341.3381339800183
 20
122.2808542455937
 10
341.3128627673925
 20
122.2695395599779
 10
341.2874595861299
 20
122.258383618752
 10
341.2619254007254
 20
122.2473868552749
 10
341.2362611822946
 20
122.2365497034016
 10
341.2104679087528
 20
122.2258725973458
 10
341.1845465649824
 20
122.215355971535
 10
341.1584981429905
 20
122.205000260459
 10
341.1323236420566
 20
122.194805898513
 10
341.1060240688705
 20
122.1847733198361
 10
341.0796004376638
 20
122.1749029581455
 10
341.0530537703258
 20
122.1651952465652
 10
341.0263850965172
 20
122.1556506174536
 10
340.999595453769
 20
122.1462695022257
 10
340.9726858875779
 20
122.1370523311742
 10
340.945657451489
 20
122.1279995332883
 10
340.9185112071725
 20
122.1191115360695
 10
340.8912482244924
 20
122.1103887653477
 10
340.8638695815656
 20
122.101831645095
 10
340.8363763648174
 20
122.0934405972394
 10
340.8087696690228
 20
122.085216041477
 10
340.7810505973476
 20
122.0771583950852
 10
340.7532202613784
 20
122.0692680727359
 10
340.7252797811471
 20
122.0615454863079
 10
340.6972302851486
 20
122.0539910447011
 10
340.6690729103523
 20
122.0466051536508
 10
340.6408088022083
 20
122.0393882155439
 10
340.6124391146453
 20
122.0323406292345
 10
340.5839650100643
 20
122.0254627898626
 10
340.5553876593289
 20
122.0187550886741
 10
340.5267082417442
 20
122.012217912841
 10
340.4979279450374
 20
122.0058516452853
 10
340.4690479653291
 20
121.9996566645036
 10
340.4400695071009
 20
121.9936333443945
 10
340.4109937831594
 20
121.9877820540874
 10
340.3818220145926
 20
121.9821031577741
 10
340.3525554307278
 20
121.9765970145431
 10
340.3231952690776
 20
121.971263978215
 10
340.2937427752894
 20
121.9661043971816
 10
340.2641992030858
 20
121.9611186142476
 10
340.2345658142041
 20
121.9563069664739
 10
340.2048438783316
 20
121.9516697850245
 10
340.1750346730376
 20
121.9472073950159
 10
340.1451394837013
 20
121.942920115369
 10
340.1151596034377
 20
121.9388082586639
 10
340.0850963330203
 20
121.9348721309977
 10
340.0549509808006
 20
121.931112031845
 10
340.0247248626253
 20
121.9275282539211
 10
339.994419301751
 20
121.9241210830486
 10
339.9640356287558
 20
121.920890798026
 10
339.9335751814492
 20
121.9178376705002
 10
339.9030393047788
 20
121.914961964841
 10
339.872429350737
 20
121.9122639380194
 10
339.8417466782626
 20
121.9097438394874
 10
339.8109926531437
 20
121.9074019110628
 10
339.7801686479165
 20
121.9052383868143
 10
339.7492760417625
 20
121.9032534929518
 10
339.7183162204054
 20
121.9014474477181
 10
339.6872905760058
 20
121.8998204612839
 10
339.6562005070537
 20
121.8983727356457
 10
339.6250474182602
 20
121.8971044645261
 10
339.5938327204491
 20
121.8960158332776
 10
339.5625578304445
 20
121.8951070187885
 10
339.5312241709597
 20
121.8943781893915
 10
339.4998331704838
 20
121.8938295047754
 10
339.4683862631682
 20
121.8934611158997
 10
339.4368848887109
 20
121.8932731649107
 10
339.4053304922412
 20
121.8932657850618
 10
339.3737245242024
 20
121.8934391006347
 10
339.3420684402346
 20
121.893793226865
 10
339.3103637010562
 20
121.8943282698685
 10
339.278611772346
 20
121.8950443265714
 10
339.2468141246223
 20
121.8959414846424
 10
339.2149722331241
 20
121.897019822427
 10
339.1830875776895
 20
121.8982794088848
 10
339.1511616426362
 20
121.8997203035285
 10
339.1191959166386
 20
121.901342556366
 10
339.0871918926069
 20
121.9031462078443
 10
339.055151067565
 20
121.9051312887955
 10
339.0230749425279
 20
121.9072978203858
 10
338.990965022379
 20
121.9096458140657
 10
338.9588228157477
 20
121.9121752715235
 10
338.9266498348861
 20
121.9148861846399
 10
338.8944475955457
 20
121.9177785354455
 10
338.862217616855
 20
121.9208522960798
 10
338.8299614211951
 20
121.9241074287526
 10
338.7976805340768
 20
121.9275438857074
 10
338.7653764840173
 20
121.9311616091868
 10
338.7330508024162
 20
121.9349605313994
 10
338.7007050299545
 20
121.9389405736688
 10
338.6683407120884
 20
121.9431016468002
 10
338.6359593873325
 20
121.9474436525809
 10
338.603562596603
 20
121.9519664826685
 10
338.5711518830954
 20
121.9566700185666
 10
338.5387287921631
 20
121.9615541316029
 10
338.5230409571203
 20
121.9639814587195
  0
LINE
  5
293
330
1F
100
AcDbEntity
  8
Geometries
  6
Continuous
370
    40
100
AcDbLine
 10
281.2779610409416
 20
90.66982244424113
 30
0.0
 11
281.0967821251059
 21
90.28283683388895
 31
0.0
  0
LINE
  5
294
330
1F
100
AcDbEntity
  8
Geometries
  6
Continuous
370
    40
100
AcDbLine
 10
269.4244213682698
 20
116.9000750829977
 30
0.0
 11
269.4244213682698
 21
140.5784759299017
 31
0.0
  0
LWPOLYLINE
  5
295
330
1F
100
AcDbEntity
  8
Geometries
  6
Continuous
370
    40
100
AcDbPolyline
 90
        3
 70
   128
 43
0.0
 10
343.5089215269676
 20
150.1980656236092
 10
343.5057808989895
 20
150.1915095816838
 10
343.4941165660202
 20
150.1668473431455
  0
LINE
  5
296
330
1F
100
AcDbEntity
  8
Geometries
  6
Continuous
370
    40
100
AcDbLine
 10
256.4205697632847
 20
114.1528481792113
 30
0.0
 11
247.8211995474817
 21
132.8459915914522
 31
0.0
  0
LWPOLYLINE
  5
297
330
1F
100
AcDbEntity
  8
Geometries
  6
Continuous
370
    40
100
AcDbPolyline
 90
      179
 70
   128
 43
0.0
 10
348.1765932634662
 20
152.3008148019998
 10
348.1577830086289
 20
152.303718341324
 10
348.1242541139708
 20
152.308735218484
 10
348.0907166137132
 20
152.3135501300793
 10
348.057173569468
 20
152.3181625458271
 10
348.0236265527986
 20
152.3225721717649
 10
347.9900771377155
 20
152.3267787224781
 10
347.9565269008123
 20
152.3307819211556
 10
347.9229774212398
 20
152.3345814996719
 10
347.8894302806768
 20
152.3381771986699
 10
347.8558870633001
 20
152.3415687676456
 10
347.8223493557587
 20
152.3447559650333
 10
347.7888187471382
 20
152.3477385582937
 10
347.7552968289222
 20
152.3505163240027
 10
347.7217851949583
 20
152.3530890479419
 10
347.6882854414194
 20
152.3554565251902
 10
347.6547991667567
 20
152.3576185602165
 10
347.6213279716584
 20
152.359574966975
 10
347.5878734590003
 20
152.3613255689999
 10
347.5544372337928
 20
152.3628701995028
 10
347.5210209031342
 20
152.3642087014699
 10
347.4876260761441
 20
152.3653409277619
 10
347.454254363913
 20
152.3662667412129
 10
347.4209073794344
 20
152.3669860147316
 10
347.3875867375373
 20
152.367498631403
 10
347.3542940548188
 20
152.3678044845902
 10
347.3210309495724
 20
152.3679034780379
 10
347.2877990417077
 20
152.3677955259752
 10
347.2545999526705
 20
152.3674805532197
 10
347.2214353053586
 20
152.3669584952815
 10
347.1883067240337
 20
152.3662292984677
 10
347.1552158342305
 20
152.3652929199865
 10
347.1221642626573
 20
152.3641493280516
 10
347.0891536370968
 20
152.3627985019862
 10
347.0561855862993
 20
152.3612404323268
 10
347.0232617398817
 20
152.3594751209265
 10
346.9903837282039
 20
152.3575025810579
 10
346.9575531822563
 20
152.3553228375146
 10
346.9247717335359
 20
152.3529359267121
 10
346.8920410139233
 20
152.3503418967884
 10
346.8593626555468
 20
152.3475408077018
 10
346.8267382906502
 20
152.3445327313289
 10
346.7941695514513
 20
152.3413177515594
 10
346.7616580699973
 20
152.3378959643908
 10
346.7292054780151
 20
152.3342674780197
 10
346.6968134067594
 20
152.330432412932
 10
346.6644834868512
 20
152.3263909019902
 10
346.6322173481186
 20
152.3221430905185
 10
346.6000166194261
 20
152.3176891363849
 10
346.5678829285046
 20
152.313029210081
 10
346.5358179017787
 20
152.3081634947987
 10
346.5038231641776
 20
152.3030921865019
 10
346.4719003389602
 20
152.2978154939983
 10
346.4400510475195
 20
152.2923336390035
 10
346.4082769091931
 20
152.2866468562046
 10
346.3765795410686
 20
152.280755393318
 10
346.3449605577804
 20
152.2746595111441
 10
346.3134215713034
 20
152.2683594836153
 10
346.2819641907524
 20
152.2618555978434
 10
346.2505900221663
 20
152.2551481541584
 10
346.2193006682928
 20
152.2482374661446
 10
346.1880977283803
 20
152.2411238606718
 10
346.1569827979478
 20
152.2338076779195
 10
346.1259574685706
 20
152.2262892713975
 10
346.0950233276517
 20
152.2185690079605
 10
346.0641819581977
 20
152.2106472678164
 10
346.0334349385896
 20
152.2025244445297
 10
346.0027838423533
 20
152.1942009450187
 10
345.9722302379275
 20
152.1856771895466
 10
345.9417756884327
 20
152.1769536117062
 10
345.9114217514391
 20
152.1680306583999
 10
345.8811699787292
 20
152.1589087898106
 10
345.8510219160704
 20
152.1495884793702
 10
345.8209791029736
 20
152.1400702137169
 10
345.791043072468
 20
152.1303544926512
 10
345.7612153508624
 20
152.1204418290811
 10
345.7314974575182
 20
152.1103327489636
 10
345.701890904617
 20
152.1000277912385
 10
345.6723971969332
 20
152.0895275077559
 10
345.6430178316067
 20
152.0788324631972
 10
345.6137542979201
 20
152.0679432349901
 10
345.5846080770767
 20
152.0568604132167
 10
345.5555806419803
 20
152.0455846005148
 10
345.5266734570267
 20
152.0341164119763
 10
345.4978879778815
 20
152.0224564750329
 10
345.4692256512819
 20
152.0106054293429
 10
345.4406879148298
 20
151.9985639266676
 10
345.4122761967922
 20
151.9863326307436
 10
345.3839919159077
 20
151.9739122171482
 10
345.3558364811985
 20
151.9613033731614
 10
345.3278112917863
 20
151.9485067976205
 10
345.2999177367145
 20
151.9355232007712
 10
345.2721571947739
 20
151.9223533041112
 10
345.2445310343427
 20
151.9089978402341
 10
345.2170406132205
 20
151.8954575526622
 10
345.1896872784793
 20
151.8817331956799
 10
345.1624723663151
 20
151.8678255341613
 10
345.1353972019137
 20
151.8537353433953
 10
345.10846309931
 20
151.8394634089022
 10
345.0816713612751
 20
151.8250105262568
 10
345.0550232791876
 20
151.8103775008958
 10
345.0285201329318
 20
151.7955651479337
 10
345.0021631907952
 20
151.7805742919705
 10
344.9759537093712
 20
151.7654057668965
 10
344.9498929334759
 20
151.7500604156984
 10
344.923982096068
 20
151.7345390902608
 10
344.8982224181843
 20
151.7188426511709
 10
344.8726151088698
 20
151.702971967514
 10
344.8471613651287
 20
151.6869279166763
 10
344.8218623718795
 20
151.6707113841439
 10
344.7967193019135
 20
151.6543232632997
 10
344.7717333158687
 20
151.6377644552246
 10
344.7469055622037
 20
151.6210358684935
 10
344.7222371771883
 20
151.6041384189782
 10
344.6977292848936
 20
151.5870730296457
 10
344.6733829971957
 20
151.5698406303609
 10
344.6491994137835
 20
151.5524421576896
 10
344.6251796221743
 20
151.5348785547019
 10
344.6013246977391
 20
151.5171507707806
 10
344.5776357037331
 20
151.4992597614292
 10
344.5541136913317
 20
151.4812064880818
 10
344.5307596996759
 20
151.4629919179178
 10
344.5075747559231
 20
151.4446170236778
 10
344.4845598753045
 20
151.4260827834828
 10
344.4617160611879
 20
151.4073901806568
 10
344.4390443051474
 20
151.3885402035526
 10
344.4165455870374
 20
151.3695338453805
 10
344.3942208750755
 20
151.3503721040434
 10
344.3720711259237
 20
151.3310559819701
 10
344.350097284783
 20
151.3115864859599
 10
344.3283002854866
 20
151.2919646270256
 10
344.3066810505985
 20
151.2721914202421
 10
344.285240491519
 20
151.252267884602
 10
344.263979508591
 20
151.2321950428715
 10
344.2428989912125
 20
151.2119739214557
 10
344.2219998179491
 20
151.1916055502628
 10
344.2012828566537
 20
151.1710909625789
 10
344.1807489645861
 20
151.1504311949433
 10
344.1603989885338
 20
151.1296272870288
 10
344.1402337649411
 20
151.1086802815315
 10
344.1202541200338
 20
151.08759122406
 10
344.1004608699485
 20
151.0663611630315
 10
344.0808548208629
 20
151.0449911495741
 10
344.0614367691282
 20
151.0234822374328
 10
344.0422075014015
 20
151.0018354828813
 10
344.0231677947786
 20
150.9800519446369
 10
344.0043184169282
 20
150.958132683783
 10
343.9856601262266
 20
150.936078763695
 10
343.967193671889
 20
150.9138912499692
 10
343.9489197941088
 20
150.8915712103643
 10
343.9308392241858
 20
150.8691197147365
 10
343.9129526846609
 20
150.8465378349871
 10
343.8952608894491
 20
150.8238266450151
 10
343.8777645439687
 20
150.8009872206693
 10
343.860464345272
 20
150.7780206397105
 10
343.8433609821722
 20
150.7549279817738
 10
343.8264551353716
 20
150.7317103283406
 10
343.8097474775851
 20
150.7083687627097
 10
343.7932386736629
 20
150.6849043699763
 10
343.7769293807111
 20
150.6613182370137
 10
343.7608202482114
 20
150.637611452463
 10
343.7449119181338
 20
150.6137851067188
 10
343.7292050250523
 20
150.5898402919287
 10
343.7137001962546
 20
150.565778101991
 10
343.6983980518485
 20
150.5415996325565
 10
343.6832992048683
 20
150.5173059810386
 10
343.6684042613746
 20
150.4928982466217
 10
343.6537138205524
 20
150.4683775302758
 10
343.6392284748073
 20
150.4437449347782
 10
343.6249488098538
 20
150.4190015647295
 10
343.6108754048064
 20
150.3941485265858
 10
343.5970088322607
 20
150.3691869286825
 10
343.5833496583745
 20
150.3441178812682
 10
343.5698984429445
 20
150.318942496541
 10
343.5566557394786
 20
150.2936618886869
 10
343.5436220952632
 20
150.2682771739202
 10
343.5307980514278
 20
150.2427894705284
 10
343.5181841430058
 20
150.2171998989222
 10
343.5090544048992
 20
150.1983422334454
  0
LINE
  5
298
330
1F
100
AcDbEntity
  8
Geometries
  6
Continuous
370
    40
100
AcDbLine
 10
264.8717355400124
 20
95.78186868879725
 30
0.0
 11
256.4205697632847
 21
114.1528481792113
 31
0.0
  0
LWPOLYLINE
  5
299
330
1F
100
AcDbEntity
  8
Geometries
  6
Continuous
370
    40
100
AcDbPolyline
 90
       66
 70
   128
 43
0.0
 10
256.4382881361331
 20
113.9685048460805
 10
256.443669965109
 20
113.9573586324158
 10
256.4505150665702
 20
113.9430662337167
 10
256.4574120305631
 20
113.9285352731866
 10
256.4643593977346
 20
113.9137666037979
 10
256.4713557278423
 20
113.8987611121439
 10
256.4783995997525
 20
113.8835197170548
 10
256.4854896114192
 20
113.8680433682441
 10
256.492624379834
 20
113.8523330450072
 10
256.4998025409608
 20
113.836389754951
 10
256.5070227496446
 20
113.8202145327751
 10
256.514283679507
 20
113.8038084390843
 10
256.5215840228187
 20
113.7871725592539
 10
256.5289224903599
 20
113.770308002327
 10
256.5362978112647
 20
113.7532158999567
 10
256.54370873285
 20
113.7358974053893
 10
256.5511540204369
 20
113.7183536924795
 10
256.5586324571528
 20
113.7005859547609
 10
256.5661428437318
 20
113.6825954045333
 10
256.5736839982986
 20
113.6643832720082
 10
256.5812547561499
 20
113.6459508044737
 10
256.5888539695245
 20
113.6272992655067
 10
256.5964805073691
 20
113.6084299342136
 10
256.6041332550971
 20
113.5893441045087
 10
256.6118111143446
 20
113.5700430844215
 10
256.6195130027206
 20
113.5505281954385
 10
256.6272378535552
 20
113.5308007718741
 10
256.6349846156438
 20
113.5108621602742
 10
256.6427522529918
 20
113.4907137188421
 10
256.6505397445538
 20
113.4703568169036
 10
256.6583460839778
 20
113.4497928343832
 10
256.6661702793434
 20
113.4290231613203
 10
256.6740113529036
 20
113.4080491974015
 10
256.6818683408264
 20
113.3868723515209
 10
256.6897402929372
 20
113.3654940413597
 10
256.6976262724626
 20
113.3439156929908
 10
256.7055253557759
 20
113.3221387405031
 10
256.7134366321449
 20
113.3001646256463
 10
256.7213592034831
 20
113.2779947974907
 10
256.7292921841004
 20
113.2556307121136
 10
256.7372347004597
 20
113.2330738322966
 10
256.7451858909365
 20
113.2103256272377
 10
256.7531449055779
 20
113.1873875722905
 10
256.7611109058708
 20
113.1642611487031
 10
256.7690830645093
 20
113.1409478433826
 10
256.7770605651671
 20
113.1174491486703
 10
256.7850426022739
 20
113.0937665621274
 10
256.7930283807955
 20
113.0699015863373
 10
256.8010171160185
 20
113.0458557287141
 10
256.8090080333372
 20
113.0216305013291
 10
256.8170003680477
 20
112.9972274207385
 10
256.8249933651425
 20
112.9726480078319
 10
256.8329862791123
 20
112.9478937876819
 10
256.8409783737499
 20
112.9229662894061
 10
256.84896892196
 20
112.8978670460354
 10
256.8569572055723
 20
112.8725975943921
 10
256.8649425151577
 20
112.8471594749778
 10
256.8729241498512
 20
112.8215542318611
 10
256.880901417177
 20
112.7957834125781
 10
256.8888736328785
 20
112.7698485680378
 10
256.8968401207523
 20
112.7437512524305
 10
256.904800212486
 20
112.7174930231473
 10
256.9127532475003
 20
112.6910754406984
 10
256.9206985727955
 20
112.6645000686409
 10
256.9286355428017
 20
112.6377684735049
 10
256.9315827614093
 20
112.6277951821502
  0
LINE
  5
29A
330
1F
100
AcDbEntity
  8
Geometries
  6
Continuous
370
    40
100
AcDbLine
 10
264.8717355400124
 20
62.30550887076048
 30
0.0
 11
264.8717355400124
 21
95.78186868879723
 31
0.0
  0
LINE
  5
29B
330
1F
100
AcDbEntity
  8
Geometries
  6
Continuous
370
    40
100
AcDbLine
 10
368.0702164812102
 20
124.1165010975772
 30
0.0
 11
368.0702164812102
 21
109.69025364317
 31
0.0
  0
LWPOLYLINE
  5
29C
330
1F
100
AcDbEntity
  8
Geometries
  6
Continuous
370
    40
100
AcDbPolyline
 90
       64
 70
   128
 43
0.0
 10
256.1910433428968
 20
114.3788708790401
 10
256.1911376552523
 20
114.3787773693759
 10
256.1913944164367
 20
114.3785190982207
 10
256.1918118953925
 20
114.3780926640896
 10
256.1923883659533
 20
114.3774947175415
 10
256.1931221051477
 20
114.3767219627931
 10
256.1940113915933
 20
114.375771159441
 10
256.195054503991
 20
114.374639124271
 10
256.1962497197234
 20
114.3733227331341
 10
256.1975953135678
 20
114.3718189228709
 10
256.1990895565267
 20
114.3701246932618
 10
256.2007307147791
 20
114.3682371089887
 10
256.2025170487573
 20
114.3661533015858
 10
256.2044468123496
 20
114.3638704713653
 10
256.2065182522297
 20
114.3613858893001
 10
256.2087296073126
 20
114.3586968988486
 10
256.2110791083368
 20
114.3558009177072
 10
256.2135649775678
 20
114.3526954394771
 10
256.2161854286236
 20
114.3493780352336
 10
256.2189386664156
 20
114.3458463549868
 10
256.2218228872017
 20
114.3420981290253
 10
256.2248362787473
 20
114.3381311691309
 10
256.2279770205869
 20
114.3339433696626
 10
256.2312432843821
 20
114.3295327085001
 10
256.2346332343673
 20
114.3248972478438
 10
256.2381450278804
 20
114.3200351348671
 10
256.2417768159659
 20
114.314944602221
 10
256.2455267440495
 20
114.3096239683874
 10
256.2493929526712
 20
114.3040716378821
 10
256.2533735782739
 20
114.2982861013118
 10
256.2574667540387
 20
114.29226593528
 10
256.2616706107578
 20
114.2860098021547
 10
256.265983277743
 20
114.2795164496916
 10
256.270402883757
 20
114.2727847105254
 10
256.2749275579654
 20
114.2658135015294
 10
256.2795554309009
 20
114.2586018230537
 10
256.2842846354345
 20
114.2511487580409
 10
256.2891133077471
 20
114.2434534710372
 10
256.2940395882976
 20
114.2355152070936
 10
256.2990616227812
 20
114.2273332905736
 10
256.3041775630739
 20
114.2189071238712
 10
256.3093855681586
 20
114.210236186047
 10
256.3146838050305
 20
114.2013200313884
 10
256.3200704495748
 20
114.192158287908
 10
256.3255436874186
 20
114.1827506557765
 10
256.3311017147501
 20
114.1730969057094
 10
256.3367427391044
 20
114.1631968773075
 10
256.3424649801156
 20
114.1530504773583
 10
256.34826667023
 20
114.1426576781088
 10
256.3541460553823
 20
114.1320185155147
 10
256.3601013956319
 20
114.1211330874707
 10
256.366130965761
 20
114.1100015520274
 10
256.3722330558301
 20
114.0986241256064
 10
256.3784059716943
 20
114.0870010812104
 10
256.38464803548
 20
114.0751327466393
 10
256.3909575860206
 20
114.0630195027137
 10
256.3973329792518
 20
114.0506617815136
 10
256.4037725885694
 20
114.038060064632
 10
256.4102748051488
 20
114.0252148814491
 10
256.4168380382255
 20
114.0121268074313
 10
256.4234607153416
 20
113.9987964624566
 10
256.4301412825546
 20
113.9852245091696
 10
256.436878204615
 20
113.9714116513663
 10
256.4382881361331
 20
113.9685048460805
  0
LINE
  5
29D
330
1F
100
AcDbEntity
  8
Geometries
  6
Continuous
370
    40
100
AcDbLine
 10
250.9657508097293
 20
121.530969317339
 30
0.0
 11
250.9657508097294
 21
98.66906505136315
 31
0.0
  0
LINE
  5
29E
330
1F
100
AcDbEntity
  8
Geometries
  6
Continuous
370
    40
100
AcDbLine
 10
261.8753737621073
 20
97.82640219095218
 30
0.0
 11
261.8753737621073
 21
75.6787022523616
 31
0.0
  0
ELLIPSE
  5
29F
330
1F
100
AcDbEntity
  8
Geometries
  6
Continuous
370
    40
100
AcDbEllipse
 10
253.759222013739
 20
96.39801146817021
 30
0.0
 11
-0.6879716127733055
 21
4.447103452949807
 31
0.0
210
0.0
220
0.0
230
0.9999999999999998
 40
0.2113250193211749
 41
0.9358125818925978
 42
2.081854378077795
  0
LINE
  5
2A0
330
1F
100
AcDbEntity
  8
Geometries
  6
Continuous
370
    40
100
AcDbLine
 10
253.2760035463053
 20
116.5195456031907
 30
0.0
 11
253.2760035463053
 21
102.6778022209336
 31
0.0
  0
ELLIPSE
  5
2A1
330
1F
100
AcDbEntity
  8
Geometries
  6
Continuous
370
    40
100
AcDbEllipse
 10
300.8865643531153
 20
58.61706320997139
 30
0.0
 11
-0.983101315654525
 21
-0.8415780931145779
 31
0.0
210
0.0
220
0.0
230
0.9999999999999999
 40
0.2175226453810766
 41
1.122700835758506
 42
2.693497162553452
  0
LINE
  5
2A2
330
1F
100
AcDbEntity
  8
Geometries
  6
Continuous
370
    40
100
AcDbLine
 10
331.4228867755132
 20
122.444443411228
 30
0.0
 11
331.4228867755132
 21
153.4713134864816
 31
0.0
  0
ELLIPSE
  5
2A3
330
1F
100
AcDbEntity
  8
Geometries
  6
Continuous
370
    40
100
AcDbEllipse
 10
345.3225055908334
 20
68.79597288562053
 30
0.0
 11
2.500012051875263
 21
4.330127018922194
 31
0.0
210
0.0
220
0.0
230
1.0
 40
0.577350269186272
 41
3.926993227359388
 42
5.497789554154289
  0
LINE
  5
2A4
330
1F
100
AcDbEntity
  8
Geometries
  6
Continuous
370
    40
100
AcDbLine
 10
338.3688473392547
 20
121.7924373885556
 30
0.0
 11
331.6113607248125
 21
122.8470107075863
 31
0.0
  0
LINE
  5
2A5
330
1F
100
AcDbEntity
  8
Geometries
  6
Continuous
370
    40
100
AcDbLine
 10
261.8753737621073
 20
75.6787022523616
 30
0.0
 11
261.8753737621072
 21
74.96449792497498
 31
0.0
  0
ELLIPSE
  5
2A6
330
1F
100
AcDbEntity
  8
Geometries
  6
Continuous
370
    40
100
AcDbEllipse
 10
352.3935904466243
 20
96.55686647747815
 30
0.0
 11
2.500012051875261
 21
4.330127018922193
 31
0.0
210
0.0
220
0.0
230
1.0
 40
0.5773502691862721
 41
0.7854005737695969
 42
2.356196900564488
  0
LINE
  5
2A7
330
1F
100
AcDbEntity
  8
Geometries
  6
Continuous
370
    40
100
AcDbLine
 10
257.8323862725885
 20
106.617273804386
 30
0.0
 11
257.8323862725885
 21
83.75536953781263
 31
0.0
  0
LINE
  5
2A8
330
1F
100
AcDbEntity
  8
Geometries
  6
Continuous
370
    40
100
AcDbLine
 10
247.8211995474817
 20
132.8459915914522
 30
0.0
 11
247.8211995474817
 21
99.36963177341546
 31
0.0
  0
LINE
  5
2A9
330
1F
100
AcDbEntity
  8
Geometries
  6
Continuous
370
    40
100
AcDbLine
 10
247.8211995474817
 20
99.36963177341546
 30
0.0
 11
264.8717355400124
 21
62.30550887076048
 31
0.0
  0
ELLIPSE
  5
2AA
330
1F
100
AcDbEntity
  8
Geometries
  6
Continuous
370
    40
100
AcDbEllipse
 10
323.2124974619861
 20
154.7414651335875
 30
0.0
 11
0.9070760347932
 21
-0.4209718735385677
 31
0.0
210
0.0
220
0.0
230
0.9999999999999999
 40
0.7886736827828158
 41
1.9216723991031
 42
3.138947739216492
  0
LINE
  5
2AB
330
1F
100
AcDbEntity
  8
Geometries
  6
Continuous
370
    40
100
AcDbLine
 10
305.8257906803997
 20
158.2476946142688
 30
0.0
 11
295.6767620683362
 21
159.8177548045815
 31
0.0
  0
ELLIPSE
  5
2AC
330
1F
100
AcDbEntity
  8
Geometries
  6
Continuous
370
    40
100
AcDbEllipse
 10
286.1076018136044
 20
66.24427356962767
 30
0.0
 11
4.535380173966
 21
-2.104859367692846
 31
0.0
210
0.0
220
0.0
230
1.0
 40
0.7886736827828157
 41
3.492468725897986
 42
5.063265052692905
  0
LINE
  5
2AD
330
1F
100
AcDbEntity
  8
Geometries
  6
Continuous
370
    40
100
AcDbLine
 10
310.6554314530626
 20
153.4180636819208
 30
0.0
 11
310.6554314530626
 21
129.7396628350168
 31
0.0
  0
LINE
  5
2AE
330
1F
100
AcDbEntity
  8
Geometries
  6
Continuous
370
    40
100
AcDbLine
 10
292.6810448927211
 20
92.55747976304636
 30
0.0
 11
301.8519195837499
 21
91.1262731157904
 31
0.0
  0
ELLIPSE
  5
2AF
330
1F
100
AcDbEntity
  8
Geometries
  6
Continuous
370
    40
100
AcDbEllipse
 10
330.5170277579983
 20
85.83629993143369
 30
0.0
 11
-0.6546717653534414
 21
-0.8661609696869864
 31
0.0
210
0.0
220
0.0
230
1.0
 40
0.5667728467711862
 41
4.068973225926783
 42
5.639769552721651
  0
LINE
  5
2B0
330
1F
100
AcDbEntity
  8
Geometries
  6
Continuous
370
    40
100
AcDbLine
 10
257.7988780380562
 20
106.7649083029608
 30
0.0
 11
257.7988780380562
 21
105.2890850262568
 31
0.0
  0
LINE
  5
2B1
330
1F
100
AcDbEntity
  8
Geometries
  6
Continuous
370
    40
100
AcDbLine
 10
276.009066747809
 20
93.74474171177987
 30
0.0
 11
265.5772880813561
 21
95.37272502560002
 31
0.0
  0
ELLIPSE
  5
2B2
330
1F
100
AcDbEntity
  8
Geometries
  6
Continuous
370
    40
100
AcDbEllipse
 10
362.5703190763084
 20
135.9453011469482
 30
0.0
 11
-0.6879716127733062
 21
4.447103452949807
 31
0.0
210
0.0
220
0.0
230
1.0
 40
0.2113250193211747
 41
5.155266138209686
 42
5.346811910916463
  0
LINE
  5
2B3
330
1F
100
AcDbEntity
  8
Geometries
  6
Continuous
370
    40
100
AcDbLine
 10
348.8580480187288
 20
94.51562010500137
 30
0.0
 11
348.8580480187288
 21
70.83721925809732
 31
0.0
  0
ELLIPSE
  5
2B4
330
1F
100
AcDbEntity
  8
Geometries
  6
Continuous
370
    40
100
AcDbEllipse
 10
258.09445146871
 20
87.05689022754669
 30
0.0
 11
-0.6879716127733047
 21
4.447103452949796
 31
0.0
210
0.0
220
0.0
230
1.0
 40
0.211325019321175
 41
0.9358125818925952
 42
2.253091965567086
  0
LINE
  5
2B5
330
1F
100
AcDbEntity
  8
Geometries
  6
Continuous
370
    40
100
AcDbLine
 10
308.609406198192
 20
58.22833314057829
 30
0.0
 11
308.8069134451201
 21
58.6501949347552
 31
0.0
  0
ELLIPSE
  5
2B6
330
1F
100
AcDbEntity
  8
Geometries
  6
Continuous
370
    40
100
AcDbEllipse
 10
376.3605131261238
 20
112.1880768376827
 30
0.0
 11
-0.6546717653534411
 21
-0.8661609696869864
 31
0.0
210
0.0
220
0.0
230
1.0
 40
0.5667728467711864
 41
2.846408057066772
 42
4.068973225926753
  0
LINE
  5
2B7
330
1F
100
AcDbEntity
  8
Geometries
  6
Continuous
370
    40
100
AcDbLine
 10
285.9235582782789
 20
61.76868642589576
 30
0.0
 11
292.6464001233557
 21
60.71951976935677
 31
0.0
  0
LINE
  5
2B8
330
1F
100
AcDbEntity
  8
Geometries
  6
Continuous
370
    40
100
AcDbLine
 10
322.2465693074536
 20
123.8640246638757
 30
0.0
 11
322.2465693074536
 21
124.3084799979476
 31
0.0
  0
LINE
  5
2B9
330
1F
100
AcDbEntity
  8
Geometries
  6
Continuous
370
    40
100
AcDbLine
 10
286.1076018136045
 20
62.16179066498909
 30
0.0
 11
285.9235582782789
 21
61.76868642589576
 31
0.0
  0
ELLIPSE
  5
2BA
330
1F
100
AcDbEntity
  8
Geometries
  6
Continuous
370
    40
100
AcDbEllipse
 10
279.6774944091666
 20
122.8196895631804
 30
0.0
 11
2.500012051875258
 21
4.330127018922195
 31
0.0
210
0.0
220
0.0
230
1.0
 40
0.5773502691862717
 41
2.895619353309269
 42
3.926993227359387
  0
LINE
  5
2BB
330
1F
100
AcDbEntity
  8
Geometries
  6
Continuous
370
    40
100
AcDbLine
 10
284.6272538082202
 20
121.5949515800092
 30
0.0
 11
279.6774944091666
 21
118.7372066585417
 31
0.0
  0
LINE
  5
2BC
330
1F
100
AcDbEntity
  8
Geometries
  6
Continuous
370
    40
100
AcDbLine
 10
365.3087854472897
 20
106.6518133724961
 30
0.0
 11
376.3605131261239
 21
113.0045734186104
 31
0.0
  0
LINE
  5
2BD
330
1F
100
AcDbEntity
  8
Geometries
  6
Continuous
370
    40
100
AcDbLine
 10
376.3605131261239
 20
113.0045734186104
 30
0.0
 11
359.1617726945199
 21
150.390860243088
 31
0.0
  0
LINE
  5
2BE
330
1F
100
AcDbEntity
  8
Geometries
  6
Continuous
370
    40
100
AcDbLine
 10
275.1091646278938
 20
146.7441375124627
 30
0.0
 11
273.8923032418622
 21
147.4497846413583
 31
0.0
  0
LINE
  5
2BF
330
1F
100
AcDbEntity
  8
Geometries
  6
Continuous
370
    40
100
AcDbLine
 10
306.1836407308611
 20
158.8542347131192
 30
0.0
 11
294.9665127435644
 21
160.6047796370669
 31
0.0
  0
LINE
  5
2C0
330
1F
100
AcDbEntity
  8
Geometries
  6
Continuous
370
    40
100
AcDbLine
 10
314.1405983578757
 20
84.52794880210995
 30
0.0
 11
314.1405983578757
 21
60.84954795520587
 31
0.0
  0
ELLIPSE
  5
2C1
330
1F
100
AcDbEntity
  8
Geometries
  6
Continuous
370
    40
100
AcDbEllipse
 10
323.2124974619861
 20
154.7414651335875
 30
0.0
 11
0.9070760347932
 21
-0.4209718735385677
 31
0.0
210
0.0
220
0.0
230
0.9999999999999999
 40
0.7886736827828158
 41
3.138947739216493
 42
3.492468725897998
  0
LINE
  5
2C2
330
1F
100
AcDbEntity
  8
Geometries
  6
Continuous
370
    40
100
AcDbLine
 10
372.4054459361811
 20
112.1931995359963
 30
0.0
 11
375.2851787087894
 21
113.8558140274558
 31
0.0
  0
LINE
  5
2C3
330
1F
100
AcDbEntity
  8
Geometries
  6
Continuous
370
    40
100
AcDbLine
 10
269.4244213682698
 20
140.5784759299017
 30
0.0
 11
268.1951058997398
 21
141.2913450708185
 31
0.0
  0
LINE
  5
2C4
330
1F
100
AcDbEntity
  8
Geometries
  6
Continuous
370
    40
100
AcDbLine
 10
364.0608804586794
 20
107.3754624112902
 30
0.0
 11
365.7408655030124
 21
108.3454022288704
 31
0.0
  0
ELLIPSE
  5
2C5
330
1F
100
AcDbEntity
  8
Geometries
  6
Continuous
370
    40
100
AcDbEllipse
 10
347.843665402567
 20
147.6650238685589
 30
0.0
 11
-4.535380173965998
 21
2.104859367692848
 31
0.0
210
0.0
220
0.0
230
1.0
 40
0.7886736827828157
 41
6.28054039280628
 42
6.634061379487793
  0
LINE
  5
2C6
330
1F
100
AcDbEntity
  8
Geometries
  6
Continuous
370
    40
100
AcDbLine
 10
365.7408655030124
 20
108.3454022288704
 30
0.0
 11
366.4578046255953
 21
108.7593272242862
 31
0.0
  0
LINE
  5
2C7
330
1F
100
AcDbEntity
  8
Geometries
  6
Continuous
370
    40
100
AcDbLine
 10
329.6987404316039
 20
85.36593157053784
 30
0.0
 11
329.6987404316039
 21
51.88957175250107
 31
0.0
  0
LINE
  5
2C8
330
1F
100
AcDbEntity
  8
Geometries
  6
Continuous
370
    40
100
AcDbLine
 10
366.4578046255953
 20
108.7593272242862
 30
0.0
 11
367.2011013150925
 21
109.1884697680552
 31
0.0
  0
LINE
  5
2C9
330
1F
100
AcDbEntity
  8
Geometries
  6
Continuous
370
    40
100
AcDbLine
 10
329.3232379316638
 20
87.31967514730479
 30
0.0
 11
340.3727461917798
 21
93.69911171569572
 31
0.0
  0
LINE
  5
2CA
330
1F
100
AcDbEntity
  8
Geometries
  6
Continuous
370
    40
100
AcDbLine
 10
252.5945389854614
 20
98.91882779800872
 30
0.0
 11
252.5945389854614
 21
102.2843584732872
 31
0.0
  0
LINE
  5
2CB
330
1F
100
AcDbEntity
  8
Geometries
  6
Continuous
370
    40
100
AcDbLine
 10
340.3727461917798
 20
93.69911171569572
 30
0.0
 11
341.5687554368325
 21
93.00555655847575
 31
0.0
  0
LINE
  5
2CC
330
1F
100
AcDbEntity
  8
Geometries
  6
Continuous
370
    40
100
AcDbLine
 10
364.0608804586794
 20
75.53209575510886
 30
0.0
 11
365.3087854472897
 21
74.80844671631478
 31
0.0
  0
LINE
  5
2CD
330
1F
100
AcDbEntity
  8
Geometries
  6
Continuous
370
    40
100
AcDbLine
 10
257.7988780380562
 20
84.13981405050713
 30
0.0
 11
257.7988780380562
 21
83.90300403639539
 31
0.0
  0
LINE
  5
2CE
330
1F
100
AcDbEntity
  8
Geometries
  6
Continuous
370
    40
100
AcDbLine
 10
256.9297684404324
 20
112.4396108233611
 30
0.0
 11
256.231927683098
 21
112.3326020502929
 31
0.0
  0
LINE
  5
2CF
330
1F
100
AcDbEntity
  8
Geometries
  6
Continuous
370
    40
100
AcDbLine
 10
346.5293587225997
 20
64.01364655000017
 30
0.0
 11
345.3225055908334
 21
64.71348998098189
 31
0.0
  0
LINE
  5
2D0
330
1F
100
AcDbEntity
  8
Geometries
  6
Continuous
370
    40
100
AcDbLine
 10
363.7349870262392
 20
133.4576223382
 30
0.0
 11
363.7349870262392
 21
111.2897135736136
 31
0.0
  0
LINE
  5
2D1
330
1F
100
AcDbEntity
  8
Geometries
  6
Continuous
370
    40
100
AcDbLine
 10
294.4829722420017
 20
160.4846334395248
 30
0.0
 11
283.4312445631675
 21
154.1318733934106
 31
0.0
  0
LINE
  5
2D2
330
1F
100
AcDbEntity
  8
Geometries
  6
Continuous
370
    40
100
AcDbLine
 10
365.7408655030125
 20
129.1249962361404
 30
0.0
 11
365.7408655030124
 21
108.3454022288704
 31
0.0
  0
LINE
  5
2D3
330
1F
100
AcDbEntity
  8
Geometries
  6
Continuous
370
    40
100
AcDbLine
 10
371.723981498964
 20
111.7997558597258
 30
0.0
 11
372.4054459361811
 21
112.1931995359963
 31
0.0
  0
ELLIPSE
  5
2D4
330
1F
100
AcDbEntity
  8
Geometries
  6
Continuous
370
    40
100
AcDbEllipse
 10
318.262958504538
 20
84.48268357922002
 30
0.0
 11
-4.528286162491208
 21
2.120052931082304
 31
0.0
210
0.0
220
0.0
230
0.9999999999999999
 40
0.7882092451938488
 41
5.065909967066204
 42
6.283180950645723
  0
LINE
  5
2D5
330
1F
100
AcDbEntity
  8
Geometries
  6
Continuous
370
    40
100
AcDbLine
 10
257.7988780380562
 20
105.2890850262568
 30
0.0
 11
257.7988780380562
 21
84.13981405050713
 31
0.0
  0
LINE
  5
2D6
330
1F
100
AcDbEntity
  8
Geometries
  6
Continuous
370
    40
100
AcDbLine
 10
305.8257906803997
 20
158.2476946142688
 30
0.0
 11
306.0294471129956
 21
158.6826906429554
 31
0.0
  0
LINE
  5
2D7
330
1F
100
AcDbEntity
  8
Geometries
  6
Continuous
370
    40
100
AcDbLine
 10
261.3703024293953
 20
108.1675444409146
 30
0.0
 11
265.8888789403743
 21
110.7763458058823
 31
0.0
  0
ELLIPSE
  5
2D8
330
1F
100
AcDbEntity
  8
Geometries
  6
Continuous
370
    40
100
AcDbEllipse
 10
294.4829722420017
 20
159.6681368585971
 30
0.0
 11
0.6546717653534405
 21
0.8661609696869861
 31
0.0
210
0.0
220
0.0
230
0.9999999999999999
 40
0.5667728467711867
 41
0.2951845965230364
 42
0.9273805723369596
  0
LINE
  5
2D9
330
1F
100
AcDbEntity
  8
Geometries
  6
Continuous
370
    40
100
AcDbLine
 10
352.3935904466243
 20
100.6393493821168
 30
0.0
 11
353.6159348451242
 21
99.93052270290397
 31
0.0
  0
LINE
  5
2DA
330
1F
100
AcDbEntity
  8
Geometries
  6
Continuous
370
    40
100
AcDbLine
 10
359.1111210596257
 20
72.67435083364136
 30
0.0
 11
360.3481821615225
 21
71.95699006860903
 31
0.0
  0
LINE
  5
2DB
330
1F
100
AcDbEntity
  8
Geometries
  6
Continuous
370
    40
100
AcDbLine
 10
365.3087854472897
 20
74.80844671631478
 30
0.0
 11
360.3481821615225
 21
71.95699006860903
 31
0.0
  0
ELLIPSE
  5
2DC
330
1F
100
AcDbEntity
  8
Geometries
  6
Continuous
370
    40
100
AcDbEllipse
 10
265.8382273054801
 20
62.45371330983375
 30
0.0
 11
1.0
 21
-1.246832498358330E-15
 31
0.0
210
0.0
220
0.0
230
1.0
 40
0.5773502691896264
 41
3.401196422929276
 42
4.448393974125861
  0
LINE
  5
2DD
330
1F
100
AcDbEntity
  8
Geometries
  6
Continuous
370
    40
100
AcDbLine
 10
359.1111210596257
 20
72.67435083364136
 30
0.0
 11
364.0608804586794
 21
75.53209575510886
 31
0.0
  0
ARC
  5
2DE
330
1F
100
AcDbEntity
  8
Geometries
  6
Continuous
370
    40
100
AcDbCircle
 10
316.9663208899507
 20
85.09798109125967
 30
0.0
 40
3.564805874271931
100
AcDbArc
 50
155.0315489499399
 51
180.2038685790724
  0
LINE
  5
2DF
330
1F
100
AcDbEntity
  8
Geometries
  6
Continuous
370
    40
100
AcDbLine
 10
330.4569586209806
 20
154.4372396729512
 30
0.0
 11
323.2124974619861
 21
155.5579617145152
 31
0.0
  0
LINE
  5
2E0
330
1F
100
AcDbEntity
  8
Geometries
  6
Continuous
370
    40
100
AcDbLine
 10
377.1788004525183
 20
112.6584451985785
 30
0.0
 11
377.1788004525183
 21
79.18208538054176
 31
0.0
  0
LINE
  5
2E1
330
1F
100
AcDbEntity
  8
Geometries
  6
Continuous
370
    40
100
AcDbLine
 10
363.124611283162
 20
115.867805482967
 30
0.0
 11
361.4056360480415
 21
115.6042132107881
 31
0.0
  0
ELLIPSE
  5
2E2
330
1F
100
AcDbEntity
  8
Geometries
  6
Continuous
370
    40
100
AcDbEllipse
 10
248.6394868738762
 20
133.3163599523481
 30
0.0
 11
0.6546717653534405
 21
0.8661609696869861
 31
0.0
210
0.0
220
0.0
230
0.9999999999999999
 40
0.5667728467711867
 41
0.9273805723369934
 42
2.498176899131888
  0
LINE
  5
2E3
330
1F
100
AcDbEntity
  8
Geometries
  6
Continuous
370
    40
100
AcDbLine
 10
355.7698441259843
 20
99.99018832276457
 30
0.0
 11
354.5427912783529
 21
100.701745389883
 31
0.0
  0
LINE
  5
2E4
330
1F
100
AcDbEntity
  8
Geometries
  6
Continuous
370
    40
100
AcDbLine
 10
329.6987404316039
 20
51.88957175250107
 30
0.0
 11
377.1788004525183
 21
79.18208538054176
 31
0.0
  0
ELLIPSE
  5
2E5
330
1F
100
AcDbEntity
  8
Geometries
  6
Continuous
370
    40
100
AcDbEllipse
 10
360.3481821615225
 20
76.03947297324767
 30
0.0
 11
-2.508238086986359
 21
-4.325360297014693
 31
0.0
210
0.0
220
0.0
230
1.0
 40
0.5786165174525348
 41
6.034272471575485
 42
7.069683692825148
  0
LINE
  5
2E6
330
1F
100
AcDbEntity
  8
Geometries
  6
Continuous
370
    40
100
AcDbLine
 10
371.5899236277277
 20
120.0160095432375
 30
0.0
 11
370.0760949579834
 21
119.7838749955169
 31
0.0
  0
LINE
  5
2E7
330
1F
100
AcDbEntity
  8
Geometries
  6
Continuous
370
    40
100
AcDbLine
 10
313.9352213578121
 20
87.03109531195142
 30
0.0
 11
313.7346723420468
 21
86.60273651030228
 31
0.0
  0
ELLIPSE
  5
2E8
330
1F
100
AcDbEntity
  8
Geometries
  6
Continuous
370
    40
100
AcDbEllipse
 10
256.4205697632837
 20
86.80021271813442
 30
0.0
 11
-0.8336405937153409
 21
5.436455036189478
 31
0.0
210
0.0
220
0.0
230
1.0
 40
0.2095927277413138
 41
0.9366508388497964
 42
4.086128479058917
  0
LINE
  5
2E9
330
1F
100
AcDbEntity
  8
Geometries
  6
Continuous
370
    40
100
AcDbLine
 10
252.4671676677768
 20
121.7612006045703
 30
0.0
 11
250.9657508097293
 21
121.530969317339
 31
0.0
  0
LINE
  5
2EA
330
1F
100
AcDbEntity
  8
Geometries
  6
Continuous
370
    40
100
AcDbLine
 10
310.8562232661686
 20
153.8469410818662
 30
0.0
 11
310.6554314530626
 21
153.4180636819208
 31
0.0
  0
LINE
  5
2EB
330
1F
100
AcDbEntity
  8
Geometries
  6
Continuous
370
    40
100
AcDbLine
 10
292.8690988953326
 20
92.95915008237733
 30
0.0
 11
292.6810448927211
 21
92.55747976304636
 31
0.0
  0
ELLIPSE
  5
2EC
330
1F
100
AcDbEntity
  8
Geometries
  6
Continuous
370
    40
100
AcDbEllipse
 10
260.7202548711858
 20
100.3155452779881
 30
0.0
 11
0.6820695766761896
 21
-4.448008665973215
 31
0.0
210
0.0
220
0.0
230
1.0
 40
0.209592727741314
 41
2.018873431918599
 42
2.205499664516076
  0
LINE
  5
2ED
330
1F
100
AcDbEntity
  8
Geometries
  6
Continuous
370
    40
100
AcDbLine
 10
371.723981498964
 20
119.5650017292277
 30
0.0
 11
371.723981498964
 21
111.7997558597258
 31
0.0
  0
LINE
  5
2EE
330
1F
100
AcDbEntity
  8
Geometries
  6
Continuous
370
    40
100
AcDbLine
 10
292.8690988953326
 20
92.95915008237733
 30
0.0
 11
302.0454163633921
 21
91.53956882972959
 31
0.0
  0
ELLIPSE
  5
2EF
330
1F
100
AcDbEntity
  8
Geometries
  6
Continuous
370
    40
100
AcDbEllipse
 10
252.1208846553721
 20
119.0086886902525
 30
0.0
 11
0.6820695766761896
 21
-4.448008665973215
 31
0.0
210
0.0
220
0.0
230
1.0
 40
0.209592727741314
 41
2.205499664508606
 42
4.07768564266421
  0
LINE
  5
2F0
330
1F
100
AcDbEntity
  8
Geometries
  6
Continuous
370
    40
100
AcDbLine
 10
322.2465693074536
 20
124.3084799979476
 30
0.0
 11
315.6829994193416
 21
125.332790673873
 31
0.0
  0
LINE
  5
2F1
330
1F
100
AcDbEntity
  8
Geometries
  6
Continuous
370
    40
100
AcDbLine
 10
301.8519195837499
 20
91.1262731157904
 30
0.0
 11
301.8519195837499
 21
59.28290645960903
 31
0.0
  0
ELLIPSE
  5
2F2
330
1F
100
AcDbEntity
  8
Geometries
  6
Continuous
370
    40
100
AcDbEllipse
 10
265.8382273054801
 20
95.93007312787051
 30
0.0
 11
-0.9084807793003887
 21
-0.4179266366741393
 31
0.0
210
0.0
220
0.0
230
1.0
 40
0.7891372219992058
 41
4.364157822449783
 42
5.934954149244694
  0
LINE
  5
2F3
330
1F
100
AcDbEntity
  8
Geometries
  6
Continuous
370
    40
100
AcDbLine
 10
252.5945389854614
 20
98.91882779800872
 30
0.0
 11
250.9657508097294
 21
98.66906505136315
 31
0.0
  0
LINE
  5
2F4
330
1F
100
AcDbEntity
  8
Geometries
  6
Continuous
370
    40
100
AcDbLine
 10
292.6464001233557
 20
61.15023504611726
 30
0.0
 11
292.6464001233557
 21
60.71951976935676
 31
0.0
  0
LINE
  5
2F5
330
1F
100
AcDbEntity
  8
Geometries
  6
Continuous
370
    40
100
AcDbLine
 10
330.8001991120435
 20
155.0125747652216
 30
0.0
 11
323.5600348822839
 21
156.1424747498974
 31
0.0
  0
ELLIPSE
  5
2F6
330
1F
100
AcDbEntity
  8
Geometries
  6
Continuous
370
    40
100
AcDbEllipse
 10
366.9055485312911
 20
126.6041799063004
 30
0.0
 11
-0.6879716127733063
 21
4.447103452949804
 31
0.0
210
0.0
220
0.0
230
1.0
 40
0.211325019321175
 41
5.89244441657662
 42
7.218997889072353
  0
LINE
  5
2F7
330
1F
100
AcDbEntity
  8
Geometries
  6
Continuous
370
    40
100
AcDbLine
 10
330.6460054941779
 20
154.8410306950578
 30
0.0
 11
323.4058412644183
 21
155.9709306797335
 31
0.0
  0
LINE
  5
2F8
330
1F
100
AcDbEntity
  8
Geometries
  6
Continuous
370
    40
100
AcDbLine
 10
338.1843838572412
 20
121.3984361724349
 30
0.0
 11
338.3688473392547
 21
121.7924373885556
 31
0.0
  0
LINE
  5
2F9
330
1F
100
AcDbEntity
  8
Geometries
  6
Continuous
370
    40
100
AcDbLine
 10
372.4054459361811
 20
114.7753798569532
 30
0.0
 11
372.4054459361811
 21
112.1931995359963
 31
0.0
  0
ELLIPSE
  5
2FA
330
1F
100
AcDbEntity
  8
Geometries
  6
Continuous
370
    40
100
AcDbEllipse
 10
371.2407779862622
 20
117.2630586656756
 30
0.0
 11
-0.6879716127733062
 21
4.447103452949807
 31
0.0
210
0.0
220
0.0
230
1.0
 40
0.2113250193211747
 41
5.223461143633
 42
5.346811910923927
  0
LINE
  5
2FB
330
1F
100
AcDbEntity
  8
Geometries
  6
Continuous
370
    40
100
AcDbLine
 10
375.2851787087894
 20
113.8558140274558
 30
0.0
 11
358.4619407771256
 21
150.1048538560942
 31
0.0
  0
LINE
  5
2FC
330
1F
100
AcDbEntity
  8
Geometries
  6
Continuous
370
    40
100
AcDbLine
 10
259.6912145527103
 20
140.4856165793902
 30
0.0
 11
248.6394868738762
 21
134.1328565332758
 31
0.0
  0
ELLIPSE
  5
2FD
330
1F
100
AcDbEntity
  8
Geometries
  6
Continuous
370
    40
100
AcDbEllipse
 10
308.3484669740681
 20
61.75346794294649
 30
0.0
 11
-5.43394339498945
 21
2.544063517298766
 31
0.0
210
0.0
220
0.0
230
1.0
 40
0.7882092451938489
 41
1.924317313476415
 42
3.495113640271307
  0
LINE
  5
2FE
330
1F
100
AcDbEntity
  8
Geometries
  6
Continuous
370
    40
100
AcDbLine
 10
315.6829994193416
 20
125.332790673873
 30
0.0
 11
315.4850722257255
 21
124.9100319026688
 31
0.0
  0
LINE
  5
2FF
330
1F
100
AcDbEntity
  8
Geometries
  6
Continuous
370
    40
100
AcDbLine
 10
260.9391195413207
 20
109.0966144419889
 30
0.0
 11
261.3703024293953
 21
108.1675444409146
 31
0.0
  0
ELLIPSE
  5
300
330
1F
100
AcDbEntity
  8
Geometries
  6
Continuous
370
    40
100
AcDbEllipse
 10
359.1617726945199
 20
149.5743636621603
 30
0.0
 11
0.9084807793003885
 21
0.4179266366741403
 31
0.0
210
0.0
220
0.0
230
1.0
 40
0.7891372219992054
 41
0.0000000000000053
 42
1.222565168859983
  0
LINE
  5
301
330
1F
100
AcDbEntity
  8
Geometries
  6
Continuous
370
    40
100
AcDbLine
 10
284.6272538082202
 20
153.4383182361906
 30
0.0
 11
284.6272538082202
 21
121.5949515800092
 31
0.0
  0
LINE
  5
302
330
1F
100
AcDbEntity
  8
Geometries
  6
Continuous
370
    40
100
AcDbLine
 10
301.8519195837499
 20
59.28290645960903
 30
0.0
 11
308.609406198192
 21
58.22833314057829
 31
0.0
  0
LINE
  5
303
330
1F
100
AcDbEntity
  8
Geometries
  6
Continuous
370
    40
100
AcDbLine
 10
345.3225055908334
 20
64.71348998098189
 30
0.0
 11
341.5687554368325
 21
62.54626131909887
 31
0.0
  0
LINE
  5
304
330
1F
100
AcDbEntity
  8
Geometries
  6
Continuous
370
    40
100
AcDbLine
 10
256.231927683098
 20
112.3326020502929
 30
0.0
 11
256.231927683098
 21
89.47069778431701
 31
0.0
  0
ELLIPSE
  5
305
330
1F
100
AcDbEntity
  8
Geometries
  6
Continuous
370
    40
100
AcDbEllipse
 10
364.2797451288154
 20
113.3455248558577
 30
0.0
 11
0.6820695766761892
 21
-4.448008665973217
 31
0.0
210
0.0
220
0.0
230
0.9999999999999998
 40
0.2095927277413137
 41
4.07768564266433
 42
5.160451282825687
  0
LINE
  5
306
330
1F
100
AcDbEntity
  8
Geometries
  6
Continuous
370
    40
100
AcDbLine
 10
295.6767620683362
 20
159.8177548045815
 30
0.0
 11
295.6767620683362
 21
127.1578915674724
 31
0.0
  0
ELLIPSE
  5
307
330
1F
100
AcDbEntity
  8
Geometries
  6
Continuous
370
    40
100
AcDbEllipse
 10
265.8888789403743
 20
114.8588287105209
 30
0.0
 11
2.500012051875258
 21
4.330127018922195
 31
0.0
210
0.0
220
0.0
230
1.0
 40
0.5773502691862717
 41
3.926993227359388
 42
5.497789554154287
  0
LINE
  5
308
330
1F
100
AcDbEntity
  8
Geometries
  6
Continuous
370
    40
100
AcDbLine
 10
359.1617726945199
 20
150.390860243088
 30
0.0
 11
348.0223996456007
 21
152.1292707318359
 31
0.0
  0
LINE
  5
309
330
1F
100
AcDbEntity
  8
Geometries
  6
Continuous
370
    40
100
AcDbLine
 10
259.5651210255313
 20
102.8378259051002
 30
0.0
 11
259.5651210255313
 21
79.97592163912437
 31
0.0
  0
LINE
  5
30A
330
1F
100
AcDbEntity
  8
Geometries
  6
Continuous
370
    40
100
AcDbLine
 10
331.6113607248125
 20
122.8470107075863
 30
0.0
 11
331.6113607248125
 21
153.8738807828399
 31
0.0
  0
LINE
  5
30B
330
1F
100
AcDbEntity
  8
Geometries
  6
Continuous
370
    40
100
AcDbLine
 10
256.9297684404324
 20
89.57770655738518
 30
0.0
 11
256.9297684404324
 21
104.7873043661135
 31
0.0
  0
ELLIPSE
  5
30C
330
1F
100
AcDbEntity
  8
Geometries
  6
Continuous
370
    40
100
AcDbEllipse
 10
359.1617726945199
 20
149.5743636621603
 30
0.0
 11
-0.1541936178655608
 21
-0.9880406510916091
 31
0.0
210
0.0
220
0.0
230
1.0
 40
0.2130559843271491
 41
3.141592653589789
 42
3.773788629403702
  0
LINE
  5
30D
330
1F
100
AcDbEntity
  8
Geometries
  6
Continuous
370
    40
100
AcDbLine
 10
331.6113607248125
 20
122.8470107075863
 30
0.0
 11
331.4228867755132
 21
122.444443411228
 31
0.0
  0
LINE
  5
30E
330
1F
100
AcDbEntity
  8
Geometries
  6
Continuous
370
    40
100
AcDbLine
 10
366.4578046255953
 20
108.7593272242862
 30
0.0
 11
366.4578046255953
 21
129.2349336037502
 31
0.0
  0
LINE
  5
30F
330
1F
100
AcDbEntity
  8
Geometries
  6
Continuous
370
    40
100
AcDbLine
 10
292.6464001233557
 20
92.3785390960224
 30
0.0
 11
292.6464001233557
 21
61.15023504611726
 31
0.0
  0
ELLIPSE
  5
310
330
1F
100
AcDbEntity
  8
Geometries
  6
Continuous
370
    40
100
AcDbEllipse
 10
330.4569586209806
 20
153.6207430920235
 30
0.0
 11
-0.907076034793199
 21
0.4209718735385706
 31
0.0
210
0.0
220
0.0
230
1.0
 40
0.7886736827828161
 41
3.492468725897997
 42
5.063265052692897
  0
LINE
  5
311
330
1F
100
AcDbEntity
  8
Geometries
  6
Continuous
370
    40
100
AcDbLine
 10
368.0702164812102
 20
109.69025364317
 30
0.0
 11
370.0760949579834
 21
110.8483481216967
 31
0.0
  0
ELLIPSE
  5
312
330
1F
100
AcDbEntity
  8
Geometries
  6
Continuous
370
    40
100
AcDbEllipse
 10
276.2700059719329
 20
94.30208981405038
 30
0.0
 11
-0.1541936178655618
 21
-0.9880406510916089
 31
0.0
210
0.0
220
0.0
230
0.9999999999999999
 40
0.2130559843271483
 41
3.773788629403814
 42
5.34458495619865
  0
LINE
  5
313
330
1F
100
AcDbEntity
  8
Geometries
  6
Continuous
370
    40
100
AcDbLine
 10
362.9194647177821
 20
138.698252024484
 30
0.0
 11
361.4056360480415
 21
138.466117476764
 31
0.0
  0
LINE
  5
314
330
1F
100
AcDbEntity
  8
Geometries
  6
Continuous
370
    40
100
AcDbLine
 10
265.5772880813561
 20
95.37272502560002
 30
0.0
 11
265.5772880813561
 21
61.89636520756325
 31
0.0
  0
LINE
  5
315
330
1F
100
AcDbEntity
  8
Geometries
  6
Continuous
370
    40
100
AcDbLine
 10
265.5772880813561
 20
61.89636520756325
 30
0.0
 11
329.6987404316039
 21
51.88957175250107
 31
0.0
  0
LINE
  5
316
330
1F
100
AcDbEntity
  8
Geometries
  6
Continuous
370
    40
100
AcDbLine
 10
322.5001840319201
 20
155.5784446850223
 30
0.0
 11
322.3063027354594
 21
155.1643276698019
 31
0.0
  0
LINE
  5
317
330
1F
100
AcDbEntity
  8
Geometries
  6
Continuous
370
    40
100
AcDbLine
 10
364.0608804586794
 20
75.53209575510886
 30
0.0
 11
364.0608804586794
 21
105.3809522727883
 31
0.0
  0
ELLIPSE
  5
318
330
1F
100
AcDbEntity
  8
Geometries
  6
Continuous
370
    40
100
AcDbEllipse
 10
330.6460054941779
 20
154.02453411413
 30
0.0
 11
0.1541936178655642
 21
0.9880406510916082
 31
0.0
210
0.0
220
0.0
230
1.0
 40
0.2130559843271487
 41
0.0000000000000177
 42
0.6321959758139615
  0
LINE
  5
319
330
1F
100
AcDbEntity
  8
Geometries
  6
Continuous
370
    40
100
AcDbLine
 10
268.1951058997398
 20
117.6129442239145
 30
0.0
 11
269.4244213682698
 21
116.9000750829977
 31
0.0
  0
ELLIPSE
  5
31A
330
1F
100
AcDbEntity
  8
Geometries
  6
Continuous
370
    40
100
AcDbEllipse
 10
309.890868035534
 20
153.9975944131563
 30
0.0
 11
-1.0
 21
5.421010862427522E-17
 31
0.0
210
0.0
220
0.0
230
1.0
 40
0.5773502691896256
 41
2.877597647330946
 42
3.141592396404375
  0
LINE
  5
31B
330
1F
100
AcDbEntity
  8
Geometries
  6
Continuous
370
    40
100
AcDbLine
 10
283.4312445631675
 20
122.2885067372292
 30
0.0
 11
278.4706412774004
 21
119.4370500895235
 31
0.0
  0
LWPOLYLINE
  5
31C
330
1F
100
AcDbEntity
  8
Geometries
  6
Continuous
370
    40
100
AcDbPolyline
 90
        9
 70
   128
 43
0.0
 10
313.2260387178792
 20
60.40213339812777
 10
313.2236859012394
 20
60.3957912419655
 10
313.214767996128
 20
60.37217624734596
 10
313.2056338650121
 20
60.34864712628681
 10
313.1962839364313
 20
60.3252054053209
 10
313.1867186709818
 20
60.30185261236169
 10
313.1769385613091
 20
60.27859027501781
 10
313.1669441319982
 20
60.25541991887507
 10
313.1629428337305
 20
60.24630560747772
  0
LINE
  5
31D
330
1F
100
AcDbEntity
  8
Geometries
  6
Continuous
370
    40
100
AcDbLine
 10
255.0087373106934
 20
89.88049978300054
 30
0.0
 11
255.0087382992482
 21
112.7449070436857
 31
0.0
  0
ELLIPSE
  5
31E
330
1F
100
AcDbEntity
  8
Geometries
  6
Continuous
370
    40
100
AcDbEllipse
 10
309.8908680355339
 20
130.3191935662523
 30
0.0
 11
-1.0
 21
5.421010862427522E-17
 31
0.0
210
0.0
220
0.0
230
1.0
 40
0.5773502691896256
 41
2.877597647330954
 42
3.141592653589781
  0
LINE
  5
31F
330
1F
100
AcDbEntity
  8
Geometries
  6
Continuous
370
    40
100
AcDbLine
 10
283.4312445631675
 20
154.1318733934106
 30
0.0
 11
284.6272538082202
 21
153.4383182361906
 31
0.0
  0
LINE
  5
320
330
1F
100
AcDbEntity
  8
Geometries
  6
Continuous
370
    40
100
AcDbLine
 10
322.2465693074536
 20
124.3084799979476
 30
0.0
 11
322.2465693074536
 21
124.5040875231568
 31
0.0
  0
ELLIPSE
  5
321
330
1F
100
AcDbEntity
  8
Geometries
  6
Continuous
370
    40
100
AcDbEllipse
 10
278.4706412774004
 20
123.5195329941621
 30
0.0
 11
2.508238086986355
 21
4.325360297014692
 31
0.0
210
0.0
220
0.0
230
1.0
 40
0.5786165174525347
 41
3.386468162142549
 42
3.928091039235352
  0
LINE
  5
322
330
1F
100
AcDbEntity
  8
Geometries
  6
Continuous
370
    40
100
AcDbLine
 10
331.6113607248125
 20
153.8738807828399
 30
0.0
 11
331.4228867755132
 21
153.4713134864816
 31
0.0
  0
LINE
  5
323
330
1F
100
AcDbEntity
  8
Geometries
  6
Continuous
370
    40
100
AcDbLine
 10
370.0760949579834
 20
119.7838749955169
 30
0.0
 11
370.0760949579834
 21
110.8483481216967
 31
0.0
  0
LINE
  5
324
330
1F
100
AcDbEntity
  8
Geometries
  6
Continuous
370
    40
100
AcDbLine
 10
253.2760035463053
 20
102.6778022209336
 30
0.0
 11
253.2760035463053
 21
94.09612213961722
 31
0.0
  0
ELLIPSE
  5
325
330
1F
100
AcDbEntity
  8
Geometries
  6
Continuous
370
    40
100
AcDbEllipse
 10
338.3688473392547
 20
125.8749202931943
 30
0.0
 11
-4.528286162491208
 21
2.120052931082303
 31
0.0
210
0.0
220
0.0
230
1.0
 40
0.7882092451938487
 41
1.924317313476412
 42
3.087190866590115
  0
LINE
  5
326
330
1F
100
AcDbEntity
  8
Geometries
  6
Continuous
370
    40
100
AcDbLine
 10
331.6460054941779
 20
122.9693767031425
 30
0.0
 11
331.6460054941779
 21
123.0372115703038
 31
0.0
  0
LINE
  5
327
330
1F
100
AcDbEntity
  8
Geometries
  6
Continuous
370
    40
100
AcDbLine
 10
300.6256251289913
 20
58.05971510770093
 30
0.0
 11
300.6256251289913
 21
89.90308176388226
 31
0.0
  0
LINE
  5
328
330
1F
100
AcDbEntity
  8
Geometries
  6
Continuous
370
    40
100
AcDbLine
 10
358.4619407771256
 20
150.1048538560942
 30
0.0
 11
347.843665402567
 21
151.7475067731976
 31
0.0
  0
LINE
  5
329
330
1F
100
AcDbEntity
  8
Geometries
  6
Continuous
370
    40
100
AcDbLine
 10
259.6912145527103
 20
140.4856165793902
 30
0.0
 11
260.9391195413207
 21
139.7619675405961
 31
0.0
  0
ELLIPSE
  5
32A
330
1F
100
AcDbEntity
  8
Geometries
  6
Continuous
370
    40
100
AcDbEllipse
 10
271.3840651548758
 20
143.1244243443437
 30
0.0
 11
-2.508238086986355
 21
-4.325360297014692
 31
0.0
210
0.0
220
0.0
230
1.0
 40
0.5786165174525347
 41
3.141592653589794
 42
3.87807018242958
  0
LINE
  5
32B
330
1F
100
AcDbEntity
  8
Geometries
  6
Continuous
370
    40
100
AcDbLine
 10
364.0608804586794
 20
105.3809522727883
 30
0.0
 11
358.4619407771256
 21
117.4449906189852
 31
0.0
  0
ELLIPSE
  5
32C
330
1F
100
AcDbEntity
  8
Geometries
  6
Continuous
370
    40
100
AcDbEllipse
 10
314.4015375819996
 20
85.08529690438039
 30
0.0
 11
-1.0
 21
5.421010862427522E-17
 31
0.0
210
0.0
220
0.0
230
1.0
 40
0.5773502691896256
 41
6.283185013793655
 42
7.589986627715616
  0
LINE
  5
32D
330
1F
100
AcDbEntity
  8
Geometries
  6
Continuous
370
    40
100
AcDbLine
 10
257.7988780380563
 20
83.90300371682362
 30
0.0
 11
257.7988785024599
 21
83.90244967476377
 31
0.0
  0
LINE
  5
32E
330
1F
100
AcDbEntity
  8
Geometries
  6
Continuous
370
    40
100
AcDbLine
 10
306.0294471129956
 20
158.6826906429554
 30
0.0
 11
294.4829722420017
 21
160.4846334395248
 31
0.0
  0
LINE
  5
32F
330
1F
100
AcDbEntity
  8
Geometries
  6
Continuous
370
    40
100
AcDbLine
 10
261.2649978954033
 20
80.23658531676169
 30
0.0
 11
261.2649978954033
 21
102.371414986287
 31
0.0
  0
ELLIPSE
  5
330
330
1F
100
AcDbEntity
  8
Geometries
  6
Continuous
370
    40
100
AcDbEllipse
 10
366.9055485312911
 20
126.6041799063004
 30
0.0
 11
-0.6879716127733063
 21
4.447103452949804
 31
0.0
210
0.0
220
0.0
230
1.0
 40
0.211325019321175
 41
5.39469789383027
 42
5.429180611882777
  0
LINE
  5
331
330
1F
100
AcDbEntity
  8
Geometries
  6
Continuous
370
    40
100
AcDbLine
 10
302.0454163633921
 20
59.69620217354828
 30
0.0
 11
308.8069134451201
 21
58.6501949347552
 31
0.0
  0
LINE
  5
332
330
1F
100
AcDbEntity
  8
Geometries
  6
Continuous
370
    40
100
AcDbLine
 10
253.2760035463053
 20
94.09612213961722
 30
0.0
 11
253.2760035463053
 21
93.65764133721376
 31
0.0
  0
LINE
  5
333
330
1F
100
AcDbEntity
  8
Geometries
  6
Continuous
370
    40
100
AcDbLine
 10
276.1419519812712
 20
120.7784431907036
 30
0.0
 11
276.1419519812712
 21
144.4568440376077
 31
0.0
  0
ELLIPSE
  5
334
330
1F
100
AcDbEntity
  8
Geometries
  6
Continuous
370
    40
100
AcDbEllipse
 10
353.261606038998
 20
95.66482802574987
 30
0.0
 11
2.508238086986359
 21
4.325360297014693
 31
0.0
210
0.0
220
0.0
230
0.9999999999999999
 40
0.5786165174525351
 41
5.498887366030247
 42
6.283185307179584
  0
LINE
  5
335
330
1F
100
AcDbEntity
  8
Geometries
  6
Continuous
370
    40
100
AcDbLine
 10
261.2649978954033
 20
80.23658531676169
 30
0.0
 11
259.5651210255313
 21
79.97592163912437
 31
0.0
  0
ELLIPSE
  5
336
330
1F
100
AcDbEntity
  8
Geometries
  6
Continuous
370
    40
100
AcDbEllipse
 10
264.6518178384775
 20
115.5761894755532
 30
0.0
 11
2.508238086986355
 21
4.325360297014692
 31
0.0
210
0.0
220
0.0
230
1.0
 40
0.5786165174525347
 41
3.928091039235353
 42
5.498887366030245
  0
LINE
  5
337
330
1F
100
AcDbEntity
  8
Geometries
  6
Continuous
370
    40
100
AcDbLine
 10
260.9391195413207
 20
109.359571339676
 30
0.0
 11
264.6518178384775
 21
111.4937065709146
 31
0.0
  0
LINE
  5
338
330
1F
100
AcDbEntity
  8
Geometries
  6
Continuous
370
    40
100
AcDbLine
 10
363.7349870262392
 20
111.2897135736136
 30
0.0
 11
363.7349870262392
 21
110.5957180722231
 31
0.0
  0
LINE
  5
339
330
1F
100
AcDbEntity
  8
Geometries
  6
Continuous
370
    40
100
AcDbLine
 10
261.0665378835824
 20
103.0680571923321
 30
0.0
 11
259.5651210255313
 21
102.8378259051002
 31
0.0
  0
LINE
  5
33A
330
1F
100
AcDbEntity
  8
Geometries
  6
Continuous
370
    40
100
AcDbLine
 10
279.8704876703474
 20
66.19774121600449
 30
0.0
 11
279.8704876703474
 21
89.87614206290856
 31
0.0
  0
ELLIPSE
  5
33B
330
1F
100
AcDbEntity
  8
Geometries
  6
Continuous
370
    40
100
AcDbEllipse
 10
362.5703190763191
 20
113.0833968809496
 30
0.0
 11
-0.6879716127733063
 21
4.447103452949804
 31
0.0
210
0.0
220
0.0
230
1.0
 40
0.211325019321175
 41
0.9358125818926036
 42
4.086415323677073
  0
LINE
  5
33C
330
1F
100
AcDbEntity
  8
Geometries
  6
Continuous
370
    40
100
AcDbLine
 10
331.6460054941779
 20
123.0372115703038
 30
0.0
 11
331.6460054941779
 21
154.02453411413
 31
0.0
  0
LINE
  5
33D
330
1F
100
AcDbEntity
  8
Geometries
  6
Continuous
370
    40
100
AcDbLine
 10
364.0608804586794
 20
107.3754624112902
 30
0.0
 11
365.3087854472897
 21
106.6518133724961
 31
0.0
  0
LINE
  5
33E
330
1F
100
AcDbEntity
  8
Geometries
  6
Continuous
370
    40
100
AcDbLine
 10
322.2465693074536
 20
124.5040875231568
 30
0.0
 11
315.8371930372072
 21
125.5043347440369
 31
0.0
  0
LINE
  5
33F
330
1F
100
AcDbEntity
  8
Geometries
  6
Continuous
370
    40
100
AcDbLine
 10
283.4312445631675
 20
122.2885067372292
 30
0.0
 11
284.6272538082202
 21
121.5949515800092
 31
0.0
  0
LINE
  5
340
330
1F
100
AcDbEntity
  8
Geometries
  6
Continuous
370
    40
100
AcDbLine
 10
257.7988780380562
 20
105.2890850262568
 30
0.0
 11
256.9297684404324
 21
104.7873043661135
 31
0.0
  0
LINE
  5
341
330
1F
100
AcDbEntity
  8
Geometries
  6
Continuous
370
    40
100
AcDbLine
 10
343.0140246299041
 20
148.4121718962683
 30
0.0
 11
343.0140246299041
 21
124.7337710493642
 31
0.0
  0
ELLIPSE
  5
342
330
1F
100
AcDbEntity
  8
Geometries
  6
Continuous
370
    40
100
AcDbEllipse
 10
352.0400362038348
 20
96.37320554255112
 30
0.0
 11
-2.500012051875263
 21
-4.330127018922193
 31
0.0
210
0.0
220
0.0
230
1.0
 40
0.5773502691862717
 41
3.14049484171383
 42
3.826825806197831
  0
LINE
  5
343
330
1F
100
AcDbEntity
  8
Geometries
  6
Continuous
370
    40
100
AcDbLine
 10
350.072646783862
 20
93.8112850499041
 30
0.0
 11
348.8580480187288
 21
94.51562010500137
 31
0.0
  0
LINE
  5
344
330
1F
100
AcDbEntity
  8
Geometries
  6
Continuous
370
    40
100
AcDbLine
 10
253.2760035463053
 20
102.6778022209336
 30
0.0
 11
252.5945389854614
 21
102.2843584732872
 31
0.0
  0
LINE
  5
345
330
1F
100
AcDbEntity
  8
Geometries
  6
Continuous
370
    40
100
AcDbLine
 10
281.2779610409416
 20
66.99142159733708
 30
0.0
 11
281.2779610409416
 21
90.66982244424113
 31
0.0
  0
ELLIPSE
  5
346
330
1F
100
AcDbEntity
  8
Geometries
  6
Continuous
370
    40
100
AcDbEllipse
 10
252.1208846553721
 20
119.0086886902525
 30
0.0
 11
0.6820695766761896
 21
-4.448008665973215
 31
0.0
210
0.0
220
0.0
230
1.0
 40
0.209592727741314
 41
0.94510307726955
 42
2.087458607168405
  0
LINE
  5
347
330
1F
100
AcDbEntity
  8
Geometries
  6
Continuous
370
    40
100
AcDbLine
 10
256.9297684404324
 20
104.7873043661135
 30
0.0
 11
256.9297684404324
 21
112.4396108233611
 31
0.0
  0
ARC
  5
348
330
1F
100
AcDbEntity
  8
Geometries
  6
Continuous
370
    40
100
AcDbCircle
 10
246.8554092538391
 20
83.86102892301746
 30
0.0
 40
10.94354760030928
100
AcDbArc
 50
356.7507829972532
 51
0.2167708273204003
  0
LINE
  5
349
330
1F
100
AcDbEntity
  8
Geometries
  6
Continuous
370
    40
100
AcDbLine
 10
283.4312445631675
 20
154.1318733934106
 30
0.0
 11
283.4312445631675
 21
122.2885067372292
 31
0.0
  0
LINE
  5
34A
330
1F
100
AcDbEntity
  8
Geometries
  6
Continuous
370
    40
100
AcDbLine
 10
318.262958504538
 20
88.56516648385865
 30
0.0
 11
330.5170277579983
 21
86.65279651236142
 31
0.0
  0
ELLIPSE
  5
34B
330
1F
100
AcDbEntity
  8
Geometries
  6
Continuous
370
    40
100
AcDbEllipse
 10
330.6460054941779
 20
122.1811674579487
 30
0.0
 11
0.9831013156545252
 21
0.841578093114578
 31
0.0
210
0.0
220
0.0
230
1.0
 40
0.2175226453810765
 41
5.835089816143184
 42
6.099084822401984
  0
LINE
  5
34C
330
1F
100
AcDbEntity
  8
Geometries
  6
Continuous
370
    40
100
AcDbLine
 10
370.0760949579834
 20
110.8483481216967
 30
0.0
 11
371.723981498964
 21
111.7997558597258
 31
0.0
  0
LINE
  5
34D
330
1F
100
AcDbEntity
  8
Geometries
  6
Continuous
370
    40
100
AcDbLine
 10
363.124611283162
 20
137.9824256338335
 30
0.0
 11
363.124611283162
 21
115.867805482967
 31
0.0
  0
LINE
  5
34E
330
1F
100
AcDbEntity
  8
Geometries
  6
Continuous
370
    40
100
AcDbLine
 10
295.6767620683362
 20
127.1578915674724
 30
0.0
 11
261.669160920118
 21
107.5235938900552
 31
0.0
  0
LINE
  5
34F
330
1F
100
AcDbEntity
  8
Geometries
  6
Continuous
370
    40
100
AcDbLine
 10
249.7148212912106
 20
133.2816159244304
 30
0.0
 11
260.9391195413207
 21
109.0966144419889
 31
0.0
  0
LINE
  5
350
330
1F
100
AcDbEntity
  8
Geometries
  6
Continuous
370
    40
100
AcDbLine
 10
367.2011013150925
 20
109.1884697680552
 30
0.0
 11
367.2011070072131
 21
129.5213006838771
 31
0.0
  0
ARC
  5
351
330
1F
100
AcDbEntity
  8
Geometries
  6
Continuous
370
    40
100
AcDbCircle
 10
359.1617726945199
 20
149.5743636621603
 30
0.0
 40
0.9999999999999974
100
AcDbArc
 50
24.70375643586459
 51
81.1299682609585
  0
LINE
  5
352
330
1F
100
AcDbEntity
  8
Geometries
  6
Continuous
370
    40
100
AcDbLine
 10
323.4058412644183
 20
155.9709306797335
 30
0.0
 11
323.2124974619861
 21
155.5579617145152
 31
0.0
  0
LINE
  5
353
330
1F
100
AcDbEntity
  8
Geometries
  6
Continuous
370
    40
100
AcDbLine
 10
330.5170277579983
 20
86.65279651236142
 30
0.0
 11
341.5687554368325
 21
93.00555655847575
 31
0.0
  0
LINE
  5
354
330
1F
100
AcDbEntity
  8
Geometries
  6
Continuous
370
    40
100
AcDbLine
 10
364.0608804586794
 20
105.3809522727883
 30
0.0
 11
364.0608804586794
 21
107.3754624112902
 31
0.0
  0
LWPOLYLINE
  5
355
330
1F
100
AcDbEntity
  8
Geometries
  6
Continuous
370
    40
100
AcDbPolyline
 90
      187
 70
   128
 43
0.0
 10
256.9315827614093
 20
112.6277951821502
 10
256.9365635192303
 20
112.6108822247384
 10
256.9444818709354
 20
112.5838428946348
 10
256.9523899737731
 20
112.5566520582796
 10
256.9602872104655
 20
112.529311293502
 10
256.9681729704731
 20
112.5018221808119
 10
256.976046649864
 20
112.474186303362
 10
256.9839076511917
 20
112.4464052468973
 10
256.9917553833725
 20
112.4184805997181
 10
256.9995892615714
 20
112.3904139526306
 10
257.0074087070863
 20
112.3622068989135
 10
257.0152131472366
 20
112.333861034287
 10
257.023002015258
 20
112.3053779568692
 10
257.0307747501971
 20
112.2767592671473
 10
257.0385307968102
 20
112.248006567949
 10
257.0462696054648
 20
112.2191214644106
 10
257.0539906320459
 20
112.1901055639466
 10
257.0616933378613
 20
112.1609604762282
 10
257.0693771895544
 20
112.1316878131506
 10
257.0770416590162
 20
112.1022891888108
 10
257.0846862233005
 20
112.0727662194864
 10
257.0923103645439
 20
112.0431205236069
 10
257.0999135698859
 20
112.0133537217335
 10
257.107495331392
 20
111.9834674365384
 10
257.1150551459813
 20
111.9534632927767
 10
257.1225925153524
 20
111.9233429172763
 10
257.1301069459164
 20
111.8931079389047
 10
257.1375979487281
 20
111.8627599885583
 10
257.1450650394219
 20
111.8323006991359
 10
257.1525077381484
 20
111.8017317055232
 10
257.1599255695143
 20
111.7710546445703
 10
257.1673180625232
 20
111.7402711550724
 10
257.1746847505197
 20
111.7093828777503
 10
257.1820251711334
 20
111.6783914552314
 10
257.1893388662274
 20
111.6472985320291
 10
257.1966253818455
 20
111.6161057545265
 10
257.2038842681648
 20
111.5848147709524
 10
257.2111150794473
 20
111.5534272313625
 10
257.2183173739936
 20
111.5219447876223
 10
257.2254907140997
 20
111.4903690933845
 10
257.2326346660131
 20
111.4587018040727
 10
257.2397487998933
 20
111.4269445768542
 10
257.2468326897712
 20
111.3950990706272
 10
257.2538859135112
 20
111.3631669459955
 10
257.2609080527754
 20
111.3311498652472
 10
257.267898692987
 20
111.2990494923397
 10
257.274857423298
 20
111.2668674928695
 10
257.2817838365555
 20
111.2346055340593
 10
257.2886775292715
 20
111.2022652847285
 10
257.295538101592
 20
111.1698484152771
 10
257.3023651572688
 20
111.1373565976623
 10
257.3091583036327
 20
111.1047915053703
 10
257.3159171515655
 20
111.0721548134038
 10
257.3226413154766
 20
111.0394481982484
 10
257.3293304132777
 20
111.0066733378555
 10
257.3359840663603
 20
110.9738319116173
 10
257.3426018995735
 20
110.9409256003426
 10
257.3491835412034
 20
110.9079560862328
 10
257.3557286229533
 20
110.874925052855
 10
257.3622367799243
 20
110.8418341851221
 10
257.3687076505973
 20
110.8086851692651
 10
257.3751408768162
 20
110.7754796928081
 10
257.3815361037722
 20
110.7422194445416
 10
257.3878929799878
 20
110.7089061144985
 10
257.3942111573027
 20
110.6755413939287
 10
257.4004902908601
 20
110.6421269752721
 10
257.4067300390947
 20
110.6086645521308
 10
257.4129300637199
 20
110.575155819244
 10
257.4190900297169
 20
110.5416024724636
 10
257.4252096053251
 20
110.5080062087215
 10
257.4312884620315
 20
110.474368726008
 10
257.4373262745625
 20
110.4406917233421
 10
257.4433227208759
 20
110.4069769007426
 10
257.4492774821528
 20
110.3732259592045
 10
257.4551902427923
 20
110.3394406006651
 10
257.4610606904035
 20
110.3056225279848
 10
257.4668885158023
 20
110.2717734449091
 10
257.4726734130051
 20
110.2378950560505
 10
257.478415079226
 20
110.2039890668506
 10
257.484113214873
 20
110.1700571835582
 10
257.4897675235447
 20
110.1361011132004
 10
257.4953777120294
 20
110.1021225635515
 10
257.5009434903023
 20
110.0681232431079
 10
257.5064645715264
 20
110.034104861054
 10
257.5119406720501
 20
110.0000691272424
 10
257.5173715114093
 20
109.9660177521564
 10
257.5227568123274
 20
109.9319524468875
 10
257.5280963007176
 20
109.8978749231023
 10
257.5333897056836
 20
109.8637868930207
 10
257.5386367595243
 20
109.8296900693783
 10
257.5438371977347
 20
109.7955861654079
 10
257.5489907543719
 20
109.7614769256556
 10
257.5540971685381
 20
109.7273640839129
 10
257.5591561855524
 20
109.6932493547526
 10
257.56416755395
 20
109.6591344531295
 10
257.5691310254878
 20
109.6250210943533
 10
257.5740463551505
 20
109.5909109940646
 10
257.5789133011587
 20
109.5568058682047
 10
257.5837316249762
 20
109.522707432988
 10
257.5885010913189
 20
109.4886174048749
 10
257.5932214681634
 20
109.4545375005461
 10
257.5978925267565
 20
109.4204694368743
 10
257.6025140416252
 20
109.3864149309014
 10
257.6070857905883
 20
109.3523756998042
 10
257.6116075547664
 20
109.3183534608768
 10
257.6160791185944
 20
109.2843499315003
 10
257.6205002698343
 20
109.250366829118
 10
257.6248707995873
 20
109.2164058712121
 10
257.6291905023083
 20
109.1824687752748
 10
257.6334591758197
 20
109.1485572587893
 10
257.6376766213267
 20
109.1146730391994
 10
257.6418426434323
 20
109.080817833892
 10
257.6459570501537
 20
109.0469933601692
 10
257.6500196529397
 20
109.0132013352243
 10
257.654030266687
 20
108.9794434761261
 10
257.6579887097591
 20
108.9457214997901
 10
257.6618948040055
 20
108.9120371229576
 10
257.6657483747805
 20
108.8783920621766
 10
257.6695492509638
 20
108.84478803378
 10
257.6732972649816
 20
108.8112267538654
 10
257.6769922528282
 20
108.7777099382741
 10
257.6806340540889
 20
108.7442393025717
 10
257.6842225119626
 20
108.7108165620326
 10
257.6877574732868
 20
108.677443431618
 10
257.6912387885617
 20
108.6441216259585
 10
257.6946663119769
 20
108.6108528593387
 10
257.6980399014372
 20
108.5776388456794
 10
257.7013594185907
 20
108.5444812985215
 10
257.7046247288571
 20
108.5113819310107
 10
257.7078357014574
 20
108.4783424558826
 10
257.7109922094437
 20
108.4453645854494
 10
257.7140941297312
 20
108.4124500315844
 10
257.71714134313
 20
108.3796005057105
 10
257.7201337343793
 20
108.3468177187889
 10
257.7230711921815
 20
108.3141033813026
 10
257.7259536092375
 20
108.2814592032528
 10
257.7287808822847
 20
108.2488868941411
 10
257.7315529121335
 20
108.2163881629661
 10
257.7342696037077
 20
108.1839647182099
 10
257.7369308660844
 20
108.1516182678327
 10
257.7395366125361
 20
108.1193505192635
 10
257.7420867605737
 20
108.0871631793937
 10
257.7445812319909
 20
108.055057954571
 10
257.7470199529103
 20
108.0230365505942
 10
257.7494028538306
 20
107.9911006727087
 10
257.7517298696763
 20
107.9592520256005
 10
257.7540009398468
 20
107.9274923133956
 10
257.7562160082702
 20
107.8958232396535
 10
257.7583750234556
 20
107.8642465073703
 10
257.7604779385496
 20
107.8327638189721
 10
257.7625247113935
 20
107.8013768763176
 10
257.7645153045819
 20
107.770087380697
 10
257.7664496855247
 20
107.7388970328319
 10
257.7683278265092
 20
107.7078075328775
 10
257.7701497047658
 20
107.676820580423
 10
257.7719153025351
 20
107.6459378744956
 10
257.7736246071372
 20
107.6151611135616
 10
257.7752776110428
 20
107.584491995533
 10
257.7768743119482
 20
107.5539322177651
 10
257.7784147128507
 20
107.5234834770674
 10
257.7798988221278
 20
107.4931474697044
 10
257.7813266536183
 20
107.4629258914021
 10
257.7826982267065
 20
107.4328204373519
 10
257.7840135664089
 20
107.4028328022189
 10
257.7852727034638
 20
107.3729646801435
 10
257.7864756744234
 20
107.343217764751
 10
257.7876225217497
 20
107.3135937491568
 10
257.7887132939126
 20
107.2840943259719
 10
257.7897480454924
 20
107.2547211873064
 10
257.790726837284
 20
107.2254760247802
 10
257.791649736406
 20
107.1963605295251
 10
257.7925168164126
 20
107.1673763921903
 10
257.7933281574091
 20
107.1385253029474
 10
257.7940838461716
 20
107.1098089514934
 10
257.7947839762703
 20
107.0812290270564
 10
257.7954286481962
 20
107.052787218396
 10
257.7960179694936
 20
107.0244852138071
 10
257.7965520548949
 20
106.9963247011139
 10
257.7970310264612
 20
106.9683073676784
 10
257.7974550137265
 20
106.9404349003911
 10
257.7978241538474
 20
106.9127089856695
 10
257.7981385917568
 20
106.8851313094511
 10
257.7983984803231
 20
106.8577035571865
 10
257.7986039805141
 20
106.8304274138273
 10
257.7987552615667
 20
106.8033045638162
 10
257.798852501161
 20
106.7763366910682
 10
257.7988785320771
 20
106.7643365368439
  0
LINE
  5
356
330
1F
100
AcDbEntity
  8
Geometries
  6
Continuous
370
    40
100
AcDbLine
 10
281.0967821251059
 20
66.60443598698488
 30
0.0
 11
281.2779610409416
 21
66.99142159733708
 31
0.0
  0
ELLIPSE
  5
357
330
1F
100
AcDbEntity
  8
Geometries
  6
Continuous
370
    40
100
AcDbEllipse
 10
360.3481821615225
 20
76.03947297324767
 30
0.0
 11
-2.508238086986359
 21
-4.325360297014693
 31
0.0
210
0.0
220
0.0
230
1.0
 40
0.5786165174525348
 41
5.49888736603025
 42
6.034272471575485
  0
LINE
  5
358
330
1F
100
AcDbEntity
  8
Geometries
  6
Continuous
370
    40
100
AcDbLine
 10
268.1951058997398
 20
117.6129442239145
 30
0.0
 11
268.1951058997398
 21
141.2913450708185
 31
0.0
  0
LINE
  5
359
330
1F
100
AcDbEntity
  8
Geometries
  6
Continuous
370
    40
100
AcDbLine
 10
348.0223996456007
 20
152.1292707318359
 30
0.0
 11
347.843665402567
 21
151.7475067731976
 31
0.0
  0
LINE
  5
35A
330
1F
100
AcDbEntity
  8
Geometries
  6
Continuous
370
    40
100
AcDbLine
 10
260.9391195413207
 20
139.7619675405961
 30
0.0
 11
249.7148212912106
 21
133.2816159244304
 31
0.0
  0
ELLIPSE
  5
35B
330
1F
100
AcDbEntity
  8
Geometries
  6
Continuous
370
    40
100
AcDbEllipse
 10
255.9752290761612
 20
90.0287042220738
 30
0.0
 11
-1.0
 21
3.039314676669957E-9
 31
0.0
210
0.0
220
0.0
230
1.0
 40
0.5773502768185074
 41
0.2596037710942043
 42
1.830400097889108
  0
LINE
  5
35C
330
1F
100
AcDbEntity
  8
Geometries
  6
Continuous
370
    40
100
AcDbLine
 10
260.9391195413207
 20
109.359571339676
 30
0.0
 11
260.9391195413207
 21
109.0966144419889
 31
0.0
  0
ELLIPSE
  5
35D
330
1F
100
AcDbEntity
  8
Geometries
  6
Continuous
370
    40
100
AcDbEllipse
 10
255.9752300647159
 20
112.893111482759
 30
0.0
 11
0.9999995328169451
 21
-0.000966626034839803
 31
0.0
210
0.0
220
0.0
230
1.0
 40
0.5797687486180734
 41
3.401755674958564
 42
4.972552001753474
  0
LINE
  5
35E
330
1F
100
AcDbEntity
  8
Geometries
  6
Continuous
370
    40
100
AcDbLine
 10
366.4578046255953
 20
129.2349336037502
 30
0.0
 11
365.7408655030125
 21
129.1249962361404
 31
0.0
  0
LINE
  5
35F
330
1F
100
AcDbEntity
  8
Geometries
  6
Continuous
370
    40
100
AcDbLine
 10
358.4619407771256
 20
117.4449906189852
 30
0.0
 11
295.6767620683362
 21
127.1578915674724
 31
0.0
  0
LINE
  5
360
330
1F
100
AcDbEntity
  8
Geometries
  6
Continuous
370
    40
100
AcDbLine
 10
338.1843838572412
 20
121.3984361724349
 30
0.0
 11
331.4228867755132
 21
122.444443411228
 31
0.0
  0
LINE
  5
361
330
1F
100
AcDbEntity
  8
Geometries
  6
Continuous
370
    40
100
AcDbLine
 10
330.4569586209806
 20
154.4372396729512
 30
0.0
 11
330.6460054941779
 21
154.8410306950578
 31
0.0
  0
LINE
  5
362
330
1F
100
AcDbEntity
  8
Geometries
  6
Continuous
370
    40
100
AcDbLine
 10
329.6987404316039
 20
85.36593157053784
 30
0.0
 11
318.0020192804141
 21
87.19132180066043
 31
0.0
  0
LINE
  5
363
330
1F
100
AcDbEntity
  8
Geometries
  6
Continuous
370
    40
100
AcDbLine
 10
310.6554314530626
 20
129.7396628350168
 30
0.0
 11
310.8562232661685
 21
130.1685402349622
 31
0.0
  0
ELLIPSE
  5
364
330
1F
100
AcDbEntity
  8
Geometries
  6
Continuous
370
    40
100
AcDbEllipse
 10
348.0223996456007
 20
151.3127741509082
 30
0.0
 11
-0.1541936178655627
 21
-0.9880406510916091
 31
0.0
210
0.0
220
0.0
230
1.0
 40
0.2130559843271514
 41
3.141592653589799
 42
3.773788629403757
  0
LINE
  5
365
330
1F
100
AcDbEntity
  8
Geometries
  6
Continuous
370
    40
100
AcDbLine
 10
272.7831866747706
 20
146.5950365913298
 30
0.0
 11
271.5612295579389
 21
147.3036386893367
 31
0.0
  0
ELLIPSE
  5
366
330
1F
100
AcDbEntity
  8
Geometries
  6
Continuous
370
    40
100
AcDbEllipse
 10
362.5703190763084
 20
135.9453011469482
 30
0.0
 11
-0.6879716127733062
 21
4.447103452949807
 31
0.0
210
0.0
220
0.0
230
1.0
 40
0.2113250193211747
 41
5.346811910916463
 42
7.218997889072062
  0
LINE
  5
367
330
1F
100
AcDbEntity
  8
Geometries
  6
Continuous
370
    40
100
AcDbLine
 10
278.4706412774004
 20
119.4370500895235
 30
0.0
 11
279.6774944091666
 21
118.7372066585417
 31
0.0
  0
LINE
  5
368
330
1F
100
AcDbEntity
  8
Geometries
  6
Continuous
370
    40
100
AcDbLine
 10
252.5945389854614
 20
102.2843584732872
 30
0.0
 11
252.5945389854614
 21
121.3302168079998
 31
0.0
  0
ELLIPSE
  5
369
330
1F
100
AcDbEntity
  8
Geometries
  6
Continuous
370
    40
100
AcDbEllipse
 10
252.1208846553721
 20
119.0086886902525
 30
0.0
 11
0.6820695766761896
 21
-4.448008665973215
 31
0.0
210
0.0
220
0.0
230
1.0
 40
0.209592727741314
 41
2.087458607168405
 42
2.205499664508606
  0
LINE
  5
36A
330
1F
100
AcDbEntity
  8
Geometries
  6
Continuous
370
    40
100
AcDbLine
 10
292.6464001233557
 20
61.15023504611726
 30
0.0
 11
286.1076018136045
 21
62.16179066498909
 31
0.0
  0
LINE
  5
36B
330
1F
100
AcDbEntity
  8
Geometries
  6
Continuous
370
    40
100
AcDbLine
 10
359.3159663123855
 20
150.5624043132519
 30
0.0
 11
348.1765932634662
 21
152.3008148019998
 31
0.0
  0
LINE
  5
36C
330
1F
100
AcDbEntity
  8
Geometries
  6
Continuous
370
    40
100
AcDbLine
 10
310.8562232661685
 20
130.1685402349622
 30
0.0
 11
310.8562232661686
 21
153.8469410818662
 31
0.0
  0
ARC
  5
36D
330
1F
100
AcDbEntity
  8
Geometries
  6
Continuous
370
    40
100
AcDbCircle
 10
66.00312850007779
 20
81.41614514518385
 30
0.0
 40
0.9999999999999946
100
AcDbArc
 50
119.87420032884
 51
209.8742003288393
  0
ARC
  5
36E
330
1F
100
AcDbEntity
  8
Geometries
  6
Continuous
370
    40
100
AcDbCircle
 10
69.73885851242792
 20
74.91273670999946
 30
0.0
 40
0.9999999999999604
100
AcDbArc
 50
209.8742003288394
 51
299.8742003288412
  0
ARC
  5
36F
330
1F
100
AcDbEntity
  8
Geometries
  6
Continuous
370
    40
100
AcDbCircle
 10
175.605134519626
 20
119.5797490114654
 30
0.0
 40
1.000000000000004
100
AcDbArc
 50
29.87420032883915
 51
119.8742003288363
  0
ARC
  5
370
330
1F
100
AcDbEntity
  8
Geometries
  6
Continuous
370
    40
100
AcDbCircle
 10
157.9226791278354
 20
150.3625489380044
 30
0.0
 40
1.000000000000007
100
AcDbArc
 50
299.8742003288385
 51
29.87420032884137
  0
ARC
  5
371
330
1F
100
AcDbEntity
  8
Geometries
  6
Continuous
370
    40
100
AcDbCircle
 10
76.71222120214813
 20
62.77304096432211
 30
0.0
 40
1.000000000000026
100
AcDbArc
 50
119.8742003288394
 51
209.8742003288369
  0
ARC
  5
372
330
1F
100
AcDbEntity
  8
Geometries
  6
Continuous
370
    40
100
AcDbCircle
 10
183.3451407501362
 20
106.1054289611756
 30
0.0
 40
1.000000000000001
100
AcDbArc
 50
0.0
 51
29.87420032883844
  0
ARC
  5
373
330
1F
100
AcDbEntity
  8
Geometries
  6
Continuous
370
    40
100
AcDbCircle
 10
183.3451407501362
 20
106.1054289611756
 30
0.0
 40
1.000000000000018
100
AcDbArc
 50
329.8742003288411
 51
0.0
  0
ARC
  5
374
330
1F
100
AcDbEntity
  8
Geometries
  6
Continuous
370
    40
100
AcDbCircle
 10
168.6317718299057
 20
131.7194447571426
 30
0.0
 40
1.000000000000001
100
AcDbArc
 50
0.0
 51
29.87420032883996
  0
ARC
  5
375
330
1F
100
AcDbEntity
  8
Geometries
  6
Continuous
370
    40
100
AcDbCircle
 10
168.6317718299057
 20
131.7194447571426
 30
0.0
 40
0.9999999999999852
100
AcDbArc
 50
299.8742003288385
 51
0.0
  0
ARC
  5
376
330
1F
100
AcDbEntity
  8
Geometries
  6
Continuous
370
    40
100
AcDbCircle
 10
51.6548592498638
 20
106.3945710388244
 30
0.0
 40
1.000000000000012
100
AcDbArc
 50
149.8742003288407
 51
209.8742003288395
  0
LINE
  5
377
330
1F
100
AcDbEntity
  8
Geometries
  6
Continuous
370
    40
100
AcDbLine
 10
65.50503116509776
 20
82.28326626987509
 30
0.0
 11
70.23695584740798
 21
74.04561558530825
 31
0.0
  0
LINE
  5
378
330
1F
100
AcDbEntity
  8
Geometries
  6
Continuous
370
    40
100
AcDbLine
 10
68.87173738773672
 20
74.41463937501948
 30
0.0
 11
65.13600737538655
 21
80.91804781020383
 31
0.0
  0
LINE
  5
379
330
1F
100
AcDbEntity
  8
Geometries
  6
Continuous
370
    40
100
AcDbLine
 10
156.7974109126065
 20
154.3291307717493
 30
0.0
 11
158.7898002525266
 21
150.8606462729844
 31
0.0
  0
LINE
  5
37A
330
1F
100
AcDbEntity
  8
Geometries
  6
Continuous
370
    40
100
AcDbLine
 10
66.12994908916443
 20
82.64223567299008
 30
0.0
 11
70.87996053844593
 21
74.41497450630061
 31
0.0
  0
LINE
  5
37B
330
1F
100
AcDbEntity
  8
Geometries
  6
Continuous
370
    40
100
AcDbLine
 10
64.55336862495986
 20
130.615020542483
 30
0.0
 11
64.55340849540434
 21
130.6150892512834
 31
0.0
  0
LINE
  5
37C
330
1F
100
AcDbEntity
  8
Geometries
  6
Continuous
370
    40
100
AcDbLine
 10
172.6165505097459
 20
124.7824757596128
 30
0.0
 11
169.1298691648858
 21
130.8523236324514
 31
0.0
  0
LINE
  5
37D
330
1F
100
AcDbEntity
  8
Geometries
  6
Continuous
370
    40
100
AcDbLine
 10
50.78993374186814
 20
106.8964712934752
 30
0.0
 11
51.6548592498638
 21
106.3945710388244
 31
0.0
  0
LINE
  5
37E
330
1F
100
AcDbEntity
  8
Geometries
  6
Continuous
370
    40
100
AcDbLine
 10
164.8960418175556
 20
138.2228531923271
 30
0.0
 11
164.2535454815603
 21
137.8537862839322
 31
0.0
  0
LINE
  5
37F
330
1F
100
AcDbEntity
  8
Geometries
  6
Continuous
370
    40
100
AcDbLine
 10
77.83748941737704
 20
58.80645913057721
 30
0.0
 11
75.84510007745695
 21
62.27494362934218
 31
0.0
  0
LINE
  5
380
330
1F
100
AcDbEntity
  8
Geometries
  6
Continuous
370
    40
100
AcDbLine
 10
134.1264451865737
 20
49.95834875401148
 30
0.0
 11
149.9999999999999
 21
49.95834875401147
 31
0.0
  0
LINE
  5
381
330
1F
100
AcDbEntity
  8
Geometries
  6
Continuous
370
    40
100
AcDbLine
 10
149.9999999999999
 20
49.95834875401147
 30
0.0
 11
182.5
 21
106.25
 31
0.0
  0
LINE
  5
382
330
1F
100
AcDbEntity
  8
Geometries
  6
Continuous
370
    40
100
AcDbLine
 10
164.925728573882
 20
72.37079886956496
 30
0.0
 11
150.8725214436613
 21
48.15288464568686
 31
0.0
  0
LINE
  5
383
330
1F
100
AcDbEntity
  8
Geometries
  6
Continuous
370
    40
100
AcDbLine
 10
182.5
 20
106.25
 30
0.0
 11
177.0035762138423
 21
115.7700852575553
 31
0.0
  0
LINE
  5
384
330
1F
100
AcDbEntity
  8
Geometries
  6
Continuous
370
    40
100
AcDbLine
 10
172.003564161967
 20
124.43036016986
 30
0.0
 11
168.5035557256543
 21
130.4925526084732
 31
0.0
  0
LINE
  5
385
330
1F
100
AcDbEntity
  8
Geometries
  6
Continuous
370
    40
100
AcDbLine
 10
177.5975238595461
 20
116.1112645127004
 30
0.0
 11
177.0035762138423
 21
115.7700852575553
 31
0.0
  0
LINE
  5
386
330
1F
100
AcDbEntity
  8
Geometries
  6
Continuous
370
    40
100
AcDbLine
 10
107.6263813116348
 20
49.95834875401151
 30
0.0
 11
100.6263644390095
 21
49.95834875401153
 31
0.0
  0
LINE
  5
387
330
1F
100
AcDbEntity
  8
Geometries
  6
Continuous
370
    40
100
AcDbLine
 10
155.2535237881849
 20
153.4422811260805
 30
0.0
 11
150.0
 21
162.5416512459885
 31
0.0
  0
LINE
  5
388
330
1F
100
AcDbEntity
  8
Geometries
  6
Continuous
370
    40
100
AcDbLine
 10
134.3773574352843
 20
164.2367856153595
 30
0.0
 11
134.3736355609906
 21
162.5416512459885
 31
0.0
  0
LINE
  5
389
330
1F
100
AcDbEntity
  8
Geometries
  6
Continuous
370
    40
100
AcDbLine
 10
149.9726193064749
 20
164.2025443154887
 30
0.0
 11
134.3773574352843
 21
164.2367856153595
 31
0.0
  0
LINE
  5
38A
330
1F
100
AcDbEntity
  8
Geometries
  6
Continuous
370
    40
100
AcDbLine
 10
117.6226015884386
 20
48.22588890081544
 30
0.0
 11
112.6226136402848
 21
48.23686698429343
 31
0.0
  0
LINE
  5
38B
330
1F
100
AcDbEntity
  8
Geometries
  6
Continuous
370
    40
100
AcDbLine
 10
155.2535237881849
 20
153.4422811260805
 30
0.0
 11
155.9302897879152
 21
153.8310334367693
 31
0.0
  0
LINE
  5
38C
330
1F
100
AcDbEntity
  8
Geometries
  6
Continuous
370
    40
100
AcDbLine
 10
184.2100662581319
 20
105.6035287065249
 30
0.0
 11
183.3451407501362
 21
106.1054289611756
 31
0.0
  0
LINE
  5
38D
330
1F
100
AcDbEntity
  8
Geometries
  6
Continuous
370
    40
100
AcDbLine
 10
78.70461054206827
 20
59.30455646555723
 30
0.0
 11
85.02738069352509
 21
48.29745568451133
 31
0.0
  0
LINE
  5
38E
330
1F
100
AcDbEntity
  8
Geometries
  6
Continuous
370
    40
100
AcDbLine
 10
165.7631629422469
 20
138.7209505273071
 30
0.0
 11
169.498892954597
 21
132.2175420921227
 31
0.0
  0
LINE
  5
38F
330
1F
100
AcDbEntity
  8
Geometries
  6
Continuous
370
    40
100
AcDbLine
 10
112.8735837379269
 20
162.5416512459885
 30
0.0
 11
112.877409258223
 21
164.2839913743148
 31
0.0
  0
LINE
  5
390
330
1F
100
AcDbEntity
  8
Geometries
  6
Continuous
370
    40
100
AcDbLine
 10
85.02738069352509
 20
48.29745568451133
 30
0.0
 11
100.6226425647157
 21
48.26321438464058
 31
0.0
  0
LINE
  5
391
330
1F
100
AcDbEntity
  8
Geometries
  6
Continuous
370
    40
100
AcDbLine
 10
84.99999999999999
 20
49.95834875401152
 30
0.0
 11
100.6263644390095
 21
49.95834875401153
 31
0.0
  0
LINE
  5
392
330
1F
100
AcDbEntity
  8
Geometries
  6
Continuous
370
    40
100
AcDbLine
 10
117.6264054153853
 20
49.9583487540115
 30
0.0
 11
117.6226015884386
 21
48.22588890081544
 31
0.0
  0
LINE
  5
393
330
1F
100
AcDbEntity
  8
Geometries
  6
Continuous
370
    40
100
AcDbLine
 10
51.6548592498638
 20
106.3945710388244
 30
0.0
 11
57.03737647043739
 21
97.02432538962614
 31
0.0
  0
LINE
  5
394
330
1F
100
AcDbEntity
  8
Geometries
  6
Continuous
370
    40
100
AcDbLine
 10
56.1702553457462
 20
96.52622805464615
 30
0.0
 11
57.03737647043739
 21
97.02432538962614
 31
0.0
  0
LINE
  5
395
330
1F
100
AcDbEntity
  8
Geometries
  6
Continuous
370
    40
100
AcDbLine
 10
112.6226136402848
 20
48.23686698429343
 30
0.0
 11
112.6263933635101
 21
49.95834875401151
 31
0.0
  0
LINE
  5
396
330
1F
100
AcDbEntity
  8
Geometries
  6
Continuous
370
    40
100
AcDbLine
 10
76.2141238671681
 20
63.64016208901338
 30
0.0
 11
76.87997500069623
 21
64.02264461153509
 31
0.0
  0
LINE
  5
397
330
1F
100
AcDbEntity
  8
Geometries
  6
Continuous
370
    40
100
AcDbLine
 10
158.7898002525266
 20
150.8606462729844
 30
0.0
 11
161.7783842624067
 21
145.657919524837
 31
0.0
  0
LINE
  5
398
330
1F
100
AcDbEntity
  8
Geometries
  6
Continuous
370
    40
100
AcDbLine
 10
85.00000000000003
 20
162.5416512459885
 30
0.0
 11
52.50000000000003
 21
106.25
 31
0.0
  0
LINE
  5
399
330
1F
100
AcDbEntity
  8
Geometries
  6
Continuous
370
    40
100
AcDbLine
 10
107.8774213100692
 20
164.2949694577927
 30
0.0
 11
112.877409258223
 21
164.2839913743148
 31
0.0
  0
LINE
  5
39A
330
1F
100
AcDbEntity
  8
Geometries
  6
Continuous
370
    40
100
AcDbLine
 10
100.8774381826539
 20
164.3103387746619
 30
0.0
 11
100.8735548134263
 21
162.5416512459885
 31
0.0
  0
LINE
  5
39B
330
1F
100
AcDbEntity
  8
Geometries
  6
Continuous
370
    40
100
AcDbLine
 10
100.8735548134263
 20
162.5416512459885
 30
0.0
 11
85.00000000000003
 21
162.5416512459885
 31
0.0
  0
LINE
  5
39C
330
1F
100
AcDbEntity
  8
Geometries
  6
Continuous
370
    40
100
AcDbLine
 10
117.6235951872086
 20
162.5416512459885
 30
0.0
 11
117.6273978089691
 21
164.2735621950107
 31
0.0
  0
LINE
  5
39D
330
1F
100
AcDbEntity
  8
Geometries
  6
Continuous
370
    40
100
AcDbLine
 10
174.5035701879046
 20
120.1002227137076
 30
0.0
 11
175.1070371846461
 21
120.4468701361566
 31
0.0
  0
LINE
  5
39E
330
1F
100
AcDbEntity
  8
Geometries
  6
Continuous
370
    40
100
AcDbLine
 10
158.4207764628154
 20
149.4954278133131
 30
0.0
 11
157.7535298141225
 21
149.1121436699282
 31
0.0
  0
LINE
  5
39F
330
1F
100
AcDbEntity
  8
Geometries
  6
Continuous
370
    40
100
AcDbLine
 10
134.3736355609906
 20
162.5416512459885
 30
0.0
 11
127.3736186883652
 21
162.5416512459885
 31
0.0
  0
LINE
  5
3A0
330
1F
100
AcDbEntity
  8
Geometries
  6
Continuous
370
    40
100
AcDbLine
 10
169.498892954597
 20
132.2175420921227
 30
0.0
 11
173.4836716344371
 21
125.2805730945928
 31
0.0
  0
LINE
  5
3A1
330
1F
100
AcDbEntity
  8
Geometries
  6
Continuous
370
    40
100
AcDbLine
 10
64.55340849540434
 20
130.6150892512834
 30
0.0
 11
67.31382002553697
 21
135.3721108364556
 31
0.0
  0
LINE
  5
3A2
330
1F
100
AcDbEntity
  8
Geometries
  6
Continuous
370
    40
100
AcDbLine
 10
50.78993374186814
 20
106.8964712934752
 30
0.0
 11
64.55336862495986
 21
130.615020542483
 31
0.0
  0
LINE
  5
3A3
330
1F
100
AcDbEntity
  8
Geometries
  6
Continuous
370
    40
100
AcDbLine
 10
168.5035557256543
 20
130.4925526084732
 30
0.0
 11
168.0035545204668
 21
131.3585800997036
 31
0.0
  0
LINE
  5
3A4
330
1F
100
AcDbEntity
  8
Geometries
  6
Continuous
370
    40
100
AcDbLine
 10
56.1702553457462
 20
96.52622805464615
 30
0.0
 11
50.78773812517257
 21
105.8964737038444
 31
0.0
  0
LINE
  5
3A5
330
1F
100
AcDbEntity
  8
Geometries
  6
Continuous
370
    40
100
AcDbLine
 10
127.377374307869
 20
164.2521549322286
 30
0.0
 11
127.3736186883652
 21
162.5416512459885
 31
0.0
  0
LINE
  5
3A6
330
1F
100
AcDbEntity
  8
Geometries
  6
Continuous
370
    40
100
AcDbLine
 10
178.4646449842373
 20
116.6093618476804
 30
0.0
 11
184.2122618748274
 21
106.6035262961556
 31
0.0
  0
LINE
  5
3A7
330
1F
100
AcDbEntity
  8
Geometries
  6
Continuous
370
    40
100
AcDbLine
 10
151.1273170615995
 20
164.2000090357082
 30
0.0
 11
156.7974109126065
 21
154.3291307717493
 31
0.0
  0
LINE
  5
3A8
330
1F
100
AcDbEntity
  8
Geometries
  6
Continuous
370
    40
100
AcDbLine
 10
100.8774381826539
 20
164.3103387746619
 30
0.0
 11
107.8774213100692
 21
164.2949694577927
 31
0.0
  0
LINE
  5
3A9
330
1F
100
AcDbEntity
  8
Geometries
  6
Continuous
370
    40
100
AcDbLine
 10
83.87268293840052
 20
48.29999096429183
 30
0.0
 11
77.83748941737704
 21
58.80645913057721
 31
0.0
  0
LINE
  5
3AA
330
1F
100
AcDbEntity
  8
Geometries
  6
Continuous
370
    40
100
AcDbLine
 10
72.85651606757685
 20
67.47767037748959
 30
0.0
 11
68.87173738773672
 21
74.41463937501948
 31
0.0
  0
LINE
  5
3AB
330
1F
100
AcDbEntity
  8
Geometries
  6
Continuous
370
    40
100
AcDbLine
 10
164.9257684443264
 20
72.37086757836533
 30
0.0
 11
164.925728573882
 21
72.37079886956496
 31
0.0
  0
LINE
  5
3AC
330
1F
100
AcDbEntity
  8
Geometries
  6
Continuous
370
    40
100
AcDbLine
 10
184.2100662581319
 20
105.6035287065249
 30
0.0
 11
167.6861799744591
 21
77.1278891635376
 31
0.0
  0
LINE
  5
3AD
330
1F
100
AcDbEntity
  8
Geometries
  6
Continuous
370
    40
100
AcDbLine
 10
67.31382002553697
 20
135.3721108364556
 30
0.0
 11
84.12747855633867
 21
164.3471153543131
 31
0.0
  0
LINE
  5
3AE
330
1F
100
AcDbEntity
  8
Geometries
  6
Continuous
370
    40
100
AcDbLine
 10
107.622625692131
 20
48.24784506777141
 30
0.0
 11
107.6263813116348
 21
49.95834875401151
 31
0.0
  0
LINE
  5
3AF
330
1F
100
AcDbEntity
  8
Geometries
  6
Continuous
370
    40
100
AcDbLine
 10
73.723637192268
 20
67.97576771246956
 30
0.0
 11
74.3799689747586
 21
68.35278206768741
 31
0.0
  0
LINE
  5
3B0
330
1F
100
AcDbEntity
  8
Geometries
  6
Continuous
370
    40
100
AcDbLine
 10
62.62994065285175
 20
88.70442811160338
 30
0.0
 11
62.01834982023764
 21
88.35311414271376
 31
0.0
  0
LINE
  5
3B1
330
1F
100
AcDbEntity
  8
Geometries
  6
Continuous
370
    40
100
AcDbLine
 10
160.9112631377155
 20
145.1598221898569
 30
0.0
 11
160.2535358400602
 21
144.7820062137759
 31
0.0
  0
LINE
  5
3B2
330
1F
100
AcDbEntity
  8
Geometries
  6
Continuous
370
    40
100
AcDbLine
 10
155.9302897879152
 20
153.8310334367693
 30
0.0
 11
156.7974109126065
 21
154.3291307717493
 31
0.0
  0
LINE
  5
3B3
330
1F
100
AcDbEntity
  8
Geometries
  6
Continuous
370
    40
100
AcDbLine
 10
172.003564161967
 20
124.43036016986
 30
0.0
 11
172.6165505097459
 21
124.7824757596128
 31
0.0
  0
LINE
  5
3B4
330
1F
100
AcDbEntity
  8
Geometries
  6
Continuous
370
    40
100
AcDbLine
 10
100.8735548134263
 20
162.5416512459885
 30
0.0
 11
107.8735716860517
 21
162.5416512459885
 31
0.0
  0
LINE
  5
3B5
330
1F
100
AcDbEntity
  8
Geometries
  6
Continuous
370
    40
100
AcDbLine
 10
100.6226425647157
 20
48.26321438464058
 30
0.0
 11
107.622625692131
 21
48.24784506777141
 31
0.0
  0
LINE
  5
3B6
330
1F
100
AcDbEntity
  8
Geometries
  6
Continuous
370
    40
100
AcDbLine
 10
134.1225618173461
 20
48.1896612253381
 30
0.0
 11
127.1225786899308
 21
48.20503054220728
 31
0.0
  0
LINE
  5
3B7
330
1F
100
AcDbEntity
  8
Geometries
  6
Continuous
370
    40
100
AcDbLine
 10
127.1264283139483
 20
49.9583487540115
 30
0.0
 11
134.1264451865737
 21
49.95834875401148
 31
0.0
  0
LINE
  5
3B8
330
1F
100
AcDbEntity
  8
Geometries
  6
Continuous
370
    40
100
AcDbLine
 10
107.6263813116348
 20
49.95834875401151
 30
0.0
 11
112.6263933635101
 21
49.95834875401151
 31
0.0
  0
LINE
  5
3B9
330
1F
100
AcDbEntity
  8
Geometries
  6
Continuous
370
    40
100
AcDbLine
 10
160.2535358400602
 20
144.7820062137759
 30
0.0
 11
157.7535298141225
 21
149.1121436699282
 31
0.0
  0
LINE
  5
3BA
330
1F
100
AcDbEntity
  8
Geometries
  6
Continuous
370
    40
100
AcDbLine
 10
122.1264162620731
 20
49.9583487540115
 30
0.0
 11
127.1264283139483
 21
49.9583487540115
 31
0.0
  0
LINE
  5
3BB
330
1F
100
AcDbEntity
  8
Geometries
  6
Continuous
370
    40
100
AcDbLine
 10
160.2535358400602
 20
144.7820062137759
 30
0.0
 11
163.7535442763728
 21
138.7198137751626
 31
0.0
  0
LINE
  5
3BC
330
1F
100
AcDbEntity
  8
Geometries
  6
Continuous
370
    40
100
AcDbLine
 10
59.52786314533752
 20
92.68871976616995
 30
0.0
 11
62.01834982023764
 21
88.35311414271376
 31
0.0
  0
LINE
  5
3BD
330
1F
100
AcDbEntity
  8
Geometries
  6
Continuous
370
    40
100
AcDbLine
 10
73.723637192268
 20
67.97576771246956
 30
0.0
 11
72.85651606757685
 21
67.47767037748959
 31
0.0
  0
LINE
  5
3BE
330
1F
100
AcDbEntity
  8
Geometries
  6
Continuous
370
    40
100
AcDbLine
 10
100.8774381826539
 20
164.3103387746619
 30
0.0
 11
85.28217631146325
 21
164.3445800745326
 31
0.0
  0
LINE
  5
3BF
330
1F
100
AcDbEntity
  8
Geometries
  6
Continuous
370
    40
100
AcDbLine
 10
158.4207764628154
 20
149.4954278133131
 30
0.0
 11
155.9302897879152
 21
153.8310334367693
 31
0.0
  0
LINE
  5
3C0
330
1F
100
AcDbEntity
  8
Geometries
  6
Continuous
370
    40
100
AcDbLine
 10
52.50000000000003
 20
106.25
 30
0.0
 11
57.6299286009765
 21
97.36470302390804
 31
0.0
  0
LINE
  5
3C1
330
1F
100
AcDbEntity
  8
Geometries
  6
Continuous
370
    40
100
AcDbLine
 10
175.107037184646
 20
120.4468701361566
 30
0.0
 11
172.6165505097459
 21
124.7824757596128
 31
0.0
  0
LINE
  5
3C2
330
1F
100
AcDbEntity
  8
Geometries
  6
Continuous
370
    40
100
AcDbLine
 10
169.1298691648857
 20
130.8523236324514
 30
0.0
 11
168.6317718299058
 21
131.7194447571427
 31
0.0
  0
LINE
  5
3C3
330
1F
100
AcDbEntity
  8
Geometries
  6
Continuous
370
    40
100
AcDbLine
 10
73.723637192268
 20
67.97576771246956
 30
0.0
 11
76.21412386716818
 21
63.64016208901342
 31
0.0
  0
LINE
  5
3C4
330
1F
100
AcDbEntity
  8
Geometries
  6
Continuous
370
    40
100
AcDbLine
 10
122.3773863597152
 20
164.2631330157066
 30
0.0
 11
127.377374307869
 21
164.2521549322286
 31
0.0
  0
LINE
  5
3C5
330
1F
100
AcDbEntity
  8
Geometries
  6
Continuous
370
    40
100
AcDbLine
 10
134.3773574352843
 20
164.2367856153595
 30
0.0
 11
127.377374307869
 21
164.2521549322286
 31
0.0
  0
LINE
  5
3C6
330
1F
100
AcDbEntity
  8
Geometries
  6
Continuous
370
    40
100
AcDbLine
 10
176.4722556443173
 20
120.0778463464454
 30
0.0
 11
178.4646449842373
 21
116.6093618476804
 31
0.0
  0
LINE
  5
3C7
330
1F
100
AcDbEntity
  8
Geometries
  6
Continuous
370
    40
100
AcDbLine
 10
168.0035545204668
 20
131.3585800997036
 30
0.0
 11
168.6317718299058
 21
131.7194447571427
 31
0.0
  0
LINE
  5
3C8
330
1F
100
AcDbEntity
  8
Geometries
  6
Continuous
370
    40
100
AcDbLine
 10
112.877409258223
 20
164.2839913743148
 30
0.0
 11
117.6273978089691
 21
164.2735621950107
 31
0.0
  0
LINE
  5
3C9
330
1F
100
AcDbEntity
  8
Geometries
  6
Continuous
370
    40
100
AcDbLine
 10
168.0035545204668
 20
131.3585800997036
 30
0.0
 11
164.2535454815603
 21
137.8537862839322
 31
0.0
  0
ARC
  5
3CA
330
1F
100
AcDbEntity
  8
Geometries
  6
Continuous
370
    40
100
AcDbCircle
 10
59.02976581035753
 20
93.55584089086119
 30
0.0
 40
1.000000000000002
100
AcDbArc
 50
209.8742003288397
 51
299.8742003288392
  0
LINE
  5
3CB
330
1F
100
AcDbEntity
  8
Geometries
  6
Continuous
370
    40
100
AcDbLine
 10
117.6273978089691
 20
164.2735621950107
 30
0.0
 11
122.3773863597152
 21
164.2631330157066
 31
0.0
  0
LINE
  5
3CC
330
1F
100
AcDbEntity
  8
Geometries
  6
Continuous
370
    40
100
AcDbLine
 10
122.122590741777
 20
48.21600862568526
 30
0.0
 11
117.6226015884386
 21
48.22588890081544
 31
0.0
  0
LINE
  5
3CD
330
1F
100
AcDbEntity
  8
Geometries
  6
Continuous
370
    40
100
AcDbLine
 10
62.01834982023764
 20
88.35311414271376
 30
0.0
 11
65.50503116509776
 21
82.28326626987506
 31
0.0
  0
LINE
  5
3CE
330
1F
100
AcDbEntity
  8
Geometries
  6
Continuous
370
    40
100
AcDbLine
 10
84.12747855633867
 20
164.3471153543131
 30
0.0
 11
85.28217631146325
 21
164.3445800745326
 31
0.0
  0
ARC
  5
3CF
330
1F
100
AcDbEntity
  8
Geometries
  6
Continuous
370
    40
100
AcDbCircle
 10
164.8960418175556
 20
138.2228531923271
 30
0.0
 40
1.000000000000001
100
AcDbArc
 50
29.87420032883854
 51
119.8742003288386
  0
LINE
  5
3D0
330
1F
100
AcDbEntity
  8
Geometries
  6
Continuous
370
    40
100
AcDbLine
 10
183.3451407501362
 20
106.1054289611756
 30
0.0
 11
184.2122618748274
 21
106.6035262961556
 31
0.0
  0
LINE
  5
3D1
330
1F
100
AcDbEntity
  8
Geometries
  6
Continuous
370
    40
100
AcDbLine
 10
75.84510007745698
 20
62.27494362934216
 30
0.0
 11
72.85651606757685
 21
67.47767037748959
 31
0.0
  0
LINE
  5
3D2
330
1F
100
AcDbEntity
  8
Geometries
  6
Continuous
370
    40
100
AcDbLine
 10
172.6165505097459
 20
124.7824757596128
 30
0.0
 11
173.4836716344371
 21
125.2805730945928
 31
0.0
  0
LINE
  5
3D3
330
1F
100
AcDbEntity
  8
Geometries
  6
Continuous
370
    40
100
AcDbLine
 10
164.3979444825756
 20
139.0899743170182
 30
0.0
 11
160.9112631377155
 21
145.1598221898569
 31
0.0
  0
LINE
  5
3D4
330
1F
100
AcDbEntity
  8
Geometries
  6
Continuous
370
    40
100
AcDbLine
 10
78.70461054206827
 20
59.30455646555723
 30
0.0
 11
77.83748941737704
 21
58.80645913057721
 31
0.0
  0
LINE
  5
3D5
330
1F
100
AcDbEntity
  8
Geometries
  6
Continuous
370
    40
100
AcDbLine
 10
164.3979444825756
 20
139.0899743170183
 30
0.0
 11
164.8960418175556
 21
138.2228531923271
 31
0.0
  0
LINE
  5
3D6
330
1F
100
AcDbEntity
  8
Geometries
  6
Continuous
370
    40
100
AcDbLine
 10
160.9112631377155
 20
145.1598221898569
 30
0.0
 11
158.4207764628154
 21
149.4954278133132
 31
0.0
  0
LINE
  5
3D7
330
1F
100
AcDbEntity
  8
Geometries
  6
Continuous
370
    40
100
AcDbLine
 10
167.6861799744591
 20
77.1278891635376
 30
0.0
 11
164.9257684443264
 21
72.37086757836533
 31
0.0
  0
LINE
  5
3D8
330
1F
100
AcDbEntity
  8
Geometries
  6
Continuous
370
    40
100
AcDbLine
 10
76.2141238671681
 20
63.64016208901338
 30
0.0
 11
78.70461054206827
 21
59.30455646555723
 31
0.0
  0
LINE
  5
3D9
330
1F
100
AcDbEntity
  8
Geometries
  6
Continuous
370
    40
100
AcDbLine
 10
100.6263644390095
 20
49.95834875401153
 30
0.0
 11
100.6226425647157
 21
48.26321438464058
 31
0.0
  0
LINE
  5
3DA
330
1F
100
AcDbEntity
  8
Geometries
  6
Continuous
370
    40
100
AcDbLine
 10
57.03737647043739
 20
97.02432538962614
 30
0.0
 11
59.52786314533753
 21
92.68871976616997
 31
0.0
  0
LINE
  5
3DB
330
1F
100
AcDbEntity
  8
Geometries
  6
Continuous
370
    40
100
AcDbLine
 10
122.3773863597152
 20
164.2631330157066
 30
0.0
 11
122.3736066364899
 21
162.5416512459885
 31
0.0
  0
LINE
  5
3DC
330
1F
100
AcDbEntity
  8
Geometries
  6
Continuous
370
    40
100
AcDbLine
 10
173.4836716344371
 20
125.2805730945928
 30
0.0
 11
176.4722556443173
 21
120.0778463464454
 31
0.0
  0
LINE
  5
3DD
330
1F
100
AcDbEntity
  8
Geometries
  6
Continuous
370
    40
100
AcDbLine
 10
174.5035701879046
 20
120.1002227137076
 30
0.0
 11
172.003564161967
 21
124.43036016986
 31
0.0
  0
LINE
  5
3DE
330
1F
100
AcDbEntity
  8
Geometries
  6
Continuous
370
    40
100
AcDbLine
 10
65.13600737538655
 20
80.91804781020383
 30
0.0
 11
61.15122869554639
 21
87.85501680773373
 31
0.0
  0
LINE
  5
3DF
330
1F
100
AcDbEntity
  8
Geometries
  6
Continuous
370
    40
100
AcDbLine
 10
127.1225786899308
 20
48.20503054220728
 30
0.0
 11
122.122590741777
 21
48.21600862568526
 31
0.0
  0
LINE
  5
3E0
330
1F
100
AcDbEntity
  8
Geometries
  6
Continuous
370
    40
100
AcDbLine
 10
157.7535298141225
 20
149.1121436699282
 30
0.0
 11
155.2535237881849
 21
153.4422811260805
 31
0.0
  0
LINE
  5
3E1
330
1F
100
AcDbEntity
  8
Geometries
  6
Continuous
370
    40
100
AcDbLine
 10
169.1298691648857
 20
130.8523236324514
 30
0.0
 11
168.5035557256543
 21
130.4925526084732
 31
0.0
  0
LINE
  5
3E2
330
1F
100
AcDbEntity
  8
Geometries
  6
Continuous
370
    40
100
AcDbLine
 10
70.87996053844593
 20
74.41497450630061
 30
0.0
 11
70.23695584740798
 21
74.04561558530825
 31
0.0
  0
LINE
  5
3E3
330
1F
100
AcDbEntity
  8
Geometries
  6
Continuous
370
    40
100
AcDbLine
 10
177.5975238595461
 20
116.1112645127004
 30
0.0
 11
178.4646449842373
 21
116.6093618476804
 31
0.0
  0
LINE
  5
3E4
330
1F
100
AcDbEntity
  8
Geometries
  6
Continuous
370
    40
100
AcDbLine
 10
163.7535442763728
 20
138.7198137751627
 30
0.0
 11
164.3979444825756
 21
139.0899743170183
 31
0.0
  0
LINE
  5
3E5
330
1F
100
AcDbEntity
  8
Geometries
  6
Continuous
370
    40
100
AcDbLine
 10
112.6226136402848
 20
48.23686698429343
 30
0.0
 11
107.622625692131
 21
48.24784506777141
 31
0.0
  0
LINE
  5
3E6
330
1F
100
AcDbEntity
  8
Geometries
  6
Continuous
370
    40
100
AcDbLine
 10
164.2535454815603
 20
137.8537862839322
 30
0.0
 11
163.7535442763728
 21
138.7198137751627
 31
0.0
  0
LINE
  5
3E7
330
1F
100
AcDbEntity
  8
Geometries
  6
Continuous
370
    40
100
AcDbLine
 10
149.7178236885367
 20
48.15541992546734
 30
0.0
 11
183.3451407501362
 21
106.1054289611756
 31
0.0
  0
LINE
  5
3E8
330
1F
100
AcDbEntity
  8
Geometries
  6
Continuous
370
    40
100
AcDbLine
 10
117.6264054153853
 20
49.9583487540115
 30
0.0
 11
122.1264162620731
 21
49.9583487540115
 31
0.0
  0
LINE
  5
3E9
330
1F
100
AcDbEntity
  8
Geometries
  6
Continuous
370
    40
100
AcDbLine
 10
66.12994908916448
 20
82.64223567299008
 30
0.0
 11
62.62994065285175
 21
88.70442811160338
 31
0.0
  0
LINE
  5
3EA
330
1F
100
AcDbEntity
  8
Geometries
  6
Continuous
370
    40
100
AcDbLine
 10
149.9726193064749
 20
164.2025443154887
 30
0.0
 11
151.1273170615995
 21
164.2000090357082
 31
0.0
  0
LINE
  5
3EB
330
1F
100
AcDbEntity
  8
Geometries
  6
Continuous
370
    40
100
AcDbLine
 10
70.23695584740793
 20
74.04561558530823
 30
0.0
 11
73.723637192268
 21
67.97576771246956
 31
0.0
  0
LINE
  5
3EC
330
1F
100
AcDbEntity
  8
Geometries
  6
Continuous
370
    40
100
AcDbLine
 10
168.6317718299058
 20
131.7194447571427
 30
0.0
 11
164.8960418175556
 21
138.2228531923271
 31
0.0
  0
LINE
  5
3ED
330
1F
100
AcDbEntity
  8
Geometries
  6
Continuous
370
    40
100
AcDbLine
 10
177.0035762138423
 20
115.7700852575553
 30
0.0
 11
174.5035701879046
 21
120.1002227137076
 31
0.0
  0
LINE
  5
3EE
330
1F
100
AcDbEntity
  8
Geometries
  6
Continuous
370
    40
100
AcDbLine
 10
117.6235951872086
 20
162.5416512459885
 30
0.0
 11
112.8735837379269
 21
162.5416512459885
 31
0.0
  0
LINE
  5
3EF
330
1F
100
AcDbEntity
  8
Geometries
  6
Continuous
370
    40
100
AcDbLine
 10
134.1225618173461
 20
48.1896612253381
 30
0.0
 11
149.7178236885367
 21
48.15541992546734
 31
0.0
  0
LINE
  5
3F0
330
1F
100
AcDbEntity
  8
Geometries
  6
Continuous
370
    40
100
AcDbLine
 10
61.15122869554639
 20
87.85501680773373
 30
0.0
 11
62.01834982023764
 21
88.35311414271376
 31
0.0
  0
LINE
  5
3F1
330
1F
100
AcDbEntity
  8
Geometries
  6
Continuous
370
    40
100
AcDbLine
 10
127.1264283139483
 20
49.9583487540115
 30
0.0
 11
127.1225786899308
 21
48.20503054220728
 31
0.0
  0
LINE
  5
3F2
330
1F
100
AcDbEntity
  8
Geometries
  6
Continuous
370
    40
100
AcDbLine
 10
150.0
 20
162.5416512459885
 30
0.0
 11
134.3736355609906
 21
162.5416512459885
 31
0.0
  0
LINE
  5
3F3
330
1F
100
AcDbEntity
  8
Geometries
  6
Continuous
370
    40
100
AcDbLine
 10
60.12993462691412
 20
93.0345655677557
 30
0.0
 11
62.62994065285175
 21
88.70442811160338
 31
0.0
  0
LINE
  5
3F4
330
1F
100
AcDbEntity
  8
Geometries
  6
Continuous
370
    40
100
AcDbLine
 10
85.28217631146325
 20
164.3445800745326
 30
0.0
 11
51.6548592498638
 21
106.3945710388244
 31
0.0
  0
LINE
  5
3F5
330
1F
100
AcDbEntity
  8
Geometries
  6
Continuous
370
    40
100
AcDbLine
 10
169.498892954597
 20
132.2175420921227
 30
0.0
 11
168.6317718299058
 21
131.7194447571427
 31
0.0
  0
LINE
  5
3F6
330
1F
100
AcDbEntity
  8
Geometries
  6
Continuous
370
    40
100
AcDbLine
 10
112.6263933635101
 20
49.95834875401151
 30
0.0
 11
117.6264054153853
 21
49.9583487540115
 31
0.0
  0
LINE
  5
3F7
330
1F
100
AcDbEntity
  8
Geometries
  6
Continuous
370
    40
100
AcDbLine
 10
70.87996053844597
 20
74.41497450630064
 30
0.0
 11
74.3799689747586
 21
68.35278206768741
 31
0.0
  0
LINE
  5
3F8
330
1F
100
AcDbEntity
  8
Geometries
  6
Continuous
370
    40
100
AcDbLine
 10
150.8725214436613
 20
48.15288464568686
 30
0.0
 11
149.7178236885367
 21
48.15541992546734
 31
0.0
  0
LINE
  5
3F9
330
1F
100
AcDbEntity
  8
Geometries
  6
Continuous
370
    40
100
AcDbLine
 10
134.1264451865737
 20
49.95834875401148
 30
0.0
 11
134.1225618173461
 21
48.1896612253381
 31
0.0
  0
LINE
  5
3FA
330
1F
100
AcDbEntity
  8
Geometries
  6
Continuous
370
    40
100
AcDbLine
 10
177.5975238595461
 20
116.1112645127004
 30
0.0
 11
175.1070371846461
 21
120.4468701361566
 31
0.0
  0
LINE
  5
3FB
330
1F
100
AcDbEntity
  8
Geometries
  6
Continuous
370
    40
100
AcDbLine
 10
155.9302897879152
 20
153.8310334367693
 30
0.0
 11
149.9726193064749
 21
164.2025443154887
 31
0.0
  0
LINE
  5
3FC
330
1F
100
AcDbEntity
  8
Geometries
  6
Continuous
370
    40
100
AcDbLine
 10
85.02738069352509
 20
48.29745568451133
 30
0.0
 11
83.87268293840052
 21
48.29999096429183
 31
0.0
  0
LINE
  5
3FD
330
1F
100
AcDbEntity
  8
Geometries
  6
Continuous
370
    40
100
AcDbLine
 10
60.12993462691412
 20
93.0345655677557
 30
0.0
 11
59.52786314533753
 21
92.68871976616997
 31
0.0
  0
LINE
  5
3FE
330
1F
100
AcDbEntity
  8
Geometries
  6
Continuous
370
    40
100
AcDbLine
 10
112.8735837379269
 20
162.5416512459885
 30
0.0
 11
107.8735716860517
 21
162.5416512459885
 31
0.0
  0
LINE
  5
3FF
330
1F
100
AcDbEntity
  8
Geometries
  6
Continuous
370
    40
100
AcDbLine
 10
161.7783842624067
 20
145.657919524837
 30
0.0
 11
165.7631629422469
 21
138.7209505273071
 31
0.0
  0
LINE
  5
400
330
1F
100
AcDbEntity
  8
Geometries
  6
Continuous
370
    40
100
AcDbLine
 10
66.12994908916443
 20
82.64223567299008
 30
0.0
 11
65.50503116509776
 21
82.28326626987509
 31
0.0
  0
LINE
  5
401
330
1F
100
AcDbEntity
  8
Geometries
  6
Continuous
370
    40
100
AcDbLine
 10
58.16264468566629
 20
93.05774355588116
 30
0.0
 11
56.1702553457462
 21
96.52622805464615
 31
0.0
  0
LINE
  5
402
330
1F
100
AcDbEntity
  8
Geometries
  6
Continuous
370
    40
100
AcDbLine
 10
107.8735716860517
 20
162.5416512459885
 30
0.0
 11
107.8774213100692
 21
164.2949694577927
 31
0.0
  0
LINE
  5
403
330
1F
100
AcDbEntity
  8
Geometries
  6
Continuous
370
    40
100
AcDbLine
 10
183.3451407501362
 20
106.1054289611756
 30
0.0
 11
177.5975238595461
 21
116.1112645127004
 31
0.0
  0
LINE
  5
404
330
1F
100
AcDbEntity
  8
Geometries
  6
Continuous
370
    40
100
AcDbLine
 10
57.6299286009765
 20
97.36470302390804
 30
0.0
 11
60.12993462691412
 21
93.0345655677557
 31
0.0
  0
LINE
  5
405
330
1F
100
AcDbEntity
  8
Geometries
  6
Continuous
370
    40
100
AcDbLine
 10
79.37998102663384
 20
59.69250715538278
 30
0.0
 11
84.99999999999999
 21
49.95834875401152
 31
0.0
  0
LINE
  5
406
330
1F
100
AcDbEntity
  8
Geometries
  6
Continuous
370
    40
100
AcDbLine
 10
76.87997500069623
 20
64.02264461153509
 30
0.0
 11
79.37998102663384
 21
59.69250715538278
 31
0.0
  0
LINE
  5
407
330
1F
100
AcDbEntity
  8
Geometries
  6
Continuous
370
    40
100
AcDbLine
 10
50.78773812517257
 20
105.8964737038444
 30
0.0
 11
51.6548592498638
 21
106.3945710388244
 31
0.0
  0
LINE
  5
408
330
1F
100
AcDbEntity
  8
Geometries
  6
Continuous
370
    40
100
AcDbLine
 10
79.37998102663384
 20
59.69250715538278
 30
0.0
 11
78.70461054206827
 21
59.30455646555723
 31
0.0
  0
LINE
  5
409
330
1F
100
AcDbEntity
  8
Geometries
  6
Continuous
370
    40
100
AcDbLine
 10
127.3736186883652
 20
162.5416512459885
 30
0.0
 11
122.3736066364899
 21
162.5416512459885
 31
0.0
  0
LINE
  5
40A
330
1F
100
AcDbEntity
  8
Geometries
  6
Continuous
370
    40
100
AcDbLine
 10
122.1264162620731
 20
49.9583487540115
 30
0.0
 11
122.122590741777
 21
48.21600862568526
 31
0.0
  0
LINE
  5
40B
330
1F
100
AcDbEntity
  8
Geometries
  6
Continuous
370
    40
100
AcDbLine
 10
165.7631629422469
 20
138.7209505273071
 30
0.0
 11
164.8960418175556
 21
138.2228531923271
 31
0.0
  0
LINE
  5
40C
330
1F
100
AcDbEntity
  8
Geometries
  6
Continuous
370
    40
100
AcDbLine
 10
61.15122869554639
 20
87.85501680773373
 30
0.0
 11
58.16264468566627
 21
93.05774355588119
 31
0.0
  0
LINE
  5
40D
330
1F
100
AcDbEntity
  8
Geometries
  6
Continuous
370
    40
100
AcDbLine
 10
122.3736066364899
 20
162.5416512459885
 30
0.0
 11
117.6235951872086
 21
162.5416512459885
 31
0.0
  0
LINE
  5
40E
330
1F
100
AcDbEntity
  8
Geometries
  6
Continuous
370
    40
100
AcDbLine
 10
160.9112631377155
 20
145.1598221898569
 30
0.0
 11
161.7783842624067
 21
145.657919524837
 31
0.0
  0
LINE
  5
40F
330
1F
100
AcDbEntity
  8
Geometries
  6
Continuous
370
    40
100
AcDbLine
 10
57.03737647043739
 20
97.02432538962614
 30
0.0
 11
57.6299286009765
 21
97.36470302390804
 31
0.0
  0
LINE
  5
410
330
1F
100
AcDbEntity
  8
Geometries
  6
Continuous
370
    40
100
AcDbLine
 10
74.3799689747586
 20
68.35278206768741
 30
0.0
 11
76.87997500069623
 21
64.02264461153509
 31
0.0
  0
DIMENSION
  5
412
330
1F
100
AcDbEntity
  8
Annotations
  6
Continuous
370
    15
100
AcDbDimension
280
     0
  2
*D2
 10
150.8725214436613
 20
185.75
 30
0.0
 11
117.3726021910309
 21
185.75
 31
0.0
 70
   160
 71
     5
 42
66.99983850526078
 73
     0
 74
     0
 75
     0
  3
ISO-25
100
AcDbAlignedDimension
 13
83.87268293840052
 23
205.75
 33
0.0
 14
150.8725214436613
 24
205.75
 34
0.0
100
AcDbRotatedDimension
1001
ACAD
1000
DSTYLE
1002
{
1070
   144
1040
1.0
1070
    76
1070
     0
1070
    75
1070
     0
1070
   278
1070
    44
1070
    78
1070
     8
1070
   271
1070
     2
1070
   340
1005
75
1070
   283
1070
     1
1070
   146
1040
0.6
1070
   272
1070
     8
1070
   274
1070
     8
1070
    48
1040
0.0
1070
    47
1040
0.0
1070
    72
1070
     0
1070
    71
1070
     0
1070
    40
1040
1.0
1070
   179
1070
     2
1070
   276
1070
     2
1070
   147
1040
0.7
1070
   371
1070
    15
1070
   372
1070
    15
1070
    45
1040
0.01
1002
}
  0
DIMENSION
  5
41F
330
1F
100
AcDbEntity
  8
Annotations
  6
Continuous
370
    15
100
AcDbDimension
280
     0
  2
*D3
 10
100.6226425647157
 20
259.75
 30
0.0
 11
92.8250116291204
 21
259.75
 31
0.0
 70
   160
 71
     5
 42
15.59526187119062
 73
     0
 74
     0
 75
     0
  3
ISO-25
100
AcDbAlignedDimension
 13
85.02738069352509
 23
247.75
 33
0.0
 14
100.6226425647157
 24
247.75
 34
0.0
100
AcDbRotatedDimension
1001
ACAD
1000
DSTYLE
1002
{
1070
   144
1040
1.0
1070
    76
1070
     0
1070
    75
1070
     0
1070
   278
1070
    44
1070
    78
1070
     8
1070
   271
1070
     2
1070
   340
1005
75
1070
   283
1070
     1
1070
   146
1040
0.6
1070
   272
1070
     8
1070
   274
1070
     8
1070
    48
1040
0.0
1070
    47
1040
0.0
1070
    72
1070
     0
1070
    71
1070
     0
1070
    40
1040
1.0
1070
   179
1070
     2
1070
   276
1070
     2
1070
   147
1040
0.7
1070
   371
1070
    15
1070
   372
1070
    15
1070
    45
1040
0.01
1002
}
  0
DIMENSION
  5
42C
330
1F
100
AcDbEntity
  8
Annotations
  6
Continuous
370
    15
100
AcDbDimension
280
     0
  2
*D4
 10
149.7178236885367
 20
259.75
 30
0.0
 11
141.9201927529414
 21
259.75
 31
0.0
 70
   160
 71
     5
 42
15.59526187119062
 73
     0
 74
     0
 75
     0
  3
ISO-25
100
AcDbAlignedDimension
 13
134.1225618173461
 23
247.75
 33
0.0
 14
149.7178236885367
 24
247.75
 34
0.0
100
AcDbRotatedDimension
1001
ACAD
1000
DSTYLE
1002
{
1070
   144
1040
1.0
1070
    76
1070
     0
1070
    75
1070
     0
1070
   278
1070
    44
1070
    78
1070
     8
1070
   271
1070
     2
1070
   340
1005
75
1070
   283
1070
     1
1070
   146
1040
0.6
1070
   272
1070
     8
1070
   274
1070
     8
1070
    48
1040
0.0
1070
    47
1040
0.0
1070
    72
1070
     0
1070
    71
1070
     0
1070
    40
1040
1.0
1070
   179
1070
     2
1070
   276
1070
     2
1070
   147
1040
0.7
1070
   371
1070
    15
1070
   372
1070
    15
1070
    45
1040
0.01
1002
}
  0
DIMENSION
  5
439
330
1F
100
AcDbEntity
  8
Annotations
  6
Continuous
370
    15
100
AcDbDimension
280
     0
  2
*D5
 10
254.4028846456869
 20
259.75
 30
0.0
 11
268.8903869046156
 21
259.75
 31
0.0
 70
   160
 71
     5
 42
28.97500451785749
 73
     0
 74
     0
 75
     0
  3
ISO-25
100
AcDbAlignedDimension
 13
283.3778891635444
 23
246.75
 33
0.0
 14
254.4028846456869
 24
246.75
 34
0.0
100
AcDbRotatedDimension
1001
ACAD
1000
DSTYLE
1002
{
1070
   144
1040
1.0
1070
    76
1070
     0
1070
    75
1070
     0
1070
   278
1070
    44
1070
    78
1070
     8
1070
   271
1070
     2
1070
   340
1005
76
1070
   283
1070
     1
1070
   146
1040
0.6
1070
   272
1070
     8
1070
   274
1070
     8
1070
    48
1040
0.0
1070
    47
1040
0.0
1070
    72
1070
     0
1070
    71
1070
     0
1070
    40
1040
1.0
1070
   179
1070
     2
1070
   276
1070
     2
1070
   147
1040
0.7
1070
   371
1070
    15
1070
   372
1070
    15
1070
    45
1040
0.01
1002
}
  0
DIMENSION
  5
446
330
1F
100
AcDbEntity
  8
Annotations
  6
Continuous
370
    15
100
AcDbDimension
280
     0
  2
*D6
 10
311.8535287065248
 20
193.75
 30
0.0
 11
283.1282066761058
 21
193.75
 31
0.0
 70
   160
 71
     5
 42
57.45064406083793
 73
     0
 74
     0
 75
     0
  3
ISO-25
100
AcDbAlignedDimension
 13
254.4028846456869
 23
205.75
 33
0.0
 14
311.8535287065248
 24
205.75
 34
0.0
100
AcDbRotatedDimension
1001
ACAD
1000
DSTYLE
1002
{
1070
   144
1040
1.0
1070
    76
1070
     0
1070
    75
1070
     0
1070
   278
1070
    44
1070
    78
1070
     8
1070
   271
1070
     2
1070
   340
1005
76
1070
   283
1070
     1
1070
   146
1040
0.6
1070
   272
1070
     8
1070
   274
1070
     8
1070
    48
1040
0.0
1070
    47
1040
0.0
1070
    72
1070
     0
1070
    71
1070
     0
1070
    40
1040
1.0
1070
   179
1070
     2
1070
   276
1070
     2
1070
   147
1040
0.7
1070
   371
1070
    15
1070
   372
1070
    15
1070
    45
1040
0.01
1002
}
  0
DIMENSION
  5
453
330
1F
100
AcDbEntity
  8
Annotations
  6
Continuous
370
    15
100
AcDbDimension
280
     0
  2
*D7
 10
370.4500090357081
 20
193.75
 30
0.0
 11
341.6517676659319
 21
193.75
 31
0.0
 70
   160
 71
     5
 42
57.59648273955258
 73
     0
 74
     0
 75
     0
  3
ISO-25
100
AcDbAlignedDimension
 13
312.8535262961556
 23
205.75
 33
0.0
 14
370.4500090357081
 24
205.75
 34
0.0
100
AcDbRotatedDimension
1001
ACAD
1000
DSTYLE
1002
{
1070
   144
1040
1.0
1070
    76
1070
     0
1070
    75
1070
     0
1070
   278
1070
    44
1070
    78
1070
     8
1070
   271
1070
     2
1070
   340
1005
76
1070
   283
1070
     1
1070
   146
1040
0.6
1070
   272
1070
     8
1070
   274
1070
     8
1070
    48
1040
0.0
1070
    47
1040
0.0
1070
    72
1070
     0
1070
    71
1070
     0
1070
    40
1040
1.0
1070
   179
1070
     2
1070
   276
1070
     2
1070
   147
1040
0.7
1070
   371
1070
    15
1070
   372
1070
    15
1070
    45
1040
0.01
1002
}
  0
DIMENSION
  5
460
330
1F
100
AcDbEntity
  8
Annotations
  6
Continuous
370
    15
100
AcDbDimension
280
     0
  2
*D8
 10
370.4525443154886
 20
259.75
 30
0.0
 11
364.9489939249657
 21
259.75
 31
0.0
 70
   160
 71
     5
 42
11.00710078104584
 73
     0
 74
     0
 75
     0
  3
ISO-25
100
AcDbAlignedDimension
 13
359.4454435344428
 23
247.75
 33
0.0
 14
370.4525443154886
 24
247.75
 34
0.0
100
AcDbRotatedDimension
1001
ACAD
1000
DSTYLE
1002
{
1070
   144
1040
1.0
1070
    76
1070
     0
1070
    75
1070
     0
1070
   278
1070
    44
1070
    78
1070
     8
1070
   271
1070
     2
1070
   340
1005
76
1070
   283
1070
     1
1070
   146
1040
0.6
1070
   272
1070
     8
1070
   274
1070
     8
1070
    48
1040
0.0
1070
    47
1040
0.0
1070
    72
1070
     0
1070
    71
1070
     0
1070
    40
1040
1.0
1070
   179
1070
     2
1070
   276
1070
     2
1070
   147
1040
0.7
1070
   371
1070
    15
1070
   372
1070
    15
1070
    45
1040
0.01
1002
}
  0
DIMENSION
  5
46D
330
1F
100
AcDbEntity
  8
Annotations
  6
Continuous
370
    15
100
AcDbDimension
280
     0
  2
*D9
 10
321.7256746103739
 20
259.75
 30
0.0
 11
317.0405517857747
 21
259.75
 31
0.0
 70
   160
 71
     5
 42
9.370245649198296
 73
     0
 74
     0
 75
     0
  3
ISO-25
100
AcDbAlignedDimension
 13
312.3554289611756
 23
247.75
 33
0.0
 14
321.7256746103739
 24
247.75
 34
0.0
100
AcDbRotatedDimension
1001
ACAD
1000
DSTYLE
1002
{
1070
   144
1040
1.0
1070
    76
1070
     0
1070
    75
1070
     0
1070
   278
1070
    44
1070
    78
1070
     8
1070
   271
1070
     2
1070
   340
1005
76
1070
   283
1070
     1
1070
   146
1040
0.6
1070
   272
1070
     8
1070
   274
1070
     8
1070
    48
1040
0.0
1070
    47
1040
0.0
1070
    72
1070
     0
1070
    71
1070
     0
1070
    40
1040
1.0
1070
   179
1070
     2
1070
   276
1070
     2
1070
   147
1040
0.7
1070
   371
1070
    15
1070
   372
1070
    15
1070
    45
1040
0.01
1002
}
  0
DIMENSION
  5
47A
330
1F
100
AcDbEntity
  8
Annotations
  6
Continuous
370
    15
100
AcDbDimension
280
     0
  2
*D10
 10
242.4028846456869
 20
213.2638067715538
 30
0.0
 11
242.4028846456869
 21
227.2638067715535
 31
0.0
 70
   160
 71
     5
 42
27.99999999999943
 73
     0
 74
     0
 75
     0
  3
ISO-25
100
AcDbAlignedDimension
 13
264.9982404384659
 23
241.2638067715533
 33
0.0
 14
264.9982404384659
 24
213.2638067715538
 34
0.0
 50
90.0
100
AcDbRotatedDimension
1001
ACAD
1000
DSTYLE
1002
{
1070
   144
1040
1.0
1070
    76
1070
     0
1070
    75
1070
     0
1070
   278
1070
    44
1070
    78
1070
     8
1070
   271
1070
     2
1070
   340
1005
76
1070
   283
1070
     1
1070
   146
1040
0.6
1070
   272
1070
     8
1070
   274
1070
     8
1070
    48
1040
0.0
1070
    47
1040
0.0
1070
    72
1070
     0
1070
    71
1070
     0
1070
    40
1040
1.0
1070
   179
1070
     2
1070
   276
1070
     2
1070
   147
1040
0.7
1070
   371
1070
    15
1070
   372
1070
    15
1070
    45
1040
0.01
1002
}
  0
DIMENSION
  5
487
330
1F
100
AcDbEntity
  8
Annotations
  6
Continuous
370
    15
100
AcDbDimension
280
     0
  2
*D11
 10
85.28217631146325
 20
176.3471153543131
 30
0.0
 11
118.2047466865314
 21
176.3471153543131
 31
0.0
 70
   160
 71
     5
 42
65.84514075013621
 73
     0
 74
     0
 75
     0
  3
ISO-25
100
AcDbAlignedDimension
 13
151.1273170615995
 23
164.2000090357082
 33
0.0
 14
85.28217631146325
 24
164.3445800745326
 34
0.0
100
AcDbRotatedDimension
1001
ACAD
1000
DSTYLE
1002
{
1070
   144
1040
1.0
1070
    76
1070
     0
1070
    75
1070
     0
1070
   278
1070
    44
1070
    78
1070
     8
1070
   271
1070
     2
1070
   340
1005
78
1070
   283
1070
     1
1070
   146
1040
0.6
1070
   272
1070
     8
1070
   274
1070
     8
1070
    48
1040
0.0
1070
    47
1040
0.0
1070
    72
1070
     0
1070
    71
1070
     0
1070
    40
1040
1.0
1070
   179
1070
     2
1070
   276
1070
     2
1070
   147
1040
0.7
1070
   371
1070
    15
1070
   372
1070
    15
1070
    45
1040
0.01
1002
}
  0
DIMENSION
  5
494
330
1F
100
AcDbEntity
  8
Annotations
  6
Continuous
370
    15
100
AcDbDimension
280
     0
  2
*D12
 10
196.3451407501362
 20
106.6035262961556
 30
0.0
 11
196.3451407501362
 21
135.4017676659319
 31
0.0
 70
   160
 71
     5
 42
57.5964827395526
 73
     0
 74
     0
 75
     0
  3
ISO-25
100
AcDbAlignedDimension
 13
151.1273170615995
 23
164.2000090357082
 33
0.0
 14
184.2122618748274
 24
106.6035262961556
 34
0.0
 50
90.0
100
AcDbRotatedDimension
1001
ACAD
1000
DSTYLE
1002
{
1070
   144
1040
1.0
1070
    76
1070
     0
1070
    75
1070
     0
1070
   278
1070
    44
1070
    78
1070
     8
1070
   271
1070
     2
1070
   340
1005
78
1070
   283
1070
     1
1070
   146
1040
0.6
1070
   272
1070
     8
1070
   274
1070
     8
1070
    48
1040
0.0
1070
    47
1040
0.0
1070
    72
1070
     0
1070
    71
1070
     0
1070
    40
1040
1.0
1070
   179
1070
     2
1070
   276
1070
     2
1070
   147
1040
0.7
1070
   371
1070
    15
1070
   372
1070
    15
1070
    45
1040
0.01
1002
}
  0
DIMENSION
  5
4A1
330
1F
100
AcDbEntity
  8
Annotations
  6
Continuous
370
    15
100
AcDbDimension
280
     0
  2
*D13
 10
196.3451407501362
 20
48.15288464568686
 30
0.0
 11
196.3451407501362
 21
76.87820667610586
 31
0.0
 70
   160
 71
     5
 42
57.45064406083801
 73
     0
 74
     0
 75
     0
  3
ISO-25
100
AcDbAlignedDimension
 13
184.2100662581319
 23
105.6035287065249
 33
0.0
 14
150.8725214436613
 24
48.15288464568686
 34
0.0
 50
90.0
100
AcDbRotatedDimension
1001
ACAD
1000
DSTYLE
1002
{
1070
   144
1040
1.0
1070
    76
1070
     0
1070
    75
1070
     0
1070
   278
1070
    44
1070
    78
1070
     8
1070
   271
1070
     2
1070
   340
1005
78
1070
   283
1070
     1
1070
   146
1040
0.6
1070
   272
1070
     8
1070
   274
1070
     8
1070
    48
1040
0.0
1070
    47
1040
0.0
1070
    72
1070
     0
1070
    71
1070
     0
1070
    40
1040
1.0
1070
   179
1070
     2
1070
   276
1070
     2
1070
   147
1040
0.7
1070
   371
1070
    15
1070
   372
1070
    15
1070
    45
1040
0.01
1002
}
  0
DIMENSION
  5
4AE
330
1F
100
AcDbEntity
  8
Annotations
  6
Continuous
370
    15
100
AcDbDimension
280
     0
  2
*D14
 10
122.122590741777
 20
259.75
 30
0.0
 11
117.3726021910309
 21
259.75
 31
0.0
 70
   160
 71
     5
 42
9.499977101492206
 73
     0
 74
     0
 75
     0
  3
ISO-25
100
AcDbAlignedDimension
 13
112.6226136402848
 23
242.75
 33
0.0
 14
122.122590741777
 24
242.7750628144669
 34
0.0
100
AcDbRotatedDimension
1001
ACAD
1000
DSTYLE
1002
{
1070
   144
1040
1.0
1070
    76
1070
     0
1070
    75
1070
     0
1070
   278
1070
    44
1070
    78
1070
     8
1070
   271
1070
     2
1070
   340
1005
75
1070
   283
1070
     1
1070
   146
1040
0.6
1070
   272
1070
     8
1070
   274
1070
     8
1070
    48
1040
0.0
1070
    47
1040
0.0
1070
    72
1070
     0
1070
    71
1070
     0
1070
    40
1040
1.0
1070
   179
1070
     2
1070
   276
1070
     2
1070
   147
1040
0.7
1070
   371
1070
    15
1070
   372
1070
    15
1070
    45
1040
0.01
1002
}
  0
DIMENSION
  5
4BB
330
1F
100
AcDbEntity
  8
Annotations
  6
Continuous
370
    15
100
AcDbDimension
280
     0
  2
*D15
 10
112.6226136402848
 20
193.75
 30
0.0
 11
106.6226281025002
 21
193.75
 31
0.0
 70
   160
 71
     5
 42
11.99997107556909
 73
     0
 74
     0
 75
     0
  3
ISO-25
100
AcDbAlignedDimension
 13
100.6226425647157
 23
208.75
 33
0.0
 14
112.6226136402848
 24
213.75
 34
0.0
100
AcDbRotatedDimension
1001
ACAD
1000
DSTYLE
1002
{
1070
   144
1040
1.0
1070
    76
1070
     0
1070
    75
1070
     0
1070
   278
1070
    44
1070
    78
1070
     8
1070
   271
1070
     2
1070
   340
1005
75
1070
   283
1070
     1
1070
   146
1040
0.6
1070
   272
1070
     8
1070
   274
1070
     8
1070
    48
1040
0.0
1070
    47
1040
0.0
1070
    72
1070
     0
1070
    71
1070
     0
1070
    40
1040
1.0
1070
   179
1070
     2
1070
   276
1070
     2
1070
   147
1040
0.7
1070
   371
1070
    15
1070
   372
1070
    15
1070
    45
1040
0.01
1002
}
  0
DIMENSION
  5
4C8
330
1F
100
AcDbEntity
  8
Annotations
  6
Continuous
370
    15
100
AcDbDimension
280
     0
  2
*D16
 10
129.6860907623432
 20
208.75
 30
0.0
 11
129.6860907623432
 21
231.2146987915039
 31
0.0
 70
   160
 71
     5
 42
39.0
 73
     0
 74
     0
 75
     0
  3
ISO-25
100
AcDbAlignedDimension
 13
134.1225618173461
 23
247.75
 33
0.0
 14
134.1225618173461
 24
208.75
 34
0.0
 50
90.0
100
AcDbRotatedDimension
1001
ACAD
1000
DSTYLE
1002
{
1070
   144
1040
1.0
1070
    76
1070
     0
1070
    75
1070
     0
1070
   278
1070
    44
1070
    78
1070
     8
1070
   271
1070
     2
1070
   340
1005
75
1070
   283
1070
     1
1070
   146
1040
0.6
1070
   272
1070
     8
1070
   274
1070
     8
1070
    48
1040
0.0
1070
    47
1040
0.0
1070
    72
1070
     0
1070
    71
1070
     0
1070
    40
1040
1.0
1070
   179
1070
     2
1070
   276
1070
     2
1070
   147
1040
0.7
1070
   371
1070
    15
1070
   372
1070
    15
1070
    45
1040
0.01
1002
}
  0
DIMENSION
  5
4D5
330
1F
100
AcDbEntity
  8
Annotations
  6
Continuous
370
    15
100
AcDbDimension
280
     0
  2
*D17
 10
182.5
 20
77.68467055417466
 30
0.0
 11
117.5
 21
77.68467055417466
 31
0.0
 70
   160
 71
     5
 42
130.0
 73
     0
 74
     0
 75
     0
  3
ISO-25
100
AcDbAlignedDimension
 13
52.50000000000003
 23
106.25
 33
0.0
 14
182.5
 24
106.25
 34
0.0
100
AcDbRotatedDimension
1001
ACAD
1000
DSTYLE
1002
{
1070
   144
1040
1.0
1070
    76
1070
     0
1070
    75
1070
     0
1070
   278
1070
    44
1070
    78
1070
     8
1070
   271
1070
     2
1070
   340
1005
78
1070
   283
1070
     1
1070
   146
1040
0.6
1070
   272
1070
     8
1070
   274
1070
     8
1070
    48
1040
0.0
1070
    47
1040
0.0
1070
    72
1070
     0
1070
    71
1070
     0
1070
    40
1040
1.0
1070
   179
1070
     2
1070
   276
1070
     2
1070
   147
1040
0.7
1070
   371
1070
    15
1070
   372
1070
    15
1070
    45
1040
0.01
1002
}
  0
DIMENSION
  5
4E2
330
1F
100
AcDbEntity
  8
Annotations
  6
Continuous
370
    15
100
AcDbDimension
280
     0
  2
*D18
 10
38.65485924986379
 20
49.95834875401152
 30
0.0
 11
38.65485924986379
 21
106.25
 31
0.0
 70
   160
 71
     5
 42
112.583302491977
 73
     0
 74
     0
 75
     0
  3
ISO-25
100
AcDbAlignedDimension
 13
85.00000000000003
 23
162.5416512459885
 33
0.0
 14
84.99999999999999
 24
49.95834875401152
 34
0.0
 50
90.0
100
AcDbRotatedDimension
1001
ACAD
1000
DSTYLE
1002
{
1070
   144
1040
1.0
1070
    76
1070
     0
1070
    75
1070
     0
1070
   278
1070
    44
1070
    78
1070
     8
1070
   271
1070
     2
1070
   340
1005
78
1070
   283
1070
     1
1070
   146
1040
0.6
1070
   272
1070
     8
1070
   274
1070
     8
1070
    48
1040
0.0
1070
    47
1040
0.0
1070
    72
1070
     0
1070
    71
1070
     0
1070
    40
1040
1.0
1070
   179
1070
     2
1070
   276
1070
     2
1070
   147
1040
0.7
1070
   371
1070
    15
1070
   372
1070
    15
1070
    45
1040
0.01
1002
}
  0
LINE
  5
4EF
330
1F
100
AcDbEntity
  8
Border
  6
Continuous
370
    15
100
AcDbLine
 10
20.0
 20
10.0
 30
0.0
 11
410.0
 21
10.0
 31
0.0
  0
LINE
  5
4F0
330
1F
100
AcDbEntity
  8
Border
  6
Continuous
370
    15
100
AcDbLine
 10
410.0
 20
10.0
 30
0.0
 11
410.0
 21
287.0
 31
0.0
  0
LINE
  5
4F1
330
1F
100
AcDbEntity
  8
Border
  6
Continuous
370
    15
100
AcDbLine
 10
410.0
 20
287.0
 30
0.0
 11
20.0
 21
287.0
 31
0.0
  0
LINE
  5
4F2
330
1F
100
AcDbEntity
  8
Border
  6
Continuous
370
    15
100
AcDbLine
 10
20.0
 20
287.0
 30
0.0
 11
20.0
 21
10.0
 31
0.0
  0
LINE
  5
4F3
330
1F
100
AcDbEntity
  8
Border
  6
Continuous
370
    15
100
AcDbLine
 10
215.0
 20
15.0
 30
0.0
 11
215.0
 21
5.0
 31
0.0
  0
LINE
  5
4F4
330
1F
100
AcDbEntity
  8
Border
  6
Continuous
370
    15
100
AcDbLine
 10
265.0
 20
10.0
 30
0.0
 11
265.0
 21
5.0
 31
0.0
  0
LINE
  5
4F5
330
1F
100
AcDbEntity
  8
Border
  6
Continuous
370
    15
100
AcDbLine
 10
165.0
 20
10.0
 30
0.0
 11
165.0
 21
5.0
 31
0.0
  0
LINE
  5
4F6
330
1F
100
AcDbEntity
  8
Border
  6
Continuous
370
    15
100
AcDbLine
 10
315.0
 20
10.0
 30
0.0
 11
315.0
 21
5.0
 31
0.0
  0
LINE
  5
4F7
330
1F
100
AcDbEntity
  8
Border
  6
Continuous
370
    15
100
AcDbLine
 10
115.0
 20
10.0
 30
0.0
 11
115.0
 21
5.0
 31
0.0
  0
LINE
  5
4F8
330
1F
100
AcDbEntity
  8
Border
  6
Continuous
370
    15
100
AcDbLine
 10
365.0
 20
10.0
 30
0.0
 11
365.0
 21
5.0
 31
0.0
  0
LINE
  5
4F9
330
1F
100
AcDbEntity
  8
Border
  6
Continuous
370
    15
100
AcDbLine
 10
65.0
 20
10.0
 30
0.0
 11
65.0
 21
5.0
 31
0.0
  0
MTEXT
  5
4FA
330
1F
100
AcDbEntity
  8
Border
  6
Continuous
370
    15
100
AcDbMText
 10
42.5
 20
9.17475
 30
0.0
 40
3.3495
 41
3.3495
 46
3.3495
 71
     2
 72
     1
  1
1
  7
Shapr0
 73
     1
 44
1.0
1001
ACAD
1000
ACAD_MTEXT_DEFINED_HEIGHT_BEGIN
1070
    46
1040
3.3495
1000
ACAD_MTEXT_DEFINED_HEIGHT_END
  0
MTEXT
  5
4FB
330
1F
100
AcDbEntity
  8
Border
  6
Continuous
370
    15
100
AcDbMText
 10
90.0
 20
9.17475
 30
0.0
 40
3.3495
 41
3.3495
 46
3.3495
 71
     2
 72
     1
  1
2
  7
Shapr0
 73
     1
 44
1.0
1001
ACAD
1000
ACAD_MTEXT_DEFINED_HEIGHT_BEGIN
1070
    46
1040
3.3495
1000
ACAD_MTEXT_DEFINED_HEIGHT_END
  0
MTEXT
  5
4FC
330
1F
100
AcDbEntity
  8
Border
  6
Continuous
370
    15
100
AcDbMText
 10
140.0
 20
9.17475
 30
0.0
 40
3.3495
 41
3.3495
 46
3.3495
 71
     2
 72
     1
  1
3
  7
Shapr0
 73
     1
 44
1.0
1001
ACAD
1000
ACAD_MTEXT_DEFINED_HEIGHT_BEGIN
1070
    46
1040
3.3495
1000
ACAD_MTEXT_DEFINED_HEIGHT_END
  0
MTEXT
  5
4FD
330
1F
100
AcDbEntity
  8
Border
  6
Continuous
370
    15
100
AcDbMText
 10
190.0
 20
9.17475
 30
0.0
 40
3.3495
 41
3.3495
 46
3.3495
 71
     2
 72
     1
  1
4
  7
Shapr0
 73
     1
 44
1.0
1001
ACAD
1000
ACAD_MTEXT_DEFINED_HEIGHT_BEGIN
1070
    46
1040
3.3495
1000
ACAD_MTEXT_DEFINED_HEIGHT_END
  0
MTEXT
  5
4FE
330
1F
100
AcDbEntity
  8
Border
  6
Continuous
370
    15
100
AcDbMText
 10
240.0
 20
9.17475
 30
0.0
 40
3.3495
 41
3.3495
 46
3.3495
 71
     2
 72
     1
  1
5
  7
Shapr0
 73
     1
 44
1.0
1001
ACAD
1000
ACAD_MTEXT_DEFINED_HEIGHT_BEGIN
1070
    46
1040
3.3495
1000
ACAD_MTEXT_DEFINED_HEIGHT_END
  0
MTEXT
  5
4FF
330
1F
100
AcDbEntity
  8
Border
  6
Continuous
370
    15
100
AcDbMText
 10
290.0
 20
9.17475
 30
0.0
 40
3.3495
 41
3.3495
 46
3.3495
 71
     2
 72
     1
  1
6
  7
Shapr0
 73
     1
 44
1.0
1001
ACAD
1000
ACAD_MTEXT_DEFINED_HEIGHT_BEGIN
1070
    46
1040
3.3495
1000
ACAD_MTEXT_DEFINED_HEIGHT_END
  0
MTEXT
  5
500
330
1F
100
AcDbEntity
  8
Border
  6
Continuous
370
    15
100
AcDbMText
 10
340.0
 20
9.17475
 30
0.0
 40
3.3495
 41
3.3495
 46
3.3495
 71
     2
 72
     1
  1
7
  7
Shapr0
 73
     1
 44
1.0
1001
ACAD
1000
ACAD_MTEXT_DEFINED_HEIGHT_BEGIN
1070
    46
1040
3.3495
1000
ACAD_MTEXT_DEFINED_HEIGHT_END
  0
MTEXT
  5
501
330
1F
100
AcDbEntity
  8
Border
  6
Continuous
370
    15
100
AcDbMText
 10
387.5
 20
9.17475
 30
0.0
 40
3.3495
 41
3.3495
 46
3.3495
 71
     2
 72
     1
  1
8
  7
Shapr0
 73
     1
 44
1.0
1001
ACAD
1000
ACAD_MTEXT_DEFINED_HEIGHT_BEGIN
1070
    46
1040
3.3495
1000
ACAD_MTEXT_DEFINED_HEIGHT_END
  0
LINE
  5
502
330
1F
100
AcDbEntity
  8
Border
  6
Continuous
370
    15
100
AcDbLine
 10
405.0
 20
148.5
 30
0.0
 11
415.0
 21
148.5
 31
0.0
  0
LINE
  5
503
330
1F
100
AcDbEntity
  8
Border
  6
Continuous
370
    15
100
AcDbLine
 10
410.0
 20
198.5
 30
0.0
 11
415.0
 21
198.5
 31
0.0
  0
LINE
  5
504
330
1F
100
AcDbEntity
  8
Border
  6
Continuous
370
    15
100
AcDbLine
 10
410.0
 20
98.5
 30
0.0
 11
415.0
 21
98.5
 31
0.0
  0
LINE
  5
505
330
1F
100
AcDbEntity
  8
Border
  6
Continuous
370
    15
100
AcDbLine
 10
410.0
 20
248.5
 30
0.0
 11
415.0
 21
248.5
 31
0.0
  0
LINE
  5
506
330
1F
100
AcDbEntity
  8
Border
  6
Continuous
370
    15
100
AcDbLine
 10
410.0
 20
48.5
 30
0.0
 11
415.0
 21
48.5
 31
0.0
  0
MTEXT
  5
507
330
1F
100
AcDbEntity
  8
Border
  6
Continuous
370
    15
100
AcDbMText
 10
410.82525
 20
29.25
 30
0.0
 40
3.3495
 41
3.3495
 46
3.3495
 71
     4
 72
     1
  1
F
  7
Shapr0
 73
     1
 44
1.0
1001
ACAD
1000
ACAD_MTEXT_DEFINED_HEIGHT_BEGIN
1070
    46
1040
3.3495
1000
ACAD_MTEXT_DEFINED_HEIGHT_END
  0
MTEXT
  5
508
330
1F
100
AcDbEntity
  8
Border
  6
Continuous
370
    15
100
AcDbMText
 10
410.82525
 20
73.5
 30
0.0
 40
3.3495
 41
3.3495
 46
3.3495
 71
     4
 72
     1
  1
E
  7
Shapr0
 73
     1
 44
1.0
1001
ACAD
1000
ACAD_MTEXT_DEFINED_HEIGHT_BEGIN
1070
    46
1040
3.3495
1000
ACAD_MTEXT_DEFINED_HEIGHT_END
  0
MTEXT
  5
509
330
1F
100
AcDbEntity
  8
Border
  6
Continuous
370
    15
100
AcDbMText
 10
410.82525
 20
123.5
 30
0.0
 40
3.3495
 41
3.3495
 46
3.3495
 71
     4
 72
     1
  1
D
  7
Shapr0
 73
     1
 44
1.0
1001
ACAD
1000
ACAD_MTEXT_DEFINED_HEIGHT_BEGIN
1070
    46
1040
3.3495
1000
ACAD_MTEXT_DEFINED_HEIGHT_END
  0
MTEXT
  5
50A
330
1F
100
AcDbEntity
  8
Border
  6
Continuous
370
    15
100
AcDbMText
 10
410.82525
 20
173.5
 30
0.0
 40
3.3495
 41
3.3495
 46
3.3495
 71
     4
 72
     1
  1
C
  7
Shapr0
 73
     1
 44
1.0
1001
ACAD
1000
ACAD_MTEXT_DEFINED_HEIGHT_BEGIN
1070
    46
1040
3.3495
1000
ACAD_MTEXT_DEFINED_HEIGHT_END
  0
MTEXT
  5
50B
330
1F
100
AcDbEntity
  8
Border
  6
Continuous
370
    15
100
AcDbMText
 10
410.82525
 20
223.5
 30
0.0
 40
3.3495
 41
3.3495
 46
3.3495
 71
     4
 72
     1
  1
B
  7
Shapr0
 73
     1
 44
1.0
1001
ACAD
1000
ACAD_MTEXT_DEFINED_HEIGHT_BEGIN
1070
    46
1040
3.3495
1000
ACAD_MTEXT_DEFINED_HEIGHT_END
  0
MTEXT
  5
50C
330
1F
100
AcDbEntity
  8
Border
  6
Continuous
370
    15
100
AcDbMText
 10
410.82525
 20
267.75
 30
0.0
 40
3.3495
 41
3.3495
 46
3.3495
 71
     4
 72
     1
  1
A
  7
Shapr0
 73
     1
 44
1.0
1001
ACAD
1000
ACAD_MTEXT_DEFINED_HEIGHT_BEGIN
1070
    46
1040
3.3495
1000
ACAD_MTEXT_DEFINED_HEIGHT_END
  0
LINE
  5
50D
330
1F
100
AcDbEntity
  8
Border
  6
Continuous
370
    15
100
AcDbLine
 10
215.0
 20
282.0
 30
0.0
 11
215.0
 21
292.0
 31
0.0
  0
LINE
  5
50E
330
1F
100
AcDbEntity
  8
Border
  6
Continuous
370
    15
100
AcDbLine
 10
165.0
 20
287.0
 30
0.0
 11
165.0
 21
292.0
 31
0.0
  0
LINE
  5
50F
330
1F
100
AcDbEntity
  8
Border
  6
Continuous
370
    15
100
AcDbLine
 10
265.0
 20
287.0
 30
0.0
 11
265.0
 21
292.0
 31
0.0
  0
LINE
  5
510
330
1F
100
AcDbEntity
  8
Border
  6
Continuous
370
    15
100
AcDbLine
 10
115.0
 20
287.0
 30
0.0
 11
115.0
 21
292.0
 31
0.0
  0
LINE
  5
511
330
1F
100
AcDbEntity
  8
Border
  6
Continuous
370
    15
100
AcDbLine
 10
315.0
 20
287.0
 30
0.0
 11
315.0
 21
292.0
 31
0.0
  0
LINE
  5
512
330
1F
100
AcDbEntity
  8
Border
  6
Continuous
370
    15
100
AcDbLine
 10
65.0
 20
287.0
 30
0.0
 11
65.0
 21
292.0
 31
0.0
  0
LINE
  5
513
330
1F
100
AcDbEntity
  8
Border
  6
Continuous
370
    15
100
AcDbLine
 10
365.0
 20
287.0
 30
0.0
 11
365.0
 21
292.0
 31
0.0
  0
MTEXT
  5
514
330
1F
100
AcDbEntity
  8
Border
  6
Continuous
370
    15
100
AcDbMText
 10
387.5
 20
287.82525
 30
0.0
 40
3.3495
 41
3.3495
 46
3.3495
 71
     8
 72
     1
  1
8
  7
Shapr0
 73
     1
 44
1.0
1001
ACAD
1000
ACAD_MTEXT_DEFINED_HEIGHT_BEGIN
1070
    46
1040
3.3495
1000
ACAD_MTEXT_DEFINED_HEIGHT_END
  0
MTEXT
  5
515
330
1F
100
AcDbEntity
  8
Border
  6
Continuous
370
    15
100
AcDbMText
 10
340.0
 20
287.82525
 30
0.0
 40
3.3495
 41
3.3495
 46
3.3495
 71
     8
 72
     1
  1
7
  7
Shapr0
 73
     1
 44
1.0
1001
ACAD
1000
ACAD_MTEXT_DEFINED_HEIGHT_BEGIN
1070
    46
1040
3.3495
1000
ACAD_MTEXT_DEFINED_HEIGHT_END
  0
MTEXT
  5
516
330
1F
100
AcDbEntity
  8
Border
  6
Continuous
370
    15
100
AcDbMText
 10
290.0
 20
287.82525
 30
0.0
 40
3.3495
 41
3.3495
 46
3.3495
 71
     8
 72
     1
  1
6
  7
Shapr0
 73
     1
 44
1.0
1001
ACAD
1000
ACAD_MTEXT_DEFINED_HEIGHT_BEGIN
1070
    46
1040
3.3495
1000
ACAD_MTEXT_DEFINED_HEIGHT_END
  0
MTEXT
  5
517
330
1F
100
AcDbEntity
  8
Border
  6
Continuous
370
    15
100
AcDbMText
 10
240.0
 20
287.82525
 30
0.0
 40
3.3495
 41
3.3495
 46
3.3495
 71
     8
 72
     1
  1
5
  7
Shapr0
 73
     1
 44
1.0
1001
ACAD
1000
ACAD_MTEXT_DEFINED_HEIGHT_BEGIN
1070
    46
1040
3.3495
1000
ACAD_MTEXT_DEFINED_HEIGHT_END
  0
MTEXT
  5
518
330
1F
100
AcDbEntity
  8
Border
  6
Continuous
370
    15
100
AcDbMText
 10
190.0
 20
287.82525
 30
0.0
 40
3.3495
 41
3.3495
 46
3.3495
 71
     8
 72
     1
  1
4
  7
Shapr0
 73
     1
 44
1.0
1001
ACAD
1000
ACAD_MTEXT_DEFINED_HEIGHT_BEGIN
1070
    46
1040
3.3495
1000
ACAD_MTEXT_DEFINED_HEIGHT_END
  0
MTEXT
  5
519
330
1F
100
AcDbEntity
  8
Border
  6
Continuous
370
    15
100
AcDbMText
 10
140.0
 20
287.82525
 30
0.0
 40
3.3495
 41
3.3495
 46
3.3495
 71
     8
 72
     1
  1
3
  7
Shapr0
 73
     1
 44
1.0
1001
ACAD
1000
ACAD_MTEXT_DEFINED_HEIGHT_BEGIN
1070
    46
1040
3.3495
1000
ACAD_MTEXT_DEFINED_HEIGHT_END
  0
MTEXT
  5
51A
330
1F
100
AcDbEntity
  8
Border
  6
Continuous
370
    15
100
AcDbMText
 10
90.0
 20
287.82525
 30
0.0
 40
3.3495
 41
3.3495
 46
3.3495
 71
     8
 72
     1
  1
2
  7
Shapr0
 73
     1
 44
1.0
1001
ACAD
1000
ACAD_MTEXT_DEFINED_HEIGHT_BEGIN
1070
    46
1040
3.3495
1000
ACAD_MTEXT_DEFINED_HEIGHT_END
  0
MTEXT
  5
51B
330
1F
100
AcDbEntity
  8
Border
  6
Continuous
370
    15
100
AcDbMText
 10
42.5
 20
287.82525
 30
0.0
 40
3.3495
 41
3.3495
 46
3.3495
 71
     8
 72
     1
  1
1
  7
Shapr0
 73
     1
 44
1.0
1001
ACAD
1000
ACAD_MTEXT_DEFINED_HEIGHT_BEGIN
1070
    46
1040
3.3495
1000
ACAD_MTEXT_DEFINED_HEIGHT_END
  0
LINE
  5
51C
330
1F
100
AcDbEntity
  8
Border
  6
Continuous
370
    15
100
AcDbLine
 10
25.0
 20
148.5
 30
0.0
 11
15.0
 21
148.5
 31
0.0
  0
LINE
  5
51D
330
1F
100
AcDbEntity
  8
Border
  6
Continuous
370
    15
100
AcDbLine
 10
20.0
 20
98.5
 30
0.0
 11
15.0
 21
98.5
 31
0.0
  0
LINE
  5
51E
330
1F
100
AcDbEntity
  8
Border
  6
Continuous
370
    15
100
AcDbLine
 10
20.0
 20
198.5
 30
0.0
 11
15.0
 21
198.5
 31
0.0
  0
LINE
  5
51F
330
1F
100
AcDbEntity
  8
Border
  6
Continuous
370
    15
100
AcDbLine
 10
20.0
 20
48.5
 30
0.0
 11
15.0
 21
48.5
 31
0.0
  0
LINE
  5
520
330
1F
100
AcDbEntity
  8
Border
  6
Continuous
370
    15
100
AcDbLine
 10
20.0
 20
248.5
 30
0.0
 11
15.0
 21
248.5
 31
0.0
  0
MTEXT
  5
521
330
1F
100
AcDbEntity
  8
Border
  6
Continuous
370
    15
100
AcDbMText
 10
19.17475
 20
267.75
 30
0.0
 40
3.3495
 41
3.3495
 46
3.3495
 71
     6
 72
     1
  1
A
  7
Shapr0
 73
     1
 44
1.0
1001
ACAD
1000
ACAD_MTEXT_DEFINED_HEIGHT_BEGIN
1070
    46
1040
3.3495
1000
ACAD_MTEXT_DEFINED_HEIGHT_END
  0
MTEXT
  5
522
330
1F
100
AcDbEntity
  8
Border
  6
Continuous
370
    15
100
AcDbMText
 10
19.17475
 20
223.5
 30
0.0
 40
3.3495
 41
3.3495
 46
3.3495
 71
     6
 72
     1
  1
B
  7
Shapr0
 73
     1
 44
1.0
1001
ACAD
1000
ACAD_MTEXT_DEFINED_HEIGHT_BEGIN
1070
    46
1040
3.3495
1000
ACAD_MTEXT_DEFINED_HEIGHT_END
  0
MTEXT
  5
523
330
1F
100
AcDbEntity
  8
Border
  6
Continuous
370
    15
100
AcDbMText
 10
19.17475
 20
173.5
 30
0.0
 40
3.3495
 41
3.3495
 46
3.3495
 71
     6
 72
     1
  1
C
  7
Shapr0
 73
     1
 44
1.0
1001
ACAD
1000
ACAD_MTEXT_DEFINED_HEIGHT_BEGIN
1070
    46
1040
3.3495
1000
ACAD_MTEXT_DEFINED_HEIGHT_END
  0
MTEXT
  5
524
330
1F
100
AcDbEntity
  8
Border
  6
Continuous
370
    15
100
AcDbMText
 10
19.17475
 20
123.5
 30
0.0
 40
3.3495
 41
3.3495
 46
3.3495
 71
     6
 72
     1
  1
D
  7
Shapr0
 73
     1
 44
1.0
1001
ACAD
1000
ACAD_MTEXT_DEFINED_HEIGHT_BEGIN
1070
    46
1040
3.3495
1000
ACAD_MTEXT_DEFINED_HEIGHT_END
  0
MTEXT
  5
525
330
1F
100
AcDbEntity
  8
Border
  6
Continuous
370
    15
100
AcDbMText
 10
19.17475
 20
73.5
 30
0.0
 40
3.3495
 41
3.3495
 46
3.3495
 71
     6
 72
     1
  1
E
  7
Shapr0
 73
     1
 44
1.0
1001
ACAD
1000
ACAD_MTEXT_DEFINED_HEIGHT_BEGIN
1070
    46
1040
3.3495
1000
ACAD_MTEXT_DEFINED_HEIGHT_END
  0
MTEXT
  5
526
330
1F
100
AcDbEntity
  8
Border
  6
Continuous
370
    15
100
AcDbMText
 10
19.17475
 20
29.25
 30
0.0
 40
3.3495
 41
3.3495
 46
3.3495
 71
     6
 72
     1
  1
F
  7
Shapr0
 73
     1
 44
1.0
1001
ACAD
1000
ACAD_MTEXT_DEFINED_HEIGHT_BEGIN
1070
    46
1040
3.3495
1000
ACAD_MTEXT_DEFINED_HEIGHT_END
  0
INSERT
  5
541
330
1F
100
AcDbEntity
  8
0
100
AcDbBlockReference
  2
*U19
 10
0.0
 20
0.0
 30
0.0
  0
MTEXT
  5
542
330
1F
100
AcDbEntity
  8
Border
  6
Continuous
370
    15
100
AcDbMText
 10
360.0
 20
16.20425531914893
 30
0.0
 40
3.25
 41
0.0
 46
3.25
 71
     1
 72
     1
  1
08/30/26
  7
Shapr40
 73
     1
 44
1.0
1001
ACAD
1000
ACAD_MTEXT_DEFINED_HEIGHT_BEGIN
1070
    46
1040
3.25
1000
ACAD_MTEXT_DEFINED_HEIGHT_END
  0
MTEXT
  5
543
330
1F
100
AcDbEntity
  8
Border
  6
Continuous
370
    15
100
AcDbMText
 10
340.0
 20
43.75
 30
0.0
 40
1.65
 41
0.0
 46
1.65
 71
     1
 72
     1
  1
TITLE
  7
Shapr2
 73
     1
 44
1.0
1001
ACAD
1000
ACAD_MTEXT_DEFINED_HEIGHT_BEGIN
1070
    46
1040
1.65
1000
ACAD_MTEXT_DEFINED_HEIGHT_END
  0
MTEXT
  5
544
330
1F
100
AcDbEntity
  8
Border
  6
Continuous
370
    15
100
AcDbMText
 10
340.0
 20
40.31950354609929
 30
0.0
 40
3.25
 41
0.0
 46
3.25
 71
     1
 72
     1
  1
chilewich Hexagonal
  7
Shapr3
 73
     1
 44
1.0
1001
ACAD
1000
ACAD_MTEXT_DEFINED_HEIGHT_BEGIN
1070
    46
1040
3.25
1000
ACAD_MTEXT_DEFINED_HEIGHT_END
  0
MTEXT
  5
545
330
1F
100
AcDbEntity
  8
Border
  6
Continuous
370
    15
100
AcDbMText
 10
340.0
 20
31.78276595744681
 30
0.0
 40
1.65
 41
0.0
 46
1.65
 71
     1
 72
     1
  1
UNITS
  7
Shapr4
 73
     1
 44
1.0
1001
ACAD
1000
ACAD_MTEXT_DEFINED_HEIGHT_BEGIN
1070
    46
1040
1.65
1000
ACAD_MTEXT_DEFINED_HEIGHT_END
  0
MTEXT
  5
546
330
1F
100
AcDbEntity
  8
Border
  6
Continuous
370
    15
100
AcDbMText
 10
340.0
 20
27.9
 30
0.0
 40
3.25
 41
0.0
 46
3.25
 71
     1
 72
     1
  1
mm
  7
Shapr5
 73
     1
 44
1.0
1001
ACAD
1000
ACAD_MTEXT_DEFINED_HEIGHT_BEGIN
1070
    46
1040
3.25
1000
ACAD_MTEXT_DEFINED_HEIGHT_END
  0
MTEXT
  5
547
330
1F
100
AcDbEntity
  8
Border
  6
Continuous
370
    15
100
AcDbMText
 10
360.0
 20
31.78276595744681
 30
0.0
 40
1.65
 41
0.0
 46
1.65
 71
     1
 72
     1
  1
PROJ. ANG.
  7
Shapr6
 73
     1
 44
1.0
1001
ACAD
1000
ACAD_MTEXT_DEFINED_HEIGHT_BEGIN
1070
    46
1040
1.65
1000
ACAD_MTEXT_DEFINED_HEIGHT_END
  0
MTEXT
  5
548
330
1F
100
AcDbEntity
  8
Border
  6
Continuous
370
    15
100
AcDbMText
 10
392.0
 20
31.78276595744681
 30
0.0
 40
1.65
 41
0.0
 46
1.65
 71
     1
 72
     1
  1
SIZE
  7
Shapr7
 73
     1
 44
1.0
1001
ACAD
1000
ACAD_MTEXT_DEFINED_HEIGHT_BEGIN
1070
    46
1040
1.65
1000
ACAD_MTEXT_DEFINED_HEIGHT_END
  0
MTEXT
  5
549
330
1F
100
AcDbEntity
  8
Border
  6
Continuous
370
    15
100
AcDbMText
 10
392.0
 20
27.9645390070922
 30
0.0
 40
3.25
 41
0.0
 46
3.25
 71
     1
 72
     1
  1
A3
  7
Shapr8
 73
     1
 44
1.0
1001
ACAD
1000
ACAD_MTEXT_DEFINED_HEIGHT_BEGIN
1070
    46
1040
3.25
1000
ACAD_MTEXT_DEFINED_HEIGHT_END
  0
MTEXT
  5
54A
330
1F
100
AcDbEntity
  8
Border
  6
Continuous
370
    15
100
AcDbMText
 10
340.0
 20
19.78276595744681
 30
0.0
 40
1.65
 41
0.0
 46
1.65
 71
     1
 72
     1
  1
SCALE
  7
Shapr9
 73
     1
 44
1.0
1001
ACAD
1000
ACAD_MTEXT_DEFINED_HEIGHT_BEGIN
1070
    46
1040
1.65
1000
ACAD_MTEXT_DEFINED_HEIGHT_END
  0
MTEXT
  5
54B
330
1F
100
AcDbEntity
  8
Border
  6
Continuous
370
    15
100
AcDbMText
 10
340.0
 20
15.9
 30
0.0
 40
3.25
 41
0.0
 46
3.25
 71
     1
 72
     1
  1
1:1
  7
Shapr10
 73
     1
 44
1.0
1001
ACAD
1000
ACAD_MTEXT_DEFINED_HEIGHT_BEGIN
1070
    46
1040
3.25
1000
ACAD_MTEXT_DEFINED_HEIGHT_END
  0
MTEXT
  5
54C
330
1F
100
AcDbEntity
  8
Border
  6
Continuous
370
    15
100
AcDbMText
 10
360.0
 20
19.78276595744681
 30
0.0
 40
1.65
 41
0.0
 46
1.65
 71
     1
 72
     1
  1
LAST UPDATED
  7
Shapr11
 73
     1
 44
1.0
1001
ACAD
1000
ACAD_MTEXT_DEFINED_HEIGHT_BEGIN
1070
    46
1040
1.65
1000
ACAD_MTEXT_DEFINED_HEIGHT_END
  0
MTEXT
  5
54D
330
1F
100
AcDbEntity
  8
Border
  6
Continuous
370
    15
100
AcDbMText
 10
392.0
 20
19.78276595744681
 30
0.0
 40
1.65
 41
0.0
 46
1.65
 71
     1
 72
     1
  1
SHEET
  7
Shapr13
 73
     1
 44
1.0
1001
ACAD
1000
ACAD_MTEXT_DEFINED_HEIGHT_BEGIN
1070
    46
1040
1.65
1000
ACAD_MTEXT_DEFINED_HEIGHT_END
  0
MTEXT
  5
54E
330
1F
100
AcDbEntity
  8
Border
  6
Continuous
370
    15
100
AcDbMText
 10
392.0
 20
16.20425531914893
 30
0.0
 40
3.25
 41
0.0
 46
3.25
 71
     1
 72
     1
  1
1/1
  7
Shapr14
 73
     1
 44
1.0
1001
ACAD
1000
ACAD_MTEXT_DEFINED_HEIGHT_BEGIN
1070
    46
1040
3.25
1000
ACAD_MTEXT_DEFINED_HEIGHT_END
  0
VIEWPORT
  5
93
330
8F
100
AcDbEntity
 67
     1
  8
0
100
AcDbViewport
 10
210.0
 20
148.5
 30
0.0
 40
420.0
 41
297.0
 68
     1
 69
     1
 12
210.0
 22
148.5
 13
0.0
 23
0.0
 14
10.0
 24
10.0
 15
10.0
 25
10.0
 16
0.0
 26
0.0
 36
1.0
 17
0.0
 27
0.0
 37
0.0
 42
50.0
 43
0.0
 44
0.0
 45
297.0
 50
0.0
 51
0.0
 72
   100
 90
   557152
  1

281
     0
 71
     1
 74
     0
110
0.0
120
0.0
130
0.0
111
1.0
121
0.0
131
0.0
112
0.0
122
1.0
132
0.0
 79
     0
146
0.0
170
     0
 61
     5
348
2F
292
     1
282
     1
141
0.0
142
0.0
 63
   256
361
94
  0
VIEWPORT
  5
95
330
8F
100
AcDbEntity
 67
     1
  8
0
100
AcDbViewport
 10
210.0
 20
148.5
 30
0.0
 40
420.0
 41
297.0
 68
     2
 69
     2
 12
210.0
 22
148.5
 13
0.0
 23
0.0
 14
10.0
 24
10.0
 15
10.0
 25
10.0
 16
0.0
 26
0.0
 36
1.0
 17
0.0
 27
0.0
 37
0.0
 42
50.0
 43
0.0
 44
0.0
 45
297.0
 50
0.0
 51
0.0
 72
   100
 90
   557152
  1

281
     0
 71
     1
 74
     0
110
0.0
120
0.0
130
0.0
111
1.0
121
0.0
131
0.0
112
0.0
122
1.0
132
0.0
 79
     0
146
0.0
170
     0
 61
     5
348
2F
292
     1
282
     1
141
0.0
142
0.0
 63
   256
361
96
  0
ENDSEC
  0
SECTION
  2
OBJECTS
  0
DICTIONARY
  5
C
330
0
100
AcDbDictionary
281
     1
  3
ACAD_DETAILVIEWSTYLE
350
586
  3
ACAD_GROUP
350
D
  3
ACAD_LAYOUT
350
1A
  3
ACAD_MATERIAL
350
43
  3
ACAD_MLEADERSTYLE
350
5B
  3
ACAD_MLINESTYLE
350
17
  3
ACAD_PLOTSETTINGS
350
19
  3
ACAD_PLOTSTYLENAME
350
E
  3
ACAD_SCALELIST
350
47
  3
ACAD_SECTIONVIEWSTYLE
350
587
  3
ACAD_TABLESTYLE
350
59
  3
ACAD_VISUALSTYLE
350
2A
  3
AcDbVariableDictionary
350
54F
  3
ACDB_RECOMPOSE_DATA
350
583
  0
SUN
  5
5D
330
29
100
AcDbSun
 90
        1
290
     0
 63
     7
421
 16777215
 40
1.0
291
     1
 91
  2455826
 92
 54000000
292
     0
 70
     2
 71
   256
280
     1
  0
SUN
  5
94
330
93
100
AcDbSun
 90
        1
290
     0
 63
     7
421
 16777215
 40
1.0
291
     1
 91
  2455826
 92
 54000000
292
     0
 70
     2
 71
   256
280
     1
  0
SUN
  5
96
330
95
100
AcDbSun
 90
        1
290
     0
 63
     7
421
 16777215
 40
1.0
291
     1
 91
  2455826
 92
 54000000
292
     0
 70
     2
 71
   256
280
     1
  0
DICTIONARY
  5
586
102
{ACAD_REACTORS
330
C
102
}
330
C
100
AcDbDictionary
281
     1
  0
DICTIONARY
  5
D
102
{ACAD_REACTORS
330
C
102
}
330
C
100
AcDbDictionary
281
     1
  0
DICTIONARY
  5
1A
102
{ACAD_REACTORS
330
C
102
}
330
C
100
AcDbDictionary
281
     1
  3
Layout1
350
1E
  3
Layout2
350
26
  3
Model
350
22
  3
Sheet
350
90
  0
DICTIONARY
  5
43
102
{ACAD_REACTORS
330
C
102
}
330
C
100
AcDbDictionary
281
     1
  3
ByBlock
350
45
  3
ByLayer
350
44
  3
Global
350
46
  0
DICTIONARY
  5
5B
102
{ACAD_REACTORS
330
C
102
}
330
C
100
AcDbDictionary
281
     1
  3
Standard
350
5C
  0
DICTIONARY
  5
17
102
{ACAD_REACTORS
330
C
102
}
330
C
100
AcDbDictionary
281
     1
  3
Standard
350
18
  0
DICTIONARY
  5
19
102
{ACAD_REACTORS
330
C
102
}
330
C
100
AcDbDictionary
281
     1
  0
ACDBDICTIONARYWDFLT
  5
E
102
{ACAD_REACTORS
330
C
102
}
330
C
100
AcDbDictionary
281
     1
  3
Normal
350
F
100
AcDbDictionaryWithDefault
340
F
  0
DICTIONARY
  5
47
102
{ACAD_REACTORS
330
C
102
}
330
C
100
AcDbDictionary
281
     1
  3
A0
350
48
  3
A1
350
49
  3
A2
350
4A
  3
A3
350
4B
  3
A4
350
4C
  3
A5
350
4D
  3
A6
350
4E
  3
A7
350
4F
  3
A8
350
50
  3
A9
350
51
  3
B0
350
52
  3
B1
350
53
  3
B2
350
54
  3
B3
350
55
  3
B4
350
56
  3
B5
350
57
  3
B6
350
58
  0
DICTIONARY
  5
587
102
{ACAD_REACTORS
330
C
102
}
330
C
100
AcDbDictionary
281
     1
  0
DICTIONARY
  5
59
102
{ACAD_REACTORS
330
C
102
}
330
C
100
AcDbDictionary
281
     1
  3
Standard
350
5A
  0
DICTIONARY
  5
2A
102
{ACAD_REACTORS
330
C
102
}
330
C
100
AcDbDictionary
281
     1
  3
2dWireframe
350
2F
  3
Basic
350
32
  3
Brighten
350
36
  3
ColorChange
350
3A
  3
Conceptual
350
34
  3
Dim
350
35
  3
EdgeColorOff
350
3D
  3
Facepattern
350
39
  3
Flat
350
2B
  3
FlatWithEdges
350
2C
  3
Gouraud
350
2D
  3
GouraudWithEdges
350
2E
  3
Hidden
350
31
  3
JitterOff
350
3B
  3
Linepattern
350
38
  3
OverhangOff
350
3C
  3
Realistic
350
33
  3
Shaded
350
42
  3
Shaded with edges
350
41
  3
Shades of Gray
350
3E
  3
Sketchy
350
3F
  3
Thicken
350
37
  3
Wireframe
350
30
  3
X-Ray
350
40
  0
DICTIONARY
  5
54F
102
{ACAD_REACTORS
330
C
102
}
330
C
100
AcDbDictionary
281
     1
  3
CANNOSCALE
350
550
  3
CENTEREXE
350
588
  3
CENTERLTYPEFILE
350
589
  3
CMLEADERSTYLE
350
585
  3
CTABLESTYLE
350
584
  0
XRECORD
  5
583
102
{ACAD_REACTORS
330
C
102
}
330
C
100
AcDbXrecord
280
     1
 90
        1
330
5A
  0
LAYOUT
  5
1E
102
{ACAD_REACTORS
330
1A
102
}
330
1A
100
AcDbPlotSettings
  1

  2
none_device
  4

  6

 40
0.0
 41
0.0
 42
0.0
 43
0.0
 44
0.0
 45
0.0
 46
0.0
 47
0.0
 48
0.0
 49
0.0
140
0.0
141
0.0
142
1.0
143
1.0
 70
   688
 72
     1
 73
     0
 74
     5
  7

 75
    16
 76
     0
 77
     2
 78
   300
147
1.0
148
0.0
149
0.0
100
AcDbLayout
  1
Layout1
 70
     1
 71
     1
 10
0.0
 20
0.0
 11
420.0
 21
297.0
 12
0.0
 22
0.0
 32
0.0
 14
1.000000000000000E+20
 24
1.000000000000000E+20
 34
1.000000000000000E+20
 15
-1.000000000000000E+20
 25
-1.000000000000000E+20
 35
-1.000000000000000E+20
146
0.0
 13
0.0
 23
0.0
 33
0.0
 16
1.0
 26
0.0
 36
0.0
 17
0.0
 27
1.0
 37
0.0
 76
     0
330
1B
  0
LAYOUT
  5
26
102
{ACAD_REACTORS
330
1A
102
}
330
1A
100
AcDbPlotSettings
  1

  2
none_device
  4

  6

 40
0.0
 41
0.0
 42
0.0
 43
0.0
 44
0.0
 45
0.0
 46
0.0
 47
0.0
 48
0.0
 49
0.0
140
0.0
141
0.0
142
1.0
143
1.0
 70
   688
 72
     1
 73
     0
 74
     5
  7

 75
    16
 76
     0
 77
     2
 78
   300
147
1.0
148
0.0
149
0.0
100
AcDbLayout
  1
Layout2
 70
     1
 71
     2
 10
0.0
 20
0.0
 11
0.0
 21
0.0
 12
0.0
 22
0.0
 32
0.0
 14
0.0
 24
0.0
 34
0.0
 15
0.0
 25
0.0
 35
0.0
146
0.0
 13
0.0
 23
0.0
 33
0.0
 16
1.0
 26
0.0
 36
0.0
 17
0.0
 27
1.0
 37
0.0
 76
     0
330
23
  0
LAYOUT
  5
22
102
{ACAD_REACTORS
330
1A
102
}
330
1A
100
AcDbPlotSettings
  1

  2
none_device
  4
Letter_(8.50_x_11.00_Inches)
  6

 40
6.35
 41
6.35
 42
6.35000508
 43
6.35000508
 44
215.9
 45
279.4
 46
0.0
 47
0.0
 48
0.0
 49
0.0
140
0.0
141
0.0
142
1.0
143
1.0
 70
  1712
 72
     1
 73
     0
 74
     0
  7

 75
     0
 76
     0
 77
     2
 78
   300
147
1.0
148
0.0
149
0.0
100
AcDbLayout
  1
Model
 70
     1
 71
     0
 10
0.0
 20
0.0
 11
420.0
 21
297.0
 12
0.0
 22
0.0
 32
0.0
 14
1.000000000000000E+20
 24
1.000000000000000E+20
 34
1.000000000000000E+20
 15
-1.000000000000000E+20
 25
-1.000000000000000E+20
 35
-1.000000000000000E+20
146
0.0
 13
0.0
 23
0.0
 33
0.0
 16
1.0
 26
0.0
 36
0.0
 17
0.0
 27
1.0
 37
0.0
 76
     0
330
1F
331
29
  0
LAYOUT
  5
90
102
{ACAD_REACTORS
330
1A
102
}
330
1A
100
AcDbPlotSettings
  1

  2
Custom Device
  4
CustomPaper_420.000000x297.000000mm
  6

 40
0.0
 41
0.0
 42
0.0
 43
0.0
 44
297.0
 45
420.0
 46
0.0
 47
0.0
 48
0.0
 49
0.0
140
0.0
141
0.0
142
1.0
143
1.0
 70
   672
 72
     1
 73
     1
 74
     5
  7

 75
    16
 76
     0
 77
     2
 78
   300
147
1.0
148
0.0
149
0.0
100
AcDbLayout
  1
Sheet
 70
     1
 71
     3
 10
-20.0
 20
-7.5
 11
277.0
 21
202.5
 12
0.0
 22
0.0
 32
0.0
 14
0.0
 24
0.0
 34
0.0
 15
0.0
 25
0.0
 35
0.0
146
0.0
 13
0.0
 23
0.0
 33
0.0
 16
1.0
 26
0.0
 36
0.0
 17
0.0
 27
1.0
 37
0.0
 76
     0
330
8F
331
93
  0
MATERIAL
  5
45
102
{ACAD_REACTORS
330
43
102
}
330
43
100
AcDbMaterial
  1
ByBlock
 72
     1
 94
      127
  0
MATERIAL
  5
44
102
{ACAD_REACTORS
330
43
102
}
330
43
100
AcDbMaterial
  1
ByLayer
 72
     1
 94
      127
  0
MATERIAL
  5
46
102
{ACAD_REACTORS
330
43
102
}
330
43
100
AcDbMaterial
  1
Global
 72
     1
 94
      127
  0
MLEADERSTYLE
  5
5C
102
{ACAD_REACTORS
330
5B
102
}
330
5B
100
AcDbMLeaderStyle
179
     2
170
     2
171
     1
172
     0
 90
        2
 40
0.0
 41
0.0
173
     1
 91
-1056964608
340
14
 92
       -2
290
     1
 42
2.0
291
     1
 43
8.0
  3
Standard
341
0
 44
4.0
300

342
11
174
     1
178
     6
175
     1
176
     0
 93
-1056964608
 45
4.0
292
     0
297
     0
 46
4.0
343
0
 94
-1056964608
 47
1.0
 49
1.0
140
1.0
293
     1
141
0.0
294
     1
177
     0
142
1.0
295
     0
296
     0
143
3.75
271
     0
272
     9
273
     9
  0
MLINESTYLE
  5
18
102
{ACAD_REACTORS
330
17
102
}
330
17
100
AcDbMlineStyle
  2
Standard
 70
     0
  3

 62
   256
 51
90.0
 52
90.0
 71
     2
 49
0.5
 62
   256
  6
BYLAYER
 49
-0.5
 62
   256
  6
BYLAYER
  0
ACDBPLACEHOLDER
  5
F
102
{ACAD_REACTORS
330
E
102
}
330
E
  0
SCALE
  5
48
102
{ACAD_REACTORS
330
47
102
}
330
47
100
AcDbScale
 70
     0
300
1:1
140
1.0
141
1.0
290
     1
  0
SCALE
  5
49
102
{ACAD_REACTORS
330
47
102
}
330
47
100
AcDbScale
 70
     0
300
1:2
140
1.0
141
2.0
290
     0
  0
SCALE
  5
4A
102
{ACAD_REACTORS
330
47
102
}
330
47
100
AcDbScale
 70
     0
300
1:4
140
1.0
141
4.0
290
     0
  0
SCALE
  5
4B
102
{ACAD_REACTORS
330
47
102
}
330
47
100
AcDbScale
 70
     0
300
1:5
140
1.0
141
5.0
290
     0
  0
SCALE
  5
4C
102
{ACAD_REACTORS
330
47
102
}
330
47
100
AcDbScale
 70
     0
300
1:8
140
1.0
141
8.0
290
     0
  0
SCALE
  5
4D
102
{ACAD_REACTORS
330
47
102
}
330
47
100
AcDbScale
 70
     0
300
1:10
140
1.0
141
10.0
290
     0
  0
SCALE
  5
4E
102
{ACAD_REACTORS
330
47
102
}
330
47
100
AcDbScale
 70
     0
300
1:16
140
1.0
141
16.0
290
     0
  0
SCALE
  5
4F
102
{ACAD_REACTORS
330
47
102
}
330
47
100
AcDbScale
 70
     0
300
1:20
140
1.0
141
20.0
290
     0
  0
SCALE
  5
50
102
{ACAD_REACTORS
330
47
102
}
330
47
100
AcDbScale
 70
     0
300
1:30
140
1.0
141
30.0
290
     0
  0
SCALE
  5
51
102
{ACAD_REACTORS
330
47
102
}
330
47
100
AcDbScale
 70
     0
300
1:40
140
1.0
141
40.0
290
     0
  0
SCALE
  5
52
102
{ACAD_REACTORS
330
47
102
}
330
47
100
AcDbScale
 70
     0
300
1:50
140
1.0
141
50.0
290
     0
  0
SCALE
  5
53
102
{ACAD_REACTORS
330
47
102
}
330
47
100
AcDbScale
 70
     0
300
1:100
140
1.0
141
100.0
290
     0
  0
SCALE
  5
54
102
{ACAD_REACTORS
330
47
102
}
330
47
100
AcDbScale
 70
     0
300
2:1
140
2.0
141
1.0
290
     0
  0
SCALE
  5
55
102
{ACAD_REACTORS
330
47
102
}
330
47
100
AcDbScale
 70
     0
300
4:1
140
4.0
141
1.0
290
     0
  0
SCALE
  5
56
102
{ACAD_REACTORS
330
47
102
}
330
47
100
AcDbScale
 70
     0
300
8:1
140
8.0
141
1.0
290
     0
  0
SCALE
  5
57
102
{ACAD_REACTORS
330
47
102
}
330
47
100
AcDbScale
 70
     0
300
10:1
140
10.0
141
1.0
290
     0
  0
SCALE
  5
58
102
{ACAD_REACTORS
330
47
102
}
330
47
100
AcDbScale
 70
     0
300
100:1
140
100.0
141
1.0
290
     0
  0
TABLESTYLE
  5
5A
102
{ACAD_REACTORS
330
59
102
}
102
{ACAD_XDICTIONARY
360
581
102
}
330
59
100
AcDbTableStyle
  3
Standard
 70
     0
 71
     0
 40
0.06
 41
0.06
280
     0
281
     0
  7
Standard
140
4.5
170
     2
 62
     0
 63
   257
283
     0
 90
        4
 91
        0
  1

274
    -2
284
     1
 64
     0
275
    -2
285
     1
 65
     0
276
    -2
286
     1
 66
     0
277
    -2
287
     1
 67
     0
278
    -2
288
     1
 68
     0
279
    -2
289
     1
 69
     0
  7
Standard
140
6.0
170
     5
 62
     0
 63
   257
283
     0
 90
        4
 91
        0
  1

274
    -2
284
     1
 64
     0
275
    -2
285
     1
 65
     0
276
    -2
286
     1
 66
     0
277
    -2
287
     1
 67
     0
278
    -2
288
     1
 68
     0
279
    -2
289
     1
 69
     0
  7
Standard
140
4.5
170
     5
 62
     0
 63
   257
283
     0
 90
        4
 91
        0
  1

274
    -2
284
     1
 64
     0
275
    -2
285
     1
 65
     0
276
    -2
286
     1
 66
     0
277
    -2
287
     1
 67
     0
278
    -2
288
     1
 68
     0
279
    -2
289
     1
 69
     0
  0
VISUALSTYLE
  5
2F
102
{ACAD_REACTORS
330
2A
102
}
102
{ACAD_XDICTIONARY
360
559
102
}
330
2A
100
AcDbVisualStyle
  2
2dWireframe
 70
     4
177
     2
291
     0
 71
     0
176
     1
 72
     2
176
     1
 73
     0
176
     1
 90
        0
176
     1
 40
0.6
176
     1
 41
30.0
176
     1
 62
     5
 63
     7
421
 16777215
176
     1
 74
     1
176
     1
 91
        4
176
     1
 64
     7
176
     1
 65
   257
176
     1
 75
     1
176
     1
175
     1
176
     1
 42
1.0
176
     1
 92
        0
176
     1
 66
   257
176
     1
 43
1.0
176
     1
 76
     1
176
     1
 77
     6
176
     1
 78
     2
176
     1
 67
     7
176
     1
 79
     5
176
     1
170
     0
176
     1
171
     0
176
     1
290
     0
176
     1
 93
        1
176
     1
 44
0.0
176
     1
173
     0
176
     1
  0
VISUALSTYLE
  5
32
102
{ACAD_REACTORS
330
2A
102
}
102
{ACAD_XDICTIONARY
360
55F
102
}
330
2A
100
AcDbVisualStyle
  2
Basic
 70
     7
177
     2
291
     1
 71
     1
176
     1
 72
     0
176
     1
 73
     1
176
     1
 90
        0
176
     1
 40
0.6
176
     1
 41
30.0
176
     1
 62
     5
 63
     7
421
 16777215
176
     1
 74
     0
176
     1
 91
        4
176
     1
 64
     7
176
     1
 65
   257
176
     1
 75
     1
176
     1
175
     1
176
     1
 42
1.0
176
     1
 92
        8
176
     1
 66
     7
176
     1
 43
1.0
176
     1
 76
     1
176
     1
 77
     6
176
     1
 78
     2
176
     1
 67
     7
176
     1
 79
     5
176
     1
170
     0
176
     1
171
     0
176
     1
290
     0
176
     1
 93
        1
176
     1
 44
0.0
176
     1
173
     0
176
     1
  0
VISUALSTYLE
  5
36
102
{ACAD_REACTORS
330
2A
102
}
102
{ACAD_XDICTIONARY
360
567
102
}
330
2A
100
AcDbVisualStyle
  2
Brighten
 70
    12
177
     2
291
     1
 71
     2
176
     1
 72
     2
176
     1
 73
     0
176
     1
 90
        0
176
     1
 40
0.6
176
     1
 41
30.0
176
     1
 62
     5
 63
     7
421
 16777215
176
     1
 74
     1
176
     1
 91
        4
176
     1
 64
     7
176
     1
 65
   257
176
     1
 75
     1
176
     1
175
     1
176
     1
 42
1.0
176
     1
 92
        8
176
     1
 66
     7
176
     1
 43
1.0
176
     1
 76
     1
176
     1
 77
     6
176
     1
 78
     2
176
     1
 67
     7
176
     1
 79
     5
176
     1
170
     0
176
     1
171
     0
176
     1
290
     0
176
     1
 93
        1
176
     1
 44
50.0
176
     1
173
     0
176
     1
  0
VISUALSTYLE
  5
3A
102
{ACAD_REACTORS
330
2A
102
}
102
{ACAD_XDICTIONARY
360
56F
102
}
330
2A
100
AcDbVisualStyle
  2
ColorChange
 70
    16
177
     2
291
     1
 71
     2
176
     1
 72
     2
176
     1
 73
     3
176
     1
 90
        0
176
     1
 40
0.6
176
     1
 41
30.0
176
     1
 62
     5
 63
     8
421
  8421504
176
     1
 74
     1
176
     1
 91
        4
176
     1
 64
     7
176
     1
 65
   257
176
     1
 75
     1
176
     1
175
     1
176
     1
 42
1.0
176
     1
 92
        8
176
     1
 66
     8
424
  8421504
176
     1
 43
1.0
176
     1
 76
     1
176
     1
 77
     6
176
     1
 78
     2
176
     1
 67
     7
176
     1
 79
     5
176
     1
170
     0
176
     1
171
     0
176
     1
290
     0
176
     1
 93
        1
176
     1
 44
0.0
176
     1
173
     0
176
     1
  0
VISUALSTYLE
  5
34
102
{ACAD_REACTORS
330
2A
102
}
102
{ACAD_XDICTIONARY
360
563
102
}
330
2A
100
AcDbVisualStyle
  2
Conceptual
 70
     9
177
     2
291
     0
 71
     3
176
     1
 72
     2
176
     1
 73
     0
176
     1
 90
        0
176
     1
 40
0.6
176
     1
 41
30.0
176
     1
 62
     5
 63
     7
421
 16777215
176
     1
 74
     2
176
     1
 91
        2
176
     1
 64
     7
176
     1
 65
   257
176
     1
 75
     1
176
     1
175
     1
176
     1
 42
179.0
176
     1
 92
        8
176
     1
 66
     7
176
     1
 43
1.0
176
     1
 76
     1
176
     1
 77
     6
176
     1
 78
     2
176
     1
 67
     7
176
     1
 79
     3
176
     1
170
     0
176
     1
171
     0
176
     1
290
     0
176
     1
 93
        1
176
     1
 44
0.0
176
     1
173
     0
176
     1
  0
VISUALSTYLE
  5
35
102
{ACAD_REACTORS
330
2A
102
}
102
{ACAD_XDICTIONARY
360
565
102
}
330
2A
100
AcDbVisualStyle
  2
Dim
 70
    11
177
     2
291
     1
 71
     2
176
     1
 72
     2
176
     1
 73
     0
176
     1
 90
        0
176
     1
 40
0.6
176
     1
 41
30.0
176
     1
 62
     5
 63
     7
421
 16777215
176
     1
 74
     1
176
     1
 91
        4
176
     1
 64
     7
176
     1
 65
   257
176
     1
 75
     1
176
     1
175
     1
176
     1
 42
1.0
176
     1
 92
        8
176
     1
 66
     7
176
     1
 43
1.0
176
     1
 76
     1
176
     1
 77
     6
176
     1
 78
     2
176
     1
 67
     7
176
     1
 79
     5
176
     1
170
     0
176
     1
171
     0
176
     1
290
     0
176
     1
 93
        1
176
     1
 44
-50.0
176
     1
173
     0
176
     1
  0
VISUALSTYLE
  5
3D
102
{ACAD_REACTORS
330
2A
102
}
102
{ACAD_XDICTIONARY
360
575
102
}
330
2A
100
AcDbVisualStyle
  2
EdgeColorOff
 70
    22
177
     2
291
     1
 71
     2
176
     0
 72
     2
176
     0
 73
     0
176
     0
 90
        0
176
     0
 40
0.6
176
     0
 41
30.0
176
     0
 62
     5
 63
     7
421
 16777215
176
     0
 74
     1
176
     0
 91
        4
176
     0
 64
     7
176
     0
 65
   257
176
     0
 75
     1
176
     0
175
     1
176
     0
 42
1.0
176
     0
 92
        8
176
     2
 66
     7
176
     0
 43
1.0
176
     0
 76
     1
176
     0
 77
     6
176
     0
 78
     2
176
     0
 67
     7
176
     0
 79
     5
176
     0
170
     0
176
     0
171
     0
176
     0
290
     0
176
     0
 93
        1
176
     0
 44
0.0
176
     0
173
     0
176
     0
  0
VISUALSTYLE
  5
39
102
{ACAD_REACTORS
330
2A
102
}
102
{ACAD_XDICTIONARY
360
56D
102
}
330
2A
100
AcDbVisualStyle
  2
Facepattern
 70
    15
177
     2
291
     1
 71
     2
176
     1
 72
     2
176
     1
 73
     0
176
     1
 90
        0
176
     1
 40
0.6
176
     1
 41
30.0
176
     1
 62
     5
 63
     7
421
 16777215
176
     1
 74
     1
176
     1
 91
        4
176
     1
 64
     7
176
     1
 65
   257
176
     1
 75
     1
176
     1
175
     1
176
     1
 42
1.0
176
     1
 92
        8
176
     1
 66
     7
176
     1
 43
1.0
176
     1
 76
     1
176
     1
 77
     6
176
     1
 78
     2
176
     1
 67
     7
176
     1
 79
     5
176
     1
170
     0
176
     1
171
     0
176
     1
290
     0
176
     1
 93
        1
176
     1
 44
0.0
176
     1
173
     0
176
     1
  0
VISUALSTYLE
  5
2B
102
{ACAD_REACTORS
330
2A
102
}
102
{ACAD_XDICTIONARY
360
551
102
}
330
2A
100
AcDbVisualStyle
  2
Flat
 70
     0
177
     2
291
     1
 71
     2
176
     1
 72
     1
176
     1
 73
     1
176
     1
 90
        2
176
     1
 40
0.6
176
     1
 41
30.0
176
     1
 62
     5
 63
     7
421
 16777215
176
     1
 74
     0
176
     1
 91
        0
176
     1
 64
     7
176
     1
 65
   257
176
     1
 75
     1
176
     1
175
     1
176
     1
 42
1.0
176
     1
 92
        8
176
     1
 66
     7
176
     1
 43
1.0
176
     1
 76
     1
176
     1
 77
     6
176
     1
 78
     2
176
     1
 67
     7
176
     1
 79
     5
176
     1
170
     0
176
     1
171
     0
176
     1
290
     0
176
     1
 93
       13
176
     1
 44
0.0
176
     1
173
     0
176
     1
  0
VISUALSTYLE
  5
2C
102
{ACAD_REACTORS
330
2A
102
}
102
{ACAD_XDICTIONARY
360
553
102
}
330
2A
100
AcDbVisualStyle
  2
FlatWithEdges
 70
     1
177
     2
291
     1
 71
     2
176
     1
 72
     1
176
     1
 73
     1
176
     1
 90
        2
176
     1
 40
0.6
176
     1
 41
30.0
176
     1
 62
     5
 63
     7
421
 16777215
176
     1
 74
     1
176
     1
 91
        0
176
     1
 64
     7
176
     1
 65
   257
176
     1
 75
     1
176
     1
175
     1
176
     1
 42
1.0
176
     1
 92
        0
176
     1
 66
   257
176
     1
 43
1.0
176
     1
 76
     1
176
     1
 77
     6
176
     1
 78
     2
176
     1
 67
     7
176
     1
 79
     5
176
     1
170
     0
176
     1
171
     0
176
     1
290
     0
176
     1
 93
       13
176
     1
 44
0.0
176
     1
173
     0
176
     1
  0
VISUALSTYLE
  5
2D
102
{ACAD_REACTORS
330
2A
102
}
102
{ACAD_XDICTIONARY
360
555
102
}
330
2A
100
AcDbVisualStyle
  2
Gouraud
 70
     2
177
     2
291
     1
 71
     2
176
     1
 72
     2
176
     1
 73
     1
176
     1
 90
        2
176
     1
 40
0.6
176
     1
 41
30.0
176
     1
 62
     5
 63
     7
421
 16777215
176
     1
 74
     0
176
     1
 91
        0
176
     1
 64
     7
176
     1
 65
   257
176
     1
 75
     1
176
     1
175
     1
176
     1
 42
1.0
176
     1
 92
        0
176
     1
 66
     7
176
     1
 43
1.0
176
     1
 76
     1
176
     1
 77
     6
176
     1
 78
     2
176
     1
 67
     7
176
     1
 79
     5
176
     1
170
     0
176
     1
171
     0
176
     1
290
     0
176
     1
 93
       13
176
     1
 44
0.0
176
     1
173
     0
176
     1
  0
VISUALSTYLE
  5
2E
102
{ACAD_REACTORS
330
2A
102
}
102
{ACAD_XDICTIONARY
360
557
102
}
330
2A
100
AcDbVisualStyle
  2
GouraudWithEdges
 70
     3
177
     2
291
     1
 71
     2
176
     1
 72
     2
176
     1
 73
     1
176
     1
 90
        2
176
     1
 40
0.6
176
     1
 41
30.0
176
     1
 62
     5
 63
     7
421
 16777215
176
     1
 74
     1
176
     1
 91
        0
176
     1
 64
     7
176
     1
 65
   257
176
     1
 75
     1
176
     1
175
     1
176
     1
 42
1.0
176
     1
 92
        0
176
     1
 66
   257
176
     1
 43
1.0
176
     1
 76
     1
176
     1
 77
     6
176
     1
 78
     2
176
     1
 67
     7
176
     1
 79
     5
176
     1
170
     0
176
     1
171
     0
176
     1
290
     0
176
     1
 93
       13
176
     1
 44
0.0
176
     1
173
     0
176
     1
  0
VISUALSTYLE
  5
31
102
{ACAD_REACTORS
330
2A
102
}
102
{ACAD_XDICTIONARY
360
55D
102
}
330
2A
100
AcDbVisualStyle
  2
Hidden
 70
     6
177
     2
291
     0
 71
     1
176
     1
 72
     2
176
     1
 73
     2
176
     1
 90
        0
176
     1
 40
0.6
176
     1
 41
30.0
176
     1
 62
     5
 63
     7
421
 16777215
176
     1
 74
     2
176
     1
 91
        2
176
     1
 64
     7
176
     1
 65
   257
176
     1
 75
     2
176
     1
175
     1
176
     1
 42
40.0
176
     1
 92
        0
176
     1
 66
   257
176
     1
 43
1.0
176
     1
 76
     1
176
     1
 77
     6
176
     1
 78
     2
176
     1
 67
     7
176
     1
 79
     3
176
     1
170
     0
176
     1
171
     0
176
     1
290
     0
176
     1
 93
        1
176
     1
 44
0.0
176
     1
173
     0
176
     1
  0
VISUALSTYLE
  5
3B
102
{ACAD_REACTORS
330
2A
102
}
102
{ACAD_XDICTIONARY
360
571
102
}
330
2A
100
AcDbVisualStyle
  2
JitterOff
 70
    20
177
     2
291
     1
 71
     2
176
     0
 72
     2
176
     0
 73
     0
176
     0
 90
        0
176
     0
 40
0.6
176
     0
 41
30.0
176
     0
 62
     5
 63
     7
421
 16777215
176
     0
 74
     1
176
     0
 91
        4
176
     0
 64
     7
176
     0
 65
   257
176
     0
 75
     1
176
     0
175
     1
176
     0
 42
1.0
176
     0
 92
       10
176
     2
 66
     7
176
     0
 43
1.0
176
     0
 76
     1
176
     0
 77
     6
176
     0
 78
     2
176
     0
 67
     7
176
     0
 79
     5
176
     0
170
     0
176
     0
171
     0
176
     0
290
     0
176
     0
 93
        1
176
     0
 44
0.0
176
     0
173
     0
176
     0
  0
VISUALSTYLE
  5
38
102
{ACAD_REACTORS
330
2A
102
}
102
{ACAD_XDICTIONARY
360
56B
102
}
330
2A
100
AcDbVisualStyle
  2
Linepattern
 70
    14
177
     2
291
     1
 71
     2
176
     1
 72
     2
176
     1
 73
     0
176
     1
 90
        0
176
     1
 40
0.6
176
     1
 41
30.0
176
     1
 62
     5
 63
     7
421
 16777215
176
     1
 74
     1
176
     1
 91
        4
176
     1
 64
     7
176
     1
 65
   257
176
     1
 75
     7
176
     1
175
     7
176
     1
 42
1.0
176
     1
 92
        8
176
     1
 66
     7
176
     1
 43
1.0
176
     1
 76
     1
176
     1
 77
     6
176
     1
 78
     2
176
     1
 67
     7
176
     1
 79
     5
176
     1
170
     0
176
     1
171
     0
176
     1
290
     0
176
     1
 93
        1
176
     1
 44
0.0
176
     1
173
     0
176
     1
  0
VISUALSTYLE
  5
3C
102
{ACAD_REACTORS
330
2A
102
}
102
{ACAD_XDICTIONARY
360
573
102
}
330
2A
100
AcDbVisualStyle
  2
OverhangOff
 70
    21
177
     2
291
     1
 71
     2
176
     0
 72
     2
176
     0
 73
     0
176
     0
 90
        0
176
     0
 40
0.6
176
     0
 41
30.0
176
     0
 62
     5
 63
     7
421
 16777215
176
     0
 74
     1
176
     0
 91
        4
176
     0
 64
     7
176
     0
 65
   257
176
     0
 75
     1
176
     0
175
     1
176
     0
 42
1.0
176
     0
 92
        9
176
     2
 66
     7
176
     0
 43
1.0
176
     0
 76
     1
176
     0
 77
     6
176
     0
 78
     2
176
     0
 67
     7
176
     0
 79
     5
176
     0
170
     0
176
     0
171
     0
176
     0
290
     0
176
     0
 93
        1
176
     0
 44
0.0
176
     0
173
     0
176
     0
  0
VISUALSTYLE
  5
33
102
{ACAD_REACTORS
330
2A
102
}
102
{ACAD_XDICTIONARY
360
561
102
}
330
2A
100
AcDbVisualStyle
  2
Realistic
 70
     8
177
     2
291
     0
 71
     2
176
     1
 72
     3
176
     1
 73
     0
176
     1
 90
        2
176
     1
 40
0.6
176
     1
 41
30.0
176
     1
 62
     5
 63
     7
421
 16777215
176
     1
 74
     0
176
     1
 91
        0
176
     1
 64
     7
176
     1
 65
   257
176
     1
 75
     1
176
     1
175
     1
176
     1
 42
1.0
176
     1
 92
        8
176
     1
 66
   257
176
     1
 43
1.0
176
     1
 76
     1
176
     1
 77
     6
176
     1
 78
     2
176
     1
 67
     7
176
     1
 79
     3
176
     1
170
     0
176
     1
171
     0
176
     1
290
     0
176
     1
 93
       13
176
     1
 44
0.0
176
     1
173
     0
176
     1
  0
VISUALSTYLE
  5
42
102
{ACAD_REACTORS
330
2A
102
}
102
{ACAD_XDICTIONARY
360
57F
102
}
330
2A
100
AcDbVisualStyle
  2
Shaded
 70
    27
177
     2
291
     0
 71
     2
176
     1
 72
     2
176
     1
 73
     1
176
     1
 90
        2
176
     1
 40
0.6
176
     1
 41
30.0
176
     1
 62
     5
 63
     7
421
 16777215
176
     1
 74
     0
176
     1
 91
        4
176
     1
 64
     7
176
     1
 65
   257
176
     1
 75
     1
176
     1
175
     1
176
     1
 42
1.0
176
     1
 92
        8
176
     1
 66
   257
176
     1
 43
1.0
176
     1
 76
     1
176
     1
 77
     6
176
     1
 78
     2
176
     1
 67
     8
425
  7895160
176
     1
 79
     3
176
     1
170
     0
176
     1
171
     0
176
     1
290
     0
176
     1
 93
        5
176
     1
 44
0.0
176
     1
173
     0
176
     1
  0
VISUALSTYLE
  5
41
102
{ACAD_REACTORS
330
2A
102
}
102
{ACAD_XDICTIONARY
360
57D
102
}
330
2A
100
AcDbVisualStyle
  2
Shaded with edges
 70
    26
177
     2
291
     0
 71
     2
176
     1
 72
     2
176
     1
 73
     1
176
     1
 90
        2
176
     1
 40
0.6
176
     1
 41
30.0
176
     1
 62
     5
 63
     7
421
 16777215
176
     1
 74
     1
176
     1
 91
       10
176
     1
 64
     7
176
     1
 65
   257
176
     1
 75
     2
176
     1
175
     1
176
     1
 42
1.0
176
     1
 92
        8
176
     1
 66
   257
176
     1
 43
1.0
176
     1
 76
     1
176
     1
 77
     6
176
     1
 78
     2
176
     1
 67
     7
176
     1
 79
     3
176
     1
170
     0
176
     1
171
     0
176
     1
290
     0
176
     1
 93
        5
176
     1
 44
0.0
176
     1
173
     0
176
     1
  0
VISUALSTYLE
  5
3E
102
{ACAD_REACTORS
330
2A
102
}
102
{ACAD_XDICTIONARY
360
577
102
}
330
2A
100
AcDbVisualStyle
  2
Shades of Gray
 70
    23
177
     2
291
     0
 71
     2
176
     1
 72
     2
176
     1
 73
     3
176
     1
 90
        0
176
     1
 40
0.6
176
     1
 41
30.0
176
     1
 62
     5
 63
     7
421
 16777215
176
     1
 74
     2
176
     1
 91
        2
176
     1
 64
     7
176
     1
 65
     7
176
     1
 75
     1
176
     1
175
     1
176
     1
 42
40.0
176
     1
 92
        8
176
     1
 66
     7
176
     1
 43
1.0
176
     1
 76
     1
176
     1
 77
     6
176
     1
 78
     2
176
     1
 67
     7
176
     1
 79
     3
176
     1
170
     0
176
     1
171
     0
176
     1
290
     0
176
     1
 93
        1
176
     1
 44
0.0
176
     1
173
     0
176
     1
  0
VISUALSTYLE
  5
3F
102
{ACAD_REACTORS
330
2A
102
}
102
{ACAD_XDICTIONARY
360
579
102
}
330
2A
100
AcDbVisualStyle
  2
Sketchy
 70
    24
177
     2
291
     0
 71
     1
176
     1
 72
     2
176
     1
 73
     2
176
     1
 90
        0
176
     1
 40
0.6
176
     1
 41
30.0
176
     1
 62
     5
 63
     7
421
 16777215
176
     1
 74
     2
176
     1
 91
        2
176
     1
 64
     7
176
     1
 65
     7
176
     1
 75
     1
176
     1
175
     1
176
     1
 42
40.0
176
     1
 92
       11
176
     1
 66
     7
176
     1
 43
1.0
176
     1
 76
     1
176
     1
 77
     6
176
     1
 78
     2
176
     1
 67
     7
176
     1
 79
     6
176
     1
170
     0
176
     1
171
     0
176
     1
290
     0
176
     1
 93
        1
176
     1
 44
0.0
176
     1
173
     0
176
     1
  0
VISUALSTYLE
  5
37
102
{ACAD_REACTORS
330
2A
102
}
102
{ACAD_XDICTIONARY
360
569
102
}
330
2A
100
AcDbVisualStyle
  2
Thicken
 70
    13
177
     2
291
     1
 71
     2
176
     1
 72
     2
176
     1
 73
     0
176
     1
 90
        0
176
     1
 40
0.6
176
     1
 41
30.0
176
     1
 62
     5
 63
     7
421
 16777215
176
     1
 74
     1
176
     1
 91
        4
176
     1
 64
     7
176
     1
 65
   257
176
     1
 75
     1
176
     1
175
     1
176
     1
 42
1.0
176
     1
 92
       12
176
     1
 66
     7
176
     1
 43
1.0
176
     1
 76
     1
176
     1
 77
     6
176
     1
 78
     2
176
     1
 67
     7
176
     1
 79
     5
176
     1
170
     0
176
     1
171
     0
176
     1
290
     0
176
     1
 93
        1
176
     1
 44
0.0
176
     1
173
     0
176
     1
  0
VISUALSTYLE
  5
30
102
{ACAD_REACTORS
330
2A
102
}
102
{ACAD_XDICTIONARY
360
55B
102
}
330
2A
100
AcDbVisualStyle
  2
Wireframe
 70
     5
177
     2
291
     0
 71
     0
176
     1
 72
     2
176
     1
 73
     0
176
     1
 90
        0
176
     1
 40
0.6
176
     1
 41
30.0
176
     1
 62
     5
 63
     7
421
 16777215
176
     1
 74
     1
176
     1
 91
        4
176
     1
 64
     7
176
     1
 65
   257
176
     1
 75
     1
176
     1
175
     1
176
     1
 42
1.0
176
     1
 92
        0
176
     1
 66
   257
176
     1
 43
1.0
176
     1
 76
     1
176
     1
 77
     6
176
     1
 78
     2
176
     1
 67
     7
176
     1
 79
     3
176
     1
170
     0
176
     1
171
     0
176
     1
290
     0
176
     1
 93
        1
176
     1
 44
0.0
176
     1
173
     0
176
     1
  0
VISUALSTYLE
  5
40
102
{ACAD_REACTORS
330
2A
102
}
102
{ACAD_XDICTIONARY
360
57B
102
}
330
2A
100
AcDbVisualStyle
  2
X-Ray
 70
    25
177
     2
291
     0
 71
     2
176
     1
 72
     2
176
     1
 73
     1
176
     1
 90
        1
176
     1
 40
0.5
176
     1
 41
30.0
176
     1
 62
     5
 63
     7
421
 16777215
176
     1
 74
     1
176
     1
 91
        0
176
     1
 64
     7
176
     1
 65
   257
176
     1
 75
     1
176
     1
175
     1
176
     1
 42
1.0
176
     1
 92
        8
176
     1
 66
     7
176
     1
 43
1.0
176
     1
 76
     1
176
     1
 77
     6
176
     1
 78
     2
176
     1
 67
     7
176
     1
 79
     3
176
     1
170
     0
176
     1
171
     0
176
     1
290
     0
176
     1
 93
       13
176
     1
 44
0.0
176
     1
173
     0
176
     1
  0
DICTIONARYVAR
  5
550
102
{ACAD_REACTORS
330
54F
102
}
330
54F
100
DictionaryVariables
280
     0
  1
1:1
  0
DICTIONARYVAR
  5
588
102
{ACAD_REACTORS
330
54F
102
}
330
54F
100
DictionaryVariables
280
     0
  1
3.500000
  0
DICTIONARYVAR
  5
589
102
{ACAD_REACTORS
330
54F
102
}
330
54F
100
DictionaryVariables
280
     0
  1
acadiso.lin
  0
DICTIONARYVAR
  5
585
102
{ACAD_REACTORS
330
54F
102
}
330
54F
100
DictionaryVariables
280
     0
  1
Standard
  0
DICTIONARYVAR
  5
584
102
{ACAD_REACTORS
330
54F
102
}
330
54F
100
DictionaryVariables
280
     0
  1
Standard
  0
DICTIONARY
  5
581
330
5A
100
AcDbDictionary
280
     1
281
     1
  3
ACAD_ROUNDTRIP_2008_TABLESTYLE_CELLSTYLEMAP
360
582
  0
DICTIONARY
  5
559
330
2F
100
AcDbDictionary
280
     1
281
     1
  3
ACAD_XREC_ROUNDTRIP
360
55A
  0
DICTIONARY
  5
55F
330
32
100
AcDbDictionary
280
     1
281
     1
  3
ACAD_XREC_ROUNDTRIP
360
560
  0
DICTIONARY
  5
567
330
36
100
AcDbDictionary
280
     1
281
     1
  3
ACAD_XREC_ROUNDTRIP
360
568
  0
DICTIONARY
  5
56F
330
3A
100
AcDbDictionary
280
     1
281
     1
  3
ACAD_XREC_ROUNDTRIP
360
570
  0
DICTIONARY
  5
563
330
34
100
AcDbDictionary
280
     1
281
     1
  3
ACAD_XREC_ROUNDTRIP
360
564
  0
DICTIONARY
  5
565
330
35
100
AcDbDictionary
280
     1
281
     1
  3
ACAD_XREC_ROUNDTRIP
360
566
  0
DICTIONARY
  5
575
330
3D
100
AcDbDictionary
280
     1
281
     1
  3
ACAD_XREC_ROUNDTRIP
360
576
  0
DICTIONARY
  5
56D
330
39
100
AcDbDictionary
280
     1
281
     1
  3
ACAD_XREC_ROUNDTRIP
360
56E
  0
DICTIONARY
  5
551
330
2B
100
AcDbDictionary
280
     1
281
     1
  3
ACAD_XREC_ROUNDTRIP
360
552
  0
DICTIONARY
  5
553
330
2C
100
AcDbDictionary
280
     1
281
     1
  3
ACAD_XREC_ROUNDTRIP
360
554
  0
DICTIONARY
  5
555
330
2D
100
AcDbDictionary
280
     1
281
     1
  3
ACAD_XREC_ROUNDTRIP
360
556
  0
DICTIONARY
  5
557
330
2E
100
AcDbDictionary
280
     1
281
     1
  3
ACAD_XREC_ROUNDTRIP
360
558
  0
DICTIONARY
  5
55D
330
31
100
AcDbDictionary
280
     1
281
     1
  3
ACAD_XREC_ROUNDTRIP
360
55E
  0
DICTIONARY
  5
571
330
3B
100
AcDbDictionary
280
     1
281
     1
  3
ACAD_XREC_ROUNDTRIP
360
572
  0
DICTIONARY
  5
56B
330
38
100
AcDbDictionary
280
     1
281
     1
  3
ACAD_XREC_ROUNDTRIP
360
56C
  0
DICTIONARY
  5
573
330
3C
100
AcDbDictionary
280
     1
281
     1
  3
ACAD_XREC_ROUNDTRIP
360
574
  0
DICTIONARY
  5
561
330
33
100
AcDbDictionary
280
     1
281
     1
  3
ACAD_XREC_ROUNDTRIP
360
562
  0
DICTIONARY
  5
57F
330
42
100
AcDbDictionary
280
     1
281
     1
  3
ACAD_XREC_ROUNDTRIP
360
580
  0
DICTIONARY
  5
57D
330
41
100
AcDbDictionary
280
     1
281
     1
  3
ACAD_XREC_ROUNDTRIP
360
57E
  0
DICTIONARY
  5
577
330
3E
100
AcDbDictionary
280
     1
281
     1
  3
ACAD_XREC_ROUNDTRIP
360
578
  0
DICTIONARY
  5
579
330
3F
100
AcDbDictionary
280
     1
281
     1
  3
ACAD_XREC_ROUNDTRIP
360
57A
  0
DICTIONARY
  5
569
330
37
100
AcDbDictionary
280
     1
281
     1
  3
ACAD_XREC_ROUNDTRIP
360
56A
  0
DICTIONARY
  5
55B
330
30
100
AcDbDictionary
280
     1
281
     1
  3
ACAD_XREC_ROUNDTRIP
360
55C
  0
DICTIONARY
  5
57B
330
40
100
AcDbDictionary
280
     1
281
     1
  3
ACAD_XREC_ROUNDTRIP
360
57C
  0
CELLSTYLEMAP
  5
582
102
{ACAD_REACTORS
330
581
102
}
330
581
100
AcDbCellStyleMap
 90
        3
300
CELLSTYLE
  1
TABLEFORMAT_BEGIN
 90
        5
170
     1
 91
        0
 92
    32768
 62
   257
 93
        1
300
CONTENTFORMAT
  1
CONTENTFORMAT_BEGIN
 90
        0
 91
        0
 92
        4
 93
        0
300

 40
0.0
140
1.0
 94
        5
 62
     0
340
11
144
6.0
309
CONTENTFORMAT_END
171
     1
301
MARGIN
  1
CELLMARGIN_BEGIN
 40
1.5
 40
1.5
 40
1.5
 40
1.5
 40
1.5
 40
1.5
309
CELLMARGIN_END
 94
        6
 95
        1
302
GRIDFORMAT
  1
GRIDFORMAT_BEGIN
 90
        0
 91
        1
 62
     0
 92
       -2
340
14
 93
        0
 40
0.045
309
GRIDFORMAT_END
 95
        2
302
GRIDFORMAT
  1
GRIDFORMAT_BEGIN
 90
        0
 91
        1
 62
     0
 92
       -2
340
14
 93
        0
 40
0.045
309
GRIDFORMAT_END
 95
        4
302
GRIDFORMAT
  1
GRIDFORMAT_BEGIN
 90
        0
 91
        1
 62
     0
 92
       -2
340
14
 93
        0
 40
0.045
309
GRIDFORMAT_END
 95
        8
302
GRIDFORMAT
  1
GRIDFORMAT_BEGIN
 90
        0
 91
        1
 62
     0
 92
       -2
340
14
 93
        0
 40
0.045
309
GRIDFORMAT_END
 95
       16
302
GRIDFORMAT
  1
GRIDFORMAT_BEGIN
 90
        0
 91
        1
 62
     0
 92
       -2
340
14
 93
        0
 40
0.045
309
GRIDFORMAT_END
 95
       32
302
GRIDFORMAT
  1
GRIDFORMAT_BEGIN
 90
        0
 91
        1
 62
     0
 92
       -2
340
14
 93
        0
 40
0.045
309
GRIDFORMAT_END
309
TABLEFORMAT_END
  1
CELLSTYLE_BEGIN
 90
        1
 91
        1
300
_TITLE
309
CELLSTYLE_END
300
CELLSTYLE
  1
TABLEFORMAT_BEGIN
 90
        5
170
     1
 91
        0
 92
        0
 62
   257
 93
        1
300
CONTENTFORMAT
  1
CONTENTFORMAT_BEGIN
 90
        0
 91
        0
 92
        4
 93
        0
300

 40
0.0
140
1.0
 94
        5
 62
     0
340
11
144
4.5
309
CONTENTFORMAT_END
171
     1
301
MARGIN
  1
CELLMARGIN_BEGIN
 40
1.5
 40
1.5
 40
1.5
 40
1.5
 40
1.5
 40
1.5
309
CELLMARGIN_END
 94
        6
 95
        1
302
GRIDFORMAT
  1
GRIDFORMAT_BEGIN
 90
        0
 91
        1
 62
     0
 92
       -2
340
14
 93
        0
 40
0.045
309
GRIDFORMAT_END
 95
        2
302
GRIDFORMAT
  1
GRIDFORMAT_BEGIN
 90
        0
 91
        1
 62
     0
 92
       -2
340
14
 93
        0
 40
0.045
309
GRIDFORMAT_END
 95
        4
302
GRIDFORMAT
  1
GRIDFORMAT_BEGIN
 90
        0
 91
        1
 62
     0
 92
       -2
340
14
 93
        0
 40
0.045
309
GRIDFORMAT_END
 95
        8
302
GRIDFORMAT
  1
GRIDFORMAT_BEGIN
 90
        0
 91
        1
 62
     0
 92
       -2
340
14
 93
        0
 40
0.045
309
GRIDFORMAT_END
 95
       16
302
GRIDFORMAT
  1
GRIDFORMAT_BEGIN
 90
        0
 91
        1
 62
     0
 92
       -2
340
14
 93
        0
 40
0.045
309
GRIDFORMAT_END
 95
       32
302
GRIDFORMAT
  1
GRIDFORMAT_BEGIN
 90
        0
 91
        1
 62
     0
 92
       -2
340
14
 93
        0
 40
0.045
309
GRIDFORMAT_END
309
TABLEFORMAT_END
  1
CELLSTYLE_BEGIN
 90
        2
 91
        1
300
_HEADER
309
CELLSTYLE_END
300
CELLSTYLE
  1
TABLEFORMAT_BEGIN
 90
        5
170
     1
 91
        0
 92
        0
 62
   257
 93
        1
300
CONTENTFORMAT
  1
CONTENTFORMAT_BEGIN
 90
        0
 91
        0
 92
        4
 93
        0
300

 40
0.0
140
1.0
 94
        2
 62
     0
340
11
144
4.5
309
CONTENTFORMAT_END
171
     1
301
MARGIN
  1
CELLMARGIN_BEGIN
 40
1.5
 40
1.5
 40
1.5
 40
1.5
 40
1.5
 40
1.5
309
CELLMARGIN_END
 94
        6
 95
        1
302
GRIDFORMAT
  1
GRIDFORMAT_BEGIN
 90
        0
 91
        1
 62
     0
 92
       -2
340
14
 93
        0
 40
0.045
309
GRIDFORMAT_END
 95
        2
302
GRIDFORMAT
  1
GRIDFORMAT_BEGIN
 90
        0
 91
        1
 62
     0
 92
       -2
340
14
 93
        0
 40
0.045
309
GRIDFORMAT_END
 95
        4
302
GRIDFORMAT
  1
GRIDFORMAT_BEGIN
 90
        0
 91
        1
 62
     0
 92
       -2
340
14
 93
        0
 40
0.045
309
GRIDFORMAT_END
 95
        8
302
GRIDFORMAT
  1
GRIDFORMAT_BEGIN
 90
        0
 91
        1
 62
     0
 92
       -2
340
14
 93
        0
 40
0.045
309
GRIDFORMAT_END
 95
       16
302
GRIDFORMAT
  1
GRIDFORMAT_BEGIN
 90
        0
 91
        1
 62
     0
 92
       -2
340
14
 93
        0
 40
0.045
309
GRIDFORMAT_END
 95
       32
302
GRIDFORMAT
  1
GRIDFORMAT_BEGIN
 90
        0
 91
        1
 62
     0
 92
       -2
340
14
 93
        0
 40
0.045
309
GRIDFORMAT_END
309
TABLEFORMAT_END
  1
CELLSTYLE_BEGIN
 90
        3
 91
        2
300
_DATA
309
CELLSTYLE_END
  0
XRECORD
  5
55A
102
{ACAD_REACTORS
330
559
102
}
330
559
100
AcDbXrecord
280
     1
102
RTVSPost2010Prop28
280
     1
102
RTVSPost2010PropOp28
 70
     1
102
RTVSPost2010Prop29
280
     1
102
RTVSPost2010PropOp29
 70
     1
102
RTVSPost2010Prop30
280
     0
102
RTVSPost2010PropOp30
 70
     1
102
RTVSPost2010Prop31
280
     0
102
RTVSPost2010PropOp31
 70
     1
102
RTVSPost2010Prop32
280
     0
102
RTVSPost2010PropOp32
 70
     1
102
RTVSPost2010Prop33
280
     0
102
RTVSPost2010PropOp33
 70
     1
102
RTVSPost2010Prop34
280
     0
102
RTVSPost2010PropOp34
 70
     1
102
RTVSPost2010Prop35
280
     0
102
RTVSPost2010PropOp35
 70
     1
102
RTVSPost2010Prop36
280
     0
102
RTVSPost2010PropOp36
 70
     1
102
RTVSPost2010Prop37
 90
       50
102
RTVSPost2010PropOp37
 70
     1
102
RTVSPost2010Prop38
140
0.0
102
RTVSPost2010PropOp38
 70
     1
102
RTVSPost2010Prop39
140
1.0
102
RTVSPost2010PropOp39
 70
     1
102
RTVSPost2010Prop40
 90
        0
102
RTVSPost2010PropOp40
 70
     1
102
RTVSPost2010Prop41ColorIndex
 90
       18
102
RTVSPost2010Prop41ColorRGB
 90
        0
102
RTVSPost2010PropOp41
 70
     1
102
RTVSPost2010Prop42
 90
       50
102
RTVSPost2010PropOp42
 70
     1
102
RTVSPost2010Prop43
 90
        3
102
RTVSPost2010PropOp43
 70
     1
102
RTVSPost2010Prop44ColorIndex
 90
        5
102
RTVSPost2010Prop44ColorRGB
 90
      255
102
RTVSPost2010PropOp44
 70
     1
102
RTVSPost2010Prop45
280
     0
102
RTVSPost2010PropOp45
 70
     1
102
RTVSPost2010Prop46
 90
       50
102
RTVSPost2010PropOp46
 70
     1
102
RTVSPost2010Prop47
 90
       50
102
RTVSPost2010PropOp47
 70
     1
102
RTVSPost2010Prop48
 90
       50
102
RTVSPost2010PropOp48
 70
     1
102
RTVSPost2010Prop49
280
     0
102
RTVSPost2010PropOp49
 70
     1
102
RTVSPost2010Prop50
 90
       50
102
RTVSPost2010PropOp50
 70
     1
102
RTVSPost2010Prop51ColorIndex
 90
      256
102
RTVSPost2010Prop51ColorRGB
 90
-16777216
102
RTVSPost2010PropOp51
 70
     0
102
RTVSPost2010Prop52
140
1.0
102
RTVSPost2010PropOp52
 70
     0
102
RTVSPost2010Prop53
 90
        2
102
RTVSPost2010PropOp53
 70
     1
102
RTVSPost2010Prop54
  1
strokes_ogs.tif
102
RTVSPost2010PropOp54
 70
     1
102
RTVSPost2010Prop55
280
     0
102
RTVSPost2010PropOp55
 70
     1
102
RTVSPost2010Prop56
140
1.0
102
RTVSPost2010PropOp56
 70
     1
102
RTVSPost2010Prop57
140
1.0
102
RTVSPost2010PropOp57
 70
     1
  0
XRECORD
  5
560
102
{ACAD_REACTORS
330
55F
102
}
330
55F
100
AcDbXrecord
280
     1
102
RTVSPost2010Prop28
280
     0
102
RTVSPost2010PropOp28
 70
     1
102
RTVSPost2010Prop29
280
     1
102
RTVSPost2010PropOp29
 70
     1
102
RTVSPost2010Prop30
280
     1
102
RTVSPost2010PropOp30
 70
     1
102
RTVSPost2010Prop31
280
     0
102
RTVSPost2010PropOp31
 70
     1
102
RTVSPost2010Prop32
280
     0
102
RTVSPost2010PropOp32
 70
     1
102
RTVSPost2010Prop33
280
     0
102
RTVSPost2010PropOp33
 70
     1
102
RTVSPost2010Prop34
280
     0
102
RTVSPost2010PropOp34
 70
     1
102
RTVSPost2010Prop35
280
     0
102
RTVSPost2010PropOp35
 70
     1
102
RTVSPost2010Prop36
280
     0
102
RTVSPost2010PropOp36
 70
     1
102
RTVSPost2010Prop37
 90
       50
102
RTVSPost2010PropOp37
 70
     1
102
RTVSPost2010Prop38
140
0.0
102
RTVSPost2010PropOp38
 70
     1
102
RTVSPost2010Prop39
140
1.0
102
RTVSPost2010PropOp39
 70
     1
102
RTVSPost2010Prop40
 90
        0
102
RTVSPost2010PropOp40
 70
     1
102
RTVSPost2010Prop41ColorIndex
 90
       18
102
RTVSPost2010Prop41ColorRGB
 90
        0
102
RTVSPost2010PropOp41
 70
     1
102
RTVSPost2010Prop42
 90
       50
102
RTVSPost2010PropOp42
 70
     1
102
RTVSPost2010Prop43
 90
        3
102
RTVSPost2010PropOp43
 70
     1
102
RTVSPost2010Prop44ColorIndex
 90
        5
102
RTVSPost2010Prop44ColorRGB
 90
      255
102
RTVSPost2010PropOp44
 70
     1
102
RTVSPost2010Prop45
280
     0
102
RTVSPost2010PropOp45
 70
     1
102
RTVSPost2010Prop46
 90
       50
102
RTVSPost2010PropOp46
 70
     1
102
RTVSPost2010Prop47
 90
       50
102
RTVSPost2010PropOp47
 70
     1
102
RTVSPost2010Prop48
 90
       50
102
RTVSPost2010PropOp48
 70
     1
102
RTVSPost2010Prop49
280
     0
102
RTVSPost2010PropOp49
 70
     1
102
RTVSPost2010Prop50
 90
       50
102
RTVSPost2010PropOp50
 70
     1
102
RTVSPost2010Prop51ColorIndex
 90
      256
102
RTVSPost2010Prop51ColorRGB
 90
-16777216
102
RTVSPost2010PropOp51
 70
     0
102
RTVSPost2010Prop52
140
1.0
102
RTVSPost2010PropOp52
 70
     0
102
RTVSPost2010Prop53
 90
        2
102
RTVSPost2010PropOp53
 70
     1
102
RTVSPost2010Prop54
  1
strokes_ogs.tif
102
RTVSPost2010PropOp54
 70
     1
102
RTVSPost2010Prop55
280
     0
102
RTVSPost2010PropOp55
 70
     1
102
RTVSPost2010Prop56
140
1.0
102
RTVSPost2010PropOp56
 70
     1
102
RTVSPost2010Prop57
140
1.0
102
RTVSPost2010PropOp57
 70
     1
  0
XRECORD
  5
568
102
{ACAD_REACTORS
330
567
102
}
330
567
100
AcDbXrecord
280
     1
102
RTVSPost2010Prop28
280
     0
102
RTVSPost2010PropOp28
 70
     1
102
RTVSPost2010Prop29
280
     1
102
RTVSPost2010PropOp29
 70
     1
102
RTVSPost2010Prop30
280
     1
102
RTVSPost2010PropOp30
 70
     1
102
RTVSPost2010Prop31
280
     0
102
RTVSPost2010PropOp31
 70
     1
102
RTVSPost2010Prop32
280
     0
102
RTVSPost2010PropOp32
 70
     1
102
RTVSPost2010Prop33
280
     0
102
RTVSPost2010PropOp33
 70
     1
102
RTVSPost2010Prop34
280
     0
102
RTVSPost2010PropOp34
 70
     1
102
RTVSPost2010Prop35
280
     0
102
RTVSPost2010PropOp35
 70
     1
102
RTVSPost2010Prop36
280
     0
102
RTVSPost2010PropOp36
 70
     1
102
RTVSPost2010Prop37
 90
       50
102
RTVSPost2010PropOp37
 70
     1
102
RTVSPost2010Prop38
140
0.0
102
RTVSPost2010PropOp38
 70
     1
102
RTVSPost2010Prop39
140
1.0
102
RTVSPost2010PropOp39
 70
     1
102
RTVSPost2010Prop40
 90
        0
102
RTVSPost2010PropOp40
 70
     1
102
RTVSPost2010Prop41ColorIndex
 90
       18
102
RTVSPost2010Prop41ColorRGB
 90
        0
102
RTVSPost2010PropOp41
 70
     1
102
RTVSPost2010Prop42
 90
       50
102
RTVSPost2010PropOp42
 70
     1
102
RTVSPost2010Prop43
 90
        3
102
RTVSPost2010PropOp43
 70
     1
102
RTVSPost2010Prop44ColorIndex
 90
        5
102
RTVSPost2010Prop44ColorRGB
 90
      255
102
RTVSPost2010PropOp44
 70
     1
102
RTVSPost2010Prop45
280
     0
102
RTVSPost2010PropOp45
 70
     1
102
RTVSPost2010Prop46
 90
       50
102
RTVSPost2010PropOp46
 70
     1
102
RTVSPost2010Prop47
 90
       50
102
RTVSPost2010PropOp47
 70
     1
102
RTVSPost2010Prop48
 90
       50
102
RTVSPost2010PropOp48
 70
     1
102
RTVSPost2010Prop49
280
     0
102
RTVSPost2010PropOp49
 70
     1
102
RTVSPost2010Prop50
 90
       50
102
RTVSPost2010PropOp50
 70
     1
102
RTVSPost2010Prop51ColorIndex
 90
      256
102
RTVSPost2010Prop51ColorRGB
 90
-16777216
102
RTVSPost2010PropOp51
 70
     0
102
RTVSPost2010Prop52
140
1.0
102
RTVSPost2010PropOp52
 70
     0
102
RTVSPost2010Prop53
 90
        2
102
RTVSPost2010PropOp53
 70
     1
102
RTVSPost2010Prop54
  1
strokes_ogs.tif
102
RTVSPost2010PropOp54
 70
     1
102
RTVSPost2010Prop55
280
     0
102
RTVSPost2010PropOp55
 70
     1
102
RTVSPost2010Prop56
140
1.0
102
RTVSPost2010PropOp56
 70
     1
102
RTVSPost2010Prop57
140
1.0
102
RTVSPost2010PropOp57
 70
     1
  0
XRECORD
  5
570
102
{ACAD_REACTORS
330
56F
102
}
330
56F
100
AcDbXrecord
280
     1
102
RTVSPost2010Prop28
280
     0
102
RTVSPost2010PropOp28
 70
     1
102
RTVSPost2010Prop29
280
     1
102
RTVSPost2010PropOp29
 70
     1
102
RTVSPost2010Prop30
280
     1
102
RTVSPost2010PropOp30
 70
     1
102
RTVSPost2010Prop31
280
     0
102
RTVSPost2010PropOp31
 70
     1
102
RTVSPost2010Prop32
280
     0
102
RTVSPost2010PropOp32
 70
     1
102
RTVSPost2010Prop33
280
     0
102
RTVSPost2010PropOp33
 70
     1
102
RTVSPost2010Prop34
280
     0
102
RTVSPost2010PropOp34
 70
     1
102
RTVSPost2010Prop35
280
     0
102
RTVSPost2010PropOp35
 70
     1
102
RTVSPost2010Prop36
280
     0
102
RTVSPost2010PropOp36
 70
     1
102
RTVSPost2010Prop37
 90
       50
102
RTVSPost2010PropOp37
 70
     1
102
RTVSPost2010Prop38
140
0.0
102
RTVSPost2010PropOp38
 70
     1
102
RTVSPost2010Prop39
140
1.0
102
RTVSPost2010PropOp39
 70
     1
102
RTVSPost2010Prop40
 90
        0
102
RTVSPost2010PropOp40
 70
     1
102
RTVSPost2010Prop41ColorIndex
 90
       18
102
RTVSPost2010Prop41ColorRGB
 90
        0
102
RTVSPost2010PropOp41
 70
     1
102
RTVSPost2010Prop42
 90
       50
102
RTVSPost2010PropOp42
 70
     1
102
RTVSPost2010Prop43
 90
        3
102
RTVSPost2010PropOp43
 70
     1
102
RTVSPost2010Prop44ColorIndex
 90
        5
102
RTVSPost2010Prop44ColorRGB
 90
      255
102
RTVSPost2010PropOp44
 70
     1
102
RTVSPost2010Prop45
280
     0
102
RTVSPost2010PropOp45
 70
     1
102
RTVSPost2010Prop46
 90
       50
102
RTVSPost2010PropOp46
 70
     1
102
RTVSPost2010Prop47
 90
       50
102
RTVSPost2010PropOp47
 70
     1
102
RTVSPost2010Prop48
 90
       50
102
RTVSPost2010PropOp48
 70
     1
102
RTVSPost2010Prop49
280
     0
102
RTVSPost2010PropOp49
 70
     1
102
RTVSPost2010Prop50
 90
       50
102
RTVSPost2010PropOp50
 70
     1
102
RTVSPost2010Prop51ColorIndex
 90
      256
102
RTVSPost2010Prop51ColorRGB
 90
-16777216
102
RTVSPost2010PropOp51
 70
     0
102
RTVSPost2010Prop52
140
1.0
102
RTVSPost2010PropOp52
 70
     0
102
RTVSPost2010Prop53
 90
        2
102
RTVSPost2010PropOp53
 70
     1
102
RTVSPost2010Prop54
  1
strokes_ogs.tif
102
RTVSPost2010PropOp54
 70
     1
102
RTVSPost2010Prop55
280
     0
102
RTVSPost2010PropOp55
 70
     1
102
RTVSPost2010Prop56
140
1.0
102
RTVSPost2010PropOp56
 70
     1
102
RTVSPost2010Prop57
140
1.0
102
RTVSPost2010PropOp57
 70
     1
  0
XRECORD
  5
564
102
{ACAD_REACTORS
330
563
102
}
330
563
100
AcDbXrecord
280
     1
102
RTVSPost2010Prop28
280
     0
102
RTVSPost2010PropOp28
 70
     1
102
RTVSPost2010Prop29
280
     1
102
RTVSPost2010PropOp29
 70
     1
102
RTVSPost2010Prop30
280
     1
102
RTVSPost2010PropOp30
 70
     1
102
RTVSPost2010Prop31
280
     0
102
RTVSPost2010PropOp31
 70
     1
102
RTVSPost2010Prop32
280
     0
102
RTVSPost2010PropOp32
 70
     1
102
RTVSPost2010Prop33
280
     0
102
RTVSPost2010PropOp33
 70
     1
102
RTVSPost2010Prop34
280
     0
102
RTVSPost2010PropOp34
 70
     1
102
RTVSPost2010Prop35
280
     0
102
RTVSPost2010PropOp35
 70
     1
102
RTVSPost2010Prop36
280
     0
102
RTVSPost2010PropOp36
 70
     1
102
RTVSPost2010Prop37
 90
       50
102
RTVSPost2010PropOp37
 70
     1
102
RTVSPost2010Prop38
140
0.0
102
RTVSPost2010PropOp38
 70
     1
102
RTVSPost2010Prop39
140
1.0
102
RTVSPost2010PropOp39
 70
     1
102
RTVSPost2010Prop40
 90
        0
102
RTVSPost2010PropOp40
 70
     1
102
RTVSPost2010Prop41ColorIndex
 90
       18
102
RTVSPost2010Prop41ColorRGB
 90
        0
102
RTVSPost2010PropOp41
 70
     1
102
RTVSPost2010Prop42
 90
       50
102
RTVSPost2010PropOp42
 70
     1
102
RTVSPost2010Prop43
 90
        3
102
RTVSPost2010PropOp43
 70
     1
102
RTVSPost2010Prop44ColorIndex
 90
        5
102
RTVSPost2010Prop44ColorRGB
 90
      255
102
RTVSPost2010PropOp44
 70
     1
102
RTVSPost2010Prop45
280
     0
102
RTVSPost2010PropOp45
 70
     1
102
RTVSPost2010Prop46
 90
       50
102
RTVSPost2010PropOp46
 70
     1
102
RTVSPost2010Prop47
 90
       50
102
RTVSPost2010PropOp47
 70
     1
102
RTVSPost2010Prop48
 90
       50
102
RTVSPost2010PropOp48
 70
     1
102
RTVSPost2010Prop49
280
     0
102
RTVSPost2010PropOp49
 70
     1
102
RTVSPost2010Prop50
 90
       50
102
RTVSPost2010PropOp50
 70
     1
102
RTVSPost2010Prop51ColorIndex
 90
      256
102
RTVSPost2010Prop51ColorRGB
 90
-16777216
102
RTVSPost2010PropOp51
 70
     0
102
RTVSPost2010Prop52
140
1.0
102
RTVSPost2010PropOp52
 70
     0
102
RTVSPost2010Prop53
 90
        2
102
RTVSPost2010PropOp53
 70
     1
102
RTVSPost2010Prop54
  1
strokes_ogs.tif
102
RTVSPost2010PropOp54
 70
     1
102
RTVSPost2010Prop55
280
     0
102
RTVSPost2010PropOp55
 70
     1
102
RTVSPost2010Prop56
140
1.0
102
RTVSPost2010PropOp56
 70
     1
102
RTVSPost2010Prop57
140
1.0
102
RTVSPost2010PropOp57
 70
     1
  0
XRECORD
  5
566
102
{ACAD_REACTORS
330
565
102
}
330
565
100
AcDbXrecord
280
     1
102
RTVSPost2010Prop28
280
     0
102
RTVSPost2010PropOp28
 70
     1
102
RTVSPost2010Prop29
280
     1
102
RTVSPost2010PropOp29
 70
     1
102
RTVSPost2010Prop30
280
     1
102
RTVSPost2010PropOp30
 70
     1
102
RTVSPost2010Prop31
280
     0
102
RTVSPost2010PropOp31
 70
     1
102
RTVSPost2010Prop32
280
     0
102
RTVSPost2010PropOp32
 70
     1
102
RTVSPost2010Prop33
280
     0
102
RTVSPost2010PropOp33
 70
     1
102
RTVSPost2010Prop34
280
     0
102
RTVSPost2010PropOp34
 70
     1
102
RTVSPost2010Prop35
280
     0
102
RTVSPost2010PropOp35
 70
     1
102
RTVSPost2010Prop36
280
     0
102
RTVSPost2010PropOp36
 70
     1
102
RTVSPost2010Prop37
 90
       50
102
RTVSPost2010PropOp37
 70
     1
102
RTVSPost2010Prop38
140
0.0
102
RTVSPost2010PropOp38
 70
     1
102
RTVSPost2010Prop39
140
1.0
102
RTVSPost2010PropOp39
 70
     1
102
RTVSPost2010Prop40
 90
        0
102
RTVSPost2010PropOp40
 70
     1
102
RTVSPost2010Prop41ColorIndex
 90
       18
102
RTVSPost2010Prop41ColorRGB
 90
        0
102
RTVSPost2010PropOp41
 70
     1
102
RTVSPost2010Prop42
 90
       50
102
RTVSPost2010PropOp42
 70
     1
102
RTVSPost2010Prop43
 90
        3
102
RTVSPost2010PropOp43
 70
     1
102
RTVSPost2010Prop44ColorIndex
 90
        5
102
RTVSPost2010Prop44ColorRGB
 90
      255
102
RTVSPost2010PropOp44
 70
     1
102
RTVSPost2010Prop45
280
     0
102
RTVSPost2010PropOp45
 70
     1
102
RTVSPost2010Prop46
 90
       50
102
RTVSPost2010PropOp46
 70
     1
102
RTVSPost2010Prop47
 90
       50
102
RTVSPost2010PropOp47
 70
     1
102
RTVSPost2010Prop48
 90
       50
102
RTVSPost2010PropOp48
 70
     1
102
RTVSPost2010Prop49
280
     0
102
RTVSPost2010PropOp49
 70
     1
102
RTVSPost2010Prop50
 90
       50
102
RTVSPost2010PropOp50
 70
     1
102
RTVSPost2010Prop51ColorIndex
 90
      256
102
RTVSPost2010Prop51ColorRGB
 90
-16777216
102
RTVSPost2010PropOp51
 70
     0
102
RTVSPost2010Prop52
140
1.0
102
RTVSPost2010PropOp52
 70
     0
102
RTVSPost2010Prop53
 90
        2
102
RTVSPost2010PropOp53
 70
     1
102
RTVSPost2010Prop54
  1
strokes_ogs.tif
102
RTVSPost2010PropOp54
 70
     1
102
RTVSPost2010Prop55
280
     0
102
RTVSPost2010PropOp55
 70
     1
102
RTVSPost2010Prop56
140
1.0
102
RTVSPost2010PropOp56
 70
     1
102
RTVSPost2010Prop57
140
1.0
102
RTVSPost2010PropOp57
 70
     1
  0
XRECORD
  5
576
102
{ACAD_REACTORS
330
575
102
}
330
575
100
AcDbXrecord
280
     1
102
RTVSPost2010Prop28
280
     0
102
RTVSPost2010PropOp28
 70
     0
102
RTVSPost2010Prop29
280
     1
102
RTVSPost2010PropOp29
 70
     0
102
RTVSPost2010Prop30
280
     1
102
RTVSPost2010PropOp30
 70
     0
102
RTVSPost2010Prop31
280
     0
102
RTVSPost2010PropOp31
 70
     0
102
RTVSPost2010Prop32
280
     0
102
RTVSPost2010PropOp32
 70
     0
102
RTVSPost2010Prop33
280
     0
102
RTVSPost2010PropOp33
 70
     0
102
RTVSPost2010Prop34
280
     0
102
RTVSPost2010PropOp34
 70
     0
102
RTVSPost2010Prop35
280
     0
102
RTVSPost2010PropOp35
 70
     0
102
RTVSPost2010Prop36
280
     0
102
RTVSPost2010PropOp36
 70
     0
102
RTVSPost2010Prop37
 90
       50
102
RTVSPost2010PropOp37
 70
     0
102
RTVSPost2010Prop38
140
0.0
102
RTVSPost2010PropOp38
 70
     0
102
RTVSPost2010Prop39
140
1.0
102
RTVSPost2010PropOp39
 70
     0
102
RTVSPost2010Prop40
 90
        0
102
RTVSPost2010PropOp40
 70
     0
102
RTVSPost2010Prop41ColorIndex
 90
       18
102
RTVSPost2010Prop41ColorRGB
 90
        0
102
RTVSPost2010PropOp41
 70
     0
102
RTVSPost2010Prop42
 90
       50
102
RTVSPost2010PropOp42
 70
     0
102
RTVSPost2010Prop43
 90
        3
102
RTVSPost2010PropOp43
 70
     0
102
RTVSPost2010Prop44ColorIndex
 90
        5
102
RTVSPost2010Prop44ColorRGB
 90
      255
102
RTVSPost2010PropOp44
 70
     0
102
RTVSPost2010Prop45
280
     0
102
RTVSPost2010PropOp45
 70
     0
102
RTVSPost2010Prop46
 90
       50
102
RTVSPost2010PropOp46
 70
     0
102
RTVSPost2010Prop47
 90
       50
102
RTVSPost2010PropOp47
 70
     0
102
RTVSPost2010Prop48
 90
       50
102
RTVSPost2010PropOp48
 70
     0
102
RTVSPost2010Prop49
280
     0
102
RTVSPost2010PropOp49
 70
     0
102
RTVSPost2010Prop50
 90
       50
102
RTVSPost2010PropOp50
 70
     0
102
RTVSPost2010Prop51ColorIndex
 90
      256
102
RTVSPost2010Prop51ColorRGB
 90
-16777216
102
RTVSPost2010PropOp51
 70
     0
102
RTVSPost2010Prop52
140
1.0
102
RTVSPost2010PropOp52
 70
     0
102
RTVSPost2010Prop53
 90
        2
102
RTVSPost2010PropOp53
 70
     0
102
RTVSPost2010Prop54
  1
strokes_ogs.tif
102
RTVSPost2010PropOp54
 70
     0
102
RTVSPost2010Prop55
280
     0
102
RTVSPost2010PropOp55
 70
     0
102
RTVSPost2010Prop56
140
1.0
102
RTVSPost2010PropOp56
 70
     0
102
RTVSPost2010Prop57
140
1.0
102
RTVSPost2010PropOp57
 70
     0
  0
XRECORD
  5
56E
102
{ACAD_REACTORS
330
56D
102
}
330
56D
100
AcDbXrecord
280
     1
102
RTVSPost2010Prop28
280
     0
102
RTVSPost2010PropOp28
 70
     1
102
RTVSPost2010Prop29
280
     1
102
RTVSPost2010PropOp29
 70
     1
102
RTVSPost2010Prop30
280
     1
102
RTVSPost2010PropOp30
 70
     1
102
RTVSPost2010Prop31
280
     0
102
RTVSPost2010PropOp31
 70
     1
102
RTVSPost2010Prop32
280
     0
102
RTVSPost2010PropOp32
 70
     1
102
RTVSPost2010Prop33
280
     0
102
RTVSPost2010PropOp33
 70
     1
102
RTVSPost2010Prop34
280
     0
102
RTVSPost2010PropOp34
 70
     1
102
RTVSPost2010Prop35
280
     0
102
RTVSPost2010PropOp35
 70
     1
102
RTVSPost2010Prop36
280
     0
102
RTVSPost2010PropOp36
 70
     1
102
RTVSPost2010Prop37
 90
       50
102
RTVSPost2010PropOp37
 70
     1
102
RTVSPost2010Prop38
140
0.0
102
RTVSPost2010PropOp38
 70
     1
102
RTVSPost2010Prop39
140
1.0
102
RTVSPost2010PropOp39
 70
     1
102
RTVSPost2010Prop40
 90
        0
102
RTVSPost2010PropOp40
 70
     1
102
RTVSPost2010Prop41ColorIndex
 90
       18
102
RTVSPost2010Prop41ColorRGB
 90
        0
102
RTVSPost2010PropOp41
 70
     1
102
RTVSPost2010Prop42
 90
       50
102
RTVSPost2010PropOp42
 70
     1
102
RTVSPost2010Prop43
 90
        3
102
RTVSPost2010PropOp43
 70
     1
102
RTVSPost2010Prop44ColorIndex
 90
        5
102
RTVSPost2010Prop44ColorRGB
 90
      255
102
RTVSPost2010PropOp44
 70
     1
102
RTVSPost2010Prop45
280
     0
102
RTVSPost2010PropOp45
 70
     1
102
RTVSPost2010Prop46
 90
       50
102
RTVSPost2010PropOp46
 70
     1
102
RTVSPost2010Prop47
 90
       50
102
RTVSPost2010PropOp47
 70
     1
102
RTVSPost2010Prop48
 90
       50
102
RTVSPost2010PropOp48
 70
     1
102
RTVSPost2010Prop49
280
     0
102
RTVSPost2010PropOp49
 70
     1
102
RTVSPost2010Prop50
 90
       50
102
RTVSPost2010PropOp50
 70
     1
102
RTVSPost2010Prop51ColorIndex
 90
      256
102
RTVSPost2010Prop51ColorRGB
 90
-16777216
102
RTVSPost2010PropOp51
 70
     0
102
RTVSPost2010Prop52
140
1.0
102
RTVSPost2010PropOp52
 70
     0
102
RTVSPost2010Prop53
 90
        2
102
RTVSPost2010PropOp53
 70
     1
102
RTVSPost2010Prop54
  1
strokes_ogs.tif
102
RTVSPost2010PropOp54
 70
     1
102
RTVSPost2010Prop55
280
     0
102
RTVSPost2010PropOp55
 70
     1
102
RTVSPost2010Prop56
140
1.0
102
RTVSPost2010PropOp56
 70
     1
102
RTVSPost2010Prop57
140
1.0
102
RTVSPost2010PropOp57
 70
     1
  0
XRECORD
  5
552
102
{ACAD_REACTORS
330
551
102
}
330
551
100
AcDbXrecord
280
     1
102
RTVSPost2010Prop28
280
     0
102
RTVSPost2010PropOp28
 70
     1
102
RTVSPost2010Prop29
280
     1
102
RTVSPost2010PropOp29
 70
     1
102
RTVSPost2010Prop30
280
     1
102
RTVSPost2010PropOp30
 70
     1
102
RTVSPost2010Prop31
280
     0
102
RTVSPost2010PropOp31
 70
     1
102
RTVSPost2010Prop32
280
     0
102
RTVSPost2010PropOp32
 70
     1
102
RTVSPost2010Prop33
280
     0
102
RTVSPost2010PropOp33
 70
     1
102
RTVSPost2010Prop34
280
     0
102
RTVSPost2010PropOp34
 70
     1
102
RTVSPost2010Prop35
280
     0
102
RTVSPost2010PropOp35
 70
     1
102
RTVSPost2010Prop36
280
     0
102
RTVSPost2010PropOp36
 70
     1
102
RTVSPost2010Prop37
 90
       50
102
RTVSPost2010PropOp37
 70
     1
102
RTVSPost2010Prop38
140
0.0
102
RTVSPost2010PropOp38
 70
     1
102
RTVSPost2010Prop39
140
1.0
102
RTVSPost2010PropOp39
 70
     1
102
RTVSPost2010Prop40
 90
        0
102
RTVSPost2010PropOp40
 70
     1
102
RTVSPost2010Prop41ColorIndex
 90
       18
102
RTVSPost2010Prop41ColorRGB
 90
        0
102
RTVSPost2010PropOp41
 70
     1
102
RTVSPost2010Prop42
 90
       50
102
RTVSPost2010PropOp42
 70
     1
102
RTVSPost2010Prop43
 90
        3
102
RTVSPost2010PropOp43
 70
     1
102
RTVSPost2010Prop44ColorIndex
 90
        5
102
RTVSPost2010Prop44ColorRGB
 90
      255
102
RTVSPost2010PropOp44
 70
     1
102
RTVSPost2010Prop45
280
     0
102
RTVSPost2010PropOp45
 70
     1
102
RTVSPost2010Prop46
 90
       50
102
RTVSPost2010PropOp46
 70
     1
102
RTVSPost2010Prop47
 90
       50
102
RTVSPost2010PropOp47
 70
     1
102
RTVSPost2010Prop48
 90
       50
102
RTVSPost2010PropOp48
 70
     1
102
RTVSPost2010Prop49
280
     0
102
RTVSPost2010PropOp49
 70
     1
102
RTVSPost2010Prop50
 90
       50
102
RTVSPost2010PropOp50
 70
     1
102
RTVSPost2010Prop51ColorIndex
 90
      256
102
RTVSPost2010Prop51ColorRGB
 90
-16777216
102
RTVSPost2010PropOp51
 70
     0
102
RTVSPost2010Prop52
140
1.0
102
RTVSPost2010PropOp52
 70
     0
102
RTVSPost2010Prop53
 90
        2
102
RTVSPost2010PropOp53
 70
     1
102
RTVSPost2010Prop54
  1
strokes_ogs.tif
102
RTVSPost2010PropOp54
 70
     1
102
RTVSPost2010Prop55
280
     0
102
RTVSPost2010PropOp55
 70
     1
102
RTVSPost2010Prop56
140
1.0
102
RTVSPost2010PropOp56
 70
     1
102
RTVSPost2010Prop57
140
1.0
102
RTVSPost2010PropOp57
 70
     1
  0
XRECORD
  5
554
102
{ACAD_REACTORS
330
553
102
}
330
553
100
AcDbXrecord
280
     1
102
RTVSPost2010Prop28
280
     0
102
RTVSPost2010PropOp28
 70
     1
102
RTVSPost2010Prop29
280
     1
102
RTVSPost2010PropOp29
 70
     1
102
RTVSPost2010Prop30
280
     1
102
RTVSPost2010PropOp30
 70
     1
102
RTVSPost2010Prop31
280
     0
102
RTVSPost2010PropOp31
 70
     1
102
RTVSPost2010Prop32
280
     0
102
RTVSPost2010PropOp32
 70
     1
102
RTVSPost2010Prop33
280
     0
102
RTVSPost2010PropOp33
 70
     1
102
RTVSPost2010Prop34
280
     0
102
RTVSPost2010PropOp34
 70
     1
102
RTVSPost2010Prop35
280
     0
102
RTVSPost2010PropOp35
 70
     1
102
RTVSPost2010Prop36
280
     0
102
RTVSPost2010PropOp36
 70
     1
102
RTVSPost2010Prop37
 90
       50
102
RTVSPost2010PropOp37
 70
     1
102
RTVSPost2010Prop38
140
0.0
102
RTVSPost2010PropOp38
 70
     1
102
RTVSPost2010Prop39
140
1.0
102
RTVSPost2010PropOp39
 70
     1
102
RTVSPost2010Prop40
 90
        0
102
RTVSPost2010PropOp40
 70
     1
102
RTVSPost2010Prop41ColorIndex
 90
       18
102
RTVSPost2010Prop41ColorRGB
 90
        0
102
RTVSPost2010PropOp41
 70
     1
102
RTVSPost2010Prop42
 90
       50
102
RTVSPost2010PropOp42
 70
     1
102
RTVSPost2010Prop43
 90
        3
102
RTVSPost2010PropOp43
 70
     1
102
RTVSPost2010Prop44ColorIndex
 90
        5
102
RTVSPost2010Prop44ColorRGB
 90
      255
102
RTVSPost2010PropOp44
 70
     1
102
RTVSPost2010Prop45
280
     0
102
RTVSPost2010PropOp45
 70
     1
102
RTVSPost2010Prop46
 90
       50
102
RTVSPost2010PropOp46
 70
     1
102
RTVSPost2010Prop47
 90
       50
102
RTVSPost2010PropOp47
 70
     1
102
RTVSPost2010Prop48
 90
       50
102
RTVSPost2010PropOp48
 70
     1
102
RTVSPost2010Prop49
280
     0
102
RTVSPost2010PropOp49
 70
     1
102
RTVSPost2010Prop50
 90
       50
102
RTVSPost2010PropOp50
 70
     1
102
RTVSPost2010Prop51ColorIndex
 90
      256
102
RTVSPost2010Prop51ColorRGB
 90
-16777216
102
RTVSPost2010PropOp51
 70
     0
102
RTVSPost2010Prop52
140
1.0
102
RTVSPost2010PropOp52
 70
     0
102
RTVSPost2010Prop53
 90
        2
102
RTVSPost2010PropOp53
 70
     1
102
RTVSPost2010Prop54
  1
strokes_ogs.tif
102
RTVSPost2010PropOp54
 70
     1
102
RTVSPost2010Prop55
280
     0
102
RTVSPost2010PropOp55
 70
     1
102
RTVSPost2010Prop56
140
1.0
102
RTVSPost2010PropOp56
 70
     1
102
RTVSPost2010Prop57
140
1.0
102
RTVSPost2010PropOp57
 70
     1
  0
XRECORD
  5
556
102
{ACAD_REACTORS
330
555
102
}
330
555
100
AcDbXrecord
280
     1
102
RTVSPost2010Prop28
280
     0
102
RTVSPost2010PropOp28
 70
     1
102
RTVSPost2010Prop29
280
     1
102
RTVSPost2010PropOp29
 70
     1
102
RTVSPost2010Prop30
280
     1
102
RTVSPost2010PropOp30
 70
     1
102
RTVSPost2010Prop31
280
     0
102
RTVSPost2010PropOp31
 70
     1
102
RTVSPost2010Prop32
280
     0
102
RTVSPost2010PropOp32
 70
     1
102
RTVSPost2010Prop33
280
     0
102
RTVSPost2010PropOp33
 70
     1
102
RTVSPost2010Prop34
280
     0
102
RTVSPost2010PropOp34
 70
     1
102
RTVSPost2010Prop35
280
     0
102
RTVSPost2010PropOp35
 70
     1
102
RTVSPost2010Prop36
280
     0
102
RTVSPost2010PropOp36
 70
     1
102
RTVSPost2010Prop37
 90
       50
102
RTVSPost2010PropOp37
 70
     1
102
RTVSPost2010Prop38
140
0.0
102
RTVSPost2010PropOp38
 70
     1
102
RTVSPost2010Prop39
140
1.0
102
RTVSPost2010PropOp39
 70
     1
102
RTVSPost2010Prop40
 90
        0
102
RTVSPost2010PropOp40
 70
     1
102
RTVSPost2010Prop41ColorIndex
 90
       18
102
RTVSPost2010Prop41ColorRGB
 90
        0
102
RTVSPost2010PropOp41
 70
     1
102
RTVSPost2010Prop42
 90
       50
102
RTVSPost2010PropOp42
 70
     1
102
RTVSPost2010Prop43
 90
        3
102
RTVSPost2010PropOp43
 70
     1
102
RTVSPost2010Prop44ColorIndex
 90
        5
102
RTVSPost2010Prop44ColorRGB
 90
      255
102
RTVSPost2010PropOp44
 70
     1
102
RTVSPost2010Prop45
280
     0
102
RTVSPost2010PropOp45
 70
     1
102
RTVSPost2010Prop46
 90
       50
102
RTVSPost2010PropOp46
 70
     1
102
RTVSPost2010Prop47
 90
       50
102
RTVSPost2010PropOp47
 70
     1
102
RTVSPost2010Prop48
 90
       50
102
RTVSPost2010PropOp48
 70
     1
102
RTVSPost2010Prop49
280
     0
102
RTVSPost2010PropOp49
 70
     1
102
RTVSPost2010Prop50
 90
       50
102
RTVSPost2010PropOp50
 70
     1
102
RTVSPost2010Prop51ColorIndex
 90
      256
102
RTVSPost2010Prop51ColorRGB
 90
-16777216
102
RTVSPost2010PropOp51
 70
     0
102
RTVSPost2010Prop52
140
1.0
102
RTVSPost2010PropOp52
 70
     0
102
RTVSPost2010Prop53
 90
        2
102
RTVSPost2010PropOp53
 70
     1
102
RTVSPost2010Prop54
  1
strokes_ogs.tif
102
RTVSPost2010PropOp54
 70
     1
102
RTVSPost2010Prop55
280
     0
102
RTVSPost2010PropOp55
 70
     1
102
RTVSPost2010Prop56
140
1.0
102
RTVSPost2010PropOp56
 70
     1
102
RTVSPost2010Prop57
140
1.0
102
RTVSPost2010PropOp57
 70
     1
  0
XRECORD
  5
558
102
{ACAD_REACTORS
330
557
102
}
330
557
100
AcDbXrecord
280
     1
102
RTVSPost2010Prop28
280
     0
102
RTVSPost2010PropOp28
 70
     1
102
RTVSPost2010Prop29
280
     1
102
RTVSPost2010PropOp29
 70
     1
102
RTVSPost2010Prop30
280
     1
102
RTVSPost2010PropOp30
 70
     1
102
RTVSPost2010Prop31
280
     0
102
RTVSPost2010PropOp31
 70
     1
102
RTVSPost2010Prop32
280
     0
102
RTVSPost2010PropOp32
 70
     1
102
RTVSPost2010Prop33
280
     0
102
RTVSPost2010PropOp33
 70
     1
102
RTVSPost2010Prop34
280
     0
102
RTVSPost2010PropOp34
 70
     1
102
RTVSPost2010Prop35
280
     0
102
RTVSPost2010PropOp35
 70
     1
102
RTVSPost2010Prop36
280
     0
102
RTVSPost2010PropOp36
 70
     1
102
RTVSPost2010Prop37
 90
       50
102
RTVSPost2010PropOp37
 70
     1
102
RTVSPost2010Prop38
140
0.0
102
RTVSPost2010PropOp38
 70
     1
102
RTVSPost2010Prop39
140
1.0
102
RTVSPost2010PropOp39
 70
     1
102
RTVSPost2010Prop40
 90
        0
102
RTVSPost2010PropOp40
 70
     1
102
RTVSPost2010Prop41ColorIndex
 90
       18
102
RTVSPost2010Prop41ColorRGB
 90
        0
102
RTVSPost2010PropOp41
 70
     1
102
RTVSPost2010Prop42
 90
       50
102
RTVSPost2010PropOp42
 70
     1
102
RTVSPost2010Prop43
 90
        3
102
RTVSPost2010PropOp43
 70
     1
102
RTVSPost2010Prop44ColorIndex
 90
        5
102
RTVSPost2010Prop44ColorRGB
 90
      255
102
RTVSPost2010PropOp44
 70
     1
102
RTVSPost2010Prop45
280
     0
102
RTVSPost2010PropOp45
 70
     1
102
RTVSPost2010Prop46
 90
       50
102
RTVSPost2010PropOp46
 70
     1
102
RTVSPost2010Prop47
 90
       50
102
RTVSPost2010PropOp47
 70
     1
102
RTVSPost2010Prop48
 90
       50
102
RTVSPost2010PropOp48
 70
     1
102
RTVSPost2010Prop49
280
     0
102
RTVSPost2010PropOp49
 70
     1
102
RTVSPost2010Prop50
 90
       50
102
RTVSPost2010PropOp50
 70
     1
102
RTVSPost2010Prop51ColorIndex
 90
      256
102
RTVSPost2010Prop51ColorRGB
 90
-16777216
102
RTVSPost2010PropOp51
 70
     0
102
RTVSPost2010Prop52
140
1.0
102
RTVSPost2010PropOp52
 70
     0
102
RTVSPost2010Prop53
 90
        2
102
RTVSPost2010PropOp53
 70
     1
102
RTVSPost2010Prop54
  1
strokes_ogs.tif
102
RTVSPost2010PropOp54
 70
     1
102
RTVSPost2010Prop55
280
     0
102
RTVSPost2010PropOp55
 70
     1
102
RTVSPost2010Prop56
140
1.0
102
RTVSPost2010PropOp56
 70
     1
102
RTVSPost2010Prop57
140
1.0
102
RTVSPost2010PropOp57
 70
     1
  0
XRECORD
  5
55E
102
{ACAD_REACTORS
330
55D
102
}
330
55D
100
AcDbXrecord
280
     1
102
RTVSPost2010Prop28
280
     0
102
RTVSPost2010PropOp28
 70
     1
102
RTVSPost2010Prop29
280
     1
102
RTVSPost2010PropOp29
 70
     1
102
RTVSPost2010Prop30
280
     1
102
RTVSPost2010PropOp30
 70
     1
102
RTVSPost2010Prop31
280
     0
102
RTVSPost2010PropOp31
 70
     1
102
RTVSPost2010Prop32
280
     0
102
RTVSPost2010PropOp32
 70
     1
102
RTVSPost2010Prop33
280
     0
102
RTVSPost2010PropOp33
 70
     1
102
RTVSPost2010Prop34
280
     0
102
RTVSPost2010PropOp34
 70
     1
102
RTVSPost2010Prop35
280
     0
102
RTVSPost2010PropOp35
 70
     1
102
RTVSPost2010Prop36
280
     0
102
RTVSPost2010PropOp36
 70
     1
102
RTVSPost2010Prop37
 90
       50
102
RTVSPost2010PropOp37
 70
     1
102
RTVSPost2010Prop38
140
0.0
102
RTVSPost2010PropOp38
 70
     1
102
RTVSPost2010Prop39
140
1.0
102
RTVSPost2010PropOp39
 70
     1
102
RTVSPost2010Prop40
 90
        0
102
RTVSPost2010PropOp40
 70
     1
102
RTVSPost2010Prop41ColorIndex
 90
       18
102
RTVSPost2010Prop41ColorRGB
 90
        0
102
RTVSPost2010PropOp41
 70
     1
102
RTVSPost2010Prop42
 90
       50
102
RTVSPost2010PropOp42
 70
     1
102
RTVSPost2010Prop43
 90
        3
102
RTVSPost2010PropOp43
 70
     1
102
RTVSPost2010Prop44ColorIndex
 90
        5
102
RTVSPost2010Prop44ColorRGB
 90
      255
102
RTVSPost2010PropOp44
 70
     1
102
RTVSPost2010Prop45
280
     0
102
RTVSPost2010PropOp45
 70
     1
102
RTVSPost2010Prop46
 90
       50
102
RTVSPost2010PropOp46
 70
     1
102
RTVSPost2010Prop47
 90
       50
102
RTVSPost2010PropOp47
 70
     1
102
RTVSPost2010Prop48
 90
       50
102
RTVSPost2010PropOp48
 70
     1
102
RTVSPost2010Prop49
280
     0
102
RTVSPost2010PropOp49
 70
     1
102
RTVSPost2010Prop50
 90
       50
102
RTVSPost2010PropOp50
 70
     1
102
RTVSPost2010Prop51ColorIndex
 90
      256
102
RTVSPost2010Prop51ColorRGB
 90
-16777216
102
RTVSPost2010PropOp51
 70
     0
102
RTVSPost2010Prop52
140
1.0
102
RTVSPost2010PropOp52
 70
     0
102
RTVSPost2010Prop53
 90
        2
102
RTVSPost2010PropOp53
 70
     1
102
RTVSPost2010Prop54
  1
strokes_ogs.tif
102
RTVSPost2010PropOp54
 70
     1
102
RTVSPost2010Prop55
280
     0
102
RTVSPost2010PropOp55
 70
     1
102
RTVSPost2010Prop56
140
1.0
102
RTVSPost2010PropOp56
 70
     1
102
RTVSPost2010Prop57
140
1.0
102
RTVSPost2010PropOp57
 70
     1
  0
XRECORD
  5
572
102
{ACAD_REACTORS
330
571
102
}
330
571
100
AcDbXrecord
280
     1
102
RTVSPost2010Prop28
280
     0
102
RTVSPost2010PropOp28
 70
     0
102
RTVSPost2010Prop29
280
     1
102
RTVSPost2010PropOp29
 70
     0
102
RTVSPost2010Prop30
280
     1
102
RTVSPost2010PropOp30
 70
     0
102
RTVSPost2010Prop31
280
     0
102
RTVSPost2010PropOp31
 70
     0
102
RTVSPost2010Prop32
280
     0
102
RTVSPost2010PropOp32
 70
     0
102
RTVSPost2010Prop33
280
     0
102
RTVSPost2010PropOp33
 70
     0
102
RTVSPost2010Prop34
280
     0
102
RTVSPost2010PropOp34
 70
     0
102
RTVSPost2010Prop35
280
     0
102
RTVSPost2010PropOp35
 70
     0
102
RTVSPost2010Prop36
280
     0
102
RTVSPost2010PropOp36
 70
     0
102
RTVSPost2010Prop37
 90
       50
102
RTVSPost2010PropOp37
 70
     0
102
RTVSPost2010Prop38
140
0.0
102
RTVSPost2010PropOp38
 70
     0
102
RTVSPost2010Prop39
140
1.0
102
RTVSPost2010PropOp39
 70
     0
102
RTVSPost2010Prop40
 90
        0
102
RTVSPost2010PropOp40
 70
     0
102
RTVSPost2010Prop41ColorIndex
 90
       18
102
RTVSPost2010Prop41ColorRGB
 90
        0
102
RTVSPost2010PropOp41
 70
     0
102
RTVSPost2010Prop42
 90
       50
102
RTVSPost2010PropOp42
 70
     0
102
RTVSPost2010Prop43
 90
        3
102
RTVSPost2010PropOp43
 70
     0
102
RTVSPost2010Prop44ColorIndex
 90
        5
102
RTVSPost2010Prop44ColorRGB
 90
      255
102
RTVSPost2010PropOp44
 70
     0
102
RTVSPost2010Prop45
280
     0
102
RTVSPost2010PropOp45
 70
     0
102
RTVSPost2010Prop46
 90
       50
102
RTVSPost2010PropOp46
 70
     0
102
RTVSPost2010Prop47
 90
       50
102
RTVSPost2010PropOp47
 70
     0
102
RTVSPost2010Prop48
 90
       50
102
RTVSPost2010PropOp48
 70
     0
102
RTVSPost2010Prop49
280
     0
102
RTVSPost2010PropOp49
 70
     0
102
RTVSPost2010Prop50
 90
       50
102
RTVSPost2010PropOp50
 70
     0
102
RTVSPost2010Prop51ColorIndex
 90
      256
102
RTVSPost2010Prop51ColorRGB
 90
-16777216
102
RTVSPost2010PropOp51
 70
     0
102
RTVSPost2010Prop52
140
1.0
102
RTVSPost2010PropOp52
 70
     0
102
RTVSPost2010Prop53
 90
        2
102
RTVSPost2010PropOp53
 70
     0
102
RTVSPost2010Prop54
  1
strokes_ogs.tif
102
RTVSPost2010PropOp54
 70
     0
102
RTVSPost2010Prop55
280
     0
102
RTVSPost2010PropOp55
 70
     0
102
RTVSPost2010Prop56
140
1.0
102
RTVSPost2010PropOp56
 70
     0
102
RTVSPost2010Prop57
140
1.0
102
RTVSPost2010PropOp57
 70
     0
  0
XRECORD
  5
56C
102
{ACAD_REACTORS
330
56B
102
}
330
56B
100
AcDbXrecord
280
     1
102
RTVSPost2010Prop28
280
     0
102
RTVSPost2010PropOp28
 70
     1
102
RTVSPost2010Prop29
280
     1
102
RTVSPost2010PropOp29
 70
     1
102
RTVSPost2010Prop30
280
     1
102
RTVSPost2010PropOp30
 70
     1
102
RTVSPost2010Prop31
280
     0
102
RTVSPost2010PropOp31
 70
     1
102
RTVSPost2010Prop32
280
     0
102
RTVSPost2010PropOp32
 70
     1
102
RTVSPost2010Prop33
280
     0
102
RTVSPost2010PropOp33
 70
     1
102
RTVSPost2010Prop34
280
     0
102
RTVSPost2010PropOp34
 70
     1
102
RTVSPost2010Prop35
280
     0
102
RTVSPost2010PropOp35
 70
     1
102
RTVSPost2010Prop36
280
     0
102
RTVSPost2010PropOp36
 70
     1
102
RTVSPost2010Prop37
 90
       50
102
RTVSPost2010PropOp37
 70
     1
102
RTVSPost2010Prop38
140
0.0
102
RTVSPost2010PropOp38
 70
     1
102
RTVSPost2010Prop39
140
1.0
102
RTVSPost2010PropOp39
 70
     1
102
RTVSPost2010Prop40
 90
        0
102
RTVSPost2010PropOp40
 70
     1
102
RTVSPost2010Prop41ColorIndex
 90
       18
102
RTVSPost2010Prop41ColorRGB
 90
        0
102
RTVSPost2010PropOp41
 70
     1
102
RTVSPost2010Prop42
 90
       50
102
RTVSPost2010PropOp42
 70
     1
102
RTVSPost2010Prop43
 90
        3
102
RTVSPost2010PropOp43
 70
     1
102
RTVSPost2010Prop44ColorIndex
 90
        5
102
RTVSPost2010Prop44ColorRGB
 90
      255
102
RTVSPost2010PropOp44
 70
     1
102
RTVSPost2010Prop45
280
     0
102
RTVSPost2010PropOp45
 70
     1
102
RTVSPost2010Prop46
 90
       50
102
RTVSPost2010PropOp46
 70
     1
102
RTVSPost2010Prop47
 90
       50
102
RTVSPost2010PropOp47
 70
     1
102
RTVSPost2010Prop48
 90
       50
102
RTVSPost2010PropOp48
 70
     1
102
RTVSPost2010Prop49
280
     0
102
RTVSPost2010PropOp49
 70
     1
102
RTVSPost2010Prop50
 90
       50
102
RTVSPost2010PropOp50
 70
     1
102
RTVSPost2010Prop51ColorIndex
 90
      256
102
RTVSPost2010Prop51ColorRGB
 90
-16777216
102
RTVSPost2010PropOp51
 70
     0
102
RTVSPost2010Prop52
140
1.0
102
RTVSPost2010PropOp52
 70
     0
102
RTVSPost2010Prop53
 90
        2
102
RTVSPost2010PropOp53
 70
     1
102
RTVSPost2010Prop54
  1
strokes_ogs.tif
102
RTVSPost2010PropOp54
 70
     1
102
RTVSPost2010Prop55
280
     0
102
RTVSPost2010PropOp55
 70
     1
102
RTVSPost2010Prop56
140
1.0
102
RTVSPost2010PropOp56
 70
     1
102
RTVSPost2010Prop57
140
1.0
102
RTVSPost2010PropOp57
 70
     1
  0
XRECORD
  5
574
102
{ACAD_REACTORS
330
573
102
}
330
573
100
AcDbXrecord
280
     1
102
RTVSPost2010Prop28
280
     0
102
RTVSPost2010PropOp28
 70
     0
102
RTVSPost2010Prop29
280
     1
102
RTVSPost2010PropOp29
 70
     0
102
RTVSPost2010Prop30
280
     1
102
RTVSPost2010PropOp30
 70
     0
102
RTVSPost2010Prop31
280
     0
102
RTVSPost2010PropOp31
 70
     0
102
RTVSPost2010Prop32
280
     0
102
RTVSPost2010PropOp32
 70
     0
102
RTVSPost2010Prop33
280
     0
102
RTVSPost2010PropOp33
 70
     0
102
RTVSPost2010Prop34
280
     0
102
RTVSPost2010PropOp34
 70
     0
102
RTVSPost2010Prop35
280
     0
102
RTVSPost2010PropOp35
 70
     0
102
RTVSPost2010Prop36
280
     0
102
RTVSPost2010PropOp36
 70
     0
102
RTVSPost2010Prop37
 90
       50
102
RTVSPost2010PropOp37
 70
     0
102
RTVSPost2010Prop38
140
0.0
102
RTVSPost2010PropOp38
 70
     0
102
RTVSPost2010Prop39
140
1.0
102
RTVSPost2010PropOp39
 70
     0
102
RTVSPost2010Prop40
 90
        0
102
RTVSPost2010PropOp40
 70
     0
102
RTVSPost2010Prop41ColorIndex
 90
       18
102
RTVSPost2010Prop41ColorRGB
 90
        0
102
RTVSPost2010PropOp41
 70
     0
102
RTVSPost2010Prop42
 90
       50
102
RTVSPost2010PropOp42
 70
     0
102
RTVSPost2010Prop43
 90
        3
102
RTVSPost2010PropOp43
 70
     0
102
RTVSPost2010Prop44ColorIndex
 90
        5
102
RTVSPost2010Prop44ColorRGB
 90
      255
102
RTVSPost2010PropOp44
 70
     0
102
RTVSPost2010Prop45
280
     0
102
RTVSPost2010PropOp45
 70
     0
102
RTVSPost2010Prop46
 90
       50
102
RTVSPost2010PropOp46
 70
     0
102
RTVSPost2010Prop47
 90
       50
102
RTVSPost2010PropOp47
 70
     0
102
RTVSPost2010Prop48
 90
       50
102
RTVSPost2010PropOp48
 70
     0
102
RTVSPost2010Prop49
280
     0
102
RTVSPost2010PropOp49
 70
     0
102
RTVSPost2010Prop50
 90
       50
102
RTVSPost2010PropOp50
 70
     0
102
RTVSPost2010Prop51ColorIndex
 90
      256
102
RTVSPost2010Prop51ColorRGB
 90
-16777216
102
RTVSPost2010PropOp51
 70
     0
102
RTVSPost2010Prop52
140
1.0
102
RTVSPost2010PropOp52
 70
     0
102
RTVSPost2010Prop53
 90
        2
102
RTVSPost2010PropOp53
 70
     0
102
RTVSPost2010Prop54
  1
strokes_ogs.tif
102
RTVSPost2010PropOp54
 70
     0
102
RTVSPost2010Prop55
280
     0
102
RTVSPost2010PropOp55
 70
     0
102
RTVSPost2010Prop56
140
1.0
102
RTVSPost2010PropOp56
 70
     0
102
RTVSPost2010Prop57
140
1.0
102
RTVSPost2010PropOp57
 70
     0
  0
XRECORD
  5
562
102
{ACAD_REACTORS
330
561
102
}
330
561
100
AcDbXrecord
280
     1
102
RTVSPost2010Prop28
280
     0
102
RTVSPost2010PropOp28
 70
     1
102
RTVSPost2010Prop29
280
     1
102
RTVSPost2010PropOp29
 70
     1
102
RTVSPost2010Prop30
280
     1
102
RTVSPost2010PropOp30
 70
     1
102
RTVSPost2010Prop31
280
     0
102
RTVSPost2010PropOp31
 70
     1
102
RTVSPost2010Prop32
280
     0
102
RTVSPost2010PropOp32
 70
     1
102
RTVSPost2010Prop33
280
     0
102
RTVSPost2010PropOp33
 70
     1
102
RTVSPost2010Prop34
280
     0
102
RTVSPost2010PropOp34
 70
     1
102
RTVSPost2010Prop35
280
     0
102
RTVSPost2010PropOp35
 70
     1
102
RTVSPost2010Prop36
280
     0
102
RTVSPost2010PropOp36
 70
     1
102
RTVSPost2010Prop37
 90
       50
102
RTVSPost2010PropOp37
 70
     1
102
RTVSPost2010Prop38
140
0.0
102
RTVSPost2010PropOp38
 70
     1
102
RTVSPost2010Prop39
140
1.0
102
RTVSPost2010PropOp39
 70
     1
102
RTVSPost2010Prop40
 90
        0
102
RTVSPost2010PropOp40
 70
     1
102
RTVSPost2010Prop41ColorIndex
 90
       18
102
RTVSPost2010Prop41ColorRGB
 90
        0
102
RTVSPost2010PropOp41
 70
     1
102
RTVSPost2010Prop42
 90
       50
102
RTVSPost2010PropOp42
 70
     1
102
RTVSPost2010Prop43
 90
        3
102
RTVSPost2010PropOp43
 70
     1
102
RTVSPost2010Prop44ColorIndex
 90
        5
102
RTVSPost2010Prop44ColorRGB
 90
      255
102
RTVSPost2010PropOp44
 70
     1
102
RTVSPost2010Prop45
280
     0
102
RTVSPost2010PropOp45
 70
     1
102
RTVSPost2010Prop46
 90
       50
102
RTVSPost2010PropOp46
 70
     1
102
RTVSPost2010Prop47
 90
       50
102
RTVSPost2010PropOp47
 70
     1
102
RTVSPost2010Prop48
 90
       50
102
RTVSPost2010PropOp48
 70
     1
102
RTVSPost2010Prop49
280
     0
102
RTVSPost2010PropOp49
 70
     1
102
RTVSPost2010Prop50
 90
       50
102
RTVSPost2010PropOp50
 70
     1
102
RTVSPost2010Prop51ColorIndex
 90
      256
102
RTVSPost2010Prop51ColorRGB
 90
-16777216
102
RTVSPost2010PropOp51
 70
     0
102
RTVSPost2010Prop52
140
1.0
102
RTVSPost2010PropOp52
 70
     0
102
RTVSPost2010Prop53
 90
        2
102
RTVSPost2010PropOp53
 70
     1
102
RTVSPost2010Prop54
  1
strokes_ogs.tif
102
RTVSPost2010PropOp54
 70
     1
102
RTVSPost2010Prop55
280
     0
102
RTVSPost2010PropOp55
 70
     1
102
RTVSPost2010Prop56
140
1.0
102
RTVSPost2010PropOp56
 70
     1
102
RTVSPost2010Prop57
140
1.0
102
RTVSPost2010PropOp57
 70
     1
  0
XRECORD
  5
580
102
{ACAD_REACTORS
330
57F
102
}
330
57F
100
AcDbXrecord
280
     1
102
RTVSPost2010Prop28
280
     0
102
RTVSPost2010PropOp28
 70
     1
102
RTVSPost2010Prop29
280
     1
102
RTVSPost2010PropOp29
 70
     1
102
RTVSPost2010Prop30
280
     1
102
RTVSPost2010PropOp30
 70
     1
102
RTVSPost2010Prop31
280
     0
102
RTVSPost2010PropOp31
 70
     1
102
RTVSPost2010Prop32
280
     0
102
RTVSPost2010PropOp32
 70
     1
102
RTVSPost2010Prop33
280
     0
102
RTVSPost2010PropOp33
 70
     1
102
RTVSPost2010Prop34
280
     0
102
RTVSPost2010PropOp34
 70
     1
102
RTVSPost2010Prop35
280
     0
102
RTVSPost2010PropOp35
 70
     1
102
RTVSPost2010Prop36
280
     0
102
RTVSPost2010PropOp36
 70
     1
102
RTVSPost2010Prop37
 90
       50
102
RTVSPost2010PropOp37
 70
     1
102
RTVSPost2010Prop38
140
0.0
102
RTVSPost2010PropOp38
 70
     1
102
RTVSPost2010Prop39
140
1.0
102
RTVSPost2010PropOp39
 70
     1
102
RTVSPost2010Prop40
 90
        0
102
RTVSPost2010PropOp40
 70
     1
102
RTVSPost2010Prop41ColorIndex
 90
       18
102
RTVSPost2010Prop41ColorRGB
 90
        0
102
RTVSPost2010PropOp41
 70
     1
102
RTVSPost2010Prop42
 90
       50
102
RTVSPost2010PropOp42
 70
     1
102
RTVSPost2010Prop43
 90
        3
102
RTVSPost2010PropOp43
 70
     1
102
RTVSPost2010Prop44ColorIndex
 90
        5
102
RTVSPost2010Prop44ColorRGB
 90
      255
102
RTVSPost2010PropOp44
 70
     1
102
RTVSPost2010Prop45
280
     0
102
RTVSPost2010PropOp45
 70
     1
102
RTVSPost2010Prop46
 90
       50
102
RTVSPost2010PropOp46
 70
     1
102
RTVSPost2010Prop47
 90
       50
102
RTVSPost2010PropOp47
 70
     1
102
RTVSPost2010Prop48
 90
       50
102
RTVSPost2010PropOp48
 70
     1
102
RTVSPost2010Prop49
280
     0
102
RTVSPost2010PropOp49
 70
     1
102
RTVSPost2010Prop50
 90
       50
102
RTVSPost2010PropOp50
 70
     1
102
RTVSPost2010Prop51ColorIndex
 90
      256
102
RTVSPost2010Prop51ColorRGB
 90
-16777216
102
RTVSPost2010PropOp51
 70
     0
102
RTVSPost2010Prop52
140
1.0
102
RTVSPost2010PropOp52
 70
     0
102
RTVSPost2010Prop53
 90
        2
102
RTVSPost2010PropOp53
 70
     1
102
RTVSPost2010Prop54
  1
strokes_ogs.tif
102
RTVSPost2010PropOp54
 70
     1
102
RTVSPost2010Prop55
280
     0
102
RTVSPost2010PropOp55
 70
     1
102
RTVSPost2010Prop56
140
1.0
102
RTVSPost2010PropOp56
 70
     1
102
RTVSPost2010Prop57
140
1.0
102
RTVSPost2010PropOp57
 70
     1
  0
XRECORD
  5
57E
102
{ACAD_REACTORS
330
57D
102
}
330
57D
100
AcDbXrecord
280
     1
102
RTVSPost2010Prop28
280
     0
102
RTVSPost2010PropOp28
 70
     1
102
RTVSPost2010Prop29
280
     1
102
RTVSPost2010PropOp29
 70
     1
102
RTVSPost2010Prop30
280
     1
102
RTVSPost2010PropOp30
 70
     1
102
RTVSPost2010Prop31
280
     0
102
RTVSPost2010PropOp31
 70
     1
102
RTVSPost2010Prop32
280
     0
102
RTVSPost2010PropOp32
 70
     1
102
RTVSPost2010Prop33
280
     0
102
RTVSPost2010PropOp33
 70
     1
102
RTVSPost2010Prop34
280
     0
102
RTVSPost2010PropOp34
 70
     1
102
RTVSPost2010Prop35
280
     0
102
RTVSPost2010PropOp35
 70
     1
102
RTVSPost2010Prop36
280
     0
102
RTVSPost2010PropOp36
 70
     1
102
RTVSPost2010Prop37
 90
       50
102
RTVSPost2010PropOp37
 70
     1
102
RTVSPost2010Prop38
140
0.0
102
RTVSPost2010PropOp38
 70
     1
102
RTVSPost2010Prop39
140
1.0
102
RTVSPost2010PropOp39
 70
     1
102
RTVSPost2010Prop40
 90
        0
102
RTVSPost2010PropOp40
 70
     1
102
RTVSPost2010Prop41ColorIndex
 90
       18
102
RTVSPost2010Prop41ColorRGB
 90
        0
102
RTVSPost2010PropOp41
 70
     1
102
RTVSPost2010Prop42
 90
       50
102
RTVSPost2010PropOp42
 70
     1
102
RTVSPost2010Prop43
 90
        3
102
RTVSPost2010PropOp43
 70
     1
102
RTVSPost2010Prop44ColorIndex
 90
        5
102
RTVSPost2010Prop44ColorRGB
 90
      255
102
RTVSPost2010PropOp44
 70
     1
102
RTVSPost2010Prop45
280
     0
102
RTVSPost2010PropOp45
 70
     1
102
RTVSPost2010Prop46
 90
       50
102
RTVSPost2010PropOp46
 70
     1
102
RTVSPost2010Prop47
 90
       50
102
RTVSPost2010PropOp47
 70
     1
102
RTVSPost2010Prop48
 90
       50
102
RTVSPost2010PropOp48
 70
     1
102
RTVSPost2010Prop49
280
     0
102
RTVSPost2010PropOp49
 70
     1
102
RTVSPost2010Prop50
 90
       50
102
RTVSPost2010PropOp50
 70
     1
102
RTVSPost2010Prop51ColorIndex
 90
      256
102
RTVSPost2010Prop51ColorRGB
 90
-16777216
102
RTVSPost2010PropOp51
 70
     0
102
RTVSPost2010Prop52
140
1.0
102
RTVSPost2010PropOp52
 70
     0
102
RTVSPost2010Prop53
 90
        2
102
RTVSPost2010PropOp53
 70
     1
102
RTVSPost2010Prop54
  1
strokes_ogs.tif
102
RTVSPost2010PropOp54
 70
     1
102
RTVSPost2010Prop55
280
     0
102
RTVSPost2010PropOp55
 70
     1
102
RTVSPost2010Prop56
140
1.0
102
RTVSPost2010PropOp56
 70
     1
102
RTVSPost2010Prop57
140
1.0
102
RTVSPost2010PropOp57
 70
     1
  0
XRECORD
  5
578
102
{ACAD_REACTORS
330
577
102
}
330
577
100
AcDbXrecord
280
     1
102
RTVSPost2010Prop28
280
     0
102
RTVSPost2010PropOp28
 70
     1
102
RTVSPost2010Prop29
280
     1
102
RTVSPost2010PropOp29
 70
     1
102
RTVSPost2010Prop30
280
     1
102
RTVSPost2010PropOp30
 70
     1
102
RTVSPost2010Prop31
280
     0
102
RTVSPost2010PropOp31
 70
     1
102
RTVSPost2010Prop32
280
     0
102
RTVSPost2010PropOp32
 70
     1
102
RTVSPost2010Prop33
280
     0
102
RTVSPost2010PropOp33
 70
     1
102
RTVSPost2010Prop34
280
     0
102
RTVSPost2010PropOp34
 70
     1
102
RTVSPost2010Prop35
280
     0
102
RTVSPost2010PropOp35
 70
     1
102
RTVSPost2010Prop36
280
     0
102
RTVSPost2010PropOp36
 70
     1
102
RTVSPost2010Prop37
 90
       50
102
RTVSPost2010PropOp37
 70
     1
102
RTVSPost2010Prop38
140
0.0
102
RTVSPost2010PropOp38
 70
     1
102
RTVSPost2010Prop39
140
1.0
102
RTVSPost2010PropOp39
 70
     1
102
RTVSPost2010Prop40
 90
        0
102
RTVSPost2010PropOp40
 70
     1
102
RTVSPost2010Prop41ColorIndex
 90
       18
102
RTVSPost2010Prop41ColorRGB
 90
        0
102
RTVSPost2010PropOp41
 70
     1
102
RTVSPost2010Prop42
 90
       50
102
RTVSPost2010PropOp42
 70
     1
102
RTVSPost2010Prop43
 90
        3
102
RTVSPost2010PropOp43
 70
     1
102
RTVSPost2010Prop44ColorIndex
 90
        5
102
RTVSPost2010Prop44ColorRGB
 90
      255
102
RTVSPost2010PropOp44
 70
     1
102
RTVSPost2010Prop45
280
     0
102
RTVSPost2010PropOp45
 70
     1
102
RTVSPost2010Prop46
 90
       50
102
RTVSPost2010PropOp46
 70
     1
102
RTVSPost2010Prop47
 90
       50
102
RTVSPost2010PropOp47
 70
     1
102
RTVSPost2010Prop48
 90
       50
102
RTVSPost2010PropOp48
 70
     1
102
RTVSPost2010Prop49
280
     0
102
RTVSPost2010PropOp49
 70
     1
102
RTVSPost2010Prop50
 90
       50
102
RTVSPost2010PropOp50
 70
     1
102
RTVSPost2010Prop51ColorIndex
 90
      256
102
RTVSPost2010Prop51ColorRGB
 90
-16777216
102
RTVSPost2010PropOp51
 70
     0
102
RTVSPost2010Prop52
140
1.0
102
RTVSPost2010PropOp52
 70
     0
102
RTVSPost2010Prop53
 90
        2
102
RTVSPost2010PropOp53
 70
     1
102
RTVSPost2010Prop54
  1
strokes_ogs.tif
102
RTVSPost2010PropOp54
 70
     1
102
RTVSPost2010Prop55
280
     0
102
RTVSPost2010PropOp55
 70
     1
102
RTVSPost2010Prop56
140
1.0
102
RTVSPost2010PropOp56
 70
     1
102
RTVSPost2010Prop57
140
1.0
102
RTVSPost2010PropOp57
 70
     1
  0
XRECORD
  5
57A
102
{ACAD_REACTORS
330
579
102
}
330
579
100
AcDbXrecord
280
     1
102
RTVSPost2010Prop28
280
     0
102
RTVSPost2010PropOp28
 70
     1
102
RTVSPost2010Prop29
280
     1
102
RTVSPost2010PropOp29
 70
     1
102
RTVSPost2010Prop30
280
     1
102
RTVSPost2010PropOp30
 70
     1
102
RTVSPost2010Prop31
280
     0
102
RTVSPost2010PropOp31
 70
     1
102
RTVSPost2010Prop32
280
     0
102
RTVSPost2010PropOp32
 70
     1
102
RTVSPost2010Prop33
280
     0
102
RTVSPost2010PropOp33
 70
     1
102
RTVSPost2010Prop34
280
     0
102
RTVSPost2010PropOp34
 70
     1
102
RTVSPost2010Prop35
280
     0
102
RTVSPost2010PropOp35
 70
     1
102
RTVSPost2010Prop36
280
     0
102
RTVSPost2010PropOp36
 70
     1
102
RTVSPost2010Prop37
 90
       50
102
RTVSPost2010PropOp37
 70
     1
102
RTVSPost2010Prop38
140
0.0
102
RTVSPost2010PropOp38
 70
     1
102
RTVSPost2010Prop39
140
1.0
102
RTVSPost2010PropOp39
 70
     1
102
RTVSPost2010Prop40
 90
        0
102
RTVSPost2010PropOp40
 70
     1
102
RTVSPost2010Prop41ColorIndex
 90
       18
102
RTVSPost2010Prop41ColorRGB
 90
        0
102
RTVSPost2010PropOp41
 70
     1
102
RTVSPost2010Prop42
 90
       50
102
RTVSPost2010PropOp42
 70
     1
102
RTVSPost2010Prop43
 90
        3
102
RTVSPost2010PropOp43
 70
     1
102
RTVSPost2010Prop44ColorIndex
 90
        5
102
RTVSPost2010Prop44ColorRGB
 90
      255
102
RTVSPost2010PropOp44
 70
     1
102
RTVSPost2010Prop45
280
     0
102
RTVSPost2010PropOp45
 70
     1
102
RTVSPost2010Prop46
 90
       50
102
RTVSPost2010PropOp46
 70
     1
102
RTVSPost2010Prop47
 90
       50
102
RTVSPost2010PropOp47
 70
     1
102
RTVSPost2010Prop48
 90
       50
102
RTVSPost2010PropOp48
 70
     1
102
RTVSPost2010Prop49
280
     0
102
RTVSPost2010PropOp49
 70
     1
102
RTVSPost2010Prop50
 90
       50
102
RTVSPost2010PropOp50
 70
     1
102
RTVSPost2010Prop51ColorIndex
 90
      256
102
RTVSPost2010Prop51ColorRGB
 90
-16777216
102
RTVSPost2010PropOp51
 70
     0
102
RTVSPost2010Prop52
140
1.0
102
RTVSPost2010PropOp52
 70
     0
102
RTVSPost2010Prop53
 90
        2
102
RTVSPost2010PropOp53
 70
     1
102
RTVSPost2010Prop54
  1
strokes_ogs.tif
102
RTVSPost2010PropOp54
 70
     1
102
RTVSPost2010Prop55
280
     0
102
RTVSPost2010PropOp55
 70
     1
102
RTVSPost2010Prop56
140
1.0
102
RTVSPost2010PropOp56
 70
     1
102
RTVSPost2010Prop57
140
1.0
102
RTVSPost2010PropOp57
 70
     1
  0
XRECORD
  5
56A
102
{ACAD_REACTORS
330
569
102
}
330
569
100
AcDbXrecord
280
     1
102
RTVSPost2010Prop28
280
     0
102
RTVSPost2010PropOp28
 70
     1
102
RTVSPost2010Prop29
280
     1
102
RTVSPost2010PropOp29
 70
     1
102
RTVSPost2010Prop30
280
     1
102
RTVSPost2010PropOp30
 70
     1
102
RTVSPost2010Prop31
280
     0
102
RTVSPost2010PropOp31
 70
     1
102
RTVSPost2010Prop32
280
     0
102
RTVSPost2010PropOp32
 70
     1
102
RTVSPost2010Prop33
280
     0
102
RTVSPost2010PropOp33
 70
     1
102
RTVSPost2010Prop34
280
     0
102
RTVSPost2010PropOp34
 70
     1
102
RTVSPost2010Prop35
280
     0
102
RTVSPost2010PropOp35
 70
     1
102
RTVSPost2010Prop36
280
     0
102
RTVSPost2010PropOp36
 70
     1
102
RTVSPost2010Prop37
 90
       50
102
RTVSPost2010PropOp37
 70
     1
102
RTVSPost2010Prop38
140
0.0
102
RTVSPost2010PropOp38
 70
     1
102
RTVSPost2010Prop39
140
1.0
102
RTVSPost2010PropOp39
 70
     1
102
RTVSPost2010Prop40
 90
        0
102
RTVSPost2010PropOp40
 70
     1
102
RTVSPost2010Prop41ColorIndex
 90
       18
102
RTVSPost2010Prop41ColorRGB
 90
        0
102
RTVSPost2010PropOp41
 70
     1
102
RTVSPost2010Prop42
 90
       50
102
RTVSPost2010PropOp42
 70
     1
102
RTVSPost2010Prop43
 90
        3
102
RTVSPost2010PropOp43
 70
     1
102
RTVSPost2010Prop44ColorIndex
 90
        5
102
RTVSPost2010Prop44ColorRGB
 90
      255
102
RTVSPost2010PropOp44
 70
     1
102
RTVSPost2010Prop45
280
     0
102
RTVSPost2010PropOp45
 70
     1
102
RTVSPost2010Prop46
 90
       50
102
RTVSPost2010PropOp46
 70
     1
102
RTVSPost2010Prop47
 90
       50
102
RTVSPost2010PropOp47
 70
     1
102
RTVSPost2010Prop48
 90
       50
102
RTVSPost2010PropOp48
 70
     1
102
RTVSPost2010Prop49
280
     0
102
RTVSPost2010PropOp49
 70
     1
102
RTVSPost2010Prop50
 90
       50
102
RTVSPost2010PropOp50
 70
     1
102
RTVSPost2010Prop51ColorIndex
 90
      256
102
RTVSPost2010Prop51ColorRGB
 90
-16777216
102
RTVSPost2010PropOp51
 70
     0
102
RTVSPost2010Prop52
140
1.0
102
RTVSPost2010PropOp52
 70
     0
102
RTVSPost2010Prop53
 90
        2
102
RTVSPost2010PropOp53
 70
     1
102
RTVSPost2010Prop54
  1
strokes_ogs.tif
102
RTVSPost2010PropOp54
 70
     1
102
RTVSPost2010Prop55
280
     0
102
RTVSPost2010PropOp55
 70
     1
102
RTVSPost2010Prop56
140
1.0
102
RTVSPost2010PropOp56
 70
     1
102
RTVSPost2010Prop57
140
1.0
102
RTVSPost2010PropOp57
 70
     1
  0
XRECORD
  5
55C
102
{ACAD_REACTORS
330
55B
102
}
330
55B
100
AcDbXrecord
280
     1
102
RTVSPost2010Prop28
280
     0
102
RTVSPost2010PropOp28
 70
     1
102
RTVSPost2010Prop29
280
     1
102
RTVSPost2010PropOp29
 70
     1
102
RTVSPost2010Prop30
280
     1
102
RTVSPost2010PropOp30
 70
     1
102
RTVSPost2010Prop31
280
     0
102
RTVSPost2010PropOp31
 70
     1
102
RTVSPost2010Prop32
280
     0
102
RTVSPost2010PropOp32
 70
     1
102
RTVSPost2010Prop33
280
     0
102
RTVSPost2010PropOp33
 70
     1
102
RTVSPost2010Prop34
280
     0
102
RTVSPost2010PropOp34
 70
     1
102
RTVSPost2010Prop35
280
     0
102
RTVSPost2010PropOp35
 70
     1
102
RTVSPost2010Prop36
280
     0
102
RTVSPost2010PropOp36
 70
     1
102
RTVSPost2010Prop37
 90
       50
102
RTVSPost2010PropOp37
 70
     1
102
RTVSPost2010Prop38
140
0.0
102
RTVSPost2010PropOp38
 70
     1
102
RTVSPost2010Prop39
140
1.0
102
RTVSPost2010PropOp39
 70
     1
102
RTVSPost2010Prop40
 90
        0
102
RTVSPost2010PropOp40
 70
     1
102
RTVSPost2010Prop41ColorIndex
 90
       18
102
RTVSPost2010Prop41ColorRGB
 90
        0
102
RTVSPost2010PropOp41
 70
     1
102
RTVSPost2010Prop42
 90
       50
102
RTVSPost2010PropOp42
 70
     1
102
RTVSPost2010Prop43
 90
        3
102
RTVSPost2010PropOp43
 70
     1
102
RTVSPost2010Prop44ColorIndex
 90
        5
102
RTVSPost2010Prop44ColorRGB
 90
      255
102
RTVSPost2010PropOp44
 70
     1
102
RTVSPost2010Prop45
280
     0
102
RTVSPost2010PropOp45
 70
     1
102
RTVSPost2010Prop46
 90
       50
102
RTVSPost2010PropOp46
 70
     1
102
RTVSPost2010Prop47
 90
       50
102
RTVSPost2010PropOp47
 70
     1
102
RTVSPost2010Prop48
 90
       50
102
RTVSPost2010PropOp48
 70
     1
102
RTVSPost2010Prop49
280
     0
102
RTVSPost2010PropOp49
 70
     1
102
RTVSPost2010Prop50
 90
       50
102
RTVSPost2010PropOp50
 70
     1
102
RTVSPost2010Prop51ColorIndex
 90
      256
102
RTVSPost2010Prop51ColorRGB
 90
-16777216
102
RTVSPost2010PropOp51
 70
     0
102
RTVSPost2010Prop52
140
1.0
102
RTVSPost2010PropOp52
 70
     0
102
RTVSPost2010Prop53
 90
        2
102
RTVSPost2010PropOp53
 70
     1
102
RTVSPost2010Prop54
  1
strokes_ogs.tif
102
RTVSPost2010PropOp54
 70
     1
102
RTVSPost2010Prop55
280
     0
102
RTVSPost2010PropOp55
 70
     1
102
RTVSPost2010Prop56
140
1.0
102
RTVSPost2010PropOp56
 70
     1
102
RTVSPost2010Prop57
140
1.0
102
RTVSPost2010PropOp57
 70
     1
  0
XRECORD
  5
57C
102
{ACAD_REACTORS
330
57B
102
}
330
57B
100
AcDbXrecord
280
     1
102
RTVSPost2010Prop28
280
     0
102
RTVSPost2010PropOp28
 70
     1
102
RTVSPost2010Prop29
280
     1
102
RTVSPost2010PropOp29
 70
     1
102
RTVSPost2010Prop30
280
     1
102
RTVSPost2010PropOp30
 70
     1
102
RTVSPost2010Prop31
280
     0
102
RTVSPost2010PropOp31
 70
     1
102
RTVSPost2010Prop32
280
     0
102
RTVSPost2010PropOp32
 70
     1
102
RTVSPost2010Prop33
280
     0
102
RTVSPost2010PropOp33
 70
     1
102
RTVSPost2010Prop34
280
     0
102
RTVSPost2010PropOp34
 70
     1
102
RTVSPost2010Prop35
280
     0
102
RTVSPost2010PropOp35
 70
     1
102
RTVSPost2010Prop36
280
     0
102
RTVSPost2010PropOp36
 70
     1
102
RTVSPost2010Prop37
 90
       50
102
RTVSPost2010PropOp37
 70
     1
102
RTVSPost2010Prop38
140
0.0
102
RTVSPost2010PropOp38
 70
     1
102
RTVSPost2010Prop39
140
1.0
102
RTVSPost2010PropOp39
 70
     1
102
RTVSPost2010Prop40
 90
        0
102
RTVSPost2010PropOp40
 70
     1
102
RTVSPost2010Prop41ColorIndex
 90
       18
102
RTVSPost2010Prop41ColorRGB
 90
        0
102
RTVSPost2010PropOp41
 70
     1
102
RTVSPost2010Prop42
 90
       50
102
RTVSPost2010PropOp42
 70
     1
102
RTVSPost2010Prop43
 90
        3
102
RTVSPost2010PropOp43
 70
     1
102
RTVSPost2010Prop44ColorIndex
 90
        5
102
RTVSPost2010Prop44ColorRGB
 90
      255
102
RTVSPost2010PropOp44
 70
     1
102
RTVSPost2010Prop45
280
     0
102
RTVSPost2010PropOp45
 70
     1
102
RTVSPost2010Prop46
 90
       50
102
RTVSPost2010PropOp46
 70
     1
102
RTVSPost2010Prop47
 90
       50
102
RTVSPost2010PropOp47
 70
     1
102
RTVSPost2010Prop48
 90
       50
102
RTVSPost2010PropOp48
 70
     1
102
RTVSPost2010Prop49
280
     0
102
RTVSPost2010PropOp49
 70
     1
102
RTVSPost2010Prop50
 90
       50
102
RTVSPost2010PropOp50
 70
     1
102
RTVSPost2010Prop51ColorIndex
 90
      256
102
RTVSPost2010Prop51ColorRGB
 90
-16777216
102
RTVSPost2010PropOp51
 70
     0
102
RTVSPost2010Prop52
140
1.0
102
RTVSPost2010PropOp52
 70
     0
102
RTVSPost2010Prop53
 90
        2
102
RTVSPost2010PropOp53
 70
     1
102
RTVSPost2010Prop54
  1
strokes_ogs.tif
102
RTVSPost2010PropOp54
 70
     1
102
RTVSPost2010Prop55
280
     0
102
RTVSPost2010PropOp55
 70
     1
102
RTVSPost2010Prop56
140
1.0
102
RTVSPost2010PropOp56
 70
     1
102
RTVSPost2010Prop57
140
1.0
102
RTVSPost2010PropOp57
 70
     1
  0
ENDSEC
  0
EOF
