ISO-10303-21;
HEADER;

/* File generated by Shapr3D Version 26.150.0.11562 */

FILE_DESCRIPTION(('HOOPS Exchange Step'),'2;1');

FILE_NAME('/Users/tdbell11/Library/Containers/com.shapr3d.shapr/Data/tmp/export/temp_export',
'2026-08-29T15:58:00-07:00',
('tysonbell'),
('Shapr3D Limited'),
'HOOPS Exchange 2026.3',
'Shapr3D',
'Authorized');

FILE_SCHEMA( ('AP242_MANAGED_MODEL_BASED_3D_ENGINEERING_MIM_LF {1 0 10303 442 1 1 4}') );

ENDSEC;

DATA;
#3=(NAMED_UNIT(*)PLANE_ANGLE_UNIT()SI_UNIT($,.RADIAN.));
#4=PLANE_ANGLE_MEASURE_WITH_UNIT(PLANE_ANGLE_MEASURE(0.0174532925),#3);
#5=(CONVERSION_BASED_UNIT('DEGREE',#4)NAMED_UNIT(#6)PLANE_ANGLE_UNIT());
#6=DIMENSIONAL_EXPONENTS(0.,0.,0.,0.,0.,0.,0.);
#7=(NAMED_UNIT(*)SI_UNIT($,.STERADIAN.)SOLID_ANGLE_UNIT());
#8=(LENGTH_UNIT()NAMED_UNIT(*)SI_UNIT(.MILLI.,.METRE.));
#9=UNCERTAINTY_MEASURE_WITH_UNIT(LENGTH_MEASURE(1.000000E-05),#8,'DISTANCE_ACCURACY_VALUE','Maximum Tolerance applied to model');
#10=(GEOMETRIC_REPRESENTATION_CONTEXT(3)GLOBAL_UNCERTAINTY_ASSIGNED_CONTEXT((#9))GLOBAL_UNIT_ASSIGNED_CONTEXT((#8,#5,#7))REPRESENTATION_CONTEXT('','root'));
#12=CARTESIAN_POINT('',(0.,0.,0.));
#13=DIRECTION('',(0.,0.,1.));
#14=DIRECTION('',(1.,0.,0.));
#15=AXIS2_PLACEMENT_3D('TS3D_PRODUCT_CSYS',#12,#13,#14);
#27=CARTESIAN_POINT('',(0.,0.,46.));
#28=DIRECTION('',(0.,0.,1.));
#29=DIRECTION('',(1.,0.,0.));
#30=AXIS2_PLACEMENT_3D('',#27,#28,#29);
#31=PLANE('',#30);
#32=CARTESIAN_POINT('',(-52.671149598,-14.,46.));
#33=VERTEX_POINT('',#32);
#34=CARTESIAN_POINT('',(-14.,-52.671149598,46.));
#35=VERTEX_POINT('',#34);
#36=CARTESIAN_POINT('',(0.,0.,46.));
#37=DIRECTION('',(0.,0.,1.));
#38=DIRECTION('',(1.,0.,-0.));
#39=AXIS2_PLACEMENT_3D('',#36,#37,#38);
#40=CIRCLE('',#39,54.5);
#41=EDGE_CURVE('',#33,#35,#40,.T.);
#42=ORIENTED_EDGE('',*,*,#41,.T.);
#43=CARTESIAN_POINT('',(-14.,-50.598913032,46.));
#44=VERTEX_POINT('',#43);
#45=CARTESIAN_POINT('',(-14.,-52.671149598,46.));
#46=DIRECTION('',(-0.,1.,-0.));
#47=VECTOR('',#46,2.072236566);
#48=LINE('',#45,#47);
#49=EDGE_CURVE('',#35,#44,#48,.T.);
#50=ORIENTED_EDGE('',*,*,#49,.T.);
#51=CARTESIAN_POINT('',(-50.598913032,-14.,46.));
#52=VERTEX_POINT('',#51);
#53=CARTESIAN_POINT('',(0.,0.,46.));
#54=DIRECTION('',(0.,0.,1.));
#55=DIRECTION('',(1.,0.,-0.));
#56=AXIS2_PLACEMENT_3D('',#53,#54,#55);
#57=CIRCLE('',#56,52.5);
#58=EDGE_CURVE('',#52,#44,#57,.T.);
#59=ORIENTED_EDGE('',*,*,#58,.F.);
#60=CARTESIAN_POINT('',(-50.598913032,-14.,46.));
#61=DIRECTION('',(-1.,-0.,0.));
#62=VECTOR('',#61,2.072236566);
#63=LINE('',#60,#62);
#64=EDGE_CURVE('',#52,#33,#63,.T.);
#65=ORIENTED_EDGE('',*,*,#64,.T.);
#66=EDGE_LOOP('',(#42,#50,#59,#65));
#67=FACE_BOUND('',#66,.T.);
#68=ADVANCED_FACE('',(#67),#31,.T.);
#69=CARTESIAN_POINT('',(0.,0.,70.));
#70=DIRECTION('',(0.,0.,-1.));
#71=DIRECTION('',(-1.,0.,0.));
#72=AXIS2_PLACEMENT_3D('',#69,#70,#71);
#73=CYLINDRICAL_SURFACE('',#72,52.5);
#74=CARTESIAN_POINT('',(-52.5,0.,2.));
#75=VERTEX_POINT('',#74);
#76=CARTESIAN_POINT('',(-52.5,0.,6.));
#77=VERTEX_POINT('',#76);
#78=CARTESIAN_POINT('',(-52.5,0.,2.));
#79=DIRECTION('',(-0.,-0.,1.));
#80=VECTOR('',#79,4.);
#81=LINE('',#78,#80);
#82=EDGE_CURVE('',#75,#77,#81,.T.);
#83=ORIENTED_EDGE('',*,*,#82,.F.);
#84=CARTESIAN_POINT('',(52.5,-0.,2.));
#85=VERTEX_POINT('',#84);
#86=CARTESIAN_POINT('',(0.,0.,2.));
#87=DIRECTION('',(0.,0.,1.));
#88=DIRECTION('',(1.,0.,-0.));
#89=AXIS2_PLACEMENT_3D('',#86,#87,#88);
#90=CIRCLE('',#89,52.5);
#91=EDGE_CURVE('',#85,#75,#90,.T.);
#92=ORIENTED_EDGE('',*,*,#91,.F.);
#93=CARTESIAN_POINT('',(0.,0.,2.));
#94=DIRECTION('',(0.,0.,1.));
#95=DIRECTION('',(1.,0.,-0.));
#96=AXIS2_PLACEMENT_3D('',#93,#94,#95);
#97=CIRCLE('',#96,52.5);
#98=EDGE_CURVE('',#75,#85,#97,.T.);
#99=ORIENTED_EDGE('',*,*,#98,.F.);
#100=ORIENTED_EDGE('',*,*,#82,.T.);
#101=CARTESIAN_POINT('',(-51.886896226,-8.,6.));
#102=VERTEX_POINT('',#101);
#103=CARTESIAN_POINT('',(0.,0.,6.));
#104=DIRECTION('',(0.,0.,1.));
#105=DIRECTION('',(1.,0.,-0.));
#106=AXIS2_PLACEMENT_3D('',#103,#104,#105);
#107=CIRCLE('',#106,52.5);
#108=EDGE_CURVE('',#77,#102,#107,.T.);
#109=ORIENTED_EDGE('',*,*,#108,.T.);
#110=CARTESIAN_POINT('',(-51.53882032,-10.,8.));
#111=VERTEX_POINT('',#110);
#112=CARTESIAN_POINT('',(-51.886896226,-8.,6.));
#113=CARTESIAN_POINT('',(-51.866626861,-8.131464304,6.));
#114=CARTESIAN_POINT('',(-51.84619153,-8.260689933,6.01283546));
#115=CARTESIAN_POINT('',(-51.825622894,-8.387777513,6.037952957));
#116=CARTESIAN_POINT('',(-51.805054259,-8.514865093,6.063070453));
#117=CARTESIAN_POINT('',(-51.784138237,-8.64106479,6.101036536));
#118=CARTESIAN_POINT('',(-51.76371647,-8.761715427,6.150732683));
#119=CARTESIAN_POINT('',(-51.743294703,-8.882366065,6.200428831));
#120=CARTESIAN_POINT('',(-51.72348266,-8.996858238,6.261266824));
#121=CARTESIAN_POINT('',(-51.704391885,-9.105265501,6.333150225));
#122=CARTESIAN_POINT('',(-51.68530111,-9.213672764,6.405033626));
#123=CARTESIAN_POINT('',(-51.66680379,-9.316663923,6.488911517));
#124=CARTESIAN_POINT('',(-51.64995252,-9.409165993,6.58075682));
#125=CARTESIAN_POINT('',(-51.63310125,-9.501668062,6.672602123));
#126=CARTESIAN_POINT('',(-51.617710658,-9.584755157,6.772883942));
#127=CARTESIAN_POINT('',(-51.603962313,-9.658212756,6.881818236));
#128=CARTESIAN_POINT('',(-51.590213967,-9.731670354,6.99075253));
#129=CARTESIAN_POINT('',(-51.57825425,-9.794709125,7.107743291));
#130=CARTESIAN_POINT('',(-51.568621851,-9.8451633,7.228396218));
#131=CARTESIAN_POINT('',(-51.549357053,-9.94607165,7.469702072));
#132=CARTESIAN_POINT('',(-51.53882032,-10.,7.733860203));
#133=CARTESIAN_POINT('',(-51.53882032,-10.,8.));
#134=B_SPLINE_CURVE_WITH_KNOTS('',3,(#112,#113,#114,#115,#116,#117,#118,#119,#120,#121,#122,#123,#124,#125,#126,#127,#128,#129,#130,#131,#132,#133),.UNSPECIFIED.,.F.,.F.,(4,3,3,3,3,3,3,4),(0.,0.000393391,0.000786782,0.001180173,0.001573564,0.001966955,0.002360346,0.003147128),.UNSPECIFIED.);
#135=EDGE_CURVE('',#102,#111,#134,.T.);
#136=ORIENTED_EDGE('',*,*,#135,.T.);
#137=CARTESIAN_POINT('',(-51.53882032,-10.,42.));
#138=VERTEX_POINT('',#137);
#139=CARTESIAN_POINT('',(-51.53882032,-10.,8.));
#140=DIRECTION('',(0.,0.,1.));
#141=VECTOR('',#140,34.);
#142=LINE('',#139,#141);
#143=EDGE_CURVE('',#111,#138,#142,.T.);
#144=ORIENTED_EDGE('',*,*,#143,.T.);
#145=CARTESIAN_POINT('',(-51.53882032,-10.,42.));
#146=CARTESIAN_POINT('',(-51.53882032,-10.,42.267962352));
#147=CARTESIAN_POINT('',(-51.533668874,-10.026654359,42.531289174));
#148=CARTESIAN_POINT('',(-51.523463724,-10.078823633,42.790174603));
#149=CARTESIAN_POINT('',(-51.51836115,-10.104908271,42.919617317));
#150=CARTESIAN_POINT('',(-51.511982062,-10.137420354,43.047941089));
#151=CARTESIAN_POINT('',(-51.504259012,-10.176507436,43.175118979));
#152=CARTESIAN_POINT('',(-51.496535963,-10.215594518,43.302296869));
#153=CARTESIAN_POINT('',(-51.487447176,-10.261360572,43.428319534));
#154=CARTESIAN_POINT('',(-51.477169248,-10.31266436,43.550340569));
#155=CARTESIAN_POINT('',(-51.456613391,-10.415271938,43.794382641));
#156=CARTESIAN_POINT('',(-51.431185296,-10.540683427,44.025504869));
#157=CARTESIAN_POINT('',(-51.400424287,-10.68860997,44.243812842));
#158=CARTESIAN_POINT('',(-51.385043783,-10.762573241,44.352966828));
#159=CARTESIAN_POINT('',(-51.368212649,-10.842702798,44.459455303));
#160=CARTESIAN_POINT('',(-51.350217635,-10.927266303,44.560919294));
#161=CARTESIAN_POINT('',(-51.33222262,-11.011829809,44.662383285));
#162=CARTESIAN_POINT('',(-51.313086982,-11.100728868,44.758856545));
#163=CARTESIAN_POINT('',(-51.292772893,-11.193812975,44.850493708));
#164=CARTESIAN_POINT('',(-51.252144716,-11.37998119,45.033768036));
#165=CARTESIAN_POINT('',(-51.206837033,-11.582774218,45.19783174));
#166=CARTESIAN_POINT('',(-51.156159116,-11.802431295,45.342258486));
#167=CARTESIAN_POINT('',(-51.1054812,-12.022088372,45.486685232));
#168=CARTESIAN_POINT('',(-51.050954846,-12.251955435,45.607046539));
#169=CARTESIAN_POINT('',(-50.992481896,-12.49066812,45.704310634));
#170=CARTESIAN_POINT('',(-50.963245421,-12.610024463,45.752942682));
#171=CARTESIAN_POINT('',(-50.933005197,-12.731666151,45.795795089));
#172=CARTESIAN_POINT('',(-50.901702748,-12.855608011,45.832801453));
#173=CARTESIAN_POINT('',(-50.870400299,-12.979549871,45.869807817));
#174=CARTESIAN_POINT('',(-50.837942574,-13.10613341,45.900982542));
#175=CARTESIAN_POINT('',(-50.804945535,-13.232819398,45.925739921));
#176=CARTESIAN_POINT('',(-50.738951455,-13.486191375,45.975254678));
#177=CARTESIAN_POINT('',(-50.670317128,-13.741930738,46.));
#178=CARTESIAN_POINT('',(-50.598913032,-14.,46.));
#179=B_SPLINE_CURVE_WITH_KNOTS('',3,(#145,#146,#147,#148,#149,#150,#151,#152,#153,#154,#155,#156,#157,#158,#159,#160,#161,#162,#163,#164,#165,#166,#167,#168,#169,#170,
#171,#172,#173,#174,#175,#176,#177,#178),.UNSPECIFIED.,.F.,.F.,(4,3,3,3,3,3,3,3,3,3,3,4),(0.,0.000792418,0.001188627,0.001584836,0.002377254,0.002773463,0.003169672,0.003962089,0.004754507,0.005150716,0.005546925,0.006339343),.UNSPECIFIED.);
#180=EDGE_CURVE('',#138,#52,#179,.T.);
#181=ORIENTED_EDGE('',*,*,#180,.T.);
#182=ORIENTED_EDGE('',*,*,#58,.T.);
#183=CARTESIAN_POINT('',(-10.,-51.53882032,42.));
#184=VERTEX_POINT('',#183);
#185=CARTESIAN_POINT('',(-14.,-50.598913032,46.));
#186=CARTESIAN_POINT('',(-13.741845153,-50.670340808,46.));
#187=CARTESIAN_POINT('',(-13.4871722,-50.738679478,45.975238675));
#188=CARTESIAN_POINT('',(-13.235926328,-50.804136192,45.926345811));
#189=CARTESIAN_POINT('',(-13.110303393,-50.836864549,45.901899378));
#190=CARTESIAN_POINT('',(-12.985543871,-50.868870361,45.87137863));
#191=CARTESIAN_POINT('',(-12.861681776,-50.900168388,45.834609709));
#192=CARTESIAN_POINT('',(-12.737819682,-50.931466414,45.797840788));
#193=CARTESIAN_POINT('',(-12.614260945,-50.962199228,45.754540828));
#194=CARTESIAN_POINT('',(-12.494006277,-50.991664095,45.705669023));
#195=CARTESIAN_POINT('',(-12.25349694,-51.050593828,45.607925412));
#196=CARTESIAN_POINT('',(-12.024588094,-51.104882096,45.487863421));
#197=CARTESIAN_POINT('',(-11.807380869,-51.155016929,45.345507636));
#198=CARTESIAN_POINT('',(-11.590173643,-51.205151762,45.203151852));
#199=CARTESIAN_POINT('',(-11.382838483,-51.251512449,45.03628677));
#200=CARTESIAN_POINT('',(-11.196082137,-51.292277633,44.852725822));
#201=CARTESIAN_POINT('',(-11.009325791,-51.333042817,44.669164875));
#202=CARTESIAN_POINT('',(-10.841471878,-51.368623506,44.468468259));
#203=CARTESIAN_POINT('',(-10.693015901,-51.399507886,44.250301351));
#204=CARTESIAN_POINT('',(-10.618787913,-51.414950076,44.141217898));
#205=CARTESIAN_POINT('',(-10.549104964,-51.429277295,44.02704429));
#206=CARTESIAN_POINT('',(-10.485766195,-51.44218801,43.91053939));
#207=CARTESIAN_POINT('',(-10.422427426,-51.455098726,43.794034491));
#208=CARTESIAN_POINT('',(-10.365231225,-51.466636822,43.675055821));
#209=CARTESIAN_POINT('',(-10.31405988,-51.476889657,43.553655505));
#210=CARTESIAN_POINT('',(-10.109374496,-51.517901,43.068054241));
#211=CARTESIAN_POINT('',(-10.,-51.53882032,42.536176064));
#212=CARTESIAN_POINT('',(-10.,-51.53882032,42.));
#213=B_SPLINE_CURVE_WITH_KNOTS('',3,(#185,#186,#187,#188,#189,#190,#191,#192,#193,#194,#195,#196,#197,#198,#199,#200,#201,#202,#203,#204,#205,#206,#207,#208,#209,#210,
#211,#212),.UNSPECIFIED.,.F.,.F.,(4,3,3,3,3,3,3,3,3,4),(0.,0.000792429,0.001188643,0.001584857,0.002377286,0.003169714,0.003962143,0.004358357,0.004754571,0.006339428),.UNSPECIFIED.);
#214=EDGE_CURVE('',#44,#184,#213,.T.);
#215=ORIENTED_EDGE('',*,*,#214,.T.);
#216=CARTESIAN_POINT('',(-10.,-51.53882032,8.));
#217=VERTEX_POINT('',#216);
#218=CARTESIAN_POINT('',(-10.,-51.53882032,8.));
#219=DIRECTION('',(0.,0.,1.));
#220=VECTOR('',#219,34.);
#221=LINE('',#218,#220);
#222=EDGE_CURVE('',#217,#184,#221,.T.);
#223=ORIENTED_EDGE('',*,*,#222,.F.);
#224=CARTESIAN_POINT('',(-8.,-51.886896226,6.));
#225=VERTEX_POINT('',#224);
#226=CARTESIAN_POINT('',(-10.,-51.53882032,8.));
#227=CARTESIAN_POINT('',(-10.,-51.53882032,7.866965592));
#228=CARTESIAN_POINT('',(-9.986858864,-51.541374993,7.736221207));
#229=CARTESIAN_POINT('',(-9.961141298,-51.546344817,7.607667476));
#230=CARTESIAN_POINT('',(-9.935423732,-51.551314642,7.479113745));
#231=CARTESIAN_POINT('',(-9.896467853,-51.558826419,7.351379471));
#232=CARTESIAN_POINT('',(-9.845830067,-51.568494551,7.22999262));
#233=CARTESIAN_POINT('',(-9.795192281,-51.578162684,7.10860577));
#234=CARTESIAN_POINT('',(-9.733281988,-51.589909349,6.993569919));
#235=CARTESIAN_POINT('',(-9.66022167,-51.603586283,6.884803153));
#236=CARTESIAN_POINT('',(-9.587161352,-51.617263217,6.776036387));
#237=CARTESIAN_POINT('',(-9.502468197,-51.632953691,6.673522364));
#238=CARTESIAN_POINT('',(-9.410133542,-51.649776251,6.581718154));
#239=CARTESIAN_POINT('',(-9.22546423,-51.683421369,6.398109735));
#240=CARTESIAN_POINT('',(-9.002865219,-51.722890814,6.250309803));
#241=CARTESIAN_POINT('',(-8.763340757,-51.763441334,6.151402995));
#242=CARTESIAN_POINT('',(-8.643578527,-51.783716594,6.10194959));
#243=CARTESIAN_POINT('',(-8.517940977,-51.804551733,6.063804258));
#244=CARTESIAN_POINT('',(-8.389616304,-51.82532526,6.038317269));
#245=CARTESIAN_POINT('',(-8.261291631,-51.846098786,6.012830281));
#246=CARTESIAN_POINT('',(-8.131427982,-51.866632462,6.));
#247=CARTESIAN_POINT('',(-8.,-51.886896226,6.));
#248=B_SPLINE_CURVE_WITH_KNOTS('',3,(#226,#227,#228,#229,#230,#231,#232,#233,#234,#235,#236,#237,#238,#239,#240,#241,#242,#243,#244,#245,#246,#247),.UNSPECIFIED.,.F.,.F.,(4,3,3,3,3,3,3,4),(0.,0.000393389,0.000786778,0.001180167,0.001573556,0.002360334,0.002753723,0.003147112),.UNSPECIFIED.);
#249=EDGE_CURVE('',#217,#225,#248,.T.);
#250=ORIENTED_EDGE('',*,*,#249,.T.);
#251=CARTESIAN_POINT('',(8.,-51.886896226,6.));
#252=VERTEX_POINT('',#251);
#253=CARTESIAN_POINT('',(0.,0.,6.));
#254=DIRECTION('',(0.,0.,1.));
#255=DIRECTION('',(1.,0.,-0.));
#256=AXIS2_PLACEMENT_3D('',#253,#254,#255);
#257=CIRCLE('',#256,52.5);
#258=EDGE_CURVE('',#225,#252,#257,.T.);
#259=ORIENTED_EDGE('',*,*,#258,.T.);
#260=CARTESIAN_POINT('',(10.,-51.53882032,8.));
#261=VERTEX_POINT('',#260);
#262=CARTESIAN_POINT('',(8.,-51.886896226,6.));
#263=CARTESIAN_POINT('',(8.131464304,-51.866626861,6.));
#264=CARTESIAN_POINT('',(8.260689933,-51.84619153,6.01283546));
#265=CARTESIAN_POINT('',(8.387777513,-51.825622894,6.037952957));
#266=CARTESIAN_POINT('',(8.514865093,-51.805054259,6.063070453));
#267=CARTESIAN_POINT('',(8.64106479,-51.784138237,6.101036536));
#268=CARTESIAN_POINT('',(8.761715427,-51.76371647,6.150732683));
#269=CARTESIAN_POINT('',(8.882366065,-51.743294703,6.200428831));
#270=CARTESIAN_POINT('',(8.996858238,-51.72348266,6.261266824));
#271=CARTESIAN_POINT('',(9.105265501,-51.704391885,6.333150225));
#272=CARTESIAN_POINT('',(9.213672764,-51.68530111,6.405033626));
#273=CARTESIAN_POINT('',(9.316663923,-51.66680379,6.488911517));
#274=CARTESIAN_POINT('',(9.409165993,-51.64995252,6.58075682));
#275=CARTESIAN_POINT('',(9.501668062,-51.63310125,6.672602123));
#276=CARTESIAN_POINT('',(9.584755157,-51.617710658,6.772883942));
#277=CARTESIAN_POINT('',(9.658212756,-51.603962313,6.881818236));
#278=CARTESIAN_POINT('',(9.731670354,-51.590213967,6.99075253));
#279=CARTESIAN_POINT('',(9.794709125,-51.57825425,7.107743291));
#280=CARTESIAN_POINT('',(9.8451633,-51.568621851,7.228396218));
#281=CARTESIAN_POINT('',(9.94607165,-51.549357053,7.469702072));
#282=CARTESIAN_POINT('',(10.,-51.53882032,7.733860203));
#283=CARTESIAN_POINT('',(10.,-51.53882032,8.));
#284=B_SPLINE_CURVE_WITH_KNOTS('',3,(#262,#263,#264,#265,#266,#267,#268,#269,#270,#271,#272,#273,#274,#275,#276,#277,#278,#279,#280,#281,#282,#283),.UNSPECIFIED.,.F.,.F.,(4,3,3,3,3,3,3,4),(0.,0.000393391,0.000786782,0.001180173,0.001573564,0.001966955,0.002360346,0.003147128),.UNSPECIFIED.);
#285=EDGE_CURVE('',#252,#261,#284,.T.);
#286=ORIENTED_EDGE('',*,*,#285,.T.);
#287=CARTESIAN_POINT('',(10.,-51.53882032,42.));
#288=VERTEX_POINT('',#287);
#289=CARTESIAN_POINT('',(10.,-51.53882032,8.));
#290=DIRECTION('',(0.,0.,1.));
#291=VECTOR('',#290,34.);
#292=LINE('',#289,#291);
#293=EDGE_CURVE('',#261,#288,#292,.T.);
#294=ORIENTED_EDGE('',*,*,#293,.T.);
#295=CARTESIAN_POINT('',(14.,-50.598913032,46.));
#296=VERTEX_POINT('',#295);
#297=CARTESIAN_POINT('',(10.,-51.53882032,42.));
#298=CARTESIAN_POINT('',(10.,-51.53882032,42.267962352));
#299=CARTESIAN_POINT('',(10.026654359,-51.533668874,42.531289174));
#300=CARTESIAN_POINT('',(10.078823633,-51.523463724,42.790174603));
#301=CARTESIAN_POINT('',(10.104908271,-51.51836115,42.919617317));
#302=CARTESIAN_POINT('',(10.137420354,-51.511982062,43.047941089));
#303=CARTESIAN_POINT('',(10.176507436,-51.504259012,43.175118979));
#304=CARTESIAN_POINT('',(10.215594518,-51.496535963,43.302296869));
#305=CARTESIAN_POINT('',(10.261360572,-51.487447176,43.428319534));
#306=CARTESIAN_POINT('',(10.31266436,-51.477169248,43.550340569));
#307=CARTESIAN_POINT('',(10.415271938,-51.456613391,43.794382641));
#308=CARTESIAN_POINT('',(10.540683427,-51.431185296,44.025504869));
#309=CARTESIAN_POINT('',(10.68860997,-51.400424287,44.243812842));
#310=CARTESIAN_POINT('',(10.762573241,-51.385043783,44.352966828));
#311=CARTESIAN_POINT('',(10.842702798,-51.368212649,44.459455303));
#312=CARTESIAN_POINT('',(10.927266303,-51.350217635,44.560919294));
#313=CARTESIAN_POINT('',(11.011829809,-51.33222262,44.662383285));
#314=CARTESIAN_POINT('',(11.100728868,-51.313086982,44.758856545));
#315=CARTESIAN_POINT('',(11.193812975,-51.292772893,44.850493708));
#316=CARTESIAN_POINT('',(11.37998119,-51.252144716,45.033768036));
#317=CARTESIAN_POINT('',(11.582774218,-51.206837033,45.19783174));
#318=CARTESIAN_POINT('',(11.802431295,-51.156159116,45.342258486));
#319=CARTESIAN_POINT('',(12.022088372,-51.1054812,45.486685232));
#320=CARTESIAN_POINT('',(12.251955435,-51.050954846,45.607046539));
#321=CARTESIAN_POINT('',(12.49066812,-50.992481896,45.704310634));
#322=CARTESIAN_POINT('',(12.610024463,-50.963245421,45.752942682));
#323=CARTESIAN_POINT('',(12.731666151,-50.933005197,45.795795089));
#324=CARTESIAN_POINT('',(12.855608011,-50.901702748,45.832801453));
#325=CARTESIAN_POINT('',(12.979549871,-50.870400299,45.869807817));
#326=CARTESIAN_POINT('',(13.10613341,-50.837942574,45.900982542));
#327=CARTESIAN_POINT('',(13.232819398,-50.804945535,45.925739921));
#328=CARTESIAN_POINT('',(13.486191375,-50.738951455,45.975254678));
#329=CARTESIAN_POINT('',(13.741930738,-50.670317128,46.));
#330=CARTESIAN_POINT('',(14.,-50.598913032,46.));
#331=B_SPLINE_CURVE_WITH_KNOTS('',3,(#297,#298,#299,#300,#301,#302,#303,#304,#305,#306,#307,#308,#309,#310,#311,#312,#313,#314,#315,#316,#317,#318,#319,#320,#321,#322,
#323,#324,#325,#326,#327,#328,#329,#330),.UNSPECIFIED.,.F.,.F.,(4,3,3,3,3,3,3,3,3,3,3,4),(0.,0.000792418,0.001188627,0.001584836,0.002377254,0.002773463,0.003169672,0.003962089,0.004754507,0.005150716,0.005546925,0.006339343),.UNSPECIFIED.);
#332=EDGE_CURVE('',#288,#296,#331,.T.);
#333=ORIENTED_EDGE('',*,*,#332,.T.);
#334=CARTESIAN_POINT('',(50.598913032,-14.,46.));
#335=VERTEX_POINT('',#334);
#336=CARTESIAN_POINT('',(0.,0.,46.));
#337=DIRECTION('',(0.,0.,1.));
#338=DIRECTION('',(1.,0.,-0.));
#339=AXIS2_PLACEMENT_3D('',#336,#337,#338);
#340=CIRCLE('',#339,52.5);
#341=EDGE_CURVE('',#296,#335,#340,.T.);
#342=ORIENTED_EDGE('',*,*,#341,.T.);
#343=CARTESIAN_POINT('',(51.53882032,-10.,42.));
#344=VERTEX_POINT('',#343);
#345=CARTESIAN_POINT('',(50.598913032,-14.,46.));
#346=CARTESIAN_POINT('',(50.670340808,-13.741845153,46.));
#347=CARTESIAN_POINT('',(50.738679478,-13.4871722,45.975238675));
#348=CARTESIAN_POINT('',(50.804136192,-13.235926328,45.926345811));
#349=CARTESIAN_POINT('',(50.836864549,-13.110303393,45.901899378));
#350=CARTESIAN_POINT('',(50.868870361,-12.985543871,45.87137863));
#351=CARTESIAN_POINT('',(50.900168388,-12.861681776,45.834609709));
#352=CARTESIAN_POINT('',(50.931466414,-12.737819682,45.797840788));
#353=CARTESIAN_POINT('',(50.962199228,-12.614260945,45.754540828));
#354=CARTESIAN_POINT('',(50.991664095,-12.494006277,45.705669023));
#355=CARTESIAN_POINT('',(51.050593828,-12.25349694,45.607925412));
#356=CARTESIAN_POINT('',(51.104882096,-12.024588094,45.487863421));
#357=CARTESIAN_POINT('',(51.155016929,-11.807380869,45.345507636));
#358=CARTESIAN_POINT('',(51.205151762,-11.590173643,45.203151852));
#359=CARTESIAN_POINT('',(51.251512449,-11.382838483,45.03628677));
#360=CARTESIAN_POINT('',(51.292277633,-11.196082137,44.852725822));
#361=CARTESIAN_POINT('',(51.333042817,-11.009325791,44.669164875));
#362=CARTESIAN_POINT('',(51.368623506,-10.841471878,44.468468259));
#363=CARTESIAN_POINT('',(51.399507886,-10.693015901,44.250301351));
#364=CARTESIAN_POINT('',(51.414950076,-10.618787913,44.141217898));
#365=CARTESIAN_POINT('',(51.429277295,-10.549104964,44.02704429));
#366=CARTESIAN_POINT('',(51.44218801,-10.485766195,43.91053939));
#367=CARTESIAN_POINT('',(51.455098726,-10.422427426,43.794034491));
#368=CARTESIAN_POINT('',(51.466636822,-10.365231225,43.675055821));
#369=CARTESIAN_POINT('',(51.476889657,-10.31405988,43.553655505));
#370=CARTESIAN_POINT('',(51.517901,-10.109374496,43.068054241));
#371=CARTESIAN_POINT('',(51.53882032,-10.,42.536176064));
#372=CARTESIAN_POINT('',(51.53882032,-10.,42.));
#373=B_SPLINE_CURVE_WITH_KNOTS('',3,(#345,#346,#347,#348,#349,#350,#351,#352,#353,#354,#355,#356,#357,#358,#359,#360,#361,#362,#363,#364,#365,#366,#367,#368,#369,#370,
#371,#372),.UNSPECIFIED.,.F.,.F.,(4,3,3,3,3,3,3,3,3,4),(0.,0.000792429,0.001188643,0.001584857,0.002377286,0.003169714,0.003962143,0.004358357,0.004754571,0.006339428),.UNSPECIFIED.);
#374=EDGE_CURVE('',#335,#344,#373,.T.);
#375=ORIENTED_EDGE('',*,*,#374,.T.);
#376=CARTESIAN_POINT('',(51.53882032,-10.,8.));
#377=VERTEX_POINT('',#376);
#378=CARTESIAN_POINT('',(51.53882032,-10.,8.));
#379=DIRECTION('',(0.,0.,1.));
#380=VECTOR('',#379,34.);
#381=LINE('',#378,#380);
#382=EDGE_CURVE('',#377,#344,#381,.T.);
#383=ORIENTED_EDGE('',*,*,#382,.F.);
#384=CARTESIAN_POINT('',(51.886896226,-8.,6.));
#385=VERTEX_POINT('',#384);
#386=CARTESIAN_POINT('',(51.53882032,-10.,8.));
#387=CARTESIAN_POINT('',(51.53882032,-10.,7.866965592));
#388=CARTESIAN_POINT('',(51.541374993,-9.986858864,7.736221207));
#389=CARTESIAN_POINT('',(51.546344817,-9.961141298,7.607667476));
#390=CARTESIAN_POINT('',(51.551314642,-9.935423732,7.479113745));
#391=CARTESIAN_POINT('',(51.558826419,-9.896467853,7.351379471));
#392=CARTESIAN_POINT('',(51.568494551,-9.845830067,7.22999262));
#393=CARTESIAN_POINT('',(51.578162684,-9.795192281,7.10860577));
#394=CARTESIAN_POINT('',(51.589909349,-9.733281988,6.993569919));
#395=CARTESIAN_POINT('',(51.603586283,-9.66022167,6.884803153));
#396=CARTESIAN_POINT('',(51.617263217,-9.587161352,6.776036387));
#397=CARTESIAN_POINT('',(51.632953691,-9.502468197,6.673522364));
#398=CARTESIAN_POINT('',(51.649776251,-9.410133542,6.581718154));
#399=CARTESIAN_POINT('',(51.683421369,-9.22546423,6.398109735));
#400=CARTESIAN_POINT('',(51.722890814,-9.002865219,6.250309803));
#401=CARTESIAN_POINT('',(51.763441334,-8.763340757,6.151402995));
#402=CARTESIAN_POINT('',(51.783716594,-8.643578527,6.10194959));
#403=CARTESIAN_POINT('',(51.804551733,-8.517940977,6.063804258));
#404=CARTESIAN_POINT('',(51.82532526,-8.389616304,6.038317269));
#405=CARTESIAN_POINT('',(51.846098786,-8.261291631,6.012830281));
#406=CARTESIAN_POINT('',(51.866632462,-8.131427982,6.));
#407=CARTESIAN_POINT('',(51.886896226,-8.,6.));
#408=B_SPLINE_CURVE_WITH_KNOTS('',3,(#386,#387,#388,#389,#390,#391,#392,#393,#394,#395,#396,#397,#398,#399,#400,#401,#402,#403,#404,#405,#406,#407),.UNSPECIFIED.,.F.,.F.,(4,3,3,3,3,3,3,4),(0.,0.000393389,0.000786778,0.001180167,0.001573556,0.002360334,0.002753723,0.003147112),.UNSPECIFIED.);
#409=EDGE_CURVE('',#377,#385,#408,.T.);
#410=ORIENTED_EDGE('',*,*,#409,.T.);
#411=CARTESIAN_POINT('',(51.886896226,8.,6.));
#412=VERTEX_POINT('',#411);
#413=CARTESIAN_POINT('',(0.,0.,6.));
#414=DIRECTION('',(0.,0.,1.));
#415=DIRECTION('',(1.,0.,-0.));
#416=AXIS2_PLACEMENT_3D('',#413,#414,#415);
#417=CIRCLE('',#416,52.5);
#418=EDGE_CURVE('',#385,#412,#417,.T.);
#419=ORIENTED_EDGE('',*,*,#418,.T.);
#420=CARTESIAN_POINT('',(51.53882032,10.,8.));
#421=VERTEX_POINT('',#420);
#422=CARTESIAN_POINT('',(51.886896226,8.,6.));
#423=CARTESIAN_POINT('',(51.866626861,8.131464304,6.));
#424=CARTESIAN_POINT('',(51.84619153,8.260689933,6.01283546));
#425=CARTESIAN_POINT('',(51.825622894,8.387777513,6.037952957));
#426=CARTESIAN_POINT('',(51.805054259,8.514865093,6.063070453));
#427=CARTESIAN_POINT('',(51.784138237,8.64106479,6.101036536));
#428=CARTESIAN_POINT('',(51.76371647,8.761715427,6.150732683));
#429=CARTESIAN_POINT('',(51.743294703,8.882366065,6.200428831));
#430=CARTESIAN_POINT('',(51.72348266,8.996858238,6.261266824));
#431=CARTESIAN_POINT('',(51.704391885,9.105265501,6.333150225));
#432=CARTESIAN_POINT('',(51.68530111,9.213672764,6.405033626));
#433=CARTESIAN_POINT('',(51.66680379,9.316663923,6.488911517));
#434=CARTESIAN_POINT('',(51.64995252,9.409165993,6.58075682));
#435=CARTESIAN_POINT('',(51.63310125,9.501668062,6.672602123));
#436=CARTESIAN_POINT('',(51.617710658,9.584755157,6.772883942));
#437=CARTESIAN_POINT('',(51.603962313,9.658212756,6.881818236));
#438=CARTESIAN_POINT('',(51.590213967,9.731670354,6.99075253));
#439=CARTESIAN_POINT('',(51.57825425,9.794709125,7.107743291));
#440=CARTESIAN_POINT('',(51.568621851,9.8451633,7.228396218));
#441=CARTESIAN_POINT('',(51.549357053,9.94607165,7.469702072));
#442=CARTESIAN_POINT('',(51.53882032,10.,7.733860203));
#443=CARTESIAN_POINT('',(51.53882032,10.,8.));
#444=B_SPLINE_CURVE_WITH_KNOTS('',3,(#422,#423,#424,#425,#426,#427,#428,#429,#430,#431,#432,#433,#434,#435,#436,#437,#438,#439,#440,#441,#442,#443),.UNSPECIFIED.,.F.,.F.,(4,3,3,3,3,3,3,4),(0.,0.000393391,0.000786782,0.001180173,0.001573564,0.001966955,0.002360346,0.003147128),.UNSPECIFIED.);
#445=EDGE_CURVE('',#412,#421,#444,.T.);
#446=ORIENTED_EDGE('',*,*,#445,.T.);
#447=CARTESIAN_POINT('',(51.53882032,10.,42.));
#448=VERTEX_POINT('',#447);
#449=CARTESIAN_POINT('',(51.53882032,10.,8.));
#450=DIRECTION('',(0.,0.,1.));
#451=VECTOR('',#450,34.);
#452=LINE('',#449,#451);
#453=EDGE_CURVE('',#421,#448,#452,.T.);
#454=ORIENTED_EDGE('',*,*,#453,.T.);
#455=CARTESIAN_POINT('',(50.598913032,14.,46.));
#456=VERTEX_POINT('',#455);
#457=CARTESIAN_POINT('',(51.53882032,10.,42.));
#458=CARTESIAN_POINT('',(51.53882032,10.,42.267962352));
#459=CARTESIAN_POINT('',(51.533668874,10.026654359,42.531289174));
#460=CARTESIAN_POINT('',(51.523463724,10.078823633,42.790174603));
#461=CARTESIAN_POINT('',(51.51836115,10.104908271,42.919617317));
#462=CARTESIAN_POINT('',(51.511982062,10.137420354,43.047941089));
#463=CARTESIAN_POINT('',(51.504259012,10.176507436,43.175118979));
#464=CARTESIAN_POINT('',(51.496535963,10.215594518,43.302296869));
#465=CARTESIAN_POINT('',(51.487447176,10.261360572,43.428319534));
#466=CARTESIAN_POINT('',(51.477169248,10.31266436,43.550340569));
#467=CARTESIAN_POINT('',(51.456613391,10.415271938,43.794382641));
#468=CARTESIAN_POINT('',(51.431185296,10.540683427,44.025504869));
#469=CARTESIAN_POINT('',(51.400424287,10.68860997,44.243812842));
#470=CARTESIAN_POINT('',(51.385043783,10.762573241,44.352966828));
#471=CARTESIAN_POINT('',(51.368212649,10.842702798,44.459455303));
#472=CARTESIAN_POINT('',(51.350217635,10.927266303,44.560919294));
#473=CARTESIAN_POINT('',(51.33222262,11.011829809,44.662383285));
#474=CARTESIAN_POINT('',(51.313086982,11.100728868,44.758856545));
#475=CARTESIAN_POINT('',(51.292772893,11.193812975,44.850493708));
#476=CARTESIAN_POINT('',(51.252144716,11.37998119,45.033768036));
#477=CARTESIAN_POINT('',(51.206837033,11.582774218,45.19783174));
#478=CARTESIAN_POINT('',(51.156159116,11.802431295,45.342258486));
#479=CARTESIAN_POINT('',(51.1054812,12.022088372,45.486685232));
#480=CARTESIAN_POINT('',(51.050954846,12.251955435,45.607046539));
#481=CARTESIAN_POINT('',(50.992481896,12.49066812,45.704310634));
#482=CARTESIAN_POINT('',(50.963245421,12.610024463,45.752942682));
#483=CARTESIAN_POINT('',(50.933005197,12.731666151,45.795795089));
#484=CARTESIAN_POINT('',(50.901702748,12.855608011,45.832801453));
#485=CARTESIAN_POINT('',(50.870400299,12.979549871,45.869807817));
#486=CARTESIAN_POINT('',(50.837942574,13.10613341,45.900982542));
#487=CARTESIAN_POINT('',(50.804945535,13.232819398,45.925739921));
#488=CARTESIAN_POINT('',(50.738951455,13.486191375,45.975254678));
#489=CARTESIAN_POINT('',(50.670317128,13.741930738,46.));
#490=CARTESIAN_POINT('',(50.598913032,14.,46.));
#491=B_SPLINE_CURVE_WITH_KNOTS('',3,(#457,#458,#459,#460,#461,#462,#463,#464,#465,#466,#467,#468,#469,#470,#471,#472,#473,#474,#475,#476,#477,#478,#479,#480,#481,#482,
#483,#484,#485,#486,#487,#488,#489,#490),.UNSPECIFIED.,.F.,.F.,(4,3,3,3,3,3,3,3,3,3,3,4),(0.,0.000792418,0.001188627,0.001584836,0.002377254,0.002773463,0.003169672,0.003962089,0.004754507,0.005150716,0.005546925,0.006339343),.UNSPECIFIED.);
#492=EDGE_CURVE('',#448,#456,#491,.T.);
#493=ORIENTED_EDGE('',*,*,#492,.T.);
#494=CARTESIAN_POINT('',(14.,50.598913032,46.));
#495=VERTEX_POINT('',#494);
#496=CARTESIAN_POINT('',(0.,0.,46.));
#497=DIRECTION('',(0.,0.,1.));
#498=DIRECTION('',(1.,0.,-0.));
#499=AXIS2_PLACEMENT_3D('',#496,#497,#498);
#500=CIRCLE('',#499,52.5);
#501=EDGE_CURVE('',#456,#495,#500,.T.);
#502=ORIENTED_EDGE('',*,*,#501,.T.);
#503=CARTESIAN_POINT('',(10.,51.53882032,42.));
#504=VERTEX_POINT('',#503);
#505=CARTESIAN_POINT('',(14.,50.598913032,46.));
#506=CARTESIAN_POINT('',(13.741845153,50.670340808,46.));
#507=CARTESIAN_POINT('',(13.4871722,50.738679478,45.975238675));
#508=CARTESIAN_POINT('',(13.235926328,50.804136192,45.926345811));
#509=CARTESIAN_POINT('',(13.110303393,50.836864549,45.901899378));
#510=CARTESIAN_POINT('',(12.985543871,50.868870361,45.87137863));
#511=CARTESIAN_POINT('',(12.861681776,50.900168388,45.834609709));
#512=CARTESIAN_POINT('',(12.737819682,50.931466414,45.797840788));
#513=CARTESIAN_POINT('',(12.614260945,50.962199228,45.754540828));
#514=CARTESIAN_POINT('',(12.494006277,50.991664095,45.705669023));
#515=CARTESIAN_POINT('',(12.25349694,51.050593828,45.607925412));
#516=CARTESIAN_POINT('',(12.024588094,51.104882096,45.487863421));
#517=CARTESIAN_POINT('',(11.807380869,51.155016929,45.345507636));
#518=CARTESIAN_POINT('',(11.590173643,51.205151762,45.203151852));
#519=CARTESIAN_POINT('',(11.382838483,51.251512449,45.03628677));
#520=CARTESIAN_POINT('',(11.196082137,51.292277633,44.852725822));
#521=CARTESIAN_POINT('',(11.009325791,51.333042817,44.669164875));
#522=CARTESIAN_POINT('',(10.841471878,51.368623506,44.468468259));
#523=CARTESIAN_POINT('',(10.693015901,51.399507886,44.250301351));
#524=CARTESIAN_POINT('',(10.618787913,51.414950076,44.141217898));
#525=CARTESIAN_POINT('',(10.549104964,51.429277295,44.02704429));
#526=CARTESIAN_POINT('',(10.485766195,51.44218801,43.91053939));
#527=CARTESIAN_POINT('',(10.422427426,51.455098726,43.794034491));
#528=CARTESIAN_POINT('',(10.365231225,51.466636822,43.675055821));
#529=CARTESIAN_POINT('',(10.31405988,51.476889657,43.553655505));
#530=CARTESIAN_POINT('',(10.109374496,51.517901,43.068054241));
#531=CARTESIAN_POINT('',(10.,51.53882032,42.536176064));
#532=CARTESIAN_POINT('',(10.,51.53882032,42.));
#533=B_SPLINE_CURVE_WITH_KNOTS('',3,(#505,#506,#507,#508,#509,#510,#511,#512,#513,#514,#515,#516,#517,#518,#519,#520,#521,#522,#523,#524,#525,#526,#527,#528,#529,#530,
#531,#532),.UNSPECIFIED.,.F.,.F.,(4,3,3,3,3,3,3,3,3,4),(0.,0.000792429,0.001188643,0.001584857,0.002377286,0.003169714,0.003962143,0.004358357,0.004754571,0.006339428),.UNSPECIFIED.);
#534=EDGE_CURVE('',#495,#504,#533,.T.);
#535=ORIENTED_EDGE('',*,*,#534,.T.);
#536=CARTESIAN_POINT('',(10.,51.53882032,8.));
#537=VERTEX_POINT('',#536);
#538=CARTESIAN_POINT('',(10.,51.53882032,8.));
#539=DIRECTION('',(0.,0.,1.));
#540=VECTOR('',#539,34.);
#541=LINE('',#538,#540);
#542=EDGE_CURVE('',#537,#504,#541,.T.);
#543=ORIENTED_EDGE('',*,*,#542,.F.);
#544=CARTESIAN_POINT('',(8.,51.886896226,6.));
#545=VERTEX_POINT('',#544);
#546=CARTESIAN_POINT('',(10.,51.53882032,8.));
#547=CARTESIAN_POINT('',(10.,51.53882032,7.866965592));
#548=CARTESIAN_POINT('',(9.986858864,51.541374993,7.736221207));
#549=CARTESIAN_POINT('',(9.961141298,51.546344817,7.607667476));
#550=CARTESIAN_POINT('',(9.935423732,51.551314642,7.479113745));
#551=CARTESIAN_POINT('',(9.896467853,51.558826419,7.351379471));
#552=CARTESIAN_POINT('',(9.845830067,51.568494551,7.22999262));
#553=CARTESIAN_POINT('',(9.795192281,51.578162684,7.10860577));
#554=CARTESIAN_POINT('',(9.733281988,51.589909349,6.993569919));
#555=CARTESIAN_POINT('',(9.66022167,51.603586283,6.884803153));
#556=CARTESIAN_POINT('',(9.587161352,51.617263217,6.776036387));
#557=CARTESIAN_POINT('',(9.502468197,51.632953691,6.673522364));
#558=CARTESIAN_POINT('',(9.410133542,51.649776251,6.581718154));
#559=CARTESIAN_POINT('',(9.22546423,51.683421369,6.398109735));
#560=CARTESIAN_POINT('',(9.002865219,51.722890814,6.250309803));
#561=CARTESIAN_POINT('',(8.763340757,51.763441334,6.151402995));
#562=CARTESIAN_POINT('',(8.643578527,51.783716594,6.10194959));
#563=CARTESIAN_POINT('',(8.517940977,51.804551733,6.063804258));
#564=CARTESIAN_POINT('',(8.389616304,51.82532526,6.038317269));
#565=CARTESIAN_POINT('',(8.261291631,51.846098786,6.012830281));
#566=CARTESIAN_POINT('',(8.131427982,51.866632462,6.));
#567=CARTESIAN_POINT('',(8.,51.886896226,6.));
#568=B_SPLINE_CURVE_WITH_KNOTS('',3,(#546,#547,#548,#549,#550,#551,#552,#553,#554,#555,#556,#557,#558,#559,#560,#561,#562,#563,#564,#565,#566,#567),.UNSPECIFIED.,.F.,.F.,(4,3,3,3,3,3,3,4),(0.,0.000393389,0.000786778,0.001180167,0.001573556,0.002360334,0.002753723,0.003147112),.UNSPECIFIED.);
#569=EDGE_CURVE('',#537,#545,#568,.T.);
#570=ORIENTED_EDGE('',*,*,#569,.T.);
#571=CARTESIAN_POINT('',(-8.,51.886896226,6.));
#572=VERTEX_POINT('',#571);
#573=CARTESIAN_POINT('',(0.,0.,6.));
#574=DIRECTION('',(0.,0.,1.));
#575=DIRECTION('',(1.,0.,-0.));
#576=AXIS2_PLACEMENT_3D('',#573,#574,#575);
#577=CIRCLE('',#576,52.5);
#578=EDGE_CURVE('',#545,#572,#577,.T.);
#579=ORIENTED_EDGE('',*,*,#578,.T.);
#580=CARTESIAN_POINT('',(-10.,51.53882032,8.));
#581=VERTEX_POINT('',#580);
#582=CARTESIAN_POINT('',(-8.,51.886896226,6.));
#583=CARTESIAN_POINT('',(-8.131464304,51.866626861,6.));
#584=CARTESIAN_POINT('',(-8.260689933,51.84619153,6.01283546));
#585=CARTESIAN_POINT('',(-8.387777513,51.825622894,6.037952957));
#586=CARTESIAN_POINT('',(-8.514865093,51.805054259,6.063070453));
#587=CARTESIAN_POINT('',(-8.64106479,51.784138237,6.101036536));
#588=CARTESIAN_POINT('',(-8.761715427,51.76371647,6.150732683));
#589=CARTESIAN_POINT('',(-8.882366065,51.743294703,6.200428831));
#590=CARTESIAN_POINT('',(-8.996858238,51.72348266,6.261266824));
#591=CARTESIAN_POINT('',(-9.105265501,51.704391885,6.333150225));
#592=CARTESIAN_POINT('',(-9.213672764,51.68530111,6.405033626));
#593=CARTESIAN_POINT('',(-9.316663923,51.66680379,6.488911517));
#594=CARTESIAN_POINT('',(-9.409165993,51.64995252,6.58075682));
#595=CARTESIAN_POINT('',(-9.501668062,51.63310125,6.672602123));
#596=CARTESIAN_POINT('',(-9.584755157,51.617710658,6.772883942));
#597=CARTESIAN_POINT('',(-9.658212756,51.603962313,6.881818236));
#598=CARTESIAN_POINT('',(-9.731670354,51.590213967,6.99075253));
#599=CARTESIAN_POINT('',(-9.794709125,51.57825425,7.107743291));
#600=CARTESIAN_POINT('',(-9.8451633,51.568621851,7.228396218));
#601=CARTESIAN_POINT('',(-9.94607165,51.549357053,7.469702072));
#602=CARTESIAN_POINT('',(-10.,51.53882032,7.733860203));
#603=CARTESIAN_POINT('',(-10.,51.53882032,8.));
#604=B_SPLINE_CURVE_WITH_KNOTS('',3,(#582,#583,#584,#585,#586,#587,#588,#589,#590,#591,#592,#593,#594,#595,#596,#597,#598,#599,#600,#601,#602,#603),.UNSPECIFIED.,.F.,.F.,(4,3,3,3,3,3,3,4),(0.,0.000393391,0.000786782,0.001180173,0.001573564,0.001966955,0.002360346,0.003147128),.UNSPECIFIED.);
#605=EDGE_CURVE('',#572,#581,#604,.T.);
#606=ORIENTED_EDGE('',*,*,#605,.T.);
#607=CARTESIAN_POINT('',(-10.,51.53882032,42.));
#608=VERTEX_POINT('',#607);
#609=CARTESIAN_POINT('',(-10.,51.53882032,8.));
#610=DIRECTION('',(0.,0.,1.));
#611=VECTOR('',#610,34.);
#612=LINE('',#609,#611);
#613=EDGE_CURVE('',#581,#608,#612,.T.);
#614=ORIENTED_EDGE('',*,*,#613,.T.);
#615=CARTESIAN_POINT('',(-14.,50.598913032,46.));
#616=VERTEX_POINT('',#615);
#617=CARTESIAN_POINT('',(-10.,51.53882032,42.));
#618=CARTESIAN_POINT('',(-10.,51.53882032,42.267962352));
#619=CARTESIAN_POINT('',(-10.026654359,51.533668874,42.531289174));
#620=CARTESIAN_POINT('',(-10.078823633,51.523463724,42.790174603));
#621=CARTESIAN_POINT('',(-10.104908271,51.51836115,42.919617317));
#622=CARTESIAN_POINT('',(-10.137420354,51.511982062,43.047941089));
#623=CARTESIAN_POINT('',(-10.176507436,51.504259012,43.175118979));
#624=CARTESIAN_POINT('',(-10.215594518,51.496535963,43.302296869));
#625=CARTESIAN_POINT('',(-10.261360572,51.487447176,43.428319534));
#626=CARTESIAN_POINT('',(-10.31266436,51.477169248,43.550340569));
#627=CARTESIAN_POINT('',(-10.415271938,51.456613391,43.794382641));
#628=CARTESIAN_POINT('',(-10.540683427,51.431185296,44.025504869));
#629=CARTESIAN_POINT('',(-10.68860997,51.400424287,44.243812842));
#630=CARTESIAN_POINT('',(-10.762573241,51.385043783,44.352966828));
#631=CARTESIAN_POINT('',(-10.842702798,51.368212649,44.459455303));
#632=CARTESIAN_POINT('',(-10.927266303,51.350217635,44.560919294));
#633=CARTESIAN_POINT('',(-11.011829809,51.33222262,44.662383285));
#634=CARTESIAN_POINT('',(-11.100728868,51.313086982,44.758856545));
#635=CARTESIAN_POINT('',(-11.193812975,51.292772893,44.850493708));
#636=CARTESIAN_POINT('',(-11.37998119,51.252144716,45.033768036));
#637=CARTESIAN_POINT('',(-11.582774218,51.206837033,45.19783174));
#638=CARTESIAN_POINT('',(-11.802431295,51.156159116,45.342258486));
#639=CARTESIAN_POINT('',(-12.022088372,51.1054812,45.486685232));
#640=CARTESIAN_POINT('',(-12.251955435,51.050954846,45.607046539));
#641=CARTESIAN_POINT('',(-12.49066812,50.992481896,45.704310634));
#642=CARTESIAN_POINT('',(-12.610024463,50.963245421,45.752942682));
#643=CARTESIAN_POINT('',(-12.731666151,50.933005197,45.795795089));
#644=CARTESIAN_POINT('',(-12.855608011,50.901702748,45.832801453));
#645=CARTESIAN_POINT('',(-12.979549871,50.870400299,45.869807817));
#646=CARTESIAN_POINT('',(-13.10613341,50.837942574,45.900982542));
#647=CARTESIAN_POINT('',(-13.232819398,50.804945535,45.925739921));
#648=CARTESIAN_POINT('',(-13.486191375,50.738951455,45.975254678));
#649=CARTESIAN_POINT('',(-13.741930738,50.670317128,46.));
#650=CARTESIAN_POINT('',(-14.,50.598913032,46.));
#651=B_SPLINE_CURVE_WITH_KNOTS('',3,(#617,#618,#619,#620,#621,#622,#623,#624,#625,#626,#627,#628,#629,#630,#631,#632,#633,#634,#635,#636,#637,#638,#639,#640,#641,#642,
#643,#644,#645,#646,#647,#648,#649,#650),.UNSPECIFIED.,.F.,.F.,(4,3,3,3,3,3,3,3,3,3,3,4),(0.,0.000792418,0.001188627,0.001584836,0.002377254,0.002773463,0.003169672,0.003962089,0.004754507,0.005150716,0.005546925,0.006339343),.UNSPECIFIED.);
#652=EDGE_CURVE('',#608,#616,#651,.T.);
#653=ORIENTED_EDGE('',*,*,#652,.T.);
#654=CARTESIAN_POINT('',(-50.311529494,15.,46.));
#655=VERTEX_POINT('',#654);
#656=CARTESIAN_POINT('',(0.,0.,46.));
#657=DIRECTION('',(0.,0.,1.));
#658=DIRECTION('',(1.,0.,-0.));
#659=AXIS2_PLACEMENT_3D('',#656,#657,#658);
#660=CIRCLE('',#659,52.5);
#661=EDGE_CURVE('',#616,#655,#660,.T.);
#662=ORIENTED_EDGE('',*,*,#661,.T.);
#663=CARTESIAN_POINT('',(-51.53882032,10.,41.));
#664=VERTEX_POINT('',#663);
#665=CARTESIAN_POINT('',(-50.311529494,15.,46.));
#666=CARTESIAN_POINT('',(-50.407328926,14.678678937,46.));
#667=CARTESIAN_POINT('',(-50.498572378,14.361402635,45.969307076));
#668=CARTESIAN_POINT('',(-50.585567007,14.048146162,45.908561324));
#669=CARTESIAN_POINT('',(-50.629064322,13.891517926,45.878188448));
#670=CARTESIAN_POINT('',(-50.671496709,13.735902665,45.840251713));
#671=CARTESIAN_POINT('',(-50.712888018,13.581347094,45.794520198));
#672=CARTESIAN_POINT('',(-50.754279327,13.426791523,45.748788683));
#673=CARTESIAN_POINT('',(-50.79482101,13.272536567,45.694905666));
#674=CARTESIAN_POINT('',(-50.833597967,13.122321354,45.634039588));
#675=CARTESIAN_POINT('',(-50.911151883,12.821890927,45.512307431));
#676=CARTESIAN_POINT('',(-50.982183634,12.535749184,45.362659654));
#677=CARTESIAN_POINT('',(-51.047448041,12.264095911,45.18507214));
#678=CARTESIAN_POINT('',(-51.080080244,12.128269275,45.096278383));
#679=CARTESIAN_POINT('',(-51.11126307,11.996088877,45.000454071));
#680=CARTESIAN_POINT('',(-51.141047933,11.867738468,44.897298769));
#681=CARTESIAN_POINT('',(-51.170832795,11.73938806,44.794143468));
#682=CARTESIAN_POINT('',(-51.198966247,11.615947007,44.684429767));
#683=CARTESIAN_POINT('',(-51.225221501,11.498986139,44.569720149));
#684=CARTESIAN_POINT('',(-51.277732007,11.265064403,44.340300914));
#685=CARTESIAN_POINT('',(-51.323270341,11.054775938,44.08937593));
#686=CARTESIAN_POINT('',(-51.362631477,10.868766617,43.816542336));
#687=CARTESIAN_POINT('',(-51.382312045,10.775761956,43.68012554));
#688=CARTESIAN_POINT('',(-51.40052472,10.688434573,43.537315459));
#689=CARTESIAN_POINT('',(-51.416910255,10.609021622,43.39150766));
#690=CARTESIAN_POINT('',(-51.433295791,10.529608672,43.24569986));
#691=CARTESIAN_POINT('',(-51.447902001,10.45789961,43.09678951));
#692=CARTESIAN_POINT('',(-51.460859461,10.393745404,42.944844106));
#693=CARTESIAN_POINT('',(-51.512689301,10.13712858,42.337062489));
#694=CARTESIAN_POINT('',(-51.53882032,10.,41.671244902));
#695=CARTESIAN_POINT('',(-51.53882032,10.,41.));
#696=B_SPLINE_CURVE_WITH_KNOTS('',3,(#665,#666,#667,#668,#669,#670,#671,#672,#673,#674,#675,#676,#677,#678,#679,#680,#681,#682,#683,#684,#685,#686,#687,#688,#689,#690,
#691,#692,#693,#694,#695),.UNSPECIFIED.,.F.,.F.,(4,3,3,3,3,3,3,3,3,3,4),(0.,0.000992027,0.001488041,0.001984054,0.002976082,0.003472095,0.003968109,0.004960136,0.00545615,0.005952163,0.007936217),.UNSPECIFIED.);
#697=EDGE_CURVE('',#655,#664,#696,.T.);
#698=ORIENTED_EDGE('',*,*,#697,.T.);
#699=CARTESIAN_POINT('',(-51.53882032,10.,8.));
#700=VERTEX_POINT('',#699);
#701=CARTESIAN_POINT('',(-51.53882032,10.,8.));
#702=DIRECTION('',(0.,0.,1.));
#703=VECTOR('',#702,33.);
#704=LINE('',#701,#703);
#705=EDGE_CURVE('',#700,#664,#704,.T.);
#706=ORIENTED_EDGE('',*,*,#705,.F.);
#707=CARTESIAN_POINT('',(-51.886896226,8.,6.));
#708=VERTEX_POINT('',#707);
#709=CARTESIAN_POINT('',(-51.53882032,10.,8.));
#710=CARTESIAN_POINT('',(-51.53882032,10.,7.866965592));
#711=CARTESIAN_POINT('',(-51.541374993,9.986858864,7.736221207));
#712=CARTESIAN_POINT('',(-51.546344817,9.961141298,7.607667476));
#713=CARTESIAN_POINT('',(-51.551314642,9.935423732,7.479113745));
#714=CARTESIAN_POINT('',(-51.558826419,9.896467853,7.351379471));
#715=CARTESIAN_POINT('',(-51.568494551,9.845830067,7.22999262));
#716=CARTESIAN_POINT('',(-51.578162684,9.795192281,7.10860577));
#717=CARTESIAN_POINT('',(-51.589909349,9.733281988,6.993569919));
#718=CARTESIAN_POINT('',(-51.603586283,9.66022167,6.884803153));
#719=CARTESIAN_POINT('',(-51.617263217,9.587161352,6.776036387));
#720=CARTESIAN_POINT('',(-51.632953691,9.502468197,6.673522364));
#721=CARTESIAN_POINT('',(-51.649776251,9.410133542,6.581718154));
#722=CARTESIAN_POINT('',(-51.683421369,9.22546423,6.398109735));
#723=CARTESIAN_POINT('',(-51.722890814,9.002865219,6.250309803));
#724=CARTESIAN_POINT('',(-51.763441334,8.763340757,6.151402995));
#725=CARTESIAN_POINT('',(-51.783716594,8.643578527,6.10194959));
#726=CARTESIAN_POINT('',(-51.804551733,8.517940977,6.063804258));
#727=CARTESIAN_POINT('',(-51.82532526,8.389616304,6.038317269));
#728=CARTESIAN_POINT('',(-51.846098786,8.261291631,6.012830281));
#729=CARTESIAN_POINT('',(-51.866632462,8.131427982,6.));
#730=CARTESIAN_POINT('',(-51.886896226,8.,6.));
#731=B_SPLINE_CURVE_WITH_KNOTS('',3,(#709,#710,#711,#712,#713,#714,#715,#716,#717,#718,#719,#720,#721,#722,#723,#724,#725,#726,#727,#728,#729,#730),.UNSPECIFIED.,.F.,.F.,(4,3,3,3,3,3,3,4),(0.,0.000393389,0.000786778,0.001180167,0.001573556,0.002360334,0.002753723,0.003147112),.UNSPECIFIED.);
#732=EDGE_CURVE('',#700,#708,#731,.T.);
#733=ORIENTED_EDGE('',*,*,#732,.T.);
#734=CARTESIAN_POINT('',(0.,0.,6.));
#735=DIRECTION('',(0.,0.,1.));
#736=DIRECTION('',(1.,0.,-0.));
#737=AXIS2_PLACEMENT_3D('',#734,#735,#736);
#738=CIRCLE('',#737,52.5);
#739=EDGE_CURVE('',#708,#77,#738,.T.);
#740=ORIENTED_EDGE('',*,*,#739,.T.);
#741=EDGE_LOOP('',(#83,#92,#99,#100,#109,#136,#144,#181,#182,#215,#223,#250,#259,#286,#294,#333,#342,#375,#383,#410,#419,#446,#454,#493,#502,#535,
#543,#570,#579,#606,#614,#653,#662,#698,#706,#733,#740));
#742=FACE_BOUND('',#741,.T.);
#743=ADVANCED_FACE('',(#742),#73,.F.);
#744=CARTESIAN_POINT('',(0.,0.,46.));
#745=DIRECTION('',(0.,0.,1.));
#746=DIRECTION('',(1.,0.,0.));
#747=AXIS2_PLACEMENT_3D('',#744,#745,#746);
#748=PLANE('',#747);
#749=CARTESIAN_POINT('',(52.671149598,14.,46.));
#750=VERTEX_POINT('',#749);
#751=CARTESIAN_POINT('',(14.,52.671149598,46.));
#752=VERTEX_POINT('',#751);
#753=CARTESIAN_POINT('',(0.,0.,46.));
#754=DIRECTION('',(0.,0.,1.));
#755=DIRECTION('',(1.,0.,-0.));
#756=AXIS2_PLACEMENT_3D('',#753,#754,#755);
#757=CIRCLE('',#756,54.5);
#758=EDGE_CURVE('',#750,#752,#757,.T.);
#759=ORIENTED_EDGE('',*,*,#758,.T.);
#760=CARTESIAN_POINT('',(14.,52.671149598,46.));
#761=DIRECTION('',(-0.,-1.,-0.));
#762=VECTOR('',#761,2.072236566);
#763=LINE('',#760,#762);
#764=EDGE_CURVE('',#752,#495,#763,.T.);
#765=ORIENTED_EDGE('',*,*,#764,.T.);
#766=ORIENTED_EDGE('',*,*,#501,.F.);
#767=CARTESIAN_POINT('',(50.598913032,14.,46.));
#768=DIRECTION('',(1.,-0.,-0.));
#769=VECTOR('',#768,2.072236566);
#770=LINE('',#767,#769);
#771=EDGE_CURVE('',#456,#750,#770,.T.);
#772=ORIENTED_EDGE('',*,*,#771,.T.);
#773=EDGE_LOOP('',(#759,#765,#766,#772));
#774=FACE_BOUND('',#773,.T.);
#775=ADVANCED_FACE('',(#774),#748,.T.);
#776=CARTESIAN_POINT('',(0.,0.,46.));
#777=DIRECTION('',(0.,0.,1.));
#778=DIRECTION('',(1.,0.,0.));
#779=AXIS2_PLACEMENT_3D('',#776,#777,#778);
#780=PLANE('',#779);
#781=ORIENTED_EDGE('',*,*,#661,.F.);
#782=CARTESIAN_POINT('',(-14.,52.671149598,46.));
#783=VERTEX_POINT('',#782);
#784=CARTESIAN_POINT('',(-14.,50.598913032,46.));
#785=DIRECTION('',(-0.,1.,-0.));
#786=VECTOR('',#785,2.072236566);
#787=LINE('',#784,#786);
#788=EDGE_CURVE('',#616,#783,#787,.T.);
#789=ORIENTED_EDGE('',*,*,#788,.T.);
#790=CARTESIAN_POINT('',(-52.395133362,15.,46.));
#791=VERTEX_POINT('',#790);
#792=CARTESIAN_POINT('',(0.,0.,46.));
#793=DIRECTION('',(0.,0.,1.));
#794=DIRECTION('',(1.,0.,-0.));
#795=AXIS2_PLACEMENT_3D('',#792,#793,#794);
#796=CIRCLE('',#795,54.5);
#797=EDGE_CURVE('',#783,#791,#796,.T.);
#798=ORIENTED_EDGE('',*,*,#797,.T.);
#799=CARTESIAN_POINT('',(-52.395133362,15.,46.));
#800=DIRECTION('',(1.,-0.,-0.));
#801=VECTOR('',#800,2.083603868);
#802=LINE('',#799,#801);
#803=EDGE_CURVE('',#791,#655,#802,.T.);
#804=ORIENTED_EDGE('',*,*,#803,.T.);
#805=EDGE_LOOP('',(#781,#789,#798,#804));
#806=FACE_BOUND('',#805,.T.);
#807=ADVANCED_FACE('',(#806),#780,.T.);
#808=CARTESIAN_POINT('',(0.,0.,70.));
#809=DIRECTION('',(0.,0.,-1.));
#810=DIRECTION('',(-1.,0.,0.));
#811=AXIS2_PLACEMENT_3D('',#808,#809,#810);
#812=CYLINDRICAL_SURFACE('',#811,54.5);
#813=CARTESIAN_POINT('',(-54.5,0.,0.));
#814=VERTEX_POINT('',#813);
#815=CARTESIAN_POINT('',(-54.5,0.,6.));
#816=VERTEX_POINT('',#815);
#817=CARTESIAN_POINT('',(-54.5,0.,-0.));
#818=DIRECTION('',(-0.,-0.,1.));
#819=VECTOR('',#818,6.);
#820=LINE('',#817,#819);
#821=EDGE_CURVE('',#814,#816,#820,.T.);
#822=ORIENTED_EDGE('',*,*,#821,.T.);
#823=CARTESIAN_POINT('',(-53.909646632,8.,6.));
#824=VERTEX_POINT('',#823);
#825=CARTESIAN_POINT('',(0.,0.,6.));
#826=DIRECTION('',(0.,0.,1.));
#827=DIRECTION('',(1.,0.,-0.));
#828=AXIS2_PLACEMENT_3D('',#825,#826,#827);
#829=CIRCLE('',#828,54.5);
#830=EDGE_CURVE('',#824,#816,#829,.T.);
#831=ORIENTED_EDGE('',*,*,#830,.F.);
#832=CARTESIAN_POINT('',(-53.574714185,10.,8.));
#833=VERTEX_POINT('',#832);
#834=CARTESIAN_POINT('',(-53.909646632,8.,6.));
#835=CARTESIAN_POINT('',(-53.89013153,8.131506531,6.));
#836=CARTESIAN_POINT('',(-53.870456842,8.26077689,6.012843667));
#837=CARTESIAN_POINT('',(-53.850654127,8.387910949,6.037979334));
#838=CARTESIAN_POINT('',(-53.830851412,8.515045008,6.063115));
#839=CARTESIAN_POINT('',(-53.810713675,8.641298729,6.101112866));
#840=CARTESIAN_POINT('',(-53.791056317,8.761978106,6.150840903));
#841=CARTESIAN_POINT('',(-53.771398959,8.882657483,6.20056894));
#842=CARTESIAN_POINT('',(-53.752329753,8.997173996,6.261444922));
#843=CARTESIAN_POINT('',(-53.733956207,9.105599945,6.333372039));
#844=CARTESIAN_POINT('',(-53.715582661,9.214025894,6.405299155));
#845=CARTESIAN_POINT('',(-53.697784622,9.317013605,6.489215993));
#846=CARTESIAN_POINT('',(-53.681573869,9.409496633,6.581085189));
#847=CARTESIAN_POINT('',(-53.665363117,9.501979662,6.672954385));
#848=CARTESIAN_POINT('',(-53.650558942,9.58504525,6.773258436));
#849=CARTESIAN_POINT('',(-53.637335862,9.658478228,6.88221202));
#850=CARTESIAN_POINT('',(-53.624112781,9.731911205,6.991165604));
#851=CARTESIAN_POINT('',(-53.612617698,9.794889015,7.108111774));
#852=CARTESIAN_POINT('',(-53.603358009,9.845303964,7.228732678));
#853=CARTESIAN_POINT('',(-53.584838631,9.94613386,7.469974485));
#854=CARTESIAN_POINT('',(-53.574714185,10.,7.734010232));
#855=CARTESIAN_POINT('',(-53.574714185,10.,8.));
#856=B_SPLINE_CURVE_WITH_KNOTS('',3,(#834,#835,#836,#837,#838,#839,#840,#841,#842,#843,#844,#845,#846,#847,#848,#849,#850,#851,#852,#853,#854,#855),.UNSPECIFIED.,.F.,.F.,(4,3,3,3,3,3,3,4),(0.,0.000393181,0.000786361,0.001179542,0.001572723,0.001965904,0.002359084,0.003145446),.UNSPECIFIED.);
#857=EDGE_CURVE('',#824,#833,#856,.T.);
#858=ORIENTED_EDGE('',*,*,#857,.T.);
#859=CARTESIAN_POINT('',(-53.574714185,10.,41.));
#860=VERTEX_POINT('',#859);
#861=CARTESIAN_POINT('',(-53.574714185,10.,8.));
#862=DIRECTION('',(0.,0.,1.));
#863=VECTOR('',#862,33.);
#864=LINE('',#861,#863);
#865=EDGE_CURVE('',#833,#860,#864,.T.);
#866=ORIENTED_EDGE('',*,*,#865,.T.);
#867=CARTESIAN_POINT('',(-53.574714185,10.,41.));
#868=CARTESIAN_POINT('',(-53.574714185,10.,41.335052128));
#869=CARTESIAN_POINT('',(-53.568521966,10.033337586,41.664317301));
#870=CARTESIAN_POINT('',(-53.556217263,10.098593589,41.988036031));
#871=CARTESIAN_POINT('',(-53.550064911,10.131221591,42.149895395));
#872=CARTESIAN_POINT('',(-53.542367607,10.171890126,42.310357398));
#873=CARTESIAN_POINT('',(-53.533032422,10.220784692,42.469387982));
#874=CARTESIAN_POINT('',(-53.523697237,10.269679258,42.628418565));
#875=CARTESIAN_POINT('',(-53.512696973,10.326932618,42.786013814));
#876=CARTESIAN_POINT('',(-53.500230884,10.391116177,42.938605144));
#877=CARTESIAN_POINT('',(-53.475298705,10.519483295,43.243787804));
#878=CARTESIAN_POINT('',(-53.444367644,10.676386901,43.532814279));
#879=CARTESIAN_POINT('',(-53.406727665,10.861465839,43.805803805));
#880=CARTESIAN_POINT('',(-53.387907675,10.954005308,43.942298569));
#881=CARTESIAN_POINT('',(-53.36726501,11.054262137,44.075458883));
#882=CARTESIAN_POINT('',(-53.345128615,11.160074063,44.202338021));
#883=CARTESIAN_POINT('',(-53.322992219,11.265885989,44.329217158));
#884=CARTESIAN_POINT('',(-53.299393681,11.377118586,44.449843482));
#885=CARTESIAN_POINT('',(-53.274267846,11.493580184,44.5644102));
#886=CARTESIAN_POINT('',(-53.224016177,11.726503379,44.793543635));
#887=CARTESIAN_POINT('',(-53.167700019,11.980199147,44.998605528));
#888=CARTESIAN_POINT('',(-53.104299993,12.25493053,45.179066116));
#889=CARTESIAN_POINT('',(-53.040899966,12.529661913,45.359526705));
#890=CARTESIAN_POINT('',(-52.972316917,12.81710322,45.509847575));
#891=CARTESIAN_POINT('',(-52.898340869,13.115469236,45.631257259));
#892=CARTESIAN_POINT('',(-52.861352846,13.264652243,45.691962101));
#893=CARTESIAN_POINT('',(-52.822994508,13.41666182,45.745434589));
#894=CARTESIAN_POINT('',(-52.783180191,13.571510194,45.791598572));
#895=CARTESIAN_POINT('',(-52.743365873,13.726358569,45.837762555));
#896=CARTESIAN_POINT('',(-52.701980045,13.884455258,45.876631156));
#897=CARTESIAN_POINT('',(-52.659800005,14.042630216,45.907488471));
#898=CARTESIAN_POINT('',(-52.575439927,14.358980132,45.969203102));
#899=CARTESIAN_POINT('',(-52.487281469,14.678125843,46.));
#900=CARTESIAN_POINT('',(-52.395133362,15.,46.));
#901=B_SPLINE_CURVE_WITH_KNOTS('',3,(#867,#868,#869,#870,#871,#872,#873,#874,#875,#876,#877,#878,#879,#880,#881,#882,#883,#884,#885,#886,#887,#888,#889,#890,#891,#892,
#893,#894,#895,#896,#897,#898,#899,#900),.UNSPECIFIED.,.F.,.F.,(4,3,3,3,3,3,3,3,3,3,3,4),(0.,0.00099083,0.001486244,0.001981659,0.002972489,0.003467904,0.003963319,0.004954148,0.005944978,0.006440393,0.006935808,0.007926637),.UNSPECIFIED.);
#902=EDGE_CURVE('',#860,#791,#901,.T.);
#903=ORIENTED_EDGE('',*,*,#902,.T.);
#904=ORIENTED_EDGE('',*,*,#797,.F.);
#905=CARTESIAN_POINT('',(-10.,53.574714185,42.));
#906=VERTEX_POINT('',#905);
#907=CARTESIAN_POINT('',(-14.,52.671149598,46.));
#908=CARTESIAN_POINT('',(-13.741406894,52.739883687,46.));
#909=CARTESIAN_POINT('',(-13.486363071,52.805636615,45.975155619));
#910=CARTESIAN_POINT('',(-13.234805047,52.868610114,45.926127441));
#911=CARTESIAN_POINT('',(-13.109026036,52.900096863,45.901613352));
#912=CARTESIAN_POINT('',(-12.984125199,52.930886755,45.871011554));
#913=CARTESIAN_POINT('',(-12.860135874,52.960994187,45.834150463));
#914=CARTESIAN_POINT('',(-12.73614655,52.991101619,45.797289373));
#915=CARTESIAN_POINT('',(-12.612486601,53.020660689,45.753888578));
#916=CARTESIAN_POINT('',(-12.492172926,53.048992597,45.704923415));
#917=CARTESIAN_POINT('',(-12.251545576,53.105656415,45.60699309));
#918=CARTESIAN_POINT('',(-12.022580154,53.157850533,45.486734036));
#919=CARTESIAN_POINT('',(-11.805362351,53.206046834,45.344183845));
#920=CARTESIAN_POINT('',(-11.588144549,53.254243136,45.201633655));
#921=CARTESIAN_POINT('',(-11.380900415,53.2987941,45.034607836));
#922=CARTESIAN_POINT('',(-11.194318147,53.337953103,44.85099094));
#923=CARTESIAN_POINT('',(-11.00773588,53.377112105,44.667374045));
#924=CARTESIAN_POINT('',(-10.840054033,53.411291866,44.466644339));
#925=CARTESIAN_POINT('',(-10.691764906,53.440959602,44.248461822));
#926=CARTESIAN_POINT('',(-10.617620343,53.45579347,44.139370564));
#927=CARTESIAN_POINT('',(-10.548034217,53.469553243,44.025211347));
#928=CARTESIAN_POINT('',(-10.484818681,53.481946274,43.908795508));
#929=CARTESIAN_POINT('',(-10.421603144,53.494339304,43.792379669));
#930=CARTESIAN_POINT('',(-10.364515207,53.505415899,43.67349171));
#931=CARTESIAN_POINT('',(-10.313439377,53.515259209,43.552182585));
#932=CARTESIAN_POINT('',(-10.109136058,53.554632447,43.066946083));
#933=CARTESIAN_POINT('',(-10.,53.574714185,42.535575653));
#934=CARTESIAN_POINT('',(-10.,53.574714185,42.));
#935=B_SPLINE_CURVE_WITH_KNOTS('',3,(#907,#908,#909,#910,#911,#912,#913,#914,#915,#916,#917,#918,#919,#920,#921,#922,#923,#924,#925,#926,#927,#928,#929,#930,#931,#932,
#933,#934),.UNSPECIFIED.,.F.,.F.,(4,3,3,3,3,3,3,3,3,4),(0.,0.000791575,0.001187363,0.001583151,0.002374726,0.003166301,0.003957876,0.004353664,0.004749452,0.006332602),.UNSPECIFIED.);
#936=EDGE_CURVE('',#783,#906,#935,.T.);
#937=ORIENTED_EDGE('',*,*,#936,.T.);
#938=CARTESIAN_POINT('',(-10.,53.574714185,8.));
#939=VERTEX_POINT('',#938);
#940=CARTESIAN_POINT('',(-10.,53.574714185,8.));
#941=DIRECTION('',(0.,0.,1.));
#942=VECTOR('',#941,34.);
#943=LINE('',#940,#942);
#944=EDGE_CURVE('',#939,#906,#943,.T.);
#945=ORIENTED_EDGE('',*,*,#944,.F.);
#946=CARTESIAN_POINT('',(-8.,53.909646632,6.));
#947=VERTEX_POINT('',#946);
#948=CARTESIAN_POINT('',(-10.,53.574714185,8.));
#949=CARTESIAN_POINT('',(-10.,53.574714185,7.867037886));
#950=CARTESIAN_POINT('',(-9.986872982,53.577169121,7.736359471));
#951=CARTESIAN_POINT('',(-9.961181019,53.581945399,7.607866082));
#952=CARTESIAN_POINT('',(-9.935489057,53.586721676,7.479372693));
#953=CARTESIAN_POINT('',(-9.896573462,53.593940708,7.351695827));
#954=CARTESIAN_POINT('',(-9.845972318,53.603235249,7.230333707));
#955=CARTESIAN_POINT('',(-9.795371173,53.612529789,7.108971588));
#956=CARTESIAN_POINT('',(-9.73350089,53.623823671,6.993950849));
#957=CARTESIAN_POINT('',(-9.660482453,53.636974922,6.885191486));
#958=CARTESIAN_POINT('',(-9.587464017,53.650126173,6.776432124));
#959=CARTESIAN_POINT('',(-9.502790484,53.665219262,6.673886143));
#960=CARTESIAN_POINT('',(-9.410467692,53.68140365,6.582050463));
#961=CARTESIAN_POINT('',(-9.225822108,53.713772425,6.398379102));
#962=CARTESIAN_POINT('',(-9.003195728,53.751757121,6.250486549));
#963=CARTESIAN_POINT('',(-8.763606039,53.790791119,6.151512559));
#964=CARTESIAN_POINT('',(-8.643811194,53.810308118,6.102025565));
#965=CARTESIAN_POINT('',(-8.518162943,53.830361166,6.063859254));
#966=CARTESIAN_POINT('',(-8.389776584,53.850363498,6.03834911));
#967=CARTESIAN_POINT('',(-8.261390225,53.87036583,6.012838966));
#968=CARTESIAN_POINT('',(-8.131472776,53.890136539,6.));
#969=CARTESIAN_POINT('',(-8.,53.909646632,6.));
#970=B_SPLINE_CURVE_WITH_KNOTS('',3,(#948,#949,#950,#951,#952,#953,#954,#955,#956,#957,#958,#959,#960,#961,#962,#963,#964,#965,#966,#967,#968,#969),.UNSPECIFIED.,.F.,.F.,(4,3,3,3,3,3,3,4),(0.,0.000393179,0.000786358,0.001179537,0.001572716,0.002359074,0.002752253,0.003145432),.UNSPECIFIED.);
#971=EDGE_CURVE('',#939,#947,#970,.T.);
#972=ORIENTED_EDGE('',*,*,#971,.T.);
#973=CARTESIAN_POINT('',(8.,53.909646632,6.));
#974=VERTEX_POINT('',#973);
#975=CARTESIAN_POINT('',(0.,0.,6.));
#976=DIRECTION('',(0.,0.,1.));
#977=DIRECTION('',(1.,0.,-0.));
#978=AXIS2_PLACEMENT_3D('',#975,#976,#977);
#979=CIRCLE('',#978,54.5);
#980=EDGE_CURVE('',#974,#947,#979,.T.);
#981=ORIENTED_EDGE('',*,*,#980,.F.);
#982=CARTESIAN_POINT('',(10.,53.574714185,8.));
#983=VERTEX_POINT('',#982);
#984=CARTESIAN_POINT('',(8.,53.909646632,6.));
#985=CARTESIAN_POINT('',(8.131506531,53.89013153,6.));
#986=CARTESIAN_POINT('',(8.26077689,53.870456842,6.012843667));
#987=CARTESIAN_POINT('',(8.387910949,53.850654127,6.037979334));
#988=CARTESIAN_POINT('',(8.515045008,53.830851412,6.063115));
#989=CARTESIAN_POINT('',(8.641298729,53.810713675,6.101112866));
#990=CARTESIAN_POINT('',(8.761978106,53.791056317,6.150840903));
#991=CARTESIAN_POINT('',(8.882657483,53.771398959,6.20056894));
#992=CARTESIAN_POINT('',(8.997173996,53.752329753,6.261444922));
#993=CARTESIAN_POINT('',(9.105599945,53.733956207,6.333372039));
#994=CARTESIAN_POINT('',(9.214025894,53.715582661,6.405299155));
#995=CARTESIAN_POINT('',(9.317013605,53.697784622,6.489215993));
#996=CARTESIAN_POINT('',(9.409496633,53.681573869,6.581085189));
#997=CARTESIAN_POINT('',(9.501979662,53.665363117,6.672954385));
#998=CARTESIAN_POINT('',(9.58504525,53.650558942,6.773258436));
#999=CARTESIAN_POINT('',(9.658478228,53.637335862,6.88221202));
#1000=CARTESIAN_POINT('',(9.731911205,53.624112781,6.991165604));
#1001=CARTESIAN_POINT('',(9.794889015,53.612617698,7.108111774));
#1002=CARTESIAN_POINT('',(9.845303964,53.603358009,7.228732678));
#1003=CARTESIAN_POINT('',(9.94613386,53.584838631,7.469974485));
#1004=CARTESIAN_POINT('',(10.,53.574714185,7.734010232));
#1005=CARTESIAN_POINT('',(10.,53.574714185,8.));
#1006=B_SPLINE_CURVE_WITH_KNOTS('',3,(#984,#985,#986,#987,#988,#989,#990,#991,#992,#993,#994,#995,#996,#997,#998,#999,#1000,#1001,#1002,#1003,#1004,#1005),.UNSPECIFIED.,.F.,.F.,(4,3,3,3,3,3,3,4),(0.,0.000393181,0.000786361,0.001179542,0.001572723,0.001965904,0.002359084,0.003145446),.UNSPECIFIED.);
#1007=EDGE_CURVE('',#974,#983,#1006,.T.);
#1008=ORIENTED_EDGE('',*,*,#1007,.T.);
#1009=CARTESIAN_POINT('',(10.,53.574714185,42.));
#1010=VERTEX_POINT('',#1009);
#1011=CARTESIAN_POINT('',(10.,53.574714185,8.));
#1012=DIRECTION('',(0.,0.,1.));
#1013=VECTOR('',#1012,34.);
#1014=LINE('',#1011,#1013);
#1015=EDGE_CURVE('',#983,#1010,#1014,.T.);
#1016=ORIENTED_EDGE('',*,*,#1015,.T.);
#1017=CARTESIAN_POINT('',(10.,53.574714185,42.));
#1018=CARTESIAN_POINT('',(10.,53.574714185,42.267672019));
#1019=CARTESIAN_POINT('',(10.026597215,53.569769032,42.530725569));
#1020=CARTESIAN_POINT('',(10.078658307,53.55997243,42.789353742));
#1021=CARTESIAN_POINT('',(10.104688854,53.555074129,42.918667829));
#1022=CARTESIAN_POINT('',(10.137133889,53.548950437,43.046867035));
#1023=CARTESIAN_POINT('',(10.176140567,53.541536802,43.17392463));
#1024=CARTESIAN_POINT('',(10.215147246,53.534123167,43.300982226));
#1025=CARTESIAN_POINT('',(10.260829844,53.525396693,43.426920168));
#1026=CARTESIAN_POINT('',(10.312045663,53.515527786,43.548868234));
#1027=CARTESIAN_POINT('',(10.4144773,53.495789972,43.792764366));
#1028=CARTESIAN_POINT('',(10.539686318,53.471372723,44.023776844));
#1029=CARTESIAN_POINT('',(10.687390355,53.441834619,44.242011896));
#1030=CARTESIAN_POINT('',(10.761242374,53.427065566,44.351129422));
#1031=CARTESIAN_POINT('',(10.841251169,53.410904413,44.457589413));
#1032=CARTESIAN_POINT('',(10.925739364,53.393615904,44.559086075));
#1033=CARTESIAN_POINT('',(11.010227558,53.376327396,44.660582738));
#1034=CARTESIAN_POINT('',(11.099054166,53.357942513,44.757094701));
#1035=CARTESIAN_POINT('',(11.192069732,53.33842494,44.848776511));
#1036=CARTESIAN_POINT('',(11.378100865,53.299389796,45.032140132));
#1037=CARTESIAN_POINT('',(11.580772096,53.255856923,45.196316991));
#1038=CARTESIAN_POINT('',(11.800334765,53.207162107,45.340879054));
#1039=CARTESIAN_POINT('',(12.019897433,53.15846729,45.485441117));
#1040=CARTESIAN_POINT('',(12.249992653,53.106006109,45.606108071));
#1041=CARTESIAN_POINT('',(12.488830544,53.049779563,45.703561377));
#1042=CARTESIAN_POINT('',(12.60824949,53.021666289,45.75228803));
#1043=CARTESIAN_POINT('',(12.729963349,52.992587419,45.795229201));
#1044=CARTESIAN_POINT('',(12.8539883,52.96248658,45.832317469));
#1045=CARTESIAN_POINT('',(12.978013252,52.932385742,45.869405737));
#1046=CARTESIAN_POINT('',(13.10474062,52.901161395,45.900669545));
#1047=CARTESIAN_POINT('',(13.231608844,52.869410129,45.925503157));
#1048=CARTESIAN_POINT('',(13.485345293,52.805907596,45.975170379));
#1049=CARTESIAN_POINT('',(13.741486687,52.739862478,46.));
#1050=CARTESIAN_POINT('',(14.,52.671149598,46.));
#1051=B_SPLINE_CURVE_WITH_KNOTS('',3,(#1017,#1018,#1019,#1020,#1021,#1022,#1023,#1024,#1025,#1026,#1027,#1028,#1029,#1030,#1031,#1032,#1033,#1034,#1035,#1036,#1037,#1038,#1039,#1040,#1041,#1042,
#1043,#1044,#1045,#1046,#1047,#1048,#1049,#1050),.UNSPECIFIED.,.F.,.F.,(4,3,3,3,3,3,3,3,3,3,3,4),(0.,0.000791564,0.001187346,0.001583127,0.002374691,0.002770473,0.003166255,0.003957819,0.004749382,0.005145164,0.005540946,0.00633251),.UNSPECIFIED.);
#1052=EDGE_CURVE('',#1010,#752,#1051,.T.);
#1053=ORIENTED_EDGE('',*,*,#1052,.T.);
#1054=ORIENTED_EDGE('',*,*,#758,.F.);
#1055=CARTESIAN_POINT('',(53.574714185,10.,42.));
#1056=VERTEX_POINT('',#1055);
#1057=CARTESIAN_POINT('',(52.671149598,14.,46.));
#1058=CARTESIAN_POINT('',(52.739883687,13.741406894,46.));
#1059=CARTESIAN_POINT('',(52.805636615,13.486363071,45.975155619));
#1060=CARTESIAN_POINT('',(52.868610114,13.234805047,45.926127441));
#1061=CARTESIAN_POINT('',(52.900096863,13.109026036,45.901613352));
#1062=CARTESIAN_POINT('',(52.930886755,12.984125199,45.871011554));
#1063=CARTESIAN_POINT('',(52.960994187,12.860135874,45.834150463));
#1064=CARTESIAN_POINT('',(52.991101619,12.73614655,45.797289373));
#1065=CARTESIAN_POINT('',(53.020660689,12.612486601,45.753888578));
#1066=CARTESIAN_POINT('',(53.048992597,12.492172926,45.704923415));
#1067=CARTESIAN_POINT('',(53.105656415,12.251545576,45.60699309));
#1068=CARTESIAN_POINT('',(53.157850533,12.022580154,45.486734036));
#1069=CARTESIAN_POINT('',(53.206046834,11.805362351,45.344183845));
#1070=CARTESIAN_POINT('',(53.254243136,11.588144549,45.201633655));
#1071=CARTESIAN_POINT('',(53.2987941,11.380900415,45.034607836));
#1072=CARTESIAN_POINT('',(53.337953103,11.194318147,44.85099094));
#1073=CARTESIAN_POINT('',(53.377112105,11.00773588,44.667374045));
#1074=CARTESIAN_POINT('',(53.411291866,10.840054033,44.466644339));
#1075=CARTESIAN_POINT('',(53.440959602,10.691764906,44.248461822));
#1076=CARTESIAN_POINT('',(53.45579347,10.617620343,44.139370564));
#1077=CARTESIAN_POINT('',(53.469553243,10.548034217,44.025211347));
#1078=CARTESIAN_POINT('',(53.481946274,10.484818681,43.908795508));
#1079=CARTESIAN_POINT('',(53.494339304,10.421603144,43.792379669));
#1080=CARTESIAN_POINT('',(53.505415899,10.364515207,43.67349171));
#1081=CARTESIAN_POINT('',(53.515259209,10.313439377,43.552182585));
#1082=CARTESIAN_POINT('',(53.554632447,10.109136058,43.066946083));
#1083=CARTESIAN_POINT('',(53.574714185,10.,42.535575653));
#1084=CARTESIAN_POINT('',(53.574714185,10.,42.));
#1085=B_SPLINE_CURVE_WITH_KNOTS('',3,(#1057,#1058,#1059,#1060,#1061,#1062,#1063,#1064,#1065,#1066,#1067,#1068,#1069,#1070,#1071,#1072,#1073,#1074,#1075,#1076,#1077,#1078,#1079,#1080,#1081,#1082,
#1083,#1084),.UNSPECIFIED.,.F.,.F.,(4,3,3,3,3,3,3,3,3,4),(0.,0.000791575,0.001187363,0.001583151,0.002374726,0.003166301,0.003957876,0.004353664,0.004749452,0.006332602),.UNSPECIFIED.);
#1086=EDGE_CURVE('',#750,#1056,#1085,.T.);
#1087=ORIENTED_EDGE('',*,*,#1086,.T.);
#1088=CARTESIAN_POINT('',(53.574714185,10.,8.));
#1089=VERTEX_POINT('',#1088);
#1090=CARTESIAN_POINT('',(53.574714185,10.,8.));
#1091=DIRECTION('',(0.,0.,1.));
#1092=VECTOR('',#1091,34.);
#1093=LINE('',#1090,#1092);
#1094=EDGE_CURVE('',#1089,#1056,#1093,.T.);
#1095=ORIENTED_EDGE('',*,*,#1094,.F.);
#1096=CARTESIAN_POINT('',(53.909646632,8.,6.));
#1097=VERTEX_POINT('',#1096);
#1098=CARTESIAN_POINT('',(53.574714185,10.,8.));
#1099=CARTESIAN_POINT('',(53.574714185,10.,7.867037886));
#1100=CARTESIAN_POINT('',(53.577169121,9.986872982,7.736359471));
#1101=CARTESIAN_POINT('',(53.581945399,9.961181019,7.607866082));
#1102=CARTESIAN_POINT('',(53.586721676,9.935489057,7.479372693));
#1103=CARTESIAN_POINT('',(53.593940708,9.896573462,7.351695827));
#1104=CARTESIAN_POINT('',(53.603235249,9.845972318,7.230333707));
#1105=CARTESIAN_POINT('',(53.612529789,9.795371173,7.108971588));
#1106=CARTESIAN_POINT('',(53.623823671,9.73350089,6.993950849));
#1107=CARTESIAN_POINT('',(53.636974922,9.660482453,6.885191486));
#1108=CARTESIAN_POINT('',(53.650126173,9.587464017,6.776432124));
#1109=CARTESIAN_POINT('',(53.665219262,9.502790484,6.673886143));
#1110=CARTESIAN_POINT('',(53.68140365,9.410467692,6.582050463));
#1111=CARTESIAN_POINT('',(53.713772425,9.225822108,6.398379102));
#1112=CARTESIAN_POINT('',(53.751757121,9.003195728,6.250486549));
#1113=CARTESIAN_POINT('',(53.790791119,8.763606039,6.151512559));
#1114=CARTESIAN_POINT('',(53.810308118,8.643811194,6.102025565));
#1115=CARTESIAN_POINT('',(53.830361166,8.518162943,6.063859254));
#1116=CARTESIAN_POINT('',(53.850363498,8.389776584,6.03834911));
#1117=CARTESIAN_POINT('',(53.87036583,8.261390225,6.012838966));
#1118=CARTESIAN_POINT('',(53.890136539,8.131472776,6.));
#1119=CARTESIAN_POINT('',(53.909646632,8.,6.));
#1120=B_SPLINE_CURVE_WITH_KNOTS('',3,(#1098,#1099,#1100,#1101,#1102,#1103,#1104,#1105,#1106,#1107,#1108,#1109,#1110,#1111,#1112,#1113,#1114,#1115,#1116,#1117,#1118,#1119),.UNSPECIFIED.,.F.,.F.,(4,3,3,3,3,3,3,4),(0.,0.000393179,0.000786358,0.001179537,0.001572716,0.002359074,0.002752253,0.003145432),.UNSPECIFIED.);
#1121=EDGE_CURVE('',#1089,#1097,#1120,.T.);
#1122=ORIENTED_EDGE('',*,*,#1121,.T.);
#1123=CARTESIAN_POINT('',(53.909646632,-8.,6.));
#1124=VERTEX_POINT('',#1123);
#1125=CARTESIAN_POINT('',(0.,0.,6.));
#1126=DIRECTION('',(0.,0.,1.));
#1127=DIRECTION('',(1.,0.,-0.));
#1128=AXIS2_PLACEMENT_3D('',#1125,#1126,#1127);
#1129=CIRCLE('',#1128,54.5);
#1130=EDGE_CURVE('',#1124,#1097,#1129,.T.);
#1131=ORIENTED_EDGE('',*,*,#1130,.F.);
#1132=CARTESIAN_POINT('',(53.574714185,-10.,8.));
#1133=VERTEX_POINT('',#1132);
#1134=CARTESIAN_POINT('',(53.909646632,-8.,6.));
#1135=CARTESIAN_POINT('',(53.89013153,-8.131506531,6.));
#1136=CARTESIAN_POINT('',(53.870456842,-8.26077689,6.012843667));
#1137=CARTESIAN_POINT('',(53.850654127,-8.387910949,6.037979334));
#1138=CARTESIAN_POINT('',(53.830851412,-8.515045008,6.063115));
#1139=CARTESIAN_POINT('',(53.810713675,-8.641298729,6.101112866));
#1140=CARTESIAN_POINT('',(53.791056317,-8.761978106,6.150840903));
#1141=CARTESIAN_POINT('',(53.771398959,-8.882657483,6.20056894));
#1142=CARTESIAN_POINT('',(53.752329753,-8.997173996,6.261444922));
#1143=CARTESIAN_POINT('',(53.733956207,-9.105599945,6.333372039));
#1144=CARTESIAN_POINT('',(53.715582661,-9.214025894,6.405299155));
#1145=CARTESIAN_POINT('',(53.697784622,-9.317013605,6.489215993));
#1146=CARTESIAN_POINT('',(53.681573869,-9.409496633,6.581085189));
#1147=CARTESIAN_POINT('',(53.665363117,-9.501979662,6.672954385));
#1148=CARTESIAN_POINT('',(53.650558942,-9.58504525,6.773258436));
#1149=CARTESIAN_POINT('',(53.637335862,-9.658478228,6.88221202));
#1150=CARTESIAN_POINT('',(53.624112781,-9.731911205,6.991165604));
#1151=CARTESIAN_POINT('',(53.612617698,-9.794889015,7.108111774));
#1152=CARTESIAN_POINT('',(53.603358009,-9.845303964,7.228732678));
#1153=CARTESIAN_POINT('',(53.584838631,-9.94613386,7.469974485));
#1154=CARTESIAN_POINT('',(53.574714185,-10.,7.734010232));
#1155=CARTESIAN_POINT('',(53.574714185,-10.,8.));
#1156=B_SPLINE_CURVE_WITH_KNOTS('',3,(#1134,#1135,#1136,#1137,#1138,#1139,#1140,#1141,#1142,#1143,#1144,#1145,#1146,#1147,#1148,#1149,#1150,#1151,#1152,#1153,#1154,#1155),.UNSPECIFIED.,.F.,.F.,(4,3,3,3,3,3,3,4),(0.,0.000393181,0.000786361,0.001179542,0.001572723,0.001965904,0.002359084,0.003145446),.UNSPECIFIED.);
#1157=EDGE_CURVE('',#1124,#1133,#1156,.T.);
#1158=ORIENTED_EDGE('',*,*,#1157,.T.);
#1159=CARTESIAN_POINT('',(53.574714185,-10.,42.));
#1160=VERTEX_POINT('',#1159);
#1161=CARTESIAN_POINT('',(53.574714185,-10.,8.));
#1162=DIRECTION('',(0.,0.,1.));
#1163=VECTOR('',#1162,34.);
#1164=LINE('',#1161,#1163);
#1165=EDGE_CURVE('',#1133,#1160,#1164,.T.);
#1166=ORIENTED_EDGE('',*,*,#1165,.T.);
#1167=CARTESIAN_POINT('',(52.671149598,-14.,46.));
#1168=VERTEX_POINT('',#1167);
#1169=CARTESIAN_POINT('',(53.574714185,-10.,42.));
#1170=CARTESIAN_POINT('',(53.574714185,-10.,42.267672019));
#1171=CARTESIAN_POINT('',(53.569769032,-10.026597215,42.530725569));
#1172=CARTESIAN_POINT('',(53.55997243,-10.078658307,42.789353742));
#1173=CARTESIAN_POINT('',(53.555074129,-10.104688854,42.918667829));
#1174=CARTESIAN_POINT('',(53.548950437,-10.137133889,43.046867035));
#1175=CARTESIAN_POINT('',(53.541536802,-10.176140567,43.17392463));
#1176=CARTESIAN_POINT('',(53.534123167,-10.215147246,43.300982226));
#1177=CARTESIAN_POINT('',(53.525396693,-10.260829844,43.426920168));
#1178=CARTESIAN_POINT('',(53.515527786,-10.312045663,43.548868234));
#1179=CARTESIAN_POINT('',(53.495789972,-10.4144773,43.792764366));
#1180=CARTESIAN_POINT('',(53.471372723,-10.539686318,44.023776844));
#1181=CARTESIAN_POINT('',(53.441834619,-10.687390355,44.242011896));
#1182=CARTESIAN_POINT('',(53.427065566,-10.761242374,44.351129422));
#1183=CARTESIAN_POINT('',(53.410904413,-10.841251169,44.457589413));
#1184=CARTESIAN_POINT('',(53.393615904,-10.925739364,44.559086075));
#1185=CARTESIAN_POINT('',(53.376327396,-11.010227558,44.660582738));
#1186=CARTESIAN_POINT('',(53.357942513,-11.099054166,44.757094701));
#1187=CARTESIAN_POINT('',(53.33842494,-11.192069732,44.848776511));
#1188=CARTESIAN_POINT('',(53.299389796,-11.378100865,45.032140132));
#1189=CARTESIAN_POINT('',(53.255856923,-11.580772096,45.196316991));
#1190=CARTESIAN_POINT('',(53.207162107,-11.800334765,45.340879054));
#1191=CARTESIAN_POINT('',(53.15846729,-12.019897433,45.485441117));
#1192=CARTESIAN_POINT('',(53.106006109,-12.249992653,45.606108071));
#1193=CARTESIAN_POINT('',(53.049779563,-12.488830544,45.703561377));
#1194=CARTESIAN_POINT('',(53.021666289,-12.60824949,45.75228803));
#1195=CARTESIAN_POINT('',(52.992587419,-12.729963349,45.795229201));
#1196=CARTESIAN_POINT('',(52.96248658,-12.8539883,45.832317469));
#1197=CARTESIAN_POINT('',(52.932385742,-12.978013252,45.869405737));
#1198=CARTESIAN_POINT('',(52.901161395,-13.10474062,45.900669545));
#1199=CARTESIAN_POINT('',(52.869410129,-13.231608844,45.925503157));
#1200=CARTESIAN_POINT('',(52.805907596,-13.485345293,45.975170379));
#1201=CARTESIAN_POINT('',(52.739862478,-13.741486687,46.));
#1202=CARTESIAN_POINT('',(52.671149598,-14.,46.));
#1203=B_SPLINE_CURVE_WITH_KNOTS('',3,(#1169,#1170,#1171,#1172,#1173,#1174,#1175,#1176,#1177,#1178,#1179,#1180,#1181,#1182,#1183,#1184,#1185,#1186,#1187,#1188,#1189,#1190,#1191,#1192,#1193,#1194,
#1195,#1196,#1197,#1198,#1199,#1200,#1201,#1202),.UNSPECIFIED.,.F.,.F.,(4,3,3,3,3,3,3,3,3,3,3,4),(0.,0.000791564,0.001187346,0.001583127,0.002374691,0.002770473,0.003166255,0.003957819,0.004749382,0.005145164,0.005540946,0.00633251),.UNSPECIFIED.);
#1204=EDGE_CURVE('',#1160,#1168,#1203,.T.);
#1205=ORIENTED_EDGE('',*,*,#1204,.T.);
#1206=CARTESIAN_POINT('',(14.,-52.671149598,46.));
#1207=VERTEX_POINT('',#1206);
#1208=CARTESIAN_POINT('',(0.,0.,46.));
#1209=DIRECTION('',(0.,0.,1.));
#1210=DIRECTION('',(1.,0.,-0.));
#1211=AXIS2_PLACEMENT_3D('',#1208,#1209,#1210);
#1212=CIRCLE('',#1211,54.5);
#1213=EDGE_CURVE('',#1207,#1168,#1212,.T.);
#1214=ORIENTED_EDGE('',*,*,#1213,.F.);
#1215=CARTESIAN_POINT('',(10.,-53.574714185,42.));
#1216=VERTEX_POINT('',#1215);
#1217=CARTESIAN_POINT('',(14.,-52.671149598,46.));
#1218=CARTESIAN_POINT('',(13.741406894,-52.739883687,46.));
#1219=CARTESIAN_POINT('',(13.486363071,-52.805636615,45.975155619));
#1220=CARTESIAN_POINT('',(13.234805047,-52.868610114,45.926127441));
#1221=CARTESIAN_POINT('',(13.109026036,-52.900096863,45.901613352));
#1222=CARTESIAN_POINT('',(12.984125199,-52.930886755,45.871011554));
#1223=CARTESIAN_POINT('',(12.860135874,-52.960994187,45.834150463));
#1224=CARTESIAN_POINT('',(12.73614655,-52.991101619,45.797289373));
#1225=CARTESIAN_POINT('',(12.612486601,-53.020660689,45.753888578));
#1226=CARTESIAN_POINT('',(12.492172926,-53.048992597,45.704923415));
#1227=CARTESIAN_POINT('',(12.251545576,-53.105656415,45.60699309));
#1228=CARTESIAN_POINT('',(12.022580154,-53.157850533,45.486734036));
#1229=CARTESIAN_POINT('',(11.805362351,-53.206046834,45.344183845));
#1230=CARTESIAN_POINT('',(11.588144549,-53.254243136,45.201633655));
#1231=CARTESIAN_POINT('',(11.380900415,-53.2987941,45.034607836));
#1232=CARTESIAN_POINT('',(11.194318147,-53.337953103,44.85099094));
#1233=CARTESIAN_POINT('',(11.00773588,-53.377112105,44.667374045));
#1234=CARTESIAN_POINT('',(10.840054033,-53.411291866,44.466644339));
#1235=CARTESIAN_POINT('',(10.691764906,-53.440959602,44.248461822));
#1236=CARTESIAN_POINT('',(10.617620343,-53.45579347,44.139370564));
#1237=CARTESIAN_POINT('',(10.548034217,-53.469553243,44.025211347));
#1238=CARTESIAN_POINT('',(10.484818681,-53.481946274,43.908795508));
#1239=CARTESIAN_POINT('',(10.421603144,-53.494339304,43.792379669));
#1240=CARTESIAN_POINT('',(10.364515207,-53.505415899,43.67349171));
#1241=CARTESIAN_POINT('',(10.313439377,-53.515259209,43.552182585));
#1242=CARTESIAN_POINT('',(10.109136058,-53.554632447,43.066946083));
#1243=CARTESIAN_POINT('',(10.,-53.574714185,42.535575653));
#1244=CARTESIAN_POINT('',(10.,-53.574714185,42.));
#1245=B_SPLINE_CURVE_WITH_KNOTS('',3,(#1217,#1218,#1219,#1220,#1221,#1222,#1223,#1224,#1225,#1226,#1227,#1228,#1229,#1230,#1231,#1232,#1233,#1234,#1235,#1236,#1237,#1238,#1239,#1240,#1241,#1242,
#1243,#1244),.UNSPECIFIED.,.F.,.F.,(4,3,3,3,3,3,3,3,3,4),(0.,0.000791575,0.001187363,0.001583151,0.002374726,0.003166301,0.003957876,0.004353664,0.004749452,0.006332602),.UNSPECIFIED.);
#1246=EDGE_CURVE('',#1207,#1216,#1245,.T.);
#1247=ORIENTED_EDGE('',*,*,#1246,.T.);
#1248=CARTESIAN_POINT('',(10.,-53.574714185,8.));
#1249=VERTEX_POINT('',#1248);
#1250=CARTESIAN_POINT('',(10.,-53.574714185,8.));
#1251=DIRECTION('',(0.,0.,1.));
#1252=VECTOR('',#1251,34.);
#1253=LINE('',#1250,#1252);
#1254=EDGE_CURVE('',#1249,#1216,#1253,.T.);
#1255=ORIENTED_EDGE('',*,*,#1254,.F.);
#1256=CARTESIAN_POINT('',(8.,-53.909646632,6.));
#1257=VERTEX_POINT('',#1256);
#1258=CARTESIAN_POINT('',(10.,-53.574714185,8.));
#1259=CARTESIAN_POINT('',(10.,-53.574714185,7.867037886));
#1260=CARTESIAN_POINT('',(9.986872982,-53.577169121,7.736359471));
#1261=CARTESIAN_POINT('',(9.961181019,-53.581945399,7.607866082));
#1262=CARTESIAN_POINT('',(9.935489057,-53.586721676,7.479372693));
#1263=CARTESIAN_POINT('',(9.896573462,-53.593940708,7.351695827));
#1264=CARTESIAN_POINT('',(9.845972318,-53.603235249,7.230333707));
#1265=CARTESIAN_POINT('',(9.795371173,-53.612529789,7.108971588));
#1266=CARTESIAN_POINT('',(9.73350089,-53.623823671,6.993950849));
#1267=CARTESIAN_POINT('',(9.660482453,-53.636974922,6.885191486));
#1268=CARTESIAN_POINT('',(9.587464017,-53.650126173,6.776432124));
#1269=CARTESIAN_POINT('',(9.502790484,-53.665219262,6.673886143));
#1270=CARTESIAN_POINT('',(9.410467692,-53.68140365,6.582050463));
#1271=CARTESIAN_POINT('',(9.225822108,-53.713772425,6.398379102));
#1272=CARTESIAN_POINT('',(9.003195728,-53.751757121,6.250486549));
#1273=CARTESIAN_POINT('',(8.763606039,-53.790791119,6.151512559));
#1274=CARTESIAN_POINT('',(8.643811194,-53.810308118,6.102025565));
#1275=CARTESIAN_POINT('',(8.518162943,-53.830361166,6.063859254));
#1276=CARTESIAN_POINT('',(8.389776584,-53.850363498,6.03834911));
#1277=CARTESIAN_POINT('',(8.261390225,-53.87036583,6.012838966));
#1278=CARTESIAN_POINT('',(8.131472776,-53.890136539,6.));
#1279=CARTESIAN_POINT('',(8.,-53.909646632,6.));
#1280=B_SPLINE_CURVE_WITH_KNOTS('',3,(#1258,#1259,#1260,#1261,#1262,#1263,#1264,#1265,#1266,#1267,#1268,#1269,#1270,#1271,#1272,#1273,#1274,#1275,#1276,#1277,#1278,#1279),.UNSPECIFIED.,.F.,.F.,(4,3,3,3,3,3,3,4),(0.,0.000393179,0.000786358,0.001179537,0.001572716,0.002359074,0.002752253,0.003145432),.UNSPECIFIED.);
#1281=EDGE_CURVE('',#1249,#1257,#1280,.T.);
#1282=ORIENTED_EDGE('',*,*,#1281,.T.);
#1283=CARTESIAN_POINT('',(-8.,-53.909646632,6.));
#1284=VERTEX_POINT('',#1283);
#1285=CARTESIAN_POINT('',(0.,0.,6.));
#1286=DIRECTION('',(0.,0.,1.));
#1287=DIRECTION('',(1.,0.,-0.));
#1288=AXIS2_PLACEMENT_3D('',#1285,#1286,#1287);
#1289=CIRCLE('',#1288,54.5);
#1290=EDGE_CURVE('',#1284,#1257,#1289,.T.);
#1291=ORIENTED_EDGE('',*,*,#1290,.F.);
#1292=CARTESIAN_POINT('',(-10.,-53.574714185,8.));
#1293=VERTEX_POINT('',#1292);
#1294=CARTESIAN_POINT('',(-8.,-53.909646632,6.));
#1295=CARTESIAN_POINT('',(-8.131506531,-53.89013153,6.));
#1296=CARTESIAN_POINT('',(-8.26077689,-53.870456842,6.012843667));
#1297=CARTESIAN_POINT('',(-8.387910949,-53.850654127,6.037979334));
#1298=CARTESIAN_POINT('',(-8.515045008,-53.830851412,6.063115));
#1299=CARTESIAN_POINT('',(-8.641298729,-53.810713675,6.101112866));
#1300=CARTESIAN_POINT('',(-8.761978106,-53.791056317,6.150840903));
#1301=CARTESIAN_POINT('',(-8.882657483,-53.771398959,6.20056894));
#1302=CARTESIAN_POINT('',(-8.997173996,-53.752329753,6.261444922));
#1303=CARTESIAN_POINT('',(-9.105599945,-53.733956207,6.333372039));
#1304=CARTESIAN_POINT('',(-9.214025894,-53.715582661,6.405299155));
#1305=CARTESIAN_POINT('',(-9.317013605,-53.697784622,6.489215993));
#1306=CARTESIAN_POINT('',(-9.409496633,-53.681573869,6.581085189));
#1307=CARTESIAN_POINT('',(-9.501979662,-53.665363117,6.672954385));
#1308=CARTESIAN_POINT('',(-9.58504525,-53.650558942,6.773258436));
#1309=CARTESIAN_POINT('',(-9.658478228,-53.637335862,6.88221202));
#1310=CARTESIAN_POINT('',(-9.731911205,-53.624112781,6.991165604));
#1311=CARTESIAN_POINT('',(-9.794889015,-53.612617698,7.108111774));
#1312=CARTESIAN_POINT('',(-9.845303964,-53.603358009,7.228732678));
#1313=CARTESIAN_POINT('',(-9.94613386,-53.584838631,7.469974485));
#1314=CARTESIAN_POINT('',(-10.,-53.574714185,7.734010232));
#1315=CARTESIAN_POINT('',(-10.,-53.574714185,8.));
#1316=B_SPLINE_CURVE_WITH_KNOTS('',3,(#1294,#1295,#1296,#1297,#1298,#1299,#1300,#1301,#1302,#1303,#1304,#1305,#1306,#1307,#1308,#1309,#1310,#1311,#1312,#1313,#1314,#1315),.UNSPECIFIED.,.F.,.F.,(4,3,3,3,3,3,3,4),(0.,0.000393181,0.000786361,0.001179542,0.001572723,0.001965904,0.002359084,0.003145446),.UNSPECIFIED.);
#1317=EDGE_CURVE('',#1284,#1293,#1316,.T.);
#1318=ORIENTED_EDGE('',*,*,#1317,.T.);
#1319=CARTESIAN_POINT('',(-10.,-53.574714185,42.));
#1320=VERTEX_POINT('',#1319);
#1321=CARTESIAN_POINT('',(-10.,-53.574714185,8.));
#1322=DIRECTION('',(0.,0.,1.));
#1323=VECTOR('',#1322,34.);
#1324=LINE('',#1321,#1323);
#1325=EDGE_CURVE('',#1293,#1320,#1324,.T.);
#1326=ORIENTED_EDGE('',*,*,#1325,.T.);
#1327=CARTESIAN_POINT('',(-10.,-53.574714185,42.));
#1328=CARTESIAN_POINT('',(-10.,-53.574714185,42.267672019));
#1329=CARTESIAN_POINT('',(-10.026597215,-53.569769032,42.530725569));
#1330=CARTESIAN_POINT('',(-10.078658307,-53.55997243,42.789353742));
#1331=CARTESIAN_POINT('',(-10.104688854,-53.555074129,42.918667829));
#1332=CARTESIAN_POINT('',(-10.137133889,-53.548950437,43.046867035));
#1333=CARTESIAN_POINT('',(-10.176140567,-53.541536802,43.17392463));
#1334=CARTESIAN_POINT('',(-10.215147246,-53.534123167,43.300982226));
#1335=CARTESIAN_POINT('',(-10.260829844,-53.525396693,43.426920168));
#1336=CARTESIAN_POINT('',(-10.312045663,-53.515527786,43.548868234));
#1337=CARTESIAN_POINT('',(-10.4144773,-53.495789972,43.792764366));
#1338=CARTESIAN_POINT('',(-10.539686318,-53.471372723,44.023776844));
#1339=CARTESIAN_POINT('',(-10.687390355,-53.441834619,44.242011896));
#1340=CARTESIAN_POINT('',(-10.761242374,-53.427065566,44.351129422));
#1341=CARTESIAN_POINT('',(-10.841251169,-53.410904413,44.457589413));
#1342=CARTESIAN_POINT('',(-10.925739364,-53.393615904,44.559086075));
#1343=CARTESIAN_POINT('',(-11.010227558,-53.376327396,44.660582738));
#1344=CARTESIAN_POINT('',(-11.099054166,-53.357942513,44.757094701));
#1345=CARTESIAN_POINT('',(-11.192069732,-53.33842494,44.848776511));
#1346=CARTESIAN_POINT('',(-11.378100865,-53.299389796,45.032140132));
#1347=CARTESIAN_POINT('',(-11.580772096,-53.255856923,45.196316991));
#1348=CARTESIAN_POINT('',(-11.800334765,-53.207162107,45.340879054));
#1349=CARTESIAN_POINT('',(-12.019897433,-53.15846729,45.485441117));
#1350=CARTESIAN_POINT('',(-12.249992653,-53.106006109,45.606108071));
#1351=CARTESIAN_POINT('',(-12.488830544,-53.049779563,45.703561377));
#1352=CARTESIAN_POINT('',(-12.60824949,-53.021666289,45.75228803));
#1353=CARTESIAN_POINT('',(-12.729963349,-52.992587419,45.795229201));
#1354=CARTESIAN_POINT('',(-12.8539883,-52.96248658,45.832317469));
#1355=CARTESIAN_POINT('',(-12.978013252,-52.932385742,45.869405737));
#1356=CARTESIAN_POINT('',(-13.10474062,-52.901161395,45.900669545));
#1357=CARTESIAN_POINT('',(-13.231608844,-52.869410129,45.925503157));
#1358=CARTESIAN_POINT('',(-13.485345293,-52.805907596,45.975170379));
#1359=CARTESIAN_POINT('',(-13.741486687,-52.739862478,46.));
#1360=CARTESIAN_POINT('',(-14.,-52.671149598,46.));
#1361=B_SPLINE_CURVE_WITH_KNOTS('',3,(#1327,#1328,#1329,#1330,#1331,#1332,#1333,#1334,#1335,#1336,#1337,#1338,#1339,#1340,#1341,#1342,#1343,#1344,#1345,#1346,#1347,#1348,#1349,#1350,#1351,#1352,
#1353,#1354,#1355,#1356,#1357,#1358,#1359,#1360),.UNSPECIFIED.,.F.,.F.,(4,3,3,3,3,3,3,3,3,3,3,4),(0.,0.000791564,0.001187346,0.001583127,0.002374691,0.002770473,0.003166255,0.003957819,0.004749382,0.005145164,0.005540946,0.00633251),.UNSPECIFIED.);
#1362=EDGE_CURVE('',#1320,#35,#1361,.T.);
#1363=ORIENTED_EDGE('',*,*,#1362,.T.);
#1364=ORIENTED_EDGE('',*,*,#41,.F.);
#1365=CARTESIAN_POINT('',(-53.574714185,-10.,42.));
#1366=VERTEX_POINT('',#1365);
#1367=CARTESIAN_POINT('',(-52.671149598,-14.,46.));
#1368=CARTESIAN_POINT('',(-52.739883687,-13.741406894,46.));
#1369=CARTESIAN_POINT('',(-52.805636615,-13.486363071,45.975155619));
#1370=CARTESIAN_POINT('',(-52.868610114,-13.234805047,45.926127441));
#1371=CARTESIAN_POINT('',(-52.900096863,-13.109026036,45.901613352));
#1372=CARTESIAN_POINT('',(-52.930886755,-12.984125199,45.871011554));
#1373=CARTESIAN_POINT('',(-52.960994187,-12.860135874,45.834150463));
#1374=CARTESIAN_POINT('',(-52.991101619,-12.73614655,45.797289373));
#1375=CARTESIAN_POINT('',(-53.020660689,-12.612486601,45.753888578));
#1376=CARTESIAN_POINT('',(-53.048992597,-12.492172926,45.704923415));
#1377=CARTESIAN_POINT('',(-53.105656415,-12.251545576,45.60699309));
#1378=CARTESIAN_POINT('',(-53.157850533,-12.022580154,45.486734036));
#1379=CARTESIAN_POINT('',(-53.206046834,-11.805362351,45.344183845));
#1380=CARTESIAN_POINT('',(-53.254243136,-11.588144549,45.201633655));
#1381=CARTESIAN_POINT('',(-53.2987941,-11.380900415,45.034607836));
#1382=CARTESIAN_POINT('',(-53.337953103,-11.194318147,44.85099094));
#1383=CARTESIAN_POINT('',(-53.377112105,-11.00773588,44.667374045));
#1384=CARTESIAN_POINT('',(-53.411291866,-10.840054033,44.466644339));
#1385=CARTESIAN_POINT('',(-53.440959602,-10.691764906,44.248461822));
#1386=CARTESIAN_POINT('',(-53.45579347,-10.617620343,44.139370564));
#1387=CARTESIAN_POINT('',(-53.469553243,-10.548034217,44.025211347));
#1388=CARTESIAN_POINT('',(-53.481946274,-10.484818681,43.908795508));
#1389=CARTESIAN_POINT('',(-53.494339304,-10.421603144,43.792379669));
#1390=CARTESIAN_POINT('',(-53.505415899,-10.364515207,43.67349171));
#1391=CARTESIAN_POINT('',(-53.515259209,-10.313439377,43.552182585));
#1392=CARTESIAN_POINT('',(-53.554632447,-10.109136058,43.066946083));
#1393=CARTESIAN_POINT('',(-53.574714185,-10.,42.535575653));
#1394=CARTESIAN_POINT('',(-53.574714185,-10.,42.));
#1395=B_SPLINE_CURVE_WITH_KNOTS('',3,(#1367,#1368,#1369,#1370,#1371,#1372,#1373,#1374,#1375,#1376,#1377,#1378,#1379,#1380,#1381,#1382,#1383,#1384,#1385,#1386,#1387,#1388,#1389,#1390,#1391,#1392,
#1393,#1394),.UNSPECIFIED.,.F.,.F.,(4,3,3,3,3,3,3,3,3,4),(0.,0.000791575,0.001187363,0.001583151,0.002374726,0.003166301,0.003957876,0.004353664,0.004749452,0.006332602),.UNSPECIFIED.);
#1396=EDGE_CURVE('',#33,#1366,#1395,.T.);
#1397=ORIENTED_EDGE('',*,*,#1396,.T.);
#1398=CARTESIAN_POINT('',(-53.574714185,-10.,8.));
#1399=VERTEX_POINT('',#1398);
#1400=CARTESIAN_POINT('',(-53.574714185,-10.,8.));
#1401=DIRECTION('',(0.,0.,1.));
#1402=VECTOR('',#1401,34.);
#1403=LINE('',#1400,#1402);
#1404=EDGE_CURVE('',#1399,#1366,#1403,.T.);
#1405=ORIENTED_EDGE('',*,*,#1404,.F.);
#1406=CARTESIAN_POINT('',(-53.909646632,-8.,6.));
#1407=VERTEX_POINT('',#1406);
#1408=CARTESIAN_POINT('',(-53.574714185,-10.,8.));
#1409=CARTESIAN_POINT('',(-53.574714185,-10.,7.867037886));
#1410=CARTESIAN_POINT('',(-53.577169121,-9.986872982,7.736359471));
#1411=CARTESIAN_POINT('',(-53.581945399,-9.961181019,7.607866082));
#1412=CARTESIAN_POINT('',(-53.586721676,-9.935489057,7.479372693));
#1413=CARTESIAN_POINT('',(-53.593940708,-9.896573462,7.351695827));
#1414=CARTESIAN_POINT('',(-53.603235249,-9.845972318,7.230333707));
#1415=CARTESIAN_POINT('',(-53.612529789,-9.795371173,7.108971588));
#1416=CARTESIAN_POINT('',(-53.623823671,-9.73350089,6.993950849));
#1417=CARTESIAN_POINT('',(-53.636974922,-9.660482453,6.885191486));
#1418=CARTESIAN_POINT('',(-53.650126173,-9.587464017,6.776432124));
#1419=CARTESIAN_POINT('',(-53.665219262,-9.502790484,6.673886143));
#1420=CARTESIAN_POINT('',(-53.68140365,-9.410467692,6.582050463));
#1421=CARTESIAN_POINT('',(-53.713772425,-9.225822108,6.398379102));
#1422=CARTESIAN_POINT('',(-53.751757121,-9.003195728,6.250486549));
#1423=CARTESIAN_POINT('',(-53.790791119,-8.763606039,6.151512559));
#1424=CARTESIAN_POINT('',(-53.810308118,-8.643811194,6.102025565));
#1425=CARTESIAN_POINT('',(-53.830361166,-8.518162943,6.063859254));
#1426=CARTESIAN_POINT('',(-53.850363498,-8.389776584,6.03834911));
#1427=CARTESIAN_POINT('',(-53.87036583,-8.261390225,6.012838966));
#1428=CARTESIAN_POINT('',(-53.890136539,-8.131472776,6.));
#1429=CARTESIAN_POINT('',(-53.909646632,-8.,6.));
#1430=B_SPLINE_CURVE_WITH_KNOTS('',3,(#1408,#1409,#1410,#1411,#1412,#1413,#1414,#1415,#1416,#1417,#1418,#1419,#1420,#1421,#1422,#1423,#1424,#1425,#1426,#1427,#1428,#1429),.UNSPECIFIED.,.F.,.F.,(4,3,3,3,3,3,3,4),(0.,0.000393179,0.000786358,0.001179537,0.001572716,0.002359074,0.002752253,0.003145432),.UNSPECIFIED.);
#1431=EDGE_CURVE('',#1399,#1407,#1430,.T.);
#1432=ORIENTED_EDGE('',*,*,#1431,.T.);
#1433=CARTESIAN_POINT('',(0.,0.,6.));
#1434=DIRECTION('',(0.,0.,1.));
#1435=DIRECTION('',(1.,0.,-0.));
#1436=AXIS2_PLACEMENT_3D('',#1433,#1434,#1435);
#1437=CIRCLE('',#1436,54.5);
#1438=EDGE_CURVE('',#816,#1407,#1437,.T.);
#1439=ORIENTED_EDGE('',*,*,#1438,.F.);
#1440=ORIENTED_EDGE('',*,*,#821,.F.);
#1441=CARTESIAN_POINT('',(54.5,-0.,0.));
#1442=VERTEX_POINT('',#1441);
#1443=CARTESIAN_POINT('',(0.,0.,0.));
#1444=DIRECTION('',(0.,0.,1.));
#1445=DIRECTION('',(1.,0.,-0.));
#1446=AXIS2_PLACEMENT_3D('',#1443,#1444,#1445);
#1447=CIRCLE('',#1446,54.5);
#1448=EDGE_CURVE('',#814,#1442,#1447,.T.);
#1449=ORIENTED_EDGE('',*,*,#1448,.T.);
#1450=CARTESIAN_POINT('',(0.,0.,0.));
#1451=DIRECTION('',(0.,0.,1.));
#1452=DIRECTION('',(1.,0.,-0.));
#1453=AXIS2_PLACEMENT_3D('',#1450,#1451,#1452);
#1454=CIRCLE('',#1453,54.5);
#1455=EDGE_CURVE('',#1442,#814,#1454,.T.);
#1456=ORIENTED_EDGE('',*,*,#1455,.T.);
#1457=EDGE_LOOP('',(#822,#831,#858,#866,#903,#904,#937,#945,#972,#981,#1008,#1016,#1053,#1054,#1087,#1095,#1122,#1131,#1158,#1166,#1205,#1214,#1247,#1255,#1282,#1291,
#1318,#1326,#1363,#1364,#1397,#1405,#1432,#1439,#1440,#1449,#1456));
#1458=FACE_BOUND('',#1457,.T.);
#1459=ADVANCED_FACE('',(#1458),#812,.T.);
#1460=CARTESIAN_POINT('',(0.,0.,46.));
#1461=DIRECTION('',(0.,0.,1.));
#1462=DIRECTION('',(1.,0.,0.));
#1463=AXIS2_PLACEMENT_3D('',#1460,#1461,#1462);
#1464=PLANE('',#1463);
#1465=ORIENTED_EDGE('',*,*,#341,.F.);
#1466=CARTESIAN_POINT('',(14.,-50.598913032,46.));
#1467=DIRECTION('',(-0.,-1.,-0.));
#1468=VECTOR('',#1467,2.072236566);
#1469=LINE('',#1466,#1468);
#1470=EDGE_CURVE('',#296,#1207,#1469,.T.);
#1471=ORIENTED_EDGE('',*,*,#1470,.T.);
#1472=ORIENTED_EDGE('',*,*,#1213,.T.);
#1473=CARTESIAN_POINT('',(52.671149598,-14.,46.));
#1474=DIRECTION('',(-1.,-0.,0.));
#1475=VECTOR('',#1474,2.072236566);
#1476=LINE('',#1473,#1475);
#1477=EDGE_CURVE('',#1168,#335,#1476,.T.);
#1478=ORIENTED_EDGE('',*,*,#1477,.T.);
#1479=EDGE_LOOP('',(#1465,#1471,#1472,#1478));
#1480=FACE_BOUND('',#1479,.T.);
#1481=ADVANCED_FACE('',(#1480),#1464,.T.);
#1482=CARTESIAN_POINT('',(0.,0.,0.));
#1483=DIRECTION('',(0.,0.,1.));
#1484=DIRECTION('',(1.,0.,0.));
#1485=AXIS2_PLACEMENT_3D('',#1482,#1483,#1484);
#1486=PLANE('',#1485);
#1487=ORIENTED_EDGE('',*,*,#1448,.F.);
#1488=ORIENTED_EDGE('',*,*,#1455,.F.);
#1489=EDGE_LOOP('',(#1487,#1488));
#1490=FACE_BOUND('',#1489,.T.);
#1491=ADVANCED_FACE('',(#1490),#1486,.F.);
#1492=CARTESIAN_POINT('',(-54.5,-10.,1.));
#1493=DIRECTION('',(0.,-1.,0.));
#1494=DIRECTION('',(0.,0.,-1.));
#1495=AXIS2_PLACEMENT_3D('',#1492,#1493,#1494);
#1496=PLANE('',#1495);
#1497=ORIENTED_EDGE('',*,*,#1165,.F.);
#1498=CARTESIAN_POINT('',(53.574714185,-10.,8.));
#1499=DIRECTION('',(-1.,-0.,0.));
#1500=VECTOR('',#1499,2.035893865);
#1501=LINE('',#1498,#1500);
#1502=EDGE_CURVE('',#1133,#377,#1501,.T.);
#1503=ORIENTED_EDGE('',*,*,#1502,.T.);
#1504=ORIENTED_EDGE('',*,*,#382,.T.);
#1505=CARTESIAN_POINT('',(51.53882032,-10.,42.));
#1506=DIRECTION('',(1.,0.,-0.));
#1507=VECTOR('',#1506,2.035893865);
#1508=LINE('',#1505,#1507);
#1509=EDGE_CURVE('',#344,#1160,#1508,.T.);
#1510=ORIENTED_EDGE('',*,*,#1509,.T.);
#1511=EDGE_LOOP('',(#1497,#1503,#1504,#1510));
#1512=FACE_BOUND('',#1511,.T.);
#1513=ADVANCED_FACE('',(#1512),#1496,.F.);
#1514=CARTESIAN_POINT('',(-54.5,10.,1.));
#1515=DIRECTION('',(0.,1.,0.));
#1516=DIRECTION('',(0.,0.,1.));
#1517=AXIS2_PLACEMENT_3D('',#1514,#1515,#1516);
#1518=PLANE('',#1517);
#1519=ORIENTED_EDGE('',*,*,#453,.F.);
#1520=CARTESIAN_POINT('',(51.53882032,10.,8.));
#1521=DIRECTION('',(1.,-0.,-0.));
#1522=VECTOR('',#1521,2.035893865);
#1523=LINE('',#1520,#1522);
#1524=EDGE_CURVE('',#421,#1089,#1523,.T.);
#1525=ORIENTED_EDGE('',*,*,#1524,.T.);
#1526=ORIENTED_EDGE('',*,*,#1094,.T.);
#1527=CARTESIAN_POINT('',(53.574714185,10.,42.));
#1528=DIRECTION('',(-1.,0.,0.));
#1529=VECTOR('',#1528,2.035893865);
#1530=LINE('',#1527,#1529);
#1531=EDGE_CURVE('',#1056,#448,#1530,.T.);
#1532=ORIENTED_EDGE('',*,*,#1531,.T.);
#1533=EDGE_LOOP('',(#1519,#1525,#1526,#1532));
#1534=FACE_BOUND('',#1533,.T.);
#1535=ADVANCED_FACE('',(#1534),#1518,.F.);
#1536=CARTESIAN_POINT('',(0.,0.,6.));
#1537=DIRECTION('',(0.,0.,1.));
#1538=DIRECTION('',(1.,0.,0.));
#1539=AXIS2_PLACEMENT_3D('',#1536,#1537,#1538);
#1540=PLANE('',#1539);
#1541=ORIENTED_EDGE('',*,*,#1130,.T.);
#1542=CARTESIAN_POINT('',(53.909646632,8.,6.));
#1543=DIRECTION('',(-1.,0.,0.));
#1544=VECTOR('',#1543,2.022750406);
#1545=LINE('',#1542,#1544);
#1546=EDGE_CURVE('',#1097,#412,#1545,.T.);
#1547=ORIENTED_EDGE('',*,*,#1546,.T.);
#1548=ORIENTED_EDGE('',*,*,#418,.F.);
#1549=CARTESIAN_POINT('',(51.886896226,-8.,6.));
#1550=DIRECTION('',(1.,0.,-0.));
#1551=VECTOR('',#1550,2.022750406);
#1552=LINE('',#1549,#1551);
#1553=EDGE_CURVE('',#385,#1124,#1552,.T.);
#1554=ORIENTED_EDGE('',*,*,#1553,.T.);
#1555=EDGE_LOOP('',(#1541,#1547,#1548,#1554));
#1556=FACE_BOUND('',#1555,.T.);
#1557=ADVANCED_FACE('',(#1556),#1540,.T.);
#1558=CARTESIAN_POINT('',(-54.5,10.,1.));
#1559=DIRECTION('',(0.,1.,0.));
#1560=DIRECTION('',(0.,0.,1.));
#1561=AXIS2_PLACEMENT_3D('',#1558,#1559,#1560);
#1562=PLANE('',#1561);
#1563=ORIENTED_EDGE('',*,*,#865,.F.);
#1564=CARTESIAN_POINT('',(-53.574714185,10.,8.));
#1565=DIRECTION('',(1.,-0.,-0.));
#1566=VECTOR('',#1565,2.035893865);
#1567=LINE('',#1564,#1566);
#1568=EDGE_CURVE('',#833,#700,#1567,.T.);
#1569=ORIENTED_EDGE('',*,*,#1568,.T.);
#1570=ORIENTED_EDGE('',*,*,#705,.T.);
#1571=CARTESIAN_POINT('',(-51.53882032,10.,41.));
#1572=DIRECTION('',(-1.,0.,0.));
#1573=VECTOR('',#1572,2.035893865);
#1574=LINE('',#1571,#1573);
#1575=EDGE_CURVE('',#664,#860,#1574,.T.);
#1576=ORIENTED_EDGE('',*,*,#1575,.T.);
#1577=EDGE_LOOP('',(#1563,#1569,#1570,#1576));
#1578=FACE_BOUND('',#1577,.T.);
#1579=ADVANCED_FACE('',(#1578),#1562,.F.);
#1580=CARTESIAN_POINT('',(-54.5,-10.,1.));
#1581=DIRECTION('',(0.,-1.,0.));
#1582=DIRECTION('',(0.,0.,-1.));
#1583=AXIS2_PLACEMENT_3D('',#1580,#1581,#1582);
#1584=PLANE('',#1583);
#1585=ORIENTED_EDGE('',*,*,#143,.F.);
#1586=CARTESIAN_POINT('',(-51.53882032,-10.,8.));
#1587=DIRECTION('',(-1.,-0.,0.));
#1588=VECTOR('',#1587,2.035893865);
#1589=LINE('',#1586,#1588);
#1590=EDGE_CURVE('',#111,#1399,#1589,.T.);
#1591=ORIENTED_EDGE('',*,*,#1590,.T.);
#1592=ORIENTED_EDGE('',*,*,#1404,.T.);
#1593=CARTESIAN_POINT('',(-53.574714185,-10.,42.));
#1594=DIRECTION('',(1.,0.,-0.));
#1595=VECTOR('',#1594,2.035893865);
#1596=LINE('',#1593,#1595);
#1597=EDGE_CURVE('',#1366,#138,#1596,.T.);
#1598=ORIENTED_EDGE('',*,*,#1597,.T.);
#1599=EDGE_LOOP('',(#1585,#1591,#1592,#1598));
#1600=FACE_BOUND('',#1599,.T.);
#1601=ADVANCED_FACE('',(#1600),#1584,.F.);
#1602=CARTESIAN_POINT('',(0.,0.,6.));
#1603=DIRECTION('',(0.,0.,1.));
#1604=DIRECTION('',(1.,0.,0.));
#1605=AXIS2_PLACEMENT_3D('',#1602,#1603,#1604);
#1606=PLANE('',#1605);
#1607=ORIENTED_EDGE('',*,*,#108,.F.);
#1608=ORIENTED_EDGE('',*,*,#739,.F.);
#1609=CARTESIAN_POINT('',(-51.886896226,8.,6.));
#1610=DIRECTION('',(-1.,0.,0.));
#1611=VECTOR('',#1610,2.022750406);
#1612=LINE('',#1609,#1611);
#1613=EDGE_CURVE('',#708,#824,#1612,.T.);
#1614=ORIENTED_EDGE('',*,*,#1613,.T.);
#1615=ORIENTED_EDGE('',*,*,#830,.T.);
#1616=ORIENTED_EDGE('',*,*,#1438,.T.);
#1617=CARTESIAN_POINT('',(-53.909646632,-8.,6.));
#1618=DIRECTION('',(1.,0.,-0.));
#1619=VECTOR('',#1618,2.022750406);
#1620=LINE('',#1617,#1619);
#1621=EDGE_CURVE('',#1407,#102,#1620,.T.);
#1622=ORIENTED_EDGE('',*,*,#1621,.T.);
#1623=EDGE_LOOP('',(#1607,#1608,#1614,#1615,#1616,#1622));
#1624=FACE_BOUND('',#1623,.T.);
#1625=ADVANCED_FACE('',(#1624),#1606,.T.);
#1626=CARTESIAN_POINT('',(10.,0.,5.));
#1627=DIRECTION('',(1.,0.,0.));
#1628=DIRECTION('',(0.,0.,-1.));
#1629=AXIS2_PLACEMENT_3D('',#1626,#1627,#1628);
#1630=PLANE('',#1629);
#1631=ORIENTED_EDGE('',*,*,#1015,.F.);
#1632=CARTESIAN_POINT('',(10.,53.574714185,8.));
#1633=DIRECTION('',(-0.,-1.,-0.));
#1634=VECTOR('',#1633,2.035893865);
#1635=LINE('',#1632,#1634);
#1636=EDGE_CURVE('',#983,#537,#1635,.T.);
#1637=ORIENTED_EDGE('',*,*,#1636,.T.);
#1638=ORIENTED_EDGE('',*,*,#542,.T.);
#1639=CARTESIAN_POINT('',(10.,51.53882032,42.));
#1640=DIRECTION('',(0.,1.,0.));
#1641=VECTOR('',#1640,2.035893865);
#1642=LINE('',#1639,#1641);
#1643=EDGE_CURVE('',#504,#1010,#1642,.T.);
#1644=ORIENTED_EDGE('',*,*,#1643,.T.);
#1645=EDGE_LOOP('',(#1631,#1637,#1638,#1644));
#1646=FACE_BOUND('',#1645,.T.);
#1647=ADVANCED_FACE('',(#1646),#1630,.F.);
#1648=CARTESIAN_POINT('',(-10.,0.,5.));
#1649=DIRECTION('',(-1.,0.,0.));
#1650=DIRECTION('',(0.,0.,1.));
#1651=AXIS2_PLACEMENT_3D('',#1648,#1649,#1650);
#1652=PLANE('',#1651);
#1653=ORIENTED_EDGE('',*,*,#613,.F.);
#1654=CARTESIAN_POINT('',(-10.,51.53882032,8.));
#1655=DIRECTION('',(-0.,1.,-0.));
#1656=VECTOR('',#1655,2.035893865);
#1657=LINE('',#1654,#1656);
#1658=EDGE_CURVE('',#581,#939,#1657,.T.);
#1659=ORIENTED_EDGE('',*,*,#1658,.T.);
#1660=ORIENTED_EDGE('',*,*,#944,.T.);
#1661=CARTESIAN_POINT('',(-10.,53.574714185,42.));
#1662=DIRECTION('',(0.,-1.,0.));
#1663=VECTOR('',#1662,2.035893865);
#1664=LINE('',#1661,#1663);
#1665=EDGE_CURVE('',#906,#608,#1664,.T.);
#1666=ORIENTED_EDGE('',*,*,#1665,.T.);
#1667=EDGE_LOOP('',(#1653,#1659,#1660,#1666));
#1668=FACE_BOUND('',#1667,.T.);
#1669=ADVANCED_FACE('',(#1668),#1652,.F.);
#1670=CARTESIAN_POINT('',(0.,0.,6.));
#1671=DIRECTION('',(0.,0.,1.));
#1672=DIRECTION('',(1.,0.,0.));
#1673=AXIS2_PLACEMENT_3D('',#1670,#1671,#1672);
#1674=PLANE('',#1673);
#1675=ORIENTED_EDGE('',*,*,#980,.T.);
#1676=CARTESIAN_POINT('',(-8.,53.909646632,6.));
#1677=DIRECTION('',(0.,-1.,0.));
#1678=VECTOR('',#1677,2.022750406);
#1679=LINE('',#1676,#1678);
#1680=EDGE_CURVE('',#947,#572,#1679,.T.);
#1681=ORIENTED_EDGE('',*,*,#1680,.T.);
#1682=ORIENTED_EDGE('',*,*,#578,.F.);
#1683=CARTESIAN_POINT('',(8.,51.886896226,6.));
#1684=DIRECTION('',(0.,1.,0.));
#1685=VECTOR('',#1684,2.022750406);
#1686=LINE('',#1683,#1685);
#1687=EDGE_CURVE('',#545,#974,#1686,.T.);
#1688=ORIENTED_EDGE('',*,*,#1687,.T.);
#1689=EDGE_LOOP('',(#1675,#1681,#1682,#1688));
#1690=FACE_BOUND('',#1689,.T.);
#1691=ADVANCED_FACE('',(#1690),#1674,.T.);
#1692=CARTESIAN_POINT('',(-10.,0.,5.));
#1693=DIRECTION('',(-1.,0.,0.));
#1694=DIRECTION('',(0.,0.,1.));
#1695=AXIS2_PLACEMENT_3D('',#1692,#1693,#1694);
#1696=PLANE('',#1695);
#1697=ORIENTED_EDGE('',*,*,#1325,.F.);
#1698=CARTESIAN_POINT('',(-10.,-53.574714185,8.));
#1699=DIRECTION('',(-0.,1.,-0.));
#1700=VECTOR('',#1699,2.035893865);
#1701=LINE('',#1698,#1700);
#1702=EDGE_CURVE('',#1293,#217,#1701,.T.);
#1703=ORIENTED_EDGE('',*,*,#1702,.T.);
#1704=ORIENTED_EDGE('',*,*,#222,.T.);
#1705=CARTESIAN_POINT('',(-10.,-51.53882032,42.));
#1706=DIRECTION('',(0.,-1.,0.));
#1707=VECTOR('',#1706,2.035893865);
#1708=LINE('',#1705,#1707);
#1709=EDGE_CURVE('',#184,#1320,#1708,.T.);
#1710=ORIENTED_EDGE('',*,*,#1709,.T.);
#1711=EDGE_LOOP('',(#1697,#1703,#1704,#1710));
#1712=FACE_BOUND('',#1711,.T.);
#1713=ADVANCED_FACE('',(#1712),#1696,.F.);
#1714=CARTESIAN_POINT('',(10.,0.,5.));
#1715=DIRECTION('',(1.,0.,0.));
#1716=DIRECTION('',(0.,0.,-1.));
#1717=AXIS2_PLACEMENT_3D('',#1714,#1715,#1716);
#1718=PLANE('',#1717);
#1719=ORIENTED_EDGE('',*,*,#293,.F.);
#1720=CARTESIAN_POINT('',(10.,-51.53882032,8.));
#1721=DIRECTION('',(-0.,-1.,-0.));
#1722=VECTOR('',#1721,2.035893865);
#1723=LINE('',#1720,#1722);
#1724=EDGE_CURVE('',#261,#1249,#1723,.T.);
#1725=ORIENTED_EDGE('',*,*,#1724,.T.);
#1726=ORIENTED_EDGE('',*,*,#1254,.T.);
#1727=CARTESIAN_POINT('',(10.,-53.574714185,42.));
#1728=DIRECTION('',(0.,1.,0.));
#1729=VECTOR('',#1728,2.035893865);
#1730=LINE('',#1727,#1729);
#1731=EDGE_CURVE('',#1216,#288,#1730,.T.);
#1732=ORIENTED_EDGE('',*,*,#1731,.T.);
#1733=EDGE_LOOP('',(#1719,#1725,#1726,#1732));
#1734=FACE_BOUND('',#1733,.T.);
#1735=ADVANCED_FACE('',(#1734),#1718,.F.);
#1736=CARTESIAN_POINT('',(0.,0.,6.));
#1737=DIRECTION('',(0.,0.,1.));
#1738=DIRECTION('',(1.,0.,0.));
#1739=AXIS2_PLACEMENT_3D('',#1736,#1737,#1738);
#1740=PLANE('',#1739);
#1741=ORIENTED_EDGE('',*,*,#1290,.T.);
#1742=CARTESIAN_POINT('',(8.,-53.909646632,6.));
#1743=DIRECTION('',(0.,1.,0.));
#1744=VECTOR('',#1743,2.022750406);
#1745=LINE('',#1742,#1744);
#1746=EDGE_CURVE('',#1257,#252,#1745,.T.);
#1747=ORIENTED_EDGE('',*,*,#1746,.T.);
#1748=ORIENTED_EDGE('',*,*,#258,.F.);
#1749=CARTESIAN_POINT('',(-8.,-51.886896226,6.));
#1750=DIRECTION('',(0.,-1.,0.));
#1751=VECTOR('',#1750,2.022750406);
#1752=LINE('',#1749,#1751);
#1753=EDGE_CURVE('',#225,#1284,#1752,.T.);
#1754=ORIENTED_EDGE('',*,*,#1753,.T.);
#1755=EDGE_LOOP('',(#1741,#1747,#1748,#1754));
#1756=FACE_BOUND('',#1755,.T.);
#1757=ADVANCED_FACE('',(#1756),#1740,.T.);
#1758=CARTESIAN_POINT('',(-54.5,15.,41.));
#1759=DIRECTION('',(1.,0.,0.));
#1760=DIRECTION('',(0.,0.,-1.));
#1761=AXIS2_PLACEMENT_3D('',#1758,#1759,#1760);
#1762=CYLINDRICAL_SURFACE('',#1761,5.);
#1763=ORIENTED_EDGE('',*,*,#697,.F.);
#1764=ORIENTED_EDGE('',*,*,#803,.F.);
#1765=ORIENTED_EDGE('',*,*,#902,.F.);
#1766=ORIENTED_EDGE('',*,*,#1575,.F.);
#1767=EDGE_LOOP('',(#1763,#1764,#1765,#1766));
#1768=FACE_BOUND('',#1767,.T.);
#1769=ADVANCED_FACE('',(#1768),#1762,.T.);
#1770=CARTESIAN_POINT('',(14.,0.,42.));
#1771=DIRECTION('',(0.,-1.,0.));
#1772=DIRECTION('',(0.,0.,-1.));
#1773=AXIS2_PLACEMENT_3D('',#1770,#1771,#1772);
#1774=CYLINDRICAL_SURFACE('',#1773,4.);
#1775=ORIENTED_EDGE('',*,*,#534,.F.);
#1776=ORIENTED_EDGE('',*,*,#764,.F.);
#1777=ORIENTED_EDGE('',*,*,#1052,.F.);
#1778=ORIENTED_EDGE('',*,*,#1643,.F.);
#1779=EDGE_LOOP('',(#1775,#1776,#1777,#1778));
#1780=FACE_BOUND('',#1779,.T.);
#1781=ADVANCED_FACE('',(#1780),#1774,.T.);
#1782=CARTESIAN_POINT('',(-54.5,14.,42.));
#1783=DIRECTION('',(1.,0.,0.));
#1784=DIRECTION('',(0.,0.,-1.));
#1785=AXIS2_PLACEMENT_3D('',#1782,#1783,#1784);
#1786=CYLINDRICAL_SURFACE('',#1785,4.);
#1787=ORIENTED_EDGE('',*,*,#1086,.F.);
#1788=ORIENTED_EDGE('',*,*,#771,.F.);
#1789=ORIENTED_EDGE('',*,*,#492,.F.);
#1790=ORIENTED_EDGE('',*,*,#1531,.F.);
#1791=EDGE_LOOP('',(#1787,#1788,#1789,#1790));
#1792=FACE_BOUND('',#1791,.T.);
#1793=ADVANCED_FACE('',(#1792),#1786,.T.);
#1794=CARTESIAN_POINT('',(-14.,0.,42.));
#1795=DIRECTION('',(0.,1.,0.));
#1796=DIRECTION('',(0.,-0.,1.));
#1797=AXIS2_PLACEMENT_3D('',#1794,#1795,#1796);
#1798=CYLINDRICAL_SURFACE('',#1797,4.);
#1799=ORIENTED_EDGE('',*,*,#214,.F.);
#1800=ORIENTED_EDGE('',*,*,#49,.F.);
#1801=ORIENTED_EDGE('',*,*,#1362,.F.);
#1802=ORIENTED_EDGE('',*,*,#1709,.F.);
#1803=EDGE_LOOP('',(#1799,#1800,#1801,#1802));
#1804=FACE_BOUND('',#1803,.T.);
#1805=ADVANCED_FACE('',(#1804),#1798,.T.);
#1806=CARTESIAN_POINT('',(-54.5,-14.,42.));
#1807=DIRECTION('',(-1.,0.,0.));
#1808=DIRECTION('',(0.,0.,1.));
#1809=AXIS2_PLACEMENT_3D('',#1806,#1807,#1808);
#1810=CYLINDRICAL_SURFACE('',#1809,4.);
#1811=ORIENTED_EDGE('',*,*,#1396,.F.);
#1812=ORIENTED_EDGE('',*,*,#64,.F.);
#1813=ORIENTED_EDGE('',*,*,#180,.F.);
#1814=ORIENTED_EDGE('',*,*,#1597,.F.);
#1815=EDGE_LOOP('',(#1811,#1812,#1813,#1814));
#1816=FACE_BOUND('',#1815,.T.);
#1817=ADVANCED_FACE('',(#1816),#1810,.T.);
#1818=CARTESIAN_POINT('',(14.,0.,42.));
#1819=DIRECTION('',(0.,-1.,0.));
#1820=DIRECTION('',(0.,0.,-1.));
#1821=AXIS2_PLACEMENT_3D('',#1818,#1819,#1820);
#1822=CYLINDRICAL_SURFACE('',#1821,4.);
#1823=ORIENTED_EDGE('',*,*,#1246,.F.);
#1824=ORIENTED_EDGE('',*,*,#1470,.F.);
#1825=ORIENTED_EDGE('',*,*,#332,.F.);
#1826=ORIENTED_EDGE('',*,*,#1731,.F.);
#1827=EDGE_LOOP('',(#1823,#1824,#1825,#1826));
#1828=FACE_BOUND('',#1827,.T.);
#1829=ADVANCED_FACE('',(#1828),#1822,.T.);
#1830=CARTESIAN_POINT('',(-14.,0.,42.));
#1831=DIRECTION('',(0.,1.,0.));
#1832=DIRECTION('',(0.,-0.,1.));
#1833=AXIS2_PLACEMENT_3D('',#1830,#1831,#1832);
#1834=CYLINDRICAL_SURFACE('',#1833,4.);
#1835=ORIENTED_EDGE('',*,*,#936,.F.);
#1836=ORIENTED_EDGE('',*,*,#788,.F.);
#1837=ORIENTED_EDGE('',*,*,#652,.F.);
#1838=ORIENTED_EDGE('',*,*,#1665,.F.);
#1839=EDGE_LOOP('',(#1835,#1836,#1837,#1838));
#1840=FACE_BOUND('',#1839,.T.);
#1841=ADVANCED_FACE('',(#1840),#1834,.T.);
#1842=CARTESIAN_POINT('',(-54.5,-14.,42.));
#1843=DIRECTION('',(-1.,0.,0.));
#1844=DIRECTION('',(0.,0.,1.));
#1845=AXIS2_PLACEMENT_3D('',#1842,#1843,#1844);
#1846=CYLINDRICAL_SURFACE('',#1845,4.);
#1847=ORIENTED_EDGE('',*,*,#374,.F.);
#1848=ORIENTED_EDGE('',*,*,#1477,.F.);
#1849=ORIENTED_EDGE('',*,*,#1204,.F.);
#1850=ORIENTED_EDGE('',*,*,#1509,.F.);
#1851=EDGE_LOOP('',(#1847,#1848,#1849,#1850));
#1852=FACE_BOUND('',#1851,.T.);
#1853=ADVANCED_FACE('',(#1852),#1846,.T.);
#1854=CARTESIAN_POINT('',(-8.,0.,8.));
#1855=DIRECTION('',(0.,-1.,0.));
#1856=DIRECTION('',(0.,0.,-1.));
#1857=AXIS2_PLACEMENT_3D('',#1854,#1855,#1856);
#1858=CYLINDRICAL_SURFACE('',#1857,2.);
#1859=ORIENTED_EDGE('',*,*,#249,.F.);
#1860=ORIENTED_EDGE('',*,*,#1702,.F.);
#1861=ORIENTED_EDGE('',*,*,#1317,.F.);
#1862=ORIENTED_EDGE('',*,*,#1753,.F.);
#1863=EDGE_LOOP('',(#1859,#1860,#1861,#1862));
#1864=FACE_BOUND('',#1863,.T.);
#1865=ADVANCED_FACE('',(#1864),#1858,.F.);
#1866=CARTESIAN_POINT('',(0.,-8.,8.));
#1867=DIRECTION('',(1.,0.,0.));
#1868=DIRECTION('',(0.,0.,-1.));
#1869=AXIS2_PLACEMENT_3D('',#1866,#1867,#1868);
#1870=CYLINDRICAL_SURFACE('',#1869,2.);
#1871=ORIENTED_EDGE('',*,*,#409,.F.);
#1872=ORIENTED_EDGE('',*,*,#1502,.F.);
#1873=ORIENTED_EDGE('',*,*,#1157,.F.);
#1874=ORIENTED_EDGE('',*,*,#1553,.F.);
#1875=EDGE_LOOP('',(#1871,#1872,#1873,#1874));
#1876=FACE_BOUND('',#1875,.T.);
#1877=ADVANCED_FACE('',(#1876),#1870,.F.);
#1878=CARTESIAN_POINT('',(0.,8.,8.));
#1879=DIRECTION('',(-1.,0.,0.));
#1880=DIRECTION('',(0.,0.,1.));
#1881=AXIS2_PLACEMENT_3D('',#1878,#1879,#1880);
#1882=CYLINDRICAL_SURFACE('',#1881,2.);
#1883=ORIENTED_EDGE('',*,*,#1121,.F.);
#1884=ORIENTED_EDGE('',*,*,#1524,.F.);
#1885=ORIENTED_EDGE('',*,*,#445,.F.);
#1886=ORIENTED_EDGE('',*,*,#1546,.F.);
#1887=EDGE_LOOP('',(#1883,#1884,#1885,#1886));
#1888=FACE_BOUND('',#1887,.T.);
#1889=ADVANCED_FACE('',(#1888),#1882,.F.);
#1890=CARTESIAN_POINT('',(8.,0.,8.));
#1891=DIRECTION('',(0.,1.,0.));
#1892=DIRECTION('',(0.,-0.,1.));
#1893=AXIS2_PLACEMENT_3D('',#1890,#1891,#1892);
#1894=CYLINDRICAL_SURFACE('',#1893,2.);
#1895=ORIENTED_EDGE('',*,*,#569,.F.);
#1896=ORIENTED_EDGE('',*,*,#1636,.F.);
#1897=ORIENTED_EDGE('',*,*,#1007,.F.);
#1898=ORIENTED_EDGE('',*,*,#1687,.F.);
#1899=EDGE_LOOP('',(#1895,#1896,#1897,#1898));
#1900=FACE_BOUND('',#1899,.T.);
#1901=ADVANCED_FACE('',(#1900),#1894,.F.);
#1902=CARTESIAN_POINT('',(-8.,0.,8.));
#1903=DIRECTION('',(0.,-1.,0.));
#1904=DIRECTION('',(0.,0.,-1.));
#1905=AXIS2_PLACEMENT_3D('',#1902,#1903,#1904);
#1906=CYLINDRICAL_SURFACE('',#1905,2.);
#1907=ORIENTED_EDGE('',*,*,#971,.F.);
#1908=ORIENTED_EDGE('',*,*,#1658,.F.);
#1909=ORIENTED_EDGE('',*,*,#605,.F.);
#1910=ORIENTED_EDGE('',*,*,#1680,.F.);
#1911=EDGE_LOOP('',(#1907,#1908,#1909,#1910));
#1912=FACE_BOUND('',#1911,.T.);
#1913=ADVANCED_FACE('',(#1912),#1906,.F.);
#1914=CARTESIAN_POINT('',(0.,-8.,8.));
#1915=DIRECTION('',(1.,0.,0.));
#1916=DIRECTION('',(0.,0.,-1.));
#1917=AXIS2_PLACEMENT_3D('',#1914,#1915,#1916);
#1918=CYLINDRICAL_SURFACE('',#1917,2.);
#1919=ORIENTED_EDGE('',*,*,#1431,.F.);
#1920=ORIENTED_EDGE('',*,*,#1590,.F.);
#1921=ORIENTED_EDGE('',*,*,#135,.F.);
#1922=ORIENTED_EDGE('',*,*,#1621,.F.);
#1923=EDGE_LOOP('',(#1919,#1920,#1921,#1922));
#1924=FACE_BOUND('',#1923,.T.);
#1925=ADVANCED_FACE('',(#1924),#1918,.F.);
#1926=CARTESIAN_POINT('',(0.,8.,8.));
#1927=DIRECTION('',(-1.,0.,0.));
#1928=DIRECTION('',(0.,0.,1.));
#1929=AXIS2_PLACEMENT_3D('',#1926,#1927,#1928);
#1930=CYLINDRICAL_SURFACE('',#1929,2.);
#1931=ORIENTED_EDGE('',*,*,#732,.F.);
#1932=ORIENTED_EDGE('',*,*,#1568,.F.);
#1933=ORIENTED_EDGE('',*,*,#857,.F.);
#1934=ORIENTED_EDGE('',*,*,#1613,.F.);
#1935=EDGE_LOOP('',(#1931,#1932,#1933,#1934));
#1936=FACE_BOUND('',#1935,.T.);
#1937=ADVANCED_FACE('',(#1936),#1930,.F.);
#1938=CARTESIAN_POINT('',(8.,0.,8.));
#1939=DIRECTION('',(0.,1.,0.));
#1940=DIRECTION('',(0.,-0.,1.));
#1941=AXIS2_PLACEMENT_3D('',#1938,#1939,#1940);
#1942=CYLINDRICAL_SURFACE('',#1941,2.);
#1943=ORIENTED_EDGE('',*,*,#1281,.F.);
#1944=ORIENTED_EDGE('',*,*,#1724,.F.);
#1945=ORIENTED_EDGE('',*,*,#285,.F.);
#1946=ORIENTED_EDGE('',*,*,#1746,.F.);
#1947=EDGE_LOOP('',(#1943,#1944,#1945,#1946));
#1948=FACE_BOUND('',#1947,.T.);
#1949=ADVANCED_FACE('',(#1948),#1942,.F.);
#1950=CARTESIAN_POINT('',(0.,0.,2.));
#1951=DIRECTION('',(0.,0.,1.));
#1952=DIRECTION('',(1.,0.,0.));
#1953=AXIS2_PLACEMENT_3D('',#1950,#1951,#1952);
#1954=PLANE('',#1953);
#1955=ORIENTED_EDGE('',*,*,#91,.T.);
#1956=ORIENTED_EDGE('',*,*,#98,.T.);
#1957=EDGE_LOOP('',(#1955,#1956));
#1958=FACE_BOUND('',#1957,.T.);
#1959=ADVANCED_FACE('',(#1958),#1954,.T.);
#1960=CLOSED_SHELL('',(#68,#743,#775,#807,#1459,#1481,#1491,#1513,#1535,#1557,#1579,#1601,#1625,#1647,#1669,#1691,#1713,#1735,#1757,#1769,#1781,#1793,#1805,#1817,#1829,#1841,
#1853,#1865,#1877,#1889,#1901,#1913,#1925,#1937,#1949,#1959));
#1961=MANIFOLD_SOLID_BREP('Body 02',#1960);
#1962=COLOUR_RGB('',0.627451003,0.627451003,0.643137276);
#1963=FILL_AREA_STYLE_COLOUR('',#1962);
#1964=FILL_AREA_STYLE('',(#1963));
#1965=SURFACE_STYLE_FILL_AREA(#1964);
#1966=SURFACE_SIDE_STYLE('',(#1965));
#1967=SURFACE_STYLE_USAGE(.BOTH.,#1966);
#1968=PRESENTATION_STYLE_ASSIGNMENT((#1967));
#26=STYLED_ITEM('',(#1968),#1961);
#16=SHAPE_REPRESENTATION('root',(#15),#10);
#17=ADVANCED_BREP_SHAPE_REPRESENTATION('root',(#1961),#10);
#1976=SHAPE_REPRESENTATION_RELATIONSHIP('','',#16,#17);
#1977=CARTESIAN_POINT('',(0.,0.,0.));
#1978=DIRECTION('',(0.,0.,1.));
#1979=DIRECTION('',(1.,0.,0.));
#1980=AXIS2_PLACEMENT_3D('',#1977,#1978,#1979);
#1982=MAPPED_ITEM('',#1981,#1980);
#1981=REPRESENTATION_MAP(#1980,#16);
#1983=APPLICATION_CONTEXT('Managed model based 3d engineering');
#1984=APPLICATION_PROTOCOL_DEFINITION('international standard','ap242_managed_model_based_3d_engineering',2014,#1983);
#1985=PRODUCT_CONTEXT('',#1983,'mechanical');
#1986=PRODUCT_DEFINITION_CONTEXT('part definition',#1983,'design');
#24=PRODUCT('root','root','',(#1985));
#1987=PRODUCT_RELATED_PRODUCT_CATEGORY('part','',(#24));
#1988=PRODUCT_DEFINITION_FORMATION_WITH_SPECIFIED_SOURCE('','',#24,.NOT_KNOWN.);
#25=PRODUCT_DEFINITION('design','',#1988,#1986);
#23=PRODUCT_DEFINITION_SHAPE('','',#25);
#1989=SHAPE_DEFINITION_REPRESENTATION(#23,#16);
#11=DRAUGHTING_MODEL('',(#1982),#10);
#1990=DESCRIPTIVE_REPRESENTATION_ITEM('KEY','/Users/tdbell11/Library/Containers/com.shapr3d.shapr/Data/tmp/5A016DF8-AB26-42E4-B381-22A72A33928D.tmp');
#1991=PROPERTY_DEFINITION('KEY','',#25);
#1992=REPRESENTATION('',(#1990),#10);
#1993=PROPERTY_DEFINITION_REPRESENTATION(#1991,#1992);
#1994=GENERAL_PROPERTY('','KEY','');
#1995=GENERAL_PROPERTY_ASSOCIATION('','',#1994,#1991);
#1=MECHANICAL_DESIGN_GEOMETRIC_PRESENTATION_REPRESENTATION('',(#26),#10);
ENDSEC;
END-ISO-10303-21;
