ISO-10303-21;
HEADER;

/* File generated by Shapr3D Version 26.150.0.11562 */

FILE_DESCRIPTION(('HOOPS Exchange Step'),'2;1');

FILE_NAME('/Users/tdbell11/Library/Containers/com.shapr3d.shapr/Data/tmp/export/temp_export',
'2026-08-29T15:57:30-07:00',
('tysonbell'),
('Shapr3D Limited'),
'HOOPS Exchange 2026.3',
'Shapr3D',
'Authorized');

FILE_SCHEMA( ('AP242_MANAGED_MODEL_BASED_3D_ENGINEERING_MIM_LF {1 0 10303 442 1 1 4}') );

ENDSEC;

DATA;
#3=(NAMED_UNIT(*)PLANE_ANGLE_UNIT()SI_UNIT($,.RADIAN.));
#4=PLANE_ANGLE_MEASURE_WITH_UNIT(PLANE_ANGLE_MEASURE(0.0174532925),#3);
#5=(CONVERSION_BASED_UNIT('DEGREE',#4)NAMED_UNIT(#6)PLANE_ANGLE_UNIT());
#6=DIMENSIONAL_EXPONENTS(0.,0.,0.,0.,0.,0.,0.);
#7=(NAMED_UNIT(*)SI_UNIT($,.STERADIAN.)SOLID_ANGLE_UNIT());
#8=(LENGTH_UNIT()NAMED_UNIT(*)SI_UNIT(.MILLI.,.METRE.));
#9=UNCERTAINTY_MEASURE_WITH_UNIT(LENGTH_MEASURE(1.000000E-05),#8,'DISTANCE_ACCURACY_VALUE','Maximum Tolerance applied to model');
#10=(GEOMETRIC_REPRESENTATION_CONTEXT(3)GLOBAL_UNCERTAINTY_ASSIGNED_CONTEXT((#9))GLOBAL_UNIT_ASSIGNED_CONTEXT((#8,#5,#7))REPRESENTATION_CONTEXT('','root'));
#12=CARTESIAN_POINT('',(0.,0.,0.));
#13=DIRECTION('',(0.,0.,1.));
#14=DIRECTION('',(1.,0.,0.));
#15=AXIS2_PLACEMENT_3D('TS3D_PRODUCT_CSYS',#12,#13,#14);
#27=CARTESIAN_POINT('',(0.,0.,40.));
#28=DIRECTION('',(0.,0.,1.));
#29=DIRECTION('',(1.,0.,0.));
#30=AXIS2_PLACEMENT_3D('',#27,#28,#29);
#31=PLANE('',#30);
#32=CARTESIAN_POINT('',(32.217823689,-58.094580075,40.));
#33=VERTEX_POINT('',#32);
#34=CARTESIAN_POINT('',(65.84514075,-0.144571039,40.));
#35=VERTEX_POINT('',#34);
#36=CARTESIAN_POINT('',(32.217823689,-58.094580075,40.));
#37=DIRECTION('',(0.501900255,0.864925508,0.));
#38=VECTOR('',#37,67.);
#39=LINE('',#36,#38);
#40=EDGE_CURVE('',#33,#35,#39,.T.);
#41=ORIENTED_EDGE('',*,*,#40,.T.);
#42=CARTESIAN_POINT('',(60.09752386,9.861264513,40.));
#43=VERTEX_POINT('',#42);
#44=CARTESIAN_POINT('',(65.84514075,-0.144571039,40.));
#45=DIRECTION('',(-0.498097335,0.867121125,0.));
#46=VECTOR('',#45,11.539144033);
#47=LINE('',#44,#46);
#48=EDGE_CURVE('',#35,#43,#47,.T.);
#49=ORIENTED_EDGE('',*,*,#48,.T.);
#50=CARTESIAN_POINT('',(59.503576214,9.520085258,40.));
#51=VERTEX_POINT('',#50);
#52=CARTESIAN_POINT('',(60.09752386,9.861264513,40.));
#53=DIRECTION('',(-0.867121125,-0.498097335,0.));
#54=VECTOR('',#53,0.684965028);
#55=LINE('',#52,#54);
#56=EDGE_CURVE('',#43,#51,#55,.T.);
#57=ORIENTED_EDGE('',*,*,#56,.T.);
#58=CARTESIAN_POINT('',(65.,0.,40.));
#59=VERTEX_POINT('',#58);
#60=CARTESIAN_POINT('',(65.,0.,40.));
#61=DIRECTION('',(-0.5,0.866025404,0.));
#62=VECTOR('',#61,10.992847572);
#63=LINE('',#60,#62);
#64=EDGE_CURVE('',#59,#51,#63,.T.);
#65=ORIENTED_EDGE('',*,*,#64,.F.);
#66=CARTESIAN_POINT('',(32.5,-56.291651246,40.));
#67=VERTEX_POINT('',#66);
#68=CARTESIAN_POINT('',(32.5,-56.291651246,40.));
#69=DIRECTION('',(0.5,0.866025404,0.));
#70=VECTOR('',#69,65.);
#71=LINE('',#68,#70);
#72=EDGE_CURVE('',#67,#59,#71,.T.);
#73=ORIENTED_EDGE('',*,*,#72,.F.);
#74=CARTESIAN_POINT('',(16.626445187,-56.291651246,40.));
#75=VERTEX_POINT('',#74);
#76=CARTESIAN_POINT('',(16.626445187,-56.291651246,40.));
#77=DIRECTION('',(1.,-0.,0.));
#78=VECTOR('',#77,15.873554813);
#79=LINE('',#76,#78);
#80=EDGE_CURVE('',#75,#67,#79,.T.);
#81=ORIENTED_EDGE('',*,*,#80,.F.);
#82=CARTESIAN_POINT('',(16.622561817,-58.060338775,40.));
#83=VERTEX_POINT('',#82);
#84=CARTESIAN_POINT('',(16.626445187,-56.291651246,40.));
#85=DIRECTION('',(-0.002195617,-0.99999759,0.));
#86=VECTOR('',#85,1.768691792);
#87=LINE('',#84,#86);
#88=EDGE_CURVE('',#75,#83,#87,.T.);
#89=ORIENTED_EDGE('',*,*,#88,.T.);
#90=CARTESIAN_POINT('',(16.622561817,-58.060338775,40.));
#91=DIRECTION('',(0.99999759,-0.002195617,0.));
#92=VECTOR('',#91,15.595299462);
#93=LINE('',#90,#92);
#94=EDGE_CURVE('',#83,#33,#93,.T.);
#95=ORIENTED_EDGE('',*,*,#94,.T.);
#96=EDGE_LOOP('',(#41,#49,#57,#65,#73,#81,#89,#95));
#97=FACE_BOUND('',#96,.T.);
#98=ADVANCED_FACE('',(#97),#31,.T.);
#99=CARTESIAN_POINT('',(0.,0.,40.));
#100=DIRECTION('',(0.,0.,1.));
#101=DIRECTION('',(1.,0.,0.));
#102=AXIS2_PLACEMENT_3D('',#99,#100,#101);
#103=PLANE('',#102);
#104=CARTESIAN_POINT('',(-38.120018973,-46.557492845,40.));
#105=VERTEX_POINT('',#104);
#106=CARTESIAN_POINT('',(-38.795389458,-46.945443534,40.));
#107=VERTEX_POINT('',#106);
#108=CARTESIAN_POINT('',(-38.120018973,-46.557492845,40.));
#109=DIRECTION('',(-0.867121125,-0.498097335,0.));
#110=VECTOR('',#109,0.778865219);
#111=LINE('',#108,#110);
#112=EDGE_CURVE('',#105,#107,#111,.T.);
#113=ORIENTED_EDGE('',*,*,#112,.T.);
#114=CARTESIAN_POINT('',(-32.472619306,-57.952544315,40.));
#115=VERTEX_POINT('',#114);
#116=CARTESIAN_POINT('',(-38.795389458,-46.945443534,40.));
#117=DIRECTION('',(0.498097335,-0.867121125,0.));
#118=VECTOR('',#117,12.693844571);
#119=LINE('',#116,#118);
#120=EDGE_CURVE('',#107,#115,#119,.T.);
#121=ORIENTED_EDGE('',*,*,#120,.T.);
#122=CARTESIAN_POINT('',(-16.877357435,-57.986785615,40.));
#123=VERTEX_POINT('',#122);
#124=CARTESIAN_POINT('',(-32.472619306,-57.952544315,40.));
#125=DIRECTION('',(0.99999759,-0.002195617,0.));
#126=VECTOR('',#125,15.595299462);
#127=LINE('',#124,#126);
#128=EDGE_CURVE('',#115,#123,#127,.T.);
#129=ORIENTED_EDGE('',*,*,#128,.T.);
#130=CARTESIAN_POINT('',(-16.873635561,-56.291651246,40.));
#131=VERTEX_POINT('',#130);
#132=CARTESIAN_POINT('',(-16.873635561,-56.291651246,40.));
#133=DIRECTION('',(-0.002195617,-0.99999759,0.));
#134=VECTOR('',#133,1.695138455);
#135=LINE('',#132,#134);
#136=EDGE_CURVE('',#131,#123,#135,.T.);
#137=ORIENTED_EDGE('',*,*,#136,.F.);
#138=CARTESIAN_POINT('',(-32.5,-56.291651246,40.));
#139=VERTEX_POINT('',#138);
#140=CARTESIAN_POINT('',(-32.5,-56.291651246,40.));
#141=DIRECTION('',(1.,-0.,0.));
#142=VECTOR('',#141,15.626364439);
#143=LINE('',#140,#142);
#144=EDGE_CURVE('',#139,#131,#143,.T.);
#145=ORIENTED_EDGE('',*,*,#144,.F.);
#146=CARTESIAN_POINT('',(-38.120018973,-46.557492845,40.));
#147=DIRECTION('',(0.5,-0.866025404,0.));
#148=VECTOR('',#147,11.240037947);
#149=LINE('',#146,#148);
#150=EDGE_CURVE('',#105,#139,#149,.T.);
#151=ORIENTED_EDGE('',*,*,#150,.F.);
#152=EDGE_LOOP('',(#113,#121,#129,#137,#145,#151));
#153=FACE_BOUND('',#152,.T.);
#154=ADVANCED_FACE('',(#153),#103,.T.);
#155=CARTESIAN_POINT('',(50.313577783,28.901451359,55.));
#156=DIRECTION('',(-0.867121125,-0.498097335,0.));
#157=DIRECTION('',(0.498097335,-0.867121125,0.));
#158=AXIS2_PLACEMENT_3D('',#155,#156,#157);
#159=PLANE('',#158);
#160=CARTESIAN_POINT('',(60.964644984,10.359361848,39.));
#161=VERTEX_POINT('',#160);
#162=CARTESIAN_POINT('',(66.712261875,0.353526296,39.));
#163=VERTEX_POINT('',#162);
#164=CARTESIAN_POINT('',(60.964644984,10.359361848,39.));
#165=DIRECTION('',(0.498097335,-0.867121125,-0.));
#166=VECTOR('',#165,11.539144033);
#167=LINE('',#164,#166);
#168=EDGE_CURVE('',#161,#163,#167,.T.);
#169=ORIENTED_EDGE('',*,*,#168,.T.);
#170=CARTESIAN_POINT('',(66.712261875,0.353526296,-2.));
#171=VERTEX_POINT('',#170);
#172=CARTESIAN_POINT('',(66.712261875,0.353526296,39.));
#173=DIRECTION('',(0.,0.,-1.));
#174=VECTOR('',#173,41.);
#175=LINE('',#172,#174);
#176=EDGE_CURVE('',#163,#171,#175,.T.);
#177=ORIENTED_EDGE('',*,*,#176,.T.);
#178=CARTESIAN_POINT('',(33.627317062,57.950009036,-2.));
#179=VERTEX_POINT('',#178);
#180=CARTESIAN_POINT('',(66.712261875,0.353526296,-2.));
#181=DIRECTION('',(-0.498097335,0.867121125,0.));
#182=VECTOR('',#181,66.422649731);
#183=LINE('',#180,#182);
#184=EDGE_CURVE('',#171,#179,#183,.T.);
#185=ORIENTED_EDGE('',*,*,#184,.T.);
#186=CARTESIAN_POINT('',(33.627317062,57.950009036,39.));
#187=VERTEX_POINT('',#186);
#188=CARTESIAN_POINT('',(33.627317062,57.950009036,39.));
#189=DIRECTION('',(0.,0.,-1.));
#190=VECTOR('',#189,41.);
#191=LINE('',#188,#190);
#192=EDGE_CURVE('',#187,#179,#191,.T.);
#193=ORIENTED_EDGE('',*,*,#192,.F.);
#194=CARTESIAN_POINT('',(39.297410913,48.079130772,39.));
#195=VERTEX_POINT('',#194);
#196=CARTESIAN_POINT('',(33.627317062,57.950009036,39.));
#197=DIRECTION('',(0.498097335,-0.867121125,-0.));
#198=VECTOR('',#197,11.383505698);
#199=LINE('',#196,#198);
#200=EDGE_CURVE('',#187,#195,#199,.T.);
#201=ORIENTED_EDGE('',*,*,#200,.T.);
#202=CARTESIAN_POINT('',(41.289800253,44.610646273,35.));
#203=VERTEX_POINT('',#202);
#204=CARTESIAN_POINT('',(39.297410913,48.079130772,35.));
#205=DIRECTION('',(0.867121125,0.498097335,-0.));
#206=DIRECTION('',(0.498097335,-0.867121125,0.));
#207=AXIS2_PLACEMENT_3D('',#204,#205,#206);
#208=CIRCLE('',#207,4.);
#209=EDGE_CURVE('',#195,#203,#208,.T.);
#210=ORIENTED_EDGE('',*,*,#209,.T.);
#211=CARTESIAN_POINT('',(41.289800253,44.610646273,6.));
#212=VERTEX_POINT('',#211);
#213=CARTESIAN_POINT('',(41.289800253,44.610646273,35.));
#214=DIRECTION('',(0.,0.,-1.));
#215=VECTOR('',#214,29.);
#216=LINE('',#213,#215);
#217=EDGE_CURVE('',#203,#212,#216,.T.);
#218=ORIENTED_EDGE('',*,*,#217,.T.);
#219=CARTESIAN_POINT('',(44.278384262,39.407919525,0.));
#220=VERTEX_POINT('',#219);
#221=CARTESIAN_POINT('',(44.278384262,39.407919525,6.));
#222=DIRECTION('',(-0.867121125,-0.498097335,0.));
#223=DIRECTION('',(0.498097335,-0.867121125,0.));
#224=AXIS2_PLACEMENT_3D('',#221,#222,#223);
#225=CIRCLE('',#224,6.);
#226=EDGE_CURVE('',#212,#220,#225,.T.);
#227=ORIENTED_EDGE('',*,*,#226,.T.);
#228=CARTESIAN_POINT('',(48.263162942,32.470950527,0.));
#229=VERTEX_POINT('',#228);
#230=CARTESIAN_POINT('',(44.278384262,39.407919525,0.));
#231=DIRECTION('',(0.498097335,-0.867121125,0.));
#232=VECTOR('',#231,8.);
#233=LINE('',#230,#232);
#234=EDGE_CURVE('',#220,#229,#233,.T.);
#235=ORIENTED_EDGE('',*,*,#234,.T.);
#236=CARTESIAN_POINT('',(48.263162942,32.470950527,39.));
#237=VERTEX_POINT('',#236);
#238=CARTESIAN_POINT('',(48.263162942,32.470950527,0.));
#239=DIRECTION('',(0.,0.,1.));
#240=VECTOR('',#239,39.);
#241=LINE('',#238,#240);
#242=EDGE_CURVE('',#229,#237,#241,.T.);
#243=ORIENTED_EDGE('',*,*,#242,.T.);
#244=CARTESIAN_POINT('',(51.998892955,25.967542092,39.));
#245=VERTEX_POINT('',#244);
#246=CARTESIAN_POINT('',(48.263162942,32.470950527,39.));
#247=DIRECTION('',(0.498097335,-0.867121125,-0.));
#248=VECTOR('',#247,7.5);
#249=LINE('',#246,#248);
#250=EDGE_CURVE('',#237,#245,#249,.T.);
#251=ORIENTED_EDGE('',*,*,#250,.T.);
#252=CARTESIAN_POINT('',(51.998892955,25.967542092,-0.));
#253=VERTEX_POINT('',#252);
#254=CARTESIAN_POINT('',(51.998892955,25.967542092,39.));
#255=DIRECTION('',(-0.,-0.,-1.));
#256=VECTOR('',#255,39.);
#257=LINE('',#254,#256);
#258=EDGE_CURVE('',#245,#253,#257,.T.);
#259=ORIENTED_EDGE('',*,*,#258,.T.);
#260=CARTESIAN_POINT('',(55.983671634,19.030573095,-0.));
#261=VERTEX_POINT('',#260);
#262=CARTESIAN_POINT('',(51.998892955,25.967542092,-0.));
#263=DIRECTION('',(0.498097335,-0.867121125,-0.));
#264=VECTOR('',#263,8.);
#265=LINE('',#262,#264);
#266=EDGE_CURVE('',#253,#261,#265,.T.);
#267=ORIENTED_EDGE('',*,*,#266,.T.);
#268=CARTESIAN_POINT('',(58.972255644,13.827846346,6.));
#269=VERTEX_POINT('',#268);
#270=CARTESIAN_POINT('',(55.983671634,19.030573095,6.));
#271=DIRECTION('',(-0.867121125,-0.498097335,0.));
#272=DIRECTION('',(0.498097335,-0.867121125,0.));
#273=AXIS2_PLACEMENT_3D('',#270,#271,#272);
#274=CIRCLE('',#273,6.);
#275=EDGE_CURVE('',#261,#269,#274,.T.);
#276=ORIENTED_EDGE('',*,*,#275,.T.);
#277=CARTESIAN_POINT('',(58.972255644,13.827846346,35.));
#278=VERTEX_POINT('',#277);
#279=CARTESIAN_POINT('',(58.972255644,13.827846346,6.));
#280=DIRECTION('',(-0.,-0.,1.));
#281=VECTOR('',#280,29.);
#282=LINE('',#279,#281);
#283=EDGE_CURVE('',#269,#278,#282,.T.);
#284=ORIENTED_EDGE('',*,*,#283,.T.);
#285=CARTESIAN_POINT('',(60.964644984,10.359361848,35.));
#286=DIRECTION('',(0.867121125,0.498097335,-0.));
#287=DIRECTION('',(0.498097335,-0.867121125,0.));
#288=AXIS2_PLACEMENT_3D('',#285,#286,#287);
#289=CIRCLE('',#288,4.);
#290=EDGE_CURVE('',#278,#161,#289,.T.);
#291=ORIENTED_EDGE('',*,*,#290,.T.);
#292=EDGE_LOOP('',(#169,#177,#185,#193,#201,#210,#218,#227,#235,#243,#251,#259,#267,#276,#284,#291));
#293=FACE_BOUND('',#292,.T.);
#294=ADVANCED_FACE('',(#293),#159,.F.);
#295=CARTESIAN_POINT('',(-50.313577783,-28.901451359,55.));
#296=DIRECTION('',(0.867121125,0.498097335,0.));
#297=DIRECTION('',(-0.498097335,0.867121125,0.));
#298=AXIS2_PLACEMENT_3D('',#295,#296,#297);
#299=PLANE('',#298);
#300=CARTESIAN_POINT('',(-33.627317062,-57.950009036,39.));
#301=VERTEX_POINT('',#300);
#302=CARTESIAN_POINT('',(-33.627317062,-57.950009036,-2.));
#303=VERTEX_POINT('',#302);
#304=CARTESIAN_POINT('',(-33.627317062,-57.950009036,39.));
#305=DIRECTION('',(0.,0.,-1.));
#306=VECTOR('',#305,41.);
#307=LINE('',#304,#306);
#308=EDGE_CURVE('',#301,#303,#307,.T.);
#309=ORIENTED_EDGE('',*,*,#308,.F.);
#310=CARTESIAN_POINT('',(-39.662510583,-47.443540869,39.));
#311=VERTEX_POINT('',#310);
#312=CARTESIAN_POINT('',(-33.627317062,-57.950009036,39.));
#313=DIRECTION('',(-0.498097335,0.867121125,-0.));
#314=VECTOR('',#313,12.116494302);
#315=LINE('',#312,#314);
#316=EDGE_CURVE('',#301,#311,#315,.T.);
#317=ORIENTED_EDGE('',*,*,#316,.T.);
#318=CARTESIAN_POINT('',(-41.654899923,-43.975056371,35.));
#319=VERTEX_POINT('',#318);
#320=CARTESIAN_POINT('',(-39.662510583,-47.443540869,35.));
#321=DIRECTION('',(-0.867121125,-0.498097335,-0.));
#322=DIRECTION('',(-0.498097335,0.867121125,0.));
#323=AXIS2_PLACEMENT_3D('',#320,#321,#322);
#324=CIRCLE('',#323,4.);
#325=EDGE_CURVE('',#311,#319,#324,.T.);
#326=ORIENTED_EDGE('',*,*,#325,.T.);
#327=CARTESIAN_POINT('',(-41.654899923,-43.975056371,6.));
#328=VERTEX_POINT('',#327);
#329=CARTESIAN_POINT('',(-41.654899923,-43.975056371,35.));
#330=DIRECTION('',(-0.,-0.,-1.));
#331=VECTOR('',#330,29.);
#332=LINE('',#329,#331);
#333=EDGE_CURVE('',#319,#328,#332,.T.);
#334=ORIENTED_EDGE('',*,*,#333,.T.);
#335=CARTESIAN_POINT('',(-44.643483932,-38.772329623,-0.));
#336=VERTEX_POINT('',#335);
#337=CARTESIAN_POINT('',(-44.643483932,-38.772329623,6.));
#338=DIRECTION('',(0.867121125,0.498097335,0.));
#339=DIRECTION('',(-0.498097335,0.867121125,0.));
#340=AXIS2_PLACEMENT_3D('',#337,#338,#339);
#341=CIRCLE('',#340,6.);
#342=EDGE_CURVE('',#328,#336,#341,.T.);
#343=ORIENTED_EDGE('',*,*,#342,.T.);
#344=CARTESIAN_POINT('',(-48.628262612,-31.835360625,-0.));
#345=VERTEX_POINT('',#344);
#346=CARTESIAN_POINT('',(-44.643483932,-38.772329623,-0.));
#347=DIRECTION('',(-0.498097335,0.867121125,-0.));
#348=VECTOR('',#347,8.);
#349=LINE('',#346,#348);
#350=EDGE_CURVE('',#336,#345,#349,.T.);
#351=ORIENTED_EDGE('',*,*,#350,.T.);
#352=CARTESIAN_POINT('',(-48.628262612,-31.835360625,39.));
#353=VERTEX_POINT('',#352);
#354=CARTESIAN_POINT('',(-48.628262612,-31.835360625,0.));
#355=DIRECTION('',(-0.,-0.,1.));
#356=VECTOR('',#355,39.);
#357=LINE('',#354,#356);
#358=EDGE_CURVE('',#345,#353,#357,.T.);
#359=ORIENTED_EDGE('',*,*,#358,.T.);
#360=CARTESIAN_POINT('',(-52.363992625,-25.33195219,39.));
#361=VERTEX_POINT('',#360);
#362=CARTESIAN_POINT('',(-48.628262612,-31.835360625,39.));
#363=DIRECTION('',(-0.498097335,0.867121125,-0.));
#364=VECTOR('',#363,7.5);
#365=LINE('',#362,#364);
#366=EDGE_CURVE('',#353,#361,#365,.T.);
#367=ORIENTED_EDGE('',*,*,#366,.T.);
#368=CARTESIAN_POINT('',(-52.363992625,-25.33195219,0.));
#369=VERTEX_POINT('',#368);
#370=CARTESIAN_POINT('',(-52.363992625,-25.33195219,39.));
#371=DIRECTION('',(0.,0.,-1.));
#372=VECTOR('',#371,39.);
#373=LINE('',#370,#372);
#374=EDGE_CURVE('',#361,#369,#373,.T.);
#375=ORIENTED_EDGE('',*,*,#374,.T.);
#376=CARTESIAN_POINT('',(-56.348771304,-18.394983192,0.));
#377=VERTEX_POINT('',#376);
#378=CARTESIAN_POINT('',(-52.363992625,-25.33195219,0.));
#379=DIRECTION('',(-0.498097335,0.867121125,0.));
#380=VECTOR('',#379,8.);
#381=LINE('',#378,#380);
#382=EDGE_CURVE('',#369,#377,#381,.T.);
#383=ORIENTED_EDGE('',*,*,#382,.T.);
#384=CARTESIAN_POINT('',(-59.337355314,-13.192256444,6.));
#385=VERTEX_POINT('',#384);
#386=CARTESIAN_POINT('',(-56.348771304,-18.394983192,6.));
#387=DIRECTION('',(0.867121125,0.498097335,0.));
#388=DIRECTION('',(-0.498097335,0.867121125,0.));
#389=AXIS2_PLACEMENT_3D('',#386,#387,#388);
#390=CIRCLE('',#389,6.);
#391=EDGE_CURVE('',#377,#385,#390,.T.);
#392=ORIENTED_EDGE('',*,*,#391,.T.);
#393=CARTESIAN_POINT('',(-59.337355314,-13.192256444,35.));
#394=VERTEX_POINT('',#393);
#395=CARTESIAN_POINT('',(-59.337355314,-13.192256444,6.));
#396=DIRECTION('',(0.,0.,1.));
#397=VECTOR('',#396,29.);
#398=LINE('',#395,#397);
#399=EDGE_CURVE('',#385,#394,#398,.T.);
#400=ORIENTED_EDGE('',*,*,#399,.T.);
#401=CARTESIAN_POINT('',(-61.329744654,-9.723771945,39.));
#402=VERTEX_POINT('',#401);
#403=CARTESIAN_POINT('',(-61.329744654,-9.723771945,35.));
#404=DIRECTION('',(-0.867121125,-0.498097335,-0.));
#405=DIRECTION('',(-0.498097335,0.867121125,0.));
#406=AXIS2_PLACEMENT_3D('',#403,#404,#405);
#407=CIRCLE('',#406,4.);
#408=EDGE_CURVE('',#394,#402,#407,.T.);
#409=ORIENTED_EDGE('',*,*,#408,.T.);
#410=CARTESIAN_POINT('',(-66.712261875,-0.353526296,39.));
#411=VERTEX_POINT('',#410);
#412=CARTESIAN_POINT('',(-61.329744654,-9.723771945,39.));
#413=DIRECTION('',(-0.498097335,0.867121125,-0.));
#414=VECTOR('',#413,10.806155429);
#415=LINE('',#412,#414);
#416=EDGE_CURVE('',#402,#411,#415,.T.);
#417=ORIENTED_EDGE('',*,*,#416,.T.);
#418=CARTESIAN_POINT('',(-66.712261875,-0.353526296,-2.));
#419=VERTEX_POINT('',#418);
#420=CARTESIAN_POINT('',(-66.712261875,-0.353526296,39.));
#421=DIRECTION('',(0.,0.,-1.));
#422=VECTOR('',#421,41.);
#423=LINE('',#420,#422);
#424=EDGE_CURVE('',#411,#419,#423,.T.);
#425=ORIENTED_EDGE('',*,*,#424,.T.);
#426=CARTESIAN_POINT('',(-66.712261875,-0.353526296,-2.));
#427=DIRECTION('',(0.498097335,-0.867121125,0.));
#428=VECTOR('',#427,66.422649731);
#429=LINE('',#426,#428);
#430=EDGE_CURVE('',#419,#303,#429,.T.);
#431=ORIENTED_EDGE('',*,*,#430,.T.);
#432=EDGE_LOOP('',(#309,#317,#326,#334,#343,#351,#359,#367,#375,#383,#392,#400,#409,#417,#425,#431));
#433=FACE_BOUND('',#432,.T.);
#434=ADVANCED_FACE('',(#433),#299,.F.);
#435=CARTESIAN_POINT('',(48.75,28.145825623,55.));
#436=DIRECTION('',(-0.866025404,-0.5,0.));
#437=DIRECTION('',(0.5,-0.866025404,0.));
#438=AXIS2_PLACEMENT_3D('',#435,#436,#437);
#439=PLANE('',#438);
#440=CARTESIAN_POINT('',(51.003555726,24.242552608,1.));
#441=VERTEX_POINT('',#440);
#442=CARTESIAN_POINT('',(51.003555726,24.242552608,39.));
#443=VERTEX_POINT('',#442);
#444=CARTESIAN_POINT('',(51.003555726,24.242552608,1.));
#445=DIRECTION('',(0.,0.,1.));
#446=VECTOR('',#445,38.);
#447=LINE('',#444,#446);
#448=EDGE_CURVE('',#441,#443,#447,.T.);
#449=ORIENTED_EDGE('',*,*,#448,.T.);
#450=CARTESIAN_POINT('',(50.50355452,25.1085801,40.));
#451=VERTEX_POINT('',#450);
#452=CARTESIAN_POINT('',(50.50355452,25.1085801,39.));
#453=DIRECTION('',(-0.866025404,-0.5,0.));
#454=DIRECTION('',(-0.5,0.866025404,0.));
#455=AXIS2_PLACEMENT_3D('',#452,#453,#454);
#456=ELLIPSE('',#455,1.00000241,1.);
#457=EDGE_CURVE('',#443,#451,#456,.T.);
#458=ORIENTED_EDGE('',*,*,#457,.T.);
#459=CARTESIAN_POINT('',(46.753545482,31.603786284,40.));
#460=VERTEX_POINT('',#459);
#461=CARTESIAN_POINT('',(50.50355452,25.1085801,40.));
#462=DIRECTION('',(-0.5,0.866025404,0.));
#463=VECTOR('',#462,7.500018078);
#464=LINE('',#461,#463);
#465=EDGE_CURVE('',#451,#460,#464,.T.);
#466=ORIENTED_EDGE('',*,*,#465,.T.);
#467=CARTESIAN_POINT('',(46.253544276,32.469813775,39.));
#468=VERTEX_POINT('',#467);
#469=CARTESIAN_POINT('',(46.753545482,31.603786284,39.));
#470=DIRECTION('',(-0.866025404,-0.5,0.));
#471=DIRECTION('',(0.5,-0.866025404,0.));
#472=AXIS2_PLACEMENT_3D('',#469,#470,#471);
#473=ELLIPSE('',#472,1.00000241,1.);
#474=EDGE_CURVE('',#460,#468,#473,.T.);
#475=ORIENTED_EDGE('',*,*,#474,.T.);
#476=CARTESIAN_POINT('',(46.253544276,32.469813775,1.));
#477=VERTEX_POINT('',#476);
#478=CARTESIAN_POINT('',(46.253544276,32.469813775,1.));
#479=DIRECTION('',(0.,0.,1.));
#480=VECTOR('',#479,38.);
#481=LINE('',#478,#480);
#482=EDGE_CURVE('',#477,#468,#481,.T.);
#483=ORIENTED_EDGE('',*,*,#482,.F.);
#484=CARTESIAN_POINT('',(42.75353584,38.532006214,1.));
#485=VERTEX_POINT('',#484);
#486=CARTESIAN_POINT('',(42.75353584,38.532006214,1.));
#487=DIRECTION('',(0.5,-0.866025404,0.));
#488=VECTOR('',#487,7.000016873);
#489=LINE('',#486,#488);
#490=EDGE_CURVE('',#485,#477,#489,.T.);
#491=ORIENTED_EDGE('',*,*,#490,.F.);
#492=CARTESIAN_POINT('',(40.253529814,42.86214367,6.));
#493=VERTEX_POINT('',#492);
#494=CARTESIAN_POINT('',(42.75353584,38.532006214,6.));
#495=DIRECTION('',(0.866025404,0.5,-0.));
#496=DIRECTION('',(0.5,-0.866025404,0.));
#497=AXIS2_PLACEMENT_3D('',#494,#495,#496);
#498=ELLIPSE('',#497,5.000012052,5.);
#499=EDGE_CURVE('',#485,#493,#498,.T.);
#500=ORIENTED_EDGE('',*,*,#499,.T.);
#501=CARTESIAN_POINT('',(40.253529814,42.86214367,35.));
#502=VERTEX_POINT('',#501);
#503=CARTESIAN_POINT('',(40.253529814,42.86214367,35.));
#504=DIRECTION('',(0.,0.,-1.));
#505=VECTOR('',#504,29.);
#506=LINE('',#503,#505);
#507=EDGE_CURVE('',#502,#493,#506,.T.);
#508=ORIENTED_EDGE('',*,*,#507,.F.);
#509=CARTESIAN_POINT('',(37.753523788,47.192281126,40.));
#510=VERTEX_POINT('',#509);
#511=CARTESIAN_POINT('',(37.753523788,47.192281126,35.));
#512=DIRECTION('',(-0.866025404,-0.5,0.));
#513=DIRECTION('',(0.5,-0.866025404,0.));
#514=AXIS2_PLACEMENT_3D('',#511,#512,#513);
#515=ELLIPSE('',#514,5.000012052,5.);
#516=EDGE_CURVE('',#502,#510,#515,.T.);
#517=ORIENTED_EDGE('',*,*,#516,.T.);
#518=CARTESIAN_POINT('',(32.5,56.291651246,40.));
#519=VERTEX_POINT('',#518);
#520=CARTESIAN_POINT('',(37.753523788,47.192281126,40.));
#521=DIRECTION('',(-0.5,0.866025404,0.));
#522=VECTOR('',#521,10.507047576);
#523=LINE('',#520,#522);
#524=EDGE_CURVE('',#510,#519,#523,.T.);
#525=ORIENTED_EDGE('',*,*,#524,.T.);
#526=CARTESIAN_POINT('',(32.5,56.291651246,-2.));
#527=VERTEX_POINT('',#526);
#528=CARTESIAN_POINT('',(32.5,56.291651246,40.));
#529=DIRECTION('',(0.,0.,-1.));
#530=VECTOR('',#529,42.);
#531=LINE('',#528,#530);
#532=EDGE_CURVE('',#519,#527,#531,.T.);
#533=ORIENTED_EDGE('',*,*,#532,.T.);
#534=CARTESIAN_POINT('',(65.,0.,-2.));
#535=VERTEX_POINT('',#534);
#536=CARTESIAN_POINT('',(65.,0.,-2.));
#537=DIRECTION('',(-0.5,0.866025404,0.));
#538=VECTOR('',#537,65.);
#539=LINE('',#536,#538);
#540=EDGE_CURVE('',#535,#527,#539,.T.);
#541=ORIENTED_EDGE('',*,*,#540,.F.);
#542=CARTESIAN_POINT('',(65.,0.,40.));
#543=DIRECTION('',(0.,0.,-1.));
#544=VECTOR('',#543,42.);
#545=LINE('',#542,#544);
#546=EDGE_CURVE('',#59,#535,#545,.T.);
#547=ORIENTED_EDGE('',*,*,#546,.F.);
#548=ORIENTED_EDGE('',*,*,#64,.T.);
#549=CARTESIAN_POINT('',(57.003570188,13.850222714,35.));
#550=VERTEX_POINT('',#549);
#551=CARTESIAN_POINT('',(59.503576214,9.520085258,35.));
#552=DIRECTION('',(-0.866025404,-0.5,0.));
#553=DIRECTION('',(-0.5,0.866025404,0.));
#554=AXIS2_PLACEMENT_3D('',#551,#552,#553);
#555=ELLIPSE('',#554,5.000012052,5.);
#556=EDGE_CURVE('',#51,#550,#555,.T.);
#557=ORIENTED_EDGE('',*,*,#556,.T.);
#558=CARTESIAN_POINT('',(57.003570188,13.850222714,6.));
#559=VERTEX_POINT('',#558);
#560=CARTESIAN_POINT('',(57.003570188,13.850222714,35.));
#561=DIRECTION('',(0.,0.,-1.));
#562=VECTOR('',#561,29.);
#563=LINE('',#560,#562);
#564=EDGE_CURVE('',#550,#559,#563,.T.);
#565=ORIENTED_EDGE('',*,*,#564,.T.);
#566=CARTESIAN_POINT('',(54.503564162,18.18036017,1.));
#567=VERTEX_POINT('',#566);
#568=CARTESIAN_POINT('',(54.503564162,18.18036017,6.));
#569=DIRECTION('',(0.866025404,0.5,-0.));
#570=DIRECTION('',(0.5,-0.866025404,0.));
#571=AXIS2_PLACEMENT_3D('',#568,#569,#570);
#572=ELLIPSE('',#571,5.000012052,5.);
#573=EDGE_CURVE('',#559,#567,#572,.T.);
#574=ORIENTED_EDGE('',*,*,#573,.T.);
#575=CARTESIAN_POINT('',(54.503564162,18.18036017,1.));
#576=DIRECTION('',(-0.5,0.866025404,0.));
#577=VECTOR('',#576,7.000016873);
#578=LINE('',#575,#577);
#579=EDGE_CURVE('',#567,#441,#578,.T.);
#580=ORIENTED_EDGE('',*,*,#579,.T.);
#581=EDGE_LOOP('',(#449,#458,#466,#475,#483,#491,#500,#508,#517,#525,#533,#541,#547,#548,#557,#565,#574,#580));
#582=FACE_BOUND('',#581,.T.);
#583=ADVANCED_FACE('',(#582),#439,.T.);
#584=CARTESIAN_POINT('',(-48.75,-28.145825623,55.));
#585=DIRECTION('',(0.866025404,0.5,0.));
#586=DIRECTION('',(-0.5,0.866025404,0.));
#587=AXIS2_PLACEMENT_3D('',#584,#585,#586);
#588=PLANE('',#587);
#589=CARTESIAN_POINT('',(-40.620024999,-42.227355388,6.));
#590=VERTEX_POINT('',#589);
#591=CARTESIAN_POINT('',(-40.620024999,-42.227355388,35.));
#592=VERTEX_POINT('',#591);
#593=CARTESIAN_POINT('',(-40.620024999,-42.227355388,6.));
#594=DIRECTION('',(0.,0.,1.));
#595=VECTOR('',#594,29.);
#596=LINE('',#593,#595);
#597=EDGE_CURVE('',#590,#592,#596,.T.);
#598=ORIENTED_EDGE('',*,*,#597,.T.);
#599=CARTESIAN_POINT('',(-38.120018973,-46.557492845,35.));
#600=DIRECTION('',(0.866025404,0.5,0.));
#601=DIRECTION('',(-0.5,0.866025404,0.));
#602=AXIS2_PLACEMENT_3D('',#599,#600,#601);
#603=ELLIPSE('',#602,5.000012052,5.);
#604=EDGE_CURVE('',#592,#105,#603,.T.);
#605=ORIENTED_EDGE('',*,*,#604,.T.);
#606=ORIENTED_EDGE('',*,*,#150,.T.);
#607=CARTESIAN_POINT('',(-32.5,-56.291651246,-2.));
#608=VERTEX_POINT('',#607);
#609=CARTESIAN_POINT('',(-32.5,-56.291651246,40.));
#610=DIRECTION('',(0.,0.,-1.));
#611=VECTOR('',#610,42.);
#612=LINE('',#609,#611);
#613=EDGE_CURVE('',#139,#608,#612,.T.);
#614=ORIENTED_EDGE('',*,*,#613,.T.);
#615=CARTESIAN_POINT('',(-65.,0.,-2.));
#616=VERTEX_POINT('',#615);
#617=CARTESIAN_POINT('',(-65.,0.,-2.));
#618=DIRECTION('',(0.5,-0.866025404,0.));
#619=VECTOR('',#618,65.);
#620=LINE('',#617,#619);
#621=EDGE_CURVE('',#616,#608,#620,.T.);
#622=ORIENTED_EDGE('',*,*,#621,.F.);
#623=CARTESIAN_POINT('',(-65.,0.,40.));
#624=VERTEX_POINT('',#623);
#625=CARTESIAN_POINT('',(-65.,0.,40.));
#626=DIRECTION('',(0.,0.,-1.));
#627=VECTOR('',#626,42.);
#628=LINE('',#625,#627);
#629=EDGE_CURVE('',#624,#616,#628,.T.);
#630=ORIENTED_EDGE('',*,*,#629,.F.);
#631=CARTESIAN_POINT('',(-59.870071399,-8.885296976,40.));
#632=VERTEX_POINT('',#631);
#633=CARTESIAN_POINT('',(-65.,0.,40.));
#634=DIRECTION('',(0.5,-0.866025404,0.));
#635=VECTOR('',#634,10.259857202);
#636=LINE('',#633,#635);
#637=EDGE_CURVE('',#624,#632,#636,.T.);
#638=ORIENTED_EDGE('',*,*,#637,.T.);
#639=CARTESIAN_POINT('',(-57.370065373,-13.215434432,35.));
#640=VERTEX_POINT('',#639);
#641=CARTESIAN_POINT('',(-59.870071399,-8.885296976,35.));
#642=DIRECTION('',(0.866025404,0.5,0.));
#643=DIRECTION('',(0.5,-0.866025404,0.));
#644=AXIS2_PLACEMENT_3D('',#641,#642,#643);
#645=ELLIPSE('',#644,5.000012052,5.);
#646=EDGE_CURVE('',#632,#640,#645,.T.);
#647=ORIENTED_EDGE('',*,*,#646,.T.);
#648=CARTESIAN_POINT('',(-57.370065373,-13.215434432,6.));
#649=VERTEX_POINT('',#648);
#650=CARTESIAN_POINT('',(-57.370065373,-13.215434432,6.));
#651=DIRECTION('',(0.,0.,1.));
#652=VECTOR('',#651,29.);
#653=LINE('',#650,#652);
#654=EDGE_CURVE('',#649,#640,#653,.T.);
#655=ORIENTED_EDGE('',*,*,#654,.F.);
#656=CARTESIAN_POINT('',(-54.870059347,-17.545571888,1.));
#657=VERTEX_POINT('',#656);
#658=CARTESIAN_POINT('',(-54.870059347,-17.545571888,6.));
#659=DIRECTION('',(-0.866025404,-0.5,-0.));
#660=DIRECTION('',(0.5,-0.866025404,0.));
#661=AXIS2_PLACEMENT_3D('',#658,#659,#660);
#662=ELLIPSE('',#661,5.000012052,5.);
#663=EDGE_CURVE('',#649,#657,#662,.T.);
#664=ORIENTED_EDGE('',*,*,#663,.T.);
#665=CARTESIAN_POINT('',(-51.370050911,-23.607764327,1.));
#666=VERTEX_POINT('',#665);
#667=CARTESIAN_POINT('',(-51.370050911,-23.607764327,1.));
#668=DIRECTION('',(-0.5,0.866025404,0.));
#669=VECTOR('',#668,7.000016873);
#670=LINE('',#667,#669);
#671=EDGE_CURVE('',#666,#657,#670,.T.);
#672=ORIENTED_EDGE('',*,*,#671,.F.);
#673=CARTESIAN_POINT('',(-51.370050911,-23.607764327,40.));
#674=VERTEX_POINT('',#673);
#675=CARTESIAN_POINT('',(-51.370050911,-23.607764327,40.));
#676=DIRECTION('',(0.,0.,-1.));
#677=VECTOR('',#676,39.);
#678=LINE('',#675,#677);
#679=EDGE_CURVE('',#674,#666,#678,.T.);
#680=ORIENTED_EDGE('',*,*,#679,.F.);
#681=CARTESIAN_POINT('',(-46.620039462,-31.835025494,40.));
#682=VERTEX_POINT('',#681);
#683=CARTESIAN_POINT('',(-51.370050911,-23.607764327,40.));
#684=DIRECTION('',(0.5,-0.866025404,0.));
#685=VECTOR('',#684,9.500022899);
#686=LINE('',#683,#685);
#687=EDGE_CURVE('',#674,#682,#686,.T.);
#688=ORIENTED_EDGE('',*,*,#687,.T.);
#689=CARTESIAN_POINT('',(-46.620039462,-31.835025494,1.));
#690=VERTEX_POINT('',#689);
#691=CARTESIAN_POINT('',(-46.620039462,-31.835025494,40.));
#692=DIRECTION('',(0.,0.,-1.));
#693=VECTOR('',#692,39.);
#694=LINE('',#691,#693);
#695=EDGE_CURVE('',#682,#690,#694,.T.);
#696=ORIENTED_EDGE('',*,*,#695,.T.);
#697=CARTESIAN_POINT('',(-43.120031025,-37.897217932,1.));
#698=VERTEX_POINT('',#697);
#699=CARTESIAN_POINT('',(-46.620039462,-31.835025494,1.));
#700=DIRECTION('',(0.5,-0.866025404,0.));
#701=VECTOR('',#700,7.000016873);
#702=LINE('',#699,#701);
#703=EDGE_CURVE('',#690,#698,#702,.T.);
#704=ORIENTED_EDGE('',*,*,#703,.T.);
#705=CARTESIAN_POINT('',(-43.120031025,-37.897217932,6.));
#706=DIRECTION('',(-0.866025404,-0.5,-0.));
#707=DIRECTION('',(0.5,-0.866025404,0.));
#708=AXIS2_PLACEMENT_3D('',#705,#706,#707);
#709=ELLIPSE('',#708,5.000012052,5.);
#710=EDGE_CURVE('',#698,#590,#709,.T.);
#711=ORIENTED_EDGE('',*,*,#710,.T.);
#712=EDGE_LOOP('',(#598,#605,#606,#614,#622,#630,#638,#647,#655,#664,#672,#680,#688,#696,#704,#711));
#713=FACE_BOUND('',#712,.T.);
#714=ADVANCED_FACE('',(#713),#588,.T.);
#715=CARTESIAN_POINT('',(0.,0.,40.));
#716=DIRECTION('',(0.,0.,1.));
#717=DIRECTION('',(1.,0.,0.));
#718=AXIS2_PLACEMENT_3D('',#715,#716,#717);
#719=PLANE('',#718);
#720=ORIENTED_EDGE('',*,*,#465,.F.);
#721=CARTESIAN_POINT('',(51.13177183,25.469444757,40.));
#722=VERTEX_POINT('',#721);
#723=CARTESIAN_POINT('',(50.50355452,25.1085801,40.));
#724=DIRECTION('',(0.867121125,0.498097335,-0.));
#725=VECTOR('',#724,0.724486224);
#726=LINE('',#723,#725);
#727=EDGE_CURVE('',#451,#722,#726,.T.);
#728=ORIENTED_EDGE('',*,*,#727,.T.);
#729=CARTESIAN_POINT('',(47.396041818,31.972853192,40.));
#730=VERTEX_POINT('',#729);
#731=CARTESIAN_POINT('',(51.13177183,25.469444757,40.));
#732=DIRECTION('',(-0.498097335,0.867121125,0.));
#733=VECTOR('',#732,7.5);
#734=LINE('',#731,#733);
#735=EDGE_CURVE('',#722,#730,#734,.T.);
#736=ORIENTED_EDGE('',*,*,#735,.T.);
#737=CARTESIAN_POINT('',(47.396041818,31.972853192,40.));
#738=DIRECTION('',(-0.867121125,-0.498097335,0.));
#739=VECTOR('',#738,0.740953389);
#740=LINE('',#737,#739);
#741=EDGE_CURVE('',#730,#460,#740,.T.);
#742=ORIENTED_EDGE('',*,*,#741,.T.);
#743=EDGE_LOOP('',(#720,#728,#736,#742));
#744=FACE_BOUND('',#743,.T.);
#745=ADVANCED_FACE('',(#744),#719,.T.);
#746=CARTESIAN_POINT('',(0.,0.,40.));
#747=DIRECTION('',(0.,0.,1.));
#748=DIRECTION('',(1.,0.,0.));
#749=AXIS2_PLACEMENT_3D('',#746,#747,#748);
#750=PLANE('',#749);
#751=CARTESIAN_POINT('',(-51.994968835,-23.96673373,40.));
#752=VERTEX_POINT('',#751);
#753=CARTESIAN_POINT('',(-51.370050911,-23.607764327,40.));
#754=DIRECTION('',(-0.867121125,-0.498097335,0.));
#755=VECTOR('',#754,0.720681236);
#756=LINE('',#753,#755);
#757=EDGE_CURVE('',#674,#752,#756,.T.);
#758=ORIENTED_EDGE('',*,*,#757,.T.);
#759=CARTESIAN_POINT('',(-47.263044153,-32.204384415,40.));
#760=VERTEX_POINT('',#759);
#761=CARTESIAN_POINT('',(-51.994968835,-23.96673373,40.));
#762=DIRECTION('',(0.498097335,-0.867121125,0.));
#763=VECTOR('',#762,9.5);
#764=LINE('',#761,#763);
#765=EDGE_CURVE('',#752,#760,#764,.T.);
#766=ORIENTED_EDGE('',*,*,#765,.T.);
#767=CARTESIAN_POINT('',(-46.620039462,-31.835025494,40.));
#768=DIRECTION('',(-0.867121125,-0.498097335,0.));
#769=VECTOR('',#768,0.741539645);
#770=LINE('',#767,#769);
#771=EDGE_CURVE('',#682,#760,#770,.T.);
#772=ORIENTED_EDGE('',*,*,#771,.F.);
#773=ORIENTED_EDGE('',*,*,#687,.F.);
#774=EDGE_LOOP('',(#758,#766,#772,#773));
#775=FACE_BOUND('',#774,.T.);
#776=ADVANCED_FACE('',(#775),#750,.T.);
#777=CARTESIAN_POINT('',(50.186179974,-29.122110836,55.));
#778=DIRECTION('',(-0.864925508,0.501900255,0.));
#779=DIRECTION('',(-0.501900255,-0.864925508,0.));
#780=AXIS2_PLACEMENT_3D('',#777,#778,#779);
#781=PLANE('',#780);
#782=CARTESIAN_POINT('',(47.425768444,-33.879132422,5.529560488));
#783=VERTEX_POINT('',#782);
#784=CARTESIAN_POINT('',(47.425768444,-33.879132422,33.529560489));
#785=VERTEX_POINT('',#784);
#786=CARTESIAN_POINT('',(47.425768444,-33.879132422,5.529560488));
#787=DIRECTION('',(0.,0.,1.));
#788=VECTOR('',#787,28.000000001);
#789=LINE('',#786,#788);
#790=EDGE_CURVE('',#783,#785,#789,.T.);
#791=ORIENTED_EDGE('',*,*,#790,.T.);
#792=CARTESIAN_POINT('',(50.186179974,-29.122110836,39.));
#793=VERTEX_POINT('',#792);
#794=CARTESIAN_POINT('',(50.186179974,-29.122110836,33.5));
#795=DIRECTION('',(-0.864925508,0.501900255,0.));
#796=DIRECTION('',(-0.501900255,-0.864925508,0.));
#797=AXIS2_PLACEMENT_3D('',#794,#795,#796);
#798=CIRCLE('',#797,5.5);
#799=EDGE_CURVE('',#785,#793,#798,.T.);
#800=ORIENTED_EDGE('',*,*,#799,.T.);
#801=CARTESIAN_POINT('',(33.372521444,-58.097115354,39.));
#802=VERTEX_POINT('',#801);
#803=CARTESIAN_POINT('',(50.186179974,-29.122110836,39.));
#804=DIRECTION('',(-0.501900255,-0.864925508,-0.));
#805=VECTOR('',#804,33.5);
#806=LINE('',#803,#805);
#807=EDGE_CURVE('',#793,#802,#806,.T.);
#808=ORIENTED_EDGE('',*,*,#807,.T.);
#809=CARTESIAN_POINT('',(33.372521444,-58.097115354,-2.));
#810=VERTEX_POINT('',#809);
#811=CARTESIAN_POINT('',(33.372521444,-58.097115354,39.));
#812=DIRECTION('',(0.,0.,-1.));
#813=VECTOR('',#812,41.);
#814=LINE('',#811,#813);
#815=EDGE_CURVE('',#802,#810,#814,.T.);
#816=ORIENTED_EDGE('',*,*,#815,.T.);
#817=CARTESIAN_POINT('',(66.710066258,-0.646471293,-2.));
#818=VERTEX_POINT('',#817);
#819=CARTESIAN_POINT('',(33.372521444,-58.097115354,-2.));
#820=DIRECTION('',(0.501900255,0.864925508,0.));
#821=VECTOR('',#820,66.422649731);
#822=LINE('',#819,#821);
#823=EDGE_CURVE('',#810,#818,#822,.T.);
#824=ORIENTED_EDGE('',*,*,#823,.T.);
#825=CARTESIAN_POINT('',(66.710066258,-0.646471293,39.));
#826=VERTEX_POINT('',#825);
#827=CARTESIAN_POINT('',(66.710066258,-0.646471293,-2.));
#828=DIRECTION('',(-0.,-0.,1.));
#829=VECTOR('',#828,41.);
#830=LINE('',#827,#829);
#831=EDGE_CURVE('',#818,#826,#830,.T.);
#832=ORIENTED_EDGE('',*,*,#831,.T.);
#833=CARTESIAN_POINT('',(66.710066258,-0.646471293,39.));
#834=DIRECTION('',(-0.501900255,-0.864925508,-0.));
#835=VECTOR('',#834,32.922649731);
#836=LINE('',#833,#835);
#837=EDGE_CURVE('',#826,#793,#836,.T.);
#838=ORIENTED_EDGE('',*,*,#837,.T.);
#839=CARTESIAN_POINT('',(52.946620744,-24.365038862,33.516874943));
#840=VERTEX_POINT('',#839);
#841=CARTESIAN_POINT('',(50.186179974,-29.122110836,33.5));
#842=DIRECTION('',(-0.864925508,0.501900255,0.));
#843=DIRECTION('',(-0.501900255,-0.864925508,0.));
#844=AXIS2_PLACEMENT_3D('',#841,#842,#843);
#845=CIRCLE('',#844,5.5);
#846=EDGE_CURVE('',#793,#840,#845,.T.);
#847=ORIENTED_EDGE('',*,*,#846,.T.);
#848=CARTESIAN_POINT('',(52.946622677,-24.365035531,5.513806781));
#849=VERTEX_POINT('',#848);
#850=CARTESIAN_POINT('',(52.946620744,-24.365038862,33.516874943));
#851=DIRECTION('',(0.,0.,-1.));
#852=VECTOR('',#851,28.003068162);
#853=LINE('',#850,#852);
#854=EDGE_CURVE('',#840,#849,#853,.T.);
#855=ORIENTED_EDGE('',*,*,#854,.T.);
#856=CARTESIAN_POINT('',(47.425728574,-33.87920113,5.5));
#857=VERTEX_POINT('',#856);
#858=CARTESIAN_POINT('',(50.186179974,-29.122110836,5.5));
#859=DIRECTION('',(-0.864925508,0.501900255,0.));
#860=DIRECTION('',(-0.501900255,-0.864925508,0.));
#861=AXIS2_PLACEMENT_3D('',#858,#859,#860);
#862=CIRCLE('',#861,5.5);
#863=EDGE_CURVE('',#849,#857,#862,.T.);
#864=ORIENTED_EDGE('',*,*,#863,.T.);
#865=CARTESIAN_POINT('',(50.186179974,-29.122110836,5.5));
#866=DIRECTION('',(-0.864925508,0.501900255,0.));
#867=DIRECTION('',(-0.501900255,-0.864925508,0.));
#868=AXIS2_PLACEMENT_3D('',#865,#866,#867);
#869=CIRCLE('',#868,5.5);
#870=EDGE_CURVE('',#857,#783,#869,.T.);
#871=ORIENTED_EDGE('',*,*,#870,.T.);
#872=EDGE_LOOP('',(#791,#800,#808,#816,#824,#832,#838,#847,#855,#864,#871));
#873=FACE_BOUND('',#872,.T.);
#874=CARTESIAN_POINT('',(39.520839434,-47.501709173,33.526738446));
#875=VERTEX_POINT('',#874);
#876=CARTESIAN_POINT('',(39.520839434,-47.501709173,5.526738446));
#877=VERTEX_POINT('',#876);
#878=CARTESIAN_POINT('',(39.520839434,-47.501709173,33.526738446));
#879=DIRECTION('',(0.,0.,-1.));
#880=VECTOR('',#879,28.);
#881=LINE('',#878,#880);
#882=EDGE_CURVE('',#875,#877,#881,.T.);
#883=ORIENTED_EDGE('',*,*,#882,.F.);
#884=CARTESIAN_POINT('',(44.037891224,-39.717466629,33.513806772));
#885=VERTEX_POINT('',#884);
#886=CARTESIAN_POINT('',(41.779350709,-43.609613095,33.5));
#887=DIRECTION('',(-0.864925508,0.501900255,0.));
#888=DIRECTION('',(-0.501900255,-0.864925508,0.));
#889=AXIS2_PLACEMENT_3D('',#886,#887,#888);
#890=CIRCLE('',#889,4.5);
#891=EDGE_CURVE('',#875,#885,#890,.T.);
#892=ORIENTED_EDGE('',*,*,#891,.T.);
#893=CARTESIAN_POINT('',(44.037891224,-39.717466629,5.513806772));
#894=VERTEX_POINT('',#893);
#895=CARTESIAN_POINT('',(44.037891224,-39.717466629,33.513806772));
#896=DIRECTION('',(0.,0.,-1.));
#897=VECTOR('',#896,28.);
#898=LINE('',#895,#897);
#899=EDGE_CURVE('',#885,#894,#898,.T.);
#900=ORIENTED_EDGE('',*,*,#899,.T.);
#901=CARTESIAN_POINT('',(39.520799563,-47.501777881,5.5));
#902=VERTEX_POINT('',#901);
#903=CARTESIAN_POINT('',(41.779350709,-43.609613095,5.5));
#904=DIRECTION('',(-0.864925508,0.501900255,0.));
#905=DIRECTION('',(-0.501900255,-0.864925508,0.));
#906=AXIS2_PLACEMENT_3D('',#903,#904,#905);
#907=CIRCLE('',#906,4.5);
#908=EDGE_CURVE('',#894,#902,#907,.T.);
#909=ORIENTED_EDGE('',*,*,#908,.T.);
#910=CARTESIAN_POINT('',(41.779350709,-43.609613095,5.5));
#911=DIRECTION('',(-0.864925508,0.501900255,0.));
#912=DIRECTION('',(-0.501900255,-0.864925508,0.));
#913=AXIS2_PLACEMENT_3D('',#910,#911,#912);
#914=CIRCLE('',#913,4.5);
#915=EDGE_CURVE('',#902,#877,#914,.T.);
#916=ORIENTED_EDGE('',*,*,#915,.T.);
#917=EDGE_LOOP('',(#883,#892,#900,#909,#916));
#918=FACE_BOUND('',#917,.T.);
#919=CARTESIAN_POINT('',(56.334497964,-18.526704655,33.526738446));
#920=VERTEX_POINT('',#919);
#921=CARTESIAN_POINT('',(56.334497964,-18.526704655,5.526738446));
#922=VERTEX_POINT('',#921);
#923=CARTESIAN_POINT('',(56.334497964,-18.526704655,33.526738446));
#924=DIRECTION('',(0.,0.,-1.));
#925=VECTOR('',#924,28.);
#926=LINE('',#923,#925);
#927=EDGE_CURVE('',#920,#922,#926,.T.);
#928=ORIENTED_EDGE('',*,*,#927,.F.);
#929=CARTESIAN_POINT('',(60.851549755,-10.742462111,33.513806772));
#930=VERTEX_POINT('',#929);
#931=CARTESIAN_POINT('',(58.59300924,-14.634608577,33.5));
#932=DIRECTION('',(-0.864925508,0.501900255,0.));
#933=DIRECTION('',(-0.501900255,-0.864925508,0.));
#934=AXIS2_PLACEMENT_3D('',#931,#932,#933);
#935=CIRCLE('',#934,4.5);
#936=EDGE_CURVE('',#920,#930,#935,.T.);
#937=ORIENTED_EDGE('',*,*,#936,.T.);
#938=CARTESIAN_POINT('',(60.851549755,-10.742462111,5.513806772));
#939=VERTEX_POINT('',#938);
#940=CARTESIAN_POINT('',(60.851549755,-10.742462111,33.513806772));
#941=DIRECTION('',(0.,0.,-1.));
#942=VECTOR('',#941,28.);
#943=LINE('',#940,#942);
#944=EDGE_CURVE('',#930,#939,#943,.T.);
#945=ORIENTED_EDGE('',*,*,#944,.T.);
#946=CARTESIAN_POINT('',(56.334458094,-18.526773364,5.5));
#947=VERTEX_POINT('',#946);
#948=CARTESIAN_POINT('',(58.59300924,-14.634608578,5.5));
#949=DIRECTION('',(-0.864925508,0.501900255,0.));
#950=DIRECTION('',(-0.501900255,-0.864925508,0.));
#951=AXIS2_PLACEMENT_3D('',#948,#949,#950);
#952=CIRCLE('',#951,4.5);
#953=EDGE_CURVE('',#939,#947,#952,.T.);
#954=ORIENTED_EDGE('',*,*,#953,.T.);
#955=CARTESIAN_POINT('',(58.59300924,-14.634608578,5.5));
#956=DIRECTION('',(-0.864925508,0.501900255,0.));
#957=DIRECTION('',(-0.501900255,-0.864925508,0.));
#958=AXIS2_PLACEMENT_3D('',#955,#956,#957);
#959=CIRCLE('',#958,4.5);
#960=EDGE_CURVE('',#947,#922,#959,.T.);
#961=ORIENTED_EDGE('',*,*,#960,.T.);
#962=EDGE_LOOP('',(#928,#937,#945,#954,#961));
#963=FACE_BOUND('',#962,.T.);
#964=ADVANCED_FACE('',(#873,#918,#963),#781,.F.);
#965=CARTESIAN_POINT('',(-50.186179974,29.122110836,55.));
#966=DIRECTION('',(0.864925508,-0.501900255,0.));
#967=DIRECTION('',(0.501900255,0.864925508,0.));
#968=AXIS2_PLACEMENT_3D('',#965,#966,#967);
#969=PLANE('',#968);
#970=CARTESIAN_POINT('',(-47.425737272,33.879186141,5.513806781));
#971=VERTEX_POINT('',#970);
#972=CARTESIAN_POINT('',(-47.425739205,33.879182811,33.516874943));
#973=VERTEX_POINT('',#972);
#974=CARTESIAN_POINT('',(-47.425739205,33.879182811,5.513806781));
#975=DIRECTION('',(-0.,-0.,1.));
#976=VECTOR('',#975,28.003068162);
#977=LINE('',#974,#976);
#978=EDGE_CURVE('',#971,#973,#977,.T.);
#979=ORIENTED_EDGE('',*,*,#978,.T.);
#980=CARTESIAN_POINT('',(-50.186179974,29.122110836,39.));
#981=VERTEX_POINT('',#980);
#982=CARTESIAN_POINT('',(-50.186179974,29.122110836,33.5));
#983=DIRECTION('',(0.864925508,-0.501900255,0.));
#984=DIRECTION('',(0.501900255,0.864925508,0.));
#985=AXIS2_PLACEMENT_3D('',#982,#983,#984);
#986=CIRCLE('',#985,5.5);
#987=EDGE_CURVE('',#973,#981,#986,.T.);
#988=ORIENTED_EDGE('',*,*,#987,.T.);
#989=CARTESIAN_POINT('',(-33.372521444,58.097115354,39.));
#990=VERTEX_POINT('',#989);
#991=CARTESIAN_POINT('',(-50.186179974,29.122110836,39.));
#992=DIRECTION('',(0.501900255,0.864925508,-0.));
#993=VECTOR('',#992,33.5);
#994=LINE('',#991,#993);
#995=EDGE_CURVE('',#981,#990,#994,.T.);
#996=ORIENTED_EDGE('',*,*,#995,.T.);
#997=CARTESIAN_POINT('',(-33.372521444,58.097115354,-2.));
#998=VERTEX_POINT('',#997);
#999=CARTESIAN_POINT('',(-33.372521444,58.097115354,39.));
#1000=DIRECTION('',(0.,0.,-1.));
#1001=VECTOR('',#1000,41.);
#1002=LINE('',#999,#1001);
#1003=EDGE_CURVE('',#990,#998,#1002,.T.);
#1004=ORIENTED_EDGE('',*,*,#1003,.T.);
#1005=CARTESIAN_POINT('',(-66.710066258,0.646471293,-2.));
#1006=VERTEX_POINT('',#1005);
#1007=CARTESIAN_POINT('',(-33.372521444,58.097115354,-2.));
#1008=DIRECTION('',(-0.501900255,-0.864925508,0.));
#1009=VECTOR('',#1008,66.422649731);
#1010=LINE('',#1007,#1009);
#1011=EDGE_CURVE('',#998,#1006,#1010,.T.);
#1012=ORIENTED_EDGE('',*,*,#1011,.T.);
#1013=CARTESIAN_POINT('',(-66.710066258,0.646471293,39.));
#1014=VERTEX_POINT('',#1013);
#1015=CARTESIAN_POINT('',(-66.710066258,0.646471293,-2.));
#1016=DIRECTION('',(-0.,-0.,1.));
#1017=VECTOR('',#1016,41.);
#1018=LINE('',#1015,#1017);
#1019=EDGE_CURVE('',#1006,#1014,#1018,.T.);
#1020=ORIENTED_EDGE('',*,*,#1019,.T.);
#1021=CARTESIAN_POINT('',(-66.710066258,0.646471293,39.));
#1022=DIRECTION('',(0.501900255,0.864925508,-0.));
#1023=VECTOR('',#1022,32.922649731);
#1024=LINE('',#1021,#1023);
#1025=EDGE_CURVE('',#1014,#981,#1024,.T.);
#1026=ORIENTED_EDGE('',*,*,#1025,.T.);
#1027=CARTESIAN_POINT('',(-52.946591505,24.365089251,33.529560489));
#1028=VERTEX_POINT('',#1027);
#1029=CARTESIAN_POINT('',(-50.186179974,29.122110836,33.5));
#1030=DIRECTION('',(0.864925508,-0.501900255,0.));
#1031=DIRECTION('',(0.501900255,0.864925508,0.));
#1032=AXIS2_PLACEMENT_3D('',#1029,#1030,#1031);
#1033=CIRCLE('',#1032,5.5);
#1034=EDGE_CURVE('',#981,#1028,#1033,.T.);
#1035=ORIENTED_EDGE('',*,*,#1034,.T.);
#1036=CARTESIAN_POINT('',(-52.946591505,24.365089251,5.529560488));
#1037=VERTEX_POINT('',#1036);
#1038=CARTESIAN_POINT('',(-52.946591505,24.365089251,33.529560489));
#1039=DIRECTION('',(-0.,-0.,-1.));
#1040=VECTOR('',#1039,28.000000001);
#1041=LINE('',#1038,#1040);
#1042=EDGE_CURVE('',#1028,#1037,#1041,.T.);
#1043=ORIENTED_EDGE('',*,*,#1042,.T.);
#1044=CARTESIAN_POINT('',(-47.425728574,33.87920113,5.5));
#1045=VERTEX_POINT('',#1044);
#1046=CARTESIAN_POINT('',(-50.186179974,29.122110836,5.5));
#1047=DIRECTION('',(0.864925508,-0.501900255,0.));
#1048=DIRECTION('',(0.501900255,0.864925508,0.));
#1049=AXIS2_PLACEMENT_3D('',#1046,#1047,#1048);
#1050=CIRCLE('',#1049,5.5);
#1051=EDGE_CURVE('',#1037,#1045,#1050,.T.);
#1052=ORIENTED_EDGE('',*,*,#1051,.T.);
#1053=CARTESIAN_POINT('',(-50.186179974,29.122110836,5.5));
#1054=DIRECTION('',(0.864925508,-0.501900255,0.));
#1055=DIRECTION('',(0.501900255,0.864925508,0.));
#1056=AXIS2_PLACEMENT_3D('',#1053,#1054,#1055);
#1057=CIRCLE('',#1056,5.5);
#1058=EDGE_CURVE('',#1045,#971,#1057,.T.);
#1059=ORIENTED_EDGE('',*,*,#1058,.T.);
#1060=EDGE_LOOP('',(#979,#988,#996,#1004,#1012,#1020,#1026,#1035,#1043,#1052,#1059));
#1061=FACE_BOUND('',#1060,.T.);
#1062=CARTESIAN_POINT('',(-60.851520515,10.7425125,33.526738446));
#1063=VERTEX_POINT('',#1062);
#1064=CARTESIAN_POINT('',(-60.851520515,10.7425125,5.526738446));
#1065=VERTEX_POINT('',#1064);
#1066=CARTESIAN_POINT('',(-60.851520515,10.7425125,33.526738446));
#1067=DIRECTION('',(0.,0.,-1.));
#1068=VECTOR('',#1067,28.);
#1069=LINE('',#1066,#1068);
#1070=EDGE_CURVE('',#1063,#1065,#1069,.T.);
#1071=ORIENTED_EDGE('',*,*,#1070,.T.);
#1072=CARTESIAN_POINT('',(-60.851560386,10.742443792,5.5));
#1073=VERTEX_POINT('',#1072);
#1074=CARTESIAN_POINT('',(-58.59300924,14.634608578,5.5));
#1075=DIRECTION('',(-0.864925508,0.501900255,0.));
#1076=DIRECTION('',(-0.501900255,-0.864925508,0.));
#1077=AXIS2_PLACEMENT_3D('',#1074,#1075,#1076);
#1078=CIRCLE('',#1077,4.5);
#1079=EDGE_CURVE('',#1073,#1065,#1078,.T.);
#1080=ORIENTED_EDGE('',*,*,#1079,.F.);
#1081=CARTESIAN_POINT('',(-56.334468725,18.526755044,5.513806772));
#1082=VERTEX_POINT('',#1081);
#1083=CARTESIAN_POINT('',(-58.59300924,14.634608578,5.5));
#1084=DIRECTION('',(-0.864925508,0.501900255,0.));
#1085=DIRECTION('',(-0.501900255,-0.864925508,0.));
#1086=AXIS2_PLACEMENT_3D('',#1083,#1084,#1085);
#1087=CIRCLE('',#1086,4.5);
#1088=EDGE_CURVE('',#1082,#1073,#1087,.T.);
#1089=ORIENTED_EDGE('',*,*,#1088,.F.);
#1090=CARTESIAN_POINT('',(-56.334468725,18.526755044,33.513806772));
#1091=VERTEX_POINT('',#1090);
#1092=CARTESIAN_POINT('',(-56.334468725,18.526755044,33.513806772));
#1093=DIRECTION('',(0.,0.,-1.));
#1094=VECTOR('',#1093,28.);
#1095=LINE('',#1092,#1094);
#1096=EDGE_CURVE('',#1091,#1082,#1095,.T.);
#1097=ORIENTED_EDGE('',*,*,#1096,.F.);
#1098=CARTESIAN_POINT('',(-58.59300924,14.634608578,33.5));
#1099=DIRECTION('',(-0.864925508,0.501900255,0.));
#1100=DIRECTION('',(-0.501900255,-0.864925508,0.));
#1101=AXIS2_PLACEMENT_3D('',#1098,#1099,#1100);
#1102=CIRCLE('',#1101,4.5);
#1103=EDGE_CURVE('',#1063,#1091,#1102,.T.);
#1104=ORIENTED_EDGE('',*,*,#1103,.F.);
#1105=EDGE_LOOP('',(#1071,#1080,#1089,#1097,#1104));
#1106=FACE_BOUND('',#1105,.T.);
#1107=CARTESIAN_POINT('',(-44.037861985,39.717517018,33.526738446));
#1108=VERTEX_POINT('',#1107);
#1109=CARTESIAN_POINT('',(-44.037861985,39.717517018,5.526738446));
#1110=VERTEX_POINT('',#1109);
#1111=CARTESIAN_POINT('',(-44.037861985,39.717517018,33.526738446));
#1112=DIRECTION('',(0.,0.,-1.));
#1113=VECTOR('',#1112,28.);
#1114=LINE('',#1111,#1113);
#1115=EDGE_CURVE('',#1108,#1110,#1114,.T.);
#1116=ORIENTED_EDGE('',*,*,#1115,.T.);
#1117=CARTESIAN_POINT('',(-44.037901855,39.717448309,5.5));
#1118=VERTEX_POINT('',#1117);
#1119=CARTESIAN_POINT('',(-41.779350709,43.609613095,5.5));
#1120=DIRECTION('',(-0.864925508,0.501900255,0.));
#1121=DIRECTION('',(-0.501900255,-0.864925508,0.));
#1122=AXIS2_PLACEMENT_3D('',#1119,#1120,#1121);
#1123=CIRCLE('',#1122,4.5);
#1124=EDGE_CURVE('',#1118,#1110,#1123,.T.);
#1125=ORIENTED_EDGE('',*,*,#1124,.F.);
#1126=CARTESIAN_POINT('',(-39.520810194,47.501759562,5.513806772));
#1127=VERTEX_POINT('',#1126);
#1128=CARTESIAN_POINT('',(-41.779350709,43.609613095,5.5));
#1129=DIRECTION('',(-0.864925508,0.501900255,0.));
#1130=DIRECTION('',(-0.501900255,-0.864925508,0.));
#1131=AXIS2_PLACEMENT_3D('',#1128,#1129,#1130);
#1132=CIRCLE('',#1131,4.5);
#1133=EDGE_CURVE('',#1127,#1118,#1132,.T.);
#1134=ORIENTED_EDGE('',*,*,#1133,.F.);
#1135=CARTESIAN_POINT('',(-39.520810194,47.501759562,33.513806772));
#1136=VERTEX_POINT('',#1135);
#1137=CARTESIAN_POINT('',(-39.520810194,47.501759562,33.513806772));
#1138=DIRECTION('',(0.,0.,-1.));
#1139=VECTOR('',#1138,28.);
#1140=LINE('',#1137,#1139);
#1141=EDGE_CURVE('',#1136,#1127,#1140,.T.);
#1142=ORIENTED_EDGE('',*,*,#1141,.F.);
#1143=CARTESIAN_POINT('',(-41.779350709,43.609613095,33.5));
#1144=DIRECTION('',(-0.864925508,0.501900255,0.));
#1145=DIRECTION('',(-0.501900255,-0.864925508,0.));
#1146=AXIS2_PLACEMENT_3D('',#1143,#1144,#1145);
#1147=CIRCLE('',#1146,4.5);
#1148=EDGE_CURVE('',#1108,#1136,#1147,.T.);
#1149=ORIENTED_EDGE('',*,*,#1148,.F.);
#1150=EDGE_LOOP('',(#1116,#1125,#1134,#1142,#1149));
#1151=FACE_BOUND('',#1150,.T.);
#1152=ADVANCED_FACE('',(#1061,#1106,#1151),#969,.F.);
#1153=CARTESIAN_POINT('',(48.75,-28.145825623,55.));
#1154=DIRECTION('',(-0.866025404,0.5,0.));
#1155=DIRECTION('',(-0.5,-0.866025404,0.));
#1156=AXIS2_PLACEMENT_3D('',#1153,#1154,#1155);
#1157=PLANE('',#1156);
#1158=CARTESIAN_POINT('',(32.5,-56.291651246,-2.));
#1159=VERTEX_POINT('',#1158);
#1160=CARTESIAN_POINT('',(32.5,-56.291651246,-2.));
#1161=DIRECTION('',(0.5,0.866025404,0.));
#1162=VECTOR('',#1161,65.);
#1163=LINE('',#1160,#1162);
#1164=EDGE_CURVE('',#1159,#535,#1163,.T.);
#1165=ORIENTED_EDGE('',*,*,#1164,.F.);
#1166=CARTESIAN_POINT('',(32.5,-56.291651246,40.));
#1167=DIRECTION('',(0.,0.,-1.));
#1168=VECTOR('',#1167,42.);
#1169=LINE('',#1166,#1168);
#1170=EDGE_CURVE('',#67,#1159,#1169,.T.);
#1171=ORIENTED_EDGE('',*,*,#1170,.F.);
#1172=ORIENTED_EDGE('',*,*,#72,.T.);
#1173=ORIENTED_EDGE('',*,*,#546,.T.);
#1174=EDGE_LOOP('',(#1165,#1171,#1172,#1173));
#1175=FACE_BOUND('',#1174,.T.);
#1176=CARTESIAN_POINT('',(38.063216516,-46.655877587,33.526738446));
#1177=VERTEX_POINT('',#1176);
#1178=CARTESIAN_POINT('',(42.563177052,-38.861717306,33.513806772));
#1179=VERTEX_POINT('',#1178);
#1180=CARTESIAN_POINT('',(40.31318222,-42.758822673,33.5));
#1181=DIRECTION('',(-0.866025404,0.5,0.));
#1182=DIRECTION('',(0.5,0.866025404,0.));
#1183=AXIS2_PLACEMENT_3D('',#1180,#1181,#1182);
#1184=ELLIPSE('',#1183,4.500010847,4.5);
#1185=EDGE_CURVE('',#1177,#1179,#1184,.T.);
#1186=ORIENTED_EDGE('',*,*,#1185,.F.);
#1187=CARTESIAN_POINT('',(38.063216516,-46.655877587,5.526738446));
#1188=VERTEX_POINT('',#1187);
#1189=CARTESIAN_POINT('',(38.063216516,-46.655877587,33.526738446));
#1190=DIRECTION('',(0.,0.,-1.));
#1191=VECTOR('',#1190,28.);
#1192=LINE('',#1189,#1191);
#1193=EDGE_CURVE('',#1177,#1188,#1192,.T.);
#1194=ORIENTED_EDGE('',*,*,#1193,.T.);
#1195=CARTESIAN_POINT('',(38.063176796,-46.655946384,5.5));
#1196=VERTEX_POINT('',#1195);
#1197=CARTESIAN_POINT('',(40.31318222,-42.758822673,5.5));
#1198=DIRECTION('',(-0.866025404,0.5,0.));
#1199=DIRECTION('',(0.5,0.866025404,0.));
#1200=AXIS2_PLACEMENT_3D('',#1197,#1198,#1199);
#1201=ELLIPSE('',#1200,4.500010847,4.5);
#1202=EDGE_CURVE('',#1196,#1188,#1201,.T.);
#1203=ORIENTED_EDGE('',*,*,#1202,.F.);
#1204=CARTESIAN_POINT('',(42.563177052,-38.861717306,5.513806772));
#1205=VERTEX_POINT('',#1204);
#1206=CARTESIAN_POINT('',(40.31318222,-42.758822673,5.5));
#1207=DIRECTION('',(-0.866025404,0.5,0.));
#1208=DIRECTION('',(0.5,0.866025404,0.));
#1209=AXIS2_PLACEMENT_3D('',#1206,#1207,#1208);
#1210=ELLIPSE('',#1209,4.500010847,4.5);
#1211=EDGE_CURVE('',#1205,#1196,#1210,.T.);
#1212=ORIENTED_EDGE('',*,*,#1211,.F.);
#1213=CARTESIAN_POINT('',(42.563177052,-38.861717306,33.513806772));
#1214=DIRECTION('',(0.,0.,-1.));
#1215=VECTOR('',#1214,28.);
#1216=LINE('',#1213,#1215);
#1217=EDGE_CURVE('',#1179,#1205,#1216,.T.);
#1218=ORIENTED_EDGE('',*,*,#1217,.F.);
#1219=EDGE_LOOP('',(#1186,#1194,#1203,#1212,#1218));
#1220=FACE_BOUND('',#1219,.T.);
#1221=CARTESIAN_POINT('',(46.438236703,-32.149917109,33.526738446));
#1222=VERTEX_POINT('',#1221);
#1223=CARTESIAN_POINT('',(50.938197239,-24.355756828,33.513806772));
#1224=VERTEX_POINT('',#1223);
#1225=CARTESIAN_POINT('',(48.688202406,-28.252862195,33.5));
#1226=DIRECTION('',(-0.866025404,0.5,0.));
#1227=DIRECTION('',(0.5,0.866025404,0.));
#1228=AXIS2_PLACEMENT_3D('',#1225,#1226,#1227);
#1229=ELLIPSE('',#1228,4.500010847,4.5);
#1230=EDGE_CURVE('',#1222,#1224,#1229,.T.);
#1231=ORIENTED_EDGE('',*,*,#1230,.F.);
#1232=CARTESIAN_POINT('',(46.438236703,-32.149917109,5.526738446));
#1233=VERTEX_POINT('',#1232);
#1234=CARTESIAN_POINT('',(46.438236703,-32.149917109,33.526738446));
#1235=DIRECTION('',(-0.,-0.,-1.));
#1236=VECTOR('',#1235,28.);
#1237=LINE('',#1234,#1236);
#1238=EDGE_CURVE('',#1222,#1233,#1237,.T.);
#1239=ORIENTED_EDGE('',*,*,#1238,.T.);
#1240=CARTESIAN_POINT('',(46.438196983,-32.149985905,5.5));
#1241=VERTEX_POINT('',#1240);
#1242=CARTESIAN_POINT('',(48.688202406,-28.252862195,5.5));
#1243=DIRECTION('',(-0.866025404,0.5,0.));
#1244=DIRECTION('',(0.5,0.866025404,0.));
#1245=AXIS2_PLACEMENT_3D('',#1242,#1243,#1244);
#1246=ELLIPSE('',#1245,4.500010847,4.5);
#1247=EDGE_CURVE('',#1241,#1233,#1246,.T.);
#1248=ORIENTED_EDGE('',*,*,#1247,.F.);
#1249=CARTESIAN_POINT('',(50.938197239,-24.355756828,5.513806772));
#1250=VERTEX_POINT('',#1249);
#1251=CARTESIAN_POINT('',(48.688202406,-28.252862195,5.5));
#1252=DIRECTION('',(-0.866025404,0.5,0.));
#1253=DIRECTION('',(0.5,0.866025404,0.));
#1254=AXIS2_PLACEMENT_3D('',#1251,#1252,#1253);
#1255=ELLIPSE('',#1254,4.500010847,4.5);
#1256=EDGE_CURVE('',#1250,#1241,#1255,.T.);
#1257=ORIENTED_EDGE('',*,*,#1256,.F.);
#1258=CARTESIAN_POINT('',(50.938197239,-24.355756828,33.513806772));
#1259=DIRECTION('',(0.,0.,-1.));
#1260=VECTOR('',#1259,28.);
#1261=LINE('',#1258,#1260);
#1262=EDGE_CURVE('',#1224,#1250,#1261,.T.);
#1263=ORIENTED_EDGE('',*,*,#1262,.F.);
#1264=EDGE_LOOP('',(#1231,#1239,#1248,#1257,#1263));
#1265=FACE_BOUND('',#1264,.T.);
#1266=CARTESIAN_POINT('',(54.81325689,-17.643956631,33.526738446));
#1267=VERTEX_POINT('',#1266);
#1268=CARTESIAN_POINT('',(59.313217426,-9.849796349,33.513806772));
#1269=VERTEX_POINT('',#1268);
#1270=CARTESIAN_POINT('',(57.063222593,-13.746901717,33.5));
#1271=DIRECTION('',(-0.866025404,0.5,0.));
#1272=DIRECTION('',(0.5,0.866025404,0.));
#1273=AXIS2_PLACEMENT_3D('',#1270,#1271,#1272);
#1274=ELLIPSE('',#1273,4.500010847,4.5);
#1275=EDGE_CURVE('',#1267,#1269,#1274,.T.);
#1276=ORIENTED_EDGE('',*,*,#1275,.F.);
#1277=CARTESIAN_POINT('',(54.81325689,-17.643956631,5.526738446));
#1278=VERTEX_POINT('',#1277);
#1279=CARTESIAN_POINT('',(54.81325689,-17.643956631,33.526738446));
#1280=DIRECTION('',(0.,0.,-1.));
#1281=VECTOR('',#1280,28.);
#1282=LINE('',#1279,#1281);
#1283=EDGE_CURVE('',#1267,#1278,#1282,.T.);
#1284=ORIENTED_EDGE('',*,*,#1283,.T.);
#1285=CARTESIAN_POINT('',(54.81321717,-17.644025427,5.5));
#1286=VERTEX_POINT('',#1285);
#1287=CARTESIAN_POINT('',(57.063222593,-13.746901717,5.5));
#1288=DIRECTION('',(-0.866025404,0.5,0.));
#1289=DIRECTION('',(0.5,0.866025404,0.));
#1290=AXIS2_PLACEMENT_3D('',#1287,#1288,#1289);
#1291=ELLIPSE('',#1290,4.500010847,4.5);
#1292=EDGE_CURVE('',#1286,#1278,#1291,.T.);
#1293=ORIENTED_EDGE('',*,*,#1292,.F.);
#1294=CARTESIAN_POINT('',(59.313217426,-9.849796349,5.513806772));
#1295=VERTEX_POINT('',#1294);
#1296=CARTESIAN_POINT('',(57.063222593,-13.746901717,5.5));
#1297=DIRECTION('',(-0.866025404,0.5,0.));
#1298=DIRECTION('',(0.5,0.866025404,0.));
#1299=AXIS2_PLACEMENT_3D('',#1296,#1297,#1298);
#1300=ELLIPSE('',#1299,4.500010847,4.5);
#1301=EDGE_CURVE('',#1295,#1286,#1300,.T.);
#1302=ORIENTED_EDGE('',*,*,#1301,.F.);
#1303=CARTESIAN_POINT('',(59.313217426,-9.849796349,33.513806772));
#1304=DIRECTION('',(0.,0.,-1.));
#1305=VECTOR('',#1304,28.);
#1306=LINE('',#1303,#1305);
#1307=EDGE_CURVE('',#1269,#1295,#1306,.T.);
#1308=ORIENTED_EDGE('',*,*,#1307,.F.);
#1309=EDGE_LOOP('',(#1276,#1284,#1293,#1302,#1308));
#1310=FACE_BOUND('',#1309,.T.);
#1311=ADVANCED_FACE('',(#1175,#1220,#1265,#1310),#1157,.T.);
#1312=CARTESIAN_POINT('',(-48.75,28.145825623,55.));
#1313=DIRECTION('',(0.866025404,-0.5,0.));
#1314=DIRECTION('',(0.5,0.866025404,0.));
#1315=AXIS2_PLACEMENT_3D('',#1312,#1313,#1314);
#1316=PLANE('',#1315);
#1317=CARTESIAN_POINT('',(-32.5,56.291651246,-2.));
#1318=VERTEX_POINT('',#1317);
#1319=CARTESIAN_POINT('',(-32.5,56.291651246,-2.));
#1320=DIRECTION('',(-0.5,-0.866025404,0.));
#1321=VECTOR('',#1320,65.);
#1322=LINE('',#1319,#1321);
#1323=EDGE_CURVE('',#1318,#616,#1322,.T.);
#1324=ORIENTED_EDGE('',*,*,#1323,.F.);
#1325=CARTESIAN_POINT('',(-32.5,56.291651246,40.));
#1326=VERTEX_POINT('',#1325);
#1327=CARTESIAN_POINT('',(-32.5,56.291651246,40.));
#1328=DIRECTION('',(0.,0.,-1.));
#1329=VECTOR('',#1328,42.);
#1330=LINE('',#1327,#1329);
#1331=EDGE_CURVE('',#1326,#1318,#1330,.T.);
#1332=ORIENTED_EDGE('',*,*,#1331,.F.);
#1333=CARTESIAN_POINT('',(-32.5,56.291651246,40.));
#1334=DIRECTION('',(-0.5,-0.866025404,0.));
#1335=VECTOR('',#1334,65.);
#1336=LINE('',#1333,#1335);
#1337=EDGE_CURVE('',#1326,#624,#1336,.T.);
#1338=ORIENTED_EDGE('',*,*,#1337,.T.);
#1339=ORIENTED_EDGE('',*,*,#629,.T.);
#1340=EDGE_LOOP('',(#1324,#1332,#1338,#1339));
#1341=FACE_BOUND('',#1340,.T.);
#1342=CARTESIAN_POINT('',(-59.313228017,9.849778006,5.5));
#1343=VERTEX_POINT('',#1342);
#1344=CARTESIAN_POINT('',(-54.81322776,17.644007084,5.513806772));
#1345=VERTEX_POINT('',#1344);
#1346=CARTESIAN_POINT('',(-57.063222593,13.746901717,5.5));
#1347=DIRECTION('',(0.866025404,-0.5,0.));
#1348=DIRECTION('',(0.5,0.866025404,0.));
#1349=AXIS2_PLACEMENT_3D('',#1346,#1347,#1348);
#1350=ELLIPSE('',#1349,4.500010847,4.5);
#1351=EDGE_CURVE('',#1343,#1345,#1350,.T.);
#1352=ORIENTED_EDGE('',*,*,#1351,.F.);
#1353=CARTESIAN_POINT('',(-59.313188297,9.849846803,5.526738446));
#1354=VERTEX_POINT('',#1353);
#1355=CARTESIAN_POINT('',(-57.063222593,13.746901717,5.5));
#1356=DIRECTION('',(0.866025404,-0.5,0.));
#1357=DIRECTION('',(0.5,0.866025404,0.));
#1358=AXIS2_PLACEMENT_3D('',#1355,#1356,#1357);
#1359=ELLIPSE('',#1358,4.500010847,4.5);
#1360=EDGE_CURVE('',#1354,#1343,#1359,.T.);
#1361=ORIENTED_EDGE('',*,*,#1360,.F.);
#1362=CARTESIAN_POINT('',(-59.313188297,9.849846803,33.526738446));
#1363=VERTEX_POINT('',#1362);
#1364=CARTESIAN_POINT('',(-59.313188297,9.849846803,5.526738446));
#1365=DIRECTION('',(0.,0.,1.));
#1366=VECTOR('',#1365,28.);
#1367=LINE('',#1364,#1366);
#1368=EDGE_CURVE('',#1354,#1363,#1367,.T.);
#1369=ORIENTED_EDGE('',*,*,#1368,.T.);
#1370=CARTESIAN_POINT('',(-54.81322776,17.644007084,33.513806772));
#1371=VERTEX_POINT('',#1370);
#1372=CARTESIAN_POINT('',(-57.063222593,13.746901717,33.5));
#1373=DIRECTION('',(0.866025404,-0.5,0.));
#1374=DIRECTION('',(0.5,0.866025404,0.));
#1375=AXIS2_PLACEMENT_3D('',#1372,#1373,#1374);
#1376=ELLIPSE('',#1375,4.500010847,4.5);
#1377=EDGE_CURVE('',#1371,#1363,#1376,.T.);
#1378=ORIENTED_EDGE('',*,*,#1377,.F.);
#1379=CARTESIAN_POINT('',(-54.81322776,17.644007084,5.513806772));
#1380=DIRECTION('',(0.,0.,1.));
#1381=VECTOR('',#1380,28.);
#1382=LINE('',#1379,#1381);
#1383=EDGE_CURVE('',#1345,#1371,#1382,.T.);
#1384=ORIENTED_EDGE('',*,*,#1383,.F.);
#1385=EDGE_LOOP('',(#1352,#1361,#1369,#1378,#1384));
#1386=FACE_BOUND('',#1385,.T.);
#1387=CARTESIAN_POINT('',(-50.93820783,24.355738484,5.5));
#1388=VERTEX_POINT('',#1387);
#1389=CARTESIAN_POINT('',(-46.438207573,32.149967562,5.513806772));
#1390=VERTEX_POINT('',#1389);
#1391=CARTESIAN_POINT('',(-48.688202406,28.252862195,5.5));
#1392=DIRECTION('',(0.866025404,-0.5,0.));
#1393=DIRECTION('',(0.5,0.866025404,0.));
#1394=AXIS2_PLACEMENT_3D('',#1391,#1392,#1393);
#1395=ELLIPSE('',#1394,4.500010847,4.5);
#1396=EDGE_CURVE('',#1388,#1390,#1395,.T.);
#1397=ORIENTED_EDGE('',*,*,#1396,.F.);
#1398=CARTESIAN_POINT('',(-50.93816811,24.355807281,5.526738446));
#1399=VERTEX_POINT('',#1398);
#1400=CARTESIAN_POINT('',(-48.688202406,28.252862195,5.5));
#1401=DIRECTION('',(0.866025404,-0.5,0.));
#1402=DIRECTION('',(0.5,0.866025404,0.));
#1403=AXIS2_PLACEMENT_3D('',#1400,#1401,#1402);
#1404=ELLIPSE('',#1403,4.500010847,4.5);
#1405=EDGE_CURVE('',#1399,#1388,#1404,.T.);
#1406=ORIENTED_EDGE('',*,*,#1405,.F.);
#1407=CARTESIAN_POINT('',(-50.93816811,24.355807281,33.526738446));
#1408=VERTEX_POINT('',#1407);
#1409=CARTESIAN_POINT('',(-50.93816811,24.355807281,5.526738446));
#1410=DIRECTION('',(0.,0.,1.));
#1411=VECTOR('',#1410,28.);
#1412=LINE('',#1409,#1411);
#1413=EDGE_CURVE('',#1399,#1408,#1412,.T.);
#1414=ORIENTED_EDGE('',*,*,#1413,.T.);
#1415=CARTESIAN_POINT('',(-46.438207573,32.149967562,33.513806772));
#1416=VERTEX_POINT('',#1415);
#1417=CARTESIAN_POINT('',(-48.688202406,28.252862195,33.5));
#1418=DIRECTION('',(0.866025404,-0.5,0.));
#1419=DIRECTION('',(0.5,0.866025404,0.));
#1420=AXIS2_PLACEMENT_3D('',#1417,#1418,#1419);
#1421=ELLIPSE('',#1420,4.500010847,4.5);
#1422=EDGE_CURVE('',#1416,#1408,#1421,.T.);
#1423=ORIENTED_EDGE('',*,*,#1422,.F.);
#1424=CARTESIAN_POINT('',(-46.438207573,32.149967562,5.513806772));
#1425=DIRECTION('',(0.,0.,1.));
#1426=VECTOR('',#1425,28.);
#1427=LINE('',#1424,#1426);
#1428=EDGE_CURVE('',#1390,#1416,#1427,.T.);
#1429=ORIENTED_EDGE('',*,*,#1428,.F.);
#1430=EDGE_LOOP('',(#1397,#1406,#1414,#1423,#1429));
#1431=FACE_BOUND('',#1430,.T.);
#1432=CARTESIAN_POINT('',(-42.563187643,38.861698962,5.5));
#1433=VERTEX_POINT('',#1432);
#1434=CARTESIAN_POINT('',(-38.063187387,46.65592804,5.513806772));
#1435=VERTEX_POINT('',#1434);
#1436=CARTESIAN_POINT('',(-40.31318222,42.758822673,5.5));
#1437=DIRECTION('',(0.866025404,-0.5,0.));
#1438=DIRECTION('',(0.5,0.866025404,0.));
#1439=AXIS2_PLACEMENT_3D('',#1436,#1437,#1438);
#1440=ELLIPSE('',#1439,4.500010847,4.5);
#1441=EDGE_CURVE('',#1433,#1435,#1440,.T.);
#1442=ORIENTED_EDGE('',*,*,#1441,.F.);
#1443=CARTESIAN_POINT('',(-42.563147923,38.861767759,5.526738446));
#1444=VERTEX_POINT('',#1443);
#1445=CARTESIAN_POINT('',(-40.31318222,42.758822673,5.5));
#1446=DIRECTION('',(0.866025404,-0.5,0.));
#1447=DIRECTION('',(0.5,0.866025404,0.));
#1448=AXIS2_PLACEMENT_3D('',#1445,#1446,#1447);
#1449=ELLIPSE('',#1448,4.500010847,4.5);
#1450=EDGE_CURVE('',#1444,#1433,#1449,.T.);
#1451=ORIENTED_EDGE('',*,*,#1450,.F.);
#1452=CARTESIAN_POINT('',(-42.563147923,38.861767759,33.526738446));
#1453=VERTEX_POINT('',#1452);
#1454=CARTESIAN_POINT('',(-42.563147923,38.861767759,5.526738446));
#1455=DIRECTION('',(0.,0.,1.));
#1456=VECTOR('',#1455,28.);
#1457=LINE('',#1454,#1456);
#1458=EDGE_CURVE('',#1444,#1453,#1457,.T.);
#1459=ORIENTED_EDGE('',*,*,#1458,.T.);
#1460=CARTESIAN_POINT('',(-38.063187387,46.65592804,33.513806772));
#1461=VERTEX_POINT('',#1460);
#1462=CARTESIAN_POINT('',(-40.313182219,42.758822673,33.5));
#1463=DIRECTION('',(0.866025404,-0.5,0.));
#1464=DIRECTION('',(0.5,0.866025404,0.));
#1465=AXIS2_PLACEMENT_3D('',#1462,#1463,#1464);
#1466=ELLIPSE('',#1465,4.500010847,4.5);
#1467=EDGE_CURVE('',#1461,#1453,#1466,.T.);
#1468=ORIENTED_EDGE('',*,*,#1467,.F.);
#1469=CARTESIAN_POINT('',(-38.063187387,46.65592804,5.513806772));
#1470=DIRECTION('',(0.,0.,1.));
#1471=VECTOR('',#1470,28.);
#1472=LINE('',#1469,#1471);
#1473=EDGE_CURVE('',#1435,#1461,#1472,.T.);
#1474=ORIENTED_EDGE('',*,*,#1473,.F.);
#1475=EDGE_LOOP('',(#1442,#1451,#1459,#1468,#1474));
#1476=FACE_BOUND('',#1475,.T.);
#1477=ADVANCED_FACE('',(#1341,#1386,#1431,#1476),#1316,.T.);
#1478=CARTESIAN_POINT('',(0.,0.,40.));
#1479=DIRECTION('',(0.,0.,1.));
#1480=DIRECTION('',(1.,0.,0.));
#1481=AXIS2_PLACEMENT_3D('',#1478,#1479,#1480);
#1482=PLANE('',#1481);
#1483=CARTESIAN_POINT('',(38.430289788,47.581033437,40.));
#1484=VERTEX_POINT('',#1483);
#1485=CARTESIAN_POINT('',(37.753523788,47.192281126,40.));
#1486=DIRECTION('',(0.867121125,0.498097335,-0.));
#1487=VECTOR('',#1486,0.780474585);
#1488=LINE('',#1485,#1487);
#1489=EDGE_CURVE('',#510,#1484,#1488,.T.);
#1490=ORIENTED_EDGE('',*,*,#1489,.T.);
#1491=CARTESIAN_POINT('',(32.472619306,57.952544315,40.));
#1492=VERTEX_POINT('',#1491);
#1493=CARTESIAN_POINT('',(38.430289788,47.581033437,40.));
#1494=DIRECTION('',(-0.498097335,0.867121125,0.));
#1495=VECTOR('',#1494,11.960855967);
#1496=LINE('',#1493,#1495);
#1497=EDGE_CURVE('',#1484,#1492,#1496,.T.);
#1498=ORIENTED_EDGE('',*,*,#1497,.T.);
#1499=CARTESIAN_POINT('',(16.877357435,57.986785615,40.));
#1500=VERTEX_POINT('',#1499);
#1501=CARTESIAN_POINT('',(32.472619306,57.952544315,40.));
#1502=DIRECTION('',(-0.99999759,0.002195617,0.));
#1503=VECTOR('',#1502,15.595299462);
#1504=LINE('',#1501,#1503);
#1505=EDGE_CURVE('',#1492,#1500,#1504,.T.);
#1506=ORIENTED_EDGE('',*,*,#1505,.T.);
#1507=CARTESIAN_POINT('',(16.873635561,56.291651246,40.));
#1508=VERTEX_POINT('',#1507);
#1509=CARTESIAN_POINT('',(16.877357435,57.986785615,40.));
#1510=DIRECTION('',(-0.002195617,-0.99999759,0.));
#1511=VECTOR('',#1510,1.695138455);
#1512=LINE('',#1509,#1511);
#1513=EDGE_CURVE('',#1500,#1508,#1512,.T.);
#1514=ORIENTED_EDGE('',*,*,#1513,.T.);
#1515=CARTESIAN_POINT('',(32.5,56.291651246,40.));
#1516=DIRECTION('',(-1.,0.,0.));
#1517=VECTOR('',#1516,15.626364439);
#1518=LINE('',#1515,#1517);
#1519=EDGE_CURVE('',#519,#1508,#1518,.T.);
#1520=ORIENTED_EDGE('',*,*,#1519,.F.);
#1521=ORIENTED_EDGE('',*,*,#524,.F.);
#1522=EDGE_LOOP('',(#1490,#1498,#1506,#1514,#1520,#1521));
#1523=FACE_BOUND('',#1522,.T.);
#1524=ADVANCED_FACE('',(#1523),#1482,.T.);
#1525=CARTESIAN_POINT('',(0.127397809,58.023562195,55.));
#1526=DIRECTION('',(-0.002195617,-0.99999759,0.));
#1527=DIRECTION('',(0.99999759,-0.002195617,0.));
#1528=AXIS2_PLACEMENT_3D('',#1525,#1526,#1527);
#1529=PLANE('',#1528);
#1530=ORIENTED_EDGE('',*,*,#1003,.F.);
#1531=CARTESIAN_POINT('',(-32.217823689,58.094580075,40.));
#1532=VERTEX_POINT('',#1531);
#1533=CARTESIAN_POINT('',(-32.217823689,58.094580075,39.));
#1534=DIRECTION('',(0.002195617,0.99999759,-0.));
#1535=DIRECTION('',(0.99999759,-0.002195617,0.));
#1536=AXIS2_PLACEMENT_3D('',#1533,#1534,#1535);
#1537=ELLIPSE('',#1536,1.154700538,1.);
#1538=EDGE_CURVE('',#990,#1532,#1537,.T.);
#1539=ORIENTED_EDGE('',*,*,#1538,.T.);
#1540=CARTESIAN_POINT('',(-16.622561817,58.060338775,40.));
#1541=VERTEX_POINT('',#1540);
#1542=CARTESIAN_POINT('',(-16.622561817,58.060338775,40.));
#1543=DIRECTION('',(-0.99999759,0.002195617,0.));
#1544=VECTOR('',#1543,15.595299462);
#1545=LINE('',#1542,#1544);
#1546=EDGE_CURVE('',#1541,#1532,#1545,.T.);
#1547=ORIENTED_EDGE('',*,*,#1546,.F.);
#1548=CARTESIAN_POINT('',(-16.622561817,58.060338775,1.));
#1549=VERTEX_POINT('',#1548);
#1550=CARTESIAN_POINT('',(-16.622561817,58.060338775,40.));
#1551=DIRECTION('',(0.,0.,-1.));
#1552=VECTOR('',#1551,39.);
#1553=LINE('',#1550,#1552);
#1554=EDGE_CURVE('',#1541,#1549,#1553,.T.);
#1555=ORIENTED_EDGE('',*,*,#1554,.T.);
#1556=CARTESIAN_POINT('',(-9.62257869,58.044969458,1.));
#1557=VERTEX_POINT('',#1556);
#1558=CARTESIAN_POINT('',(-16.622561817,58.060338775,1.));
#1559=DIRECTION('',(0.99999759,-0.002195617,0.));
#1560=VECTOR('',#1559,7.);
#1561=LINE('',#1558,#1560);
#1562=EDGE_CURVE('',#1549,#1557,#1561,.T.);
#1563=ORIENTED_EDGE('',*,*,#1562,.T.);
#1564=CARTESIAN_POINT('',(-4.622590742,58.033991374,6.));
#1565=VERTEX_POINT('',#1564);
#1566=CARTESIAN_POINT('',(-9.62257869,58.044969458,6.));
#1567=DIRECTION('',(-0.002195617,-0.99999759,0.));
#1568=DIRECTION('',(0.99999759,-0.002195617,0.));
#1569=AXIS2_PLACEMENT_3D('',#1566,#1567,#1568);
#1570=CIRCLE('',#1569,5.);
#1571=EDGE_CURVE('',#1557,#1565,#1570,.T.);
#1572=ORIENTED_EDGE('',*,*,#1571,.T.);
#1573=CARTESIAN_POINT('',(-4.622590742,58.033991374,35.));
#1574=VERTEX_POINT('',#1573);
#1575=CARTESIAN_POINT('',(-4.622590742,58.033991374,6.));
#1576=DIRECTION('',(0.,0.,1.));
#1577=VECTOR('',#1576,29.);
#1578=LINE('',#1575,#1577);
#1579=EDGE_CURVE('',#1565,#1574,#1578,.T.);
#1580=ORIENTED_EDGE('',*,*,#1579,.T.);
#1581=CARTESIAN_POINT('',(0.127397809,58.023562195,39.993746089));
#1582=VERTEX_POINT('',#1581);
#1583=CARTESIAN_POINT('',(0.377397206,58.023013291,35.));
#1584=DIRECTION('',(0.002195617,0.99999759,-0.));
#1585=DIRECTION('',(0.99999759,-0.002195617,0.));
#1586=AXIS2_PLACEMENT_3D('',#1583,#1584,#1585);
#1587=CIRCLE('',#1586,5.);
#1588=EDGE_CURVE('',#1574,#1582,#1587,.T.);
#1589=ORIENTED_EDGE('',*,*,#1588,.T.);
#1590=CARTESIAN_POINT('',(4.87738636,58.013133016,35.));
#1591=VERTEX_POINT('',#1590);
#1592=CARTESIAN_POINT('',(-0.122601588,58.024111099,35.));
#1593=DIRECTION('',(0.002195617,0.99999759,-0.));
#1594=DIRECTION('',(0.99999759,-0.002195617,0.));
#1595=AXIS2_PLACEMENT_3D('',#1592,#1593,#1594);
#1596=CIRCLE('',#1595,5.);
#1597=EDGE_CURVE('',#1582,#1591,#1596,.T.);
#1598=ORIENTED_EDGE('',*,*,#1597,.T.);
#1599=CARTESIAN_POINT('',(4.87738636,58.013133016,6.));
#1600=VERTEX_POINT('',#1599);
#1601=CARTESIAN_POINT('',(4.87738636,58.013133016,6.));
#1602=DIRECTION('',(0.,0.,1.));
#1603=VECTOR('',#1602,29.);
#1604=LINE('',#1601,#1603);
#1605=EDGE_CURVE('',#1600,#1591,#1604,.T.);
#1606=ORIENTED_EDGE('',*,*,#1605,.F.);
#1607=CARTESIAN_POINT('',(9.877374308,58.002154932,1.));
#1608=VERTEX_POINT('',#1607);
#1609=CARTESIAN_POINT('',(9.877374308,58.002154932,6.));
#1610=DIRECTION('',(-0.002195617,-0.99999759,0.));
#1611=DIRECTION('',(0.99999759,-0.002195617,0.));
#1612=AXIS2_PLACEMENT_3D('',#1609,#1610,#1611);
#1613=CIRCLE('',#1612,5.);
#1614=EDGE_CURVE('',#1600,#1608,#1613,.T.);
#1615=ORIENTED_EDGE('',*,*,#1614,.T.);
#1616=CARTESIAN_POINT('',(16.877357435,57.986785615,1.));
#1617=VERTEX_POINT('',#1616);
#1618=CARTESIAN_POINT('',(16.877357435,57.986785615,1.));
#1619=DIRECTION('',(-0.99999759,0.002195617,0.));
#1620=VECTOR('',#1619,7.);
#1621=LINE('',#1618,#1620);
#1622=EDGE_CURVE('',#1617,#1608,#1621,.T.);
#1623=ORIENTED_EDGE('',*,*,#1622,.F.);
#1624=CARTESIAN_POINT('',(16.877357435,57.986785615,40.));
#1625=DIRECTION('',(0.,0.,-1.));
#1626=VECTOR('',#1625,39.);
#1627=LINE('',#1624,#1626);
#1628=EDGE_CURVE('',#1500,#1617,#1627,.T.);
#1629=ORIENTED_EDGE('',*,*,#1628,.F.);
#1630=ORIENTED_EDGE('',*,*,#1505,.F.);
#1631=CARTESIAN_POINT('',(32.472619306,57.952544315,39.));
#1632=DIRECTION('',(0.002195617,0.99999759,-0.));
#1633=DIRECTION('',(0.99999759,-0.002195617,0.));
#1634=AXIS2_PLACEMENT_3D('',#1631,#1632,#1633);
#1635=ELLIPSE('',#1634,1.154700538,1.);
#1636=EDGE_CURVE('',#1492,#187,#1635,.T.);
#1637=ORIENTED_EDGE('',*,*,#1636,.T.);
#1638=ORIENTED_EDGE('',*,*,#192,.T.);
#1639=CARTESIAN_POINT('',(33.627317062,57.950009036,-2.));
#1640=DIRECTION('',(-0.99999759,0.002195617,0.));
#1641=VECTOR('',#1640,67.);
#1642=LINE('',#1639,#1641);
#1643=EDGE_CURVE('',#179,#998,#1642,.T.);
#1644=ORIENTED_EDGE('',*,*,#1643,.T.);
#1645=EDGE_LOOP('',(#1530,#1539,#1547,#1555,#1563,#1572,#1580,#1589,#1598,#1606,#1615,#1623,#1629,#1630,#1637,#1638,#1644));
#1646=FACE_BOUND('',#1645,.T.);
#1647=ADVANCED_FACE('',(#1646),#1529,.F.);
#1648=CARTESIAN_POINT('',(-0.,-56.291651246,55.));
#1649=DIRECTION('',(0.,1.,0.));
#1650=DIRECTION('',(-1.,0.,0.));
#1651=AXIS2_PLACEMENT_3D('',#1648,#1649,#1650);
#1652=PLANE('',#1651);
#1653=CARTESIAN_POINT('',(-4.873606636,-56.291651246,35.));
#1654=VERTEX_POINT('',#1653);
#1655=CARTESIAN_POINT('',(0.126405415,-56.291651246,40.));
#1656=VERTEX_POINT('',#1655);
#1657=CARTESIAN_POINT('',(0.126405415,-56.291651246,35.));
#1658=DIRECTION('',(0.,1.,0.));
#1659=DIRECTION('',(1.,-0.,0.));
#1660=AXIS2_PLACEMENT_3D('',#1657,#1658,#1659);
#1661=ELLIPSE('',#1660,5.000012052,5.);
#1662=EDGE_CURVE('',#1654,#1656,#1661,.T.);
#1663=ORIENTED_EDGE('',*,*,#1662,.T.);
#1664=CARTESIAN_POINT('',(4.626416262,-56.291651246,35.025062814));
#1665=VERTEX_POINT('',#1664);
#1666=CARTESIAN_POINT('',(-0.37359579,-56.291651246,35.025062814));
#1667=DIRECTION('',(0.,1.,0.));
#1668=DIRECTION('',(-1.,0.,0.));
#1669=AXIS2_PLACEMENT_3D('',#1666,#1667,#1668);
#1670=ELLIPSE('',#1669,5.000012052,5.);
#1671=EDGE_CURVE('',#1656,#1665,#1670,.T.);
#1672=ORIENTED_EDGE('',*,*,#1671,.T.);
#1673=CARTESIAN_POINT('',(4.626416262,-56.291651246,6.));
#1674=VERTEX_POINT('',#1673);
#1675=CARTESIAN_POINT('',(4.626416262,-56.291651246,35.025062814));
#1676=DIRECTION('',(0.,0.,-1.));
#1677=VECTOR('',#1676,29.025062814);
#1678=LINE('',#1675,#1677);
#1679=EDGE_CURVE('',#1665,#1674,#1678,.T.);
#1680=ORIENTED_EDGE('',*,*,#1679,.T.);
#1681=CARTESIAN_POINT('',(9.626428314,-56.291651246,1.));
#1682=VERTEX_POINT('',#1681);
#1683=CARTESIAN_POINT('',(9.626428314,-56.291651246,6.));
#1684=DIRECTION('',(-0.,-1.,-0.));
#1685=DIRECTION('',(1.,-0.,0.));
#1686=AXIS2_PLACEMENT_3D('',#1683,#1684,#1685);
#1687=ELLIPSE('',#1686,5.000012052,5.);
#1688=EDGE_CURVE('',#1674,#1682,#1687,.T.);
#1689=ORIENTED_EDGE('',*,*,#1688,.T.);
#1690=CARTESIAN_POINT('',(16.626445187,-56.291651246,1.));
#1691=VERTEX_POINT('',#1690);
#1692=CARTESIAN_POINT('',(9.626428314,-56.291651246,1.));
#1693=DIRECTION('',(1.,-0.,0.));
#1694=VECTOR('',#1693,7.000016873);
#1695=LINE('',#1692,#1694);
#1696=EDGE_CURVE('',#1682,#1691,#1695,.T.);
#1697=ORIENTED_EDGE('',*,*,#1696,.T.);
#1698=CARTESIAN_POINT('',(16.626445187,-56.291651246,1.));
#1699=DIRECTION('',(0.,0.,1.));
#1700=VECTOR('',#1699,39.);
#1701=LINE('',#1698,#1700);
#1702=EDGE_CURVE('',#1691,#75,#1701,.T.);
#1703=ORIENTED_EDGE('',*,*,#1702,.T.);
#1704=ORIENTED_EDGE('',*,*,#80,.T.);
#1705=ORIENTED_EDGE('',*,*,#1170,.T.);
#1706=CARTESIAN_POINT('',(-32.5,-56.291651246,-2.));
#1707=DIRECTION('',(1.,-0.,0.));
#1708=VECTOR('',#1707,65.);
#1709=LINE('',#1706,#1708);
#1710=EDGE_CURVE('',#608,#1159,#1709,.T.);
#1711=ORIENTED_EDGE('',*,*,#1710,.F.);
#1712=ORIENTED_EDGE('',*,*,#613,.F.);
#1713=ORIENTED_EDGE('',*,*,#144,.T.);
#1714=CARTESIAN_POINT('',(-16.873635561,-56.291651246,1.));
#1715=VERTEX_POINT('',#1714);
#1716=CARTESIAN_POINT('',(-16.873635561,-56.291651246,1.));
#1717=DIRECTION('',(0.,0.,1.));
#1718=VECTOR('',#1717,39.);
#1719=LINE('',#1716,#1718);
#1720=EDGE_CURVE('',#1715,#131,#1719,.T.);
#1721=ORIENTED_EDGE('',*,*,#1720,.F.);
#1722=CARTESIAN_POINT('',(-9.873618688,-56.291651246,1.));
#1723=VERTEX_POINT('',#1722);
#1724=CARTESIAN_POINT('',(-9.873618688,-56.291651246,1.));
#1725=DIRECTION('',(-1.,0.,0.));
#1726=VECTOR('',#1725,7.000016873);
#1727=LINE('',#1724,#1726);
#1728=EDGE_CURVE('',#1723,#1715,#1727,.T.);
#1729=ORIENTED_EDGE('',*,*,#1728,.F.);
#1730=CARTESIAN_POINT('',(-4.873606636,-56.291651246,6.));
#1731=VERTEX_POINT('',#1730);
#1732=CARTESIAN_POINT('',(-9.873618688,-56.291651246,6.));
#1733=DIRECTION('',(-0.,-1.,-0.));
#1734=DIRECTION('',(1.,-0.,0.));
#1735=AXIS2_PLACEMENT_3D('',#1732,#1733,#1734);
#1736=ELLIPSE('',#1735,5.000012052,5.);
#1737=EDGE_CURVE('',#1723,#1731,#1736,.T.);
#1738=ORIENTED_EDGE('',*,*,#1737,.T.);
#1739=CARTESIAN_POINT('',(-4.873606636,-56.291651246,35.));
#1740=DIRECTION('',(0.,0.,-1.));
#1741=VECTOR('',#1740,29.);
#1742=LINE('',#1739,#1741);
#1743=EDGE_CURVE('',#1654,#1731,#1742,.T.);
#1744=ORIENTED_EDGE('',*,*,#1743,.F.);
#1745=EDGE_LOOP('',(#1663,#1672,#1680,#1689,#1697,#1703,#1704,#1705,#1711,#1712,#1713,#1721,#1729,#1738,#1744));
#1746=FACE_BOUND('',#1745,.T.);
#1747=ADVANCED_FACE('',(#1746),#1652,.T.);
#1748=CARTESIAN_POINT('',(0.,56.291651246,55.));
#1749=DIRECTION('',(-0.,-1.,0.));
#1750=DIRECTION('',(1.,-0.,0.));
#1751=AXIS2_PLACEMENT_3D('',#1748,#1749,#1750);
#1752=PLANE('',#1751);
#1753=CARTESIAN_POINT('',(4.873606636,56.291651246,35.));
#1754=VERTEX_POINT('',#1753);
#1755=CARTESIAN_POINT('',(0.123595187,56.291651246,39.993746089));
#1756=VERTEX_POINT('',#1755);
#1757=CARTESIAN_POINT('',(-0.126405415,56.291651246,35.));
#1758=DIRECTION('',(-0.,-1.,0.));
#1759=DIRECTION('',(-1.,0.,0.));
#1760=AXIS2_PLACEMENT_3D('',#1757,#1758,#1759);
#1761=ELLIPSE('',#1760,5.000012052,5.);
#1762=EDGE_CURVE('',#1754,#1756,#1761,.T.);
#1763=ORIENTED_EDGE('',*,*,#1762,.T.);
#1764=CARTESIAN_POINT('',(-4.626416262,56.291651246,35.));
#1765=VERTEX_POINT('',#1764);
#1766=CARTESIAN_POINT('',(0.37359579,56.291651246,35.));
#1767=DIRECTION('',(-0.,-1.,0.));
#1768=DIRECTION('',(1.,-0.,0.));
#1769=AXIS2_PLACEMENT_3D('',#1766,#1767,#1768);
#1770=ELLIPSE('',#1769,5.000012052,5.);
#1771=EDGE_CURVE('',#1756,#1765,#1770,.T.);
#1772=ORIENTED_EDGE('',*,*,#1771,.T.);
#1773=CARTESIAN_POINT('',(-4.626416262,56.291651246,6.));
#1774=VERTEX_POINT('',#1773);
#1775=CARTESIAN_POINT('',(-4.626416262,56.291651246,6.));
#1776=DIRECTION('',(0.,0.,1.));
#1777=VECTOR('',#1776,29.);
#1778=LINE('',#1775,#1777);
#1779=EDGE_CURVE('',#1774,#1765,#1778,.T.);
#1780=ORIENTED_EDGE('',*,*,#1779,.F.);
#1781=CARTESIAN_POINT('',(-9.626428314,56.291651246,1.));
#1782=VERTEX_POINT('',#1781);
#1783=CARTESIAN_POINT('',(-9.626428314,56.291651246,6.));
#1784=DIRECTION('',(0.,1.,-0.));
#1785=DIRECTION('',(1.,-0.,0.));
#1786=AXIS2_PLACEMENT_3D('',#1783,#1784,#1785);
#1787=ELLIPSE('',#1786,5.000012052,5.);
#1788=EDGE_CURVE('',#1774,#1782,#1787,.T.);
#1789=ORIENTED_EDGE('',*,*,#1788,.T.);
#1790=CARTESIAN_POINT('',(-16.626445187,56.291651246,1.));
#1791=VERTEX_POINT('',#1790);
#1792=CARTESIAN_POINT('',(-16.626445187,56.291651246,1.));
#1793=DIRECTION('',(1.,-0.,0.));
#1794=VECTOR('',#1793,7.000016873);
#1795=LINE('',#1792,#1794);
#1796=EDGE_CURVE('',#1791,#1782,#1795,.T.);
#1797=ORIENTED_EDGE('',*,*,#1796,.F.);
#1798=CARTESIAN_POINT('',(-16.626445187,56.291651246,40.));
#1799=VERTEX_POINT('',#1798);
#1800=CARTESIAN_POINT('',(-16.626445187,56.291651246,40.));
#1801=DIRECTION('',(0.,0.,-1.));
#1802=VECTOR('',#1801,39.);
#1803=LINE('',#1800,#1802);
#1804=EDGE_CURVE('',#1799,#1791,#1803,.T.);
#1805=ORIENTED_EDGE('',*,*,#1804,.F.);
#1806=CARTESIAN_POINT('',(-16.626445187,56.291651246,40.));
#1807=DIRECTION('',(-1.,0.,0.));
#1808=VECTOR('',#1807,15.873554813);
#1809=LINE('',#1806,#1808);
#1810=EDGE_CURVE('',#1799,#1326,#1809,.T.);
#1811=ORIENTED_EDGE('',*,*,#1810,.T.);
#1812=ORIENTED_EDGE('',*,*,#1331,.T.);
#1813=CARTESIAN_POINT('',(32.5,56.291651246,-2.));
#1814=DIRECTION('',(-1.,0.,0.));
#1815=VECTOR('',#1814,65.);
#1816=LINE('',#1813,#1815);
#1817=EDGE_CURVE('',#527,#1318,#1816,.T.);
#1818=ORIENTED_EDGE('',*,*,#1817,.F.);
#1819=ORIENTED_EDGE('',*,*,#532,.F.);
#1820=ORIENTED_EDGE('',*,*,#1519,.T.);
#1821=CARTESIAN_POINT('',(16.873635561,56.291651246,1.));
#1822=VERTEX_POINT('',#1821);
#1823=CARTESIAN_POINT('',(16.873635561,56.291651246,40.));
#1824=DIRECTION('',(0.,0.,-1.));
#1825=VECTOR('',#1824,39.);
#1826=LINE('',#1823,#1825);
#1827=EDGE_CURVE('',#1508,#1822,#1826,.T.);
#1828=ORIENTED_EDGE('',*,*,#1827,.T.);
#1829=CARTESIAN_POINT('',(9.873618688,56.291651246,1.));
#1830=VERTEX_POINT('',#1829);
#1831=CARTESIAN_POINT('',(16.873635561,56.291651246,1.));
#1832=DIRECTION('',(-1.,0.,0.));
#1833=VECTOR('',#1832,7.000016873);
#1834=LINE('',#1831,#1833);
#1835=EDGE_CURVE('',#1822,#1830,#1834,.T.);
#1836=ORIENTED_EDGE('',*,*,#1835,.T.);
#1837=CARTESIAN_POINT('',(4.873606636,56.291651246,6.));
#1838=VERTEX_POINT('',#1837);
#1839=CARTESIAN_POINT('',(9.873618688,56.291651246,6.));
#1840=DIRECTION('',(0.,1.,-0.));
#1841=DIRECTION('',(1.,-0.,0.));
#1842=AXIS2_PLACEMENT_3D('',#1839,#1840,#1841);
#1843=ELLIPSE('',#1842,5.000012052,5.);
#1844=EDGE_CURVE('',#1830,#1838,#1843,.T.);
#1845=ORIENTED_EDGE('',*,*,#1844,.T.);
#1846=CARTESIAN_POINT('',(4.873606636,56.291651246,6.));
#1847=DIRECTION('',(0.,0.,1.));
#1848=VECTOR('',#1847,29.);
#1849=LINE('',#1846,#1848);
#1850=EDGE_CURVE('',#1838,#1754,#1849,.T.);
#1851=ORIENTED_EDGE('',*,*,#1850,.T.);
#1852=EDGE_LOOP('',(#1763,#1772,#1780,#1789,#1797,#1805,#1811,#1812,#1818,#1819,#1820,#1828,#1836,#1845,#1851));
#1853=FACE_BOUND('',#1852,.T.);
#1854=ADVANCED_FACE('',(#1853),#1752,.T.);
#1855=CARTESIAN_POINT('',(-0.127397809,-58.023562195,55.));
#1856=DIRECTION('',(0.002195617,0.99999759,0.));
#1857=DIRECTION('',(-0.99999759,0.002195617,0.));
#1858=AXIS2_PLACEMENT_3D('',#1855,#1856,#1857);
#1859=PLANE('',#1858);
#1860=ORIENTED_EDGE('',*,*,#128,.F.);
#1861=CARTESIAN_POINT('',(-32.472619306,-57.952544315,39.));
#1862=DIRECTION('',(-0.002195617,-0.99999759,-0.));
#1863=DIRECTION('',(-0.99999759,0.002195617,0.));
#1864=AXIS2_PLACEMENT_3D('',#1861,#1862,#1863);
#1865=ELLIPSE('',#1864,1.154700538,1.);
#1866=EDGE_CURVE('',#115,#301,#1865,.T.);
#1867=ORIENTED_EDGE('',*,*,#1866,.T.);
#1868=ORIENTED_EDGE('',*,*,#308,.T.);
#1869=CARTESIAN_POINT('',(-33.627317062,-57.950009036,-2.));
#1870=DIRECTION('',(0.99999759,-0.002195617,0.));
#1871=VECTOR('',#1870,67.);
#1872=LINE('',#1869,#1871);
#1873=EDGE_CURVE('',#303,#810,#1872,.T.);
#1874=ORIENTED_EDGE('',*,*,#1873,.T.);
#1875=ORIENTED_EDGE('',*,*,#815,.F.);
#1876=CARTESIAN_POINT('',(32.217823689,-58.094580075,39.));
#1877=DIRECTION('',(-0.002195617,-0.99999759,-0.));
#1878=DIRECTION('',(-0.99999759,0.002195617,0.));
#1879=AXIS2_PLACEMENT_3D('',#1876,#1877,#1878);
#1880=ELLIPSE('',#1879,1.154700538,1.);
#1881=EDGE_CURVE('',#802,#33,#1880,.T.);
#1882=ORIENTED_EDGE('',*,*,#1881,.T.);
#1883=ORIENTED_EDGE('',*,*,#94,.F.);
#1884=CARTESIAN_POINT('',(16.622561817,-58.060338775,1.));
#1885=VERTEX_POINT('',#1884);
#1886=CARTESIAN_POINT('',(16.622561817,-58.060338775,40.));
#1887=DIRECTION('',(0.,0.,-1.));
#1888=VECTOR('',#1887,39.);
#1889=LINE('',#1886,#1888);
#1890=EDGE_CURVE('',#83,#1885,#1889,.T.);
#1891=ORIENTED_EDGE('',*,*,#1890,.T.);
#1892=CARTESIAN_POINT('',(9.62257869,-58.044969458,1.));
#1893=VERTEX_POINT('',#1892);
#1894=CARTESIAN_POINT('',(16.622561817,-58.060338775,1.));
#1895=DIRECTION('',(-0.99999759,0.002195617,0.));
#1896=VECTOR('',#1895,7.);
#1897=LINE('',#1894,#1896);
#1898=EDGE_CURVE('',#1885,#1893,#1897,.T.);
#1899=ORIENTED_EDGE('',*,*,#1898,.T.);
#1900=CARTESIAN_POINT('',(4.622590742,-58.033991374,6.));
#1901=VERTEX_POINT('',#1900);
#1902=CARTESIAN_POINT('',(9.62257869,-58.044969458,6.));
#1903=DIRECTION('',(0.002195617,0.99999759,0.));
#1904=DIRECTION('',(-0.99999759,0.002195617,0.));
#1905=AXIS2_PLACEMENT_3D('',#1902,#1903,#1904);
#1906=CIRCLE('',#1905,5.);
#1907=EDGE_CURVE('',#1893,#1901,#1906,.T.);
#1908=ORIENTED_EDGE('',*,*,#1907,.T.);
#1909=CARTESIAN_POINT('',(4.622590742,-58.033991374,35.025062814));
#1910=VERTEX_POINT('',#1909);
#1911=CARTESIAN_POINT('',(4.622590742,-58.033991374,6.));
#1912=DIRECTION('',(0.,0.,1.));
#1913=VECTOR('',#1912,29.025062814);
#1914=LINE('',#1911,#1913);
#1915=EDGE_CURVE('',#1901,#1910,#1914,.T.);
#1916=ORIENTED_EDGE('',*,*,#1915,.T.);
#1917=CARTESIAN_POINT('',(0.122601588,-58.024111099,40.));
#1918=VERTEX_POINT('',#1917);
#1919=CARTESIAN_POINT('',(-0.377397206,-58.023013291,35.025062814));
#1920=DIRECTION('',(-0.002195617,-0.99999759,-0.));
#1921=DIRECTION('',(-0.99999759,0.002195617,0.));
#1922=AXIS2_PLACEMENT_3D('',#1919,#1920,#1921);
#1923=CIRCLE('',#1922,5.);
#1924=EDGE_CURVE('',#1910,#1918,#1923,.T.);
#1925=ORIENTED_EDGE('',*,*,#1924,.T.);
#1926=CARTESIAN_POINT('',(-4.87738636,-58.013133016,35.));
#1927=VERTEX_POINT('',#1926);
#1928=CARTESIAN_POINT('',(0.122601588,-58.024111099,35.));
#1929=DIRECTION('',(-0.002195617,-0.99999759,-0.));
#1930=DIRECTION('',(-0.99999759,0.002195617,0.));
#1931=AXIS2_PLACEMENT_3D('',#1928,#1929,#1930);
#1932=CIRCLE('',#1931,5.);
#1933=EDGE_CURVE('',#1918,#1927,#1932,.T.);
#1934=ORIENTED_EDGE('',*,*,#1933,.T.);
#1935=CARTESIAN_POINT('',(-4.87738636,-58.013133016,6.));
#1936=VERTEX_POINT('',#1935);
#1937=CARTESIAN_POINT('',(-4.87738636,-58.013133016,6.));
#1938=DIRECTION('',(0.,0.,1.));
#1939=VECTOR('',#1938,29.);
#1940=LINE('',#1937,#1939);
#1941=EDGE_CURVE('',#1936,#1927,#1940,.T.);
#1942=ORIENTED_EDGE('',*,*,#1941,.F.);
#1943=CARTESIAN_POINT('',(-9.877374308,-58.002154932,1.));
#1944=VERTEX_POINT('',#1943);
#1945=CARTESIAN_POINT('',(-9.877374308,-58.002154932,6.));
#1946=DIRECTION('',(0.002195617,0.99999759,0.));
#1947=DIRECTION('',(-0.99999759,0.002195617,0.));
#1948=AXIS2_PLACEMENT_3D('',#1945,#1946,#1947);
#1949=CIRCLE('',#1948,5.);
#1950=EDGE_CURVE('',#1936,#1944,#1949,.T.);
#1951=ORIENTED_EDGE('',*,*,#1950,.T.);
#1952=CARTESIAN_POINT('',(-16.877357435,-57.986785615,1.));
#1953=VERTEX_POINT('',#1952);
#1954=CARTESIAN_POINT('',(-16.877357435,-57.986785615,1.));
#1955=DIRECTION('',(0.99999759,-0.002195617,0.));
#1956=VECTOR('',#1955,7.);
#1957=LINE('',#1954,#1956);
#1958=EDGE_CURVE('',#1953,#1944,#1957,.T.);
#1959=ORIENTED_EDGE('',*,*,#1958,.F.);
#1960=CARTESIAN_POINT('',(-16.877357435,-57.986785615,40.));
#1961=DIRECTION('',(0.,0.,-1.));
#1962=VECTOR('',#1961,39.);
#1963=LINE('',#1960,#1962);
#1964=EDGE_CURVE('',#123,#1953,#1963,.T.);
#1965=ORIENTED_EDGE('',*,*,#1964,.F.);
#1966=EDGE_LOOP('',(#1860,#1867,#1868,#1874,#1875,#1882,#1883,#1891,#1899,#1908,#1916,#1925,#1934,#1942,#1951,#1959,#1965));
#1967=FACE_BOUND('',#1966,.T.);
#1968=ADVANCED_FACE('',(#1967),#1859,.F.);
#1969=CARTESIAN_POINT('',(0.,0.,40.));
#1970=DIRECTION('',(0.,0.,1.));
#1971=DIRECTION('',(1.,0.,0.));
#1972=AXIS2_PLACEMENT_3D('',#1969,#1970,#1971);
#1973=PLANE('',#1972);
#1974=CARTESIAN_POINT('',(-65.84514075,0.144571039,40.));
#1975=VERTEX_POINT('',#1974);
#1976=CARTESIAN_POINT('',(-32.217823689,58.094580075,40.));
#1977=DIRECTION('',(-0.501900255,-0.864925508,0.));
#1978=VECTOR('',#1977,67.);
#1979=LINE('',#1976,#1978);
#1980=EDGE_CURVE('',#1532,#1975,#1979,.T.);
#1981=ORIENTED_EDGE('',*,*,#1980,.T.);
#1982=CARTESIAN_POINT('',(-60.46262353,-9.22567461,40.));
#1983=VERTEX_POINT('',#1982);
#1984=CARTESIAN_POINT('',(-65.84514075,0.144571039,40.));
#1985=DIRECTION('',(0.498097335,-0.867121125,0.));
#1986=VECTOR('',#1985,10.806155429);
#1987=LINE('',#1984,#1986);
#1988=EDGE_CURVE('',#1975,#1983,#1987,.T.);
#1989=ORIENTED_EDGE('',*,*,#1988,.T.);
#1990=CARTESIAN_POINT('',(-60.46262353,-9.22567461,40.));
#1991=DIRECTION('',(0.867121125,0.498097335,-0.));
#1992=VECTOR('',#1991,0.683355662);
#1993=LINE('',#1990,#1992);
#1994=EDGE_CURVE('',#1983,#632,#1993,.T.);
#1995=ORIENTED_EDGE('',*,*,#1994,.T.);
#1996=ORIENTED_EDGE('',*,*,#637,.F.);
#1997=ORIENTED_EDGE('',*,*,#1337,.F.);
#1998=ORIENTED_EDGE('',*,*,#1810,.F.);
#1999=CARTESIAN_POINT('',(-16.622561817,58.060338775,40.));
#2000=DIRECTION('',(-0.002195617,-0.99999759,0.));
#2001=VECTOR('',#2000,1.768691792);
#2002=LINE('',#1999,#2001);
#2003=EDGE_CURVE('',#1541,#1799,#2002,.T.);
#2004=ORIENTED_EDGE('',*,*,#2003,.F.);
#2005=ORIENTED_EDGE('',*,*,#1546,.T.);
#2006=EDGE_LOOP('',(#1981,#1989,#1995,#1996,#1997,#1998,#2004,#2005));
#2007=FACE_BOUND('',#2006,.T.);
#2008=ADVANCED_FACE('',(#2007),#1973,.T.);
#2009=CARTESIAN_POINT('',(0.,0.,-2.));
#2010=DIRECTION('',(0.,0.,1.));
#2011=DIRECTION('',(1.,0.,0.));
#2012=AXIS2_PLACEMENT_3D('',#2009,#2010,#2011);
#2013=PLANE('',#2012);
#2014=ORIENTED_EDGE('',*,*,#540,.T.);
#2015=ORIENTED_EDGE('',*,*,#1817,.T.);
#2016=ORIENTED_EDGE('',*,*,#1323,.T.);
#2017=ORIENTED_EDGE('',*,*,#621,.T.);
#2018=ORIENTED_EDGE('',*,*,#1710,.T.);
#2019=ORIENTED_EDGE('',*,*,#1164,.T.);
#2020=EDGE_LOOP('',(#2014,#2015,#2016,#2017,#2018,#2019));
#2021=FACE_BOUND('',#2020,.T.);
#2022=ORIENTED_EDGE('',*,*,#184,.F.);
#2023=CARTESIAN_POINT('',(65.84514075,-0.144571039,-2.));
#2024=DIRECTION('',(-0.,-0.,-1.));
#2025=DIRECTION('',(1.,0.,-0.));
#2026=AXIS2_PLACEMENT_3D('',#2023,#2024,#2025);
#2027=CIRCLE('',#2026,1.);
#2028=EDGE_CURVE('',#171,#818,#2027,.T.);
#2029=ORIENTED_EDGE('',*,*,#2028,.T.);
#2030=ORIENTED_EDGE('',*,*,#823,.F.);
#2031=ORIENTED_EDGE('',*,*,#1873,.F.);
#2032=ORIENTED_EDGE('',*,*,#430,.F.);
#2033=CARTESIAN_POINT('',(-66.84514075,0.144571039,-2.));
#2034=VERTEX_POINT('',#2033);
#2035=CARTESIAN_POINT('',(-65.84514075,0.144571039,-2.));
#2036=DIRECTION('',(-0.,-0.,-1.));
#2037=DIRECTION('',(1.,0.,-0.));
#2038=AXIS2_PLACEMENT_3D('',#2035,#2036,#2037);
#2039=CIRCLE('',#2038,1.);
#2040=EDGE_CURVE('',#419,#2034,#2039,.T.);
#2041=ORIENTED_EDGE('',*,*,#2040,.T.);
#2042=CARTESIAN_POINT('',(-65.84514075,0.144571039,-2.));
#2043=DIRECTION('',(-0.,-0.,-1.));
#2044=DIRECTION('',(1.,0.,-0.));
#2045=AXIS2_PLACEMENT_3D('',#2042,#2043,#2044);
#2046=CIRCLE('',#2045,1.);
#2047=EDGE_CURVE('',#2034,#1006,#2046,.T.);
#2048=ORIENTED_EDGE('',*,*,#2047,.T.);
#2049=ORIENTED_EDGE('',*,*,#1011,.F.);
#2050=ORIENTED_EDGE('',*,*,#1643,.F.);
#2051=EDGE_LOOP('',(#2022,#2029,#2030,#2031,#2032,#2041,#2048,#2049,#2050));
#2052=FACE_BOUND('',#2051,.T.);
#2053=ADVANCED_FACE('',(#2021,#2052),#2013,.F.);
#2054=CARTESIAN_POINT('',(-10.357010741,178.999469427,1.));
#2055=DIRECTION('',(0.,0.,-1.));
#2056=DIRECTION('',(-1.,0.,0.));
#2057=AXIS2_PLACEMENT_3D('',#2054,#2055,#2056);
#2058=PLANE('',#2057);
#2059=ORIENTED_EDGE('',*,*,#1958,.T.);
#2060=CARTESIAN_POINT('',(-9.877374308,-58.002154932,1.));
#2061=DIRECTION('',(0.002195617,0.99999759,-0.));
#2062=VECTOR('',#2061,1.710507809);
#2063=LINE('',#2060,#2062);
#2064=EDGE_CURVE('',#1944,#1723,#2063,.T.);
#2065=ORIENTED_EDGE('',*,*,#2064,.T.);
#2066=ORIENTED_EDGE('',*,*,#1728,.T.);
#2067=CARTESIAN_POINT('',(-16.873635561,-56.291651246,1.));
#2068=DIRECTION('',(-0.002195617,-0.99999759,0.));
#2069=VECTOR('',#2068,1.695138455);
#2070=LINE('',#2067,#2069);
#2071=EDGE_CURVE('',#1715,#1953,#2070,.T.);
#2072=ORIENTED_EDGE('',*,*,#2071,.T.);
#2073=EDGE_LOOP('',(#2059,#2065,#2066,#2072));
#2074=FACE_BOUND('',#2073,.T.);
#2075=ADVANCED_FACE('',(#2074),#2058,.F.);
#2076=CARTESIAN_POINT('',(-16.356996278,179.012643127,20.5));
#2077=DIRECTION('',(-0.99999759,0.002195617,0.));
#2078=DIRECTION('',(-0.002195617,-0.99999759,0.));
#2079=AXIS2_PLACEMENT_3D('',#2076,#2077,#2078);
#2080=PLANE('',#2079);
#2081=ORIENTED_EDGE('',*,*,#136,.T.);
#2082=ORIENTED_EDGE('',*,*,#1964,.T.);
#2083=ORIENTED_EDGE('',*,*,#2071,.F.);
#2084=ORIENTED_EDGE('',*,*,#1720,.T.);
#2085=EDGE_LOOP('',(#2081,#2082,#2083,#2084));
#2086=FACE_BOUND('',#2085,.T.);
#2087=ADVANCED_FACE('',(#2086),#2080,.F.);
#2088=CARTESIAN_POINT('',(-4.357025203,178.986295727,20.5));
#2089=DIRECTION('',(0.99999759,-0.002195617,0.));
#2090=DIRECTION('',(0.002195617,0.99999759,0.));
#2091=AXIS2_PLACEMENT_3D('',#2088,#2089,#2090);
#2092=PLANE('',#2091);
#2093=ORIENTED_EDGE('',*,*,#1743,.T.);
#2094=CARTESIAN_POINT('',(-4.873606636,-56.291651246,6.));
#2095=DIRECTION('',(-0.002195617,-0.99999759,0.));
#2096=VECTOR('',#2095,1.721485919);
#2097=LINE('',#2094,#2096);
#2098=EDGE_CURVE('',#1731,#1936,#2097,.T.);
#2099=ORIENTED_EDGE('',*,*,#2098,.T.);
#2100=ORIENTED_EDGE('',*,*,#1941,.T.);
#2101=CARTESIAN_POINT('',(-4.87738636,-58.013133016,35.));
#2102=DIRECTION('',(0.002195617,0.99999759,-0.));
#2103=VECTOR('',#2102,1.721485919);
#2104=LINE('',#2101,#2103);
#2105=EDGE_CURVE('',#1927,#1654,#2104,.T.);
#2106=ORIENTED_EDGE('',*,*,#2105,.T.);
#2107=EDGE_LOOP('',(#2093,#2099,#2100,#2106));
#2108=FACE_BOUND('',#2107,.T.);
#2109=ADVANCED_FACE('',(#2108),#2092,.F.);
#2110=CARTESIAN_POINT('',(-10.357010741,178.999469427,1.));
#2111=DIRECTION('',(0.,0.,-1.));
#2112=DIRECTION('',(-1.,0.,0.));
#2113=AXIS2_PLACEMENT_3D('',#2110,#2111,#2112);
#2114=PLANE('',#2113);
#2115=ORIENTED_EDGE('',*,*,#1796,.T.);
#2116=CARTESIAN_POINT('',(-9.626428314,56.291651246,1.));
#2117=DIRECTION('',(0.002195617,0.99999759,-0.));
#2118=VECTOR('',#2117,1.753322438);
#2119=LINE('',#2116,#2118);
#2120=EDGE_CURVE('',#1782,#1557,#2119,.T.);
#2121=ORIENTED_EDGE('',*,*,#2120,.T.);
#2122=ORIENTED_EDGE('',*,*,#1562,.F.);
#2123=CARTESIAN_POINT('',(-16.622561817,58.060338775,1.));
#2124=DIRECTION('',(-0.002195617,-0.99999759,0.));
#2125=VECTOR('',#2124,1.768691792);
#2126=LINE('',#2123,#2125);
#2127=EDGE_CURVE('',#1549,#1791,#2126,.T.);
#2128=ORIENTED_EDGE('',*,*,#2127,.T.);
#2129=EDGE_LOOP('',(#2115,#2121,#2122,#2128));
#2130=FACE_BOUND('',#2129,.T.);
#2131=ADVANCED_FACE('',(#2130),#2114,.F.);
#2132=CARTESIAN_POINT('',(-4.357025203,178.986295727,20.5));
#2133=DIRECTION('',(0.99999759,-0.002195617,0.));
#2134=DIRECTION('',(0.002195617,0.99999759,0.));
#2135=AXIS2_PLACEMENT_3D('',#2132,#2133,#2134);
#2136=PLANE('',#2135);
#2137=ORIENTED_EDGE('',*,*,#1779,.T.);
#2138=CARTESIAN_POINT('',(-4.626416262,56.291651246,35.));
#2139=DIRECTION('',(0.002195617,0.99999759,-0.));
#2140=VECTOR('',#2139,1.742344328);
#2141=LINE('',#2138,#2140);
#2142=EDGE_CURVE('',#1765,#1574,#2141,.T.);
#2143=ORIENTED_EDGE('',*,*,#2142,.T.);
#2144=ORIENTED_EDGE('',*,*,#1579,.F.);
#2145=CARTESIAN_POINT('',(-4.622590742,58.033991374,6.));
#2146=DIRECTION('',(-0.002195617,-0.99999759,0.));
#2147=VECTOR('',#2146,1.742344328);
#2148=LINE('',#2145,#2147);
#2149=EDGE_CURVE('',#1565,#1774,#2148,.T.);
#2150=ORIENTED_EDGE('',*,*,#2149,.T.);
#2151=EDGE_LOOP('',(#2137,#2143,#2144,#2150));
#2152=FACE_BOUND('',#2151,.T.);
#2153=ADVANCED_FACE('',(#2152),#2136,.F.);
#2154=CARTESIAN_POINT('',(-16.356996278,179.012643127,20.5));
#2155=DIRECTION('',(-0.99999759,0.002195617,0.));
#2156=DIRECTION('',(-0.002195617,-0.99999759,0.));
#2157=AXIS2_PLACEMENT_3D('',#2154,#2155,#2156);
#2158=PLANE('',#2157);
#2159=ORIENTED_EDGE('',*,*,#2003,.T.);
#2160=ORIENTED_EDGE('',*,*,#1804,.T.);
#2161=ORIENTED_EDGE('',*,*,#2127,.F.);
#2162=ORIENTED_EDGE('',*,*,#1554,.F.);
#2163=EDGE_LOOP('',(#2159,#2160,#2161,#2162));
#2164=FACE_BOUND('',#2163,.T.);
#2165=ADVANCED_FACE('',(#2164),#2158,.F.);
#2166=CARTESIAN_POINT('',(11.123176886,169.952285361,1.));
#2167=DIRECTION('',(0.,0.,1.));
#2168=DIRECTION('',(1.,0.,0.));
#2169=AXIS2_PLACEMENT_3D('',#2166,#2167,#2168);
#2170=PLANE('',#2169);
#2171=ORIENTED_EDGE('',*,*,#1622,.T.);
#2172=CARTESIAN_POINT('',(9.877374308,58.002154932,1.));
#2173=DIRECTION('',(-0.002195617,-0.99999759,0.));
#2174=VECTOR('',#2173,1.710507809);
#2175=LINE('',#2172,#2174);
#2176=EDGE_CURVE('',#1608,#1830,#2175,.T.);
#2177=ORIENTED_EDGE('',*,*,#2176,.T.);
#2178=ORIENTED_EDGE('',*,*,#1835,.F.);
#2179=CARTESIAN_POINT('',(16.877357435,57.986785615,1.));
#2180=DIRECTION('',(-0.002195617,-0.99999759,0.));
#2181=VECTOR('',#2180,1.695138455);
#2182=LINE('',#2179,#2181);
#2183=EDGE_CURVE('',#1617,#1822,#2182,.T.);
#2184=ORIENTED_EDGE('',*,*,#2183,.F.);
#2185=EDGE_LOOP('',(#2171,#2177,#2178,#2184));
#2186=FACE_BOUND('',#2185,.T.);
#2187=ADVANCED_FACE('',(#2186),#2170,.T.);
#2188=CARTESIAN_POINT('',(5.123191348,169.965459061,20.5));
#2189=DIRECTION('',(0.99999759,-0.002195617,0.));
#2190=DIRECTION('',(0.002195617,0.99999759,0.));
#2191=AXIS2_PLACEMENT_3D('',#2188,#2189,#2190);
#2192=PLANE('',#2191);
#2193=ORIENTED_EDGE('',*,*,#1605,.T.);
#2194=CARTESIAN_POINT('',(4.87738636,58.013133016,35.));
#2195=DIRECTION('',(-0.002195617,-0.99999759,0.));
#2196=VECTOR('',#2195,1.721485919);
#2197=LINE('',#2194,#2196);
#2198=EDGE_CURVE('',#1591,#1754,#2197,.T.);
#2199=ORIENTED_EDGE('',*,*,#2198,.T.);
#2200=ORIENTED_EDGE('',*,*,#1850,.F.);
#2201=CARTESIAN_POINT('',(4.873606636,56.291651246,6.));
#2202=DIRECTION('',(0.002195617,0.99999759,-0.));
#2203=VECTOR('',#2202,1.721485919);
#2204=LINE('',#2201,#2203);
#2205=EDGE_CURVE('',#1838,#1600,#2204,.T.);
#2206=ORIENTED_EDGE('',*,*,#2205,.T.);
#2207=EDGE_LOOP('',(#2193,#2199,#2200,#2206));
#2208=FACE_BOUND('',#2207,.T.);
#2209=ADVANCED_FACE('',(#2208),#2192,.T.);
#2210=CARTESIAN_POINT('',(17.123162424,169.939111661,20.5));
#2211=DIRECTION('',(-0.99999759,0.002195617,0.));
#2212=DIRECTION('',(-0.002195617,-0.99999759,0.));
#2213=AXIS2_PLACEMENT_3D('',#2210,#2211,#2212);
#2214=PLANE('',#2213);
#2215=ORIENTED_EDGE('',*,*,#1628,.T.);
#2216=ORIENTED_EDGE('',*,*,#2183,.T.);
#2217=ORIENTED_EDGE('',*,*,#1827,.F.);
#2218=ORIENTED_EDGE('',*,*,#1513,.F.);
#2219=EDGE_LOOP('',(#2215,#2216,#2217,#2218));
#2220=FACE_BOUND('',#2219,.T.);
#2221=ADVANCED_FACE('',(#2220),#2214,.T.);
#2222=CARTESIAN_POINT('',(17.123162424,169.939111661,20.5));
#2223=DIRECTION('',(-0.99999759,0.002195617,0.));
#2224=DIRECTION('',(-0.002195617,-0.99999759,0.));
#2225=AXIS2_PLACEMENT_3D('',#2222,#2223,#2224);
#2226=PLANE('',#2225);
#2227=CARTESIAN_POINT('',(16.626445187,-56.291651246,1.));
#2228=DIRECTION('',(-0.002195617,-0.99999759,0.));
#2229=VECTOR('',#2228,1.768691792);
#2230=LINE('',#2227,#2229);
#2231=EDGE_CURVE('',#1691,#1885,#2230,.T.);
#2232=ORIENTED_EDGE('',*,*,#2231,.T.);
#2233=ORIENTED_EDGE('',*,*,#1890,.F.);
#2234=ORIENTED_EDGE('',*,*,#88,.F.);
#2235=ORIENTED_EDGE('',*,*,#1702,.F.);
#2236=EDGE_LOOP('',(#2232,#2233,#2234,#2235));
#2237=FACE_BOUND('',#2236,.T.);
#2238=ADVANCED_FACE('',(#2237),#2226,.T.);
#2239=CARTESIAN_POINT('',(5.123191348,169.965459061,20.5));
#2240=DIRECTION('',(0.99999759,-0.002195617,0.));
#2241=DIRECTION('',(0.002195617,0.99999759,0.));
#2242=AXIS2_PLACEMENT_3D('',#2239,#2240,#2241);
#2243=PLANE('',#2242);
#2244=ORIENTED_EDGE('',*,*,#1915,.F.);
#2245=CARTESIAN_POINT('',(4.622590742,-58.033991374,6.));
#2246=DIRECTION('',(0.002195617,0.99999759,-0.));
#2247=VECTOR('',#2246,1.742344328);
#2248=LINE('',#2245,#2247);
#2249=EDGE_CURVE('',#1901,#1674,#2248,.T.);
#2250=ORIENTED_EDGE('',*,*,#2249,.T.);
#2251=ORIENTED_EDGE('',*,*,#1679,.F.);
#2252=CARTESIAN_POINT('',(4.626416262,-56.291651246,35.025062814));
#2253=DIRECTION('',(-0.002195617,-0.99999759,-0.));
#2254=VECTOR('',#2253,1.742344328);
#2255=LINE('',#2252,#2254);
#2256=EDGE_CURVE('',#1665,#1910,#2255,.T.);
#2257=ORIENTED_EDGE('',*,*,#2256,.T.);
#2258=EDGE_LOOP('',(#2244,#2250,#2251,#2257));
#2259=FACE_BOUND('',#2258,.T.);
#2260=ADVANCED_FACE('',(#2259),#2243,.T.);
#2261=CARTESIAN_POINT('',(11.123176886,169.952285361,1.));
#2262=DIRECTION('',(0.,0.,1.));
#2263=DIRECTION('',(1.,0.,0.));
#2264=AXIS2_PLACEMENT_3D('',#2261,#2262,#2263);
#2265=PLANE('',#2264);
#2266=ORIENTED_EDGE('',*,*,#1696,.F.);
#2267=CARTESIAN_POINT('',(9.626428314,-56.291651246,1.));
#2268=DIRECTION('',(-0.002195617,-0.99999759,0.));
#2269=VECTOR('',#2268,1.753322438);
#2270=LINE('',#2267,#2269);
#2271=EDGE_CURVE('',#1682,#1893,#2270,.T.);
#2272=ORIENTED_EDGE('',*,*,#2271,.T.);
#2273=ORIENTED_EDGE('',*,*,#1898,.F.);
#2274=ORIENTED_EDGE('',*,*,#2231,.F.);
#2275=EDGE_LOOP('',(#2266,#2272,#2273,#2274));
#2276=FACE_BOUND('',#2275,.T.);
#2277=ADVANCED_FACE('',(#2276),#2265,.T.);
#2278=CARTESIAN_POINT('',(98.823433215,-76.711237769,5.5));
#2279=DIRECTION('',(-0.864925508,0.501900255,0.));
#2280=DIRECTION('',(-0.501900255,-0.864925508,0.));
#2281=AXIS2_PLACEMENT_3D('',#2278,#2279,#2280);
#2282=CYLINDRICAL_SURFACE('',#2281,4.5);
#2283=CARTESIAN_POINT('',(-60.851560386,10.742443792,5.5));
#2284=DIRECTION('',(0.864925508,-0.501900255,-0.));
#2285=VECTOR('',#2284,1.778572091);
#2286=LINE('',#2283,#2285);
#2287=EDGE_CURVE('',#1073,#1343,#2286,.T.);
#2288=ORIENTED_EDGE('',*,*,#2287,.F.);
#2289=ORIENTED_EDGE('',*,*,#1079,.T.);
#2290=CARTESIAN_POINT('',(-59.313188297,9.849846803,5.526738446));
#2291=DIRECTION('',(-0.864925508,0.501900255,0.));
#2292=VECTOR('',#2291,1.778571916);
#2293=LINE('',#2290,#2292);
#2294=EDGE_CURVE('',#1354,#1065,#2293,.T.);
#2295=ORIENTED_EDGE('',*,*,#2294,.F.);
#2296=ORIENTED_EDGE('',*,*,#1360,.T.);
#2297=EDGE_LOOP('',(#2288,#2289,#2295,#2296));
#2298=FACE_BOUND('',#2297,.T.);
#2299=ADVANCED_FACE('',(#2298),#2282,.F.);
#2300=CARTESIAN_POINT('',(101.081973731,-72.819091303,33.5));
#2301=DIRECTION('',(0.501900255,0.864925508,0.));
#2302=DIRECTION('',(-0.864925508,0.501900255,0.));
#2303=AXIS2_PLACEMENT_3D('',#2300,#2301,#2302);
#2304=PLANE('',#2303);
#2305=ORIENTED_EDGE('',*,*,#1383,.T.);
#2306=CARTESIAN_POINT('',(-54.81322776,17.644007084,33.513806772));
#2307=DIRECTION('',(-0.864925508,0.501900255,0.));
#2308=VECTOR('',#2307,1.758811539);
#2309=LINE('',#2306,#2308);
#2310=EDGE_CURVE('',#1371,#1091,#2309,.T.);
#2311=ORIENTED_EDGE('',*,*,#2310,.T.);
#2312=ORIENTED_EDGE('',*,*,#1096,.T.);
#2313=CARTESIAN_POINT('',(-54.81322776,17.644007084,5.513806772));
#2314=DIRECTION('',(-0.864925508,0.501900255,0.));
#2315=VECTOR('',#2314,1.758811539);
#2316=LINE('',#2313,#2315);
#2317=EDGE_CURVE('',#1345,#1082,#2316,.T.);
#2318=ORIENTED_EDGE('',*,*,#2317,.F.);
#2319=EDGE_LOOP('',(#2305,#2311,#2312,#2318));
#2320=FACE_BOUND('',#2319,.T.);
#2321=ADVANCED_FACE('',(#2320),#2304,.F.);
#2322=CARTESIAN_POINT('',(98.823433215,-76.711237769,33.5));
#2323=DIRECTION('',(-0.864925508,0.501900255,0.));
#2324=DIRECTION('',(-0.501900255,-0.864925508,0.));
#2325=AXIS2_PLACEMENT_3D('',#2322,#2323,#2324);
#2326=CYLINDRICAL_SURFACE('',#2325,4.5);
#2327=ORIENTED_EDGE('',*,*,#1377,.T.);
#2328=CARTESIAN_POINT('',(-59.313188297,9.849846803,33.526738446));
#2329=DIRECTION('',(-0.864925508,0.501900255,0.));
#2330=VECTOR('',#2329,1.778571916);
#2331=LINE('',#2328,#2330);
#2332=EDGE_CURVE('',#1363,#1063,#2331,.T.);
#2333=ORIENTED_EDGE('',*,*,#2332,.T.);
#2334=ORIENTED_EDGE('',*,*,#1103,.T.);
#2335=ORIENTED_EDGE('',*,*,#2310,.F.);
#2336=EDGE_LOOP('',(#2327,#2333,#2334,#2335));
#2337=FACE_BOUND('',#2336,.T.);
#2338=ADVANCED_FACE('',(#2337),#2326,.F.);
#2339=CARTESIAN_POINT('',(96.56492194,-80.603333846,19.5));
#2340=DIRECTION('',(0.501900255,0.864925508,0.));
#2341=DIRECTION('',(-0.864925508,0.501900255,0.));
#2342=AXIS2_PLACEMENT_3D('',#2339,#2340,#2341);
#2343=PLANE('',#2342);
#2344=ORIENTED_EDGE('',*,*,#2294,.T.);
#2345=ORIENTED_EDGE('',*,*,#1070,.F.);
#2346=ORIENTED_EDGE('',*,*,#2332,.F.);
#2347=ORIENTED_EDGE('',*,*,#1368,.F.);
#2348=EDGE_LOOP('',(#2344,#2345,#2346,#2347));
#2349=FACE_BOUND('',#2348,.T.);
#2350=ADVANCED_FACE('',(#2349),#2343,.T.);
#2351=CARTESIAN_POINT('',(96.56492194,-80.603333846,19.5));
#2352=DIRECTION('',(0.501900255,0.864925508,0.));
#2353=DIRECTION('',(-0.864925508,0.501900255,0.));
#2354=AXIS2_PLACEMENT_3D('',#2351,#2352,#2353);
#2355=PLANE('',#2354);
#2356=ORIENTED_EDGE('',*,*,#882,.T.);
#2357=CARTESIAN_POINT('',(39.520839434,-47.501709173,5.526738446));
#2358=DIRECTION('',(-0.864925508,0.501900255,0.));
#2359=VECTOR('',#2358,1.685258331);
#2360=LINE('',#2357,#2359);
#2361=EDGE_CURVE('',#877,#1188,#2360,.T.);
#2362=ORIENTED_EDGE('',*,*,#2361,.T.);
#2363=ORIENTED_EDGE('',*,*,#1193,.F.);
#2364=CARTESIAN_POINT('',(39.520839434,-47.501709173,33.526738446));
#2365=DIRECTION('',(-0.864925508,0.501900255,0.));
#2366=VECTOR('',#2365,1.685258331);
#2367=LINE('',#2364,#2366);
#2368=EDGE_CURVE('',#875,#1177,#2367,.T.);
#2369=ORIENTED_EDGE('',*,*,#2368,.F.);
#2370=EDGE_LOOP('',(#2356,#2362,#2363,#2369));
#2371=FACE_BOUND('',#2370,.T.);
#2372=ADVANCED_FACE('',(#2371),#2355,.T.);
#2373=CARTESIAN_POINT('',(98.823433215,-76.711237769,33.5));
#2374=DIRECTION('',(-0.864925508,0.501900255,0.));
#2375=DIRECTION('',(-0.501900255,-0.864925508,0.));
#2376=AXIS2_PLACEMENT_3D('',#2373,#2374,#2375);
#2377=CYLINDRICAL_SURFACE('',#2376,4.5);
#2378=ORIENTED_EDGE('',*,*,#2368,.T.);
#2379=ORIENTED_EDGE('',*,*,#1185,.T.);
#2380=CARTESIAN_POINT('',(44.037891224,-39.717466629,33.513806772));
#2381=DIRECTION('',(-0.864925508,0.501900255,0.));
#2382=VECTOR('',#2381,1.705018708);
#2383=LINE('',#2380,#2382);
#2384=EDGE_CURVE('',#885,#1179,#2383,.T.);
#2385=ORIENTED_EDGE('',*,*,#2384,.F.);
#2386=ORIENTED_EDGE('',*,*,#891,.F.);
#2387=EDGE_LOOP('',(#2378,#2379,#2385,#2386));
#2388=FACE_BOUND('',#2387,.T.);
#2389=ADVANCED_FACE('',(#2388),#2377,.F.);
#2390=CARTESIAN_POINT('',(101.081973731,-72.819091303,33.5));
#2391=DIRECTION('',(0.501900255,0.864925508,0.));
#2392=DIRECTION('',(-0.864925508,0.501900255,0.));
#2393=AXIS2_PLACEMENT_3D('',#2390,#2391,#2392);
#2394=PLANE('',#2393);
#2395=ORIENTED_EDGE('',*,*,#2384,.T.);
#2396=ORIENTED_EDGE('',*,*,#1217,.T.);
#2397=CARTESIAN_POINT('',(44.037891224,-39.717466629,5.513806772));
#2398=DIRECTION('',(-0.864925508,0.501900255,0.));
#2399=VECTOR('',#2398,1.705018708);
#2400=LINE('',#2397,#2399);
#2401=EDGE_CURVE('',#894,#1205,#2400,.T.);
#2402=ORIENTED_EDGE('',*,*,#2401,.F.);
#2403=ORIENTED_EDGE('',*,*,#899,.F.);
#2404=EDGE_LOOP('',(#2395,#2396,#2402,#2403));
#2405=FACE_BOUND('',#2404,.T.);
#2406=ADVANCED_FACE('',(#2405),#2394,.F.);
#2407=CARTESIAN_POINT('',(98.823433215,-76.711237769,5.5));
#2408=DIRECTION('',(-0.864925508,0.501900255,0.));
#2409=DIRECTION('',(-0.501900255,-0.864925508,0.));
#2410=AXIS2_PLACEMENT_3D('',#2407,#2408,#2409);
#2411=CYLINDRICAL_SURFACE('',#2410,4.5);
#2412=CARTESIAN_POINT('',(38.063176796,-46.655946384,5.5));
#2413=DIRECTION('',(0.864925508,-0.501900255,-0.));
#2414=VECTOR('',#2413,1.685258156);
#2415=LINE('',#2412,#2414);
#2416=EDGE_CURVE('',#1196,#902,#2415,.T.);
#2417=ORIENTED_EDGE('',*,*,#2416,.F.);
#2418=ORIENTED_EDGE('',*,*,#1202,.T.);
#2419=ORIENTED_EDGE('',*,*,#2361,.F.);
#2420=ORIENTED_EDGE('',*,*,#915,.F.);
#2421=EDGE_LOOP('',(#2417,#2418,#2419,#2420));
#2422=FACE_BOUND('',#2421,.T.);
#2423=ADVANCED_FACE('',(#2422),#2411,.F.);
#2424=CARTESIAN_POINT('',(107.230262481,-62.22373551,5.5));
#2425=DIRECTION('',(-0.864925508,0.501900255,0.));
#2426=DIRECTION('',(-0.501900255,-0.864925508,0.));
#2427=AXIS2_PLACEMENT_3D('',#2424,#2425,#2426);
#2428=CYLINDRICAL_SURFACE('',#2427,4.5);
#2429=CARTESIAN_POINT('',(-51.579805612,24.728045796,5.5));
#2430=VERTEX_POINT('',#2429);
#2431=CARTESIAN_POINT('',(-51.579805612,24.728045796,5.5));
#2432=DIRECTION('',(0.864925508,-0.501900255,-0.));
#2433=VECTOR('',#2432,0.741795423);
#2434=LINE('',#2431,#2433);
#2435=EDGE_CURVE('',#2430,#1388,#2434,.T.);
#2436=ORIENTED_EDGE('',*,*,#2435,.F.);
#2437=CARTESIAN_POINT('',(-51.579765742,24.728114505,5.526738446));
#2438=VERTEX_POINT('',#2437);
#2439=CARTESIAN_POINT('',(-49.321254466,28.620210582,5.5));
#2440=DIRECTION('',(-0.864925508,0.501900255,-0.));
#2441=DIRECTION('',(0.501900255,0.864925508,0.));
#2442=AXIS2_PLACEMENT_3D('',#2439,#2440,#2441);
#2443=CIRCLE('',#2442,4.5);
#2444=EDGE_CURVE('',#2430,#2438,#2443,.T.);
#2445=ORIENTED_EDGE('',*,*,#2444,.T.);
#2446=CARTESIAN_POINT('',(-50.93816811,24.355807281,5.526738446));
#2447=DIRECTION('',(-0.864925508,0.501900255,0.));
#2448=VECTOR('',#2447,0.741795248);
#2449=LINE('',#2446,#2448);
#2450=EDGE_CURVE('',#1399,#2438,#2449,.T.);
#2451=ORIENTED_EDGE('',*,*,#2450,.F.);
#2452=ORIENTED_EDGE('',*,*,#1405,.T.);
#2453=EDGE_LOOP('',(#2436,#2445,#2451,#2452));
#2454=FACE_BOUND('',#2453,.T.);
#2455=ADVANCED_FACE('',(#2454),#2428,.F.);
#2456=CARTESIAN_POINT('',(109.488802996,-58.331589044,33.5));
#2457=DIRECTION('',(0.501900255,0.864925508,0.));
#2458=DIRECTION('',(-0.864925508,0.501900255,0.));
#2459=AXIS2_PLACEMENT_3D('',#2456,#2457,#2458);
#2460=PLANE('',#2459);
#2461=CARTESIAN_POINT('',(-47.062713951,32.512357048,33.513806772));
#2462=VERTEX_POINT('',#2461);
#2463=CARTESIAN_POINT('',(-46.438207573,32.149967562,33.513806772));
#2464=DIRECTION('',(-0.864925508,0.501900255,0.));
#2465=VECTOR('',#2464,0.722034871);
#2466=LINE('',#2463,#2465);
#2467=EDGE_CURVE('',#1416,#2462,#2466,.T.);
#2468=ORIENTED_EDGE('',*,*,#2467,.T.);
#2469=CARTESIAN_POINT('',(-47.062713951,32.512357048,5.513806772));
#2470=VERTEX_POINT('',#2469);
#2471=CARTESIAN_POINT('',(-47.062713951,32.512357048,33.513806772));
#2472=DIRECTION('',(0.,0.,-1.));
#2473=VECTOR('',#2472,28.);
#2474=LINE('',#2471,#2473);
#2475=EDGE_CURVE('',#2462,#2470,#2474,.T.);
#2476=ORIENTED_EDGE('',*,*,#2475,.T.);
#2477=CARTESIAN_POINT('',(-46.438207573,32.149967562,5.513806772));
#2478=DIRECTION('',(-0.864925508,0.501900255,0.));
#2479=VECTOR('',#2478,0.722034871);
#2480=LINE('',#2477,#2479);
#2481=EDGE_CURVE('',#1390,#2470,#2480,.T.);
#2482=ORIENTED_EDGE('',*,*,#2481,.F.);
#2483=ORIENTED_EDGE('',*,*,#1428,.T.);
#2484=EDGE_LOOP('',(#2468,#2476,#2482,#2483));
#2485=FACE_BOUND('',#2484,.T.);
#2486=ADVANCED_FACE('',(#2485),#2460,.F.);
#2487=CARTESIAN_POINT('',(107.230262481,-62.22373551,33.5));
#2488=DIRECTION('',(-0.864925508,0.501900255,0.));
#2489=DIRECTION('',(-0.501900255,-0.864925508,0.));
#2490=AXIS2_PLACEMENT_3D('',#2487,#2488,#2489);
#2491=CYLINDRICAL_SURFACE('',#2490,4.5);
#2492=CARTESIAN_POINT('',(-51.579765742,24.728114505,33.526738446));
#2493=VERTEX_POINT('',#2492);
#2494=CARTESIAN_POINT('',(-50.93816811,24.355807281,33.526738446));
#2495=DIRECTION('',(-0.864925508,0.501900255,0.));
#2496=VECTOR('',#2495,0.741795248);
#2497=LINE('',#2494,#2496);
#2498=EDGE_CURVE('',#1408,#2493,#2497,.T.);
#2499=ORIENTED_EDGE('',*,*,#2498,.T.);
#2500=CARTESIAN_POINT('',(-49.321254466,28.620210582,33.5));
#2501=DIRECTION('',(-0.864925508,0.501900255,-0.));
#2502=DIRECTION('',(0.501900255,0.864925508,0.));
#2503=AXIS2_PLACEMENT_3D('',#2500,#2501,#2502);
#2504=CIRCLE('',#2503,4.5);
#2505=EDGE_CURVE('',#2493,#2462,#2504,.T.);
#2506=ORIENTED_EDGE('',*,*,#2505,.T.);
#2507=ORIENTED_EDGE('',*,*,#2467,.F.);
#2508=ORIENTED_EDGE('',*,*,#1422,.T.);
#2509=EDGE_LOOP('',(#2499,#2506,#2507,#2508));
#2510=FACE_BOUND('',#2509,.T.);
#2511=ADVANCED_FACE('',(#2510),#2491,.F.);
#2512=CARTESIAN_POINT('',(104.971751205,-66.115831587,19.5));
#2513=DIRECTION('',(0.501900255,0.864925508,-0.));
#2514=DIRECTION('',(-0.864925508,0.501900255,0.));
#2515=AXIS2_PLACEMENT_3D('',#2512,#2513,#2514);
#2516=PLANE('',#2515);
#2517=ORIENTED_EDGE('',*,*,#2450,.T.);
#2518=CARTESIAN_POINT('',(-51.579765742,24.728114505,5.526738446));
#2519=DIRECTION('',(0.,0.,1.));
#2520=VECTOR('',#2519,28.);
#2521=LINE('',#2518,#2520);
#2522=EDGE_CURVE('',#2438,#2493,#2521,.T.);
#2523=ORIENTED_EDGE('',*,*,#2522,.T.);
#2524=ORIENTED_EDGE('',*,*,#2498,.F.);
#2525=ORIENTED_EDGE('',*,*,#1413,.F.);
#2526=EDGE_LOOP('',(#2517,#2523,#2524,#2525));
#2527=FACE_BOUND('',#2526,.T.);
#2528=ADVANCED_FACE('',(#2527),#2516,.T.);
#2529=CARTESIAN_POINT('',(104.971751205,-66.115831587,19.5));
#2530=DIRECTION('',(0.501900255,0.864925508,-0.));
#2531=DIRECTION('',(-0.864925508,0.501900255,0.));
#2532=AXIS2_PLACEMENT_3D('',#2529,#2530,#2531);
#2533=PLANE('',#2532);
#2534=CARTESIAN_POINT('',(47.062743191,-32.512306659,33.526738446));
#2535=VERTEX_POINT('',#2534);
#2536=CARTESIAN_POINT('',(47.062743191,-32.512306659,33.526738446));
#2537=DIRECTION('',(-0.864925508,0.501900255,0.));
#2538=VECTOR('',#2537,0.722034999);
#2539=LINE('',#2536,#2538);
#2540=EDGE_CURVE('',#2535,#1222,#2539,.T.);
#2541=ORIENTED_EDGE('',*,*,#2540,.F.);
#2542=CARTESIAN_POINT('',(47.062743191,-32.512306659,5.526738446));
#2543=VERTEX_POINT('',#2542);
#2544=CARTESIAN_POINT('',(47.062743191,-32.512306659,33.526738446));
#2545=DIRECTION('',(-0.,-0.,-1.));
#2546=VECTOR('',#2545,28.);
#2547=LINE('',#2544,#2546);
#2548=EDGE_CURVE('',#2535,#2543,#2547,.T.);
#2549=ORIENTED_EDGE('',*,*,#2548,.T.);
#2550=CARTESIAN_POINT('',(47.062743191,-32.512306659,5.526738446));
#2551=DIRECTION('',(-0.864925508,0.501900255,0.));
#2552=VECTOR('',#2551,0.722034999);
#2553=LINE('',#2550,#2552);
#2554=EDGE_CURVE('',#2543,#1233,#2553,.T.);
#2555=ORIENTED_EDGE('',*,*,#2554,.T.);
#2556=ORIENTED_EDGE('',*,*,#1238,.F.);
#2557=EDGE_LOOP('',(#2541,#2549,#2555,#2556));
#2558=FACE_BOUND('',#2557,.T.);
#2559=ADVANCED_FACE('',(#2558),#2533,.T.);
#2560=CARTESIAN_POINT('',(107.230262481,-62.22373551,33.5));
#2561=DIRECTION('',(-0.864925508,0.501900255,0.));
#2562=DIRECTION('',(-0.501900255,-0.864925508,0.));
#2563=AXIS2_PLACEMENT_3D('',#2560,#2561,#2562);
#2564=CYLINDRICAL_SURFACE('',#2563,4.5);
#2565=CARTESIAN_POINT('',(51.579794982,-24.728064116,33.513806772));
#2566=VERTEX_POINT('',#2565);
#2567=CARTESIAN_POINT('',(51.579794982,-24.728064116,33.513806772));
#2568=DIRECTION('',(-0.864925508,0.501900255,0.));
#2569=VECTOR('',#2568,0.741795376);
#2570=LINE('',#2567,#2569);
#2571=EDGE_CURVE('',#2566,#1224,#2570,.T.);
#2572=ORIENTED_EDGE('',*,*,#2571,.F.);
#2573=CARTESIAN_POINT('',(49.321254466,-28.620210582,33.5));
#2574=DIRECTION('',(0.864925508,-0.501900255,-0.));
#2575=DIRECTION('',(-0.501900255,-0.864925508,0.));
#2576=AXIS2_PLACEMENT_3D('',#2573,#2574,#2575);
#2577=CIRCLE('',#2576,4.5);
#2578=EDGE_CURVE('',#2566,#2535,#2577,.T.);
#2579=ORIENTED_EDGE('',*,*,#2578,.T.);
#2580=ORIENTED_EDGE('',*,*,#2540,.T.);
#2581=ORIENTED_EDGE('',*,*,#1230,.T.);
#2582=EDGE_LOOP('',(#2572,#2579,#2580,#2581));
#2583=FACE_BOUND('',#2582,.T.);
#2584=ADVANCED_FACE('',(#2583),#2564,.F.);
#2585=CARTESIAN_POINT('',(109.488802996,-58.331589044,33.5));
#2586=DIRECTION('',(0.501900255,0.864925508,0.));
#2587=DIRECTION('',(-0.864925508,0.501900255,0.));
#2588=AXIS2_PLACEMENT_3D('',#2585,#2586,#2587);
#2589=PLANE('',#2588);
#2590=CARTESIAN_POINT('',(51.579794982,-24.728064116,5.513806772));
#2591=VERTEX_POINT('',#2590);
#2592=CARTESIAN_POINT('',(51.579794982,-24.728064116,5.513806772));
#2593=DIRECTION('',(-0.864925508,0.501900255,0.));
#2594=VECTOR('',#2593,0.741795376);
#2595=LINE('',#2592,#2594);
#2596=EDGE_CURVE('',#2591,#1250,#2595,.T.);
#2597=ORIENTED_EDGE('',*,*,#2596,.F.);
#2598=CARTESIAN_POINT('',(51.579794982,-24.728064116,5.513806772));
#2599=DIRECTION('',(-0.,-0.,1.));
#2600=VECTOR('',#2599,28.);
#2601=LINE('',#2598,#2600);
#2602=EDGE_CURVE('',#2591,#2566,#2601,.T.);
#2603=ORIENTED_EDGE('',*,*,#2602,.T.);
#2604=ORIENTED_EDGE('',*,*,#2571,.T.);
#2605=ORIENTED_EDGE('',*,*,#1262,.T.);
#2606=EDGE_LOOP('',(#2597,#2603,#2604,#2605));
#2607=FACE_BOUND('',#2606,.T.);
#2608=ADVANCED_FACE('',(#2607),#2589,.F.);
#2609=CARTESIAN_POINT('',(107.230262481,-62.22373551,5.5));
#2610=DIRECTION('',(-0.864925508,0.501900255,0.));
#2611=DIRECTION('',(-0.501900255,-0.864925508,0.));
#2612=AXIS2_PLACEMENT_3D('',#2609,#2610,#2611);
#2613=CYLINDRICAL_SURFACE('',#2612,4.5);
#2614=CARTESIAN_POINT('',(47.062703321,-32.512375368,5.5));
#2615=VERTEX_POINT('',#2614);
#2616=CARTESIAN_POINT('',(46.438196983,-32.149985905,5.5));
#2617=DIRECTION('',(0.864925508,-0.501900255,-0.));
#2618=VECTOR('',#2617,0.722034825);
#2619=LINE('',#2616,#2618);
#2620=EDGE_CURVE('',#1241,#2615,#2619,.T.);
#2621=ORIENTED_EDGE('',*,*,#2620,.F.);
#2622=ORIENTED_EDGE('',*,*,#1247,.T.);
#2623=ORIENTED_EDGE('',*,*,#2554,.F.);
#2624=CARTESIAN_POINT('',(49.321254466,-28.620210582,5.5));
#2625=DIRECTION('',(0.864925508,-0.501900255,-0.));
#2626=DIRECTION('',(-0.501900255,-0.864925508,0.));
#2627=AXIS2_PLACEMENT_3D('',#2624,#2625,#2626);
#2628=CIRCLE('',#2627,4.5);
#2629=EDGE_CURVE('',#2543,#2615,#2628,.T.);
#2630=ORIENTED_EDGE('',*,*,#2629,.T.);
#2631=EDGE_LOOP('',(#2621,#2622,#2623,#2630));
#2632=FACE_BOUND('',#2631,.T.);
#2633=ADVANCED_FACE('',(#2632),#2613,.F.);
#2634=CARTESIAN_POINT('',(115.637091746,-47.736233251,5.5));
#2635=DIRECTION('',(-0.864925508,0.501900255,0.));
#2636=DIRECTION('',(-0.501900255,-0.864925508,0.));
#2637=AXIS2_PLACEMENT_3D('',#2634,#2635,#2636);
#2638=CYLINDRICAL_SURFACE('',#2637,4.5);
#2639=CARTESIAN_POINT('',(-44.037901855,39.717448309,5.5));
#2640=DIRECTION('',(0.864925508,-0.501900255,-0.));
#2641=VECTOR('',#2640,1.705018754);
#2642=LINE('',#2639,#2641);
#2643=EDGE_CURVE('',#1118,#1433,#2642,.T.);
#2644=ORIENTED_EDGE('',*,*,#2643,.F.);
#2645=ORIENTED_EDGE('',*,*,#1124,.T.);
#2646=CARTESIAN_POINT('',(-42.563147923,38.861767759,5.526738446));
#2647=DIRECTION('',(-0.864925508,0.501900255,0.));
#2648=VECTOR('',#2647,1.70501858);
#2649=LINE('',#2646,#2648);
#2650=EDGE_CURVE('',#1444,#1110,#2649,.T.);
#2651=ORIENTED_EDGE('',*,*,#2650,.F.);
#2652=ORIENTED_EDGE('',*,*,#1450,.T.);
#2653=EDGE_LOOP('',(#2644,#2645,#2651,#2652));
#2654=FACE_BOUND('',#2653,.T.);
#2655=ADVANCED_FACE('',(#2654),#2638,.F.);
#2656=CARTESIAN_POINT('',(117.895632261,-43.844086785,33.5));
#2657=DIRECTION('',(0.501900255,0.864925508,0.));
#2658=DIRECTION('',(-0.864925508,0.501900255,0.));
#2659=AXIS2_PLACEMENT_3D('',#2656,#2657,#2658);
#2660=PLANE('',#2659);
#2661=ORIENTED_EDGE('',*,*,#1473,.T.);
#2662=CARTESIAN_POINT('',(-38.063187387,46.65592804,33.513806772));
#2663=DIRECTION('',(-0.864925508,0.501900255,0.));
#2664=VECTOR('',#2663,1.685258203);
#2665=LINE('',#2662,#2664);
#2666=EDGE_CURVE('',#1461,#1136,#2665,.T.);
#2667=ORIENTED_EDGE('',*,*,#2666,.T.);
#2668=ORIENTED_EDGE('',*,*,#1141,.T.);
#2669=CARTESIAN_POINT('',(-38.063187387,46.65592804,5.513806772));
#2670=DIRECTION('',(-0.864925508,0.501900255,0.));
#2671=VECTOR('',#2670,1.685258203);
#2672=LINE('',#2669,#2671);
#2673=EDGE_CURVE('',#1435,#1127,#2672,.T.);
#2674=ORIENTED_EDGE('',*,*,#2673,.F.);
#2675=EDGE_LOOP('',(#2661,#2667,#2668,#2674));
#2676=FACE_BOUND('',#2675,.T.);
#2677=ADVANCED_FACE('',(#2676),#2660,.F.);
#2678=CARTESIAN_POINT('',(115.637091746,-47.736233251,33.5));
#2679=DIRECTION('',(-0.864925508,0.501900255,0.));
#2680=DIRECTION('',(-0.501900255,-0.864925508,0.));
#2681=AXIS2_PLACEMENT_3D('',#2678,#2679,#2680);
#2682=CYLINDRICAL_SURFACE('',#2681,4.5);
#2683=ORIENTED_EDGE('',*,*,#1467,.T.);
#2684=CARTESIAN_POINT('',(-42.563147923,38.861767759,33.526738446));
#2685=DIRECTION('',(-0.864925508,0.501900255,0.));
#2686=VECTOR('',#2685,1.70501858);
#2687=LINE('',#2684,#2686);
#2688=EDGE_CURVE('',#1453,#1108,#2687,.T.);
#2689=ORIENTED_EDGE('',*,*,#2688,.T.);
#2690=ORIENTED_EDGE('',*,*,#1148,.T.);
#2691=ORIENTED_EDGE('',*,*,#2666,.F.);
#2692=EDGE_LOOP('',(#2683,#2689,#2690,#2691));
#2693=FACE_BOUND('',#2692,.T.);
#2694=ADVANCED_FACE('',(#2693),#2682,.F.);
#2695=CARTESIAN_POINT('',(113.378580471,-51.628329328,19.5));
#2696=DIRECTION('',(0.501900255,0.864925508,0.));
#2697=DIRECTION('',(-0.864925508,0.501900255,0.));
#2698=AXIS2_PLACEMENT_3D('',#2695,#2696,#2697);
#2699=PLANE('',#2698);
#2700=ORIENTED_EDGE('',*,*,#2650,.T.);
#2701=ORIENTED_EDGE('',*,*,#1115,.F.);
#2702=ORIENTED_EDGE('',*,*,#2688,.F.);
#2703=ORIENTED_EDGE('',*,*,#1458,.F.);
#2704=EDGE_LOOP('',(#2700,#2701,#2702,#2703));
#2705=FACE_BOUND('',#2704,.T.);
#2706=ADVANCED_FACE('',(#2705),#2699,.T.);
#2707=CARTESIAN_POINT('',(113.378580471,-51.628329328,19.5));
#2708=DIRECTION('',(0.501900255,0.864925508,0.));
#2709=DIRECTION('',(-0.864925508,0.501900255,0.));
#2710=AXIS2_PLACEMENT_3D('',#2707,#2708,#2709);
#2711=PLANE('',#2710);
#2712=ORIENTED_EDGE('',*,*,#927,.T.);
#2713=CARTESIAN_POINT('',(56.334497964,-18.526704655,5.526738446));
#2714=DIRECTION('',(-0.864925508,0.501900255,0.));
#2715=VECTOR('',#2714,1.758811667);
#2716=LINE('',#2713,#2715);
#2717=EDGE_CURVE('',#922,#1278,#2716,.T.);
#2718=ORIENTED_EDGE('',*,*,#2717,.T.);
#2719=ORIENTED_EDGE('',*,*,#1283,.F.);
#2720=CARTESIAN_POINT('',(56.334497964,-18.526704655,33.526738446));
#2721=DIRECTION('',(-0.864925508,0.501900255,0.));
#2722=VECTOR('',#2721,1.758811667);
#2723=LINE('',#2720,#2722);
#2724=EDGE_CURVE('',#920,#1267,#2723,.T.);
#2725=ORIENTED_EDGE('',*,*,#2724,.F.);
#2726=EDGE_LOOP('',(#2712,#2718,#2719,#2725));
#2727=FACE_BOUND('',#2726,.T.);
#2728=ADVANCED_FACE('',(#2727),#2711,.T.);
#2729=CARTESIAN_POINT('',(115.637091746,-47.736233251,33.5));
#2730=DIRECTION('',(-0.864925508,0.501900255,0.));
#2731=DIRECTION('',(-0.501900255,-0.864925508,0.));
#2732=AXIS2_PLACEMENT_3D('',#2729,#2730,#2731);
#2733=CYLINDRICAL_SURFACE('',#2732,4.5);
#2734=ORIENTED_EDGE('',*,*,#2724,.T.);
#2735=ORIENTED_EDGE('',*,*,#1275,.T.);
#2736=CARTESIAN_POINT('',(60.851549755,-10.742462111,33.513806772));
#2737=DIRECTION('',(-0.864925508,0.501900255,0.));
#2738=VECTOR('',#2737,1.778572044);
#2739=LINE('',#2736,#2738);
#2740=EDGE_CURVE('',#930,#1269,#2739,.T.);
#2741=ORIENTED_EDGE('',*,*,#2740,.F.);
#2742=ORIENTED_EDGE('',*,*,#936,.F.);
#2743=EDGE_LOOP('',(#2734,#2735,#2741,#2742));
#2744=FACE_BOUND('',#2743,.T.);
#2745=ADVANCED_FACE('',(#2744),#2733,.F.);
#2746=CARTESIAN_POINT('',(117.895632261,-43.844086785,33.5));
#2747=DIRECTION('',(0.501900255,0.864925508,0.));
#2748=DIRECTION('',(-0.864925508,0.501900255,0.));
#2749=AXIS2_PLACEMENT_3D('',#2746,#2747,#2748);
#2750=PLANE('',#2749);
#2751=ORIENTED_EDGE('',*,*,#2740,.T.);
#2752=ORIENTED_EDGE('',*,*,#1307,.T.);
#2753=CARTESIAN_POINT('',(60.851549755,-10.742462111,5.513806772));
#2754=DIRECTION('',(-0.864925508,0.501900255,0.));
#2755=VECTOR('',#2754,1.778572044);
#2756=LINE('',#2753,#2755);
#2757=EDGE_CURVE('',#939,#1295,#2756,.T.);
#2758=ORIENTED_EDGE('',*,*,#2757,.F.);
#2759=ORIENTED_EDGE('',*,*,#944,.F.);
#2760=EDGE_LOOP('',(#2751,#2752,#2758,#2759));
#2761=FACE_BOUND('',#2760,.T.);
#2762=ADVANCED_FACE('',(#2761),#2750,.F.);
#2763=CARTESIAN_POINT('',(115.637091746,-47.736233251,5.5));
#2764=DIRECTION('',(-0.864925508,0.501900255,0.));
#2765=DIRECTION('',(-0.501900255,-0.864925508,0.));
#2766=AXIS2_PLACEMENT_3D('',#2763,#2764,#2765);
#2767=CYLINDRICAL_SURFACE('',#2766,4.5);
#2768=CARTESIAN_POINT('',(54.81321717,-17.644025427,5.5));
#2769=DIRECTION('',(0.864925508,-0.501900255,-0.));
#2770=VECTOR('',#2769,1.758811493);
#2771=LINE('',#2768,#2770);
#2772=EDGE_CURVE('',#1286,#947,#2771,.T.);
#2773=ORIENTED_EDGE('',*,*,#2772,.F.);
#2774=ORIENTED_EDGE('',*,*,#1292,.T.);
#2775=ORIENTED_EDGE('',*,*,#2717,.F.);
#2776=ORIENTED_EDGE('',*,*,#960,.F.);
#2777=EDGE_LOOP('',(#2773,#2774,#2775,#2776));
#2778=FACE_BOUND('',#2777,.T.);
#2779=ADVANCED_FACE('',(#2778),#2767,.F.);
#2780=CARTESIAN_POINT('',(277.497610088,179.14142549,20.5));
#2781=DIRECTION('',(-0.498097335,0.867121125,0.));
#2782=DIRECTION('',(-0.867121125,-0.498097335,0.));
#2783=AXIS2_PLACEMENT_3D('',#2780,#2781,#2782);
#2784=PLANE('',#2783);
#2785=CARTESIAN_POINT('',(-57.972136855,-13.561280234,35.));
#2786=VERTEX_POINT('',#2785);
#2787=CARTESIAN_POINT('',(-57.370065373,-13.215434432,35.));
#2788=DIRECTION('',(-0.867121125,-0.498097335,0.));
#2789=VECTOR('',#2788,0.694333772);
#2790=LINE('',#2787,#2789);
#2791=EDGE_CURVE('',#640,#2786,#2790,.T.);
#2792=ORIENTED_EDGE('',*,*,#2791,.T.);
#2793=CARTESIAN_POINT('',(-57.972136855,-13.561280234,6.));
#2794=VERTEX_POINT('',#2793);
#2795=CARTESIAN_POINT('',(-57.972136855,-13.561280234,35.));
#2796=DIRECTION('',(-0.,-0.,-1.));
#2797=VECTOR('',#2796,29.);
#2798=LINE('',#2795,#2797);
#2799=EDGE_CURVE('',#2786,#2794,#2798,.T.);
#2800=ORIENTED_EDGE('',*,*,#2799,.T.);
#2801=CARTESIAN_POINT('',(-57.972136855,-13.561280234,6.));
#2802=DIRECTION('',(0.867121125,0.498097335,-0.));
#2803=VECTOR('',#2802,0.694333772);
#2804=LINE('',#2801,#2803);
#2805=EDGE_CURVE('',#2794,#649,#2804,.T.);
#2806=ORIENTED_EDGE('',*,*,#2805,.T.);
#2807=ORIENTED_EDGE('',*,*,#654,.T.);
#2808=EDGE_LOOP('',(#2792,#2800,#2806,#2807));
#2809=FACE_BOUND('',#2808,.T.);
#2810=ADVANCED_FACE('',(#2809),#2784,.F.);
#2811=CARTESIAN_POINT('',(283.474778108,168.735971994,20.5));
#2812=DIRECTION('',(0.498097335,-0.867121125,0.));
#2813=DIRECTION('',(0.867121125,0.498097335,0.));
#2814=AXIS2_PLACEMENT_3D('',#2811,#2812,#2813);
#2815=PLANE('',#2814);
#2816=CARTESIAN_POINT('',(-51.994968835,-23.96673373,1.));
#2817=VERTEX_POINT('',#2816);
#2818=CARTESIAN_POINT('',(-51.370050911,-23.607764327,1.));
#2819=DIRECTION('',(-0.867121125,-0.498097335,0.));
#2820=VECTOR('',#2819,0.720681236);
#2821=LINE('',#2818,#2820);
#2822=EDGE_CURVE('',#666,#2817,#2821,.T.);
#2823=ORIENTED_EDGE('',*,*,#2822,.T.);
#2824=CARTESIAN_POINT('',(-51.994968835,-23.96673373,1.));
#2825=DIRECTION('',(-0.,-0.,1.));
#2826=VECTOR('',#2825,39.);
#2827=LINE('',#2824,#2826);
#2828=EDGE_CURVE('',#2817,#752,#2827,.T.);
#2829=ORIENTED_EDGE('',*,*,#2828,.T.);
#2830=ORIENTED_EDGE('',*,*,#757,.F.);
#2831=ORIENTED_EDGE('',*,*,#679,.T.);
#2832=EDGE_LOOP('',(#2823,#2829,#2830,#2831));
#2833=FACE_BOUND('',#2832,.T.);
#2834=ADVANCED_FACE('',(#2833),#2815,.F.);
#2835=CARTESIAN_POINT('',(280.486194098,173.938698742,1.));
#2836=DIRECTION('',(0.,0.,-1.));
#2837=DIRECTION('',(-1.,0.,0.));
#2838=AXIS2_PLACEMENT_3D('',#2835,#2836,#2837);
#2839=PLANE('',#2838);
#2840=CARTESIAN_POINT('',(-55.48165018,-17.896885857,1.));
#2841=VERTEX_POINT('',#2840);
#2842=CARTESIAN_POINT('',(-54.870059347,-17.545571888,1.));
#2843=DIRECTION('',(-0.867121125,-0.498097335,0.));
#2844=VECTOR('',#2843,0.705311882);
#2845=LINE('',#2842,#2844);
#2846=EDGE_CURVE('',#657,#2841,#2845,.T.);
#2847=ORIENTED_EDGE('',*,*,#2846,.T.);
#2848=CARTESIAN_POINT('',(-55.48165018,-17.896885857,1.));
#2849=DIRECTION('',(0.498097335,-0.867121125,-0.));
#2850=VECTOR('',#2849,7.);
#2851=LINE('',#2848,#2850);
#2852=EDGE_CURVE('',#2841,#2817,#2851,.T.);
#2853=ORIENTED_EDGE('',*,*,#2852,.T.);
#2854=ORIENTED_EDGE('',*,*,#2822,.F.);
#2855=ORIENTED_EDGE('',*,*,#671,.T.);
#2856=EDGE_LOOP('',(#2847,#2853,#2854,#2855));
#2857=FACE_BOUND('',#2856,.T.);
#2858=ADVANCED_FACE('',(#2857),#2839,.F.);
#2859=CARTESIAN_POINT('',(280.486194098,173.938698742,1.));
#2860=DIRECTION('',(0.,0.,-1.));
#2861=DIRECTION('',(-1.,0.,0.));
#2862=AXIS2_PLACEMENT_3D('',#2859,#2860,#2861);
#2863=PLANE('',#2862);
#2864=CARTESIAN_POINT('',(46.897944483,32.839974317,1.));
#2865=VERTEX_POINT('',#2864);
#2866=CARTESIAN_POINT('',(46.897944483,32.839974317,1.));
#2867=DIRECTION('',(-0.867121125,-0.498097335,0.));
#2868=VECTOR('',#2867,0.743149011);
#2869=LINE('',#2866,#2868);
#2870=EDGE_CURVE('',#2865,#477,#2869,.T.);
#2871=ORIENTED_EDGE('',*,*,#2870,.F.);
#2872=CARTESIAN_POINT('',(43.411263138,38.90982219,1.));
#2873=VERTEX_POINT('',#2872);
#2874=CARTESIAN_POINT('',(46.897944483,32.839974317,1.));
#2875=DIRECTION('',(-0.498097335,0.867121125,-0.));
#2876=VECTOR('',#2875,7.);
#2877=LINE('',#2874,#2876);
#2878=EDGE_CURVE('',#2865,#2873,#2877,.T.);
#2879=ORIENTED_EDGE('',*,*,#2878,.T.);
#2880=CARTESIAN_POINT('',(43.411263138,38.90982219,1.));
#2881=DIRECTION('',(-0.867121125,-0.498097335,0.));
#2882=VECTOR('',#2881,0.758518365);
#2883=LINE('',#2880,#2882);
#2884=EDGE_CURVE('',#2873,#485,#2883,.T.);
#2885=ORIENTED_EDGE('',*,*,#2884,.T.);
#2886=ORIENTED_EDGE('',*,*,#490,.T.);
#2887=EDGE_LOOP('',(#2871,#2879,#2885,#2886));
#2888=FACE_BOUND('',#2887,.T.);
#2889=ADVANCED_FACE('',(#2888),#2863,.F.);
#2890=CARTESIAN_POINT('',(283.474778108,168.735971994,20.5));
#2891=DIRECTION('',(0.498097335,-0.867121125,0.));
#2892=DIRECTION('',(0.867121125,0.498097335,0.));
#2893=AXIS2_PLACEMENT_3D('',#2890,#2891,#2892);
#2894=PLANE('',#2893);
#2895=ORIENTED_EDGE('',*,*,#482,.T.);
#2896=CARTESIAN_POINT('',(46.897944483,32.839974317,39.));
#2897=VERTEX_POINT('',#2896);
#2898=CARTESIAN_POINT('',(46.253544276,32.469813775,39.));
#2899=DIRECTION('',(0.867121125,0.498097335,-0.));
#2900=VECTOR('',#2899,0.743149011);
#2901=LINE('',#2898,#2900);
#2902=EDGE_CURVE('',#468,#2897,#2901,.T.);
#2903=ORIENTED_EDGE('',*,*,#2902,.T.);
#2904=CARTESIAN_POINT('',(46.897944483,32.839974317,39.));
#2905=DIRECTION('',(-0.,-0.,-1.));
#2906=VECTOR('',#2905,38.);
#2907=LINE('',#2904,#2906);
#2908=EDGE_CURVE('',#2897,#2865,#2907,.T.);
#2909=ORIENTED_EDGE('',*,*,#2908,.T.);
#2910=ORIENTED_EDGE('',*,*,#2870,.T.);
#2911=EDGE_LOOP('',(#2895,#2903,#2909,#2910));
#2912=FACE_BOUND('',#2911,.T.);
#2913=ADVANCED_FACE('',(#2912),#2894,.F.);
#2914=CARTESIAN_POINT('',(277.497610088,179.14142549,20.5));
#2915=DIRECTION('',(-0.498097335,0.867121125,0.));
#2916=DIRECTION('',(-0.867121125,-0.498097335,0.));
#2917=AXIS2_PLACEMENT_3D('',#2914,#2915,#2916);
#2918=PLANE('',#2917);
#2919=CARTESIAN_POINT('',(40.920776463,43.245427813,6.));
#2920=VERTEX_POINT('',#2919);
#2921=CARTESIAN_POINT('',(40.253529814,42.86214367,6.));
#2922=DIRECTION('',(0.867121125,0.498097335,-0.));
#2923=VECTOR('',#2922,0.769496475);
#2924=LINE('',#2921,#2923);
#2925=EDGE_CURVE('',#493,#2920,#2924,.T.);
#2926=ORIENTED_EDGE('',*,*,#2925,.T.);
#2927=CARTESIAN_POINT('',(40.920776463,43.245427813,35.));
#2928=VERTEX_POINT('',#2927);
#2929=CARTESIAN_POINT('',(40.920776463,43.245427813,6.));
#2930=DIRECTION('',(-0.,-0.,1.));
#2931=VECTOR('',#2930,29.);
#2932=LINE('',#2929,#2931);
#2933=EDGE_CURVE('',#2920,#2928,#2932,.T.);
#2934=ORIENTED_EDGE('',*,*,#2933,.T.);
#2935=CARTESIAN_POINT('',(40.920776463,43.245427813,35.));
#2936=DIRECTION('',(-0.867121125,-0.498097335,0.));
#2937=VECTOR('',#2936,0.769496475);
#2938=LINE('',#2935,#2937);
#2939=EDGE_CURVE('',#2928,#502,#2938,.T.);
#2940=ORIENTED_EDGE('',*,*,#2939,.T.);
#2941=ORIENTED_EDGE('',*,*,#507,.T.);
#2942=EDGE_LOOP('',(#2926,#2934,#2940,#2941));
#2943=FACE_BOUND('',#2942,.T.);
#2944=ADVANCED_FACE('',(#2943),#2918,.F.);
#2945=CARTESIAN_POINT('',(291.1952868,155.295594561,1.));
#2946=DIRECTION('',(0.,0.,1.));
#2947=DIRECTION('',(1.,0.,0.));
#2948=AXIS2_PLACEMENT_3D('',#2945,#2946,#2947);
#2949=PLANE('',#2948);
#2950=CARTESIAN_POINT('',(-47.263044153,-32.204384415,1.));
#2951=VERTEX_POINT('',#2950);
#2952=CARTESIAN_POINT('',(-46.620039462,-31.835025494,1.));
#2953=DIRECTION('',(-0.867121125,-0.498097335,0.));
#2954=VECTOR('',#2953,0.741539645);
#2955=LINE('',#2952,#2954);
#2956=EDGE_CURVE('',#690,#2951,#2955,.T.);
#2957=ORIENTED_EDGE('',*,*,#2956,.T.);
#2958=CARTESIAN_POINT('',(-43.776362808,-38.274232288,1.));
#2959=VERTEX_POINT('',#2958);
#2960=CARTESIAN_POINT('',(-47.263044153,-32.204384415,1.));
#2961=DIRECTION('',(0.498097335,-0.867121125,0.));
#2962=VECTOR('',#2961,7.);
#2963=LINE('',#2960,#2962);
#2964=EDGE_CURVE('',#2951,#2959,#2963,.T.);
#2965=ORIENTED_EDGE('',*,*,#2964,.T.);
#2966=CARTESIAN_POINT('',(-43.776362808,-38.274232288,1.));
#2967=DIRECTION('',(0.867121125,0.498097335,-0.));
#2968=VECTOR('',#2967,0.756908999);
#2969=LINE('',#2966,#2968);
#2970=EDGE_CURVE('',#2959,#698,#2969,.T.);
#2971=ORIENTED_EDGE('',*,*,#2970,.T.);
#2972=ORIENTED_EDGE('',*,*,#703,.F.);
#2973=EDGE_LOOP('',(#2957,#2965,#2971,#2972));
#2974=FACE_BOUND('',#2973,.T.);
#2975=ADVANCED_FACE('',(#2974),#2949,.T.);
#2976=CARTESIAN_POINT('',(288.20670279,160.498321309,20.5));
#2977=DIRECTION('',(0.498097335,-0.867121125,0.));
#2978=DIRECTION('',(0.867121125,0.498097335,0.));
#2979=AXIS2_PLACEMENT_3D('',#2976,#2977,#2978);
#2980=PLANE('',#2979);
#2981=ORIENTED_EDGE('',*,*,#771,.T.);
#2982=CARTESIAN_POINT('',(-47.263044153,-32.204384415,40.));
#2983=DIRECTION('',(0.,0.,-1.));
#2984=VECTOR('',#2983,39.);
#2985=LINE('',#2982,#2984);
#2986=EDGE_CURVE('',#760,#2951,#2985,.T.);
#2987=ORIENTED_EDGE('',*,*,#2986,.T.);
#2988=ORIENTED_EDGE('',*,*,#2956,.F.);
#2989=ORIENTED_EDGE('',*,*,#695,.F.);
#2990=EDGE_LOOP('',(#2981,#2987,#2988,#2989));
#2991=FACE_BOUND('',#2990,.T.);
#2992=ADVANCED_FACE('',(#2991),#2980,.T.);
#2993=CARTESIAN_POINT('',(294.18387081,150.092867813,20.5));
#2994=DIRECTION('',(-0.498097335,0.867121125,0.));
#2995=DIRECTION('',(-0.867121125,-0.498097335,0.));
#2996=AXIS2_PLACEMENT_3D('',#2993,#2994,#2995);
#2997=PLANE('',#2996);
#2998=CARTESIAN_POINT('',(-41.285876133,-42.609837911,6.));
#2999=VERTEX_POINT('',#2998);
#3000=CARTESIAN_POINT('',(-40.620024999,-42.227355388,6.));
#3001=DIRECTION('',(-0.867121125,-0.498097335,0.));
#3002=VECTOR('',#3001,0.767887109);
#3003=LINE('',#3000,#3002);
#3004=EDGE_CURVE('',#590,#2999,#3003,.T.);
#3005=ORIENTED_EDGE('',*,*,#3004,.T.);
#3006=CARTESIAN_POINT('',(-41.285876133,-42.609837911,35.));
#3007=VERTEX_POINT('',#3006);
#3008=CARTESIAN_POINT('',(-41.285876133,-42.609837911,6.));
#3009=DIRECTION('',(0.,0.,1.));
#3010=VECTOR('',#3009,29.);
#3011=LINE('',#3008,#3010);
#3012=EDGE_CURVE('',#2999,#3007,#3011,.T.);
#3013=ORIENTED_EDGE('',*,*,#3012,.T.);
#3014=CARTESIAN_POINT('',(-41.285876133,-42.609837911,35.));
#3015=DIRECTION('',(0.867121125,0.498097335,-0.));
#3016=VECTOR('',#3015,0.767887109);
#3017=LINE('',#3014,#3016);
#3018=EDGE_CURVE('',#3007,#592,#3017,.T.);
#3019=ORIENTED_EDGE('',*,*,#3018,.T.);
#3020=ORIENTED_EDGE('',*,*,#597,.F.);
#3021=EDGE_LOOP('',(#3005,#3013,#3019,#3020));
#3022=FACE_BOUND('',#3021,.T.);
#3023=ADVANCED_FACE('',(#3022),#2997,.T.);
#3024=CARTESIAN_POINT('',(294.18387081,150.092867813,20.5));
#3025=DIRECTION('',(-0.498097335,0.867121125,0.));
#3026=DIRECTION('',(-0.867121125,-0.498097335,0.));
#3027=AXIS2_PLACEMENT_3D('',#3024,#3025,#3026);
#3028=PLANE('',#3027);
#3029=CARTESIAN_POINT('',(57.607037185,14.196870136,35.));
#3030=VERTEX_POINT('',#3029);
#3031=CARTESIAN_POINT('',(57.003570188,13.850222714,35.));
#3032=DIRECTION('',(0.867121125,0.498097335,-0.));
#3033=VECTOR('',#3032,0.695943138);
#3034=LINE('',#3031,#3033);
#3035=EDGE_CURVE('',#550,#3030,#3034,.T.);
#3036=ORIENTED_EDGE('',*,*,#3035,.T.);
#3037=CARTESIAN_POINT('',(57.607037185,14.196870136,6.));
#3038=VERTEX_POINT('',#3037);
#3039=CARTESIAN_POINT('',(57.607037185,14.196870136,35.));
#3040=DIRECTION('',(0.,0.,-1.));
#3041=VECTOR('',#3040,29.);
#3042=LINE('',#3039,#3041);
#3043=EDGE_CURVE('',#3030,#3038,#3042,.T.);
#3044=ORIENTED_EDGE('',*,*,#3043,.T.);
#3045=CARTESIAN_POINT('',(57.607037185,14.196870136,6.));
#3046=DIRECTION('',(-0.867121125,-0.498097335,0.));
#3047=VECTOR('',#3046,0.695943138);
#3048=LINE('',#3045,#3047);
#3049=EDGE_CURVE('',#3038,#559,#3048,.T.);
#3050=ORIENTED_EDGE('',*,*,#3049,.T.);
#3051=ORIENTED_EDGE('',*,*,#564,.F.);
#3052=EDGE_LOOP('',(#3036,#3044,#3050,#3051));
#3053=FACE_BOUND('',#3052,.T.);
#3054=ADVANCED_FACE('',(#3053),#3028,.T.);
#3055=CARTESIAN_POINT('',(288.20670279,160.498321309,20.5));
#3056=DIRECTION('',(0.498097335,-0.867121125,0.));
#3057=DIRECTION('',(0.867121125,0.498097335,0.));
#3058=AXIS2_PLACEMENT_3D('',#3055,#3056,#3057);
#3059=PLANE('',#3058);
#3060=CARTESIAN_POINT('',(51.629869165,24.602323632,1.));
#3061=VERTEX_POINT('',#3060);
#3062=CARTESIAN_POINT('',(51.629869165,24.602323632,39.));
#3063=VERTEX_POINT('',#3062);
#3064=CARTESIAN_POINT('',(51.629869165,24.602323632,1.));
#3065=DIRECTION('',(0.,0.,1.));
#3066=VECTOR('',#3065,38.);
#3067=LINE('',#3064,#3066);
#3068=EDGE_CURVE('',#3061,#3063,#3067,.T.);
#3069=ORIENTED_EDGE('',*,*,#3068,.T.);
#3070=CARTESIAN_POINT('',(51.629869165,24.602323632,39.));
#3071=DIRECTION('',(-0.867121125,-0.498097335,0.));
#3072=VECTOR('',#3071,0.722290602);
#3073=LINE('',#3070,#3072);
#3074=EDGE_CURVE('',#3063,#443,#3073,.T.);
#3075=ORIENTED_EDGE('',*,*,#3074,.T.);
#3076=ORIENTED_EDGE('',*,*,#448,.F.);
#3077=CARTESIAN_POINT('',(51.629869165,24.602323632,1.));
#3078=DIRECTION('',(-0.867121125,-0.498097335,0.));
#3079=VECTOR('',#3078,0.722290602);
#3080=LINE('',#3077,#3079);
#3081=EDGE_CURVE('',#3061,#441,#3080,.T.);
#3082=ORIENTED_EDGE('',*,*,#3081,.F.);
#3083=EDGE_LOOP('',(#3069,#3075,#3076,#3082));
#3084=FACE_BOUND('',#3083,.T.);
#3085=ADVANCED_FACE('',(#3084),#3059,.T.);
#3086=CARTESIAN_POINT('',(291.1952868,155.295594561,1.));
#3087=DIRECTION('',(0.,0.,1.));
#3088=DIRECTION('',(1.,0.,0.));
#3089=AXIS2_PLACEMENT_3D('',#3086,#3087,#3088);
#3090=PLANE('',#3089);
#3091=CARTESIAN_POINT('',(55.11655051,18.53247576,1.));
#3092=VERTEX_POINT('',#3091);
#3093=CARTESIAN_POINT('',(54.503564162,18.18036017,1.));
#3094=DIRECTION('',(0.867121125,0.498097335,-0.));
#3095=VECTOR('',#3094,0.706921248);
#3096=LINE('',#3093,#3095);
#3097=EDGE_CURVE('',#567,#3092,#3096,.T.);
#3098=ORIENTED_EDGE('',*,*,#3097,.T.);
#3099=CARTESIAN_POINT('',(55.11655051,18.53247576,1.));
#3100=DIRECTION('',(-0.498097335,0.867121125,0.));
#3101=VECTOR('',#3100,7.);
#3102=LINE('',#3099,#3101);
#3103=EDGE_CURVE('',#3092,#3061,#3102,.T.);
#3104=ORIENTED_EDGE('',*,*,#3103,.T.);
#3105=ORIENTED_EDGE('',*,*,#3081,.T.);
#3106=ORIENTED_EDGE('',*,*,#579,.F.);
#3107=EDGE_LOOP('',(#3098,#3104,#3105,#3106));
#3108=FACE_BOUND('',#3107,.T.);
#3109=ADVANCED_FACE('',(#3108),#3090,.T.);
#3110=CARTESIAN_POINT('',(275.007123413,183.477031114,35.));
#3111=DIRECTION('',(0.867121125,0.498097335,0.));
#3112=DIRECTION('',(-0.498097335,0.867121125,0.));
#3113=AXIS2_PLACEMENT_3D('',#3110,#3111,#3112);
#3114=CYLINDRICAL_SURFACE('',#3113,5.);
#3115=ORIENTED_EDGE('',*,*,#1994,.F.);
#3116=CARTESIAN_POINT('',(-60.46262353,-9.22567461,35.));
#3117=DIRECTION('',(0.867121125,0.498097335,0.));
#3118=DIRECTION('',(-0.498097335,0.867121125,0.));
#3119=AXIS2_PLACEMENT_3D('',#3116,#3117,#3118);
#3120=CIRCLE('',#3119,5.);
#3121=EDGE_CURVE('',#1983,#2786,#3120,.T.);
#3122=ORIENTED_EDGE('',*,*,#3121,.T.);
#3123=ORIENTED_EDGE('',*,*,#2791,.F.);
#3124=ORIENTED_EDGE('',*,*,#646,.F.);
#3125=EDGE_LOOP('',(#3115,#3122,#3123,#3124));
#3126=FACE_BOUND('',#3125,.T.);
#3127=ADVANCED_FACE('',(#3126),#3114,.T.);
#3128=CARTESIAN_POINT('',(279.988096763,174.805819867,6.));
#3129=DIRECTION('',(0.867121125,0.498097335,0.));
#3130=DIRECTION('',(-0.498097335,0.867121125,0.));
#3131=AXIS2_PLACEMENT_3D('',#3128,#3129,#3130);
#3132=CYLINDRICAL_SURFACE('',#3131,5.);
#3133=ORIENTED_EDGE('',*,*,#2805,.F.);
#3134=CARTESIAN_POINT('',(-55.48165018,-17.896885857,6.));
#3135=DIRECTION('',(-0.867121125,-0.498097335,-0.));
#3136=DIRECTION('',(-0.498097335,0.867121125,0.));
#3137=AXIS2_PLACEMENT_3D('',#3134,#3135,#3136);
#3138=CIRCLE('',#3137,5.);
#3139=EDGE_CURVE('',#2794,#2841,#3138,.T.);
#3140=ORIENTED_EDGE('',*,*,#3139,.T.);
#3141=ORIENTED_EDGE('',*,*,#2846,.F.);
#3142=ORIENTED_EDGE('',*,*,#663,.F.);
#3143=EDGE_LOOP('',(#3133,#3140,#3141,#3142));
#3144=FACE_BOUND('',#3143,.T.);
#3145=ADVANCED_FACE('',(#3144),#3132,.F.);
#3146=CARTESIAN_POINT('',(291.693384135,154.428473437,6.));
#3147=DIRECTION('',(0.867121125,0.498097335,0.));
#3148=DIRECTION('',(-0.498097335,0.867121125,0.));
#3149=AXIS2_PLACEMENT_3D('',#3146,#3147,#3148);
#3150=CYLINDRICAL_SURFACE('',#3149,5.);
#3151=ORIENTED_EDGE('',*,*,#2970,.F.);
#3152=CARTESIAN_POINT('',(-43.776362808,-38.274232288,6.));
#3153=DIRECTION('',(-0.867121125,-0.498097335,-0.));
#3154=DIRECTION('',(-0.498097335,0.867121125,0.));
#3155=AXIS2_PLACEMENT_3D('',#3152,#3153,#3154);
#3156=CIRCLE('',#3155,5.);
#3157=EDGE_CURVE('',#2959,#2999,#3156,.T.);
#3158=ORIENTED_EDGE('',*,*,#3157,.T.);
#3159=ORIENTED_EDGE('',*,*,#3004,.F.);
#3160=ORIENTED_EDGE('',*,*,#710,.F.);
#3161=EDGE_LOOP('',(#3151,#3158,#3159,#3160));
#3162=FACE_BOUND('',#3161,.T.);
#3163=ADVANCED_FACE('',(#3162),#3150,.F.);
#3164=CARTESIAN_POINT('',(10.651067201,-18.542089511,35.));
#3165=DIRECTION('',(-0.867121125,-0.498097335,0.));
#3166=DIRECTION('',(0.498097335,-0.867121125,0.));
#3167=AXIS2_PLACEMENT_3D('',#3164,#3165,#3166);
#3168=CYLINDRICAL_SURFACE('',#3167,5.);
#3169=ORIENTED_EDGE('',*,*,#3018,.F.);
#3170=CARTESIAN_POINT('',(-38.795389458,-46.945443534,35.));
#3171=DIRECTION('',(0.867121125,0.498097335,0.));
#3172=DIRECTION('',(-0.498097335,0.867121125,0.));
#3173=AXIS2_PLACEMENT_3D('',#3170,#3171,#3172);
#3174=CIRCLE('',#3173,5.);
#3175=EDGE_CURVE('',#3007,#107,#3174,.T.);
#3176=ORIENTED_EDGE('',*,*,#3175,.T.);
#3177=ORIENTED_EDGE('',*,*,#112,.F.);
#3178=ORIENTED_EDGE('',*,*,#604,.F.);
#3179=EDGE_LOOP('',(#3169,#3176,#3177,#3178));
#3180=FACE_BOUND('',#3179,.T.);
#3181=ADVANCED_FACE('',(#3180),#3168,.T.);
#3182=CARTESIAN_POINT('',(0.249999397,-0.000548904,35.));
#3183=DIRECTION('',(0.002195617,0.99999759,0.));
#3184=DIRECTION('',(-0.99999759,0.002195617,0.));
#3185=AXIS2_PLACEMENT_3D('',#3182,#3183,#3184);
#3186=CYLINDRICAL_SURFACE('',#3185,5.);
#3187=ORIENTED_EDGE('',*,*,#1662,.F.);
#3188=ORIENTED_EDGE('',*,*,#2105,.F.);
#3189=ORIENTED_EDGE('',*,*,#1933,.F.);
#3190=CARTESIAN_POINT('',(0.126405415,-56.291651246,40.));
#3191=DIRECTION('',(-0.002195617,-0.99999759,0.));
#3192=VECTOR('',#3191,1.732464029);
#3193=LINE('',#3190,#3192);
#3194=EDGE_CURVE('',#1656,#1918,#3193,.T.);
#3195=ORIENTED_EDGE('',*,*,#3194,.F.);
#3196=EDGE_LOOP('',(#3187,#3188,#3189,#3195));
#3197=FACE_BOUND('',#3196,.T.);
#3198=ADVANCED_FACE('',(#3197),#3186,.T.);
#3199=CARTESIAN_POINT('',(-0.249999397,0.000548904,35.025062814));
#3200=DIRECTION('',(-0.002195617,-0.99999759,0.));
#3201=DIRECTION('',(0.99999759,-0.002195617,0.));
#3202=AXIS2_PLACEMENT_3D('',#3199,#3200,#3201);
#3203=CYLINDRICAL_SURFACE('',#3202,5.);
#3204=ORIENTED_EDGE('',*,*,#1671,.F.);
#3205=ORIENTED_EDGE('',*,*,#3194,.T.);
#3206=ORIENTED_EDGE('',*,*,#1924,.F.);
#3207=ORIENTED_EDGE('',*,*,#2256,.F.);
#3208=EDGE_LOOP('',(#3204,#3205,#3206,#3207));
#3209=FACE_BOUND('',#3208,.T.);
#3210=ADVANCED_FACE('',(#3209),#3203,.T.);
#3211=CARTESIAN_POINT('',(-9.357013151,178.99727381,6.));
#3212=DIRECTION('',(0.002195617,0.99999759,0.));
#3213=DIRECTION('',(-0.99999759,0.002195617,0.));
#3214=AXIS2_PLACEMENT_3D('',#3211,#3212,#3213);
#3215=CYLINDRICAL_SURFACE('',#3214,5.);
#3216=ORIENTED_EDGE('',*,*,#1737,.F.);
#3217=ORIENTED_EDGE('',*,*,#2064,.F.);
#3218=ORIENTED_EDGE('',*,*,#1950,.F.);
#3219=ORIENTED_EDGE('',*,*,#2098,.F.);
#3220=EDGE_LOOP('',(#3216,#3217,#3218,#3219));
#3221=FACE_BOUND('',#3220,.T.);
#3222=ADVANCED_FACE('',(#3221),#3215,.F.);
#3223=CARTESIAN_POINT('',(10.123179297,169.954480978,6.));
#3224=DIRECTION('',(0.002195617,0.99999759,0.));
#3225=DIRECTION('',(-0.99999759,0.002195617,0.));
#3226=AXIS2_PLACEMENT_3D('',#3223,#3224,#3225);
#3227=CYLINDRICAL_SURFACE('',#3226,5.);
#3228=ORIENTED_EDGE('',*,*,#1688,.F.);
#3229=ORIENTED_EDGE('',*,*,#2249,.F.);
#3230=ORIENTED_EDGE('',*,*,#1907,.F.);
#3231=ORIENTED_EDGE('',*,*,#2271,.F.);
#3232=EDGE_LOOP('',(#3228,#3229,#3230,#3231));
#3233=FACE_BOUND('',#3232,.T.);
#3234=ADVANCED_FACE('',(#3233),#3227,.F.);
#3235=CARTESIAN_POINT('',(291.693384135,154.428473437,6.));
#3236=DIRECTION('',(0.867121125,0.498097335,0.));
#3237=DIRECTION('',(-0.498097335,0.867121125,0.));
#3238=AXIS2_PLACEMENT_3D('',#3235,#3236,#3237);
#3239=CYLINDRICAL_SURFACE('',#3238,5.);
#3240=ORIENTED_EDGE('',*,*,#3049,.F.);
#3241=CARTESIAN_POINT('',(55.11655051,18.53247576,6.));
#3242=DIRECTION('',(0.867121125,0.498097335,-0.));
#3243=DIRECTION('',(0.498097335,-0.867121125,0.));
#3244=AXIS2_PLACEMENT_3D('',#3241,#3242,#3243);
#3245=CIRCLE('',#3244,5.);
#3246=EDGE_CURVE('',#3038,#3092,#3245,.T.);
#3247=ORIENTED_EDGE('',*,*,#3246,.T.);
#3248=ORIENTED_EDGE('',*,*,#3097,.F.);
#3249=ORIENTED_EDGE('',*,*,#573,.F.);
#3250=EDGE_LOOP('',(#3240,#3247,#3248,#3249));
#3251=FACE_BOUND('',#3250,.T.);
#3252=ADVANCED_FACE('',(#3251),#3239,.F.);
#3253=CARTESIAN_POINT('',(279.988096763,174.805819867,6.));
#3254=DIRECTION('',(0.867121125,0.498097335,0.));
#3255=DIRECTION('',(-0.498097335,0.867121125,0.));
#3256=AXIS2_PLACEMENT_3D('',#3253,#3254,#3255);
#3257=CYLINDRICAL_SURFACE('',#3256,5.);
#3258=ORIENTED_EDGE('',*,*,#2884,.F.);
#3259=CARTESIAN_POINT('',(43.411263138,38.90982219,6.));
#3260=DIRECTION('',(0.867121125,0.498097335,-0.));
#3261=DIRECTION('',(0.498097335,-0.867121125,0.));
#3262=AXIS2_PLACEMENT_3D('',#3259,#3260,#3261);
#3263=CIRCLE('',#3262,5.);
#3264=EDGE_CURVE('',#2873,#2920,#3263,.T.);
#3265=ORIENTED_EDGE('',*,*,#3264,.T.);
#3266=ORIENTED_EDGE('',*,*,#2925,.F.);
#3267=ORIENTED_EDGE('',*,*,#499,.F.);
#3268=EDGE_LOOP('',(#3258,#3265,#3266,#3267));
#3269=FACE_BOUND('',#3268,.T.);
#3270=ADVANCED_FACE('',(#3269),#3257,.F.);
#3271=CARTESIAN_POINT('',(275.007123413,183.477031114,35.));
#3272=DIRECTION('',(0.867121125,0.498097335,0.));
#3273=DIRECTION('',(-0.498097335,0.867121125,0.));
#3274=AXIS2_PLACEMENT_3D('',#3271,#3272,#3273);
#3275=CYLINDRICAL_SURFACE('',#3274,5.);
#3276=ORIENTED_EDGE('',*,*,#2939,.F.);
#3277=CARTESIAN_POINT('',(38.430289788,47.581033437,35.));
#3278=DIRECTION('',(-0.867121125,-0.498097335,0.));
#3279=DIRECTION('',(0.498097335,-0.867121125,0.));
#3280=AXIS2_PLACEMENT_3D('',#3277,#3278,#3279);
#3281=CIRCLE('',#3280,5.);
#3282=EDGE_CURVE('',#2928,#1484,#3281,.T.);
#3283=ORIENTED_EDGE('',*,*,#3282,.T.);
#3284=ORIENTED_EDGE('',*,*,#1489,.F.);
#3285=ORIENTED_EDGE('',*,*,#516,.F.);
#3286=EDGE_LOOP('',(#3276,#3283,#3284,#3285));
#3287=FACE_BOUND('',#3286,.T.);
#3288=ADVANCED_FACE('',(#3287),#3275,.T.);
#3289=CARTESIAN_POINT('',(10.651067201,-18.542089511,35.));
#3290=DIRECTION('',(-0.867121125,-0.498097335,0.));
#3291=DIRECTION('',(0.498097335,-0.867121125,0.));
#3292=AXIS2_PLACEMENT_3D('',#3289,#3290,#3291);
#3293=CYLINDRICAL_SURFACE('',#3292,5.);
#3294=ORIENTED_EDGE('',*,*,#56,.F.);
#3295=CARTESIAN_POINT('',(60.09752386,9.861264513,35.));
#3296=DIRECTION('',(-0.867121125,-0.498097335,0.));
#3297=DIRECTION('',(0.498097335,-0.867121125,0.));
#3298=AXIS2_PLACEMENT_3D('',#3295,#3296,#3297);
#3299=CIRCLE('',#3298,5.);
#3300=EDGE_CURVE('',#43,#3030,#3299,.T.);
#3301=ORIENTED_EDGE('',*,*,#3300,.T.);
#3302=ORIENTED_EDGE('',*,*,#3035,.F.);
#3303=ORIENTED_EDGE('',*,*,#556,.F.);
#3304=EDGE_LOOP('',(#3294,#3301,#3302,#3303));
#3305=FACE_BOUND('',#3304,.T.);
#3306=ADVANCED_FACE('',(#3305),#3293,.T.);
#3307=CARTESIAN_POINT('',(0.1232034,169.976437145,35.));
#3308=DIRECTION('',(-0.002195617,-0.99999759,0.));
#3309=DIRECTION('',(0.99999759,-0.002195617,0.));
#3310=AXIS2_PLACEMENT_3D('',#3307,#3308,#3309);
#3311=CYLINDRICAL_SURFACE('',#3310,5.);
#3312=ORIENTED_EDGE('',*,*,#2198,.F.);
#3313=ORIENTED_EDGE('',*,*,#1597,.F.);
#3314=CARTESIAN_POINT('',(0.123595187,56.291651246,39.993746089));
#3315=DIRECTION('',(0.002195617,0.99999759,-0.));
#3316=VECTOR('',#3315,1.731915124);
#3317=LINE('',#3314,#3316);
#3318=EDGE_CURVE('',#1756,#1582,#3317,.T.);
#3319=ORIENTED_EDGE('',*,*,#3318,.F.);
#3320=ORIENTED_EDGE('',*,*,#1762,.F.);
#3321=EDGE_LOOP('',(#3312,#3313,#3319,#3320));
#3322=FACE_BOUND('',#3321,.T.);
#3323=ADVANCED_FACE('',(#3322),#3311,.T.);
#3324=CARTESIAN_POINT('',(0.249999397,-0.000548904,35.));
#3325=DIRECTION('',(0.002195617,0.99999759,0.));
#3326=DIRECTION('',(-0.99999759,0.002195617,0.));
#3327=AXIS2_PLACEMENT_3D('',#3324,#3325,#3326);
#3328=CYLINDRICAL_SURFACE('',#3327,5.);
#3329=ORIENTED_EDGE('',*,*,#1588,.F.);
#3330=ORIENTED_EDGE('',*,*,#2142,.F.);
#3331=ORIENTED_EDGE('',*,*,#1771,.F.);
#3332=ORIENTED_EDGE('',*,*,#3318,.T.);
#3333=EDGE_LOOP('',(#3329,#3330,#3331,#3332));
#3334=FACE_BOUND('',#3333,.T.);
#3335=ADVANCED_FACE('',(#3334),#3328,.T.);
#3336=CARTESIAN_POINT('',(-9.357013151,178.99727381,6.));
#3337=DIRECTION('',(0.002195617,0.99999759,0.));
#3338=DIRECTION('',(-0.99999759,0.002195617,0.));
#3339=AXIS2_PLACEMENT_3D('',#3336,#3337,#3338);
#3340=CYLINDRICAL_SURFACE('',#3339,5.);
#3341=ORIENTED_EDGE('',*,*,#1571,.F.);
#3342=ORIENTED_EDGE('',*,*,#2120,.F.);
#3343=ORIENTED_EDGE('',*,*,#1788,.F.);
#3344=ORIENTED_EDGE('',*,*,#2149,.F.);
#3345=EDGE_LOOP('',(#3341,#3342,#3343,#3344));
#3346=FACE_BOUND('',#3345,.T.);
#3347=ADVANCED_FACE('',(#3346),#3340,.F.);
#3348=CARTESIAN_POINT('',(10.123179297,169.954480978,6.));
#3349=DIRECTION('',(0.002195617,0.99999759,0.));
#3350=DIRECTION('',(-0.99999759,0.002195617,0.));
#3351=AXIS2_PLACEMENT_3D('',#3348,#3349,#3350);
#3352=CYLINDRICAL_SURFACE('',#3351,5.);
#3353=ORIENTED_EDGE('',*,*,#1614,.F.);
#3354=ORIENTED_EDGE('',*,*,#2205,.F.);
#3355=ORIENTED_EDGE('',*,*,#1844,.F.);
#3356=ORIENTED_EDGE('',*,*,#2176,.F.);
#3357=EDGE_LOOP('',(#3353,#3354,#3355,#3356));
#3358=FACE_BOUND('',#3357,.T.);
#3359=ADVANCED_FACE('',(#3358),#3352,.F.);
#3360=CARTESIAN_POINT('',(47.396041818,31.972853192,55.));
#3361=DIRECTION('',(0.,0.,1.));
#3362=DIRECTION('',(1.,0.,-0.));
#3363=AXIS2_PLACEMENT_3D('',#3360,#3361,#3362);
#3364=CYLINDRICAL_SURFACE('',#3363,1.);
#3365=ORIENTED_EDGE('',*,*,#2908,.F.);
#3366=CARTESIAN_POINT('',(47.396041818,31.972853192,39.));
#3367=DIRECTION('',(-0.,-0.,-1.));
#3368=DIRECTION('',(1.,0.,-0.));
#3369=AXIS2_PLACEMENT_3D('',#3366,#3367,#3368);
#3370=CIRCLE('',#3369,1.);
#3371=EDGE_CURVE('',#2897,#237,#3370,.T.);
#3372=ORIENTED_EDGE('',*,*,#3371,.T.);
#3373=ORIENTED_EDGE('',*,*,#242,.F.);
#3374=CARTESIAN_POINT('',(47.396041818,31.972853192,0.));
#3375=DIRECTION('',(0.352208003,-0.613147227,0.707106781));
#3376=DIRECTION('',(0.352208003,-0.613147227,-0.707106781));
#3377=AXIS2_PLACEMENT_3D('',#3374,#3375,#3376);
#3378=ELLIPSE('',#3377,1.414213562,1.);
#3379=EDGE_CURVE('',#229,#2865,#3378,.T.);
#3380=ORIENTED_EDGE('',*,*,#3379,.T.);
#3381=EDGE_LOOP('',(#3365,#3372,#3373,#3380));
#3382=FACE_BOUND('',#3381,.T.);
#3383=ADVANCED_FACE('',(#3382),#3364,.T.);
#3384=CARTESIAN_POINT('',(51.13177183,25.469444757,20.5));
#3385=DIRECTION('',(0.,0.,-1.));
#3386=DIRECTION('',(-1.,0.,0.));
#3387=AXIS2_PLACEMENT_3D('',#3384,#3385,#3386);
#3388=CYLINDRICAL_SURFACE('',#3387,1.);
#3389=ORIENTED_EDGE('',*,*,#258,.F.);
#3390=CARTESIAN_POINT('',(52.13177183,25.469444757,39.));
#3391=VERTEX_POINT('',#3390);
#3392=CARTESIAN_POINT('',(51.13177183,25.469444757,39.));
#3393=DIRECTION('',(0.,0.,-1.));
#3394=DIRECTION('',(-1.,0.,0.));
#3395=AXIS2_PLACEMENT_3D('',#3392,#3393,#3394);
#3396=CIRCLE('',#3395,1.);
#3397=EDGE_CURVE('',#245,#3391,#3396,.T.);
#3398=ORIENTED_EDGE('',*,*,#3397,.T.);
#3399=CARTESIAN_POINT('',(51.13177183,25.469444757,39.));
#3400=DIRECTION('',(0.,0.,-1.));
#3401=DIRECTION('',(-1.,0.,0.));
#3402=AXIS2_PLACEMENT_3D('',#3399,#3400,#3401);
#3403=CIRCLE('',#3402,1.);
#3404=EDGE_CURVE('',#3391,#3063,#3403,.T.);
#3405=ORIENTED_EDGE('',*,*,#3404,.T.);
#3406=ORIENTED_EDGE('',*,*,#3068,.F.);
#3407=CARTESIAN_POINT('',(51.13177183,25.469444757,-0.));
#3408=DIRECTION('',(-0.352208003,0.613147227,0.707106781));
#3409=DIRECTION('',(0.352208003,-0.613147227,0.707106781));
#3410=AXIS2_PLACEMENT_3D('',#3407,#3408,#3409);
#3411=ELLIPSE('',#3410,1.414213562,1.);
#3412=EDGE_CURVE('',#3061,#253,#3411,.T.);
#3413=ORIENTED_EDGE('',*,*,#3412,.T.);
#3414=EDGE_LOOP('',(#3389,#3398,#3405,#3406,#3413));
#3415=FACE_BOUND('',#3414,.T.);
#3416=ADVANCED_FACE('',(#3415),#3388,.T.);
#3417=CARTESIAN_POINT('',(-2.050414841,3.569499169,39.));
#3418=DIRECTION('',(0.867121125,0.498097335,0.));
#3419=DIRECTION('',(-0.498097335,0.867121125,0.));
#3420=AXIS2_PLACEMENT_3D('',#3417,#3418,#3419);
#3421=CYLINDRICAL_SURFACE('',#3420,1.);
#3422=CARTESIAN_POINT('',(47.396041818,31.972853192,39.));
#3423=DIRECTION('',(0.867121125,0.498097335,0.));
#3424=DIRECTION('',(-0.498097335,0.867121125,0.));
#3425=AXIS2_PLACEMENT_3D('',#3422,#3423,#3424);
#3426=CIRCLE('',#3425,1.);
#3427=EDGE_CURVE('',#2897,#730,#3426,.T.);
#3428=ORIENTED_EDGE('',*,*,#3427,.F.);
#3429=ORIENTED_EDGE('',*,*,#2902,.F.);
#3430=ORIENTED_EDGE('',*,*,#474,.F.);
#3431=ORIENTED_EDGE('',*,*,#741,.F.);
#3432=EDGE_LOOP('',(#3428,#3429,#3430,#3431));
#3433=FACE_BOUND('',#3432,.T.);
#3434=ADVANCED_FACE('',(#3433),#3421,.T.);
#3435=CARTESIAN_POINT('',(47.396041818,31.972853192,39.));
#3436=DIRECTION('',(0.,0.,1.));
#3437=DIRECTION('',(1.,0.,-0.));
#3438=AXIS2_PLACEMENT_3D('',#3435,#3436,#3437);
#3439=SPHERICAL_SURFACE('',#3438,1.);
#3440=ORIENTED_EDGE('',*,*,#3371,.F.);
#3441=ORIENTED_EDGE('',*,*,#3427,.T.);
#3442=CARTESIAN_POINT('',(47.396041818,31.972853192,39.));
#3443=DIRECTION('',(0.498097335,-0.867121125,0.));
#3444=DIRECTION('',(0.867121125,0.498097335,0.));
#3445=AXIS2_PLACEMENT_3D('',#3442,#3443,#3444);
#3446=CIRCLE('',#3445,1.);
#3447=EDGE_CURVE('',#237,#730,#3446,.T.);
#3448=ORIENTED_EDGE('',*,*,#3447,.F.);
#3449=EDGE_LOOP('',(#3440,#3441,#3448));
#3450=FACE_BOUND('',#3449,.T.);
#3451=ADVANCED_FACE('',(#3450),#3439,.T.);
#3452=CARTESIAN_POINT('',(49.446456659,28.403354024,39.));
#3453=DIRECTION('',(0.498097335,-0.867121125,0.));
#3454=DIRECTION('',(0.867121125,0.498097335,0.));
#3455=AXIS2_PLACEMENT_3D('',#3452,#3453,#3454);
#3456=CYLINDRICAL_SURFACE('',#3455,1.);
#3457=CARTESIAN_POINT('',(51.13177183,25.469444757,39.));
#3458=DIRECTION('',(0.498097335,-0.867121125,-0.));
#3459=DIRECTION('',(0.867121125,0.498097335,0.));
#3460=AXIS2_PLACEMENT_3D('',#3457,#3458,#3459);
#3461=CIRCLE('',#3460,1.);
#3462=EDGE_CURVE('',#245,#722,#3461,.T.);
#3463=ORIENTED_EDGE('',*,*,#3462,.F.);
#3464=ORIENTED_EDGE('',*,*,#250,.F.);
#3465=ORIENTED_EDGE('',*,*,#3447,.T.);
#3466=ORIENTED_EDGE('',*,*,#735,.F.);
#3467=EDGE_LOOP('',(#3463,#3464,#3465,#3466));
#3468=FACE_BOUND('',#3467,.T.);
#3469=ADVANCED_FACE('',(#3468),#3456,.T.);
#3470=CARTESIAN_POINT('',(51.13177183,25.469444757,39.));
#3471=DIRECTION('',(0.,0.,1.));
#3472=DIRECTION('',(1.,0.,-0.));
#3473=AXIS2_PLACEMENT_3D('',#3470,#3471,#3472);
#3474=SPHERICAL_SURFACE('',#3473,1.);
#3475=CARTESIAN_POINT('',(51.13177183,25.469444757,39.));
#3476=DIRECTION('',(-0.,1.,-0.));
#3477=DIRECTION('',(1.,0.,0.));
#3478=AXIS2_PLACEMENT_3D('',#3475,#3476,#3477);
#3479=CIRCLE('',#3478,1.);
#3480=EDGE_CURVE('',#722,#3391,#3479,.T.);
#3481=ORIENTED_EDGE('',*,*,#3480,.T.);
#3482=ORIENTED_EDGE('',*,*,#3397,.F.);
#3483=ORIENTED_EDGE('',*,*,#3462,.T.);
#3484=EDGE_LOOP('',(#3481,#3482,#3483));
#3485=FACE_BOUND('',#3484,.T.);
#3486=ADVANCED_FACE('',(#3485),#3474,.T.);
#3487=CARTESIAN_POINT('',(287.708605455,161.365442434,39.));
#3488=DIRECTION('',(-0.867121125,-0.498097335,0.));
#3489=DIRECTION('',(0.498097335,-0.867121125,0.));
#3490=AXIS2_PLACEMENT_3D('',#3487,#3488,#3489);
#3491=CYLINDRICAL_SURFACE('',#3490,1.);
#3492=CARTESIAN_POINT('',(51.13177183,25.469444757,39.));
#3493=DIRECTION('',(-0.867121125,-0.498097335,0.));
#3494=DIRECTION('',(0.498097335,-0.867121125,0.));
#3495=AXIS2_PLACEMENT_3D('',#3492,#3493,#3494);
#3496=CIRCLE('',#3495,1.);
#3497=EDGE_CURVE('',#3063,#722,#3496,.T.);
#3498=ORIENTED_EDGE('',*,*,#3497,.T.);
#3499=ORIENTED_EDGE('',*,*,#727,.F.);
#3500=ORIENTED_EDGE('',*,*,#457,.F.);
#3501=ORIENTED_EDGE('',*,*,#3074,.F.);
#3502=EDGE_LOOP('',(#3498,#3499,#3500,#3501));
#3503=FACE_BOUND('',#3502,.T.);
#3504=ADVANCED_FACE('',(#3503),#3491,.T.);
#3505=CARTESIAN_POINT('',(49.321254466,-28.620210582,39.));
#3506=DIRECTION('',(-0.501900255,-0.864925508,0.));
#3507=DIRECTION('',(0.864925508,-0.501900255,0.));
#3508=AXIS2_PLACEMENT_3D('',#3505,#3506,#3507);
#3509=CYLINDRICAL_SURFACE('',#3508,1.);
#3510=ORIENTED_EDGE('',*,*,#837,.F.);
#3511=CARTESIAN_POINT('',(65.84514075,-0.144571039,39.));
#3512=DIRECTION('',(-0.501900255,-0.864925508,0.));
#3513=DIRECTION('',(0.864925508,-0.501900255,0.));
#3514=AXIS2_PLACEMENT_3D('',#3511,#3512,#3513);
#3515=CIRCLE('',#3514,1.);
#3516=EDGE_CURVE('',#826,#35,#3515,.T.);
#3517=ORIENTED_EDGE('',*,*,#3516,.T.);
#3518=ORIENTED_EDGE('',*,*,#40,.F.);
#3519=ORIENTED_EDGE('',*,*,#1881,.F.);
#3520=ORIENTED_EDGE('',*,*,#807,.F.);
#3521=EDGE_LOOP('',(#3510,#3517,#3518,#3519,#3520));
#3522=FACE_BOUND('',#3521,.T.);
#3523=ADVANCED_FACE('',(#3522),#3509,.T.);
#3524=CARTESIAN_POINT('',(49.446456659,28.403354024,39.));
#3525=DIRECTION('',(0.498097335,-0.867121125,0.));
#3526=DIRECTION('',(0.867121125,0.498097335,0.));
#3527=AXIS2_PLACEMENT_3D('',#3524,#3525,#3526);
#3528=CYLINDRICAL_SURFACE('',#3527,1.);
#3529=ORIENTED_EDGE('',*,*,#48,.F.);
#3530=CARTESIAN_POINT('',(65.84514075,-0.144571039,39.));
#3531=DIRECTION('',(-0.498097335,0.867121125,-0.));
#3532=DIRECTION('',(0.867121125,0.498097335,0.));
#3533=AXIS2_PLACEMENT_3D('',#3530,#3531,#3532);
#3534=CIRCLE('',#3533,1.);
#3535=EDGE_CURVE('',#35,#163,#3534,.T.);
#3536=ORIENTED_EDGE('',*,*,#3535,.T.);
#3537=ORIENTED_EDGE('',*,*,#168,.F.);
#3538=CARTESIAN_POINT('',(60.09752386,9.861264513,39.));
#3539=DIRECTION('',(-0.498097335,0.867121125,0.));
#3540=DIRECTION('',(-0.867121125,-0.498097335,0.));
#3541=AXIS2_PLACEMENT_3D('',#3538,#3539,#3540);
#3542=CIRCLE('',#3541,1.);
#3543=EDGE_CURVE('',#43,#161,#3542,.T.);
#3544=ORIENTED_EDGE('',*,*,#3543,.F.);
#3545=EDGE_LOOP('',(#3529,#3536,#3537,#3544));
#3546=FACE_BOUND('',#3545,.T.);
#3547=ADVANCED_FACE('',(#3546),#3528,.T.);
#3548=CARTESIAN_POINT('',(60.09752386,9.861264513,35.));
#3549=DIRECTION('',(-0.867121125,-0.498097335,0.));
#3550=DIRECTION('',(0.498097335,-0.867121125,0.));
#3551=AXIS2_PLACEMENT_3D('',#3548,#3549,#3550);
#3552=TOROIDAL_SURFACE('',#3551,4.,1.);
#3553=ORIENTED_EDGE('',*,*,#3543,.T.);
#3554=ORIENTED_EDGE('',*,*,#290,.F.);
#3555=CARTESIAN_POINT('',(58.10513452,13.329749011,35.));
#3556=DIRECTION('',(0.,0.,-1.));
#3557=DIRECTION('',(-1.,0.,0.));
#3558=AXIS2_PLACEMENT_3D('',#3555,#3556,#3557);
#3559=CIRCLE('',#3558,1.);
#3560=EDGE_CURVE('',#3030,#278,#3559,.T.);
#3561=ORIENTED_EDGE('',*,*,#3560,.F.);
#3562=ORIENTED_EDGE('',*,*,#3300,.F.);
#3563=EDGE_LOOP('',(#3553,#3554,#3561,#3562));
#3564=FACE_BOUND('',#3563,.T.);
#3565=ADVANCED_FACE('',(#3564),#3552,.T.);
#3566=CARTESIAN_POINT('',(58.10513452,13.329749011,20.5));
#3567=DIRECTION('',(0.,0.,1.));
#3568=DIRECTION('',(1.,0.,-0.));
#3569=AXIS2_PLACEMENT_3D('',#3566,#3567,#3568);
#3570=CYLINDRICAL_SURFACE('',#3569,1.);
#3571=ORIENTED_EDGE('',*,*,#3560,.T.);
#3572=ORIENTED_EDGE('',*,*,#283,.F.);
#3573=CARTESIAN_POINT('',(58.10513452,13.329749011,6.));
#3574=DIRECTION('',(0.,0.,-1.));
#3575=DIRECTION('',(-1.,0.,0.));
#3576=AXIS2_PLACEMENT_3D('',#3573,#3574,#3575);
#3577=CIRCLE('',#3576,1.);
#3578=EDGE_CURVE('',#3038,#269,#3577,.T.);
#3579=ORIENTED_EDGE('',*,*,#3578,.F.);
#3580=ORIENTED_EDGE('',*,*,#3043,.F.);
#3581=EDGE_LOOP('',(#3571,#3572,#3579,#3580));
#3582=FACE_BOUND('',#3581,.T.);
#3583=ADVANCED_FACE('',(#3582),#3570,.T.);
#3584=CARTESIAN_POINT('',(55.11655051,18.53247576,6.));
#3585=DIRECTION('',(-0.867121125,-0.498097335,0.));
#3586=DIRECTION('',(0.498097335,-0.867121125,0.));
#3587=AXIS2_PLACEMENT_3D('',#3584,#3585,#3586);
#3588=TOROIDAL_SURFACE('',#3587,6.,1.);
#3589=ORIENTED_EDGE('',*,*,#3578,.T.);
#3590=ORIENTED_EDGE('',*,*,#275,.F.);
#3591=CARTESIAN_POINT('',(55.11655051,18.53247576,-0.));
#3592=DIRECTION('',(-0.498097335,0.867121125,-0.));
#3593=DIRECTION('',(-0.867121125,-0.498097335,-0.));
#3594=AXIS2_PLACEMENT_3D('',#3591,#3592,#3593);
#3595=CIRCLE('',#3594,1.);
#3596=EDGE_CURVE('',#3092,#261,#3595,.T.);
#3597=ORIENTED_EDGE('',*,*,#3596,.F.);
#3598=ORIENTED_EDGE('',*,*,#3246,.F.);
#3599=EDGE_LOOP('',(#3589,#3590,#3597,#3598));
#3600=FACE_BOUND('',#3599,.T.);
#3601=ADVANCED_FACE('',(#3600),#3588,.T.);
#3602=CARTESIAN_POINT('',(54.618453175,19.399596884,-0.));
#3603=DIRECTION('',(0.498097335,-0.867121125,0.));
#3604=DIRECTION('',(0.867121125,0.498097335,0.));
#3605=AXIS2_PLACEMENT_3D('',#3602,#3603,#3604);
#3606=CYLINDRICAL_SURFACE('',#3605,1.);
#3607=ORIENTED_EDGE('',*,*,#3596,.T.);
#3608=ORIENTED_EDGE('',*,*,#266,.F.);
#3609=ORIENTED_EDGE('',*,*,#3412,.F.);
#3610=ORIENTED_EDGE('',*,*,#3103,.F.);
#3611=EDGE_LOOP('',(#3607,#3608,#3609,#3610));
#3612=FACE_BOUND('',#3611,.T.);
#3613=ADVANCED_FACE('',(#3612),#3606,.T.);
#3614=CARTESIAN_POINT('',(49.446456659,28.403354024,0.));
#3615=DIRECTION('',(0.498097335,-0.867121125,0.));
#3616=DIRECTION('',(0.867121125,0.498097335,0.));
#3617=AXIS2_PLACEMENT_3D('',#3614,#3615,#3616);
#3618=CYLINDRICAL_SURFACE('',#3617,1.);
#3619=ORIENTED_EDGE('',*,*,#3379,.F.);
#3620=ORIENTED_EDGE('',*,*,#234,.F.);
#3621=CARTESIAN_POINT('',(43.411263138,38.90982219,-0.));
#3622=DIRECTION('',(-0.498097335,0.867121125,0.));
#3623=DIRECTION('',(-0.867121125,-0.498097335,0.));
#3624=AXIS2_PLACEMENT_3D('',#3621,#3622,#3623);
#3625=CIRCLE('',#3624,1.);
#3626=EDGE_CURVE('',#2873,#220,#3625,.T.);
#3627=ORIENTED_EDGE('',*,*,#3626,.F.);
#3628=ORIENTED_EDGE('',*,*,#2878,.F.);
#3629=EDGE_LOOP('',(#3619,#3620,#3627,#3628));
#3630=FACE_BOUND('',#3629,.T.);
#3631=ADVANCED_FACE('',(#3630),#3618,.T.);
#3632=CARTESIAN_POINT('',(43.411263138,38.90982219,6.));
#3633=DIRECTION('',(-0.867121125,-0.498097335,0.));
#3634=DIRECTION('',(0.498097335,-0.867121125,0.));
#3635=AXIS2_PLACEMENT_3D('',#3632,#3633,#3634);
#3636=TOROIDAL_SURFACE('',#3635,6.,1.);
#3637=ORIENTED_EDGE('',*,*,#3626,.T.);
#3638=ORIENTED_EDGE('',*,*,#226,.F.);
#3639=CARTESIAN_POINT('',(40.422679128,44.112548938,6.));
#3640=DIRECTION('',(0.,0.,1.));
#3641=DIRECTION('',(1.,0.,-0.));
#3642=AXIS2_PLACEMENT_3D('',#3639,#3640,#3641);
#3643=CIRCLE('',#3642,1.);
#3644=EDGE_CURVE('',#2920,#212,#3643,.T.);
#3645=ORIENTED_EDGE('',*,*,#3644,.F.);
#3646=ORIENTED_EDGE('',*,*,#3264,.F.);
#3647=EDGE_LOOP('',(#3637,#3638,#3645,#3646));
#3648=FACE_BOUND('',#3647,.T.);
#3649=ADVANCED_FACE('',(#3648),#3636,.T.);
#3650=CARTESIAN_POINT('',(40.422679128,44.112548938,55.));
#3651=DIRECTION('',(0.,0.,-1.));
#3652=DIRECTION('',(-1.,0.,0.));
#3653=AXIS2_PLACEMENT_3D('',#3650,#3651,#3652);
#3654=CYLINDRICAL_SURFACE('',#3653,1.);
#3655=ORIENTED_EDGE('',*,*,#3644,.T.);
#3656=ORIENTED_EDGE('',*,*,#217,.F.);
#3657=CARTESIAN_POINT('',(40.422679128,44.112548938,35.));
#3658=DIRECTION('',(0.,0.,1.));
#3659=DIRECTION('',(1.,0.,-0.));
#3660=AXIS2_PLACEMENT_3D('',#3657,#3658,#3659);
#3661=CIRCLE('',#3660,1.);
#3662=EDGE_CURVE('',#2928,#203,#3661,.T.);
#3663=ORIENTED_EDGE('',*,*,#3662,.F.);
#3664=ORIENTED_EDGE('',*,*,#2933,.F.);
#3665=EDGE_LOOP('',(#3655,#3656,#3663,#3664));
#3666=FACE_BOUND('',#3665,.T.);
#3667=ADVANCED_FACE('',(#3666),#3654,.T.);
#3668=CARTESIAN_POINT('',(38.430289788,47.581033437,35.));
#3669=DIRECTION('',(-0.867121125,-0.498097335,0.));
#3670=DIRECTION('',(0.498097335,-0.867121125,0.));
#3671=AXIS2_PLACEMENT_3D('',#3668,#3669,#3670);
#3672=TOROIDAL_SURFACE('',#3671,4.,1.);
#3673=ORIENTED_EDGE('',*,*,#3662,.T.);
#3674=ORIENTED_EDGE('',*,*,#209,.F.);
#3675=CARTESIAN_POINT('',(38.430289788,47.581033437,39.));
#3676=DIRECTION('',(-0.498097335,0.867121125,0.));
#3677=DIRECTION('',(-0.867121125,-0.498097335,0.));
#3678=AXIS2_PLACEMENT_3D('',#3675,#3676,#3677);
#3679=CIRCLE('',#3678,1.);
#3680=EDGE_CURVE('',#1484,#195,#3679,.T.);
#3681=ORIENTED_EDGE('',*,*,#3680,.F.);
#3682=ORIENTED_EDGE('',*,*,#3282,.F.);
#3683=EDGE_LOOP('',(#3673,#3674,#3681,#3682));
#3684=FACE_BOUND('',#3683,.T.);
#3685=ADVANCED_FACE('',(#3684),#3672,.T.);
#3686=CARTESIAN_POINT('',(49.446456659,28.403354024,39.));
#3687=DIRECTION('',(0.498097335,-0.867121125,0.));
#3688=DIRECTION('',(0.867121125,0.498097335,0.));
#3689=AXIS2_PLACEMENT_3D('',#3686,#3687,#3688);
#3690=CYLINDRICAL_SURFACE('',#3689,1.);
#3691=ORIENTED_EDGE('',*,*,#3680,.T.);
#3692=ORIENTED_EDGE('',*,*,#200,.F.);
#3693=ORIENTED_EDGE('',*,*,#1636,.F.);
#3694=ORIENTED_EDGE('',*,*,#1497,.F.);
#3695=EDGE_LOOP('',(#3691,#3692,#3693,#3694));
#3696=FACE_BOUND('',#3695,.T.);
#3697=ADVANCED_FACE('',(#3696),#3690,.T.);
#3698=CARTESIAN_POINT('',(-49.321254466,28.620210582,39.));
#3699=DIRECTION('',(0.501900255,0.864925508,0.));
#3700=DIRECTION('',(-0.864925508,0.501900255,0.));
#3701=AXIS2_PLACEMENT_3D('',#3698,#3699,#3700);
#3702=CYLINDRICAL_SURFACE('',#3701,1.);
#3703=ORIENTED_EDGE('',*,*,#1025,.F.);
#3704=CARTESIAN_POINT('',(-65.84514075,0.144571039,39.));
#3705=DIRECTION('',(0.501900255,0.864925508,0.));
#3706=DIRECTION('',(-0.864925508,0.501900255,0.));
#3707=AXIS2_PLACEMENT_3D('',#3704,#3705,#3706);
#3708=CIRCLE('',#3707,1.);
#3709=EDGE_CURVE('',#1014,#1975,#3708,.T.);
#3710=ORIENTED_EDGE('',*,*,#3709,.T.);
#3711=ORIENTED_EDGE('',*,*,#1980,.F.);
#3712=ORIENTED_EDGE('',*,*,#1538,.F.);
#3713=ORIENTED_EDGE('',*,*,#995,.F.);
#3714=EDGE_LOOP('',(#3703,#3710,#3711,#3712,#3713));
#3715=FACE_BOUND('',#3714,.T.);
#3716=ADVANCED_FACE('',(#3715),#3702,.T.);
#3717=CARTESIAN_POINT('',(-49.446456659,-28.403354024,0.));
#3718=DIRECTION('',(-0.498097335,0.867121125,0.));
#3719=DIRECTION('',(-0.867121125,-0.498097335,0.));
#3720=AXIS2_PLACEMENT_3D('',#3717,#3718,#3719);
#3721=CYLINDRICAL_SURFACE('',#3720,1.);
#3722=ORIENTED_EDGE('',*,*,#382,.F.);
#3723=CARTESIAN_POINT('',(-52.4968715,-24.833854855,0.498097335));
#3724=VERTEX_POINT('',#3723);
#3725=CARTESIAN_POINT('',(-51.4968715,-24.833854855,0.));
#3726=DIRECTION('',(-0.352208003,0.613147227,-0.707106781));
#3727=DIRECTION('',(0.352208003,-0.613147227,-0.707106781));
#3728=AXIS2_PLACEMENT_3D('',#3725,#3726,#3727);
#3729=ELLIPSE('',#3728,1.414213562,1.);
#3730=EDGE_CURVE('',#369,#3724,#3729,.T.);
#3731=ORIENTED_EDGE('',*,*,#3730,.T.);
#3732=CARTESIAN_POINT('',(-51.4968715,-24.833854855,0.));
#3733=DIRECTION('',(-0.352208003,0.613147227,-0.707106781));
#3734=DIRECTION('',(0.352208003,-0.613147227,-0.707106781));
#3735=AXIS2_PLACEMENT_3D('',#3732,#3733,#3734);
#3736=ELLIPSE('',#3735,1.414213562,1.);
#3737=EDGE_CURVE('',#3724,#2817,#3736,.T.);
#3738=ORIENTED_EDGE('',*,*,#3737,.T.);
#3739=ORIENTED_EDGE('',*,*,#2852,.F.);
#3740=CARTESIAN_POINT('',(-55.48165018,-17.896885857,0.));
#3741=DIRECTION('',(-0.498097335,0.867121125,-0.));
#3742=DIRECTION('',(-0.867121125,-0.498097335,0.));
#3743=AXIS2_PLACEMENT_3D('',#3740,#3741,#3742);
#3744=CIRCLE('',#3743,1.);
#3745=EDGE_CURVE('',#377,#2841,#3744,.T.);
#3746=ORIENTED_EDGE('',*,*,#3745,.F.);
#3747=EDGE_LOOP('',(#3722,#3731,#3738,#3739,#3746));
#3748=FACE_BOUND('',#3747,.T.);
#3749=ADVANCED_FACE('',(#3748),#3721,.T.);
#3750=CARTESIAN_POINT('',(-55.48165018,-17.896885857,6.));
#3751=DIRECTION('',(0.867121125,0.498097335,0.));
#3752=DIRECTION('',(-0.498097335,0.867121125,0.));
#3753=AXIS2_PLACEMENT_3D('',#3750,#3751,#3752);
#3754=TOROIDAL_SURFACE('',#3753,6.,1.);
#3755=ORIENTED_EDGE('',*,*,#3745,.T.);
#3756=ORIENTED_EDGE('',*,*,#3139,.F.);
#3757=CARTESIAN_POINT('',(-58.47023419,-12.694159109,6.));
#3758=DIRECTION('',(0.,0.,1.));
#3759=DIRECTION('',(1.,0.,-0.));
#3760=AXIS2_PLACEMENT_3D('',#3757,#3758,#3759);
#3761=CIRCLE('',#3760,1.);
#3762=EDGE_CURVE('',#385,#2794,#3761,.T.);
#3763=ORIENTED_EDGE('',*,*,#3762,.F.);
#3764=ORIENTED_EDGE('',*,*,#391,.F.);
#3765=EDGE_LOOP('',(#3755,#3756,#3763,#3764));
#3766=FACE_BOUND('',#3765,.T.);
#3767=ADVANCED_FACE('',(#3766),#3754,.T.);
#3768=CARTESIAN_POINT('',(-58.47023419,-12.694159109,55.));
#3769=DIRECTION('',(0.,0.,1.));
#3770=DIRECTION('',(1.,0.,-0.));
#3771=AXIS2_PLACEMENT_3D('',#3768,#3769,#3770);
#3772=CYLINDRICAL_SURFACE('',#3771,1.);
#3773=ORIENTED_EDGE('',*,*,#3762,.T.);
#3774=ORIENTED_EDGE('',*,*,#2799,.F.);
#3775=CARTESIAN_POINT('',(-58.47023419,-12.694159109,35.));
#3776=DIRECTION('',(0.,0.,1.));
#3777=DIRECTION('',(1.,0.,-0.));
#3778=AXIS2_PLACEMENT_3D('',#3775,#3776,#3777);
#3779=CIRCLE('',#3778,1.);
#3780=EDGE_CURVE('',#394,#2786,#3779,.T.);
#3781=ORIENTED_EDGE('',*,*,#3780,.F.);
#3782=ORIENTED_EDGE('',*,*,#399,.F.);
#3783=EDGE_LOOP('',(#3773,#3774,#3781,#3782));
#3784=FACE_BOUND('',#3783,.T.);
#3785=ADVANCED_FACE('',(#3784),#3772,.T.);
#3786=CARTESIAN_POINT('',(-60.46262353,-9.22567461,35.));
#3787=DIRECTION('',(0.867121125,0.498097335,0.));
#3788=DIRECTION('',(-0.498097335,0.867121125,0.));
#3789=AXIS2_PLACEMENT_3D('',#3786,#3787,#3788);
#3790=TOROIDAL_SURFACE('',#3789,4.,1.);
#3791=ORIENTED_EDGE('',*,*,#3780,.T.);
#3792=ORIENTED_EDGE('',*,*,#3121,.F.);
#3793=CARTESIAN_POINT('',(-60.46262353,-9.22567461,39.));
#3794=DIRECTION('',(-0.498097335,0.867121125,0.));
#3795=DIRECTION('',(-0.867121125,-0.498097335,-0.));
#3796=AXIS2_PLACEMENT_3D('',#3793,#3794,#3795);
#3797=CIRCLE('',#3796,1.);
#3798=EDGE_CURVE('',#402,#1983,#3797,.T.);
#3799=ORIENTED_EDGE('',*,*,#3798,.F.);
#3800=ORIENTED_EDGE('',*,*,#408,.F.);
#3801=EDGE_LOOP('',(#3791,#3792,#3799,#3800));
#3802=FACE_BOUND('',#3801,.T.);
#3803=ADVANCED_FACE('',(#3802),#3790,.T.);
#3804=CARTESIAN_POINT('',(-49.446456659,-28.403354024,39.));
#3805=DIRECTION('',(-0.498097335,0.867121125,0.));
#3806=DIRECTION('',(-0.867121125,-0.498097335,0.));
#3807=AXIS2_PLACEMENT_3D('',#3804,#3805,#3806);
#3808=CYLINDRICAL_SURFACE('',#3807,1.);
#3809=ORIENTED_EDGE('',*,*,#3798,.T.);
#3810=ORIENTED_EDGE('',*,*,#1988,.F.);
#3811=CARTESIAN_POINT('',(-65.84514075,0.144571039,39.));
#3812=DIRECTION('',(-0.498097335,0.867121125,-0.));
#3813=DIRECTION('',(-0.867121125,-0.498097335,0.));
#3814=AXIS2_PLACEMENT_3D('',#3811,#3812,#3813);
#3815=CIRCLE('',#3814,1.);
#3816=EDGE_CURVE('',#411,#1975,#3815,.T.);
#3817=ORIENTED_EDGE('',*,*,#3816,.F.);
#3818=ORIENTED_EDGE('',*,*,#416,.F.);
#3819=EDGE_LOOP('',(#3809,#3810,#3817,#3818));
#3820=FACE_BOUND('',#3819,.T.);
#3821=ADVANCED_FACE('',(#3820),#3808,.T.);
#3822=CARTESIAN_POINT('',(-65.84514075,0.144571039,39.));
#3823=DIRECTION('',(0.867121125,0.498097335,0.));
#3824=DIRECTION('',(-0.498097335,0.867121125,0.));
#3825=AXIS2_PLACEMENT_3D('',#3822,#3823,#3824);
#3826=SPHERICAL_SURFACE('',#3825,1.);
#3827=ORIENTED_EDGE('',*,*,#3816,.T.);
#3828=ORIENTED_EDGE('',*,*,#3709,.F.);
#3829=CARTESIAN_POINT('',(-66.84514075,0.144571039,39.));
#3830=VERTEX_POINT('',#3829);
#3831=CARTESIAN_POINT('',(-65.84514075,0.144571039,39.));
#3832=DIRECTION('',(0.,0.,-1.));
#3833=DIRECTION('',(-1.,0.,0.));
#3834=AXIS2_PLACEMENT_3D('',#3831,#3832,#3833);
#3835=CIRCLE('',#3834,1.);
#3836=EDGE_CURVE('',#3830,#1014,#3835,.T.);
#3837=ORIENTED_EDGE('',*,*,#3836,.F.);
#3838=CARTESIAN_POINT('',(-65.84514075,0.144571039,39.));
#3839=DIRECTION('',(0.,0.,-1.));
#3840=DIRECTION('',(-1.,0.,0.));
#3841=AXIS2_PLACEMENT_3D('',#3838,#3839,#3840);
#3842=CIRCLE('',#3841,1.);
#3843=EDGE_CURVE('',#411,#3830,#3842,.T.);
#3844=ORIENTED_EDGE('',*,*,#3843,.F.);
#3845=EDGE_LOOP('',(#3827,#3828,#3837,#3844));
#3846=FACE_BOUND('',#3845,.T.);
#3847=ADVANCED_FACE('',(#3846),#3826,.T.);
#3848=CARTESIAN_POINT('',(-65.84514075,0.144571039,55.));
#3849=DIRECTION('',(0.,0.,-1.));
#3850=DIRECTION('',(-1.,0.,0.));
#3851=AXIS2_PLACEMENT_3D('',#3848,#3849,#3850);
#3852=CYLINDRICAL_SURFACE('',#3851,1.);
#3853=CARTESIAN_POINT('',(-66.84514075,0.144571039,-2.));
#3854=DIRECTION('',(-0.,-0.,1.));
#3855=VECTOR('',#3854,41.);
#3856=LINE('',#3853,#3855);
#3857=EDGE_CURVE('',#2034,#3830,#3856,.T.);
#3858=ORIENTED_EDGE('',*,*,#3857,.T.);
#3859=ORIENTED_EDGE('',*,*,#3836,.T.);
#3860=ORIENTED_EDGE('',*,*,#1019,.F.);
#3861=ORIENTED_EDGE('',*,*,#2047,.F.);
#3862=EDGE_LOOP('',(#3858,#3859,#3860,#3861));
#3863=FACE_BOUND('',#3862,.T.);
#3864=ADVANCED_FACE('',(#3863),#3852,.T.);
#3865=CARTESIAN_POINT('',(-51.4968715,-24.833854855,55.));
#3866=DIRECTION('',(0.,0.,-1.));
#3867=DIRECTION('',(-1.,0.,0.));
#3868=AXIS2_PLACEMENT_3D('',#3865,#3866,#3867);
#3869=CYLINDRICAL_SURFACE('',#3868,1.);
#3870=CARTESIAN_POINT('',(-52.4968715,-24.833854855,39.498097335));
#3871=VERTEX_POINT('',#3870);
#3872=CARTESIAN_POINT('',(-52.4968715,-24.833854855,0.498097335));
#3873=DIRECTION('',(-0.,-0.,1.));
#3874=VECTOR('',#3873,39.);
#3875=LINE('',#3872,#3874);
#3876=EDGE_CURVE('',#3724,#3871,#3875,.T.);
#3877=ORIENTED_EDGE('',*,*,#3876,.T.);
#3878=CARTESIAN_POINT('',(-51.4968715,-24.833854855,39.));
#3879=DIRECTION('',(0.352208003,-0.613147227,0.707106781));
#3880=DIRECTION('',(0.352208003,-0.613147227,-0.707106781));
#3881=AXIS2_PLACEMENT_3D('',#3878,#3879,#3880);
#3882=ELLIPSE('',#3881,1.414213562,1.);
#3883=EDGE_CURVE('',#752,#3871,#3882,.T.);
#3884=ORIENTED_EDGE('',*,*,#3883,.F.);
#3885=ORIENTED_EDGE('',*,*,#2828,.F.);
#3886=ORIENTED_EDGE('',*,*,#3737,.F.);
#3887=EDGE_LOOP('',(#3877,#3884,#3885,#3886));
#3888=FACE_BOUND('',#3887,.T.);
#3889=ADVANCED_FACE('',(#3888),#3869,.T.);
#3890=CARTESIAN_POINT('',(-49.446456659,-28.403354024,39.));
#3891=DIRECTION('',(-0.498097335,0.867121125,0.));
#3892=DIRECTION('',(-0.867121125,-0.498097335,0.));
#3893=AXIS2_PLACEMENT_3D('',#3890,#3891,#3892);
#3894=CYLINDRICAL_SURFACE('',#3893,1.);
#3895=ORIENTED_EDGE('',*,*,#3883,.T.);
#3896=CARTESIAN_POINT('',(-51.4968715,-24.833854855,39.));
#3897=DIRECTION('',(0.352208003,-0.613147227,0.707106781));
#3898=DIRECTION('',(0.352208003,-0.613147227,-0.707106781));
#3899=AXIS2_PLACEMENT_3D('',#3896,#3897,#3898);
#3900=ELLIPSE('',#3899,1.414213562,1.);
#3901=EDGE_CURVE('',#3871,#361,#3900,.T.);
#3902=ORIENTED_EDGE('',*,*,#3901,.T.);
#3903=ORIENTED_EDGE('',*,*,#366,.F.);
#3904=CARTESIAN_POINT('',(-47.761141488,-31.33726329,39.));
#3905=DIRECTION('',(0.352208003,-0.613147227,-0.707106781));
#3906=DIRECTION('',(-0.352208003,0.613147227,-0.707106781));
#3907=AXIS2_PLACEMENT_3D('',#3904,#3905,#3906);
#3908=ELLIPSE('',#3907,1.414213562,1.);
#3909=EDGE_CURVE('',#760,#353,#3908,.T.);
#3910=ORIENTED_EDGE('',*,*,#3909,.F.);
#3911=ORIENTED_EDGE('',*,*,#765,.F.);
#3912=EDGE_LOOP('',(#3895,#3902,#3903,#3910,#3911));
#3913=FACE_BOUND('',#3912,.T.);
#3914=ADVANCED_FACE('',(#3913),#3894,.T.);
#3915=CARTESIAN_POINT('',(-47.761141488,-31.33726329,20.5));
#3916=DIRECTION('',(0.,0.,1.));
#3917=DIRECTION('',(1.,0.,-0.));
#3918=AXIS2_PLACEMENT_3D('',#3915,#3916,#3917);
#3919=CYLINDRICAL_SURFACE('',#3918,1.);
#3920=ORIENTED_EDGE('',*,*,#3909,.T.);
#3921=ORIENTED_EDGE('',*,*,#358,.F.);
#3922=CARTESIAN_POINT('',(-47.761141488,-31.33726329,-0.));
#3923=DIRECTION('',(0.352208003,-0.613147227,-0.707106781));
#3924=DIRECTION('',(-0.352208003,0.613147227,-0.707106781));
#3925=AXIS2_PLACEMENT_3D('',#3922,#3923,#3924);
#3926=ELLIPSE('',#3925,1.414213562,1.);
#3927=EDGE_CURVE('',#2951,#345,#3926,.T.);
#3928=ORIENTED_EDGE('',*,*,#3927,.F.);
#3929=ORIENTED_EDGE('',*,*,#2986,.F.);
#3930=EDGE_LOOP('',(#3920,#3921,#3928,#3929));
#3931=FACE_BOUND('',#3930,.T.);
#3932=ADVANCED_FACE('',(#3931),#3919,.T.);
#3933=CARTESIAN_POINT('',(-44.274460143,-37.407111163,-0.));
#3934=DIRECTION('',(-0.498097335,0.867121125,0.));
#3935=DIRECTION('',(-0.867121125,-0.498097335,0.));
#3936=AXIS2_PLACEMENT_3D('',#3933,#3934,#3935);
#3937=CYLINDRICAL_SURFACE('',#3936,1.);
#3938=ORIENTED_EDGE('',*,*,#3927,.T.);
#3939=ORIENTED_EDGE('',*,*,#350,.F.);
#3940=CARTESIAN_POINT('',(-43.776362808,-38.274232288,-0.));
#3941=DIRECTION('',(0.498097335,-0.867121125,0.));
#3942=DIRECTION('',(0.867121125,0.498097335,0.));
#3943=AXIS2_PLACEMENT_3D('',#3940,#3941,#3942);
#3944=CIRCLE('',#3943,1.);
#3945=EDGE_CURVE('',#2959,#336,#3944,.T.);
#3946=ORIENTED_EDGE('',*,*,#3945,.F.);
#3947=ORIENTED_EDGE('',*,*,#2964,.F.);
#3948=EDGE_LOOP('',(#3938,#3939,#3946,#3947));
#3949=FACE_BOUND('',#3948,.T.);
#3950=ADVANCED_FACE('',(#3949),#3937,.T.);
#3951=CARTESIAN_POINT('',(-43.776362808,-38.274232288,6.));
#3952=DIRECTION('',(0.867121125,0.498097335,0.));
#3953=DIRECTION('',(-0.498097335,0.867121125,0.));
#3954=AXIS2_PLACEMENT_3D('',#3951,#3952,#3953);
#3955=TOROIDAL_SURFACE('',#3954,6.,1.);
#3956=ORIENTED_EDGE('',*,*,#3945,.T.);
#3957=ORIENTED_EDGE('',*,*,#342,.F.);
#3958=CARTESIAN_POINT('',(-41.787778798,-43.476959036,6.));
#3959=VERTEX_POINT('',#3958);
#3960=CARTESIAN_POINT('',(-40.787778798,-43.476959036,6.));
#3961=DIRECTION('',(0.,0.,1.));
#3962=DIRECTION('',(1.,0.,-0.));
#3963=AXIS2_PLACEMENT_3D('',#3960,#3961,#3962);
#3964=CIRCLE('',#3963,1.);
#3965=EDGE_CURVE('',#3959,#328,#3964,.T.);
#3966=ORIENTED_EDGE('',*,*,#3965,.F.);
#3967=CARTESIAN_POINT('',(-40.787778798,-43.476959036,6.));
#3968=DIRECTION('',(0.,0.,1.));
#3969=DIRECTION('',(1.,0.,-0.));
#3970=AXIS2_PLACEMENT_3D('',#3967,#3968,#3969);
#3971=CIRCLE('',#3970,1.);
#3972=EDGE_CURVE('',#2999,#3959,#3971,.T.);
#3973=ORIENTED_EDGE('',*,*,#3972,.F.);
#3974=ORIENTED_EDGE('',*,*,#3157,.F.);
#3975=EDGE_LOOP('',(#3956,#3957,#3966,#3973,#3974));
#3976=FACE_BOUND('',#3975,.T.);
#3977=ADVANCED_FACE('',(#3976),#3955,.T.);
#3978=CARTESIAN_POINT('',(-40.787778798,-43.476959036,20.5));
#3979=DIRECTION('',(0.,0.,-1.));
#3980=DIRECTION('',(-1.,0.,0.));
#3981=AXIS2_PLACEMENT_3D('',#3978,#3979,#3980);
#3982=CYLINDRICAL_SURFACE('',#3981,1.);
#3983=CARTESIAN_POINT('',(-41.787778798,-43.476959036,35.));
#3984=VERTEX_POINT('',#3983);
#3985=CARTESIAN_POINT('',(-41.787778798,-43.476959036,6.));
#3986=DIRECTION('',(-0.,-0.,1.));
#3987=VECTOR('',#3986,29.);
#3988=LINE('',#3985,#3987);
#3989=EDGE_CURVE('',#3959,#3984,#3988,.T.);
#3990=ORIENTED_EDGE('',*,*,#3989,.T.);
#3991=CARTESIAN_POINT('',(-40.787778798,-43.476959036,35.));
#3992=DIRECTION('',(0.,0.,1.));
#3993=DIRECTION('',(1.,0.,-0.));
#3994=AXIS2_PLACEMENT_3D('',#3991,#3992,#3993);
#3995=CIRCLE('',#3994,1.);
#3996=EDGE_CURVE('',#3007,#3984,#3995,.T.);
#3997=ORIENTED_EDGE('',*,*,#3996,.F.);
#3998=ORIENTED_EDGE('',*,*,#3012,.F.);
#3999=ORIENTED_EDGE('',*,*,#3972,.T.);
#4000=EDGE_LOOP('',(#3990,#3997,#3998,#3999));
#4001=FACE_BOUND('',#4000,.T.);
#4002=ADVANCED_FACE('',(#4001),#3982,.T.);
#4003=CARTESIAN_POINT('',(-38.795389458,-46.945443534,35.));
#4004=DIRECTION('',(0.867121125,0.498097335,0.));
#4005=DIRECTION('',(-0.498097335,0.867121125,0.));
#4006=AXIS2_PLACEMENT_3D('',#4003,#4004,#4005);
#4007=TOROIDAL_SURFACE('',#4006,4.,1.);
#4008=ORIENTED_EDGE('',*,*,#3996,.T.);
#4009=CARTESIAN_POINT('',(-40.787778798,-43.476959036,35.));
#4010=DIRECTION('',(0.,0.,1.));
#4011=DIRECTION('',(1.,0.,-0.));
#4012=AXIS2_PLACEMENT_3D('',#4009,#4010,#4011);
#4013=CIRCLE('',#4012,1.);
#4014=EDGE_CURVE('',#3984,#319,#4013,.T.);
#4015=ORIENTED_EDGE('',*,*,#4014,.T.);
#4016=ORIENTED_EDGE('',*,*,#325,.F.);
#4017=CARTESIAN_POINT('',(-38.795389458,-46.945443534,39.));
#4018=DIRECTION('',(0.498097335,-0.867121125,0.));
#4019=DIRECTION('',(0.867121125,0.498097335,0.));
#4020=AXIS2_PLACEMENT_3D('',#4017,#4018,#4019);
#4021=CIRCLE('',#4020,1.);
#4022=EDGE_CURVE('',#107,#311,#4021,.T.);
#4023=ORIENTED_EDGE('',*,*,#4022,.F.);
#4024=ORIENTED_EDGE('',*,*,#3175,.F.);
#4025=EDGE_LOOP('',(#4008,#4015,#4016,#4023,#4024));
#4026=FACE_BOUND('',#4025,.T.);
#4027=ADVANCED_FACE('',(#4026),#4007,.T.);
#4028=CARTESIAN_POINT('',(-49.446456659,-28.403354024,39.));
#4029=DIRECTION('',(-0.498097335,0.867121125,0.));
#4030=DIRECTION('',(-0.867121125,-0.498097335,0.));
#4031=AXIS2_PLACEMENT_3D('',#4028,#4029,#4030);
#4032=CYLINDRICAL_SURFACE('',#4031,1.);
#4033=ORIENTED_EDGE('',*,*,#4022,.T.);
#4034=ORIENTED_EDGE('',*,*,#316,.F.);
#4035=ORIENTED_EDGE('',*,*,#1866,.F.);
#4036=ORIENTED_EDGE('',*,*,#120,.F.);
#4037=EDGE_LOOP('',(#4033,#4034,#4035,#4036));
#4038=FACE_BOUND('',#4037,.T.);
#4039=ADVANCED_FACE('',(#4038),#4032,.T.);
#4040=CARTESIAN_POINT('',(65.84514075,-0.144571039,39.));
#4041=DIRECTION('',(0.,0.,1.));
#4042=DIRECTION('',(1.,0.,-0.));
#4043=AXIS2_PLACEMENT_3D('',#4040,#4041,#4042);
#4044=SPHERICAL_SURFACE('',#4043,1.);
#4045=CARTESIAN_POINT('',(66.84514075,-0.144571039,39.));
#4046=VERTEX_POINT('',#4045);
#4047=CARTESIAN_POINT('',(65.84514075,-0.144571039,39.));
#4048=DIRECTION('',(-0.,1.,-0.));
#4049=DIRECTION('',(1.,0.,0.));
#4050=AXIS2_PLACEMENT_3D('',#4047,#4048,#4049);
#4051=CIRCLE('',#4050,1.);
#4052=EDGE_CURVE('',#35,#4046,#4051,.T.);
#4053=ORIENTED_EDGE('',*,*,#4052,.T.);
#4054=CARTESIAN_POINT('',(65.84514075,-0.144571039,39.));
#4055=DIRECTION('',(0.,0.,-1.));
#4056=DIRECTION('',(-1.,0.,0.));
#4057=AXIS2_PLACEMENT_3D('',#4054,#4055,#4056);
#4058=CIRCLE('',#4057,1.);
#4059=EDGE_CURVE('',#163,#4046,#4058,.T.);
#4060=ORIENTED_EDGE('',*,*,#4059,.F.);
#4061=ORIENTED_EDGE('',*,*,#3535,.F.);
#4062=EDGE_LOOP('',(#4053,#4060,#4061));
#4063=FACE_BOUND('',#4062,.T.);
#4064=ADVANCED_FACE('',(#4063),#4044,.T.);
#4065=CARTESIAN_POINT('',(65.84514075,-0.144571039,55.));
#4066=DIRECTION('',(0.,0.,-1.));
#4067=DIRECTION('',(-1.,0.,0.));
#4068=AXIS2_PLACEMENT_3D('',#4065,#4066,#4067);
#4069=CYLINDRICAL_SURFACE('',#4068,1.);
#4070=ORIENTED_EDGE('',*,*,#4059,.T.);
#4071=CARTESIAN_POINT('',(65.84514075,-0.144571039,39.));
#4072=DIRECTION('',(0.,0.,-1.));
#4073=DIRECTION('',(-1.,0.,0.));
#4074=AXIS2_PLACEMENT_3D('',#4071,#4072,#4073);
#4075=CIRCLE('',#4074,1.);
#4076=EDGE_CURVE('',#4046,#826,#4075,.T.);
#4077=ORIENTED_EDGE('',*,*,#4076,.T.);
#4078=ORIENTED_EDGE('',*,*,#831,.F.);
#4079=ORIENTED_EDGE('',*,*,#2028,.F.);
#4080=ORIENTED_EDGE('',*,*,#176,.F.);
#4081=EDGE_LOOP('',(#4070,#4077,#4078,#4079,#4080));
#4082=FACE_BOUND('',#4081,.T.);
#4083=ADVANCED_FACE('',(#4082),#4069,.T.);
#4084=CARTESIAN_POINT('',(49.321254466,-28.620210582,5.5));
#4085=DIRECTION('',(-0.864925508,0.501900255,0.));
#4086=DIRECTION('',(-0.501900255,-0.864925508,0.));
#4087=AXIS2_PLACEMENT_3D('',#4084,#4085,#4086);
#4088=TOROIDAL_SURFACE('',#4087,5.5,1.);
#4089=CARTESIAN_POINT('',(46.560803066,-33.377300876,5.5));
#4090=DIRECTION('',(0.,-0.,1.));
#4091=DIRECTION('',(-0.501900255,-0.864925508,0.));
#4092=AXIS2_PLACEMENT_3D('',#4089,#4090,#4091);
#4093=CIRCLE('',#4092,1.);
#4094=EDGE_CURVE('',#857,#2615,#4093,.T.);
#4095=ORIENTED_EDGE('',*,*,#4094,.T.);
#4096=ORIENTED_EDGE('',*,*,#2629,.F.);
#4097=CARTESIAN_POINT('',(47.425768444,-33.879132422,5.529560488));
#4098=CARTESIAN_POINT('',(47.492019248,-33.764962307,5.52920302));
#4099=CARTESIAN_POINT('',(47.535089359,-33.637582145,5.528844765));
#4100=CARTESIAN_POINT('',(47.552179057,-33.508581688,5.528510037));
#4101=CARTESIAN_POINT('',(47.569268754,-33.379581232,5.528175309));
#4102=CARTESIAN_POINT('',(47.560706801,-33.245840897,5.527858702));
#4103=CARTESIAN_POINT('',(47.527160697,-33.119880294,5.527593527));
#4104=CARTESIAN_POINT('',(47.510387644,-33.056899993,5.52746094));
#4105=CARTESIAN_POINT('',(47.487051654,-32.994610617,5.527338581));
#4106=CARTESIAN_POINT('',(47.458248466,-32.936025509,5.52723294));
#4107=CARTESIAN_POINT('',(47.429445279,-32.877440402,5.527127298));
#4108=CARTESIAN_POINT('',(47.395189522,-32.822115923,5.527037264));
#4109=CARTESIAN_POINT('',(47.355430393,-32.770082455,5.526963462));
#4110=CARTESIAN_POINT('',(47.315671264,-32.718048986,5.526889661));
#4111=CARTESIAN_POINT('',(47.270426518,-32.669611118,5.526832843));
#4112=CARTESIAN_POINT('',(47.221569982,-32.626605914,5.526795265));
#4113=CARTESIAN_POINT('',(47.172713447,-32.583600711,5.526757688));
#4114=CARTESIAN_POINT('',(47.119828464,-32.545432186,5.526738446));
#4115=CARTESIAN_POINT('',(47.062743191,-32.512306659,5.526738446));
#4116=B_SPLINE_CURVE_WITH_KNOTS('',3,(#4097,#4098,#4099,#4100,#4101,#4102,#4103,#4104,#4105,#4106,#4107,#4108,#4109,#4110,#4111,#4112,#4113,#4114,#4115),.UNSPECIFIED.,.F.,.F.,(4,3,3,3,3,3,4),(0.,0.000390381,0.000780761,0.000975952,0.001171142,0.001366332,0.001561523),.UNSPECIFIED.);
#4117=EDGE_CURVE('',#783,#2543,#4116,.T.);
#4118=ORIENTED_EDGE('',*,*,#4117,.F.);
#4119=ORIENTED_EDGE('',*,*,#870,.F.);
#4120=EDGE_LOOP('',(#4095,#4096,#4118,#4119));
#4121=FACE_BOUND('',#4120,.T.);
#4122=ADVANCED_FACE('',(#4121),#4088,.T.);
#4123=CARTESIAN_POINT('',(46.560842936,-33.377232167,19.5));
#4124=DIRECTION('',(0.,0.,1.));
#4125=DIRECTION('',(0.,-1.,0.));
#4126=AXIS2_PLACEMENT_3D('',#4123,#4124,#4125);
#4127=CYLINDRICAL_SURFACE('',#4126,1.);
#4128=ORIENTED_EDGE('',*,*,#4117,.T.);
#4129=ORIENTED_EDGE('',*,*,#2548,.F.);
#4130=CARTESIAN_POINT('',(47.425768444,-33.879132422,33.529560489));
#4131=CARTESIAN_POINT('',(47.492019248,-33.764962307,33.529203021));
#4132=CARTESIAN_POINT('',(47.535089359,-33.637582145,33.528844765));
#4133=CARTESIAN_POINT('',(47.552179057,-33.508581688,33.528510038));
#4134=CARTESIAN_POINT('',(47.569268754,-33.379581232,33.52817531));
#4135=CARTESIAN_POINT('',(47.560706801,-33.245840897,33.527858703));
#4136=CARTESIAN_POINT('',(47.527160697,-33.119880294,33.527593528));
#4137=CARTESIAN_POINT('',(47.510387644,-33.056899993,33.527460941));
#4138=CARTESIAN_POINT('',(47.487051654,-32.994610617,33.527338581));
#4139=CARTESIAN_POINT('',(47.458248466,-32.936025509,33.52723294));
#4140=CARTESIAN_POINT('',(47.429445279,-32.877440402,33.527127299));
#4141=CARTESIAN_POINT('',(47.395189522,-32.822115923,33.527037265));
#4142=CARTESIAN_POINT('',(47.355430393,-32.770082455,33.526963463));
#4143=CARTESIAN_POINT('',(47.315671264,-32.718048986,33.526889662));
#4144=CARTESIAN_POINT('',(47.270426518,-32.669611118,33.526832844));
#4145=CARTESIAN_POINT('',(47.221569982,-32.626605914,33.526795266));
#4146=CARTESIAN_POINT('',(47.172713447,-32.583600711,33.526757688));
#4147=CARTESIAN_POINT('',(47.119828464,-32.545432186,33.526738446));
#4148=CARTESIAN_POINT('',(47.062743191,-32.512306659,33.526738446));
#4149=B_SPLINE_CURVE_WITH_KNOTS('',3,(#4130,#4131,#4132,#4133,#4134,#4135,#4136,#4137,#4138,#4139,#4140,#4141,#4142,#4143,#4144,#4145,#4146,#4147,#4148),.UNSPECIFIED.,.F.,.F.,(4,3,3,3,3,3,4),(0.,0.000390381,0.000780761,0.000975952,0.001171142,0.001366332,0.001561523),.UNSPECIFIED.);
#4150=EDGE_CURVE('',#785,#2535,#4149,.T.);
#4151=ORIENTED_EDGE('',*,*,#4150,.F.);
#4152=ORIENTED_EDGE('',*,*,#790,.F.);
#4153=EDGE_LOOP('',(#4128,#4129,#4151,#4152));
#4154=FACE_BOUND('',#4153,.T.);
#4155=ADVANCED_FACE('',(#4154),#4127,.T.);
#4156=CARTESIAN_POINT('',(52.081695236,-23.863138608,55.));
#4157=DIRECTION('',(0.,0.,-1.));
#4158=DIRECTION('',(-1.,0.,0.));
#4159=AXIS2_PLACEMENT_3D('',#4156,#4157,#4158);
#4160=CYLINDRICAL_SURFACE('',#4159,1.);
#4161=CARTESIAN_POINT('',(52.081692874,-23.863142679,5.516874943));
#4162=DIRECTION('',(0.00111382,-0.004193637,0.999990586));
#4163=DIRECTION('',(0.,-0.999991207,-0.00419364));
#4164=AXIS2_PLACEMENT_3D('',#4161,#4162,#4163);
#4165=CIRCLE('',#4164,1.);
#4166=EDGE_CURVE('',#2591,#849,#4165,.T.);
#4167=ORIENTED_EDGE('',*,*,#4166,.T.);
#4168=ORIENTED_EDGE('',*,*,#854,.F.);
#4169=CARTESIAN_POINT('',(52.081695236,-23.863138608,33.513806772));
#4170=DIRECTION('',(-0.002653727,0.001539909,0.999995293));
#4171=DIRECTION('',(0.999996479,0.,0.00265373));
#4172=AXIS2_PLACEMENT_3D('',#4169,#4170,#4171);
#4173=CIRCLE('',#4172,1.);
#4174=EDGE_CURVE('',#2566,#840,#4173,.T.);
#4175=ORIENTED_EDGE('',*,*,#4174,.F.);
#4176=ORIENTED_EDGE('',*,*,#2602,.F.);
#4177=EDGE_LOOP('',(#4167,#4168,#4175,#4176));
#4178=FACE_BOUND('',#4177,.T.);
#4179=ADVANCED_FACE('',(#4178),#4160,.T.);
#4180=CARTESIAN_POINT('',(49.321254466,-28.620210582,33.5));
#4181=DIRECTION('',(-0.864925508,0.501900255,0.));
#4182=DIRECTION('',(-0.501900255,-0.864925508,0.));
#4183=AXIS2_PLACEMENT_3D('',#4180,#4181,#4182);
#4184=TOROIDAL_SURFACE('',#4183,5.5,1.);
#4185=ORIENTED_EDGE('',*,*,#4150,.T.);
#4186=ORIENTED_EDGE('',*,*,#2578,.F.);
#4187=ORIENTED_EDGE('',*,*,#4174,.T.);
#4188=ORIENTED_EDGE('',*,*,#846,.F.);
#4189=ORIENTED_EDGE('',*,*,#799,.F.);
#4190=EDGE_LOOP('',(#4185,#4186,#4187,#4188,#4189));
#4191=FACE_BOUND('',#4190,.T.);
#4192=ADVANCED_FACE('',(#4191),#4184,.T.);
#4193=CARTESIAN_POINT('',(-49.321254466,28.620210582,5.5));
#4194=DIRECTION('',(0.864925508,-0.501900255,0.));
#4195=DIRECTION('',(0.501900255,0.864925508,0.));
#4196=AXIS2_PLACEMENT_3D('',#4193,#4194,#4195);
#4197=TOROIDAL_SURFACE('',#4196,5.5,1.);
#4198=CARTESIAN_POINT('',(-47.062703321,32.512375368,5.5));
#4199=VERTEX_POINT('',#4198);
#4200=CARTESIAN_POINT('',(-46.560803066,33.377300876,5.5));
#4201=DIRECTION('',(-0.,-0.,1.));
#4202=DIRECTION('',(0.501900255,0.864925508,0.));
#4203=AXIS2_PLACEMENT_3D('',#4200,#4201,#4202);
#4204=CIRCLE('',#4203,1.);
#4205=EDGE_CURVE('',#1045,#4199,#4204,.T.);
#4206=ORIENTED_EDGE('',*,*,#4205,.T.);
#4207=CARTESIAN_POINT('',(-49.321254466,28.620210582,5.5));
#4208=DIRECTION('',(-0.864925508,0.501900255,-0.));
#4209=DIRECTION('',(0.501900255,0.864925508,0.));
#4210=AXIS2_PLACEMENT_3D('',#4207,#4208,#4209);
#4211=CIRCLE('',#4210,4.5);
#4212=EDGE_CURVE('',#2470,#4199,#4211,.T.);
#4213=ORIENTED_EDGE('',*,*,#4212,.F.);
#4214=CARTESIAN_POINT('',(-47.560811764,33.377282556,5.513806776));
#4215=VERTEX_POINT('',#4214);
#4216=CARTESIAN_POINT('',(-46.560811764,33.377285887,5.513806781));
#4217=DIRECTION('',(-0.000000005,-0.000000008,1.));
#4218=DIRECTION('',(0.,-1.,-0.000000008));
#4219=AXIS2_PLACEMENT_3D('',#4216,#4217,#4218);
#4220=CIRCLE('',#4219,1.);
#4221=EDGE_CURVE('',#4215,#2470,#4220,.T.);
#4222=ORIENTED_EDGE('',*,*,#4221,.F.);
#4223=CARTESIAN_POINT('',(-46.560811764,33.377285887,5.513806781));
#4224=DIRECTION('',(-0.000000005,-0.000000008,1.));
#4225=DIRECTION('',(0.,-1.,-0.000000008));
#4226=AXIS2_PLACEMENT_3D('',#4223,#4224,#4225);
#4227=CIRCLE('',#4226,1.);
#4228=EDGE_CURVE('',#971,#4215,#4227,.T.);
#4229=ORIENTED_EDGE('',*,*,#4228,.F.);
#4230=ORIENTED_EDGE('',*,*,#1058,.F.);
#4231=EDGE_LOOP('',(#4206,#4213,#4222,#4229,#4230));
#4232=FACE_BOUND('',#4231,.T.);
#4233=ADVANCED_FACE('',(#4232),#4197,.T.);
#4234=CARTESIAN_POINT('',(-52.081665997,23.863188997,55.));
#4235=DIRECTION('',(0.,0.,1.));
#4236=DIRECTION('',(0.,-1.,0.));
#4237=AXIS2_PLACEMENT_3D('',#4234,#4235,#4236);
#4238=CYLINDRICAL_SURFACE('',#4237,1.);
#4239=CARTESIAN_POINT('',(-51.579765742,24.728114505,5.526738446));
#4240=CARTESIAN_POINT('',(-51.636851015,24.761240031,5.526738446));
#4241=CARTESIAN_POINT('',(-51.696230532,24.788216516,5.526757688));
#4242=CARTESIAN_POINT('',(-51.757810429,24.809295529,5.526795265));
#4243=CARTESIAN_POINT('',(-51.819390326,24.830374543,5.526832843));
#4244=CARTESIAN_POINT('',(-51.88389479,24.845622109,5.526889661));
#4245=CARTESIAN_POINT('',(-51.948799079,24.854322884,5.526963462));
#4246=CARTESIAN_POINT('',(-52.013703368,24.863023658,5.527037264));
#4247=CARTESIAN_POINT('',(-52.078734223,24.865313362,5.527127298));
#4248=CARTESIAN_POINT('',(-52.143890474,24.861251176,5.52723294));
#4249=CARTESIAN_POINT('',(-52.209046726,24.857188991,5.527338581));
#4250=CARTESIAN_POINT('',(-52.274706289,24.846542087,5.52746094));
#4251=CARTESIAN_POINT('',(-52.337709243,24.829854324,5.527593527));
#4252=CARTESIAN_POINT('',(-52.463715151,24.7964788,5.527858702));
#4253=CARTESIAN_POINT('',(-52.584078579,24.737551476,5.528175309));
#4254=CARTESIAN_POINT('',(-52.687598633,24.658704955,5.528510037));
#4255=CARTESIAN_POINT('',(-52.791118688,24.579858434,5.528844765));
#4256=CARTESIAN_POINT('',(-52.880340698,24.479259372,5.529205686));
#4257=CARTESIAN_POINT('',(-52.946591505,24.365089251,5.529560488));
#4258=B_SPLINE_CURVE_WITH_KNOTS('',3,(#4239,#4240,#4241,#4242,#4243,#4244,#4245,#4246,#4247,#4248,#4249,#4250,#4251,#4252,#4253,#4254,#4255,#4256,#4257),.UNSPECIFIED.,.F.,.F.,(4,3,3,3,3,3,4),(0.,0.00019519,0.000390381,0.000585571,0.000780761,0.001171142,0.001561523),.UNSPECIFIED.);
#4259=EDGE_CURVE('',#2438,#1037,#4258,.T.);
#4260=ORIENTED_EDGE('',*,*,#4259,.T.);
#4261=ORIENTED_EDGE('',*,*,#1042,.F.);
#4262=CARTESIAN_POINT('',(-51.579765742,24.728114505,33.526738446));
#4263=CARTESIAN_POINT('',(-51.636851015,24.761240031,33.526738446));
#4264=CARTESIAN_POINT('',(-51.696230532,24.788216516,33.526757688));
#4265=CARTESIAN_POINT('',(-51.757810429,24.809295529,33.526795266));
#4266=CARTESIAN_POINT('',(-51.819390326,24.830374543,33.526832844));
#4267=CARTESIAN_POINT('',(-51.88389479,24.845622109,33.526889662));
#4268=CARTESIAN_POINT('',(-51.948799079,24.854322884,33.526963463));
#4269=CARTESIAN_POINT('',(-52.013703368,24.863023658,33.527037265));
#4270=CARTESIAN_POINT('',(-52.078734223,24.865313362,33.527127299));
#4271=CARTESIAN_POINT('',(-52.143890474,24.861251176,33.52723294));
#4272=CARTESIAN_POINT('',(-52.209046726,24.857188991,33.527338581));
#4273=CARTESIAN_POINT('',(-52.274706289,24.846542087,33.527460941));
#4274=CARTESIAN_POINT('',(-52.337709243,24.829854324,33.527593528));
#4275=CARTESIAN_POINT('',(-52.463715151,24.7964788,33.527858703));
#4276=CARTESIAN_POINT('',(-52.584078579,24.737551476,33.52817531));
#4277=CARTESIAN_POINT('',(-52.687598633,24.658704955,33.528510038));
#4278=CARTESIAN_POINT('',(-52.791118688,24.579858434,33.528844765));
#4279=CARTESIAN_POINT('',(-52.880340698,24.479259372,33.529205686));
#4280=CARTESIAN_POINT('',(-52.946591505,24.365089251,33.529560489));
#4281=B_SPLINE_CURVE_WITH_KNOTS('',3,(#4262,#4263,#4264,#4265,#4266,#4267,#4268,#4269,#4270,#4271,#4272,#4273,#4274,#4275,#4276,#4277,#4278,#4279,#4280),.UNSPECIFIED.,.F.,.F.,(4,3,3,3,3,3,4),(0.,0.00019519,0.000390381,0.000585571,0.000780761,0.001171142,0.001561523),.UNSPECIFIED.);
#4282=EDGE_CURVE('',#2493,#1028,#4281,.T.);
#4283=ORIENTED_EDGE('',*,*,#4282,.F.);
#4284=ORIENTED_EDGE('',*,*,#2522,.F.);
#4285=EDGE_LOOP('',(#4260,#4261,#4283,#4284));
#4286=FACE_BOUND('',#4285,.T.);
#4287=ADVANCED_FACE('',(#4286),#4238,.T.);
#4288=CARTESIAN_POINT('',(-46.560813697,33.377282556,33.5));
#4289=DIRECTION('',(0.,0.,-1.));
#4290=DIRECTION('',(-1.,0.,0.));
#4291=AXIS2_PLACEMENT_3D('',#4288,#4289,#4290);
#4292=CYLINDRICAL_SURFACE('',#4291,1.);
#4293=CARTESIAN_POINT('',(-47.560812511,33.377282556,33.515335029));
#4294=VERTEX_POINT('',#4293);
#4295=CARTESIAN_POINT('',(-47.560813697,33.377282556,5.513806776));
#4296=DIRECTION('',(-0.,-0.,1.));
#4297=VECTOR('',#4296,28.001528252);
#4298=LINE('',#4295,#4297);
#4299=EDGE_CURVE('',#4215,#4294,#4298,.T.);
#4300=ORIENTED_EDGE('',*,*,#4299,.T.);
#4301=CARTESIAN_POINT('',(-46.560813697,33.377282556,33.516874943));
#4302=DIRECTION('',(-0.001539909,-0.002653727,0.999995293));
#4303=DIRECTION('',(-0.,-0.999996479,-0.00265373));
#4304=AXIS2_PLACEMENT_3D('',#4301,#4302,#4303);
#4305=CIRCLE('',#4304,1.);
#4306=EDGE_CURVE('',#973,#4294,#4305,.T.);
#4307=ORIENTED_EDGE('',*,*,#4306,.F.);
#4308=ORIENTED_EDGE('',*,*,#978,.F.);
#4309=ORIENTED_EDGE('',*,*,#4228,.T.);
#4310=EDGE_LOOP('',(#4300,#4307,#4308,#4309));
#4311=FACE_BOUND('',#4310,.T.);
#4312=ADVANCED_FACE('',(#4311),#4292,.T.);
#4313=CARTESIAN_POINT('',(-49.321254466,28.620210582,33.5));
#4314=DIRECTION('',(0.864925508,-0.501900255,0.));
#4315=DIRECTION('',(0.501900255,0.864925508,0.));
#4316=AXIS2_PLACEMENT_3D('',#4313,#4314,#4315);
#4317=TOROIDAL_SURFACE('',#4316,5.5,1.);
#4318=ORIENTED_EDGE('',*,*,#1034,.F.);
#4319=ORIENTED_EDGE('',*,*,#987,.F.);
#4320=ORIENTED_EDGE('',*,*,#4306,.T.);
#4321=CARTESIAN_POINT('',(-46.560813697,33.377282556,33.516874943));
#4322=DIRECTION('',(-0.001539909,-0.002653727,0.999995293));
#4323=DIRECTION('',(-0.,-0.999996479,-0.00265373));
#4324=AXIS2_PLACEMENT_3D('',#4321,#4322,#4323);
#4325=CIRCLE('',#4324,1.);
#4326=EDGE_CURVE('',#4294,#2462,#4325,.T.);
#4327=ORIENTED_EDGE('',*,*,#4326,.T.);
#4328=ORIENTED_EDGE('',*,*,#2505,.F.);
#4329=ORIENTED_EDGE('',*,*,#4282,.T.);
#4330=EDGE_LOOP('',(#4318,#4319,#4320,#4327,#4328,#4329));
#4331=FACE_BOUND('',#4330,.T.);
#4332=ADVANCED_FACE('',(#4331),#4317,.T.);
#4333=CARTESIAN_POINT('',(98.823433215,-76.711237769,5.5));
#4334=DIRECTION('',(-0.864925508,0.501900255,0.));
#4335=DIRECTION('',(-0.501900255,-0.864925508,0.));
#4336=AXIS2_PLACEMENT_3D('',#4333,#4334,#4335);
#4337=CYLINDRICAL_SURFACE('',#4336,4.5);
#4338=ORIENTED_EDGE('',*,*,#2287,.T.);
#4339=ORIENTED_EDGE('',*,*,#1351,.T.);
#4340=ORIENTED_EDGE('',*,*,#2317,.T.);
#4341=ORIENTED_EDGE('',*,*,#1088,.T.);
#4342=EDGE_LOOP('',(#4338,#4339,#4340,#4341));
#4343=FACE_BOUND('',#4342,.T.);
#4344=ADVANCED_FACE('',(#4343),#4337,.F.);
#4345=CARTESIAN_POINT('',(98.823433215,-76.711237769,5.5));
#4346=DIRECTION('',(-0.864925508,0.501900255,0.));
#4347=DIRECTION('',(-0.501900255,-0.864925508,0.));
#4348=AXIS2_PLACEMENT_3D('',#4345,#4346,#4347);
#4349=CYLINDRICAL_SURFACE('',#4348,4.5);
#4350=ORIENTED_EDGE('',*,*,#2416,.T.);
#4351=ORIENTED_EDGE('',*,*,#908,.F.);
#4352=ORIENTED_EDGE('',*,*,#2401,.T.);
#4353=ORIENTED_EDGE('',*,*,#1211,.T.);
#4354=EDGE_LOOP('',(#4350,#4351,#4352,#4353));
#4355=FACE_BOUND('',#4354,.T.);
#4356=ADVANCED_FACE('',(#4355),#4349,.F.);
#4357=CARTESIAN_POINT('',(107.230262481,-62.22373551,5.5));
#4358=DIRECTION('',(-0.864925508,0.501900255,0.));
#4359=DIRECTION('',(-0.501900255,-0.864925508,0.));
#4360=AXIS2_PLACEMENT_3D('',#4357,#4358,#4359);
#4361=CYLINDRICAL_SURFACE('',#4360,4.5);
#4362=ORIENTED_EDGE('',*,*,#2435,.T.);
#4363=ORIENTED_EDGE('',*,*,#1396,.T.);
#4364=ORIENTED_EDGE('',*,*,#2481,.T.);
#4365=ORIENTED_EDGE('',*,*,#4212,.T.);
#4366=CARTESIAN_POINT('',(-49.321254466,28.620210582,5.5));
#4367=DIRECTION('',(-0.864925508,0.501900255,-0.));
#4368=DIRECTION('',(0.501900255,0.864925508,0.));
#4369=AXIS2_PLACEMENT_3D('',#4366,#4367,#4368);
#4370=CIRCLE('',#4369,4.5);
#4371=EDGE_CURVE('',#4199,#2430,#4370,.T.);
#4372=ORIENTED_EDGE('',*,*,#4371,.T.);
#4373=EDGE_LOOP('',(#4362,#4363,#4364,#4365,#4372));
#4374=FACE_BOUND('',#4373,.T.);
#4375=ADVANCED_FACE('',(#4374),#4361,.F.);
#4376=CARTESIAN_POINT('',(107.230262481,-62.22373551,5.5));
#4377=DIRECTION('',(-0.864925508,0.501900255,0.));
#4378=DIRECTION('',(-0.501900255,-0.864925508,0.));
#4379=AXIS2_PLACEMENT_3D('',#4376,#4377,#4378);
#4380=CYLINDRICAL_SURFACE('',#4379,4.5);
#4381=ORIENTED_EDGE('',*,*,#2620,.T.);
#4382=CARTESIAN_POINT('',(49.321254466,-28.620210582,5.5));
#4383=DIRECTION('',(0.864925508,-0.501900255,-0.));
#4384=DIRECTION('',(-0.501900255,-0.864925508,0.));
#4385=AXIS2_PLACEMENT_3D('',#4382,#4383,#4384);
#4386=CIRCLE('',#4385,4.5);
#4387=EDGE_CURVE('',#2615,#2591,#4386,.T.);
#4388=ORIENTED_EDGE('',*,*,#4387,.T.);
#4389=ORIENTED_EDGE('',*,*,#2596,.T.);
#4390=ORIENTED_EDGE('',*,*,#1256,.T.);
#4391=EDGE_LOOP('',(#4381,#4388,#4389,#4390));
#4392=FACE_BOUND('',#4391,.T.);
#4393=ADVANCED_FACE('',(#4392),#4380,.F.);
#4394=CARTESIAN_POINT('',(115.637091746,-47.736233251,5.5));
#4395=DIRECTION('',(-0.864925508,0.501900255,0.));
#4396=DIRECTION('',(-0.501900255,-0.864925508,0.));
#4397=AXIS2_PLACEMENT_3D('',#4394,#4395,#4396);
#4398=CYLINDRICAL_SURFACE('',#4397,4.5);
#4399=ORIENTED_EDGE('',*,*,#2643,.T.);
#4400=ORIENTED_EDGE('',*,*,#1441,.T.);
#4401=ORIENTED_EDGE('',*,*,#2673,.T.);
#4402=ORIENTED_EDGE('',*,*,#1133,.T.);
#4403=EDGE_LOOP('',(#4399,#4400,#4401,#4402));
#4404=FACE_BOUND('',#4403,.T.);
#4405=ADVANCED_FACE('',(#4404),#4398,.F.);
#4406=CARTESIAN_POINT('',(115.637091746,-47.736233251,5.5));
#4407=DIRECTION('',(-0.864925508,0.501900255,0.));
#4408=DIRECTION('',(-0.501900255,-0.864925508,0.));
#4409=AXIS2_PLACEMENT_3D('',#4406,#4407,#4408);
#4410=CYLINDRICAL_SURFACE('',#4409,4.5);
#4411=ORIENTED_EDGE('',*,*,#2772,.T.);
#4412=ORIENTED_EDGE('',*,*,#953,.F.);
#4413=ORIENTED_EDGE('',*,*,#2757,.T.);
#4414=ORIENTED_EDGE('',*,*,#1301,.T.);
#4415=EDGE_LOOP('',(#4411,#4412,#4413,#4414));
#4416=FACE_BOUND('',#4415,.T.);
#4417=ADVANCED_FACE('',(#4416),#4410,.F.);
#4418=CARTESIAN_POINT('',(51.13177183,25.469444757,39.));
#4419=DIRECTION('',(0.,0.,1.));
#4420=DIRECTION('',(1.,0.,-0.));
#4421=AXIS2_PLACEMENT_3D('',#4418,#4419,#4420);
#4422=SPHERICAL_SURFACE('',#4421,1.);
#4423=ORIENTED_EDGE('',*,*,#3480,.F.);
#4424=ORIENTED_EDGE('',*,*,#3497,.F.);
#4425=ORIENTED_EDGE('',*,*,#3404,.F.);
#4426=EDGE_LOOP('',(#4423,#4424,#4425));
#4427=FACE_BOUND('',#4426,.T.);
#4428=ADVANCED_FACE('',(#4427),#4422,.T.);
#4429=CARTESIAN_POINT('',(-65.84514075,0.144571039,55.));
#4430=DIRECTION('',(0.,0.,-1.));
#4431=DIRECTION('',(-1.,0.,0.));
#4432=AXIS2_PLACEMENT_3D('',#4429,#4430,#4431);
#4433=CYLINDRICAL_SURFACE('',#4432,1.);
#4434=ORIENTED_EDGE('',*,*,#3857,.F.);
#4435=ORIENTED_EDGE('',*,*,#2040,.F.);
#4436=ORIENTED_EDGE('',*,*,#424,.F.);
#4437=ORIENTED_EDGE('',*,*,#3843,.T.);
#4438=EDGE_LOOP('',(#4434,#4435,#4436,#4437));
#4439=FACE_BOUND('',#4438,.T.);
#4440=ADVANCED_FACE('',(#4439),#4433,.T.);
#4441=CARTESIAN_POINT('',(-51.4968715,-24.833854855,55.));
#4442=DIRECTION('',(0.,0.,-1.));
#4443=DIRECTION('',(-1.,0.,0.));
#4444=AXIS2_PLACEMENT_3D('',#4441,#4442,#4443);
#4445=CYLINDRICAL_SURFACE('',#4444,1.);
#4446=ORIENTED_EDGE('',*,*,#3876,.F.);
#4447=ORIENTED_EDGE('',*,*,#3730,.F.);
#4448=ORIENTED_EDGE('',*,*,#374,.F.);
#4449=ORIENTED_EDGE('',*,*,#3901,.F.);
#4450=EDGE_LOOP('',(#4446,#4447,#4448,#4449));
#4451=FACE_BOUND('',#4450,.T.);
#4452=ADVANCED_FACE('',(#4451),#4445,.T.);
#4453=CARTESIAN_POINT('',(-40.787778798,-43.476959036,20.5));
#4454=DIRECTION('',(0.,0.,-1.));
#4455=DIRECTION('',(-1.,0.,0.));
#4456=AXIS2_PLACEMENT_3D('',#4453,#4454,#4455);
#4457=CYLINDRICAL_SURFACE('',#4456,1.);
#4458=ORIENTED_EDGE('',*,*,#3989,.F.);
#4459=ORIENTED_EDGE('',*,*,#3965,.T.);
#4460=ORIENTED_EDGE('',*,*,#333,.F.);
#4461=ORIENTED_EDGE('',*,*,#4014,.F.);
#4462=EDGE_LOOP('',(#4458,#4459,#4460,#4461));
#4463=FACE_BOUND('',#4462,.T.);
#4464=ADVANCED_FACE('',(#4463),#4457,.T.);
#4465=CARTESIAN_POINT('',(65.84514075,-0.144571039,39.));
#4466=DIRECTION('',(0.,0.,1.));
#4467=DIRECTION('',(1.,0.,-0.));
#4468=AXIS2_PLACEMENT_3D('',#4465,#4466,#4467);
#4469=SPHERICAL_SURFACE('',#4468,1.);
#4470=ORIENTED_EDGE('',*,*,#4052,.F.);
#4471=ORIENTED_EDGE('',*,*,#3516,.F.);
#4472=ORIENTED_EDGE('',*,*,#4076,.F.);
#4473=EDGE_LOOP('',(#4470,#4471,#4472));
#4474=FACE_BOUND('',#4473,.T.);
#4475=ADVANCED_FACE('',(#4474),#4469,.T.);
#4476=CARTESIAN_POINT('',(49.321254466,-28.620210582,5.5));
#4477=DIRECTION('',(-0.864925508,0.501900255,0.));
#4478=DIRECTION('',(-0.501900255,-0.864925508,0.));
#4479=AXIS2_PLACEMENT_3D('',#4476,#4477,#4478);
#4480=TOROIDAL_SURFACE('',#4479,5.5,1.);
#4481=ORIENTED_EDGE('',*,*,#4094,.F.);
#4482=ORIENTED_EDGE('',*,*,#863,.F.);
#4483=ORIENTED_EDGE('',*,*,#4166,.F.);
#4484=ORIENTED_EDGE('',*,*,#4387,.F.);
#4485=EDGE_LOOP('',(#4481,#4482,#4483,#4484));
#4486=FACE_BOUND('',#4485,.T.);
#4487=ADVANCED_FACE('',(#4486),#4480,.T.);
#4488=CARTESIAN_POINT('',(-49.321254466,28.620210582,5.5));
#4489=DIRECTION('',(0.864925508,-0.501900255,0.));
#4490=DIRECTION('',(0.501900255,0.864925508,0.));
#4491=AXIS2_PLACEMENT_3D('',#4488,#4489,#4490);
#4492=TOROIDAL_SURFACE('',#4491,5.5,1.);
#4493=ORIENTED_EDGE('',*,*,#4205,.F.);
#4494=ORIENTED_EDGE('',*,*,#1051,.F.);
#4495=ORIENTED_EDGE('',*,*,#4259,.F.);
#4496=ORIENTED_EDGE('',*,*,#2444,.F.);
#4497=ORIENTED_EDGE('',*,*,#4371,.F.);
#4498=EDGE_LOOP('',(#4493,#4494,#4495,#4496,#4497));
#4499=FACE_BOUND('',#4498,.T.);
#4500=ADVANCED_FACE('',(#4499),#4492,.T.);
#4501=CARTESIAN_POINT('',(-46.560813697,33.377282556,33.5));
#4502=DIRECTION('',(0.,0.,-1.));
#4503=DIRECTION('',(-1.,0.,0.));
#4504=AXIS2_PLACEMENT_3D('',#4501,#4502,#4503);
#4505=CYLINDRICAL_SURFACE('',#4504,1.);
#4506=ORIENTED_EDGE('',*,*,#4299,.F.);
#4507=ORIENTED_EDGE('',*,*,#4221,.T.);
#4508=ORIENTED_EDGE('',*,*,#2475,.F.);
#4509=ORIENTED_EDGE('',*,*,#4326,.F.);
#4510=EDGE_LOOP('',(#4506,#4507,#4508,#4509));
#4511=FACE_BOUND('',#4510,.T.);
#4512=ADVANCED_FACE('',(#4511),#4505,.T.);
#4513=CLOSED_SHELL('',(#98,#154,#294,#434,#583,#714,#745,#776,#964,#1152,#1311,#1477,#1524,#1647,#1747,#1854,#1968,#2008,#2053,#2075,#2087,#2109,#2131,#2153,#2165,#2187,
#2209,#2221,#2238,#2260,#2277,#2299,#2321,#2338,#2350,#2372,#2389,#2406,#2423,#2455,#2486,#2511,#2528,#2559,#2584,#2608,#2633,#2655,#2677,#2694,#2706,
#2728,#2745,#2762,#2779,#2810,#2834,#2858,#2889,#2913,#2944,#2975,#2992,#3023,#3054,#3085,#3109,#3127,#3145,#3163,#3181,#3198,#3210,#3222,#3234,#3252,
#3270,#3288,#3306,#3323,#3335,#3347,#3359,#3383,#3416,#3434,#3451,#3469,#3486,#3504,#3523,#3547,#3565,#3583,#3601,#3613,#3631,#3649,#3667,#3685,#3697,
#3716,#3749,#3767,#3785,#3803,#3821,#3847,#3864,#3889,#3914,#3932,#3950,#3977,#4002,#4027,#4039,#4064,#4083,#4122,#4155,#4179,#4192,#4233,#4287,#4312,
#4332,#4344,#4356,#4375,#4393,#4405,#4417,#4428,#4440,#4452,#4464,#4475,#4487,#4500,#4512));
#4514=MANIFOLD_SOLID_BREP('Body 02',#4513);
#4515=COLOUR_RGB('',0.627451003,0.627451003,0.643137276);
#4516=FILL_AREA_STYLE_COLOUR('',#4515);
#4517=FILL_AREA_STYLE('',(#4516));
#4518=SURFACE_STYLE_FILL_AREA(#4517);
#4519=SURFACE_SIDE_STYLE('',(#4518));
#4520=SURFACE_STYLE_USAGE(.BOTH.,#4519);
#4521=PRESENTATION_STYLE_ASSIGNMENT((#4520));
#26=STYLED_ITEM('',(#4521),#4514);
#4523=CARTESIAN_POINT('',(48.75,-28.145825623,-2.));
#4524=DIRECTION('',(0.866025404,-0.5,0.));
#4525=DIRECTION('',(0.5,0.866025404,0.));
#4526=AXIS2_PLACEMENT_3D('',#4523,#4524,#4525);
#4527=PLANE('',#4526);
#4528=CARTESIAN_POINT('',(32.5,-56.291651246,0.));
#4529=VERTEX_POINT('',#4528);
#4530=CARTESIAN_POINT('',(65.,0.,0.));
#4531=VERTEX_POINT('',#4530);
#4532=CARTESIAN_POINT('',(32.5,-56.291651246,0.));
#4533=DIRECTION('',(0.5,0.866025404,0.));
#4534=VECTOR('',#4533,65.);
#4535=LINE('',#4532,#4534);
#4536=EDGE_CURVE('',#4529,#4531,#4535,.T.);
#4537=ORIENTED_EDGE('',*,*,#4536,.F.);
#4538=CARTESIAN_POINT('',(32.5,-56.291651246,-2.));
#4539=VERTEX_POINT('',#4538);
#4540=CARTESIAN_POINT('',(32.5,-56.291651246,-2.));
#4541=DIRECTION('',(0.,0.,1.));
#4542=VECTOR('',#4541,2.);
#4543=LINE('',#4540,#4542);
#4544=EDGE_CURVE('',#4539,#4529,#4543,.T.);
#4545=ORIENTED_EDGE('',*,*,#4544,.F.);
#4546=CARTESIAN_POINT('',(65.,0.,-2.));
#4547=VERTEX_POINT('',#4546);
#4548=CARTESIAN_POINT('',(32.5,-56.291651246,-2.));
#4549=DIRECTION('',(0.5,0.866025404,0.));
#4550=VECTOR('',#4549,65.);
#4551=LINE('',#4548,#4550);
#4552=EDGE_CURVE('',#4539,#4547,#4551,.T.);
#4553=ORIENTED_EDGE('',*,*,#4552,.T.);
#4554=CARTESIAN_POINT('',(65.,0.,-2.));
#4555=DIRECTION('',(0.,0.,1.));
#4556=VECTOR('',#4555,2.);
#4557=LINE('',#4554,#4556);
#4558=EDGE_CURVE('',#4547,#4531,#4557,.T.);
#4559=ORIENTED_EDGE('',*,*,#4558,.T.);
#4560=EDGE_LOOP('',(#4537,#4545,#4553,#4559));
#4561=FACE_BOUND('',#4560,.T.);
#4562=ADVANCED_FACE('',(#4561),#4527,.T.);
#4563=CARTESIAN_POINT('',(48.75,28.145825623,-2.));
#4564=DIRECTION('',(0.866025404,0.5,0.));
#4565=DIRECTION('',(-0.5,0.866025404,0.));
#4566=AXIS2_PLACEMENT_3D('',#4563,#4564,#4565);
#4567=PLANE('',#4566);
#4568=CARTESIAN_POINT('',(32.5,56.291651246,0.));
#4569=VERTEX_POINT('',#4568);
#4570=CARTESIAN_POINT('',(65.,0.,0.));
#4571=DIRECTION('',(-0.5,0.866025404,0.));
#4572=VECTOR('',#4571,65.);
#4573=LINE('',#4570,#4572);
#4574=EDGE_CURVE('',#4531,#4569,#4573,.T.);
#4575=ORIENTED_EDGE('',*,*,#4574,.F.);
#4576=ORIENTED_EDGE('',*,*,#4558,.F.);
#4577=CARTESIAN_POINT('',(32.5,56.291651246,-2.));
#4578=VERTEX_POINT('',#4577);
#4579=CARTESIAN_POINT('',(65.,0.,-2.));
#4580=DIRECTION('',(-0.5,0.866025404,0.));
#4581=VECTOR('',#4580,65.);
#4582=LINE('',#4579,#4581);
#4583=EDGE_CURVE('',#4547,#4578,#4582,.T.);
#4584=ORIENTED_EDGE('',*,*,#4583,.T.);
#4585=CARTESIAN_POINT('',(32.5,56.291651246,-2.));
#4586=DIRECTION('',(0.,0.,1.));
#4587=VECTOR('',#4586,2.);
#4588=LINE('',#4585,#4587);
#4589=EDGE_CURVE('',#4578,#4569,#4588,.T.);
#4590=ORIENTED_EDGE('',*,*,#4589,.T.);
#4591=EDGE_LOOP('',(#4575,#4576,#4584,#4590));
#4592=FACE_BOUND('',#4591,.T.);
#4593=ADVANCED_FACE('',(#4592),#4567,.T.);
#4594=CARTESIAN_POINT('',(0.,56.291651246,-2.));
#4595=DIRECTION('',(0.,1.,0.));
#4596=DIRECTION('',(-1.,0.,0.));
#4597=AXIS2_PLACEMENT_3D('',#4594,#4595,#4596);
#4598=PLANE('',#4597);
#4599=CARTESIAN_POINT('',(-32.5,56.291651246,0.));
#4600=VERTEX_POINT('',#4599);
#4601=CARTESIAN_POINT('',(32.5,56.291651246,0.));
#4602=DIRECTION('',(-1.,0.,0.));
#4603=VECTOR('',#4602,65.);
#4604=LINE('',#4601,#4603);
#4605=EDGE_CURVE('',#4569,#4600,#4604,.T.);
#4606=ORIENTED_EDGE('',*,*,#4605,.F.);
#4607=ORIENTED_EDGE('',*,*,#4589,.F.);
#4608=CARTESIAN_POINT('',(-32.5,56.291651246,-2.));
#4609=VERTEX_POINT('',#4608);
#4610=CARTESIAN_POINT('',(32.5,56.291651246,-2.));
#4611=DIRECTION('',(-1.,0.,0.));
#4612=VECTOR('',#4611,65.);
#4613=LINE('',#4610,#4612);
#4614=EDGE_CURVE('',#4578,#4609,#4613,.T.);
#4615=ORIENTED_EDGE('',*,*,#4614,.T.);
#4616=CARTESIAN_POINT('',(-32.5,56.291651246,-2.));
#4617=DIRECTION('',(0.,0.,1.));
#4618=VECTOR('',#4617,2.);
#4619=LINE('',#4616,#4618);
#4620=EDGE_CURVE('',#4609,#4600,#4619,.T.);
#4621=ORIENTED_EDGE('',*,*,#4620,.T.);
#4622=EDGE_LOOP('',(#4606,#4607,#4615,#4621));
#4623=FACE_BOUND('',#4622,.T.);
#4624=ADVANCED_FACE('',(#4623),#4598,.T.);
#4625=CARTESIAN_POINT('',(-48.75,28.145825623,-2.));
#4626=DIRECTION('',(-0.866025404,0.5,0.));
#4627=DIRECTION('',(-0.5,-0.866025404,0.));
#4628=AXIS2_PLACEMENT_3D('',#4625,#4626,#4627);
#4629=PLANE('',#4628);
#4630=CARTESIAN_POINT('',(-65.,0.,0.));
#4631=VERTEX_POINT('',#4630);
#4632=CARTESIAN_POINT('',(-32.5,56.291651246,0.));
#4633=DIRECTION('',(-0.5,-0.866025404,0.));
#4634=VECTOR('',#4633,65.);
#4635=LINE('',#4632,#4634);
#4636=EDGE_CURVE('',#4600,#4631,#4635,.T.);
#4637=ORIENTED_EDGE('',*,*,#4636,.F.);
#4638=ORIENTED_EDGE('',*,*,#4620,.F.);
#4639=CARTESIAN_POINT('',(-65.,0.,-2.));
#4640=VERTEX_POINT('',#4639);
#4641=CARTESIAN_POINT('',(-32.5,56.291651246,-2.));
#4642=DIRECTION('',(-0.5,-0.866025404,0.));
#4643=VECTOR('',#4642,65.);
#4644=LINE('',#4641,#4643);
#4645=EDGE_CURVE('',#4609,#4640,#4644,.T.);
#4646=ORIENTED_EDGE('',*,*,#4645,.T.);
#4647=CARTESIAN_POINT('',(-65.,0.,-2.));
#4648=DIRECTION('',(0.,0.,1.));
#4649=VECTOR('',#4648,2.);
#4650=LINE('',#4647,#4649);
#4651=EDGE_CURVE('',#4640,#4631,#4650,.T.);
#4652=ORIENTED_EDGE('',*,*,#4651,.T.);
#4653=EDGE_LOOP('',(#4637,#4638,#4646,#4652));
#4654=FACE_BOUND('',#4653,.T.);
#4655=ADVANCED_FACE('',(#4654),#4629,.T.);
#4656=CARTESIAN_POINT('',(-48.75,-28.145825623,-2.));
#4657=DIRECTION('',(-0.866025404,-0.5,0.));
#4658=DIRECTION('',(0.5,-0.866025404,0.));
#4659=AXIS2_PLACEMENT_3D('',#4656,#4657,#4658);
#4660=PLANE('',#4659);
#4661=CARTESIAN_POINT('',(-32.5,-56.291651246,0.));
#4662=VERTEX_POINT('',#4661);
#4663=CARTESIAN_POINT('',(-65.,0.,0.));
#4664=DIRECTION('',(0.5,-0.866025404,0.));
#4665=VECTOR('',#4664,65.);
#4666=LINE('',#4663,#4665);
#4667=EDGE_CURVE('',#4631,#4662,#4666,.T.);
#4668=ORIENTED_EDGE('',*,*,#4667,.F.);
#4669=ORIENTED_EDGE('',*,*,#4651,.F.);
#4670=CARTESIAN_POINT('',(-32.5,-56.291651246,-2.));
#4671=VERTEX_POINT('',#4670);
#4672=CARTESIAN_POINT('',(-65.,0.,-2.));
#4673=DIRECTION('',(0.5,-0.866025404,0.));
#4674=VECTOR('',#4673,65.);
#4675=LINE('',#4672,#4674);
#4676=EDGE_CURVE('',#4640,#4671,#4675,.T.);
#4677=ORIENTED_EDGE('',*,*,#4676,.T.);
#4678=CARTESIAN_POINT('',(-32.5,-56.291651246,-2.));
#4679=DIRECTION('',(0.,0.,1.));
#4680=VECTOR('',#4679,2.);
#4681=LINE('',#4678,#4680);
#4682=EDGE_CURVE('',#4671,#4662,#4681,.T.);
#4683=ORIENTED_EDGE('',*,*,#4682,.T.);
#4684=EDGE_LOOP('',(#4668,#4669,#4677,#4683));
#4685=FACE_BOUND('',#4684,.T.);
#4686=ADVANCED_FACE('',(#4685),#4660,.T.);
#4687=CARTESIAN_POINT('',(-0.,-56.291651246,-2.));
#4688=DIRECTION('',(-0.,-1.,0.));
#4689=DIRECTION('',(1.,-0.,0.));
#4690=AXIS2_PLACEMENT_3D('',#4687,#4688,#4689);
#4691=PLANE('',#4690);
#4692=CARTESIAN_POINT('',(-32.5,-56.291651246,0.));
#4693=DIRECTION('',(1.,-0.,0.));
#4694=VECTOR('',#4693,65.);
#4695=LINE('',#4692,#4694);
#4696=EDGE_CURVE('',#4662,#4529,#4695,.T.);
#4697=ORIENTED_EDGE('',*,*,#4696,.F.);
#4698=ORIENTED_EDGE('',*,*,#4682,.F.);
#4699=CARTESIAN_POINT('',(-32.5,-56.291651246,-2.));
#4700=DIRECTION('',(1.,-0.,0.));
#4701=VECTOR('',#4700,65.);
#4702=LINE('',#4699,#4701);
#4703=EDGE_CURVE('',#4671,#4539,#4702,.T.);
#4704=ORIENTED_EDGE('',*,*,#4703,.T.);
#4705=ORIENTED_EDGE('',*,*,#4544,.T.);
#4706=EDGE_LOOP('',(#4697,#4698,#4704,#4705));
#4707=FACE_BOUND('',#4706,.T.);
#4708=ADVANCED_FACE('',(#4707),#4691,.T.);
#4709=CARTESIAN_POINT('',(0.,0.,-2.));
#4710=DIRECTION('',(0.,0.,1.));
#4711=DIRECTION('',(1.,0.,0.));
#4712=AXIS2_PLACEMENT_3D('',#4709,#4710,#4711);
#4713=PLANE('',#4712);
#4714=ORIENTED_EDGE('',*,*,#4552,.F.);
#4715=ORIENTED_EDGE('',*,*,#4703,.F.);
#4716=ORIENTED_EDGE('',*,*,#4676,.F.);
#4717=ORIENTED_EDGE('',*,*,#4645,.F.);
#4718=ORIENTED_EDGE('',*,*,#4614,.F.);
#4719=ORIENTED_EDGE('',*,*,#4583,.F.);
#4720=EDGE_LOOP('',(#4714,#4715,#4716,#4717,#4718,#4719));
#4721=FACE_BOUND('',#4720,.T.);
#4722=ADVANCED_FACE('',(#4721),#4713,.F.);
#4723=CARTESIAN_POINT('',(0.,0.,0.));
#4724=DIRECTION('',(0.,0.,1.));
#4725=DIRECTION('',(1.,0.,0.));
#4726=AXIS2_PLACEMENT_3D('',#4723,#4724,#4725);
#4727=PLANE('',#4726);
#4728=ORIENTED_EDGE('',*,*,#4536,.T.);
#4729=ORIENTED_EDGE('',*,*,#4574,.T.);
#4730=ORIENTED_EDGE('',*,*,#4605,.T.);
#4731=ORIENTED_EDGE('',*,*,#4636,.T.);
#4732=ORIENTED_EDGE('',*,*,#4667,.T.);
#4733=ORIENTED_EDGE('',*,*,#4696,.T.);
#4734=EDGE_LOOP('',(#4728,#4729,#4730,#4731,#4732,#4733));
#4735=FACE_BOUND('',#4734,.T.);
#4736=ADVANCED_FACE('',(#4735),#4727,.T.);
#4737=CLOSED_SHELL('',(#4562,#4593,#4624,#4655,#4686,#4708,#4722,#4736));
#4738=MANIFOLD_SOLID_BREP('Body 01',#4737);
#4522=STYLED_ITEM('',(#4521),#4738);
#16=SHAPE_REPRESENTATION('root',(#15),#10);
#17=ADVANCED_BREP_SHAPE_REPRESENTATION('root',(#4514,#4738),#10);
#4746=SHAPE_REPRESENTATION_RELATIONSHIP('','',#16,#17);
#4747=CARTESIAN_POINT('',(0.,0.,0.));
#4748=DIRECTION('',(0.,0.,1.));
#4749=DIRECTION('',(1.,0.,0.));
#4750=AXIS2_PLACEMENT_3D('',#4747,#4748,#4749);
#4752=MAPPED_ITEM('',#4751,#4750);
#4751=REPRESENTATION_MAP(#4750,#16);
#4753=APPLICATION_CONTEXT('Managed model based 3d engineering');
#4754=APPLICATION_PROTOCOL_DEFINITION('international standard','ap242_managed_model_based_3d_engineering',2014,#4753);
#4755=PRODUCT_CONTEXT('',#4753,'mechanical');
#4756=PRODUCT_DEFINITION_CONTEXT('part definition',#4753,'design');
#24=PRODUCT('root','root','',(#4755));
#4757=PRODUCT_RELATED_PRODUCT_CATEGORY('part','',(#24));
#4758=PRODUCT_DEFINITION_FORMATION_WITH_SPECIFIED_SOURCE('','',#24,.NOT_KNOWN.);
#25=PRODUCT_DEFINITION('design','',#4758,#4756);
#23=PRODUCT_DEFINITION_SHAPE('','',#25);
#4759=SHAPE_DEFINITION_REPRESENTATION(#23,#16);
#11=DRAUGHTING_MODEL('',(#4752),#10);
#4760=DESCRIPTIVE_REPRESENTATION_ITEM('KEY','/Users/tdbell11/Library/Containers/com.shapr3d.shapr/Data/tmp/06B46B95-FD94-417A-9AC1-A057466F9D5A.tmp');
#4761=PROPERTY_DEFINITION('KEY','',#25);
#4762=REPRESENTATION('',(#4760),#10);
#4763=PROPERTY_DEFINITION_REPRESENTATION(#4761,#4762);
#4764=GENERAL_PROPERTY('','KEY','');
#4765=GENERAL_PROPERTY_ASSOCIATION('','',#4764,#4761);
#1=MECHANICAL_DESIGN_GEOMETRIC_PRESENTATION_REPRESENTATION('',(#26,#4522),#10);
ENDSEC;
END-ISO-10303-21;
